book	chapter	verse	wlc	lxx	vulg	clem	tr	kjv
1Kgs	1	1	וְהַמֶּלֶךְ דָּוִד זָקֵן בָּא בַּיָּמִים וַיְכַסֻּהוּ בַּבְּגָדִים וְלֹא יִחַם לוֹ ׃	ΚΑΙ ὁ βασιλεὺς Δαυεὶδ πρεσβύτερος προβεβηκὼς ἡμέραις, καὶ περιέβαλλον αὐτὸν ἱματίοις, καὶ οὐκ ἐθερμαίνετο.	et rex David senuerat habebatque aetatis plurimos dies cumque operiretur vestibus non calefiebat	Et rex David senuerat, habebatque ætatis plurimos dies: cumque operiretur vestibus, non calefiebat.		Now king David was old and stricken in years; and they covered him with clothes, but he gat no heat.
1Kgs	1	2	וַיֹּאמְרוּ לוֹ עֲבָדָיו יְבַקְשׁוּ לַאדֹנִי הַמֶּלֶךְ נַעֲרָה בְתוּלָה וְעָמְדָה לִפְנֵי הַמֶּלֶךְ וּתְהִי־לוֹ סֹכֶנֶת וְשָׁכְבָה בְחֵיקֶךָ וְחַם לַאדֹנִי הַמֶּלֶךְ ׃	καὶ εἶπον οἱ παῖδες αὐτοῦ Ζητηςάτωσαν τῷ βασιλεῖ παρθένον νεάνιδα, καὶ παραστήσεται τῷ βασιλεῖ καὶ ἔσται αὐτὸν θάλπουσα καὶ κοιμηθήσεται μετ’ αὐτοῦ, καὶ θερμανθήσεται ὁ κύριός μου ὁ βασιλεύς.	dixerunt ergo ei servi sui quaeramus domino nostro regi adulescentulam virginem et stet coram rege et foveat eum dormiatque in sinu tuo et calefaciat dominum nostrum regem	Dixerunt ergo ei servi sui: Quæramus domino nostro regi adolescentulam virginem, et stet coram rege, et foveat eum, dormiatque in sinu suo, et calefaciat dominum nostrum regem.		Wherefore his servants said unto him, Let there be sought for my lord the king a young virgin: and let her stand before the king, and let her cherish him, and let her lie in thy bosom, that my lord the king may get heat.
1Kgs	1	3	וַיְבַקְשׁוּ נַעֲרָה יָפָה בְּכֹל גְּבוּל יִשְׂרָאֵל וַיִּמְצְאוּ אֶת־אֲבִישַׁג הַשּׁוּנַמִּית וַיָּבִאוּ אֹתָהּ לַמֶּלֶךְ ׃	καὶ ἐζήτησαν νεάνιδα καλὴν ἐκ παντὸς ὁρίου Ἰσραήλ· καὶ εὗρον τὴν Ἀβειςὰ τὴν Σωμανεῖτιν, καὶ ἤνεγκαν αὐτὴν πρὸς τὸν βασιλέα.	quaesierunt igitur adulescentulam speciosam in omnibus finibus Israhel et invenerunt Abisag Sunamitin et adduxerunt eam ad regem	Quæsierunt igitur adolescentulam speciosam in omnibus finibus Israël, et invenerunt Abisag Sunamitidem, et adduxerunt eam ad regem.		So they sought for a fair damsel throughout all the coasts of Israel, and found Abishag a Shunammite, and brought her to the king.
1Kgs	1	4	וְהַנַּעֲרָה יָפָה עַד־מְאֹד וַתְּהִי לַמֶּלֶךְ סֹכֶנֶת וַתְּשָׁרְתֵהוּ וְהַמֶּלֶךְ לֹא יְדָעָהּ ׃	καὶ ἡ νεᾶνις καλὴ ἕως σφόδρα· καὶ ἦν θάλπουσα τὸν βασιλέα καὶ ἐλειτούργει αὐτῷ, καὶ ὁ βασιλεὺς οὐκ ἔγνω αὐτήν.	erat autem puella pulchra nimis dormiebatque cum rege et ministrabat ei rex vero non cognovit eam	Erat autem puella pulchra nimis, dormiebatque cum rege, et ministrabat ei: rex vero non cognovit eam.		And the damsel was very fair, and cherished the king, and ministered to him: but the king knew her not.
1Kgs	1	5	וַאֲדֹנִיָּה בֶן־חַגִּית מִתְנַשֵּׂא לֵאמֹר אֲנִי אֶמְלֹךְ וַיַּעַשׂ לוֹ רֶכֶב וּפָרָשִׁים וַחֲמִשִּׁים אִישׁ רָצִים לְפָנָיו ׃	καὶ Ἀδωνείας υἱὸς Ἁγγεὶθ ἐπῄρετο λέγων Ἐγὼ βασιλεύσω· καὶ ἐποίησεν ἑαυτῷ ἅρματα καὶ ἱππεῖς καὶ πεντήκοντα ἄνδρας παρατρέχειν ἔμπροσθεν αὐτοῦ.	Adonias autem filius Aggith elevabatur dicens ego regnabo fecitque sibi currum et equites et quinquaginta viros qui ante eum currerent	Adonias autem filius Haggith elevabatur, dicens: Ego regnabo. Fecitque sibi currus et equites, et quinquaginta viros qui currerent ante eum.		Then Adonijah the son of Haggith exalted himself, saying, I will be king: and he prepared him chariots and horsemen, and fifty men to run before him.
1Kgs	1	6	וְלֹא־עֲצָבוֹ אָבִיו מִיָּמָיו לֵאמֹר מַדּוּעַ כָּכָה עָשִׂיתָ וְגַם־הוּא טוֹב־תֹּאַר מְאֹד וְאֹתוֹ יָלְדָה אַחֲרֵי אַבְשָׁלוֹם ׃	καὶ οὐκ ἀπεκώλυσεν αὐτὸν ὁ πατὴρ αὐτοῦ οὐδέποτε λέγων Διὰ τί σὺ ἐποίησας; καί γε αὐτὸς ὡραῖος τῇ ὄψει σφόδρα, καὶ αὐτὸν ἔτεκεν ὀπίσω Ἀβεσσαλώμ.	nec corripuit eum pater suus aliquando dicens quare hoc fecisti erat autem et ipse pulcher valde secundus natu post Absalom	Nec corripuit eum pater suus aliquando, dicens: Quare hoc fecisti? Erat autem et ipse pulcher valde, secundus natu post Absalom.		And his father had not displeased him at any time in saying, Why hast thou done so? and he also was a very goodly man; and his mother bare him after Absalom.
1Kgs	1	7	וַיִּהְיוּ דְבָרָיו עִם יוֹאָב בֶּן־צְרוּיָה וְעִם אֶבְיָתָר הַכֹּהֵן וַיַּעְזְרוּ אַחֲרֵי אֲדֹנִיָּה ׃	καὶ ἐγένοντο οἱ λόγοι αὐτοῦ μετὰ Ἰωὰβ τοῦ υἱοῦ Σαρουίας καὶ μετὰ Ἀβιαθὰρ τοῦ ἱερέως, καὶ ἐβοήθουν ὀπίσω Ἀδωνειού.	et sermo ei cum Ioab filio Sarviae et cum Abiathar sacerdote qui adiuvabant partes Adoniae	Et sermo ei cum Joab filio Sarviæ, et cum Abiathar sacerdote, qui adjuvabant partes Adoniæ.		And he conferred with Joab the son of Zeruiah, and with Abiathar the priest: and they following Adonijah helped him.
1Kgs	1	8	וְצָדוֹק הַכֹּהֵן וּבְנָיָהוּ בֶן־יְהוֹיָדָע וְנָתָן הַנָּבִיא וְשִׁמְעִי וְרֵעִי וְהַגִּבּוֹרִים אֲשֶׁר לְדָוִד לֹא הָיוּ עִם־אֲדֹנִיָּהוּ ׃	καὶ Σαδὼκ ὁ ἱερεὺς καὶ Βαναίας υἱὸς Ἰωδᾶε καὶ ναθὰν ὁ προφήτης καὶ Σεμεεὶ καὶ Ῥησεὶ καὶ υἱοὺ δυνατοὶ τοῦ Δαυεὶδ οὐκ ἦσαν ὀπίσω Ἀδωνειού.	Sadoc vero sacerdos et Banaias filius Ioiadae et Nathan propheta et Semei et Rhei et robur exercitus David non erat cum Adonia	Sadoc vero sacerdos, et Banaias filius Jojadæ, et Nathan propheta, et Semei et Rei, et robur exercitus David, non erat cum Adonia.		But Zadok the priest, and Benaiah the son of Jehoiada, and Nathan the prophet, and Shimei, and Rei, and the mighty men which belonged to David, were not with Adonijah.
1Kgs	1	9	וַיִּזְבַּח אֲדֹנִיָּהוּ צֹאן וּבָקָר וּמְרִיא עִם אֶבֶן הַזֹּחֶלֶת אֲשֶׁר־אֵצֶל עֵין רֹגֵל וַיִּקְרָא אֶת־כָּל־אֶחָיו בְּנֵי הַמֶּלֶךְ וּלְכָל־אַנְשֵׁי יְהוּדָה עַבְדֵי הַמֶּלֶךְ ׃	καὶ ἐθυςίασεν Ἀδωνειοὺ πρόβατα καὶ μόσχους καὶ ἄρνας μετὰ Αἰθὴ τοῦ Ζωελεθεὶ ὃς ἦν ἐχόμενα τῆς Ῥωγήλ, καὶ ἐκάλεσεν τοὺς ἀδελφοὺς αὐτοῦ καὶ τοὺς ἁδροὺς Ἰούδα, παῖδας τοῦ βασιλέως·	immolatis ergo Adonias arietibus et vitulis et universis pinguibus iuxta lapidem Zoheleth qui erat vicinus fonti Rogel vocavit universos fratres suos filios regis et omnes viros Iuda servos regis	Immolatis ergo Adonias arietibus et vitulis, et universis pinguibus, juxta lapidem Zoheleth, qui erat vicinus fonti Rogel, vocavit universos fratres suos filios regis, et omnes viros Juda servos regis.		And Adonijah slew sheep and oxen and fat cattle by the stone of Zoheleth, which is by Enrogel, and called all his brethren the king's sons, and all the men of Judah the king's servants:
1Kgs	1	10	וְאֶת־נָתָן הַנָּבִיא וּבְנָיָהוּ וְאֶת־הַגִּבּוֹרִים וְאֶת־שְׁלֹמֹה אָחִיו לֹא קָרָא ׃	καὶ τὸν Ναθὰν τὸν προφήτην καὶ Βαναίαν καὶ τοὺς δυνατοὺς καὶ τὸν Σαλωμὼν ἀδελθὸν αὐτοὺ οὐκ ἐκάλεσεν.	Nathan autem prophetam et Banaiam et robustos quosque et Salomonem fratrem suum non vocavit	Nathan autem prophetam, et Banaiam, et robustos quosque, et Salomonem fratrem suum non vocavit.		But Nathan the prophet, and Benaiah, and the mighty men, and Solomon his brother, he called not.
1Kgs	1	11	וַיֹּאמֶר נָתָן אֶל־בַּת־שֶׁבַע אֵם־שְׁלֹמֹה לֵאמֹר הֲלוֹא שָׁמַעַתְּ כִּי מָלַךְ אֲדֹנִיָּהוּ בֶן־חַגִּית וַאֲדֹנֵינוּ דָוִד לֹא יָדָע ׃	καὶ εἶπεν Ναθὰν πρὸς Βηρσάβεε μητέρα Σαλωμὼν λέγων Οὐκ ἤκουσας ὅτι ἐβασίλευσεν Ἀδωνείας υἱὸς Ἁγγείθ, καὶ ὁ κύριος ἡμῶν Δαυεὶδ οὐκ ἔγων;	dixit itaque Nathan ad Bethsabee matrem Salomonis num audisti quod regnaverit Adonias filius Aggith et dominus noster David hoc ignorat	Dixit itaque Nathan ad Bethsabee matrem Salomonis: Num audisti quod regnaverit Adonias filius Haggith, et dominus noster David hoc ignorat?		Wherefore Nathan spake unto Bathsheba the mother of Solomon, saying, Hast thou not heard that Adonijah the son of Haggith doth reign, and David our lord knoweth it not?
1Kgs	1	12	וְעַתָּה לְכִי אִיעָצֵךְ נָא עֵצָה וּמַלְּטִי אֶת־נַפְשֵׁךְ וְאֶת־נֶפֶשׁ בְּנֵךְ שְׁלֹמֹה ׃	καὶ νῦν δεῦρο συμβουλεύσω σοι δὴ συμβουλίαν, καὶ ἐξελοῦ τὴν ψυχήν σου καὶ τὴν ψυχὴν τοῦ υἱοὺ σου Σαλωμών.	nunc ergo veni accipe a me consilium et salva animam tuam filiique tui Salomonis	Nunc ergo veni, accipe consilium a me, et salva animam tuam, filiique tui Salomonis.		Now therefore come, let me, I pray thee, give thee counsel, that thou mayest save thine own life, and the life of thy son Solomon.
1Kgs	1	13	לְכִי וּבֹאִי אֶל־הַמֶּלֶךְ דָּוִד וְאָמַרְתְּ אֵלָיו הֲלֹא־אַתָּה אֲדֹנִי הַמֶּלֶךְ נִשְׁבַּעְתָּ לַאֲמָתְךָ לֵאמֹר כִּי־שְׁלֹמֹה בְנֵךְ יִמְלֹךְ אַחֲרַי וְהוּא יֵשֵׁב עַל־כִּסְאִי וּמַדּוּעַ מָלַךְ אֲדֹנִיָהוּ ׃	δεῖ ρο σύ, κύριέ μου βασιλεῦ, ὤμοσας τῇ δούλῃ σου λέγων ὅτι Ὁ υἱός σου Σαλωμὼν βασιλεύσει μετ’ ἐμέ, καὶ αὐτὸς καθιεῖται ἐπὶ τοῦ θρό9νου μου ; καὶ τί ὅτι ἐβασίλευσεν Ἀδωνείας ;	vade et ingredere ad regem David et dic ei nonne tu domine mi rex iurasti mihi ancillae tuae dicens quod Salomon filius tuus regnabit post me et ipse sedebit in solio meo quare ergo regnavit Adonias	Vade, et ingredere ad regem David, et dic ei: Nonne tu, domine mi rex, jurasti mihi ancillæ tuæ, dicens: Salomon filius tuus regnabit post me, et ipse sedebit in solio meo? quare ergo regnat Adonias?		Go and get thee in unto king David, and say unto him, Didst not thou, my lord, O king, swear unto thine handmaid, saying, Assuredly Solomon thy son shall reign after me, and he shall sit upon my throne? why then doth Adonijah reign?
1Kgs	1	14	הִנֵּה עוֹדָךְ מְדַבֶּרֶת שָׁם עִם־הַמֶּלֶךְ וַאֲנִי אָבוֹא אַחֲרַיִךְ וּמִלֵּאתִי אֶת־דְּבָרָיִךְ ׃	καὶ ἰδοὺ ἔτι λαλούσης σου ἐκεῖ μετὰ τοῦ βασιλέως καὶ ἐγὼ εἰσελεύσομαι ὀπίσω καὶ πληρώσω τοὺς λόγους σου.	et adhuc ibi te loquente cum rege ego veniam post te et conplebo sermones tuos	Et adhuc ibi te loquente cum rege, ego veniam post te, et complebo sermones tuos.		Behold, while thou yet talkest there with the king, I also will come in after thee, and confirm thy words.
1Kgs	1	15	וַתָּבֹא בַת־שֶׁבֶע אֶל־הַמֶּלֶךְ הַחַדְרָה וְהַמֶּלֶךְ זָקֵן מְאֹד וַאֲבִישַׁג הַשּׁוּנַמִּית מְשָׁרַת אֶת־הַמֶּלֶךְ ׃	καὶ εἰσῆλθεν Βηρσάβεε πρὸς τὸν βασιλέα εἰς τὸν ταμεῖον· καὶ ὁ βασιλεὺς πρεσβύτης σφόδρα, καὶ Ἀβειςὰ ἡ Σωμανεῖτις ἡ λειτουργοῦσα τῷ βασιλεῖ.	ingressa est itaque Bethsabee ad regem in cubiculo rex autem senuerat nimis et Abisag Sunamitis ministrabat ei	Ingressa est itaque Bethsabee ad regem in cubiculum: rex autem senuerat nimis, et Abisag Sunamitis ministrabat ei.		And Bathsheba went in unto the king into the chamber: and the king was very old; and Abishag the Shunammite ministered unto the king.
1Kgs	1	16	וַתִּקֹּד בַּת־שֶׁבַע וַתִּשְׁתַּחוּ לַמֶּלֶךְ וַיֹּאמֶר הַמֶּלֶךְ מַה־לָּךְ ׃	καὶ ἔκυψεν βηρσάβεε καὶ προσεκύνησεν τῷ βασιλεῖ. καὶ εἶπεν ὁ βασιλεύς Τί ἔστιν σοι ;	inclinavit se Bethsabee et adoravit regem ad quam rex quid tibi inquit vis	Inclinavit se Bethsabee, et adoravit regem. Ad quam rex: Quid tibi, inquit, vis?		And Bathsheba bowed, and did obeisance unto the king. And the king said, What wouldest thou?
1Kgs	1	17	וַתֹּאמֶר לוֹ אֲדֹנִי אַתָּה נִשְׁבַּעְתָּ בַּיהוָה אֱלֹהֶיךָ לַאֲמָתֶךָ כִּי־שְׁלֹמֹה בְנֵךְ יִמְלֹךְ אַחֲרָי וְהוּא יֵשֵׁב עַל־כִּסְאִי ׃	ἡ δὲ εἶπεν Κύριε, σὺ ὤμοσας ἐν τῷ θεῷ σου τῇ δούλῃ σου λέγων ὅτι Ὁ υἱός σου Δαλωμὼν βασιλεύσει μετ’ ἐμέ, καὶ καθήσεται ἐπὶ τοῦ θρόνου μου.	quae respondens ait domine mi tu iurasti per Dominum Deum tuum ancillae tuae Salomon filius tuus regnabit post me et ipse sedebit in solio meo	Quæ respondens, ait: Domine mi, tu jurasti per Dominum Deum tuum ancillæ tuæ: Salomon filius tuus regnabit post me, et ipse sedebit in solio meo.		And she said unto him, My lord, thou swarest by the Lord thy God unto thine handmaid, saying, Assuredly Solomon thy son shall reign after me, and he shall sit upon my throne.
1Kgs	1	18	וְעַתָּה הִנֵּה אֲדֹנִיָּה מָלָךְ וְעַתָּה אֲדֹנִי הַמֶּלֶךְ לֹא יָדָעְתָּ ׃	καὶ νῦν ἰδοὺ Ἀδωνείας ἐβασίλευσεν, καὶ σύ, κύριέ μου βασιλεῦ, οὐκ ἔγνως·	et ecce nunc Adonias regnavit te domine mi rex ignorante	Et ecce nunc Adonias regnat, te, domine mi rex, ignorante.		And now, behold, Adonijah reigneth; and now, my lord the king, thou knowest it not:
1Kgs	1	19	וַיִּזְבַּח שׁוֹר וּמְרִיא־וְצֹאן לָרֹב וַיִּקְרָא לְכָל־בְּנֵי הַמֶּלֶךְ וּלְאֶבְיָתָר הַכֹּהֵן וּלְיֹאָב שַׂר הַצָּבָא וְלִשְׁלֹמֹה עַבְדְּךָ לֹא קָרָא ׃	καὶ ἐθυσίασεν μόσχους καὶ ἄρνας καὶ πρόβατα εἰς πλῆθος, καὶ ἐκάλεσεν πάντας τοὺς υἱοὺς τοῦ βασιλέως καὶ Ἀβιαθὰρ τὸν ἱερέα καὶ Ἰωὰβ τὸν ἄρχοντα τῆς δυνάμεως, καὶ τὸν Σαλωμὼν τὸν δοῦλόν σου οὐκ ἐκάλεσεν.	mactavit boves et pinguia quaeque et arietes plurimos et vocavit omnes filios regis Abiathar quoque sacerdotem et Ioab principem militiae Salomonem autem servum tuum non vocavit	Mactavit boves, et pinguia quæque, et arietes plurimos, et vocavit omnes filios regis, Abiathar quoque sacerdotem, et Joab principem militiæ: Salomonem autem servum tuum non vocavit.		And he hath slain oxen and fat cattle and sheep in abundance, and hath called all the sons of the king, and Abiathar the priest, and Joab the captain of the host: but Solomon thy servant hath he not called.
1Kgs	1	20	וְאַתָּה אֲדֹנִי הַמֶּלֶךְ עֵינֵי כָל־יִשְׂרָאֵל עָלֶיךָ לְהַגִּיד לָהֶם מִי יֵשֵׁב עַל־כִּסֵּא אֲדֹנִי־הַמֶּלֶךְ אַחֲרָיו ׃	καὶ σύ, κύριέ μου βασιλεῦ, οἱ ὀφθαλμοὶ παντὸς Ἰσραὴλ πρὸς σέ, ἀπαγγεῖλαι αὐτοῖς τίς καθήσεται ἐπὶ τοῦ θρόνου τοῦ κυρίου μου τοῦ βασιλέως μετ’ αὐτόν.	verumtamen domine mi rex in te oculi respiciunt totius Israhel ut indices eis qui sedere debeat in solio tuo domine mi rex post te	Verumtamen, domine mi rex, in te oculi respiciunt totius Israël, ut indices eis quis sedere debeat in solio tuo, domine mi rex, post te.		And thou, my lord, O king, the eyes of all Israel are upon thee, that thou shouldest tell them who shall sit on the throne of my lord the king after him.
1Kgs	1	21	וְהָיָה כִּשְׁכַב אֲדֹנִי־הַמֶּלֶךְ עִם־אֲבֹתָיו וְהָיִיתִי אֲנִי וּבְנִי שְׁלֹמֹה חַטָּאִים ׃	καὶ ἔσται ὡς ἂν κοιμηθῇ ὁ κύριός μου ὁ βασιλεὺς μετὰ τῶν πατέρων αὐτοῦ, καὶ ἔσομαι ἐγὼ καὶ Σαλωμὼν ὁ υἱός μου ἁμαρτωλοί.	eritque cum dormierit dominus meus rex cum patribus suis erimus ego et filius meus Salomon peccatores	Eritque, cum dormierit dominus meus rex cum patribus suis, erimus ego et filius meus Salomon peccatores.		Otherwise it shall come to pass, when my lord the king shall sleep with his fathers, that I and my son Solomon shall be counted offenders.
1Kgs	1	22	וְהִנֵּה עוֹדֶנָּה מְדַבֶּרֶת עִם־הַמֶּלֶךְ וְנָתָן הַנָּבִיא בָּא ׃	καὶ ἰδοὺ ἔτι αὐτῆς λαλούσης μετὰ τοῦ βασιλέως καὶ Ναθὰν ὁ προφήτης ἦλθεν.	adhuc illa loquente cum rege Nathan prophetes venit	Adhuc illa loquente cum rege, Nathan propheta venit.		And, lo, while she yet talked with the king, Nathan the prophet also came in.
1Kgs	1	23	וַיַּגִּידוּ לַמֶּלֶךְ לֵאמֹר הִנֵּה נָתָן הַנָּבִיא וַיָּבֹא לִפְנֵי הַמֶּלֶךְ וַיִּשְׁתַּחוּ לַמֶּלֶךְ עַל־אַפָּיו אָרְצָה ׃	καὶ ἀνηγγέλη τῷ βασιλεῖ Ἰδοὺ Ναθὰν ὁ προφήτης· καὶ εἰσῆλθεν κατὰ πρόσωπον τοῦ βασιλέως, καὶ προσεκύνησεν τῷ βασιλεῖ κατὰ πρόσωπον αὐτοῦ ἐπὶ τὴν γῆν,	et nuntiaverunt regi dicentes adest Nathan propheta cumque introisset ante conspectum regis et adorasset eum pronus in terram	Et nuntiaverunt regi, dicentes: Adest Nathan propheta. Cumque introisset in conspectu regis, et adorasset eum pronus in terram,		And they told the king, saying, Behold Nathan the prophet. And when he was come in before the king, he bowed himself before the king with his face to the ground.
1Kgs	1	24	וַיֹּאמֶר נָתָן אֲדֹנִי הַמֶּלֶךְ אַתָּה אָמַרְתָּ אֲדֹנִיָּהוּ יִמְלֹךְ אַחֲרָי וְהוּא יֵשֵׁב עַל־כִּסְאִי ׃	καὶ εἶπεν Ναθάν Κύριέ μου βασιλεπυ, σὺ εἶπας Ἀδωνείας βασιλεώσει ὁπίαω μου, καὶ αὐτὸς καθήσεται ἐπὶ τοῦ θρόνου μου;	dixit Nathan domine mi rex tu dixisti Adonias regnet post me et ipse sedeat super thronum meum	dixit Nathan: Domine mi rex, tu dixisti: Adonias regnet post me, et ipse sedeat super thronum meum?		And Nathan said, My lord, O king, hast thou said, Adonijah shall reign after me, and he shall sit upon my throne?
1Kgs	1	25	כִּי יָרַד הַיּוֹם וַיִּזְבַּח שׁוֹר וּמְרִיא־וְצֹאן לָרֹב וַיִּקְרָא לְכָל־בְּנֵי הַמֶּלֶךְ וּלְשָׂרֵי הַצָּבָא וּלְאֶבְיָתָר הַכֹּהֵן וְהִנָּם אֹכְלִים וְשֹׁתִים לְפָנָיו וַיֹּאמְרוּ יְחִי הַמֶּלֶךְ אֲדֹנִיָּהוּ ׃	ὅτι κατέβη σήμερον καὶ ἐθυσίασεν μόσχους καὶ ἄρνας καὶ πρόβατα τἰς πλῆθος, καὶ ἐκάλεσεν πάντας τοὺς υἱοὺς τοῦ βασιλέως καὶ τοὺς ἄρχοντας τῆς δυνάμεως καὶ Ἀβιαθὰρ τὸν ἱερέα. καὶ ἱδού εἰσιν εἐσθίοντες καὶ πίνοντες ἐνώπιον αὐτοῦ, καὶ εἶπαν Ζήτω ὁ βασιλεὺς Ἀδωνειού.	quia descendit hodie et immolavit boves et pinguia et arietes plurimos et vocavit universos filios regis et principes exercitus Abiathar quoque sacerdotem illisque vescentibus et bibentibus coram eo et dicentibus vivat rex Adonias	Quia descendit hodie, et immolavit boves, et pinguia, et arietes plurimos, et vocavit universos filios regis et principes exercitus, Abiathar quoque sacerdotem, illisque vescentibus et bibentibus coram eo, et dicentibus: Vivat rex Adonias:		For he is gone down this day, and hath slain oxen and fat cattle and sheep in abundance, and hath called all the king's sons, and the captains of the host, and Abiathar the priest; and, behold, they eat and drink before him, and say, God save king Adonijah.
1Kgs	1	26	וְלִי אֲנִי־עַבְדֶּךָ וּלְצָדֹק הַכֹּהֵן וְלִבְנָיָהוּ בֶן־יְהוֹיָדָע וְלִשְׁלֹמֹה עַבְדְּךָ לֹא קָרָא ׃	καὶ ἐμὲ αὐτὸν δοῦλόν σου καὶ Σαδὼκ τὸν ἱερέα καὶ Βαναίαν υἱὸν Ἰωδᾶε καὶ Σαλωμὼν τὸν δοῦλόν σου οὐκ ἐκάλεσεν.	me servum tuum et Sadoc sacerdotem et Banaiam filium Ioiadae et Salomonem famulum tuum non vocavit	me servum tuum, et Sadoc sacerdotem, et Banaiam filium Jojadæ, et Salomonem famulum tuum non vocavit.		But me, even me thy servant, and Zadok the priest, and Benaiah the son of Jehoiada, and thy servant Solomon, hath he not called.
1Kgs	1	27	אִם מֵאֵת אֲדֹנִי הַמֶּלֶךְ נִהְיָה הַדָּבָר הַזֶּה וְלֹא הוֹדַעְתָּ אֶת־עַבְדֶּיךָ מִי יֵשֵׁב עַל־כִּסֵּא אֲדֹנִי־הַמֶּלֶךְ אַחֲרָיו ׃ ס	εἰ διὰ τοῦ κυρίου μου τοῦ βασιλέως γεγονεν τὸ ῥῆμα τοῦτο, καὶ οὐκ ἐγνώρισας τῷ δούλῳ σου τίς καθήσεται ἐπὶ τὸν θρόνον τοῦ κυρίου μου βασιλέως μετ’αὐτόν;	numquid a domino meo rege exivit hoc verbum et mihi non indicasti servo tuo qui sessurus esset super thronum domini mei regis post eum	Numquid a domino meo rege exivit hoc verbum, et mihi non indicasti servo tuo quis sessurus esset super thronum domini mei regis post eum?		Is this thing done by my lord the king, and thou hast not shewed it unto thy servant, who should sit on the throne of my lord the king after him?
1Kgs	1	28	וַיַּעַן הַמֶּלֶךְ דָּוִד וַיֹּאמֶר קִרְאוּ־לִי לְבַת־שָׁבַע וַתָּבֹא לִפְנֵי הַמֶּלֶךְ וַתַּעֲמֹד לִפְנֵי הַמֶּלֶךְ ׃	καὶ ἀπεκρίθη Δαυεὶδ καὶ εἶπεν Καλέσατέ μοι τὴν Βηρσάβεε. καὶ εἰσῆλθεν ἐνώπιον τοῦ βασιλέως, καὶ ἔστη ἐνώπιον αὐτοῦ.	et respondit rex David dicens vocate ad me Bethsabee quae cum fuisset ingressa coram rege et stetisset ante eum	Et respondit rex David, dicens: Vocate ad me Bethsabee. Quæ cum fuisset ingressa coram rege, et stetisset ante eum,		Then king David answered and said, Call me Bathsheba. And she came into the king's presence, and stood before the king.
1Kgs	1	29	וַיִּשָּׁבַע הַמֶּלֶךְ וַיֹּאמַר חַי־יְהוָה אֲשֶׁר־פָּדָה אֶת־נַפְשִׁי מִכָּל־צָרָה ׃	καὶ ὥμοσεν ὁ βασιλεύς καὶ εἶπεν Ζῇ Κύπιος ὃς ἐλυτρώσατο τὴν ψυχήν μου ἐκ πάσης θλίψεως,	iuravit rex et ait vivit Dominus qui eruit animam meam de omni angustia	juravit rex, et ait: Vivit Dominus, qui eruit animam meam de omni angustia,		And the king sware, and said, As the Lord liveth, that hath redeemed my soul out of all distress,
1Kgs	1	30	כִּי כַּאֲשֶׁר נִשְׁבַּעְתִּי לָךְ בַּיהוָה אֱלֹהֵי יִשְׂרָאֵל לֵאמֹר כִּי־שְׁלֹמֹה בְנֵךְ יִמְלֹךְ אַחֲרַי וְהוּא יֵשֵׁב עַל־כִּסְאִי תַּחְתָּי כִּי כֵּן אֶעֱשֶׂה הַיּוֹם הַזֶּה ׃	ὅτι καθώς ὥμοσά σοι ἐν Κυρίῳ τῷ θεῷ Ἰσραὴλ λέγων ὅτι Σαλωμὼν ὁ υἱός σου βασιλεύσει μετ’ἐμὲ καὶ αὐτὸς καθήσεται ἐπὶ τοῦ θρόνου μου ἀντ’ἐμοῦ,ὅτι οὕτως ποιήσω τῇ ἡμέρᾳ ταύτῃ.	quia sicut iuravi tibi per Dominum Deum Israhel dicens Salomon filius tuus regnabit post me et ipse sedebit super solium meum pro me sic faciam hodie	quia sicut juravi tibi per Dominum Deum Israël, dicens: Salomon filius tuus regnabit post me, et ipse sedebit super solium meum pro me: sic faciam hodie.		Even as I sware unto thee by the Lord God of Israel, saying, Assuredly Solomon thy son shall reign after me, and he shall sit upon my throne in my stead; even so will I certainly do this day.
1Kgs	1	31	וַתִּקֹּד בַּת־שֶׁבַע אַפַּיִם אֶרֶץ וַתִּשְׁתַּחוּ לַמֶּלֶךְ וַתֹּאמֶר יְחִי אֲדֹנִי הַמֶּלֶךְ דָּוִד לְעֹלָם ׃ פ	καὶ ἔκυψεν βηρσάβεε ἐπὶ πρόσωπον ἐπὶ τὴν γῆν, καὶ προσεκύνησεν τῷ βασιλεῖ καὶ εἶπεν Ζήτω ὁ κύριός μου ὁ βασιλεὺς Δαυεὶδ εἰς τὸν αἰῶνα.	submissoque Bethsabee in terram vultu adoravit regem dicens vivat dominus meus rex David in aeternum	Summissoque Bethsabee in terram vultu, adoravit regem, dicens: Vivat dominus meus David in æternum.		Then Bathsheba bowed with her face to the earth, and did reverence to the king, and said, Let my lord king David live for ever.
1Kgs	1	32	וַיֹּאמֶר הַמֶּלֶךְ דָּוִד קִרְאוּ־לִי לְצָדוֹק הַכֹּהֵן וּלְנָתָן הַנָּבִיא וְלִבְנָיָהוּ בֶּן־יְהוֹיָדָע וַיָּבֹאוּ לִפְנֵי הַמֶּלֶךְ ׃	καὶ εἶπεν ὁ βασιλεὺς Δαυείδ Καλέσατέ μοι Σαδὼκ τὸν ἱερέα καὶ Ναθὰν τὸν προφήτην καὶ Βαναίαν υἱὸν Ἰωδᾶε. καὶ εἰσὴλθον ἐνώπιον τοῦ βασιλέως.	dixit quoque rex David vocate mihi Sadoc sacerdotem et Nathan propheten et Banaiam filium Ioiadae qui cum ingressi fuissent coram rege	Dixit quoque rex David: Vocate mihi Sadoc sacerdotem, et Nathan prophetam, et Banaiam filium Jojadæ. Qui cum ingressi fuissent coram rege,		And king David said, Call me Zadok the priest, and Nathan the prophet, and Benaiah the son of Jehoiada. And they came before the king.
1Kgs	1	33	וַיֹּאמֶר הַמֶּלֶךְ לָהֶם קְחוּ עִמָּכֶם אֶת־עַבְדֵי אֲדֹנֵיכֶם וְהִרְכַּבְתֶּם אֶת־שְׁלֹמֹה בְנִי עַל־הַפִּרְדָּה אֲשֶׁר־לִי וְהוֹרַדְתֶּם אֹתוֹ אֶל־גִּחוֹן ׃	καὶ εἶπεν ὁ βασιλεὺς αὐτοῖς Δάβετε τοὺς δούλους τοῦ κυρίου ὑμῶν μεθ’ὑμῶν καὶ ἐπιβιβάσατε τὸν υἱόν μου Σαλωμὼν ἐπὶ τὴν ἡμίονον τὴν ἐμὴν καὶ καταγάγετε αὐτὸν εἰς τὴν Γειών,	dixit ad eos tollite vobiscum servos domini vestri et inponite Salomonem filium meum super mulam meam et ducite eum in Gion	dixit ad eos: Tollite vobiscum servos domini vestri, et imponite Salomonem filium meum super mulam meam, et ducite eum in Gihon.		The king also said unto them, Take with you the servants of your lord, and cause Solomon my son to ride upon mine own mule, and bring him down to Gihon:
1Kgs	1	34	וּמָשַׁח אֹתוֹ שָׁם צָדוֹק הַכֹּהֵן וְנָתָן הַנָּבִיא לְמֶלֶךְ עַל־יִשְׂרָאֵל וּתְקַעְתֶּם בַּשּׁוֹפָר וַאֲמַרְתֶּם יְחִי הַמֶּלֶךְ שְׁלֹמֹה ׃	καὶ χρίσατε αὐτὸν ἐκεῖ, Σαδὼκ ὁ ἱερεὺς καὶ Ναθὰν ὁ προφήτης, εἰς βασιλέα ἐπὶ Ἰσρήλ, καὶ σαλπίσατε κερατίνῃ καὶ ἐρεῖτε Ζήτω ὁ βασιλεὺς Σαμωμών.	et unguat eum ibi Sadoc sacerdos et Nathan propheta in regem super Israhel et canetis bucina atque dicetis vivat rex Salomon	Et ungat eum ibi Sadoc sacerdos et Nathan propheta in regem super Israël: et canetis buccina, atque dicetis: Vivat rex Salomon.		And let Zadok the priest and Nathan the prophet anoint him there king over Israel: and blow ye with the trumpet, and say, God save king Solomon.
1Kgs	1	35	וַעֲלִיתֶם אַחֲרָיו וּבָא וְיָשַׁב עַל־כִּסְאִי וְהוּא יִמְלֹךְ תַּחְתָּי וְאֹתוֹ צִוִּיתִי לִהְיוֹת נָגִיד עַל־יִשְׂרָאֵל וְעַל־יְהוּדָה ׃	καὶ καὶ καθήσεται ἐπὶ τοῦ θρόνου μου καὶ βασιλεύσει ἀντ’ἐμοῦ, καὶ ἐγὼ ἐνετειλάμην τοῦ εἶναι εἰς ἡγούμενον ἐπὶ Ἰσραὴλ καὶ Ἰουδά.	et ascendetis post eum et veniet et sedebit super solium meum et ipse regnabit pro me illique praecipiam ut sit dux super Israhel et super Iudam	Et ascendetis post eum, et veniet, et sedebit super solium meum, et ipse regnabit pro me: illique præcipiam ut sit dux super Israël et super Judam.		Then ye shall come up after him, that he may come and sit upon my throne; for he shall be king in my stead: and I have appointed him to be ruler over Israel and over Judah.
1Kgs	1	36	וַיַּעַן בְּנָיָהוּ בֶן־יְהוֹיָדָע אֶת־הַמֶּלֶךְ וַיֹּאמֶר אָמֵן כֵּן יֹאמַר יְהוָה אֱלֹהֵי אֲדֹנִי הַמֶּלֶךְ ׃	καὶ ἀπεκρίθη Βαναίας υἱὸς Ἰωδᾶε τῷ βασιλεῖ καὶ εἶπεν Γένοιτο. οὕτως πιστώσαι ὁ θεὸς τοῦ κυρίου μου τοῦ βασιλέως.	et respondit Banaias filius Ioiadae regi dicens amen sic loquatur Dominus Deus domini mei regis	Et respondit Banaias filius Jojadæ regi, dicens: Amen: sic loquatur Dominus Deus domini mei regis.		And Benaiah the son of Jehoiada answered the king, and said, Amen: the Lord God of my lord the king say so too.
1Kgs	1	37	כַּאֲשֶׁר הָיָה יְהוָה עִם־אֲדֹנִי הַמֶּלֶךְ כֵּן יְהִי עִם־שְׁלֹמֹה וִיגַדֵּל אֶת־כִּסְאוֹ מִכִּסֵּא אֲדֹנִי הַמֶּלֶךְ דָּוִד ׃	καθὼς Κύριος μετὰ τοῦ κυρίου μου τοῦ βασιλέως, οὔτως εἴη μετὰ σαλωμών, καὶ μεγαλύναι τὸν θρόνον αὐτοῦ ὑπὲρ τὸν θρόνον τοῦ κυρίου μου τοῦ βασιλέως Δαυείδ	quomodo fuit Dominus cum domino meo rege sic sit cum Salomone et sublimius faciat solium eius a solio domini mei regis David	Quomodo fuit Dominus cum domino meo rege, sic sit cum Salomone, et sublimius faciat solium ejus a solio domini mei regis David.		As the Lord hath been with my lord the king, even so be he with Solomon, and make his throne greater than the throne of my lord king David.
1Kgs	1	38	וַיֵּרֶד צָדוֹק הַכֹּהֵן וְנָתָן הַנָּבִיא וּבְנָיָהוּ בֶן־יְהוֹיָדָע וְהַכְּרֵתִי וְהַפְּלֵתִי וַיַּרְכִּבוּ אֶת־שְׁלֹמֹה עַל־פִּרְדַּת הַמֶּלֶךְ דָּוִד וַיֹּלִכוּ אֹתוֹ עַל־גִּחוֹן ׃	καὶ κατέβη Σαδὼκ ὁ ἱερεὺς καὶ Ναθὰν ὁ προφήτης καὶ Βαναίας υἱὸς Ἰωδᾶε καὶ ὁ Χερεθθεὶ καὶ ὁ φελεθθεί, καὶ ἐπεκάθισαν τὸν Σαλωμὼν ἐπὶ τὴν ἡμίονον τοῦ βασιλέως Δαυεὶδ καὶ ἀπήγαγον αὐτὸν εἰς τὴν Γειών.	descendit ergo Sadoc sacerdos et Nathan propheta et Banaias filius Ioiadae et Cherethi et Felethi et inposuerunt Salomonem super mulam regis David et adduxerunt eum in Gion	Descendit ergo Sadoc sacerdos, et Nathan propheta, et Banaias filius Jojadæ, et Cerethi, et Phelethi: et imposuerunt Salomonem super mulam regis David, et adduxerunt eum in Gihon.		So Zadok the priest, and Nathan the prophet, and Benaiah the son of Jehoiada, and the Cherethites, and the Pelethites, went down, and caused Solomon to ride upon king David's mule, and brought him to Gihon.
1Kgs	1	39	וַיִּקַּח צָדוֹק הַכֹּהֵן אֶת־קֶרֶן הַשֶּׁמֶן מִן־הָאֹהֶל וַיִּמְשַׁח אֶת־שְׁלֹמֹה וַיִּתְקְעוּ בַּשּׁוֹפָר וַיֹּאמְרוּ כָּל־הָעָם יְחִי הַמֶּלֶךְ שְׁלֹמֹה ׃	καὶ ἒλαβεν Σαθὼκ ὁ ἱερεὺς τὸ κέρας τοῦ ἐλαίου ἐκ τῆς σκηνῆς καὶ ἒχρισεν τὸν Σαλωμών. καὶ ἐσάλπισεν τῇ κεπατίνῃ· καὶ ἶπεν πᾶς ὁ λαός Ζήτω ὁ βασιλεὺς Σαλωμών.	sumpsitque Sadoc sacerdos cornu olei de tabernaculo et unxit Salomonem et cecinerunt bucina et dixit omnis populus vivat rex Salomon	Sumpsitque Sadoc sacerdos cornu olei de tabernaculo, et unxit Salomonem: et cecinerunt buccina, et dixit omnis populus: Vivat rex Salomon.		And Zadok the priest took an horn of oil out of the tabernacle, and anointed Solomon. And they blew the trumpet; and all the people said, God save king Solomon.
1Kgs	1	40	וַיַּעֲלוּ כָל־הָעָם אַחֲרָיו וְהָעָם מְחַלְּלִים בַּחֲלִלִים וּשְׂמֵחִים שִׂמְחָה גְדוֹלָה וַתִּבָּקַע הָאָרֶץ בְּקוֹלָם ׃	καὶ ἀνέβη πᾶς ὁ λαὸς ὀπίσω αὐτοῦ, καὶ ἐχόρευον ἐν χοροῖς καὶ εὐφραινόμενοι εὐφροςύνην μεγάλην· καὶ ἐρράγη ἡ γῆ ἐν τῇ φωνῇ αὐτῶν.	et ascendit universa multitudo post eum et populus canentium tibiis et laetantium gaudio magno et insonuit terra ad clamorem eorum	Et ascendit universa multitudo post eum, et populus canentium tibiis, et lætantium gaudio magno: et insonuit terra a clamore eorum.		And all the people came up after him, and the people piped with pipes, and rejoiced with great joy, so that the earth rent with the sound of them.
1Kgs	1	41	וַיִּשְׁמַע אֲדֹנִיָּהוּ וְכָל־הַקְּרֻאִים אֲשֶׁר אִתּוֹ וְהֵם כִּלּוּ לֶאֱכֹל וַיִּשְׁמַע יוֹאָב אֶת־קוֹל הַשּׁוֹפָר וַיֹּאמֶר מַדּוּעַ קוֹל־הַקִּרְיָה הוֹמָה ׃	καὶ ἢκουσεν Ἀδωνείας καὶ πάντες οἱ κλητοὶ αὐτοῦ, καὶ αὐτοὶ συνετέλεσαν φαγεῖν· καὶ ἢκουσεν Ἰωὰβ τὴν φωνὴν τῆς κερατίνης καὶ εἶπεν Τίς ἡ φωνὴ τῆς πόλεως ἠχούσης;	audivit autem Adonias et omnes qui invitati fuerant ab eo iamque convivium finitum erat sed et Ioab audita voce tubae ait quid sibi vult clamor civitatis tumultuantis	Audivit autem Adonias, et omnes qui invitati fuerant ab eo: jamque convivium finitum erat: sed et Joab, audita voce tubæ, ait: Quid sibi vult clamor civitatis tumultuantis?		And Adonijah and all the guests that were with him heard it as they had made an end of eating. And when Joab heard the sound of the trumpet, he said, Wherefore is this noise of the city being in an uproar?
1Kgs	1	42	עוֹדֶנּוּ מְדַבֵּר וְהִנֵּה יוֹנָתָן בֶּן־אֶבְיָתָר הַכֹּהֵן בָּא וַיֹּאמֶר אֲדֹנִיָּהוּ בֹּא כִּי אִישׁ חַיִל אַתָּה וְטוֹב תְּבַשֵּׂר ׃	ἒτι αὐτοῦ λαλοῦντος καὶ ἰδοὺ Ἰωναθὰν υἱὸς Ἀβιαθὰρ τοῦ ἱερέως εἰσῆλθεν, καὶ εἶπεν Ἀδωνείας Εἲσελθε, ὃτι ἀνὴρ δυνάμεως εἶ σύ, καὶ ἀγαθὰ εὐαγγέλισαι.	adhuc illo loquente Ionathan filius Abiathar sacerdotis venit cui dixit Adonias ingredere quia vir fortis es et bona nuntians	Adhuc illo loquente, Jonathas filius Abiathar sacerdotis venit: cui dixit Adonias: Ingredere, quia vir fortis es, et bona nuntians.		And while he yet spake, behold, Jonathan the son of Abiathar the priest came; and Adonijah said unto him, Come in; for thou art a valiant man, and bringest good tidings.
1Kgs	1	43	וַיַּעַן יוֹנָתָן וַיֹּאמֶר לַאֲדֹנִיָּהוּ אֲבָל אֲדֹנֵינוּ הַמֶּלֶךְ־דָּוִד הִמְלִיךְ אֶת־שְׁלֹמֹה ׃	καὶ ἀπεδρίθη Ἰωναθὰν καὶ εἶπεν Καὶ μάλα ὁ κύριος ἡμῶν ὁ βασιλεὺς Δαυεὶδ ἐβαςίλευσεν τὸν Σαλωμών·	responditque Ionathan Adoniae nequaquam dominus enim noster rex David regem constituit Salomonem	Responditque Jonathas Adoniæ: Nequaquam: dominus enim noster rex David regem constituit Salomonem:		And Jonathan answered and said to Adonijah, Verily our lord king David hath made Solomon king.
1Kgs	1	44	וַיִּשְׁלַח אִתּוֹ־הַמֶּלֶךְ אֶת־צָדוֹק הַכֹּהֵן וְאֶת־נָתָן הַנָּבִיא וּבְנָיָהוּ בֶּן־יְהוֹיָדָע וְהַכְּרֵתִי וְהַפְּלֵתִי וַיַּרְכִּבוּ אֹתוֹ עַל פִּרְדַּת הַמֶּלֶךְ ׃	καὶ ἀπέστειλεν ὁ βασιλεὺς μετ᾿ αὐτοῦ τὸν Σαδὼκ τὸν ἱερέα καὶ Ναθὰν τὸν προφήτην ἐπεκάθισαν αὐτὸν ἐπὶ τὴν ἡμίονον τοῦ βασιλέως·	misitque cum eo Sadoc sacerdotem et Nathan prophetam et Banaiam filium Ioiadae et Cherethi et Felethi et inposuerunt eum super mulam regis	misitque cum eo Sadoc sacerdotem, et Nathan prophetam, et Banaiam filium Jojadæ, et Cerethi, et Phelethi, et imposuerunt eum super mulam regis.		And the king hath sent with him Zadok the priest, and Nathan the prophet, and Benaiah the son of Jehoiada, and the Cherethites, and the Pelethites, and they have caused him to ride upon the king's mule:
1Kgs	1	45	וַיִּמְשְׁחוּ אֹתוֹ צָדוֹק הַכֹּהֵן וְנָתָן הַנָּבִיא לְמֶלֶךְ בְּגִחוֹן וַיַּעֲלוּ מִשָּׁם שְׂמֵחִים וַתֵּהֹם הַקִּרְיָה הוּא הַקּוֹל אֲשֶׁר שְׁמַעְתֶּם ׃	καὶ ἒχρισαν αὐτὸν Σαδὼκ ὁ ἱερεὺς καὶ Ναθὰν ὁ προφήτης ἐν τῇ Γειών, καὶ ἀνέβησαν ἐκεὶθεν εὐφραινόμενοι, καὶ ἢχησεν ἡ πόλις· αὒτη ἡ Φωνὴ ἢν ἠκούσατε.	unxeruntque eum Sadoc sacerdos et Nathan propheta regem in Gion et ascenderunt inde laetantes et insonuit civitas haec est vox quam audistis	Unxeruntque eum Sadoc sacerdos et Nathan propheta regem in Gihon: et ascenderunt inde lætantes, et insonuit civitas: hæc est vox quam audistis.		And Zadok the priest and Nathan the prophet have anointed him king in Gihon: and they are come up from thence rejoicing, so that the city rang again. This is the noise that ye have heard.
1Kgs	1	46	וְגַם יָשַׁב שְׁלֹמֹה עַל כִּסֵּא הַמְּלוּכָה ׃	καὶ ἐκάθισεν Σαλωμὼν ἐπὶ θρόνον βασιλείας,	sed et Salomon sedit super solio regni	Sed et Salomon sedet super solium regni.		And also Solomon sitteth on the throne of the kingdom.
1Kgs	1	47	וְגַם־בָּאוּ עַבְדֵי הַמֶּלֶךְ לְבָרֵךְ אֶת־אֲדֹנֵינוּ הַמֶּלֶךְ דָּוִד לֵאמֹר יֵיטֵב אֱלֹהֶיךָ אֶת־שֵׁם שְׁלֹמֹה מִשְּׁמֶךָ וִיגַדֵּל אֶת־כִּסְאוֹ מִכִּסְאֶךָ וַיִּשְׁתַּחוּ הַמֶּלֶךְ עַל־הַמִּשְׁכָּב ׃	καὶ εἰσῆλθον οἱ δοῦλοι τοῦ βασιλέως εὐλογῆσαι τὸν κύριον ἡμῶν τὸν βασιλέα Δαυεὶδ λέγοντες Ἀγαθόναι ὁ θεὸς τὸ ὂνομα Σαλωμὼν ὑπὲρ τὸ ὃνομά σου, καὶ μεγαλύναι τὸν θρόνον αὐτοῦ ὑπὲρ τὸν θρόνον σου· καὶ προσεκύνησεν ὁ βασιλεὺς ἐπὶ τὴν κοίτην,	et ingressi servi regis benedixerunt domino nostro regi David dicentes amplificet Deus nomen Salomonis super nomen tuum et magnificet thronum eius super thronum tuum et adoravit rex in lectulo suo	Et ingressi servi regis benedixerunt domino nostro regi David, dicentes: Amplificet Deus nomen Salomonis super nomen tuum, et magnificet thronus ejus super thronum tuum. Et adoravit rex in lectulo suo:		And moreover the king's servants came to bless our lord king David, saying, God make the name of Solomon better than thy name, and make his throne greater than thy throne. And the king bowed himself upon the bed.
1Kgs	1	48	וְגַם־כָּכָה אָמַר הַמֶּלֶךְ בָּרוּךְ יְהוָה אֱלֹהֵי יִשְׂרָאֵל אֲשֶׁר נָתַן הַיּוֹם יֹשֵׁב עַל־כִּסְאִי וְעֵינַי רֹאוֹת ׃	καὶ γε οὓτως εἶπεν ὁ βασιλεύς Εὐλογητὸς Κύριος ὁ θεὸς Ἰσραήλ, ὃς ἒδωκεν σήμερον ἐκ τοῦ σπέρματός μου καθήμενον ἐπὶ τοῦ θρόνου μου, καὶ οἱ ὀφθαλμοί μου βλέπουσιν.	insuper et haec locutus est benedictus Dominus Deus Israhel qui dedit hodie sedentem in solio meo videntibus oculis meis	et locutus est: Benedictus Dominus Deus Israël, qui dedit hodie sedentem in solio meo, videntibus oculis meis.		And also thus said the king, Blessed be the Lord God of Israel, which hath given one to sit on my throne this day, mine eyes even seeing it.
1Kgs	1	49	וַיֶּחֶרְדוּ וַיָּקֻמוּ כָּל־הַקְּרֻאִים אֲשֶׁר לַאֲדֹנִיָּהוּ וַיֵּלְכוּ אִישׁ לְדַרְכּוֹ ׃	καὶ ὁδὸν αὐτοῦ.	territi sunt ergo et surrexerunt omnes qui invitati fuerant ab Adonia et ivit unusquisque in viam suam	Territi sunt ergo, et surrexerunt omnes qui invitati fuerant ab Adonia, et ivit unusquisque in viam suam.		And all the guests that were with Adonijah were afraid, and rose up, and went every man his way.
1Kgs	1	50	וַאֲדֹנִיָּהוּ יָרֵא מִפְּנֵי שְׁלֹמֹה וַיָּקָם וַיֵּלֶךְ וַיַּחֲזֵק בְּקַרְנוֹת הַמִּזְבֵּחַ ׃	καὶ Ἀδωνείας ἐφοβήθη ἀπὸ προςώπου Σαλωμών, καὶ ἀνέστη καὶ ἀπῆλθεν καὶ ἐπελάβετο τῶν κεράτων τοῦ θυσιαστηρίου.	Adonias autem timens Salomonem surrexit et abiit tenuitque cornu altaris	Adonias autem timens Salomonem, surrexit, et abiit, tenuitque cornu altaris.		And Adonijah feared because of Solomon, and arose, and went, and caught hold on the horns of the altar.
1Kgs	1	51	וַיֻּגַּד לִשְׁלֹמֹה לֵאמֹר הִנֵּה אֲדֹנִיָּהוּ יָרֵא אֶת־הַמֶּלֶךְ שְׁלֹמֹה וְהִנֵּה אָחַז בְּקַרְנוֹת הַמִּזְבֵּחַ לֵאמֹר יִשָּׁבַע־לִי כַיּוֹם הַמֶּלֶךְ שְׁלֹמֹה אִם־יָמִית אֶת־עַבְדּוֹ בֶּחָרֶב ׃	καὶ ἀνηγγέλη τῷ Σαλωμὼν λέγοντες Ἰδοὺ Ἀδωνείας ἐφοβήθη τὸν βασιλέα Σαλωμών, καὶ κατέχει τῶν κεράτων τοῦ θυσιαστηρίου λέγων Ὀμοσάτω μοι σήμερον ὁ βασιλεὺς Σαλωμὼν εἰ οὐ θανατώσει τὸν δοῦλον αὐτοῦ ἐν ῥομφαίᾳ.	et nuntiaverunt Salomoni dicentes ecce Adonias timens regem Salomonem tenuit cornu altaris dicens iuret mihi hodie rex Salomon quod non interficiat servum suum gladio	Et nuntiaverunt Salomoni, dicentes: Ecce Adonias timens regem Salomonem, tenuit cornu altaris, dicens: Juret mihi rex Salomon hodie, quod non interficiat servum suum gladio.		And it was told Solomon, saying, Behold, Adonijah feareth king Solomon: for, lo, he hath caught hold on the horns of the altar, saying, Let king Solomon swear unto me today that he will not slay his servant with the sword.
1Kgs	1	52	וַיֹּאמֶר שְׁלֹמֹה אִם יִהְיֶה לְבֶן־חַיִל לֹא־יִפֹּל מִשַּׂעֲרָתוֹ אָרְצָה וְאִם־רָעָה תִמָּצֵא־בוֹ וָמֵת ׃	καὶ εἶπεν Σαλωμὼν Ἐὰν γένηται εἰς υἱὸν δυνάμεως, εἰ πεσεῖται τῶν τριχῶν αὐτοῦ ἐπὶ τὴν γῆν· καὶ ἐὰν κακία εὑρεθῇ ἐν αὐτῷ, θανατωθήσεται.	dixitque Salomon si fuerit vir bonus non cadet ne unus quidem capillus eius in terram sin autem malum inventum fuerit in eo morietur	Dixitque Salomon: Si fuerit vir bonus, non cadet ne unus quidem capillus ejus in terram: sin autem malum inventum fuerit in eo, morietur.		And Solomon said, If he will shew himself a worthy man, there shall not an hair of him fall to the earth: but if wickedness shall be found in him, he shall die.
1Kgs	1	53	וַיִּשְׁלַח הַמֶּלֶךְ שְׁלֹמֹה וַיֹּרִדֻהוּ מֵעַל הַמִּזְבֵּחַ וַיָּבֹא וַיִּשְׁתַּחוּ לַמֶּלֶךְ שְׁלֹמֹה וַיֹּאמֶר־לוֹ שְׁלֹמֹה לֵךְ לְבֵיתֶךָ ׃ פ	καὶ ἀπέστειλεν ὁ βασιλεὺς Σαλωμων καὶ κατήνεγκεν αὐτὸν ἀπάνωθεν τοῦ θυσιαστηρίου· καὶ εἰσῆλθεν καὶ προσεκύνησεν τῷ βασιλεῖ Σαλωμὼν, καὶ εἶπεν αὐτῷ Σαλωμὼν Δεῦρο εἰς τὸν οἶκόν σου.	misit ergo rex Salomon et eduxit eum ab altari et ingressus adoravit regem Salomonem dixitque ei Salomon vade in domum tuam	Misit ergo rex Salomon, et eduxit eum ab altari: et ingressus adoravit regem Salomonem: dixitque ei Salomon: Vade in domum tuam.		So king Solomon sent, and they brought him down from the altar. And he came and bowed himself to king Solomon: and Solomon said unto him, Go to thine house.
1Kgs	2	1	וַיִּקְרְבוּ יְמֵי־דָוִד לָמוּת וַיְצַו אֶת־שְׁלֹמֹה בְנוֹ לֵאמֹר ׃	καὶ ἤγγισαν αἱ ἡμέραι Δαυιδ ἀποθανεῖν αὐτόν, καὶ ἀπεκρίνατο Σαλωμὼν υἱῷ αὐτοῦ λέγων	adpropinquaverant autem dies David ut moreretur praecepitque Salomoni filio suo dicens	Appropinquaverunt autem dies David ut moreretur: præcepitque Salomoni filio suo, dicens:		Now the days of David drew nigh that he should die; and he charged Solomon his son, saying,
1Kgs	2	2	אָנֹכִי הֹלֵךְ בְּדֶרֶךְ כָּל־הָאָרֶץ וְחָזַקְתָּ וְהָיִיתָ לְאִישׁ ׃	Ἐγώ εἰμι πορεύομαι ἐν ὁδῷ πάσης τῆς γῆς· καὶ ἰσχύσεις καὶ ἔσῃ εἰς ἄνδρα.	ego ingredior viam universae terrae confortare et esto vir	Ego ingredior viam universæ terræ: confortare, et esto vir.		I go the way of all the earth: be thou strong therefore, and shew thyself a man;
1Kgs	2	3	וְשָׁמַרְתָּ אֶת־מִשְׁמֶרֶת יְהוָה אֱלֹהֶיךָ לָלֶכֶת בִּדְרָכָיו לִשְׁמֹר חֻקֹּתָיו מִצְוֹתָיו וּמִשְׁפָּטָיו וְעֵדְוֹתָיו כַּכָּתוּב בְּתוֹרַת מֹשֶׁה לְמַעַן תַּשְׂכִּיל אֵת כָּל־אֲשֶׁר תַּעֲשֶׂה וְאֵת כָּל־אֲשֶׁר תִּפְנֶה שָׁם ׃	καὶ φυλάξεις τὴν φυλακὴν κυρίου τοῦ θεοῦ σου τοῦ πορεύεσθαι ἐν ταῖς ὁδοῖς αὐτοῦ φυλάσσειν τὰς ἐντολὰς αὐτοῦ καὶ τὰ δικαιώματα καὶ τὰ κρίματα τὰ γεγραμμένα ἐν νόμῳ Μωυσέως, ἵνα συνίῃς ἃ ποιήσεις κατὰ πάντα, ὅσα ἂν ἐντείλωμαί σοι.	et observa custodias Domini Dei tui ut ambules in viis eius et custodias caerimonias eius et praecepta eius et iudicia et testimonia sicut scriptum est in lege Mosi ut intellegas universa quae facis et quocumque te verteris	Et observa custodias Domini Dei tui, ut ambules in viis ejus: ut custodias cæremonias ejus, et præcepta ejus, et judicia, et testimonia, sicut scriptum est in lege Moysi: ut intelligas universa quæ facis, et quocumque te verteris:		And keep the charge of the Lord thy God, to walk in his ways, to keep his statutes, and his commandments, and his judgments, and his testimonies, as it is written in the law of Moses, that thou mayest prosper in all that thou doest, and whithersoever thou turnest thyself:
1Kgs	2	4	לְמַעַן יָקִים יְהוָה אֶת־דְּבָרוֹ אֲשֶׁר דִּבֶּר עָלַי לֵאמֹר אִם־יִשְׁמְרוּ בָנֶיךָ אֶת־דַּרְכָּם לָלֶכֶת לְפָנַי בֶּאֱמֶת בְּכָל־לְבָבָם וּבְכָל־נַפְשָׁם לֵאמֹר לֹא־יִכָּרֵת לְךָ אִישׁ מֵעַל כִּסֵּא יִשְׂרָאֵל ׃	ἵνα στήσῃ Κύριος τὸν λόγον αὐτοῦ, ὃν ἐλάλησεν λέγων Ἐὰν φυλάξωσιν οἱ υἱοί σου τὴν ὁδὸν αὐτῶν πορεύεσθαι ἐνώπιον ἐμοῦ ἐν ἀληθείᾳ ἐν ὅλῃ καρδίᾳ αὐτῶν, λέγων Οὐκ ἐξολεθρευθήσεταί σοι ἀνὴρ ἐπάνωθεν θρόνου Ἰσραήλ.	ut confirmet Dominus sermones suos quos locutus est de me dicens si custodierint filii tui viam suam et ambulaverint coram me in veritate in omni corde suo et in omni anima sua non auferetur tibi vir de solio Israhel	ut confirmet Dominus sermones suos quos locutus est de me, dicens: Si custodierint filii tui vias suas, et ambulaverint coram me in veritate, in omni corde suo et in omni anima sua, non auferetur tibi vir de solio Israël.		That the Lord may continue his word which he spake concerning me, saying, If thy children take heed to their way, to walk before me in truth with all their heart and with all their soul, there shall not fail thee (said he) a man on the throne of Israel.
1Kgs	2	5	וְגַם אַתָּה יָדַעְתָּ אֵת אֲשֶׁר־עָשָׂה לִי יוֹאָב בֶּן־צְרוּיָה אֲשֶׁר עָשָׂה לִשְׁנֵי־שָׂרֵי צִבְאוֹת יִשְׂרָאֵל לְאַבְנֵר בֶּן־נֵר וְלַעֲמָשָׂא בֶן־יֶתֶר וַיַּהַרְגֵם וַיָּשֶׂם דְּמֵי־מִלְחָמָה בְּשָׁלֹם וַיִּתֵּן דְּמֵי מִלְחָמָה בַּחֲגֹרָתוֹ אֲשֶׁר בְּמָתְנָיו וּבְנַעֲלוֹ אֲשֶׁר בְּרַגְלָיו ׃	καί γε σὺ ἔγνως ὅσα ἐποίησέν μοι Ἰωὰβ υἱὸς Σαρουιας, ὅσα ἐποίησεν τοῖς δυσὶν ἄρχουσιν τῶν δυνάμεων Ἰσραήλ, τῷ Ἀβεννὴρ υἱῷ Νὴρ καὶ τῷ Ἀμεσσαιὰ υἱῷ Ἰεθὲρ, καὶ ἀπέκτεινεν αὐτοὺς καὶ ἔταξεν τὰ αἵματα πολέμου ἐν εἰρήνῃ αὐτοῦ τῇ ἐν τῇ ὀσφύι αὐτοῦ καὶ ἐν τῷ ὑποδήματι αὐτοῦ τῷ ἐν τῷ ποδὶ αὐτοῦ.	tu quoque nosti quae fecerit mihi Ioab filius Sarviae quae fecerit duobus principibus exercitus Israhel Abner filio Ner et Amasa filio Iether quos occidit et effudit sanguinem belli in pace et posuit cruorem proelii in balteo suo qui erat circa lumbos eius et in calciamento suo quod erat in pedibus eius	Tu quoque nosti quæ fecerit mihi Joab filius Sarviæ, quæ fecerit duobus principibus exercitus Israël, Abner filio Ner, et Amasæ filio Jether: quos occidit, et effudit sanguinem belli in pace, et posuit cruorem prælii in balteo suo qui erat circa lumbos ejus, et in calceamento suo quod erat in pedibus ejus.		Moreover thou knowest also what Joab the son of Zeruiah did to me, and what he did to the two captains of the hosts of Israel, unto Abner the son of Ner, and unto Amasa the son of Jether, whom he slew, and shed the blood of war in peace, and put the blood of war upon his girdle that was about his loins, and in his shoes that were on his feet.
1Kgs	2	6	וְעָשִׂיתָ כְּחָכְמָתֶךָ וְלֹא־תוֹרֵד שֵׂיבָתוֹ בְּשָׁלֹם שְׁאֹל ׃ ס	καὶ ποιήσεις κατὰ τὴν σοφίαν σου καὶ οὐ κατάξεις τὴν πολιὰν αὐτοῦ ἐν εἰρήνῃ εἰς ᾅδου.	facies ergo iuxta sapientiam tuam et non deduces canitiem eius pacifice ad inferos	Facies ergo juxta sapientiam tuam, et non deduces canitiem ejus pacifice ad inferos.		Do therefore according to thy wisdom, and let not his hoar head go down to the grave in peace.
1Kgs	2	7	וְלִבְנֵי בַרְזִלַּי הַגִּלְעָדִי תַּעֲשֶׂה־חֶסֶד וְהָיוּ בְּאֹכְלֵי שֻׁלְחָנֶךָ כִּי־כֵן קָרְבוּ אֵלַי בְּבָרְחִי מִפְּנֵי אַבְשָׁלוֹם אָחִיךָ ׃	καὶ τοῖς υἱοῖς Βερζελλεὶ τοῦ Γαλααδίτου ποιήσεις ἔλεος, καὶ ἔσονται ἐν τοῖς ἐσθίουσιν τὴν τράπεζάν σου, ὅτι οὕτως ἤγγισάν μοι ἐν τῷ με ἀποδιδράσκειν ἀπὸ προσώπου Ἀβεσσαλὼμ τοῦ ἀδελφοῦ σου.	sed et filiis Berzellai Galaaditis reddes gratiam eruntque comedentes in mensa tua occurrerunt enim mihi quando fugiebam a facie Absalom fratris tui	Sed et filiis Berzellai Galaaditis reddes gratiam, eruntque comedentes in mensa tua: occurrerunt enim mihi quando fugiebam a facie Absalom fratris tui.		But shew kindness unto the sons of Barzillai the Gileadite, and let them be of those that eat at thy table: for so they came to me when I fled because of Absalom thy brother.
1Kgs	2	8	וְהִנֵּה עִמְּךָ שִׁמְעִי בֶן־גֵּרָא בֶן־הַיְמִינִי מִבַּחֻרִים וְהוּא קִלְלַנִי קְלָלָה נִמְרֶצֶת בְּיוֹם לֶכְתִּי מַחֲנָיִם וְהוּא־יָרַד לִקְרָאתִי הַיַּרְדֵּן וָאֶשָּׁבַע לוֹ בַיהוָה לֵאמֹר אִם־אֲמִיתְךָ בֶּחָרֶב ׃	καὶ ἰδοὺ μετὰ σοῦ Σεμεεὶ υἱὸς Γηρα υἱὸς τοῦ Ἰεμενεὶ ἐκ Βααθουρείμ, καὶ αὐτὸς κατηράσατό με κατάραν ὀδυνηρὰν τῇ ἡμέρᾳ, ᾗ ἐπορευόμην εἰς παρεμβολάς, καὶ αὐτὸς κατέβη εἰς ἀπαντήν μου εἰς τὸν Ἰορδάνην, καὶ ὤμοσα αὐτῷ ἐν κυρίῳ λέγων Εἰ θανατώσω σε ἐν ῥομφαίᾳ.	habes quoque apud te Semei filium Gera filii Iemini de Baurim qui maledixit mihi maledictione pessima quando ibam ad Castra sed quia descendit mihi in occursum cum transirem Iordanem et iuravi ei per Dominum dicens non te interficiam gladio	Habes quoque apud te Semei filium Gera filii Jemini de Bahurim, qui maledixit mihi maledictione pessima quando ibam ad castra: sed quia descendit mihi in occursum cum transirem Jordanem, et juravi ei per Dominum, dicens: Non te interficiam gladio:		And, behold, thou hast with thee Shimei the son of Gera, a Benjamite of Bahurim, which cursed me with a grievous curse in the day when I went to Mahanaim: but he came down to meet me at Jordan, and I sware to him by the Lord, saying, I will not put thee to death with the sword.
1Kgs	2	9	וְעַתָּה אַל־תְּנַקֵּהוּ כִּי אִישׁ חָכָם אָתָּה וְיָדַעְתָּ אֵת אֲשֶׁר תַּעֲשֶׂה־לּוֹ וְהוֹרַדְתָּ אֶת־שֵׂיבָתוֹ בְּדָם שְׁאוֹל ׃	καὶ οὐ μὴ ἀθῳώσῃς αὐτόν, ὅτι ἀνὴρ σοφὸς εἶ σὺ καὶ γνώσῃ ἃ ποιήσεις αὐτῷ· καὶ κατάξεις τὴν πολιὰν αὐτοῦ ἐν αἵματι εἰς ᾅδου.	tu noli pati esse eum innoxium vir autem sapiens es et scies quae facias ei deducesque canos eius cum sanguine ad infernum	tu noli pati eum esse innoxium. Vir autem sapiens es, ut scias quæ facies ei: deducesque canos ejus cum sanguine ad inferos.		Now therefore hold him not guiltless: for thou art a wise man, and knowest what thou oughtest to do unto him; but his hoar head bring thou down to the grave with blood.
1Kgs	2	10	וַיִּשְׁכַּב דָּוִד עִם־אֲבֹתָיו וַיִּקָּבֵר בְּעִיר דָּוִד ׃ פ	καὶ ἐκοιμήθη Δαυεὶδ μετὰ τῶν πατέρων αὐτοῦ, καὶ ὲπάφη ἐν πόλει Δαυείδ.	dormivit igitur David cum patribus suis et sepultus est in civitate David	Dormivit igitur David cum patribus suis, et sepultus est in civitate David.		So David slept with his fathers, and was buried in the city of David.
1Kgs	2	11	וְהַיָּמִים אֲשֶׁר מָלַךְ דָּוִד עַל־יִשְׂרָאֵל אַרְבָּעִים שָׁנָה בְּחֶבְרוֹן מָלַךְ שֶׁבַע שָׁנִים וּבִירוּשָׁלִַם מָלַךְ שְׁלֹשִׁים וְשָׁלֹשׁ שָׁנִים ׃	καὶ αἱ ἡμέραι ἃς ἐβασίλευσεν Δαυεὶδ ἑπὶ τὸν Ἰσραὴλ τεσσεράκοντα ἔτη· ἐν Χεβρὼν ἐβασίλευσεν ἔτη ἑπτά, καὶ ἐν Ἰερουσαλὴμ τριάκοντα τρία ἔτη.	dies autem quibus regnavit David super Israhel quadraginta anni sunt in Hebron regnavit septem annis in Hierusalem triginta tribus	Dies autem quibus regnavit David super Israël, quadraginta anni sunt: in Hebron regnavit septem annis; in Jerusalem, triginta tribus.		And the days that David reigned over Israel were forty years: seven years reigned he in Hebron, and thirty and three years reigned he in Jerusalem.
1Kgs	2	12	וּשְׁלֹמֹה יָשַׁב עַל־כִּסֵּא דָּוִד אָבִיו וַתִּכֹּן מַלְכֻתוֹ מְאֹד ׃	Καὶ Σαλωμὼν ἐκαθισεν ἐπὶ θρόνου Δαυεὶδ τοῦ πατρὸς αὐτοῦ, καὶ ἡτοιμάσθη ἡ βασιλεία αὐτοῦ σὐτοῦ σφόδρα.	Salomon autem sedit super thronum David patris sui et firmatum est regnum eius nimis	Salomon autem sedit super thronum David patris sui, et firmatum est regnum ejus nimis.		Then sat Solomon upon the throne of David his father; and his kingdom was established greatly.
1Kgs	2	13	וַיָּבֹא אֲדֹנִיָּהוּ בֶן־חַגֵּית אֶל־בַּת־שֶׁבַע אֵם־שְׁלֹמֹה וַתֹּאמֶר הֲשָׁלוֹם בֹּאֶךָ וַיֹּאמֶר שָׁלוֹם ׃	καὶ εἰσῆλθεν Ἀδωνείας πρὸς Βηρσάβεε μητέρα Σαλωμὼν καὶ προσεκύνησεν αὐτῇ· ἡ δὲ εἶπεν Εἰρήνη ἡ εἴσοδός σου; καὶ εἶπεν Εἰρήνη·	et ingressus est Adonias filius Aggith ad Bethsabee matrem Salomonis quae dixit ei pacificusne ingressus tuus qui respondit pacificus	Et ingressus est Adonias filius Haggith ad Bethsabee matrem Salomonis. Quæ dixit ei: Pacificusne est ingressus tuus? Qui respondit: Pacificus.		And Adonijah the son of Haggith came to Bathsheba the mother of Solomon. And she said, Comest thou peaceably? And he said, Peaceably.
1Kgs	2	14	וַיֹּאמֶר דָּבָר לִי אֵלָיִךְ וַתֹּאמֶר דַּבֵּר ׃	λόγος μοι πρὸς σέ. καὶ εἶπεν αὐτῷ Λάλησον.	addiditque sermo mihi est ad te cui ait loquere et ille	Addiditque: Sermo mihi est ad te. Cui ait: Loquere. Et ille:		He said moreover, I have somewhat to say unto thee. And she said, Say on.
1Kgs	2	15	וַיֹּאמֶר אַתְּ יָדַעַתְּ כִּי־לִי הָיְתָה הַמְּלוּכָה וְעָלַי שָׂמוּ כָל־יִשְׂרָאֵל פְּנֵיהֶם לִמְלֹךְ וַתִּסֹּב הַמְּלוּכָה וַתְּהִי לְאָחִי כִּי מֵיְהוָה הָיְתָה לּוֹ ׃	καὶ εἶπεν αὐτῇ Σὺ οἶδας ὅτι ἐμοὶ ἦν ἡ βασιλεία καὶ ἐπ’ ἐμὲ ἔθετο πᾶς Ἰσραὴλ τὸ πρόσωπον αὐτοῦ εἰς βασιλέα· καὶ ἐστράφη ἡ βασιλεία καὶ ἐγενήθη τῷ ἀδελφῷ μου, ὅτι παρὰ Κυρίου ἐγένετο αὐτῷ.	tu inquit nosti quia meum erat regnum et me proposuerat omnis Israhel sibi in regem sed translatum est regnum et factum est fratris mei a Domino enim constitutum est ei	Tu, inquit, nosti, quia meum erat regnum, et me præposuerat omnis Israël sibi in regem: sed translatum est regnum, et factum est fratris mei: a Domino enim constitutum est ei.		And he said, Thou knowest that the kingdom was mine, and that all Israel set their faces on me, that I should reign: howbeit the kingdom is turned about, and is become my brother's: for it was his from the Lord.
1Kgs	2	16	וְעַתָּה שְׁאֵלָה אַחַת אָנֹכִי שֹׁאֵל מֵאִתָּךְ אַל־תָּשִׁבִי אֶת־פָּנָי וַתֹּאמֶר אֵלָיו דַּבֵּר ׃	καὶ νῦν αἴτησιν μίαν ἐγὼ αἰτοῦμαι παρὰ σοῦ, μὴ ἀποστρέψῃς τὸ πρόσωπόν σου. καὶ εἶπεν αὐτῷ Βηρσάβεε Λάλει.	nunc ergo petitionem unam deprecor a te ne confundas faciem meam quae dixit ad eum loquere	Nunc ergo petitionem unam precor a te: ne confundas faciem meam. Quæ dixit ad eum: Loquere.		And now I ask one petition of thee, deny me not. And she said unto him, Say on.
1Kgs	2	17	וַיֹּאמֶר אִמְרִי־נָא לִשְׁלֹמֹה הַמֶּלֶךְ כִּי לֹא־יָשִׁיב אֶת־פָּנָיִךְ וְיִתֶּן־לִי אֶת־אֲבִישַׁג הַשּׁוּנַמִּית לְאִשָּׁה ׃	καὶ εἶπεν αὐτῇ Εἰπὸν δὴ πρὸς Σαλωμὼν τὸν βασιλέα, ὅτι οὐκ ἀποστρέψει τὸ πρόσωπον αὐτοῦ ἀπὸ σοῦ· καὶ κώσει μοι τὴν Ἀβεισὰ τὴν Σωμανεῖτιν εἰς γυναῖκα.	et ille ait precor ut dicas Salomoni regi neque enim negare tibi quicquam potest ut det mihi Abisag Sunamitin uxorem	Et ille ait: Precor ut dicas Salomoni regi (neque enim negare tibi quidquam potest) ut det mihi Abisag Sunamitidem uxorem.		And he said, Speak, I pray thee, unto Solomon the king, (for he will not say thee nay,) that he give me Abishag the Shunammite to wife.
1Kgs	2	18	וַתֹּאמֶר בַּת־שֶׁבַע טוֹב אָנֹכִי אֲדַבֵּר עָלֶיךָ אֶל־הַמֶּלֶךְ ׃	καὶ εἶπεν Βηρσάβεε. Καλῶς, ἐγὼ λαλήσω περὶ σοῦ τῷ βασιλεῖ.	et ait Bethsabee bene ego loquar pro te regi	Et ait Bethsabee: Bene: ego loquar pro te regi.		And Bathsheba said, Well; I will speak for thee unto the king.
1Kgs	2	19	וַתָּבֹא בַת־שֶׁבַע אֶל־הַמֶּלֶךְ שְׁלֹמֹה לְדַבֶּר־לוֹ עַל־אֲדֹנִיָּהוּ וַיָּקָם הַמֶּלֶךְ לִקְרָאתָהּ וַיִּשְׁתַּחוּ לָהּ וַיֵּשֶׁב עַל־כִּסְאוֹ וַיָּשֶׂם כִּסֵּא לְאֵם הַמֶּלֶךְ וַתֵּשֶׁב לִימִינוֹ ׃	καὶ εἰσῆλθεν Βηρσάβεε πρὸς τὸν βασιλέα Σαλωμὼν λαλῆσαι αὐτῷ περὶ Ἀδωνειού· καὶ ἐξανέστη ὁ βασιλεὺς εἰς ἀπαντὴν αὐτῇ καὶ κατεφίλησεν αὐτήν, καὶ ἐκάθισεν ἐπὶ τοῦ θρόνου· καὶ ἐτέθη θρόνος τῇ μητρὶ τοῦ βασιλέως, καὶ ἐκάθισεν ἐκ δεξιῶν αὐτοῦ.	venit ergo Bethsabee ad regem Salomonem ut loqueretur ei pro Adonia et surrexit rex in occursum eius adoravitque eam et sedit super thronum suum positus quoque est thronus matri regis quae sedit ad dexteram eius	Venit ergo Bethsabee ad regem Salomonem ut loqueretur ei pro Adonia: et surrexit rex in occursum ejus, adoravitque eam, et sedit super thronum suum: positusque est thronus matri regis, quæ sedit ad dexteram ejus.		Bathsheba therefore went unto king Solomon, to speak unto him for Adonijah. And the king rose up to meet her, and bowed himself unto her, and sat down on his throne, and caused a seat to be set for the king's mother; and she sat on his right hand.
1Kgs	2	20	וַתֹּאמֶר שְׁאֵלָה אַחַת קְטַנָּה אָנֹכִי שֹׁאֶלֶת מֵאִתָּךְ אַל־תָּשֶׁב אֶת־פָּנָי וַיֹּאמֶר־לָהּ הַמֶּלֶךְ שַׁאֲלִי אִמִּי כִּי לֹא־אָשִׁיב אֶת־פָּנָיִךְ ׃	καὶ εἶπεν αὐτῷ Αἴτησιν μίαν ἐγὼ μικρὰν αἰτοῦμαι παρὰ σοῦ, μὴ ἀποστρέψῃς τὸ πρόσωπόν σου· καὶ εἶπεν αὐτῇ ὁ βασιλεύς Αἴτησαι, μήτηρ ἐμή, καὶ οὐκ ἀποστέψω σε.	dixitque ei petitionem unam parvulam ego deprecor a te ne confundas faciem meam dixit ei rex pete mater mi neque enim fas est ut avertam faciem tuam	Dixitque ei: Petitionem unam parvulam ego deprecor a te: ne confundas faciem meam. Et dixit ei rex: Pete, mater mea: neque enim fas est ut avertam faciem tuam.		Then she said, I desire one small petition of thee; I pray thee, say me not nay. And the king said unto her, Ask on, my mother: for I will not say thee nay.
1Kgs	2	21	וַתֹּאמֶר יֻתַּן אֶת־אֲבִישַׁג הַשֻּׁנַמִּית לַאֲדֹנִיָּהוּ אָחִיךָ לְאִשָּׁה ׃	καὶ εἶπεν Δοθήτω δὴ Ἀβεισὰ ἡ Σωμανεῖτις τῷ Ἀδωνειὰ τῷ ἀδελφῷ σου εἰς γυναῖκα.	quae ait detur Abisag Sunamitis Adoniae fratri tuo uxor	Quæ ait: Detur Abisag Sunamitis Adoniæ fratri tuo uxor.		And she said, Let Abishag the Shunammite be given to Adonijah thy brother to wife.
1Kgs	2	22	וַיַּעַן הַמֶּלֶךְ שְׁלֹמֹה וַיֹּאמֶר לְאִמּוֹ וְלָמָה אַתְּ שֹׁאֶלֶת אֶת־אֲבִישַׁג הַשֻּׁנַמִּית לַאֲדֹנִיָּהוּ וְשַׁאֲלִי־לוֹ אֶת־הַמְּלוּכָה כִּי הוּא אָחִי הַגָּדוֹל מִמֶּנִּי וְלוֹ וּלְאֶבְיָתָר הַכֹּהֵן וּלְיוֹאָב בֶּן־צְרוּיָה ׃ פ	καὶ ἀπεκρίθη Σαλωμὼν ὁ βασιλεὺς καὶ εἶπεν τῇ μητρὶ αὐτοῦ Καὶ ἵνα τί σὺ ᾔτησαι τὴν Ἀβεισὰ τῷ Ἀδωνειά; καὶ αἴτησαι αὐτῷ τὴν βασιλείαν· ὅτι οὗτος ἀδελφός μου ὁ μέγας ὑπὲρ ἐμέ, καὶ αὐτῷ Ἀβιαθὰρ ὁ ἱερεὺς καὶ αὐτῷ Ἰωὰβ ὁ υἱὸς Σαρουίας ὁ ἀρχιστράτηγος ἑταῖρος.	responditque rex Salomon et dixit matri suae quare postulas Abisag Sunamitin Adoniae postula ei et regnum ipse est enim frater meus maior me et habet Abiathar sacerdotem et Ioab filium Sarviae	Responditque rex Salomon, et dixit matri suæ: Quare postulas Abisag Sunamitidem Adoniæ? postula ei et regnum: ipse est enim frater meus major me, et habet Abiathar sacerdotem, et Joab filium Sarviæ.		And king Solomon answered and said unto his mother, And why dost thou ask Abishag the Shunammite for Adonijah? ask for him the kingdom also; for he is mine elder brother; even for him, and for Abiathar the priest, and for Joab the son of Zeruiah.
1Kgs	2	23	וַיִּשָּׁבַע הַמֶּלֶךְ שְׁלֹמֹה בַּיהוָה לֵאמֹר כֹּה יַעֲשֶׂה־לִּי אֱלֹהִים וְכֹה יוֹסִיף כִּי בְנַפְשׁוֹ דִּבֶּר אֲדֹנִיָּהוּ אֶת־הַדָּבָר הַזֶּה ׃	καὶ ὤμοσεν ὁ βασιλεὺς Σαλωμὼν κατὰ τοῦ κυρίου λέγων Τάδε ποιήσαι μοι ὁ θεὸς καὶ τάδε προσθείη, ὅτι κατὰ τῆς ψυχῆς αὐτοῦ ἐλάλησεν Ἀδωνειὰ τὸν λόγον τοῦτον.	iuravit itaque rex Salomon per Dominum dicens haec faciat mihi Deus et haec addat quia contra animam suam locutus est Adonias verbum hoc	Juravit itaque rex Salomon per Dominum, dicens: Hæc faciat mihi Deus, et hæc addat, quia contra animam suam locutus est Adonias verbum hoc.		Then king Solomon sware by the Lord, saying, God do so to me, and more also, if Adonijah have not spoken this word against his own life.
1Kgs	2	24	וְעַתָּה חַי־יְהוָה אֲשֶׁר הֱכִינַנִי וַיּוֹשִׁיבִינִי עַל־כִּסֵּא דָּוִד אָבִי וַאֲשֶׁר עָשָׂה־לִי בַּיִת כַּאֲשֶׁר דִּבֵּר כִּי הַיּוֹם יוּמַת אֲדֹנִיָּהוּ ׃	καὶ νῦν ζῇ Κύριος ὅς ἠτοίμασέν με καὶ ἔθετὸ με ἐπι τὸν θρόνον Δαυεὶδ τοῦ πατρός μου, καὶ αὐτὸς ἐποίησέν μοι οἶκον καθὼς ἐλάλησεν Κύριος, ὅτι σήμεπον θανατωθήσεται Ἀδωνειά.	et nunc vivit Dominus qui firmavit me et conlocavit super solium David patris mei et qui fecit mihi domum sicut locutus est quia hodie occidetur Adonias	Et nunc vivit Dominus, qui firmavit me, et collocavit me super solium David patris mei, et qui fecit mihi domum, sicut locutus est, quia hodie occidetur Adonias.		Now therefore, as the Lord liveth, which hath established me, and set me on the throne of David my father, and who hath made me an house, as he promised, Adonijah shall be put to death this day.
1Kgs	2	25	וַיִּשְׁלַח הַמֶּלֶךְ שְׁלֹמֹה בְּיַד בְּנָיָהוּ בֶן־יְהוֹיָדָע וַיִּפְגַּע־בּוֹ וַיָּמֹת ׃ ס	καὶ ἐξαπέστειλεν Σαλωμὼν ὁ βασιλεὺς ἐν χειρὶ Βαναιοὺ υἱοῦ Ἰωδᾶε καὶ ἀνεῖλεν αὐτόν, καὶ ἀπέθανεν Ἀδωνέας ἐν τῇ ἡμέρᾳ ἐκείνῃ.	misitque rex Salomon per manum Banaiae filii Ioiadae qui interfecit eum et mortuus est	Misitque rex Salomon per manum Banaiæ filii Jojadæ, qui interfecit eum, et mortuus est.		And king Solomon sent by the hand of Benaiah the son of Jehoiada; and he fell upon him that he died.
1Kgs	2	26	וּלְאֶבְיָתָר הַכֹּהֵן אָמַר הַמֶּלֶךְ עֲנָתֹת לֵךְ עַל־שָׂדֶיךָ כִּי אִישׁ מָוֶת אָתָּה וּבַיּוֹם הַזֶּה לֹא אֲמִיתֶךָ כִּי־נָשָׂאתָ אֶת־אֲרוֹן אֲדֹנָי יְהֹוִה לִפְנֵי דָּוִד אָבִי וְכִי הִתְעַנִּיתָ בְּכֹל אֲשֶׁר־הִתְעַנָּה אָבִי ׃	καὶ τῷ Ἀβιαθὰρ τῷ ἱερεῖ εἶπεν ὁ βασιλεύς Ἀπότρεχε σὺ εἰς Ἀναθὼθ εἰς ἀγρόν σου, ὅτε ἀνὴρ θανάτου εἶ σὺ ἐν τῇ ἡμέρᾳ τάύτῃ· καὶ οὐ θανατώσω σε, ὅτι ἦρας τὴν κιβωτὸν τῆς διαθήκης Κυρίου ἐνώπιον τοῦ πατρός μου, καὶ ὅτι ἀκαουχήθης ἐν ἅπασιν οἷς ἐκακουχήθη ὁ πατήρ μου.	Abiathar quoque sacerdoti dixit rex vade in Anathot ad agrum tuum es quidem vir mortis sed hodie te non interficiam quia portasti arcam Domini Dei coram David patre meo et sustinuisti laborem in omnibus in quibus laboravit pater meus	Abiathar quoque sacerdoti dixit rex: Vade in Anathoth ad agrum tuum: equidem vir mortis es: sed hodie te non interficiam, quia portasti arcam Domini Dei coram David patre meo, et sustinuisti laborem in omnibus in quibus laboravit pater meus.		And unto Abiathar the priest said the king, Get thee to Anathoth, unto thine own fields; for thou art worthy of death: but I will not at this time put thee to death, because thou barest the ark of the Lord God before David my father, and because thou hast been afflicted in all wherein my father was afflicted.
1Kgs	2	27	וַיְגָרֶשׁ שְׁלֹמֹה אֶת־אֶבְיָתָר מִהְיוֹת כֹּהֵן לַיהוָה לְמַלֵּא אֶת־דְּבַר יְהוָה אֲשֶׁר דִּבֶּר עַל־בֵּית עֵלִי בְּשִׁלֹה ׃ פ	καὶ ἐξέβαλεν Σαλωμὼν τὸν Ἀβιαθὰρ τοῦ μὴ εἶναι ἑρέα τοῦ κυρίου, πληρωθῆναι τὸ ἡῆμα Κυρίου ὅ ἀλάλησεν ἐπὶ τὸν οἶκον Ἠλεὶ ἐν Σηλώμ.	eiecit ergo Salomon Abiathar ut non esset sacerdos Domini ut impleretur sermo Domini quem locutus est super domum Heli in Silo	Ejecit ergo Salomon Abiathar ut non esset sacerdos Domini, ut impleretur sermo Domini quem locutus est super domum Heli in Silo.		So Solomon thrust out Abiathar from being priest unto the Lord; that he might fulfil the word of the Lord, which he spake concerning the house of Eli in Shiloh.
1Kgs	2	28	וְהַשְּׁמֻעָה בָּאָה עַד־יוֹאָב כִּי יוֹאָב נָטָה אַחֲרֵי אֲדֹנִיָּה וְאַחֲרֵי אַבְשָׁלוֹם לֹא נָטָה וַיָּנָס יוֹאָב אֶל־אֹהֶל יְהוָה וַיַּחֲזֵק בְּקַרְנוֹת הַמִּזְבֵּחַ ׃	καὶ ἡ ἀκοὴ ἦλθεν ἕως Ἰωὰβ τοῦ υἱοῦ Σαρουίας, ὅτι Ἰωὰβ ἦν κεκλικὼς ὀπίσω Ἀδωνειά, καὶ ὀπίσω Ἀβεσσαλὼμ οὐκ ἔκλινεν· καὶ ἔφυγεν Ἰωὰβ εἰς τὸ σκήωμα τοῦ κυρίου καὶ κατέσχεν τῶν κεράτων τοῦ θυσιαστηρίου.	venit autem nuntius ad Ioab quod Ioab declinasset post Adoniam et post Absalom non declinasset fugit ergo Ioab in tabernaculum Domini et adprehendit cornu altaris	Venit autem nuntius ad Joab, quod Joab declinasset post Adoniam, et post Salomonem non declinasset: fugit ergo Joab in tabernaculum Domini, et apprehendit cornu altaris.		Then tidings came to Joab: for Joab had turned after Adonijah, though he turned not after Absalom. And Joab fled unto the tabernacle of the Lord, and caught hold on the horns of the altar.
1Kgs	2	29	וַיֻּגַּד לַמֶּלֶךְ שְׁלֹמֹה כִּי נָס יוֹאָב אֶל־אֹהֶל יְהוָה וְהִנֵּה אֵצֶל הַמִּזְבֵּחַ וַיִּשְׁלַח שְׁלֹמֹה אֶת־בְּנָיָהוּ בֶן־יְהוֹיָדָע לֵאמֹר לֵךְ פְּגַע־בּוֹ ׃	καὶ ἀπηγγέλη τῷ Σαλωμὼν λέγοντες ὅτι Ἔφυγεν Ἰωάβ εἰς τὴν σκηνὴν τοῦ κυρίου, ακὶ ἰδοὺ κατέχει τῶν κεράτων τοῦ θυσιαστηρίου. καὶ ἀπεστειλεν Σαλωμὼν πρὸς Ἰωὰβ λέγων Τί γέγονέν σοι ὅτι πέφευγας εἰς τὸ θυσιαστήριον; καὶ εἶπεν Ἰωάβ Ὅτι ἐφοβήθην ἀπὸ προσώπου σου, καὶ ἔφυγον πρὸς Κύριον. καὶ ἀπέστειλεν ὁ Σαλωμὼν τὸν Βαναιοὺ υἱὸν Ἰωδᾶε λέγων Πορεύου καὶ ἄνελε αὐτόν, καὶ θάψον αὐτόν.	nuntiatumque est regi Salomoni quod fugisset Ioab in tabernaculum Domini et esset iuxta altare misitque Salomon Banaiam filium Ioiadae dicens vade interfice eum	Nuntiatumque est regi Salomoni quod fugisset Joab in tabernaculum Domini, et esset juxta altare: misitque Salomon Banaiam filium Jojadæ, dicens: Vade, interfice eum.		And it was told king Solomon that Joab was fled unto the tabernacle of the Lord; and, behold, he is by the altar. Then Solomon sent Benaiah the son of Jehoiada, saying, Go, fall upon him.
1Kgs	2	30	וַיָּבֹא בְנָיָהוּ אֶל־אֹהֶל יְהוָה וַיֹּאמֶר אֵלָיו כֹּה־אָמַר הַמֶּלֶךְ צֵא וַיֹּאמֶר לֹא כִּי פֹה אָמוּת וַיָּשֶׁב בְּנָיָהוּ אֶת־הַמֶּלֶךְ דָּבָר לֵאמֹר כֹּה־דִבֶּר יוֹאָב וְכֹה עָנָנִי ׃	καὶ ἦθεν Βαναιοὺ υἱὸς Ἰωδᾶε εἰς τὴν σκηνὴν τοῦ κυρίου καὶ εἶπεν αὐτῷ Τάδε λέγει ὁ βασιλεύς Ἔξελθε· καὶ εἶπεν Ἰωάβ Οὐκ ἐκπορεύομαι, ὅτι ὧδε ἀποθανοῦμαι· καὶ ἀπέστρεψεν Βαναίας υἱὸς Ἰωδᾶε καὶ εἶπεν τῷ βασιλεῖ λέγων Τάδε λελάληκεν Ἰωὰβ καὶ τάδε ἀποκέκριταί μοι.	venit Banaias ad tabernaculum Domini et dixit ei haec dicit rex egredere qui ait non egrediar sed hic moriar renuntiavit Banaias regi sermonem dicens haec locutus est Ioab et haec respondit mihi	Et venit Banaias ad tabernaculum Domini, et dixit ei: Hæc dicit rex: Egredere. Qui ait: Non egrediar, sed hic moriar. Renuntiavit Banaias regi sermonem, dicens: Hæc locutus est Joab, et hæc respondit mihi.		And Benaiah came to the tabernacle of the Lord, and said unto him, Thus saith the king, Come forth. And he said, Nay; but I will die here. And Benaiah brought the king word again, saying, Thus said Joab, and thus he answered me.
1Kgs	2	31	וַיֹּאמֶר לוֹ הַמֶּלֶךְ עֲשֵׂה כַּאֲשֶׁר דִּבֶּר וּפְגַע־בּוֹ וּקְבַרְתּוֹ וַהֲסִירֹתָ דְּמֵי חִנָּם אֲשֶׁר שָׁפַךְ יוֹאָב מֵעָלַי וּמֵעַל בֵּית אָבִי ׃	καὶ εἶπεν αὐτῷ ὁ βασιλεύς Πορεύου καὶ ποίησον αὐτῷ καθὼς εἴρηκεν, καὶ ἄνελε αὐτὸν καὶ θάφεις αὐτόν· καὶ ἐξαρεῖς αήμεπον τὸ αἷμα ὅ δωρεὰν ἐξεχεεν ἀπ’ ἐμοῦ καὶ ἀπὸ τοῦ οἴκου τοῦ πατρὸς μου.	dixitque ei rex fac sicut locutus est et interfice eum et sepeli et amovebis sanguinem innocentem qui effusus est a Ioab a me et a domo patris mei	Dixitque ei rex: Fac sicut locutus est, et interfice eum, et sepeli: et amovebis sanguinem innocentem qui effusus est a Joab, a me, et a domo patris mei.		And the king said unto him, Do as he hath said, and fall upon him, and bury him; that thou mayest take away the innocent blood, which Joab shed, from me, and from the house of my father.
1Kgs	2	32	וְהֵשִׁיב יְהוָה אֶת־דָּמוֹ עַל־רֹאשׁוֹ אֲשֶׁר פָּגַע בִּשְׁנֵי־אֲנָשִׁים צַדִּקִים וְטֹבִים מִמֶּנּוּ וַיַּהַרְגֵם בַּחֶרֶב וְאָבִי דָוִד לֹא יָדָע אֶת־אַבְנֵר בֶּן־נֵר שַׂר־צְבָא יִשְׂרָאֵל וְאֶת־עֲמָשָׂא בֶן־יֶתֶר שַׂר־צְבָא יְהוּדָה ׃	καὶ απέστρεψεν Κύροις τὸ αἷμα τῆς ἀδικίας αὐτοῦ εἰς κεφαλὴν αὐτοῦ· καὶ ἀπήωτησεν τοῖς δυςὶν ἀνθρώποις τοῖς δικαίοις καὶ ἀγαθοῖς ὑπὲρ αὐτὸν καὶ ἀπέκτεινεν αὐτοὺς ἐν ῥομφαίᾳ, καὶ ὁ πατήρ μου Δαυεὶδ οὐκ ἔγνω τὸ αἷμα αὐτῶν, τὸν Ἀβεννὴρ υἱὸν Νὴρ ἀρχιστράτηγον Ἰσραὴλ καὶ τὸν Ἀμεσσὰ τὸν Ἰέθερ ἀρχιστράτηγον Ἰούδα.	et reddat Dominus sanguinem eius super caput eius quia interfecit duos viros iustos melioresque se et occidit eos gladio patre meo David ignorante Abner filium Ner principem militiae Israhel et Amasa filium Iether principem exercitus Iuda	Et reddet Dominus sanguinem ejus super caput ejus, quia interfecit duos viros justos, melioresque se: et occidit eos gladio, patre meo David ignorante, Abner filium Ner principem militiæ Israël, et Amasam filium Jether principem exercitus Juda:		And the Lord shall return his blood upon his own head, who fell upon two men more righteous and better than he, and slew them with the sword, my father David not knowing thereof, to wit, Abner the son of Ner, captain of the host of Israel, and Amasa the son of Jether, captain of the host of Judah.
1Kgs	2	33	וְשָׁבוּ דְמֵיהֶם בְּרֹאשׁ יוֹאָב וּבְרֹאשׁ זַרְעוֹ לְעֹלָם וּלְדָוִד וּלְזַרְעוֹ וּלְבֵיתוֹ וּלְכִסְאוֹ יִהְיֶה שָׁלוֹם עַד־עוֹלָם מֵעִם יְהוָה ׃	καὶ ἐπεστράφη τὰ αἵματα αὐτοῦ εἰς κεφαλὴν αὐτοῦ καὶ εἰς κεφαλὴν τοῦ σπέρματος αὐτοῦ εἰς τὸν αἰῶνα· καὶ τῷ Δαυεὶδ καὶ τῷ σπέρματι αὐτοῦ καὶ τῷ οἴκῳ αὐτοῦ καὶ τῷ θρόνῳ αὐτοῦ γένοιτο εἰρήνη ἕως αἰῶνος παρὰ Κυρίου.	et revertetur sanguis illorum in caput Ioab et in caput seminis eius in sempiternum David autem et semini eius et domui et throno illius sit pax usque in aeternum a Domino	et revertetur sanguis illorum in caput Joab, et in caput seminis ejus in sempiternum. David autem et semini ejus, et domui, et throno illius, sit pax usque in æternum a Domino.		Their blood shall therefore return upon the head of Joab, and upon the head of his seed for ever: but upon David, and upon his seed, and upon his house, and upon his throne, shall there be peace for ever from the Lord.
1Kgs	2	34	וַיַּעַל בְּנָיָהוּ בֶּן־יְהוֹיָדָע וַיִּפְגַּע־בּוֹ וַיְמִתֵהוּ וַיִּקָּבֵר בְּבֵיתוֹ בַּמִּדְבָּר ׃	καὶ ἀπήντησεν Ἰωδᾶε τῷ Ἰωὰβ καὶ ἐθανάτωσεν αὐτόν· καὶ ἔθαψεν αὐτὸν ἐν τῷ οἴκῳ αὐτοῦ ἐν τῇ ἐρήμῳ.	ascendit itaque Banaias filius Ioiadae et adgressus eum interfecit sepultusque est in domo sua in deserto	Ascendit itaque Banaias filius Jojadæ, et aggressus eum interfecit: sepultusque est in domo sua in deserto.		So Benaiah the son of Jehoiada went up, and fell upon him, and slew him: and he was buried in his own house in the wilderness.
1Kgs	2	35	וַיִּתֵּן הַמֶּלֶךְ אֶת־בְּנָיָהוּ בֶן־יְהוֹיָדָע תַּחְתָּיו עַל־הַצָּבָא וְאֶת־צָדוֹק הַכֹּהֵן נָתַן הַמֶּלֶךְ תַּחַת אֶבְיָתָר ׃	καὶ ἔδωκεν ὁ βασιλεὺς τὸν βαναιοὺ υἱὸν Ἰωδᾶε ἀντ’ αὐτοῦ ἐπὶ τὴν στρατηγίαν· καὶ ἡ βασιλεία κατωρθοῦτο ἐν Ἰερουσαλήμ. καὶ Σαδὼκ τὸν ἱερέα, ἔδωκεν αὐτὸν ὁ βασιλεὺς εἰς ἱερέα πρῶτον ἀντὶ ἀβιαθάρ.	et constituit rex Banaiam filium Ioiadae pro eo super exercitum et Sadoc sacerdotem posuit pro Abiathar	Et constituit rex Banaiam filium Jojadæ pro eo super exercitum, et Sadoc sacerdotem posuit pro Abiathar.		And the king put Benaiah the son of Jehoiada in his room over the host: and Zadok the priest did the king put in the room of Abiathar.
1Kgs	2	36	וַיִּשְׁלַח הַמֶּלֶךְ וַיִּקְרָא לְשִׁמְעִי וַיֹּאמֶר לוֹ בְּנֵה־לְךָ בַיִת בִּירוּשָׁלַםִ וְיָשַׁבְתָּ שָׁם וְלֹא־תֵצֵא מִשָּׁם אָנֶה וָאָנָה ׃	καὶ ἐκάλεσεν ὁ βασιλεὺς τὸν Σεμεεὶ καὶ εἶπεν αὐτῷ Οἰκοδόμησον οἶκον σεαυτῷ ἐν Ἰερουσαλὴμ καὶ κάθου ἐκεῖ, καὶ οὐκ ἐξελεύςῃ ἐκεῖθεν οὐδαμοῦ.	misit quoque rex et vocavit Semei dixitque ei aedifica tibi domum in Hierusalem et habita ibi et non egredieris inde huc atque illuc	Misit quoque rex, et vocavit Semei: dixitque ei: Ædifica tibi domum in Jerusalem, et habita ibi: et non egredieris inde huc atque illuc.		And the king sent and called for Shimei, and said unto him, Build thee an house in Jerusalem, and dwell there, and go not forth thence any whither.
1Kgs	2	37	וְהָיָה בְּיוֹם צֵאתְךָ וְעָבַרְתָּ אֶת־נַחַל קִדְרוֹן יָדֹעַ תֵּדַע כִּי מוֹת תָּמוּת דָּמְךָ יִהְיֶה בְרֹאשֶׁךָ ׃	καὶ ἔσται ἐν τῇ ἡμέμᾳ τῆς ἐξόδου σου καὶ διαβήσῃ τὸν χειμάρρουν Κεδρών, γινώσκων γνώςῃ ὅτι θανάτῳ ἀποθανῇ· τὸ αἶμά σου ἔσται ἐπὶ τὴν κεθαλήν σου. καὶ ὥρκισεν αὐτὸν ὁ βασιλεὺς ἐν τῇ ἡμέρᾳ ἐκείνῃ.	quacumque autem die egressus fueris et transieris torrentem Cedron scito te interficiendum sanguis tuus erit super caput tuum	Quacumque autem die egressus fueris, et transieris torrentem Cedron, scito te interficiendum: sanguis tuus erit super caput tuum.		For it shall be, that on the day thou goest out, and passest over the brook Kidron, thou shalt know for certain that thou shalt surely die: thy blood shall be upon thine own head.
1Kgs	2	38	וַיֹּאמֶר שִׁמְעִי לַמֶּלֶךְ טוֹב הַדָּבָר כַּאֲשֶׁר דִּבֶּר אֲדֹנִי הַמֶּלֶךְ כֵּן יַעֲשֶׂה עַבְדֶּךָ וַיֵּשֶׁב שִׁמְעִי בִּירוּשָׁלַםִ יָמִים רַבִּים ׃ ס	καὶ εἶπεν Σεμεεὶ πρὸς τὸν βασιλέα Ἀγαθὸν τὸ ῥῆμα ὃ ἐλάλησας, κύριέ μου βασιλεῦ. οὕτω ποιησει ὁ δοῦλός σου. καὶ ἐκάθισεν Σεμεεὶ ἐν Ἰερουσαλὴμ τρία ἔτη.	dixitque Semei regi bonus sermo sicut locutus est dominus meus rex sic faciet servus tuus habitavit itaque Semei in Hierusalem diebus multis	Dixitque Semei regi: Bonus sermo: sicut locutus est dominus meus rex, sic faciet servus tuus. Habitavit itaque Semei in Jerusalem diebus multis.		And Shimei said unto the king, The saying is good: as my lord the king hath said, so will thy servant do. And Shimei dwelt in Jerusalem many days.
1Kgs	2	39	וַיְהִי מִקֵּץ שָׁלֹשׁ שָׁנִים וַיִּבְרְחוּ שְׁנֵי־עֲבָדִים לְשִׁמְעִי אֶל־אָכִישׁ בֶּן־מַעֲכָה מֶלֶךְ גַּת וַיַּגִּידוּ לְשִׁמְעִי לֵאמֹר הִנֵּה עֲבָדֶיךָ בְּגַת ׃	καὶ ἐγενήθη μετὰ τὰ τρία ἔτη καὶ ἀπέδρασαν δύο δοῦλοι τοῦ Σεμεεὶ πρὸς Ἀγχοὺς υἱὸν Ἀμηςὰ βασιλέα Γέθ· καὶ ἀπηγγέλη τῷ Σεμεεὶ λέγοντες Ἰδοὺ οἱ δοῦλοί σου ἐν Γέθ.	factum est autem post annos tres ut fugerent servi Semei ad Achis filium Maacha regem Geth nuntiatumque est Semei quod servi eius essent in Geth	Factum est autem post annos tres ut fugerent servi Semei ad Achis filium Maacha regem Geth: nuntiatumque est Semei quod servi ejus issent in Geth.		And it came to pass at the end of three years, that two of the servants of Shimei ran away unto Achish son of Maachah king of Gath. And they told Shimei, saying, Behold, thy servants be in Gath.
1Kgs	2	40	וַיָּקָם שִׁמְעִי וַיַּחֲבֹשׁ אֶת־חֲמֹרוֹ וַיֵּלֶךְ גַּתָה אֶל־אָכִישׁ לְבַקֵּשׁ אֶת־עֲבָדָיו וַיֵּלֶךְ שִׁמְעִי וַיָּבֵא אֶת־עֲבָדָיו מִגַּת ׃	καὶ ἀνέστη Σεμεεὶ καὶ ἐπέσαξε τὴν ὄνον αὐτοῦ καὶ ἐπορεύθη εἰς Γεθ πρὸς Ἀγχούς, τοῦ ἐκζητῆσαι τοὺς δούλους αὐτοῦ· καὶ ἐπορεύθη Σεμεεὶ καὶ ἤγαγεν τοὺς δούλους αὐτοῦ ἐκ Γέθ.	et surrexit Semei et stravit asinum suum ivitque in Geth ad Achis ad requirendos servos suos et adduxit eos de Geth	Et surrexit Semei, et stravit asinum suum, ivitque ad Achis in Geth ad requirendum servos suos, et adduxit eos de Geth.		And Shimei arose, and saddled his ass, and went to Gath to Achish to seek his servants: and Shimei went, and brought his servants from Gath.
1Kgs	2	41	וַיֻּגַּד לִשְׁלֹמֹה כִּי־הָלַךְ שִׁמְעִי מִירוּשָׁלִַם גַּת וַיָּשֹׁב ׃	καὶ ἀπηγγέλη τῷ Σαλωμὼν λέγοντες ὅτι Ἐπορεύθη Σεμεεὶ ἐξ Ἰερουσαλὴμ εἰς Γὲθ καὶ ἀπέστρεψεν τοὺς δούλους αὐτοῦ.	nuntiatum est autem Salomoni quod isset Semei in Geth de Hierusalem et redisset	Nuntiatum est autem Salomoni quod isset Semei in Geth de Jerusalem, et rediisset.		And it was told Solomon that Shimei had gone from Jerusalem to Gath, and was come again.
1Kgs	2	42	וַיִּשְׁלַח הַמֶּלֶךְ וַיִּקְרָא לְשִׁמְעִי וַיֹּאמֶר אֵלָיו הֲלוֹא הִשְׁבַּעְתִּיךָ בַיהוָה וָאָעִד בְּךָ לֵאמֹר בְּיוֹם צֵאתְךָ וְהָלַכְתָּ אָנֶה וָאָנָה יָדֹעַ תֵּדַע כִּי מוֹת תָּמוּת וַתֹּאמֶר אֵלַי טוֹב הַדָּבָר שָׁמָעְתִּי ׃	καὶ ἀπέστειλεν ὁ βασιλεὺς καὶ ἐκάλεσεν τὸν Σεμεεὶ καὶ εἶπεν πρὸς αὐτόν Οὐχὶ ὤρκισά σε κατὰ τοῦ κυρίου καὶ ἐπεμαρτυράμην σοι λέγων Ἐν ᾖ ἂν ἡμέρᾳ ἐξέλθῃς ἐξ Ἰερουσαλὴμ καὶ πορευθῇς εἰς δεξιὰ ἢ εἰς ἀριστερά, γινώσκων γνώςῃ ὅτι θανάτῳ ἀποθανῇ;	et mittens vocavit eum dixitque illi nonne testificatus sum tibi per Dominum et praedixi tibi quacumque die egressus ieris huc et illuc scito te esse moriturum et respondisti mihi bonus sermo audivi	Et mittens vocavit eum, dixitque illi: Nonne testificatus sum tibi per Dominum, et prædixi tibi: Quacumque die egressus ieris huc et illuc, scito te esse moriturum: et respondisti mihi: Bonus sermo, quem audivi?		And the king sent and called for Shimei, and said unto him, Did I not make thee to swear by the Lord, and protested unto thee, saying, Know for a certain, on the day thou goest out, and walkest abroad any whither, that thou shalt surely die? and thou saidst unto me, The word that I have heard is good.
1Kgs	2	43	וּמַדּוּעַ לֹא שָׁמַרְתָּ אֵת שְׁבֻעַת יְהוָה וְאֶת־הַמִּצְוָה אֲשֶׁר־צִוִּיתִי עָלֶיךָ ׃	καὶ τί ὅτι οὐκ ἐφύλαξας τὸν ὅρκον Κυρίου καὶ τὴν ἐντολὴν ἣν ἐνετειλάμην κατὰ σοῦ;	quare ergo non custodisti iusiurandum Domini et praeceptum quod praeceperam tibi	quare ergo non custodisti jusjurandum Domini, et præceptum quod præceperam tibi?		Why then hast thou not kept the oath of the Lord, and the commandment that I have charged thee with?
1Kgs	2	44	וַיֹּאמֶר הַמֶּלֶךְ אֶל־שִׁמְעִי אַתָּה יָדַעְתָּ אֵת כָּל־הָרָעָה אֲשֶׁר יָדַע לְבָבְךָ אֲשֶׁר עָשִׂיתָ לְדָוִד אָבִי וְהֵשִׁיב יְהוָה אֶת־רָעָתְךָ בְּרֹאשֶׁךָ ׃	καὶ εἶπεν ὁ βασιλεὺς πρὸς Σεμεει Σὺ οιδας πᾶσαν τὴν κακίαν σου ἣν ἔγνω ἡ καρδία σου, ἃ ἐποίησας τῷ Δαυεὶδ τῷ πατρί μου· καὶ ἀνταπέδκεν Κύριος τὴν κακίαν σου εἰς κεφαλήν σου.	dixitque rex ad Semei tu nosti omne malum cuius tibi conscium est cor tuum quod fecisti David patri meo reddidit Dominus malitiam tuam in caput tuum	Dixitque rex ad Semei: Tu nosti omne malum cujus tibi conscium est cor tuum, quod fecisti David patri meo: reddidit Dominus malitiam tuam in caput tuum:		The king said moreover to Shimei, Thou knowest all the wickedness which thine heart is privy to, that thou didst to David my father: therefore the Lord shall return thy wickedness upon thine own head;
1Kgs	2	45	וְהַמֶּלֶךְ שְׁלֹמֹה בָּרוּךְ וְכִסֵּא דָוִד יִהְיֶה נָכוֹן לִפְנֵי יְהוָה עַד־עוֹלָם ׃	καὶ ὁ βασιλεὺς Σαλωμὼν νὐλογημένος, καὶ ὁ θρόνος Δαυεὶδ ἔσται ἕτοιμος ἐνώπιον Κυρίου εἰς τὸν αἰῶνα.	et rex Salomon benedictus et thronus David erit stabilis coram Domino usque in sempiternum	et rex Salomon benedictus, et thronus David erit stabilis coram Domino usque in sempiternum.		And king Solomon shall be blessed, and the throne of David shall be established before the Lord for ever.
1Kgs	2	46	וַיְצַו הַמֶּלֶךְ אֶת־בְּנָיָהוּ בֶּן־יְהוֹיָדָע וַיֵּצֵא וַיִּפְגַּע־בּוֹ וַיָּמֹת וְהַמַּמְלָכָה נָכוֹנָה בְּיַד־שְׁלֹמֹה ׃	καὶ ἐνετείλατο ὁ βασιλεὺς Σαλωμὼν τῷ Βαναιὰ υἱῷ Ἰωδᾶε, καὶ ἐξῆλθεν καὶ ἀνέλεν αὐτόν.	iussit itaque rex Banaiae filio Ioiadae qui egressus percussit eum et mortuus est	Jussit itaque rex Banaiæ filio Jojadæ, qui egressus, percussit eum, et mortuus est.		So the king commanded Benaiah the son of Jehoiada; which went out, and fell upon him, that he died. And the kingdom was established in the hand of Solomon.
1Kgs	3	1	וַיִּתְחַתֵּן שְׁלֹמֹה אֶת־פַּרְעֹה מֶלֶךְ מִצְרָיִם וַיִּקַּח אֶת־בַּת־פַּרְעֹה וַיְבִיאֶהָ אֶל־עִיר דָּוִד עַד כַּלֹּתוֹ לִבְנוֹת אֶת־בֵּיתוֹ וְאֶת־בֵּית יְהוָה וְאֶת־חוֹמַת יְרוּשָׁלַםִ סָבִיב ׃		confirmatum est igitur regnum in manu Salomonis et adfinitate coniunctus est Pharaoni regi Aegypti accepit namque filiam eius et adduxit in civitatem David donec conpleret aedificans domum suam et domum Domini et murum Hierusalem per circuitum	Confirmatum est igitur regnum in manu Salomonis, et affinitate conjunctus est Pharaoni regi Ægypti: accepit namque filiam ejus, et adduxit in civitatem David, donec compleret ædificans domum suam, et domum Domini, et murum Jerusalem per circuitum.		And Solomon made affinity with Pharaoh king of Egypt, and took Pharaoh's daughter, and brought her into the city of David, until he had made an end of building his own house, and the house of the Lord, and the wall of Jerusalem round about.
1Kgs	3	2	רַק הָעָם מְזַבְּחִים בַּבָּמוֹת כִּי לֹא־נִבְנָה בַיִת לְשֵׁם יְהוָה עַד הַיָּמִים הָהֵם ׃ פ	θυμιῶντες ἐπὶ τοῖς ὑψηλοῖς, ὅτι οὐκ ᾠκοδομήθη οἶκος τῷ κυριῳ ἕως νῦν.	et tamen populus immolabat in excelsis non enim aedificatum erat templum nomini Domini usque in die illo	Attamen populus immolabat in excelsis: non enim ædificatum erat templum nomini Domini usque in diem illum.		Only the people sacrificed in high places, because there was no house built unto the name of the Lord, until those days.
1Kgs	3	3	וַיֶּאֱהַב שְׁלֹמֹה אֶת־יְהוָה לָלֶכֶת בְּחֻקּוֹת דָּוִד אָבִיו רַק בַּבָּמוֹת הוּא מְזַבֵּחַ וּמַקְטִיר ׃	καὶ ἠγάπησεν Σαλωμὼν τὸν κύριον, πορεύεσθαι ἐν τοῖς προστάγμασιν Δαυεὶδ τοῦ πατρὸς αὐτοῦ, πλὴν ἐν τοῖς ὑψηλοῖς ἔθυεν καὶ ἐθυμία.	dilexit autem Salomon Dominum ambulans in praeceptis David patris sui excepto quod in excelsis immolabat et accendebat thymiama	Dilexit autem Salomon Dominum, ambulans in præceptis David patris sui, excepto quod in excelsis immolabat, et accendebat thymiama.		And Solomon loved the Lord, walking in the statutes of David his father: only he sacrificed and burnt incense in high places.
1Kgs	3	4	וַיֵּלֶךְ הַמֶּלֶךְ גִּבְעֹנָה לִזְבֹּחַ שָׁם כִּי הִיא הַבָּמָה הַגְּדוֹלָה אֶלֶף עֹלוֹת יַעֲלֶה שְׁלֹמֹה עַל הַמִּזְבֵּחַ הַהוּא ׃	καὶ ἀνέστη καὶ ἐπορεύθη εἰς Γαβαὼν θῦσαι ἐκεῖ, ὅτι αὐτὴ ὑψηλοτάτη καὶ μ(??)γάλη· χιλίαν ολοκαύτωσιν ἀνήνεγκεν Σαλωμὼν ἐπὶ τὸ θυσιαστήριον ἐν Γαβαών.	abiit itaque in Gabaon ut immolaret ibi illud quippe erat excelsum maximum mille hostias in holocaustum obtulit Salomon super altare illud in Gabaon	Abiit itaque in Gabaon, ut immolaret ibi: illud quippe erat excelsum maximum: mille hostias in holocaustum obtulit Salomon super altare illud in Gabaon.		And the king went to Gibeon to sacrifice there; for that was the great high place: a thousand burnt offerings did Solomon offer upon that altar.
1Kgs	3	5	בְּגִבְעוֹן נִרְאָה יְהֹוָה אֶל־שְׁלֹמֹה בַּחֲלוֹם הַלָּיְלָה וַיֹּאמֶר אֱלֹהִים שְׁאַל מָה אֶתֶּן־לָךְ ׃	καὶ ὤφθη Κύριος τῷ Σαλωμὼν ἐν ὕπνῳ τὴν νύκτα· καὶ εἶπεν Κύριος πρὸς Σαλωμών Αἴτησαί τι αἴτημα σαυτῷ.	apparuit Dominus Salomoni per somnium nocte dicens postula quod vis ut dem tibi	Apparuit autem Dominus Salomoni per somnium nocte, dicens: Postula quod vis ut dem tibi.		In Gibeon the Lord appeared to Solomon in a dream by night: and God said, Ask what I shall give thee.
1Kgs	3	6	וַיֹּאמֶר שְׁלֹמֹה אַתָּה עָשִׂיתָ עִם־עַבְדְּךָ דָוִד אָבִי חֶסֶד גָּדוֹל כַּאֲשֶׁר הָלַךְ לְפָנֶיךָ בֶּאֱמֶת וּבִצְדָקָה וּבְיִשְׁרַת לֵבָב עִמָּךְ וַתִּשְׁמָר־לוֹ אֶת־הַחֶסֶד הַגָּדוֹל הַזֶּה וַתִּתֶּן־לוֹ בֵן יֹשֵׁב עַל־כִּסְאוֹ כַּיּוֹם הַזֶּה ׃	καὶ εἶπεν Σαλωμώνβ Σύ ἐποίησας μετὰ σοῦ, δούλου σου Δαυεὶδ τοῦ πατρός μου ἔλεος μέγα, καθὼς διῆλθεν ἐνώπιόν σου ἐν ἀληθείᾳ καὶ ἐν δικαιοςύνῃ καὶ ἐν εὐθύτητι καρδίας μετὰ σοῦ, καὶ ἐφύλαξας αὐτῷ τὸ ἔλεος τὸ μέγα τοῦτο, δοῦναι τὸν υἱὸν αὐτοῦ ἐπὶ τοῦ θρόνου αὐτοῦ ὡς ἡ ἡμέρα αὕτη.	et ait Salomon tu fecisti cum servo tuo David patre meo misericordiam magnam sicut ambulavit in conspectu tuo in veritate et iustitia et recto corde tecum custodisti ei misericordiam tuam grandem et dedisti ei filium sedentem super thronum eius sicut et hodie	Et ait Salomon: Tu fecisti cum servo tuo David patre meo misericordiam magnam, sicut ambulavit in conspectu tuo in veritate et justitia, et recto corde tecum: custodisti ei misericordiam tuam grandem, et dedisti ei filium sedentem super thronum ejus, sicut est hodie.		And Solomon said, Thou hast shewed unto thy servant David my father great mercy, according as he walked before thee in truth, and in righteousness, and in uprightness of heart with thee; and thou hast kept for him this great kindness, that thou hast given him a son to sit on his throne, as it is this day.
1Kgs	3	7	וְעַתָּה יְהוָה אֱלֹהָי אַתָּה הִמְלַכְתָּ אֶת־עַבְדְּךָ תַּחַת דָּוִד אָבִי וְאָנֹכִי נַעַר קָטֹן לֹא אֵדַע צֵאת וָבֹא ׃	καὶ νῦν, Κύριε ὁ θεός μου, σὺ ἔδωκας τὸν δοῦλόν σου ἀντὶ Δαυεὶδ τοῦ πατρός μου· καὶ ἐγώ εἰμι παιδάριον μικρόν, καὶ οὐκ οἶδα τὴν ἔξοδόν μου καὶ τὴν εἴσοδόν μου.	et nunc Domine Deus tu regnare fecisti servum tuum pro David patre meo ego autem sum puer parvus et ignorans egressum et introitum meum	Et nunc Domine Deus, tu regnare fecisti servum tuum pro David patre meo: ego autem sum puer parvulus, et ignorans egressum et introitum meum.		And now, O Lord my God, thou hast made thy servant king instead of David my father: and I am but a little child: I know not how to go out or come in.
1Kgs	3	8	וְעַבְדְּךָ בְּתוֹךְ עַמְּךָ אֲשֶׁר בָּחָרְתָּ עַם־רָב אֲשֶׁר לֹא־יִמָּנֶה וְלֹא יִסָּפֵר מֵרֹב ׃	ὁ δὲ δοῦλός σου ἐν μέσῳ τοῦ λαοῦ σου, ὅν ἐξελέξω λαὸν πολὺν ὃς οὐκ ἀριθμηθήσεται.	et servus tuus in medio est populi quem elegisti populi infiniti qui numerari et supputari non potest prae multitudine	Et servus tuus in medio est populi quem elegisti, populi infiniti, qui numerari et supputari non potest præ multitudine.		And thy servant is in the midst of thy people which thou hast chosen, a great people, that cannot be numbered nor counted for multitude.
1Kgs	3	9	וְנָתַתָּ לְעַבְדְּךָ לֵב שֹׁמֵעַ לִשְׁפֹּט אֶת־עַמְּךָ לְהָבִין בֵּין־טוֹב לְרָע כִּי מִי יוּכַל לִשְׁפֹּט אֶת־עַמְּךָ הַכָּבֵד הַזֶּה ׃	καὶ δώσεις τῷ δούλῳ σου καρδίαν ἀκούειν καὶ διακρίνειν τὸν λαόν σου ἐν δικαιοςύνῃ, καὶ τοῦ συνειῖν ἀνὰ μέσον ἀγαθοῦ καὶ κακοῦ· ὅτι τίς δυνήσεται κρίνειν τὸν λαόν σου τὸν βαρὺν τοῦτον;	dabis ergo servo tuo cor docile ut iudicare possit populum tuum et discernere inter malum et bonum quis enim potest iudicare populum istum populum tuum hunc multum	Dabis ergo servo tuo cor docile, ut populum tuum judicare possit, et discernere inter bonum et malum. Quis enim poterit judicare populum istum, populum tuum hunc multum?		Give therefore thy servant an understanding heart to judge thy people, that I may discern between good and bad: for who is able to judge this thy so great a people?
1Kgs	3	10	וַיִּיטַב הַדָּבָר בְּעֵינֵי אֲדֹנָי כִּי שָׁאַל שְׁלֹמֹה אֶת־הַדָּבָר הַזֶּה ׃	καὶ ἥρεσεν ἐνωπιον Κυρίου ὅτι ᾐτήσατο Σαλωμὼν βαρὺν τοῦτο.	placuit ergo sermo coram Domino quod Salomon rem huiuscemodi postulasset	Placuit ergo sermo coram Domino, quod Salomon postulasset hujuscemodi rem.		And the speech pleased the Lord, that Solomon had asked this thing.
1Kgs	3	11	וַיֹּאמֶר אֱלֹהִים אֵלָיו יַעַן אֲשֶׁר שָׁאַלְתָּ אֶת־הַדָּבָר הַזֶּה וְלֹא־שָׁאַלְתָּ לְּךָ יָמִים רַבִּים וְלֹא־שָׁאַלְתָּ לְּךָ עֹשֶׁר וְלֹא שָׁאַלְתָּ נֶפֶשׁ אֹיְבֶיךָ וְשָׁאַלְתָּ לְּךָ הָבִין לִשְׁמֹעַ מִשְׁפָּט ׃	καὶ εἶπεν Κύριος πρὸς αὐτόν Ἀνθ’ ὧν ᾐτήσω παρ’ ἐμοῦ τὸ ῥῆμα τοῦτο, καὶ οὐκ ᾐτήσω σαυτῷ ἡμέρας πολλὰς καὶ οὐκ ᾐτήσω πλοῦτον οὐδὲ ᾐτήσω ψυχὰς ἐχθρῶν σου, ἀλλ’ ᾐτήσω σαυτῷ τοῦ συνιεῖν τοῦ εἰσακούειν κρίμα·	et dixit Deus Salomoni quia postulasti verbum hoc et non petisti tibi dies multos nec divitias aut animam inimicorum tuorum sed postulasti tibi sapientiam ad discernendum iudicium	Et dixit Dominus Salomoni: Quia postulasti verbum hoc, et non petisti tibi dies multos, nec divitias, aut animas inimicorum tuorum, sed postulasti tibi sapientiam ad discernendum judicium:		And God said unto him, Because thou hast asked this thing, and hast not asked for thyself long life; neither hast asked riches for thyself, nor hast asked the life of thine enemies; but hast asked for thyself understanding to discern judgment;
1Kgs	3	12	הִנֵּה עָשִׂיתִי כִּדְבָרֶיךָ הִנֵּה נָתַתִּי לְךָ לֵב חָכָם וְנָבוֹן אֲשֶׁר כָּמוֹךָ לֹא־הָיָה לְפָנֶיךָ וְאַחֲרֶיךָ לֹא־יָקוּם כָּמוֹךָ ׃	ἰδοὺ πεποίηκα τό ῥῆμά σου· ἰδοὺ δέδωκά σοι καρδίαν φρονίμην καὶ σοφήν· ὡς ςὺ οὐ γέγονεν ἔμπροσθέν σου, καὶ μετὰ σὲ οὐκ ἀναστήσεται ὅμοιός σοι.	ecce feci tibi secundum sermones tuos et dedi tibi cor sapiens et intellegens in tantum ut nullus ante te similis tui fuerit nec post te surrecturus sit	ecce feci tibi secundum sermones tuos, et dedi tibi cor sapiens et intelligens, in tantum ut nullus ante te similis tui fuerit, nec post te surrecturus sit.		Behold, I have done according to thy words: lo, I have given thee a wise and an understanding heart; so that there was none like thee before thee, neither after thee shall any arise like unto thee.
1Kgs	3	13	וְגַם אֲשֶׁר לֹא־שָׁאַלְתָּ נָתַתִּי לָךְ גַּם־עֹשֶׁר גַּם־כָּבוֹד אֲשֶׁר לֹא־הָיָה כָמוֹךָ אִישׁ בַּמְּלָכִים כָּל־יָמֶיךָ ׃	καὶ ἃ οὐκ ᾐτήσω δέδωκά σοι, καὶ πλῦτον καὶ δόξαν, ὡς οὐ γέγονεν ἀνὴρ ὅμοιός σοι ἐν βασιλεῦσιν·	sed et haec quae non postulasti dedi tibi divitias scilicet et gloriam ut nemo fuerit similis tui in regibus cunctis retro diebus	Sed et hæc quæ non postulasti, dedi tibi: divitias scilicet, et gloriam, ut nemo fuerit similis tui in regibus cunctis retro diebus.		And I have also given thee that which thou hast not asked, both riches, and honour: so that there shall not be any among the kings like unto thee all thy days.
1Kgs	3	14	וְאִם תֵּלֵךְ בִּדְרָכַי לִשְׁמֹר חֻקַּי וּמִצְוֹתַי כַּאֲשֶׁר הָלַךְ דָּוִיד אָבִיךָ וְהַאַרַכְתִּי אֶת־יָמֶיךָ ׃ ס	καὶ ἐὰν πορευθῇς ἐν τῇ ὁδῷ μου φυλάσσειν τὰς ἐντολάς μου καὶ τὰ προστάγματά μου ὡς ἐπορεύθη Δαυεὶδ ὁ πατήρ σου, καὶ πληθυνῶ τὰς ἡμέρας σου.	si autem ambulaveris in viis meis et custodieris praecepta mea et mandata mea sicut ambulavit pater tuus longos faciam dies tuos	Si autem ambulaveris in viis meis, et custodieris præcepta mea et mandata mea, sicut ambulavit pater tuus, longos faciam dies tuos.		And if thou wilt walk in my ways, to keep my statutes and my commandments, as thy father David did walk, then I will lengthen thy days.
1Kgs	3	15	וַיִּקַץ שְׁלֹמֹה וְהִנֵּה חֲלוֹם וַיָּבוֹא יְרוּשָׁלַםִ וַיַּעֲמֹד לִפְנֵי אֲרוֹן בְּרִית־אֲדֹנָי וַיַּעַל עֹלוֹת וַיַּעַשׂ שְׁלָמִים וַיַּעַשׂ מִשְׁתֶּה לְכָל־עֲבָדָיו ׃ פ	καὶ ἐξυπνίσθη Σαλωμών, καὶ ἰδοὺ ἐνύπνιον· καὶ ἀνέστη καὶ παργίνεται εἰς Ἰερουσαλήμ, καὶ ἔστη κατὰ πρόσωπον τοῦ θυσιαστηρίου τοῦ κατὰ πρόσωπον κιβωτοῦ διαθήκης Κυρίου ἐν Σειών, καὶ ἀνήγαγεν ὁλοκαυτώσεις καὶ ἐποίησεν εἰρηνικάς, καὶ ἐποίησεν πότον μέγαν ἑαυτῷ καὶ πᾶσιν τοῖς παισὶν ἑαυτοῦ.	igitur evigilavit Salomon et intellexit quod esset somnium cumque venisset Hierusalem stetit coram arca foederis Domini et obtulit holocausta et fecit victimas pacificas et grande convivium universis famulis suis	Igitur evigilavit Salomon, et intellexit quod esset somnium: cumque venisset Jerusalem, stetit coram arca fœderis Domini, et obtulit holocausta, et fecit victimas pacificas, et grande convivium universis famulis suis.		And Solomon awoke; and, behold, it was a dream. And he came to Jerusalem, and stood before the ark of the covenant of the Lord, and offered up burnt offerings, and offered peace offerings, and made a feast to all his servants.
1Kgs	3	16	אָז תָּבֹאנָה שְׁתַּיִם נָשִׁים זֹנוֹת אֶל־הַמֶּלֶךְ וַתַּעֲמֹדְנָה לְפָנָיו ׃	Τότε ὤφθησαν δύο γυναὶκες πόρναι τῷ βασιλεῖ καὶ ἔστησαν ἐνώπιον αὐτοὺ.	tunc venerunt duae mulieres meretrices ad regem steteruntque coram eo	Tunc venerunt duæ mulieres meretrices ad regem, steteruntque coram eo:		Then came there two women, that were harlots, unto the king, and stood before him.
1Kgs	3	17	וַתֹּאמֶר הָאִשָּׁה הָאַחַת בִּי אֲדֹנִי אֲנִי וְהָאִשָּׁה הַזֹּאת יֹשְׁבֹת בְּבַיִת אֶחָד וָאֵלֵד עִמָּהּ בַּבָּיִת ׃	καὶ εἶπεν ἡ γυνὴ ἡ μία Ἐν ἐμοί, κύριε· ἐγὼ καὶ ἡ γυνὴ αἥτη οἰκοῦμεν ἐν οἴκῳ ἐνί, καὶ ἐτέκομεν ἐν τῷ οἴκῳ·	quarum una ait obsecro mi domine ego et mulier haec habitabamus in domo una et peperi apud eam in cubiculo	quarum una ait: Obsecro, mi domine: ego et mulier hæc habitabamus in domo una, et peperi apud eam in cubiculo.		And the one woman said, O my lord, I and this woman dwell in one house; and I was delivered of a child with her in the house.
1Kgs	3	18	וַיְהִי בַּיּוֹם הַשְּׁלִישִׁי לְלִדְתִּי וַתֵּלֶד גַּם־הָאִשָּׁה הַזֹּאת וַאֲנַחְנוּ יַחְדָּו אֵין־זָר אִתָּנוּ בַּבַּיִת זוּלָתִי שְׁתַּיִם־אֲנַחְנוּ בַּבָּיִת ׃	καὶ ἐγεηήθη ἐν τῇ ἡμέρᾳ τῇ τρίτῃ τεκούσης μου καὶ ἔτεκεν καὶ ἡ γυνὴ αἥτη· καὶ ἡμεῖς κατὰ τὸ αὐτό, καὶ οὐκ ἔστιν οὐθεὶς μεθ’ ἡμῶν παρὲξ ἀμφοτέρων ἡμῶν ἐν τῷ οἴκῳ.	tertia vero die postquam ego peperi peperit et haec et eramus simul nullusque alius in domo nobiscum exceptis nobis duabus	Tertia autem die postquam ego peperi, peperit et hæc: et eramus simul, nullusque alius nobiscum in domo, exceptis nobis duabus.		And it came to pass the third day after that I was delivered, that this woman was delivered also: and we were together; there was no stranger with us in the house, save we two in the house.
1Kgs	3	19	וַיָּמָת בֶּן־הָאִשָּׁה הַזֹּאת לָיְלָה אֲשֶׁר שָׁכְבָה עָלָיו ׃	καὶ ἀπέθανεν ὁυίὸς τὴς γυναικὸς ταύτης τὴν νύκτα, ὠς ἐπεκοιμήθη ἐπ’ αὐτόν·	mortuus est autem filius mulieris huius nocte dormiens quippe oppressit eum	Mortuus est autem filius mulieris hujus nocte: dormiens quippe oppressit eum.		And this woman's child died in the night; because she overlaid it.
1Kgs	3	20	וַתָּקָם בְּתוֹךְ הַלַּיְלָה וַתִּקַּח אֶת־בְּנִי מֵאֶצְלִי וַאֲמָתְךָ יְשֵׁנָה וַתַּשְׁכִּיבֵהוּ בְּחֵיקָהּ וְאֶת־בְּנָהּ הַמֵּת הִשְׁכִּיבָה בְחֵיקִי ׃	καὶ ἀνέστη μέσης τῆς νυκτὸς καὶ ἔλαβεν τὸν υἱόν μου ἐκ τῶν ἀγκαλῶν μου καὶ ἐκοίμισεν αὐτὸν ἐν τῷ κόλπῳ αὐτῆς, καὶ τὸν υἱὸν αὐτῆς τὸν τεθνηκότα ἐκοίμισεν ἐν τῷ κόλπῳ μου.	et consurgens intempesta nocte silentio tulit filium meum de latere meo ancillae tuae dormientis et conlocavit in sinu suo suum autem filium qui erat mortuus posuit in sinu meo	Et consurgens intempestæ noctis silentio, tulit filium meum de latere meo, ancillæ tuæ dormientis, et collocavit in sinu suo: suum autem filium, qui erat mortuus, posuit in sinu meo.		And she arose at midnight, and took my son from beside me, while thine handmaid slept, and laid it in her bosom, and laid her dead child in my bosom.
1Kgs	3	21	וָאָקֻם בַּבֹּקֶר לְהֵינִיק אֶת־בְּנִי וְהִנֵּה־מֵת וָאֶתְבּוֹנֵן אֵלָיו בַּבֹּקֶר וְהִנֵּה לֹא־הָיָה בְנִי אֲשֶׁר יָלָדְתִּי ׃	καὶ ἀνέστην τὸ πρωὶ θηλάσαι τὸν υἱόν μου, καὶ ἐκεῖνος ἦν τεθνηκώς· καὶ ἰδοὺ κατενόησα αὐτὸν πρωί, καὶ ἰδοὺ οὐκ ἦν ὁ υἱός μου ὃν ἔτεκον.	cumque surrexissem mane ut darem lac filio meo apparuit mortuus quem diligentius intuens clara luce deprehendi non esse meum quem genueram	Cumque surrexissem mane ut darem lac filio meo, apparuit mortuus: quem diligentius intuens clara luce, deprehendi non esse meum quem genueram.		And when I rose in the morning to give my child suck, behold, it was dead: but when I had considered it in the morning, behold, it was not my son, which I did bear.
1Kgs	3	22	וַתֹּאמֶר הָאִשָּׁה הָאַחֶרֶת לֹא כִי בְּנִי הַחַי וּבְנֵךְ הַמֵּת וְזֹאת אֹמֶרֶת לֹא כִי בְּנֵךְ הַמֵּת וּבְנִי הֶחָי וַתְּדַבֵּרְנָה לִפְנֵי הַמֶּלֶךְ ׃	καὶ εἶπεν ἡ γυνὴ ἠ ἐτέρα Οὐχί, ἀλλὰ ὁ υἰός μου ὁ ζῶν, ὁ δὲ υίός σου ὁ τεθνηκως· καὶ ἐλάλησαν ἐνώπιον τοῦ βασιλέως.	responditque altera mulier non est ita sed filius tuus mortuus est meus autem vivit e contrario illa dicebat mentiris filius quippe meus vivit et filius tuus mortuus est atque in hunc modum contendebant coram rege	Responditque altera mulier: Non est ita ut dicis, sed filius tuus mortuus est, meus autem vivit. E contrario illa dicebat: Mentiris: filius quippe meus vivit, et filius tuus mortuus est. Atque in hunc modum contendebant coram rege.		And the other woman said, Nay; but the living is my son, and the dead is thy son. And this said, No; but the dead is thy son, and the living is my son. Thus they spake before the king.
1Kgs	3	23	וַיֹּאמֶר הַמֶּלֶךְ זֹאת אֹמֶרֶת זֶה־בְּנִי הַחַי וּבְנֵךְ הַמֵּת וְזֹאת אֹמֶרֶת לֹא כִי בְּנֵךְ הַמֵּת וּבְנִי הֶחָי ׃ פ	καὶ εἶπεν ὁ βασιλεὺς αὐταῖς Σὺ λέυεις Οὖτος ὁ υἱός μου ὁ ζῶν, καὶ ὁ υίός ταύτης ὁ τεθνηκώς· καὶ σὺ λέγεις Οὐχί, ἀλλὰ ὁ υἰός μου ὁ ζῶν, καὶ ὁ υἱός σου ὁτευνηκώς.	tunc rex ait haec dicit filius meus vivit et filius tuus mortuus est et ista respondit non sed filius tuus mortuus est et filius meus vivit	Tunc rex ait: Hæc dicit: Filius meus vivit, et filius tuus mortuus est: et ista respondit: Non, sed filius tuus mortuus est, meus autem vivit.		Then said the king, The one saith, This is my son that liveth, and thy son is the dead: and the other saith, Nay; but thy son is the dead, and my son is the living.
1Kgs	3	24	וַיֹּאמֶר הַמֶּלֶךְ קְחוּ לִי־חָרֶב וַיָּבִאוּ הַחֶרֶב לִפְנֵי הַמֶּלֶךְ ׃	καὶ εἶπεν ὁ βασιλεύς Λάβετε μάχαιραν· καὶ προσήνεεγκαν τὴν μάχαιραν ἐνώπιον τοῦ βασιλέως.	dixit ergo rex adferte mihi gladium cumque adtulissent gladium coram rege	Dixit ergo rex: Afferte mihi gladium. Cumque attulissent gladium coram rege,		And the king said, Bring me a sword. And they brought a sword before the king.
1Kgs	3	25	וַיֹּאמֶר הַמֶּלֶךְ גִּזְרוּ אֶת־הַיֶּלֶד הַחַי לִשְׁנָיִם וּתְנוּ אֶת־הַחֲצִי לְאַחַת וְאֶת־הַחֲצִי לְאֶחָת ׃	καὶ εἶπεν ὁ βασιλεύς Διέλετε τὸ παιδίον τὸ θηλάζον τὸ ζῶν εἰς δύο, καὶ δότε τὸ ἥμισυ αὐτοῦ ταύτῃ καὶ τὸ ἤμισυ αὐτοῦ ταύτῃ.	dividite inquit infantem vivum in duas partes et date dimidiam partem uni et dimidiam partem alteri	Dividite, inquit, infantem vivum in duas partes, et date dimidiam partem uni, et dimidiam partem alteri.		And the king said, Divide the living child in two, and give half to the one, and half to the other.
1Kgs	3	26	וַתֹּאמֶר הָאִשָּׁה אֲשֶׁר־בְּנָהּ הַחַי אֶל־הַמֶּלֶךְ כִּי־נִכְמְרוּ רַחֲמֶיהָ עַל־בְּנָהּ וַתֹּאמֶר בִּי אֲדֹנִי תְּנוּ־לָהּ אֶת־הַיָּלוּד הַחַי וְהָמֵת אַל־תְּמִיתֻהוּ וְזֹאת אֹמֶרֶת גַּם־לִי גַם־לָךְ לֹא יִהְיֶה גְּזֹרוּ ׃	καὶ ἀπεεκρίθη ἡ γυνὴ ἦς ἦν ὁ υίὸς ὁ ζῶν καὶ εἶπεν πρὸς τὸν βασιλέα, ὄτι ἐταράχθη ἡ μήτρα αὐτῆς ἐπὶ τῷ υἱῷ αὐτῆς, καὶ εἶπεν ἐν ἐμοί, κύριε, δότε αὐτῇ τὸ παιδιον καὶ θανάτῳ μὴ θανταώσητε αὐτόν· καὶ αὔτη εἦπεν Μήτε ἑμοὶ μήτε αὐτῇ ἔστω· διέλετε.	dixit autem mulier cuius filius erat vivus ad regem commota sunt quippe viscera eius super filio suo obsecro domine date illi infantem vivum et nolite interficere eum contra illa dicebat nec mihi nec tibi sit dividatur	Dixit autem mulier, cujus filius erat vivus, ad regem (commota sunt quippe viscera ejus super filio suo): Obsecro, domine, date illi infantem vivum, et nolite interficere eum. E contrario illa dicebat: Nec mihi nec tibi sit, sed dividatur.		Then spake the woman whose the living child was unto the king, for her bowels yearned upon her son, and she said, O my lord, give her the living child, and in no wise slay it. But the other said, Let it be neither mine nor thine, but divide it.
1Kgs	3	27	וַיַּעַן הַמֶּלֶךְ וַיֹּאמֶר תְּנוּ־לָהּ אֶת־הַיָּלוּד הַחַי וְהָמֵת לֹא תְמִיתֻהוּ הִיא אִמּוֹ ׃	καὶ ἀπεκρίθη ὁπεκρίθη ὁ βασιλεὺς καὶ εἶπεν Δότε τὸ παιδίον τῇ εἰπούςῃ Δότε αὐτῇ αὐτὸ καὶ θανάτῳ μὴ θανταώσητε αὐτόν· αὐτὴ ἡ μήτηρ αὐτοῦ.	respondens rex ait date huic infantem vivum et non occidatur haec est mater eius	Respondit rex, et ait: Date huic infantem vivum, et non occidatur: hæc est enim mater ejus.		Then the king answered and said, Give her the living child, and in no wise slay it: she is the mother thereof.
1Kgs	3	28	וַיִּשְׁמְעוּ כָל־יִשְׂרָאֵל אֶת־הַמִּשְׁפָּט אֲשֶׁר שָׁפַט הַמֶּלֶךְ וַיִּרְאוּ מִפְּנֵי הַמֶּלֶךְ כִּי רָאוּ כִּי־חָכְמַת אֱלֹהִים בְּקִרְבּוֹ לַעֲשׂוֹת מִשְׁפָּט ׃ ס	καὶ ἤκουσαν πᾶς Ἰσραὴλ τὸ κρίμα τοῦτο ὃ ἔκρινεν ὁ βασιλεύς · καὶ ἐφοβήρησαν ἀπο προσώπου τοῦ βασιλέως, ὄτι εἶδον ὄτι φρόνησις θεοῦ ἐν αὐτῷ τοῦ ποιεῖν δικαίωα.	audivit itaque omnis Israhel iudicium quod iudicasset rex et timuerunt regem videntes sapientiam Dei esse in eo ad faciendum iudicium	Audivit itaque omnis Israël judicium quod judicasset rex, et timuerunt regem, videntes sapientiam Dei esse in eo ad faciendum judicium.		And all Israel heard of the judgment which the king had judged; and they feared the king: for they saw that the wisdom of God was in him, to do judgment.
1Kgs	4	1	וַיְהִי הַמֶּלֶךְ שְׁלֹמֹה מֶלֶךְ עַל־כָּל־יִשְׂרָאֵל ׃ ס	Καὶ ἦν ὁ βασιλεὺς Σαλωμῶν βασιλεύων ἐπὶ Ἰσραήλ.	erat autem rex Salomon regnans super omnem Israhel	Erat autem rex Salomon regnans super omnem Israël:		So king Solomon was king over all Israel.
1Kgs	4	2	וְאֵלֶּה הַשָּׂרִים אֲשֶׁר־לוֹ עֲזַרְיָהוּ בֶן־צָדוֹק הַכֹּהֵן ׃ ס	καὶ οὖτοι ἄρχοντες οἵ ἦσαν αὐτοῦ· Ἀζαρεὶ υἱὸς Σαδώκ,	et hii principes quos habebat Azarias filius Sadoc sacerdos	et hi principes quos habebat: Azarias filius Sadoc sacerdotis:		And these were the princes which he had; Azariah the son of Zadok the priest,
1Kgs	4	3	אֱלִיחֹרֶף וַאֲחִיָּה בְּנֵי שִׁישָׁא סֹפְרִים יְהוֹשָׁפָט בֶּן־אֲחִילוּד הַמַּזְכִּיר ׃	καὶ Ἐλιὰφ καὶ Ἀχειὰ υἱὸς Σαβὰ γραμματεῖς, καὶ Ἰωσαφὰθ υἱὸς Ἀχειλιαδ ὑπομιμνήσκων,	Helioreph et Ahia filii Sesa scribae Iosaphat filius Ahilud a commentariis	Elihoreph et Ahia filii Sisa scribæ: Josaphat filius Ahilud a commentariis:		Elihoreph and Ahiah, the sons of Shisha, scribes; Jehoshaphat the son of Ahilud, the recorder.
1Kgs	4	4	וּבְנָיָהוּ בֶן־יְהוֹיָדָע עַל־הַצָּבָא וְצָדוֹק וְאֶבְיָתָר כֹּהֲנִים ׃ ס	καὶ Σαδοὺχ καὶ Ἀβιαθὰρ ἱερεῖς,	Banaias filius Ioiadae super exercitum Sadoc autem et Abiathar sacerdotes	Banaias filius Jojadæ super exercitum: Sadoc autem et Abiathar sacerdotes:		And Benaiah the son of Jehoiada was over the host: and Zadok and Abiathar were the priests:
1Kgs	4	5	וַעֲזַרְיָהוּ בֶן־נָתָן עַל־הַנִּצָּבִים וְזָבוּד בֶּן־נָתָן כֹּהֵן רֵעֶה הַמֶּלֶךְ ׃	καὶ Ὀρνειὰ υἱὸς Ναθὰν ἐπὶ τῶν καθεσταμένων, καὶ Ζαβοὺθ υἱὸς ναθὰν ἑταῖρος τοῦ βασιλέως,	Azarias filius Nathan super eos qui adsistebant regi Zabud filius Nathan sacerdos amicus regis	Azarias filius Nathan super eos qui assistebant regi: Zabud filius Nathan sacerdos, amicus regis:		And Azariah the son of Nathan was over the officers: and Zabud the son of Nathan was principal officer, and the king's friend:
1Kgs	4	6	וַאֲחִישָׁר עַל־הַבָּיִת וַאֲדֹנִירָם בֶּן־עַבְדָּא עַל־הַמַּס ׃ ס	καὶ Ἀχεὶ ἦν οἰκονόμος, καὶ ἐλιὰκ ὁ οἰκονόμος, καὶ Ἐλιὰβ υἱὸς Σὰφ ἐπὶ τῆς πατριᾶς, καὶ Ἀδωνειρὰμ υἱὸς Ἐφρὰ ἐπὶ τῶν φόρων.	et Ahisar praepositus domus et Adoniram filius Abda super tributa	et Ahisar præpositus domus: et Adoniram filius Abda super tributa.		And Ahishar was over the household: and Adoniram the son of Abda was over the tribute.
1Kgs	4	7	וְלִשְׁלֹמֹה שְׁנֵים־עָשָׂר נִצָּבִים עַל־כָּל־יִשְׂרָאֵל וְכִלְכְּלוּ אֶת־הַמֶּלֶךְ וְאֶת־בֵּיתוֹ חֹדֶשׁ בַּשָּׁנָה יִהְיֶה עַל־אֶחָד לְכַלְכֵּל ׃ ס	καὶ τῷ Σαλωμὲν δώδεκα καθεσταμένοι ἐπὶ πάντα Ἰσραήλ, χορηγεῖν τῷ βασιλεῖ καὶ τᾦ οἴκῳ αὐτοῦ· μῆνα ἐν τῷ ἐνιαυτῷ ἐγίνετο ἐπὶ τὸν ἕνα χορηγεῖν.	habebat autem Salomon duodecim praefectos super omnem Israhel qui praebebant annonam regi et domui eius per singulos enim menses in anno singuli necessaria ministrabant	Habebat autem Salomon duodecim præfectos super omnem Israël, qui præbebant annonam regi et domui ejus: per singulos enim menses in anno, singuli necessaria ministrabant.		And Solomon had twelve officers over all Israel, which provided victuals for the king and his household: each man his month in a year made provision.
1Kgs	4	8	וְאֵלֶּה שְׁמוֹתָם בֶּן־חוּר בְּהַר אֶפְרָיִם ׃ ס	καὶ ταῦτα τὰ ὀνόματα αὐτῶν· Βαιὼρ ἐν ὄρει Ἐφράιμ, εἷς·	et haec nomina eorum Benhur in monte Ephraim	Et hæc nomina eorum: Benhur in monte Ephraim.		And these are their names: The son of Hur, in mount Ephraim:
1Kgs	4	9	בֶּן־דֶּקֶר בְּמָקַץ וּבְשַׁעַלְבִים וּבֵית שָׁמֶשׁ וְאֵילוֹן בֵּית חָנָן ׃ ס	υἱὸς Ῥῆχας ἐν Μαχεμὰς καὶ Βηθαλαμεὶ καὶ βαιθςάμυς καὶ Ἐλμ ἕως Βαιθλαμάν, εἷς·	Bendecar in Macces et in Salebbim et in Bethsemes et Helon Bethanan	Bendecar in Macces, et in Salebim, et in Bethsames, et in Elon, et in Bethanan.		The son of Dekar, in Makaz, and in Shaalbim, and Bethshemesh, and Elonbethhanan:
1Kgs	4	10	בֶּן־חֶסֶד בָּאֲרֻבּוֹת לוֹ שֹׂכֹה וְכָל־אֶרֶץ חֵפֶר ׃ ס	υἱὸς Ἕσωθ, Βηρνεμαλουσαμηνχὰ καὶ ‘Ρησφαραχεὶν	Benesed in Araboth ipsius erat Soccho et omnis terra Epher	Benhesed in Aruboth: ipsius erat Socho, et omnis terra Epher.		The son of Hesed, in Aruboth; to him pertained Sochoh, and all the land of Hepher:
1Kgs	4	11	בֶּן־אֲבִינָדָב כָּל־נָפַת דֹּאר טָפַת בַּת־שְׁלֹמֹה הָיְתָה לּוֹ לְאִשָּׁה ׃ ס	ἀνὰ Δὰν καὶ ἀνὰ Φαθεί, ἀνὴρ Ταβληθεί, θυγάτηρ Σαλωμὼν ἦν αὐτῷ εἰς γυναῖκα, εἷς·	Benabinadab cuius omnis Nepthad Dor Tapheth filiam Salomonis habebat uxorem	Benabinadab, cujus omnis Nephath Dor: Tapheth filiam Salomonis habebat uxorem.		The son of Abinadab, in all the region of Dor; which had Taphath the daughter of Solomon to wife:
1Kgs	4	12	בַּעֲנָא בֶּן־אֲחִילוּד תַּעְנַךְ וּמְגִדּוֹ וְכָל־בֵּית שְׁאָן אֲשֶׁר אֵצֶל צָרְתַנָה מִתַּחַת לְיִזְרְעֶאל מִבֵּית שְׁאָן עַד אָבֵל מְחוֹלָה עַד מֵעֵבֶר לְיָקְמֳעָם ׃ ס	Βακχὰ υἱὸς Ἀχειμάχ, πολαμὰχ καὶ Μεκεδώ, καὶ πᾶς ὁ οἶκος Δὰν ὁ παρὰ Σεσαθὰν ὑποκάτω τοῦ Ἐσρᾶε, καὶ ἐκ Βαισαφοὺτ Ἐβελμαωλὰ ἕως Μαέβερ Λουκάμ, εἷς·	Bana filius Ahilud regebat Thanac et Mageddo et universam Bethsan quae est iuxta Sarthana subter Hiezrahel a Bethsan usque Abelmeula e regione Iecmaan	Bana filius Ahilud regebat Thanac et Mageddo, et universam Bethsan, quæ est juxta Sarthana subter Jezrahel, a Bethsan usque Abelmehula e regione Jecmaan.		Baana the son of Ahilud; to him pertained Taanach and Megiddo, and all Bethshean, which is by Zartanah beneath Jezreel, from Bethshean to Abelmeholah, even unto the place that is beyond Jokneam:
1Kgs	4	13	בֶּן־גֶּבֶר בְּרָמֹת גִּלְעָד לוֹ חַוֹּת יָאִיר בֶּן־מְנַשֶּׁה אֲשֶׁר בַּגִּלְעָד לוֹ חֶבֶל אַרְגֹּב אֲשֶׁר בַּבָּשָׁן שִׁשִּׁים עָרִים גְּדֹלוֹת חוֹמָה וּבְרִיחַ נְחֹשֶׁת ׃ ס	υἱὸς Γάβερ Ἐρεμὰθ Γαλαάθ, τούτῳ σχοίνισμα Ἐρεταβὰμ ἐν τῇ Βασάν, ἑξήκοντα πόλεις μεγάλαι τειχήρεις καὶ μοχλοὶ χαλκοῖ, εἷς·	Bengaber in Ramoth Galaad habebat Avothiair filii Manasse in Galaad ipse praeerat in omni regione Argob quae est in Basan sexaginta civitatibus magnis atque muratis quae habebant seras aereas	Bengaber in Ramoth Galaad: habebat Avothjair filii Manasse in Galaad: ipse præerat in omni regione Argob, quæ est in Basan, sexaginta civitatibus magnis atque muratis quæ habebant seras æreas.		The son of Geber, in Ramothgilead; to him pertained the towns of Jair the son of Manasseh, which are in Gilead; to him also pertained the region of Argob, which is in Bashan, threescore great cities with walls and brasen bars:
1Kgs	4	14	אֲחִינָדָב בֶּן־עִדֹּא מַחֲנָיְמָה ׃	Ἀχειναὰβ υἱὸς Ἀχέλ, Μααναιεῖον·	Ahinadab filius Addo praeerat in Manaim	Ahinadab filius Addo præerat in Manaim.		Ahinadab the son of Iddo had Mahanaim:
1Kgs	4	15	אֲחִימַעַץ בְּנַפְתָּלִי גַּם־הוּא לָקַח אֶת־בָּשְׂמַת בַּת־שְׁלֹמֹה לְאִשָּׁה ׃	Ἀχειμάας ἐν Νεφθαλεί, καὶ οὗτος ἔλαβεν τὴν Βασεμμὰθ θυγατέρα Σαλωμών, εἷς·	Ahimaas in Nepthali sed et ipse habebat Basmath filiam Salomonis in coniugio	Achimaas in Nephthali: sed et ipse habebat Basemath filiam Salomonis in conjugio.		Ahimaaz was in Naphtali; he also took Basmath the daughter of Solomon to wife:
1Kgs	4	16	בַּעֲנָא בֶּן־חוּשָׁי בְּאָשֵׁר וּבְעָלוֹת ׃ ס	Βαανὰ νἱὸς Χουσεὶ ἐν τῇ Μααλά, εἷς·	Baana filius Usi in Aser et in Balod	Baana filius Husi in Aser, et in Baloth.		Baanah the son of Hushai was in Asher and in Aloth:
1Kgs	4	17	יְהוֹשָׁפָט בֶּן־פָּרוּחַ בְּיִשָׂשכָר ׃ ס	υἱὸς Ἠλὰ ἐν τῷ Βενιαμείν·	Iosaphat filius Pharue in Isachar	Josaphat filius Pharue in Issachar.		Jehoshaphat the son of Paruah, in Issachar:
1Kgs	4	18	שִׁמְעִי בֶן־אֵלָא בְּבִנְיָמִן ׃ ס	υἱὸς Ἀδαὶ ἐν τῇ γῇ Γὰδ τῇ Σηὼν βασιλέως τοῦ Ἑσεβὼν καὶ Ὢγ βασιλέως τοῦ Βασάμν· καὶ νασὲφ εἷς ἐν γῇ Ἰούδα·	Semei filius Hela in Beniamin	Semei filius Ela in Benjamin.		Shimei the son of Elah, in Benjamin:
1Kgs	4	19	גֶּבֶר בֶּן־אֻרִי בְּאֶרֶץ גִּלְעָד אֶרֶץ סִיחוֹן מֶלֶךְ הָאֱמֹרִי וְעֹג מֶלֶךְ הַבָּשָׁן וּנְצִיב אֶחָד אֲשֶׁר בָּאָרֶץ ׃	Ἰωσαφὰτ υἱὸς φουασοὺδ ἐν Ἰσσαχάρ.	Gaber filius Uri in terra Galaad in terra Seon regis Amorrei et Og regis Basan super omnia quae erant in illa terra	Gaber filius Uri in terra Galaad, in terra Sehon regis Amorrhæi et Og regis Basan, super omnia quæ erant in illa terra.		Geber the son of Uri was in the country of Gilead, in the country of Sihon king of the Amorites, and of Og king of Bashan; and he was the only officer which was in the land.
1Kgs	4	20	יְהוּדָה וְיִשְׂרָאֵל רַבִּים כַּחוֹל אֲשֶׁר־עַל־הַיָּם לָרֹב אֹכְלִים וְשֹׁתִים וּשְׂמֵחִים ׃	καὶ ἐχορήγουν οἱ καθεσταμένοι οἵτως τῷ βασιλεῖ Σαλωμών, καὶ πάντα διαγγέλματα ἐπὶ τὴν τράπεζαν τοῦ βασιλέως, ἔκαστος μῆνα αὐτοῦ· οὐ παραλλάσσουσιν λόγον·	Iuda et Israhel innumerabiles sicut harena maris in multitudine comedentes et bibentes atque laetantes	Juda et Israël innumerabiles, sicut arena maris in multitudine: comedentes, et bibentes, atque lætantes.		Judah and Israel were many, as the sand which is by the sea in multitude, eating and drinking, and making merry.
1Kgs	4	21		καὶ τὰς κριθὰς καὶ τὸ ἄχυρον τοῖς ἵπποις καὶ τοῖς ἅρμασιν ᾖρον εἰς τὸν τόπον οὖ ἄν ᾖ ὁ βασιλεύς, ἔκαστος κατὰ τὴν σύνταξιν αὐτοῦ.	Salomon autem erat in dicione sua habens omnia regna sicut a flumine terrae Philisthim usque ad terminum Aegypti offerentium sibi munera et servientium ei cunctis diebus vitae eius	Salomon autem erat in ditione sua, habens omnia regna a flumine terræ Philisthiim usque ad terminum Ægypti: offerentium sibi munera, et servientium ei cunctis diebus vitæ ejus.		And Solomon reigned over all kingdoms from the river unto the land of the Philistines, and unto the border of Egypt: they brought presents, and served Solomon all the days of his life.
1Kgs	4	22		καὶ ταπυτα τὰ δέοντα τῷ Σαλωμὼν ἐν ἐν ἠμέρᾳ μιᾷ· τριάκοντα κόροι σεμιδάλεως καὶ ἑξήκοντα κόροι ἀλεύρου κεκοπανισμένου,	erat autem cibus Salomonis per dies singulos triginta chori similae et sexaginta chori farinae	Erat autem cibus Salomonis per dies singulos triginta cori similæ, et sexaginta cori farinæ,		And Solomon's provision for one day was thirty measures of fine flour, and threescore measures of meal,
1Kgs	4	23		καὶ δέκα μόσχοι έκλεκτοὶ καὶ εἴκοσι βόες νομάδες καὶ ἑκατὸν πρόβατα, ἐκτὸς ἐλάφων καὶ δορκόδων δορκάδων καὶ ὀρνίθων ἐκλεκτῶν, σιτευτά.	decem boves pingues et viginti boves pascuales et centum arietes excepta venatione cervorum caprearum atque bubalorum et avium altilium	decem boves pingues, et viginti boves pascuales, et centum arietes, excepta venatione cervorum, caprearum, atque bubalorum, et avium altilium.		Ten fat oxen, and twenty oxen out of the pastures, and an hundred sheep, beside harts, and roebucks, and fallowdeer, and fatted fowl.
1Kgs	4	24		ὅτι ἦν ἄρχων πέραν τοῦ ποταμοῦ, καὶ ἦν αὐτῷ εἰρήνη ἐκ πάντων τῶν μερῶν κυκλόξεν.	ipse enim obtinebat omnem regionem quae erat trans flumen quasi a Thapsa usque Gazam et cunctos reges illarum regionum et habebat pacem ex omni parte in circuitu	Ipse enim obtinebat omnem regionem quæ erat trans flumen, a Thaphsa usque ad Gazan, et cunctos reges illarum regionum: et habebat pacem ex omni parte in circuitu.		For he had dominion over all the region on this side the river, from Tiphsah even to Azzah, over all the kings on this side the river: and he had peace on all sides round about him.
1Kgs	4	25		καὶ ἔδωκεν Κύριος φρόνησιν τῷ Σαλωμὼν καὶ σοφίαν πολλὴν σφόδρα καὶ χύμα καρδίας ὡς ἡ ἄμμος ἠ παρὰ τὴν θάλασσαν.	habitabatque Iudas et Israhel absque timore ullo unusquisque sub vite sua et sub ficu sua a Dan usque Bersabee cunctis diebus Salomonis	Habitabatque Juda et Israël absque timore ullo, unusquisque sub vite sua et sub ficu sua, a Dan usque Bersabee, cunctis diebus Salomonis.		And Judah and Israel dwelt safely, every man under his vine and under his fig tree, from Dan even to Beersheba, all the days of Solomon.
1Kgs	4	26		καὶ ἐπληθύνθη Σαλωμὼν σφόδρα ὑπέρ τὴν φρόησιν πάντων ἀρχαίων ἀνθρώπων καὶ ὑπὲρ πάντας φρονίμους Αἰγύπτου.	et habebat Salomon quadraginta milia praesepia equorum currulium et duodecim milia equestrium	Et habebat Salomon quadraginta millia præsepia equorum currilium, et duodecim millia equestrium.		And Solomon had forty thousand stalls of horses for his chariots, and twelve thousand horsemen.
1Kgs	4	27		καὶ ἐσοφίσατο ὑπὲρ πάντας τοῦς ἀνθρώπους, καὶ ἐεσοξίσατο ὑπὲρ Γαιξὰν τὸν Ζαρείτην καὶ τὸν Αἰνὰν καὶ τὸν Χαλκὰδ καὶ Δαραλά, υἱὸς Μάλ.	nutriebantque eos supradicti regis praefecti sed et necessaria mensae regis Salomonis cum ingenti cura praebebant in tempore suo	Nutriebantque eos supradicti regis præfecti: sed et necessaria mensæ regis Salomonis cum ingenti cura præbebant in tempore suo.		And those officers provided victual for king Solomon, and for all that came unto king Solomon's table, every man in his month: they lacked nothing.
1Kgs	4	28		καὶ ἐλάλησεν Σαλωμὼν τρισχιλίας παραβολάς, καὶ ἦσαν ῲδαὶ αὐτοῦ πεντακισχίλιαι.	hordeum quoque et paleas equorum et iumentorum deferebant in locum ubi erat rex iuxta constitutum sibi	Hordeum quoque, et paleas equorum et jumentorum, deferebant in locum ubi erat rex, juxta constitutum sibi.		Barley also and straw for the horses and dromedaries brought they unto the place where the officers were, every man according to his charge.
1Kgs	4	29		καὶ ἐλάλησεν ὑπὲρ τῶν ξύλων ἀπὸ τὴς κ΄δρου τῆς ἐν τῷ Λιβάνῳ καὶ ἔως τῆς ὑσσώπου τῆς ἐκπορευομένηνης διὰ τοῦ τοίχου, καὶ ἐλάλησεν περὶ τῶν κτηνῶν καὶ περὶ τῶν πετεινῶν καὶ περὶ τῶν ἐρπετῶν καὶ περὶ τῶν ἰχθύων.	dedit quoque Deus sapientiam Salomoni et prudentiam multam nimis et latitudinem cordis quasi harenam quae est in litore maris	Dedit quoque Deus sapientiam Salomoni, et prudentiam multam nimis, et latitudinem cordis quasi arenam quæ est in littore maris.		And God gave Solomon wisdom and understanding exceeding much, and largeness of heart, even as the sand that is on the sea shore.
1Kgs	4	30		καὶ παρεγίνοντο πάντες οἱ λαοὶ ἀκοῦσαι τῆς σοφίας Σαλωμών, καὶ παρὰ πάντων τῶν βασιλέων τῆς γῆς ὅσοι ἤκουον τῆς σοφίας αὐτοῦ.	et praecedebat sapientia Salomonis sapientiam omnium Orientalium et Aegyptiorum	Et præcedebat sapientia Salomonis sapientiam omnium Orientalium et Ægyptiorum,		And Solomon's wisdom excelled the wisdom of all the children of the east country, and all the wisdom of Egypt.
1Kgs	4	31		Καὶ ἔλαβεν Σαλωμὼν τὴν θυγατέρα φαραὼ ἑαυτῷ εἰς γυναῖκα, καὶ εἰσήγαγεν αὐτὴν εἰς τὴν πόλιν Δαυεὶδ ἕως συντελέσαι αὐτὸν τὸν οἶκον Κυρίου καὶ τὸν οἶκον ἑαυτοῦ καὶ τὸ τειχος Ἰερουσαλήμ.	et erat sapientior cunctis hominibus sapientior Aethan Ezraita et Heman et Chalcal et Dorda filiis Maol et erat nominatus in universis gentibus per circuitum	et erat sapientior cunctis hominibus: sapientior Ethan Ezrahita, et Heman, et Chalcol, et Dorda filiis Mahol: et erat nominatus in universis gentibus per circuitum.		For he was wiser than all men; than Ethan the Ezrahite, and Heman, and Chalcol, and Darda, the sons of Mahol: and his fame was in all nations round about.
1Kgs	4	32		ὅτε ἀνεβη φαραὼ βασιλεὺς Αἰγύπτου, καὶ προκατελάβετο τὴν Γάζερ καὶ ἐνεπύρισεν αὐτὴν καὶ τὸν Χανανείτην τὸν κατοικοῦντα ἐν Μεργάβ· καὶ ἔδωκεν αὐτὰς φαραὼ ἀποστολὰς θυγατρὶ αὐτοῦ γυναικὶ Σαλωμών·	locutus est quoque Salomon tria milia parabolas et fuerunt carmina eius quinque et mille	Locutus est quoque Salomon tria millia parabolas: et fuerunt carmina ejus quinque et mille.		And he spake three thousand proverbs: and his songs were a thousand and five.
1Kgs	4	33		καὶ Σαλωμὼν ᾠκοδόμησεν τὴν Γάζερ. V	et disputavit super lignis a cedro quae est in Libano usque ad hysopum quae egreditur de pariete et disseruit de iumentis et volucribus et reptilibus et piscibus	Et disputavit super lignis a cedro quæ est in Libano, usque ad hyssopum quæ egreditur de pariete: et disseruit de jumentis, et volucribus, et reptilibus, et piscibus.		And he spake of trees, from the cedar tree that is in Lebanon even unto the hyssop that springeth out of the wall: he spake also of beasts, and of fowl, and of creeping things, and of fishes.
1Kgs	4	34			et veniebant de cunctis populis ad audiendam sapientiam Salomonis et ab universis regibus terrae qui audiebant sapientiam eius	Et veniebant de cunctis populis ad audiendam sapientiam Salomonis, et ab universis regibus terræ qui audiebant sapientiam ejus.		And there came of all people to hear the wisdom of Solomon, from all kings of the earth, which had heard of his wisdom.
1Kgs	5	1	וּשְׁלֹמֹה הָיָה מוֹשֵׁל בְּכָל־הַמַּמְלָכוֹת מִן־הַנָּהָר אֶרֶץ פְּלִשְׁתִּים וְעַד גְּבוּל מִצְרָיִם מַגִּשִׁים מִנְחָה וְעֹבְדִים אֶת־שְׁלֹמֹה כָּל־יְמֵי חַיָּיו ׃ פ	Vχρίσαι τὸν Σαλωμὼν ἀντὶ Δαυεὶδ τοῦ πατρὸς αὐτοῦ, ὅτι ἀγαπῶν ἦν Χειρὰμ τὸν Δαυεὶδ πάσας τὰς ἡμέρας.	misit quoque Hiram rex Tyri servos suos ad Salomonem audivit enim quod ipsum unxissent regem pro patre eius quia amicus fuerat Hiram David omni tempore	Misit quoque Hiram rex Tyri servos suos ad Salomonem: audivit enim quod ipsum unxissent regem pro patre ejus: quia amicus fuerat Hiram David omni tempore.		And Hiram king of Tyre sent his servants unto Solomon; for he had heard that they had anointed him king in the room of his father: for Hiram was ever a lover of David.
1Kgs	5	2	וַיְהִי לֶחֶם־שְׁלֹמֹה לְיוֹם אֶחָד שְׁלֹשִׁים כֹּר סֹלֶת וְשִׁשִּׁים כֹּר קָמַח ׃	καὶ ἀπέστειλεν Σαλωμὼν πρὸς Χειρὰμ λέγων	misit autem et Salomon ad Hiram dicens	Misit autem Salomon ad Hiram, dicens:		And Solomon sent to Hiram, saying,
1Kgs	5	3	עֲשָׂרָה בָקָר בְּרִאִים וְעֶשְׂרִים בָּקָר רְעִי וּמֵאָה צֹאן לְבַד מֵאַיָּל וּצְבִי וְיַחְמוּר וּבַרְבֻּרִים אֲבוּסִים ׃	Σὺ οἶδας Δαυεὶδ τὸν πατέρα μου ὅτι οὐκ ἐδύνατο οἰκοδομῆσαι οἶκον τῷ ὀνόματι Κυρίου θεοῦ μου ἀπὸ τροςώπου τῶν πολέμων τῶν κυκλωςάντων αὐτόν, ἕως τοῦ δοῦναι αὐτοὺς ὑπὸ τὰ ἴχνη τῶν ποδῶν αὐτοῦ.	tu scis voluntatem David patris mei et quia non potuerit aedificare domum nomini Domini Dei sui propter bella inminentia per circuitum donec daret Dominus eos sub vestigio pedum eius	Tu scis voluntatem David patris mei, et quia non potuerit ædificare domum nomini Domini Dei sui propter bella imminentia per circuitum, donec daret Dominus eos sub vestigio pedum ejus.		Thou knowest how that David my father could not build an house unto the name of the Lord his God for the wars which were about him on every side, until the Lord put them under the soles of his feet.
1Kgs	5	4	כִּי־הוּא רֹדֶה בְּכָל־עֵבֶר הַנָּהָר מִתִּפְסַח וְעַד־עַזָּה בְּכָל־מַלְכֵי עֵבֶר הַנָּהָר וְשָׁלוֹם הָיָה לוֹ מִכָּל־עֲבָרָיו מִסָּבִיב ׃	καὶ νῦν ἀνέπαυσε Κύριος ὁ θεός μου ἐμοὶ κυκλόθεν· οὐκ ἔστιν ἐπίβουλος καὶ οὐκ ἔστιν ἁμάρτημα πονηρόν.	nunc autem requiem dedit Deus meus mihi per circuitum non est Satan neque occursus malus	Nunc autem requiem dedit Dominus Deus meus mihi per circuitum, et non est satan, neque occursus malus.		But now the Lord my God hath given me rest on every side, so that there is neither adversary nor evil occurrent.
1Kgs	5	5	וַיֵּשֶׁב יְהוּדָה וְיִשְׂרָאֵל לָבֶטַח אִישׁ תַּחַת גַּפְנוֹ וְתַחַת תְּאֵנָתוֹ מִדָּן וְעַד־בְּאֵר שָׁבַע כֹּל יְמֵי שְׁלֹמֹה ׃ ס	καὶ ἰδοὺ ἐγὼ λέγω Οἰκοδομήσω οἶκον τῷ ὀνόματι Κυπίου θεοῦ μου, καθὼς ἐλάλησεν Κύριος ὁ θεὸς προς Δαυεὶδ τὸν πατέρα μου λέγων Ὁ υἱός σου ὃν δώσω ἀντὶ σοῦ ἐπὶ τὸν θρόνον σου, οὖτος οἰκοδομήσει τὸν οἶκον τῷ ὀνόματί μου.	quam ob rem cogito aedificare templum nomini Domini Dei mei sicut locutus est Dominus David patri meo dicens filius tuus quem dabo pro te super solium tuum ipse aedificabit domum nomini meo	Quam ob rem cogito ædificare templum nomini Domini Dei mei, sicut locutus est Dominus David patri meo, dicens: Filius tuus, quem dabo pro te super solium tuum, ipse ædificabit domum nomini meo.		And, behold, I purpose to build an house unto the name of the Lord my God, as the Lord spake unto David my father, saying, Thy son, whom I will set upon thy throne in thy room, he shall build an house unto my name.
1Kgs	5	6	וַיְהִי לִשְׁלֹמֹה אַרְבָּעִים אֶלֶף אֻרְוֹת סוּסִים לְמֶרְכָּבוֹ וּשְׁנֵים־עָשָׂר אֶלֶף פָּרָשִׁים ׃	καὶ νῦν ἔντειλαι καὶ κοψάτωςάν μοι ξύλα ἐκ τοῦ Λιβάνου· καὶ ἰδοὺ οἱ δοῦλοί μου μετὰ τῶν δούλων σου, δουλείας σου δωσω σοι κατὰ πάντα ὅσα ἐὰν εἴπῃς, ὅτι σὺ οἶδας ὄτι οὐκ ἔστιν ἡμῖν ἰδίως ξύλα κόπτειν καθὼς οἱ Σιδώνιοι.	praecipe igitur ut praecidant mihi cedros de Libano et servi mei sint cum servis tuis mercedem autem servorum tuorum dabo tibi quamcumque praeceperis scis enim quoniam non est in populo meo vir qui noverit ligna caedere sicut Sidonii	Præcipe igitur ut præcidant mihi servi tui cedros de Libano, et servi mei sint cum servis tuis: mercedem autem servorum tuorum dabo tibi quamcumque petieris: scis enim quomodo non est in populo meo vir qui noverit ligna cædere sicut Sidonii.		Now therefore command thou that they hew me cedar trees out of Lebanon; and my servants shall be with thy servants: and unto thee will I give hire for thy servants according to all that thou shalt appoint: for thou knowest that there is not among us any that can skill to hew timber like unto the Sidonians.
1Kgs	5	7	וְכִלְכְּלוּ הַנִּצָּבִים הָאֵלֶּה אֶת־הַמֶּלֶךְ שְׁלֹמֹה וְאֵת כָּל־הַקָּרֵב אֶל־שֻׁלְחַן הַמֶּלֶךְ־שְׁלֹמֹה אִישׁ חָדְשׁוֹ לֹא יְעַדְּרוּ דָּבָר ׃	καὶ ἐγεωήθη καθὼς ἤκουσεν Χειρὰμ τῶν λόγων Σαλωμών, ἐχάρη σφόδρα καὶ εἶπεν Εὐλογητὸς ὁ θεὸς σήμερον ὃς ἔδωκεν τῷ Δαυεὶδ υἱὸν φρόνιμον ἐπὶ τὸν λαὸν τὸν πολὺν τοῦτον.	cum ergo audisset Hiram verba Salomonis laetatus est valde et ait benedictus Dominus hodie qui dedit David filium sapientissimum super populum hunc plurimum	Cum ergo audisset Hiram verba Salomonis, lætatus est valde, et ait: Benedictus Dominus Deus hodie, qui dedit David filium sapientissimum super populum hunc plurimum.		And it came to pass, when Hiram heard the words of Solomon, that he rejoiced greatly, and said, Blessed be the Lord this day, which hath given unto David a wise son over this great people.
1Kgs	5	8	וְהַשְּׂעֹרִים וְהַתֶּבֶן לַסּוּסִים וְלָרָכֶשׁ יָבִאוּ אֶל־הַמָּקוֹם אֲשֶׁר יִהְיֶה־שָּׁם אִישׁ כְּמִשְׁפָּטוֹ ׃ ס	καὶ ἀπέστειλεν πρὸς Σαλωμὼν λέγων Ἀκήκοα περὶ πάντων ὦν ἀπέσταλκας πρὸς μέ· ἐγὼ ποιήσω πᾶν θέλγμά σου, ξύλα κέδρινα καὶ πεύκινα.	et misit Hiram ad Salomonem dicens audivi quaecumque mandasti mihi ego faciam omnem voluntatem tuam in lignis cedrinis et abiegnis	Et misit Hiram ad Salomonem, dicens: Audivi quæcumque mandasti mihi: ego faciam omnem voluntatem tuam in lignis cedrinis et abiegnis.		And Hiram sent to Solomon, saying, I have considered the things which thou sentest to me for: and I will do all thy desire concerning timber of cedar, and concerning timber of fir.
1Kgs	5	9	וַיִּתֵּן אֱלֹהִים חָכְמָה לִשְׁלֹמֹה וּתְבוּנָה הַרְבֵּה מְאֹד וְרֹחַב לֵב כַּחוֹל אֲשֶׁר עַל־שְׂפַת הַיָּם ׃	οἱ δοῦλοί μου καάξουστν αὐτὰ ἐκ τοῦ Λιβάνου εἰς τὴν θάλασσαν, ἐγὼ θήσομαι αὐτὰ σχεδίας ἕως τοῦ τόπου οὖ ἐὰν ἀποστείλῃς πρὸς μέ, καὶ ἐκτινάξω αὐτὰ ἐκεῖ καὶ σὺ ἀρεῖς· καὶ ποιήσεις τὸ θέλημά μου τοῦ δοῦναι ἄρτους τῷ οἴκῳ μου.	servi mei deponent ea de Libano ad mare et ego conponam ea in ratibus in mari usque ad locum quem significaveris mihi et adplicabo ea ibi et tu tolles ea praebebisque necessaria mihi ut detur cibus domui meae	Servi mei deponent ea de Libano ad mare, et ego componam ea in ratibus in mari usque ad locum quem significaveris mihi: et applicabo ea ibi, et tu tolles ea: præbebisque necessaria mihi, ut detur cibus domui meæ.		My servants shall bring them down from Lebanon unto the sea: and I will convey them by sea in floats unto the place that thou shalt appoint me, and will cause them to be discharged there, and thou shalt receive them: and thou shalt accomplish my desire, in giving food for my household.
1Kgs	5	10	וַתֵּרֶב חָכְמַת שְׁלֹמֹה מֵחָכְמַת כָּל־בְּנֵי־קֶדֶם וּמִכֹּל חָכְמַת מִצְרָיִם ׃	καὶ ἦν Χειρὰμ διδοὺς τῷ Σαλωμὼν κέδρους καὶ πᾶν θέλημα αὐτοῦ.	itaque Hiram dabat Salomoni ligna cedrina et ligna abiegna iuxta omnem voluntatem eius	Itaque Hiram dabat Salomoni ligna cedrina, et ligna abiegna, juxta omnem voluntatem ejus.		So Hiram gave Solomon cedar trees and fir trees according to all his desire.
1Kgs	5	11	וַיֶּחְכַּם מִכָּל־הָאָדָם מֵאֵיתָן הָאֶזְרָחִי וְהֵימָן וְכַלְכֹּל וְדַרְדַּע בְּנֵי מָחוֹל וַיְהִי־שְׁמוֹ בְכָל־הַגּוֹיִם סָבִיב ׃	καὶ Σαλωμὼν ἔδωκεν τῷ Χειρὰμ εἴκοσι χιλιάδας κόρους πυροῦ καὶ μαχεὶρ τῷ οἴκῳ αὐτοὺ καὶ εἴκοσι χιλιάδας βαὶθ ελαίου κεκομμένου· κατὰ τοῦτο εκδίδου Σαλωμὼν τῷ Χειρὰμ κατ’ ἐνιαυτόν.	Salomon autem praebebat Hiram viginti milia chororum tritici in cibum domui eius et viginti choros purissimi olei haec tribuebat Salomon Hiram per annos singulos	Salomon autem præbebat Hiram coros tritici viginti millia in cibum domui ejus, et viginti coros purissimi olei: hæc tribuebat Salomon Hiram per singulos annos.		And Solomon gave Hiram twenty thousand measures of wheat for food to his household, and twenty measures of pure oil: thus gave Solomon to Hiram year by year.
1Kgs	5	12	וַיְדַבֵּר שְׁלֹשֶׁת אֲלָפִים מָשָׁל וַיְהִי שִׁירוֹ חֲמִשָּׁה וָאָלֶף ׃	καὶ Κύριος ἔδωκεν σοφίαν τῷ Σαλωμών, καθὼς ἐλάλησεν αὐτῷ. καὶ ἦν εἰρήνη ἀνὰ μέσον Χειρὰμ καὶ ἀνὰ μέσοον Σαλωμών, καὶ διέθεντο διαθήκην ἀνὰν μέσον ἑαυτῶν.	dedit quoque Dominus sapientiam Salomoni sicut locutus est ei et erat pax inter Hiram et Salomonem et percusserunt foedus ambo	Dedit quoque Dominus sapientiam Salomoni, sicut locutus est ei: et erat pax inter Hiram et Salomonem, et percusserunt ambo fœdus.		And the Lord gave Solomon wisdom, as he promised him: and there was peace between Hiram and Solomon; and they two made a league together.
1Kgs	5	13	וַיְדַבֵּר עַל־הָעֵצִים מִן־הָאֶרֶז אֲשֶׁר בַּלְּבָנוֹן וְעַד הָאֵזוֹב אֲשֶׁר יֹצֵא בַּקִּיר וַיְדַבֵּר עַל־הַבְּהֵמָה וְעַל־הָעוֹף וְעַל־הָרֶמֶשׂ וְעַל־הַדָּגִים ׃	Καὶ ἀνήνεγκεν ὁ βασιλεὺς φόρον καὶ ἐκ παντὸς Ἰσραήλ, καὶ ἦν ὁ φόρος τριάκοντα χιλιάδες αὐτδρῶν.	legitque rex Salomon operas de omni Israhel et erat indictio triginta milia virorum	Elegitque rex Salomon operarios de omni Israël, et erat indictio triginta millia virorum.		And king Solomon raised a levy out of all Israel; and the levy was thirty thousand men.
1Kgs	5	14	וַיָּבֹאוּ מִכָּל־הָעַמִּים לִשְׁמֹעַ אֵת חָכְמַת שְׁלֹמֹה מֵאֵת כָּל־מַלְכֵי הָאָרֶץ אֲשֶׁר שָׁמְעוּ אֶת־חָכְמָתוֹ ׃ ס	καὶ ἀπέστειλεν αὐτοὺς εἰς τὸν Λίβανον, δέκα χιλιάδες ἐν τῷ ηνί, ἀλλασσόμενοι· μῆνα ἦσαν ἐν τῷ Λιβάνῳ καὶ δύο μῆνας ἐν οἴκῳ αὐτῶν· καὶ Ἀδωνειρὰμ ἐπὶ τοῦ φόρου.	mittebatque eos in Libanum decem milia per menses singulos vicissim ita ut duobus mensibus essent in domibus suis et Adoniram erat super huiuscemodi indictione	Mittebatque eos in Libanum, decem millia per menses singulos vicissim, ita ut duobus mensibus essent in domibus suis: et Adoniram erat super hujuscemodi indictione.		And he sent them to Lebanon, ten thousand a month by courses: a month they were in Lebanon, and two months at home: and Adoniram was over the levy.
1Kgs	5	15	וַיִּשְׁלַח חִירָם מֶלֶךְ־צוֹר אֶת־עֲבָדָיו אֶל־שְׁלֹמֹה כִּי שָׁמַע כִּי אֹתוֹ מָשְׁחוּ לְמֶלֶךְ תַּחַת אָבִיהוּ כִּי אֹהֵב הָיָה חִירָם לְדָוִד כָּל־הַיָּמִים ׃ ס	καὶ ἦν τῷ Σαλωμὼν ἑβδομήκοντα χιλιάδες αἴροντες ἄρσιν καὶ ὀγδοήκοντα χιλιάδες λατόμων ἐν τῷ ὄρει,	fuerunt itaque Salomoni septuaginta milia eorum qui onera portabant et octoginta milia latomorum in monte	Fueruntque Salomoni septuaginta millia eorum qui onera portabant, et octoginta millia latomorum in monte,		And Solomon had threescore and ten thousand that bare burdens, and fourscore thousand hewers in the mountains;
1Kgs	5	16	וַיִּשְׁלַח שְׁלֹמֹה אֶל־חִירָם לֵאמֹר ׃	χωρὶς ἀρχόντων τῶν καθεσταμένων ἐπὶ τῶν ἔργων τῶν Σαλωμών, τρεῖς χιλιάδες καὶ ἑξακόσιοι ἐπιστάται, οἱ ποιοῦντες τὰ ἔργα.	absque praepositis qui praeerant singulis operibus numero trium milium et trecentorum praecipientium populo et his qui faciebant opus	absque præpositis qui præerant singulis operibus, numero trium millium et trecentorum, præcipientium populo et his qui faciebant opus.		Beside the chief of Solomon's officers which were over the work, three thousand and three hundred, which ruled over the people that wrought in the work.
1Kgs	5	17	אַתָּה יָדַעְתָּ אֶת־דָּוִד אָבִי כִּי לֹא יָכֹל לִבְנוֹת בַּיִת לְשֵׁם יְהוָה אֱלֹהָיו מִפְּנֵי הַמִּלְחָמָה אֲשֶׁר סְבָבֻהוּ עַד תֵּת־יְהוָה אֹתָם תַּחַת כַּפּוֹת רַגְלוֹ ׃	καὶ ἡτοίμασαν τοὺς λίθους καὶ τὰ ξύλα τρία ἔτη. Καὶ ἐγενήθη ἐν τῷ τεσσεεερακοστῇ καὶ τετρακοσιοστῷ VI	praecepitque rex ut tollerent lapides grandes lapides pretiosos in fundamentum templi et quadrarent eos	Præcepitque rex ut tollerent lapides grandes, lapides pretiosos in fundamentum templi, et quadrarent eos:		And the king commanded, and they brought great stones, costly stones, and hewed stones, to lay the foundation of the house.
1Kgs	5	18	וְעַתָּה הֵנִיחַ יְהוָה אֱלֹהַי לִי מִסָּבִיב אֵין שָׂטָן וְאֵין פֶּגַע רָע ׃		quos dolaverunt cementarii Salomonis et cementarii Hiram porro Biblii praeparaverunt ligna et lapides ad aedificandam domum	quos dolaverunt cæmentarii Salomonis et cæmentarii Hiram: porro Giblii præparaverunt ligna et lapides ad ædificandam domum.		And Solomon's builders and Hiram's builders did hew them, and the stonesquarers: so they prepared timber and stones to build the house.
1Kgs	5	19	וְהִנְנִי אֹמֵר לִבְנוֹת בַּיִת לְשֵׁם יְהוָה אֱלֹהָי כַּאֲשֶׁר דִּבֶּר יְהוָה אֶל־דָּוִד אָבִי לֵאמֹר בִּנְךָ אֲשֶׁר אֶתֵּן תַּחְתֶּיךָ עַל־כִּסְאֶךָ הוּא־יִבְנֶה הַבַּיִת לִשְׁמִי ׃					
1Kgs	5	20	וְעַתָּה צַוֵּה וְיִכְרְתוּ־לִי אֲרָזִים מִן־הַלְּבָנוֹן וַעֲבָדַי יִהְיוּ עִם־עֲבָדֶיךָ וּשְׂכַר עֲבָדֶיךָ אֶתֵּן לְךָ כְּכֹל אֲשֶׁר תֹּאמֵר כִּי אַתָּה יָדַעְתָּ כִּי אֵין בָּנוּ אִישׁ יֹדֵעַ לִכְרָת־עֵצִים כַּצִּדֹנִים ׃					
1Kgs	5	21	וַיְהִי כִּשְׁמֹעַ חִירָם אֶת־דִּבְרֵי שְׁלֹמֹה וַיִּשְׂמַח מְאֹד וַיֹּאמֶר בָּרוּךְ יְהוָה הַיּוֹם אֲשֶׁר נָתַן לְדָוִד בֵּן חָכָם עַל־הָעָם הָרָב הַזֶּה ׃					
1Kgs	5	22	וַיִּשְׁלַח חִירָם אֶל־שְׁלֹמֹה לֵאמֹר שָׁמַעְתִּי אֵת אֲשֶׁר־שָׁלַחְתָּ אֵלָי אֲנִי אֶעֱשֶׂה אֶת־כָּל־חֶפְצְךָ בַּעֲצֵי אֲרָזִים וּבַעֲצֵי בְרוֹשִׁים ׃					
1Kgs	5	23	עֲבָדַי יֹרִדוּ מִן־הַלְּבָנוֹן יָמָּה וַאֲנִי אֲשִׂימֵם דֹּבְרוֹת בַּיָּם עַד־הַמָּקוֹם אֲשֶׁר־תִּשְׁלַח אֵלַי וְנִפַּצְתִּים שָׁם וְאַתָּה תִשָּׂא וְאַתָּה תַּעֲשֶׂה אֶת־חֶפְצִי לָתֵת לֶחֶם בֵּיתִי ׃					
1Kgs	5	24	וַיְהִי חִירוֹם נֹתֵן לִשְׁלֹמֹה עֲצֵי אֲרָזִים וַעֲצֵי בְרוֹשִׁים כָּל־חֶפְצוֹ ׃					
1Kgs	5	25	וּשְׁלֹמֹה נָתַן לְחִירָם עֶשְׂרִים אֶלֶף כֹּר חִטִּים מַכֹּלֶת לְבֵיתוֹ וְעֶשְׂרִים כֹּר שֶׁמֶן כָּתִית כֹּה־יִתֵּן שְׁלֹמֹה לְחִירָם שָׁנָה בְשָׁנָה ׃ פ					
1Kgs	5	26	וַיהוָה נָתַן חָכְמָה לִשְׁלֹמֹה כַּאֲשֶׁר דִּבֶּר־לוֹ וַיְהִי שָׁלֹם בֵּין חִירָם וּבֵין שְׁלֹמֹה וַיִּכְרְתוּ בְרִית שְׁנֵיהֶם ׃					
1Kgs	5	27	וַיַּעַל הַמֶּלֶךְ שְׁלֹמֹה מַס מִכָּל־יִשְׂרָאֵל וַיְהִי הַמַּס שְׁלֹשִׁים אֶלֶף אִישׁ ׃					
1Kgs	5	28	וַיִּשְׁלָחֵם לְבָנוֹנָה עֲשֶׂרֶת אֲלָפִים בַּחֹדֶשׁ חֲלִיפוֹת חֹדֶשׁ יִהְיוּ בַלְּבָנוֹן שְׁנַיִם חֳדָשִׁים בְּבֵיתוֹ וַאֲדֹנִירָם עַל־הַמַּס ׃ ס					
1Kgs	5	29	וַיְהִי לִשְׁלֹמֹה שִׁבְעִים אֶלֶף נֹשֵׂא סַבָּל וּשְׁמֹנִים אֶלֶף חֹצֵב בָּהָר ׃					
1Kgs	5	30	לְבַד מִשָּׂרֵי הַנִּצָּבִים לִשְׁלֹמֹה אֲשֶׁר עַל־הַמְּלָאכָה שְׁלֹשֶׁת אֲלָפִים וּשְׁלֹשׁ מֵאוֹת הָרֹדִים בָּעָם הָעֹשִׂים בַּמְּלָאכָה ׃					
1Kgs	5	31	וַיְצַו הַמֶּלֶךְ וַיַּסִּעוּ אֲבָנִים גְּדֹלוֹת אֲבָנִים יְקָרוֹת לְיַסֵּד הַבָּיִת אַבְנֵי גָזִית ׃					
1Kgs	5	32	וַיִּפְסְלוּ בֹּנֵי שְׁלֹמֹה וּבֹנֵי חִירוֹם וְהַגִּבְלִים וַיָּכִינוּ הָעֵצִים וְהָאֲבָנִים לִבְנוֹת הַבָּיִת ׃ פ					
1Kgs	6	1	וַיְהִי בִשְׁמוֹנִים שָׁנָה וְאַרְבַּע מֵאוֹת שָׁנָה לְצֵאת בְּנֵי־יִשְׂרָאֵל מֵאֶרֶץ־מִצְרַיִם בַּשָּׁנָה הָרְבִיעִית בְּחֹדֶשׁ זִו הוּא הַחֹדֶשׁ הַשֵּׁנִי לִמְלֹךְ שְׁלֹמֹה עַל־יִשְׂרָאֵל וַיִּבֶן הַבַּיִת לַיהוָה ׃	VIἔτει τῆς ἐξόδου υἱῶν Ἰσραὴλ ἐξ Αἰγύπτου, τῷ ἔτει τῷ τετάρτῳ ἐν μηνὶ τῷ δευτέρῳ βασιλεύοντος τοῦ βασιλέως Σαλωμὼν ἐπὶ Ἰσραήλ,	factum est igitur quadringentesimo et octogesimo anno egressionis filiorum Israhel de terra Aegypti in anno quarto mense zio ipse est mensis secundus regis Salomonis super Israhel aedificare coepit domum Domino	Factum est ergo quadringentesimo et octogesimo anno egressionis filiorum Israël de terra Ægypti, in anno quarto, mense Zio (ipse est mensis secundus), regni Salomonis super Israël, ædificari cœpit domus Domino.		And it came to pass in the four hundred and eightieth year after the children of Israel were come out of the land of Egypt, in the fourth year of Solomon's reign over Israel, in the month Zif, which is the second month, that he began to build the house of the Lord.
1Kgs	6	2	וְהַבַּיִת אֲשֶׁר בָּנָה הַמֶּלֶךְ שְׁלֹמֹה לַיהוָה שִׁשִּׁים־אַמָּה אָרְכּוֹ וְעֶשְׂרִים רָחְבּוֹ וּשְׁלֹשִׁים אַמָּה קוֹמָתוֹ ׃	καὶ αἴρουσιν λίθους μεγάλους τιμίους εἰς τὸν θεμέλιον τοῦ οἴκου καὶ λίθους ἀπελεκήτους·	domus autem quam aedificabat rex Salomon Domino habebat sexaginta cubitos in longitudine et viginti cubitos in latitudine et triginta cubitos in altitudine	Domus autem quam ædificabat rex Salomon Domino, habebat sexaginta cubitos in longitudine, et viginti cubitos in latitudine, et triginta cubitos in altitudine.		And the house which king Solomon built for the Lord, the length thereof was threescore cubits, and the breadth thereof twenty cubits, and the height thereof thirty cubits.
1Kgs	6	3	וְהָאוּלָם עַל־פְּנֵי הֵיכַל הַבַּיִת עֶשְׂרִים אַמָּה אָרְכּוֹ עַל־פְּנֵי רֹחַב הַבָּיִת עֶשֶׂר בָּאַמָּה רָחְבּוֹ עַל־פְּנֵי הַבָּיִת ׃	καὶ ἐπελέκησαν οἱ υἱοὶ Σαλωμὼν καὶ οἱ υἱοὶ Χειράμ, καὶ ἔβαλαν αὐτούς.	et porticus erat ante templum viginti cubitorum longitudinis iuxta mensuram latitudinis templi et habebat decem cubitos latitudinis ante faciem templi	Et porticus erat ante templum viginti cubitorum longitudinis, juxta mensuram latitudinis templi: et habebat decem cubitos latitudinis ante faciem templi.		And the porch before the temple of the house, twenty cubits was the length thereof, according to the breadth of the house; and ten cubits was the breadth thereof before the house.
1Kgs	6	4	וַיַּעַשׂ לַבָּיִת חַלּוֹנֵי שְׁקֻפִים אֲטֻמִים ׃	ἐν τῷ ἔτει τῷ τετάρτῳ ἐθεμελίωσεν τὸν οἷκον Κυρίου, ἐν μηνὶ Νεισῷ καὶ τῷ δευτέρῳ μηνί.	fecitque in templo fenestras obliquas	Fecitque in templo fenestras obliquas.		And for the house he made windows of narrow lights.
1Kgs	6	5	וַיִּבֶן עַל־קִיר הַבַּיִת יָצוֹעַ סָבִיב אֶת־קִירוֹת הַבַּיִת סָבִיב לַהֵיכָל וְלַדְּבִיר וַיַּעַשׂ צְלָעוֹת סָבִיב ׃	ἐν ἑνδεκάτῳ ἐνιαυτῷ ἐν μηνὶ Βαάδ, οὗτος ὁ μὴν ὁ ὅγδοος, συνετελέσθη ὁ οἶκος εἰς πάντα λόγον αὐτοῦ καὶ εἰς πᾶσαν διάταξιν αὐτοῦ.	et aedificavit super parietem templi tabulata per gyrum in parietibus domus per circuitum templi et oraculi et fecit latera in circuitu	Et ædificavit super parietem templi tabulata per gyrum, in parietibus domus per circuitum templi et oraculi, et fecit latera in circuitu.		And against the wall of the house he built chambers round about, against the walls of the house round about, both of the temple and of the oracle: and he made chambers round about:
1Kgs	6	6	הַיָּצוֹעַ הַתַּחְתֹּנָה חָמֵשׁ בָּאַמָּה רָחְבָּהּ וְהַתִּיכֹנָה שֵׁשׁ בָּאַמָּה רָחְבָּהּ וְהַשְּׁלִישִׁית שֶׁבַע בָּאַמָּה רָחְבָּהּ כִּי מִגְרָעוֹת נָתַן לַבַּיִת סָבִיב חוּצָה לְבִלְתִּי אֲחֹז בְּקִירוֹת־הַבָּיִת ׃	καὶ ὀ οἶκος ὅν ᾠκοδόμησεν ὁ βασιλεὺς τῷ κυρίῳ, τεσσεράκοντα μῆκος αὐτοῦ, καὶ εἴκοσι ἐν πήχει πλάτος αὐτοῦ, καὶ πέντε καὶ εἲκοσι ἐν πήχει τὸ ὓψος αὐτοῦ.	tabulatum quod subter erat quinque cubitos habebat latitudinis et medium tabulatum sex cubitorum latitudinis et tertium tabulatum septem habens cubitos latitudinis trabes autem posuit in domo per circuitum forinsecus ut non hererent muris templi	Tabulatum quod subter erat, quinque cubitos habebat latitudinis, et medium tabulatum sex cubitorum latitudinis, et tertium tabulatum septem habens cubitos latitudinis. Trabes autem posuit in domo per circuitum forinsecus, ut non hærerent muris templi.		The nethermost chamber was five cubits broad, and the middle was six cubits broad, and the third was seven cubits broad: for without in the wall of the house he made narrowed rests round about, that the beams should not be fastened in the walls of the house.
1Kgs	6	7	וְהַבַּיִת בְּהִבָּנֹתוֹ אֶבֶן־שְׁלֵמָה מַסָּע נִבְנָה וּמַקָּבוֹת וְהַגַּרְזֶן כָּל־כְּלִי בַרְזֶל לֹא־נִשְׁמַע בַּבַּיִת בְּהִבָּנֹתוֹ ׃	καὶ τὸ αἰλὰμ κατὰ πρόσωπον τοῦ ναοῦ, εἲκοσι ἐν κήχει μῆκος αὐτοῦ εἰς τὸ πλάτος τοῦ οἲκου κατὰ πρόσωπον τοῦ οἲκου.	domus autem cum aedificaretur lapidibus dedolatis atque perfectis aedificata est et malleus et securis et omne ferramentum non sunt audita in domo cum aedificaretur	Domus autem cum ædificaretur, de lapidibus dolatis atque perfectis ædificata est: et malleus, et securis, et omne ferramentum non sunt audita in domo cum ædificaretur.		And the house, when it was in building, was built of stone made ready before it was brought thither: so that there was neither hammer nor axe nor any tool of iron heard in the house, while it was in building.
1Kgs	6	8	פֶּתַח הַצֵּלָע הַתִּיכֹנָה אֶל־כֶּתֶף הַבַּיִת הַיְמָנִית וּבְלוּלִּים יַעֲלוּ עַל־הַתִּיכֹנָה וּמִן־הַתִּיכֹנָה אֶל־הַשְּׁלִשִׁים ׃	καὶ ᾠκοδόμησεν τὸν οἶκον καὶ συνετέλεσεν αὐτόν.	ostium lateris medii in parte erat domus dexterae et per cocleam ascendebant in medium cenaculum et a medio in tertium	Ostium lateris medii in parte erat domus dextræ: et per cochleam ascendebant in medium cœnaculum, et a medio in tertium.		The door for the middle chamber was in the right side of the house: and they went up with winding stairs into the middle chamber, and out of the middle into the third.
1Kgs	6	9	וַיִּבֶן אֶת־הַבַּיִת וַיְכַלֵּהוּ וַיִּסְפֹּן אֶת־הַבַּיִת גֵּבִים וּשְׂדֵרֹת בָּאֲרָזִים ׃	καὶ ἐποίησεν τῷ οἲκῳ θυρίδας παρακυπτομένας καρυπτάς.	et aedificavit domum et consummavit eam texit quoque domum laquearibus cedrinis	Et ædificavit domum, et consummavit eam: texit quoque domum laquearibus cedrinis.		So he built the house, and finished it; and covered the house with beams and boards of cedar.
1Kgs	6	10	וַיִּבֶן אֶת־הַיָּצוֹעַ עַל־כָּל־הַבַּיִת חָמֵשׁ אַמּוֹת קוֹמָתוֹ וַיֶּאֱחֹז אֶת־הַבַּיִת בַּעֲצֵי אֲרָזִים ׃ פ	καὶ ἒδωκεν ἐπ᾿ αὐτὸν τοῖχον τοῦ οἲκου μέλαθρα κακλόθεν τῷ ναῷ καὶ τῷ δαβείρ.	et aedificavit tabulatum super omnem domum quinque cubitis altitudinis et operuit domum lignis cedrinis	Et ædificavit tabulatum super omnem domum quinque cubitis altitudinis, et operuit domum lignis cedrinis.		And then he built chambers against all the house, five cubits high: and they rested on the house with timber of cedar.
1Kgs	6	11	וַיְהִי דְּבַר־יְהוָה אֶל־שְׁלֹמֹה לֵאמֹר ׃	ἡ πλευρὰ ἡ ὑποκάτω πέντε πήχεων ἐν πήχει τὸ πλάτος αὐτῆς, καὶ τὸ μέσον ἒξ, καὶ ἡ τρίτη ἑπτὰ ἐν πήχει τὸ πλάτος αὐτῆς· ὃτι διάστημα ἒδωκεν τῷ οἲκῳ κυκλόθεν ἒξωθεν τοῦ οἲκου, ὃπως μὴ ἐπιλαμβάνωται τῶν τοίχων τοῦ οἲκου.	et factus est sermo Domini ad Salomonem dicens	Et factus est sermo Domini ad Salomonem, dicens:		And the word of the Lord came to Solomon, saying,
1Kgs	6	12	הַבַּיִת הַזֶּה אֲשֶׁר־אַתָּה בֹנֶה אִם־תֵּלֵךְ בְּחֻקֹּתַי וְאֶת־מִשְׁפָּטַי תַּעֲשֶׂה וְשָׁמַרְתָּ אֶת־כָּל־מִצְוֹתַי לָלֶכֶת בָּהֶם וַהֲקִמֹתִי אֶת־דְּבָרִי אִתָּךְ אֲשֶׁר דִּבַּרְתִּי אֶל־דָּוִד אָבִיךָ ׃	καὶ ὁ οἶκος ἐν τῷ οἰκοδομεῖσθαι αὐτὸν λίθοις ἀκροτόμοις ἀργοῖς ᾠκοδομήθη· καὶ σφῦρα καὶ πέλεκθς καὶ πᾶν σκεῦος σιδηροῦν οὐκ ἠκούσθη ἐν τῷ οἲτῳ ἐν τῷ οἰκοδομεῖσθαι αὐτόν.	domus haec quam aedificas si ambulaveris in praeceptis meis et iudicia mea feceris et custodieris omnia mandata mea gradiens per ea firmabo sermonem meum tibi quem locutus sum ad David patrem tuum	Domus hæc, quam ædificas, si ambulaveris in præceptis meis, et judicia mea feceris, et custodieris omnia mandata mea, gradiens per ea, firmabo sermonem meum tibi, quem locutus sum ad David patrem tuum:		Concerning this house which thou art in building, if thou wilt walk in my statutes, and execute my judgments, and keep all my commandments to walk in them; then will I perform my word with thee, which I spake unto David thy father:
1Kgs	6	13	וְשָׁכַנְתִּי בְּתוֹךְ בְּנֵי יִשְׂרָאֵל וְלֹא אֶעֱזֹב אֶת־עַמִּי יִשְׂרָאֵל ׃ ס	καὶ ὁ πυλὼν τῆς πλευρᾶς τῆς ὑποκάτωθεν ὑπὸ τὴν ὠμίαν τοῦ οἲκου τὴν δεξιάν, καὶ ἑλικτὴ ἀνάβασις εἰς τὸ μέσον καὶ ἐκ τῆς μέσης ἐπὶ τὰ τριώοφα.	et habitabo in medio filiorum Israhel et non derelinquam populum meum Israhel	et habitabo in medio filiorum Israël, et non derelinquam populum meum Israël.		And I will dwell among the children of Israel, and will not forsake my people Israel.
1Kgs	6	14	וַיִּבֶן שְׁלֹמֹה אֶת־הַבַּיִת וַיְכַלֵּהוּ ׃	καὶ ᾠκοδόμησεν τὸν οἶκον καὶ συνετέλεσεν αὐτόν·	igitur aedificavit Salomon domum et consummavit eam	Igitur ædificavit Salomon domum, et consummavit eam.		So Solomon built the house, and finished it.
1Kgs	6	15	וַיִּבֶן אֶת־קִירוֹת הַבַּיִת מִבַּיְתָה בְּצַלְעוֹת אֲרָזִים מִקַּרְקַע הַבַּיִת עַד־קִירוֹת הַסִּפֻּן צִפָּה עֵץ מִבָּיִת וַיְצַף אֶת־קַרְקַע הַבַּיִת בְּצַלְעוֹת בְּרוֹשִׁים ׃	καὶ ᾠκοδόμησεν τοὺς ἐνδέσμους δι' ὅλου τοῦ οἴκου πέντε ἐν πήχει τὸ ὓψος αὐτοῦ, καὶ συνέσχεν τὸν σύνδεσμον ἐν ξύλοις κεδρίνοις.	et aedificavit parietes domus intrinsecus tabulatis cedrinis a pavimento domus usque ad summitatem parietum et usque ad laquearia operuit lignis intrinsecus et texit pavimentum domus tabulis abiegnis	Et ædificavit parietes domus intrinsecus tabulatis cedrinis: a pavimento domus usque ad summitatem parietum, et usque ad laquearia, operuit lignis cedrinis intrinsecus: et texit pavimentum domus tabulis abiegnis.		And he built the walls of the house within with boards of cedar, both the floor of the house, and the walls of the ceiling: and he covered them on the inside with wood, and covered the floor of the house with planks of fir.
1Kgs	6	16	וַיִּבֶן אֶת־עֶשְׂרִים אַמָּה מִיַּרְכּוֹתֵי הַבַּיִת בְּצַלְעוֹת אֲרָזִים מִן־הַקַּרְקַע עַד־הַקִּירוֹת וַיִּבֶן לוֹ מִבַּיִת לִדְבִיר לְקֹדֶשׁ הַקֳּדָשִׁים ׃	καὶ ᾠκοδόμησεν τοὺς τοίχους τοῦ οἲκου διὰ ξύλων κεδρίνων ἀπὸ τοῦ ἐδάφους τοῦ οἲκου καὶ ἓως τῶν δοκῶν καὶ ἓως τῶν τοίχων· ἐκοιλοστάθμησεν συνεχόμενος ξύλοις ἒσωθεν, καὶ περιέσχεν τὸ ἒσω τοῦ οἲκου ἐν πλευραῖς πευκίναις.	aedificavitque viginti cubitorum ad posteriorem partem templi tabulata cedrina a pavimento usque ad superiora et fecit interiorem domum oraculi in sanctum sanctorum	Ædificavitque viginti cubitorum ad posteriorem partem templi tabulata cedrina, a pavimento usque ad superiora: et fecit interiorem domum oraculi in Sanctum sanctorum.		And he built twenty cubits on the sides of the house, both the floor and the walls with boards of cedar: he even built them for it within, even for the oracle, even for the most holy place.
1Kgs	6	17	וְאַרְבָּעִים בָּאַמָּה הָיָה הַבָּיִת הוּא הַהֵיכָל לִפְנָי ׃	καὶ ᾠκοδόμησεν τοὺς εἲκοσι πήχεις ἀπ᾿ ἂκρου τοῦ τοίχου, τὸ πλευρὸν τὸ ἓν ἀπὸ τοῦ ἐδάφους ἓως τῶν δοκῶν· καὶ ἐποίησεν ἐκ τοῦ δαβεὶρ εἰς τὸ ἅγιον τῶν ἀγίων.	porro quadraginta cubitorum erat ipsum templum pro foribus oraculi	Porro quadraginta cubitorum erat ipsum templum pro foribus oraculi.		And the house, that is, the temple before it, was forty cubits long.
1Kgs	6	18	וְאֶרֶז אֶל־הַבַּיִת פְּנִימָה מִקְלַעַת פְּקָעִים וּפְטוּרֵי צִצִּים הַכֹּל אֶרֶז אֵין אֶבֶן נִרְאָה ׃	καὶ τεσσεράκοντα πηχῶν ἦν ὁ ναὸς κατὰ πρόσωπον τοῦ δαβεὶρ ἐν μέςῳ τοῦ οἴκου ἔσωθεν, δοῦναι ἐκεῖ τὴν κιβωτν διαθήκης Κυρίου.	et cedro omnis domus intrinsecus vestiebatur habens tornaturas suas et iuncturas fabrefactas et celaturas eminentes omnia cedrinis tabulis vestiebantur nec omnino lapis apparere poterat in pariete	Et cedro omnis domus intrinsecus vestiebatur, habens tornaturas et juncturas suas fabrefactas, et cælaturas eminentes: omnia cedrinis tabulis vestiebantur: nec omnino lapis apparere poterat in pariete.		And the cedar of the house within was carved with knops and open flowers: all was cedar; there was no stone seen.
1Kgs	6	19	וּדְבִיר בְּתוֹךְ־הַבַּיִת מִפְּנִימָה הֵכִין לְתִתֵּן שָׁם אֶת־אֲרוֹן בְּרִית יְהוָה ׃	εἴκοσι πήχεις μῆκος, καὶ εἴκοσι πήχεις πλάτος, καὶ εἴκοσι πήχεις τὸ ὕψος αὐτοῦ.	oraculum autem in medio domus in interiori parte fecerat ut poneret ibi arcam foederis Domini	Oraculum autem in medio domus, in interiori parte fecerat, ut poneret ibi arcam fœderis Domini.		And the oracle he prepared in the house within, to set there the ark of the covenant of the Lord.
1Kgs	6	20	וְלִפְנֵי הַדְּבִיר עֶשְׂרִים אַמָּה אֹרֶךְ וְעֶשְׂרִים אַמָּה רֹחַב וְעֶשְׂרִים אַמָּה קוֹמָתוֹ וַיְצַפֵּהוּ זָהָב סָגוּר וַיְצַף מִזְבֵּחַ אָרֶז ׃	καὶ περιέσχεν αὐτὸν χρυσίῳ συνκεκλεισμένῳ· καὶ ἐποίησεν θυσιαστήριον κατὰ πρόσωπον τοῦ δαβεὶρ καὶ περιέσχεν αὐτὸν χρυσίῳ.	porro oraculum habebat viginti cubitos longitudinis et viginti cubitos latitudinis et viginti cubitos altitudinis et operuit illud atque vestivit auro purissimo sed et altare vestivit cedro	Porro oraculum habebat viginti cubitos longitudinis, et viginti cubitos latitudinis, et viginti cubitos altitudinis: et operuit illud atque vestivit auro purissimo: sed et altare vestivit cedro.		And the oracle in the forepart was twenty cubits in length, and twenty cubits in breadth, and twenty cubits in the height thereof: and he overlaid it with pure gold; and so covered the altar which was of cedar.
1Kgs	6	21	וַיְצַף שְׁלֹמֹה אֶת־הַבַּיִת מִפְּנִימָה זָהָב סָגוּר וַיְעַבֵּר בְּרַתִּיקוֹת זָהָב לִפְנֵי הַדְּבִיר וַיְצַפֵּהוּ זָהָב ׃	και ὅλον τὸν οἶκον περιέσχεν χρυσίῳ ἕως συντελείας παντὸς του οἴκου.	domum quoque ante oraculum operuit auro purissimo et adfixit lamminas clavis aureis	Domum quoque ante oraculum operuit auro purissimo, et affixit laminas clavis aureis.		So Solomon overlaid the house within with pure gold: and he made a partition by the chains of gold before the oracle; and he overlaid it with gold.
1Kgs	6	22	וְאֶת־כָּל־הַבַּיִת צִפָּה זָהָב עַד־תֹּם כָּל־הַבָּיִת וְכָל־הַמִּזְבֵּחַ אֲשֶׁר־לַדְּבִיר צִפָּה זָהָב ׃	καὶ ἐποίησεν εν τῷ δαβεὶρ δύο χερουβεὶν δέκα πήχεων χεων μέγεθος ἐσταθμωμένον.	nihilque erat in templo quod non auro tegeretur sed et totum altare oraculi texit auro	Nihilque erat in templo quod non auro tegeretur: sed et totum altare oraculi texit auro.		And the whole house he overlaid with gold, until he had finished all the house: also the whole altar that was by the oracle he overlaid with gold.
1Kgs	6	23	וַיַּעַשׂ בַּדְּבִיר שְׁנֵי כְרוּבִים עֲצֵי־שָׁמֶן עֶשֶׂר אַמּוֹת קוֹמָתוֹ ׃	καὶ πέντε πήχεων πτερύγιον αὐτοῦ· τὸ δεύτερον δὲ ἐν πήχει δέκα ἀπο μέρους πτερυγίου αὐτοῦ.	et fecit in oraculo duo cherubin de lignis olivarum decem cubitorum altitudinis	Et fecit in oraculo duos cherubim de lignis olivarum, decem cubitorum altitudinis.		And within the oracle he made two cherubims of olive tree, each ten cubits high.
1Kgs	6	24	וְחָמֵשׁ אַמּוֹת כְּנַף הַכְּרוּב הָאֶחָת וְחָמֵשׁ אַמּוֹת כְּנַף הַכְּרוּב הַשֵּׁנִית עֶשֶׂר אַמּוֹת מִקְצוֹת כְּנָפָיו וְעַד־קְצוֹת כְּנָפָיו ׃	οὕτως τῷ χεροὺς τῷ δευτέρῳ, ἐν μέτρῳ ἑνὶ συντέλεια μία· ἀμφοτέροις συντέλεια μία·	quinque cubitorum ala cherub una et quinque cubitorum ala cherub altera id est decem cubitos habentes a summitate alae usque ad alae alterius summitatem	Quinque cubitorum ala cherub una, et quinque cubitorum ala cherub altera: id est, decem cubitos habentes, a summitate alæ unius usque ad alæ alterius summitatem.		And five cubits was the one wing of the cherub, and five cubits the other wing of the cherub: from the uttermost part of the one wing unto the uttermost part of the other were ten cubits.
1Kgs	6	25	וְעֶשֶׂר בָּאַמָּה הַכְּרוּב הַשֵּׁנִי מִדָּה אַחַת וְקֶצֶב אֶחָד לִשְׁנֵי הַכְּרֻבִים ׃	καὶ τὸ ὕψος τοῦ χερουβεὶν ἐν πήει, καὶ οὕτως τὸ χερουβεὶν τὸ δεύτερον.	decem quoque cubitorum erat cherub secundus mensura pari et opus unum erat in duobus cherubin	Decem quoque cubitorum erat cherub secundus: in mensura pari, et opus unum erat in duobus cherubim,		And the other cherub was ten cubits: both the cherubims were of one measure and one size.
1Kgs	6	26	קוֹמַת הַכְּרוּב הָאֶחָד עֶשֶׂר בָּאַמָּה וְכֵן הַכְּרוּב הַשֵּׁנִי ׃	καὶ ἀμφότερα χερουβεὶν ἐν μέςῳ τοῦ οἴκου τοῦ ἐσωτάτου· καὶ διεπέτασεν τὰς πτέρυγας αὐτῶν, καὶ ἥπτετο πτέρυξ μία τοῦ τοίχου, καὶ πτέρυξ ἥυπτετο τοῦ τοίχου τοῦ δευτέρου· αἱ πτέρυγες αὐτοῦ αἱ ἐν μέςῶ τοῦ οἴκου ἥπτοντο πτέρυξ πτέρυγος.	id est altitudinem habebat unus cherub decem cubitorum et similiter cherub secundus	id est, altitudinem habebat unus cherub decem cubitorum, et similiter cherub secundus.		The height of the one cherub was ten cubits, and so was it of the other cherub.
1Kgs	6	27	וַיִּתֵּן אֶת־הַכְּרוּבִים בְּתוֹךְ הַבַּיִת הַפְּנִימִי וַיִּפְרְשׂוּ אֶת־כַּנְפֵי הַכְּרֻבִים וַתִּגַּע כְּנַף־הָאֶחָד בַּקִּיר וּכְנַף הַכְּרוּב הַשֵּׁנִי נֹגַעַת בַּקִּיר הַשֵּׁנִי וְכַנְפֵיהֶם אֶל־תּוֹךְ הַבַּיִת נֹגְעֹת כָּנָף אֶל־כָּנָף ׃	καὶ περιέσχεν τὰ χερουβεὶν χρυσίῳ.	posuitque cherubin in medio templi interioris extendebant autem alas suas cherubin et tangebat ala una parietem et ala cherub secundi tangebat parietem alterum alae autem alterae in media parte templi se invicem contingebant	Posuitque cherubim in medio templi interioris: extendebant autem alas suas cherubim, et tangebat ala una parietem, et ala cherub secundi tangebat parietem alterum: alæ autem alteræ in media parte templi se invicem contingebant.		And he set the cherubims within the inner house: and they stretched forth the wings of the cherubims, so that the wing of the one touched the one wall, and the wing of the other cherub touched the other wall; and their wings touched one another in the midst of the house.
1Kgs	6	28	וַיְצַף אֶת־הַכְּרוּבִים זָהָב ׃	πάντας τοὺς τοίχους τοῦ οἴκου κύκλῳ ἐκκολαπτὰ ἔγραψεν γραφίδι χερουβείν, καὶ φοίνικες τῷ ἐσωτέρῳ καὶ τῷ ἐξωτέρῳ.	texit quoque cherubin auro	Texit quoque cherubim auro.		And he overlaid the cherubims with gold.
1Kgs	6	29	וְאֵת כָּל־קִירוֹת הַבַּיִת מֵסַב קָלַע פִּתּוּחֵי מִקְלְעוֹת כְּרוּבִים וְתִמֹרֹת וּפְטוּרֵי צִצִּים מִלִּפְנִים וְלַחִיצוֹן ׃	καὶ τὸ ἔδαφος τοῦ οἴκου περιέσχεν χρυσίῳ, τοῦ ἐσωτάτου καὶ τοῦ ἐξωτάτου.	et omnes parietes templi per circuitum scalpsit variis celaturis et torno et fecit in eis cherubin et palmas et picturas varias quasi prominentes de pariete et egredientes	Et omnes parietes templi per circuitum sculpsit variis cælaturis et torno: et fecit in eis cherubim, et palmas, et picturas varias, quasi prominentes de pariete, et egredientes.		And he carved all the walls of the house round about with carved figures of cherubims and palm trees and open flowers, within and without.
1Kgs	6	30	וְאֶת־קַרְקַע הַבַּיִת צִפָּה זָהָב לִפְנִימָה וְלַחִיצוֹן ׃	καὶ τῷ θυρώματι τοῦ δυβεὶρ ἐποίησεν θύρας ξυλίνων ἀρκευθίνων·	sed et pavimentum domus texit auro intrinsecus et extrinsecus	Sed et pavimentum domus texit auro intrinsecus et extrinsecus.		And the floors of the house he overlaid with gold, within and without.
1Kgs	6	31	וְאֵת פֶּתַח הַדְּבִיר עָשָׂה דַּלְתוֹת עֲצֵי־שָׁמֶן הָאַיִל מְזוּזוֹת חֲמִשִׁית ׃	στοαὶ τετραπλῶς.	et in ingressu oraculi fecit ostiola de lignis olivarum postesque angulorum quinque	Et in ingressu oraculi fecit ostiola de lignis olivarum, postesque angulorum quinque.		And for the entering of the oracle he made doors of olive tree: the lintel and side posts were a fifth part of the wall.
1Kgs	6	32	וּשְׁתֵּי דַּלְתוֹת עֲצֵי־שֶׁמֶן וְקָלַע עֲלֵיהֶם מִקְלְעוֹת כְּרוּבִים וְתִמֹרוֹת וּפְטוּרֵי צִצִּים וְצִפָּה זָהָב וַיָּרֶד עַל־הַכְּרוּבִים וְעַל־הַתִּמֹרוֹת אֶת־הַזָּהָב ׃	ἐν ἀμφοτέραις ταῖς θύραις ξύλα πεύκινα. δύο πτυχαὶ καὶ ἡ θύρα ἡ μία καὶ στροφεῖς αὐτῶν, καὶ δύο πιυχαὶ ἡ θύρα ἡ Δευτέρα, στρεφόμενα.	et duo ostia de lignis olivarum et scalpsit in eis picturam cherubin et palmarum species et anaglyfa valde prominentia et texit ea auro et operuit tam cherubin quam palmas et cetera auro	Et duo ostia de lignis olivarum: et sculpsit in eis picturam cherubim, et palmarum species, et anaglypha valde prominentia: et texit ea auro, et operuit tam cherubim quam palmas, et cetera, auro.		The two doors also were of olive tree; and he carved upon them carvings of cherubims and palm trees and open flowers, and overlaid them with gold, and spread gold upon the cherubims, and upon the palm trees.
1Kgs	6	33	וְכֵן עָשָׂה לְפֶתַח הַהֵיכָל מְזוּזוֹת עֲצֵי־שָׁמֶן מֵאֵת רְבִעִית ׃	ἐκκεκολαμμένα χερουβεὶν καὶ φοίνικες καὶ διαπεπετασμένα πέταλα, καὶ περιεχόμενα χρυσίῳ καταγομένῳ ἐπὶ τὴν ἐκτύπωσιν.	fecitque in introitum templi postes de lignis olivarum quadrangulatos	Fecitque in introitu templi postes de lignis olivarum quadrangulatos,		So also made he for the door of the temple posts of olive tree, a fourth part of the wall.
1Kgs	6	34	וּשְׁתֵּי דַלְתוֹת עֲצֵי בְרוֹשִׁים שְׁנֵי צְלָעִים הַדֶּלֶת הָאַחַת גְּלִילִים וּשְׁנֵי קְלָעִים הַדֶּלֶת הַשֵּׁנִית גְּלִילִים ׃	καὶ ᾠκοδόμησεν τὴν αὐλὴν τὴν ἐσωτάτην, τρεῖς στίχους ἀπελεκήτων, καὶ στίχος κατειργασμένης κέθρου κυκλόθεν. καὶ ᾠ κοδόμησε καταπέτασμα τῆς αὐλῆς τοῦ αἰλὰμ τοῦ οἴκου τοῦ κατὰ π ρόσωπον τοῦ ναοῦ.	et duo ostia de lignis abiegnis altrinsecus et utrumque ostium duplex erat et se invicem tenens aperiebatur	et duo ostia de lignis abiegnis altrinsecus: et utrumque ostium duplex erat, et se invicem tenens aperiebatur.		And the two doors were of fir tree: the two leaves of the one door were folding, and the two leaves of the other door were folding.
1Kgs	6	35	וְקָלַע כְּרוּבִים וְתִמֹרוֹת וּפְטֻרֵי צִצִּים וְצִפָּה זָהָב מְיֻשָּׁר עַל־הַמְּחֻקֶּה ׃		et scalpsit cherubin et palmas et celaturas valde eminentes operuitque omnia lamminis aureis opere quadro ad regulam	Et sculpsit cherubim, et palmas, et cælaturas valde eminentes: operuitque omnia laminis aureis opere quadro ad regulam.		And he carved thereon cherubims and palm trees and open flowers: and covered them with gold fitted upon the carved work.
1Kgs	6	36	וַיִּבֶן אֶת־הֶחָצֵר הַפְּנִימִית שְׁלֹשָׁה טוּרֵי גָזִית וְטוּר כְּרֻתֹת אֲרָזִים ׃		et aedificavit atrium interius tribus ordinibus lapidum politorum et uno ordine lignorum cedri	Et ædificavit atrium interius tribus ordinibus lapidum politorum, et uno ordine lignorum cedri.		And he built the inner court with three rows of hewed stone, and a row of cedar beams.
1Kgs	6	37	בַּשָּׁנָה הָרְבִיעִית יֻסַּד בֵּית יְהוָה בְּיֶרַח זִו ׃		anno quarto fundata est domus Domini in mense zio	Anno quarto fundata est domus Domini in mense Zio:		In the fourth year was the foundation of the house of the Lord laid, in the month Zif:
1Kgs	6	38	וּבַשָּׁנָה הָאַחַת עֶשְׂרֵה בְּיֶרַח בּוּל הוּא הַחֹדֶשׁ הַשְּׁמִינִי כָּלָה הַבַּיִת לְכָל־דְּבָרָיו וּלְכָל־מִשְׁפָּטוֹ וַיִּבְנֵהוּ שֶׁבַע שָׁנִים ׃		et in anno undecimo mense bul ipse est mensis octavus perfecta est domus in omni opere suo et in universis utensilibus aedificavitque eam annis septem	et in anno undecimo, mense Bul (ipse est mensis octavus), perfecta est domus in omni opere suo, et in universis utensilibus suis: ædificavitque eam annis septem.		And in the eleventh year, in the month Bul, which is the eighth month, was the house finished throughout all the parts thereof, and according to all the fashion of it. So was he seven years in building it.
1Kgs	7	1	וְאֶת־בֵּיתוֹ בָּנָה שְׁלֹמֹה שְׁלֹשׁ עֶשְׂרֵה שָׁנָה וַיְכַל אֶת־כָּל־בֵּיתוֹ ׃	καὶ ἀπέστειλεν ὁ βασιλεὺς Σαλωμὼν καὶ ἔλαβεν τὸν Χειρὰμ ἐκ Τύρου,	domum autem suam aedificavit Salomon tredecim annis et ad perfectum usque perduxit	Domum autem suam ædificavit Salomon tredecim annis, et ad perfectum usque perduxit.		But Solomon was building his own house thirteen years, and he finished all his house.
1Kgs	7	2	וַיִּבֶן אֶת־בֵּית יַעַר הַלְּבָנוֹן מֵאָה אַמָּה אָרְכּוֹ וַחֲמִשִּׁים אַמָּה רָחְבּוֹ וּשְׁלֹשִׁים אַמָּה קוֹמָתוֹ עַל אַרְבָּעָה טוּרֵי עַמּוּדֵי אֲרָזִים וּכְרֻתוֹת אֲרָזִים עַל־הָעַמּוּדִים ׃	υἰὸν γυναικὸς χήρας, καὶ οὖτος ἀπὸ τῆς φθυλῆς Νεφθαλεί, καὶ ὁ πατὴρ αὐτοῦ ἀνὴρ Τύριος, τέκτων χαλκοῦ καὶ πεπληρωμένος τῆς τέχνης καὶ συνέσεως καὶ γνώσεως τοῦ ποιεῖν πᾶν ἔργον ἐν χαλκῷ. καὶ εἰσηνέχθη πρὸς τὸν βασιλέα Σαλωμών, καὶ ἐποίησεν πάντα τὰ ἔργα.	aedificavit quoque domum saltus Libani centum cubitorum longitudinis et quinquaginta cubitorum latitudinis et triginta cubitorum altitudinis et quattuor deambulacra inter columnas cedrinas ligna quippe cedrina exciderat in columnas	Ædificavit quoque domum saltus Libani centum cubitorum longitudinis, et quinquaginta cubitorum latitudinis, et triginta cubitorum altitudinis: et quatuor deambulacra inter columnas cedrinas: ligna quippe cedrina exciderat in columnas.		He built also the house of the forest of Lebanon; the length thereof was an hundred cubits, and the breadth thereof fifty cubits, and the height thereof thirty cubits, upon four rows of cedar pillars, with cedar beams upon the pillars.
1Kgs	7	3	וְסָפֻן בָּאֶרֶז מִמַּעַל עַל־הַצְּלָעֹת אֲשֶׁר עַל־הָעַמּוּדִים אַרְבָּעִים וַחֲמִשָּׁה חֲמִשָּׁה עָשָׂר הַטּוּר ׃	καὶ ἐχώνευσεν τὸ αἰλὰμ τοῦ οἴκου, ὀκτὼ καὶ δέκα πήχεις ὔψος τοῦ στύλου. καὶ περίμετρον τέσσαρες καὶ δέκα πήχεις ἐκύκλου αὐτόν,τὸ πάχος τοῦ στύλου. τεσσάρων δακτύλων δακτύλων τὰ κοιλώματα. καὶ οὕτως στύλος ὁ δεύτερος.	et tabulatis cedrinis vestivit totam cameram quae quadraginta quinque columnis sustentabatur unus autem ordo habebat columnas quindecim	Et tabulatis cedrinis vestivit totam cameram, quæ quadraginta quinque columnis sustentabatur. Unus autem ordo habebat columnas quindecim		And it was covered with cedar above upon the beams, that lay on forty five pillars, fifteen in a row.
1Kgs	7	4	וּשְׁקֻפִים שְׁלֹשָׁה טוּרִים וּמֶחֱזָה אֶל־מֶחֱזָה שָׁלֹשׁ פְּעָמִים ׃	καὶ δύο ἐπιθέματα ἐποίησεν, δοῦναι ἐπὶ τὰς κεφαλὰς τῶν στύλων, χωνευτά. πέντε πήδχεις τὸ ὕψος τοῦ ἐπιθέματος τοῦ ἑνός.	contra se invicem positas	contra se invicem positas,		And there were windows in three rows, and light was against light in three ranks.
1Kgs	7	5	וְכָל־הַפְּתָחִים וְהַמְּזוּזוֹת רְבֻעִים שָׁקֶף וּמוּל מֶחֱזָה אֶל־מֶחֱזָה שָׁלֹשׁ פְּעָמִים ׃	καὶ ἐποίησεν δύο δίκτυα περικαλύψαι τὸ ἐπίθεμα τῶν στύλων, καὶ δίκτυον τῷ ἐπιθέματι τῷ ἑνὶ καὶ δίκτυον τῷ ἐπιθέματι τῷ δυτέρῳ.	et e regione se respicientes aequali spatio inter columnas et super columnas quadrangulata ligna in cunctis aequalia	et e regione se respicientes, æquali spatio inter columnas, et super columnas quadrangulata ligna in cunctis æqualia.		And all the doors and posts were square, with the windows: and light was against light in three ranks.
1Kgs	7	6	וְאֵת אוּלָם הָעַמּוּדִים עָשָׂה חֲמִשִּׁים אַמָּה אָרְכּוֹ וּשְׁלֹשִׁים אַמָּה רָחְבּוֹ וְאוּלָם עַל־פְּנֵיהֶם וְעַמֻּדִים וְעָב עַל־פְּנֵיהֶם ׃	καὶ ἔργον κρεμαστόν, δύο στίχοι ῥοῶν χαλκῶν δεδικτυωμένοι, ἔργον κρεμαστόν, στίχος ἐπὶ στίχον. καὶ οὕτως τοῦ αἰλὰμ τῷ ἐπιθέματι τῷ δευτέρῳ.	et porticum columnarum fecit quinquaginta cubitorum longitudinis et triginta cubitorum latitudinis et alteram porticum in facie maioris porticus et columnas et epistylia super columnas	Et porticum columnarum fecit quinquaginta cubitorum longitudinis, et triginta cubitorum latitudinis: et alteram porticum in facie majoris porticus: et columnas, et epistylia super columnas.		And he made a porch of pillars; the length thereof was fifty cubits, and the breadth thereof thirty cubits: and the porch was before them: and the other pillars and the thick beam were before them.
1Kgs	7	7	וְאוּלָם הַכִּסֵּא אֲשֶׁר יִשְׁפָּט־שָׁם אֻלָם הַמִּשְׁפָּט עָשָׂה וְסָפוּן בָּאֶרֶז מֵהַקַּרְקַע עַד־הַקַּרְקָע ׃	καὶ ἔστησεν τοὺς στύλους τοῦ αἰλὰμ τοῦ ναοῦ. καὶ ἔστησεν τὸν στύλον τὸν ἕνα καὶ ἐπεκάλεσεν τὸ ὄνομα αὐτοῦ Ἰαχούμ, καὶ ἔστησεν τὸν στύλον τὸν δεύτερον καὶ ἐπεκάλεσεν τὸ ὅνομα αὐτοῦ Βάλαζ.	porticum quoque solii in qua tribunal est fecit et texit lignis cedrinis a pavimento usque ad summitatem	Porticum quoque solii, in qua tribunal est, fecit: et texit lignis cedrinis a pavimento usque ad summitatem.		Then he made a porch for the throne where he might judge, even the porch of judgment: and it was covered with cedar from one side of the floor to the other.
1Kgs	7	8	וּבֵיתוֹ אֲשֶׁר־יֵשֶׁב שָׁם חָצֵר הָאַחֶרֶת מִבֵּית לָאוּלָם כַּמַּעֲשֶׂה הַזֶּה הָיָה וּבַיִת יַעֲשֶׂה לְבַת־פַּרְעֹה אֲשֶׁר לָקַח שְׁלֹמֹה כָּאוּלָם הַזֶּה ׃	καὶ ἐπὶ τῶν καφαλῶν τῶν στύλων ἔγρον κρίνου κατὰ τὸ αἰλὰμ τεσσάρων πηχῶν.	et domuncula in qua sedetur ad iudicandum erat in media porticu simili opere domum quoque fecit filiae Pharaonis quam uxorem duxerat Salomon tali opere quali et hanc porticum	Et domuncula, in qua sedebatur ad judicandum, erat in media porticu simili opere. Domum quoque fecit filiæ Pharaonis (quam uxorem duxerat Salomon) tali opere, quali et hanc porticum.		And his house where he dwelt had another court within the porch, which was of the like work. Solomon made also an house for Pharaoh's daughter, whom he had taken to wife, like unto this porch.
1Kgs	7	9	כָּל־אֵלֶּה אֲבָנִים יְקָרֹת כְּמִדֹּת גָּזִית מְגֹרָרוֹת בַּמְּגֵרָה מִבַּיִת וּמִחוּץ וּמִמַּסָּד עַד־הַטְּפָחוֹת וּמִחוּץ עַד־הֶחָצֵר הַגְּדוֹלָה ׃	καὶ μέλαθρον ἐπ’ ἀμφοτέρων τῶν στύλων, καὶ ἐπάνωθεν τῶν πλευρῶν ἐπίθεμα τό μέλαθρον τῷ πήχει.	omnia lapidibus pretiosis qui ad normam quandam atque mensuram tam intrinsecus quam extrinsecus serrati erant a fundamento usque ad summitatem parietum et intrinsecus usque ad atrium maius	Omnia lapidibus pretiosis, qui ad normam quamdam atque mensuram tam intrinsecus quam extrinsecus serrati erant: a fundamento usque ad summitatem parietum, et extrinsecus usque ad atrium majus.		All these were of costly stones, according to the measures of hewed stones, sawed with saws, within and without, even from the foundation unto the coping, and so on the outside toward the great court.
1Kgs	7	10	וּמְיֻסָּד אֲבָנִים יְקָרוֹת אֲבָנִים גְּדֹלוֹת אַבְנֵי עֶשֶׂר אַמּוֹת וְאַבְנֵי שְׁמֹנֶה אַמּוֹת ׃	καὶ ἐποίησεν τὴν θάλασσαν δέκα ἐν πήχει ἀπὸ τοῦ τείχους αὐτῆς ἕως τοῦ χείλους αὐτῆς, στρογγύλον κύκλῳ τὸ αὐτό· πέντε ἐν πήχει τὸ ὕψος αὐτῆς, καὶ συνηγμένοι τρεῖς καὶ τριάκοντα ἐν πήχει.	fundamenta autem de lapidibus pretiosis lapidibus magnis decem sive octo cubitorum	Fundamenta autem de lapidibus pretiosis, lapidibus magnis, decem sive octo cubitorum.		And the foundation was of costly stones, even great stones, stones of ten cubits, and stones of eight cubits.
1Kgs	7	11	וּמִלְמַעְלָה אֲבָנִים יְקָרוֹת כְּמִדּוֹת גָּזִית וָאָרֶז ׃	καὶ ὑποστηρίγματα ὑποκάτωθεν τοῦ χείλους αὐτῆς κυκλόθεν ἐκύκλουν αὐτὴν δέκα ἐν πήχει κυκλόθεν·	et desuper lapides pretiosi aequalis mensurae secti erant similiterque de cedro	Et desuper lapides pretiosi æqualis mensuræ secti erant, similiterque de cedro.		And above were costly stones, after the measures of hewed stones, and cedars.
1Kgs	7	12	וְחָצֵר הַגְּדוֹלָה סָבִיב שְׁלֹשָׁה טוּרִים גָּזִית וְטוּר כְּרֻתֹת אֲרָזִים וְלַחֲצַר בֵּית־יְהוָה הַפְּנִימִית וּלְאֻלָם הַבָּיִת ׃	καὶ τὸ χεῖλος αὐτῆς ὡς ἔργον χείλους ποτηρίου, βλαστὸς κρίνου, καὶ τὸ πάχος αὐτοῦ παλαιστής.	et atrium maius rotundum trium ordinum de lapidibus sectis et unius ordinis dolata cedro necnon et in atrio domus Domini interiori et in porticu domus	Et atrium majus rotundum trium ordinum de lapidibus sectis, et unius ordinis de dolata cedro: necnon et in atrio domus Domini interiori, et in porticu domus.		And the great court round about was with three rows of hewed stones, and a row of cedar beams, both for the inner court of the house of the Lord, and for the porch of the house.
1Kgs	7	13	פ וַיִּשְׁלַח הַמֶּלֶךְ שְׁלֹמֹה וַיִּקַּח אֶת־חִירָם מִצֹּר ׃	καὶ δώδεκα βόες ὑποκάτω τῆς θαλάσσης, οἱ τρεῖς ἐπιβλέποντες βορρᾶν, καὶ οἱ τρεῖς ἐπιβλέποντες θάλασσαν, καἰ οἱ τρεῖς ἐπιβλέποντες νότον, καὶ οἱ τρεῖς ἐπιβλέποντες ἀνατολήν. καὶ πάντα τὰ ὀπίσθια εἰς τὸν οἶκον, καὶ ἡ θάλασσα ἐπ’ αὐτῶν ἐπάνωθεν.	misit quoque rex Salomon et tulit Hiram de Tyro	Misit quoque rex Salomon, et tulit Hiram de Tyro,		And king Solomon sent and fetched Hiram out of Tyre.
1Kgs	7	14	בֶּן־אִשָּׁה אַלְמָנָה הוּא מִמַּטֵּה נַפְתָּלִי וְאָבִיו אִישׁ־צֹרִי חֹרֵשׁ נְחֹשֶׁת וַיִּמָּלֵא אֶת־הַחָכְמָה וְאֶת־הַתְּבוּנָה וְאֶת־הַדַּעַת לַעֲשׂוֹת כָּל־מְלָאכָה בַּנְּחֹשֶׁת וַיָּבוֹא אֶל־הַמֶּלֶךְ שְׁלֹמֹה וַיַּעַשׂ אֶת־כָּל־מְלַאכְתּוֹ ׃	καὶ ἐποίησεν δέκα μεχωνὼθ χαλκᾶς· πέντε πήχεις μῆκος τῆς μεχωνὼθ τῆς μιᾶς, καὶ τέσσαρες πήχεις πλάτος αὐτῆς, καὶ ἓξ ἐν πήχει ὕψος αὐτῆς.	filium mulieris viduae de tribu Nepthali patre Tyrio artificem aerarium et plenum sapientia et intellegentia et doctrina ad faciendum omne opus ex aere qui cum venisset ad regem Salomonem fecit omne opus eius	filium mulieris viduæ de tribu Nephthali, patre Tyrio, artificem ærarium, et plenum sapientia, et intelligentia, et doctrina, ad faciendum omne opus ex ære. Qui cum venisset ad regem Salomonem, fecit omne opus ejus.		He was a widow's son of the tribe of Naphtali, and his father was a man of Tyre, a worker in brass: and he was filled with wisdom, and understanding, and cunning to work all works in brass. And he came to king Solomon, and wrought all his work.
1Kgs	7	15	וַיָּצַר אֶת־שְׁנֵי הָעַמּוּדִים נְחֹשֶׁת שְׁמֹנֶה עֶשְׂרֵה אַמָּה קוֹמַת הָעַמּוּד הָאֶחָד וְחוּט שְׁתֵּים־עֶשְׂרֵה אַמָּה יָסֹב אֶת־הָעַמּוּד הַשֵּׁנִי ׃	καὶ τοῦτο τὸ ἔργον τῶν μεχωνώθ. συνκλειστὸν αὐτοῖς, καὶ συνκλειστὸν ἀνὰ μέσον τῶν ἐξεχομένων.	et finxit duas columnas aereas decem et octo cubitorum altitudinis columnam unam et linea duodecim cubitorum ambiebat columnam utramque	Et finxit duas columnas æreas, decem et octo cubitorum altitudinis columnam unam: et linea duodecim cubitorum ambiebat columnam utramque.		For he cast two pillars of brass, of eighteen cubits high apiece: and a line of twelve cubits did compass either of them about.
1Kgs	7	16	וּשְׁתֵּי כֹתָרֹת עָשָׂה לָתֵת עַל־רָאשֵׁי הָעַמּוּדִים מֻצַק נְחֹשֶׁת חָמֵשׁ אַמּוֹת קוֹמַת הַכֹּתֶרֶת הָאֶחָת וְחָמֵשׁ אַמּוֹת קוֹמַת הַכֹּתֶרֶת הַשֵּׁנִית ׃	καὶ ἐπὶ τὰ συνκλείσματα αὐτῶν ἀνὰ μέσον ἐξεχομένων λέοντες καὶ βόες καὶ χερουβείν· καὶ ἐπὶ τῶν ἐξεχομένων οὕτως καὶ ἐπάνωθεν, καὶ ὑποκάτωθεν τῶν λεόντων καὶ τῶν βοῶν χῶραι, ἔργον καταβάσεως.	duo quoque capitella fecit quae ponerentur super capita columnarum fusili aere quinque cubitorum altitudinis capitellum unum et quinque cubitorum altitudinis capitellum alterum	Duo quoque capitella fecit, quæ ponerentur super capita columnarum, fusilia ex ære: quinque cubitorum altitudinis capitellum unum, et quinque cubitorum altitudinis capitellum alterum:		And he made two chapiters of molten brass, to set upon the tops of the pillars: the height of the one chapiter was five cubits, and the height of the other chapiter was five cubits:
1Kgs	7	17	שְׂבָכִים מַעֲשֵׂה שְׂבָכָה גְּדִלִים מַעֲשֵׂה שַׁרְשְׁרוֹת לַכֹּתָרֹת אֲשֶׁר עַל־רֹאשׁ הָעַמּוּדִים שִׁבְעָה לַכֹּתֶרֶת הָאֶחָת וְשִׁבְעָה לַכֹּתֶרֶת הַשֵּׁנִית ׃	καὶ τέσσαρες τροχοὶ χαλκοῖ τῇ μεχωνὼθ τῇ μιᾷ, καὶ τὰ προςέχοντα χαλκᾶ καὶ τέσσερα μέρη αὐτῶν, ὡμίαι ὑποκάτω τῶν λουτήρων.	et quasi in modum retis et catenarum sibi invicem miro opere contextarum utrumque capitellum columnarum fusile erat septena versuum retiacula in capitello uno et septena retiacula in capitello altero	et quasi in modum retis, et catenarum sibi invicem miro opere contextarum. Utrumque capitellum columnarum fusile erat: septena versuum retiacula in capitello uno, et septena retiacula in capitello altero.		And nets of checker work, and wreaths of chain work, for the chapiters which were upon the top of the pillars; seven for the one chapiter, and seven for the other chapiter.
1Kgs	7	18	וַיַּעַשׂ אֶת־הָעַמּוּדִים וּשְׁנֵי טוּרִים סָבִיב עַל־הַשְּׂבָכָה הָאֶחָת לְכַסּוֹת אֶת־הַכֹּתָרֹת אֲשֶׁר עַל־רֹאשׁ הָרִמֹּנִים וְכֵן עָשָׂה לַכֹּתֶרֶת הַשֵּׁנִית ׃	καὶ χεῖρες ἐν τοῖς τροχοῖς ἐν τῷ μεχωνώθ· καὶ τὸ ὕψος τοῦ τροχοῦ τοῦ ἑνὸς πήχεος καὶ ἡμίσους.	et perfecit columnas et duos ordines per circuitum retiaculorum singulorum ut tegerent capitella quae erant super summitatem malogranatorum eodem modo fecit et capitello secundo	Et perfecit columnas, et duos ordines per circuitum retiaculorum singulorum, ut tegerent capitella quæ erant super summitatem, malogranatorum: eodem modo fecit et capitello secundo.		And he made the pillars, and two rows round about upon the one network, to cover the chapiters that were upon the top, with pomegranates: and so did he for the other chapiter.
1Kgs	7	19	וְכֹתָרֹת אֲשֶׁר עַל־רֹאשׁ הָעַמּוּדִים מַעֲשֵׂה שׁוּשַׁן בָּאוּלָם אַרְבַּע אַמּוֹת ׃	καὶ τὸ ἔργον τῶν τροχῶν ἔροχῶν ἅρματος· αἱ χεῖρες αὐτῶν καὶ οἱ νῶτοι αὐτῶν καὶ ἡ πραγματεία αὐτῶν πάντα χωνευτά.	capitella autem quae erant super capita columnarum quasi opere lilii fabricata erant in porticu quattuor cubitorum	Capitella autem quæ erant super capita columnarum, quasi opere lilii fabricata erant in porticu quatuor cubitorum.		And the chapiters that were upon the top of the pillars were of lily work in the porch, four cubits.
1Kgs	7	20	וְכֹתָרֹת עַל־שְׁנֵי הָעַמּוּדִים גַּם־מִמַּעַל מִלְּעֻמַּת הַבֶּטֶן אֲשֶׁר לְעֵבֶר שְׂבָכָה וְהָרִמּוֹנִים מָאתַיִם טֻרִים סָבִיב עַל הַכֹּתֶרֶת הַשֵּׁנִית ׃	αἱ τέσσαρες Β ἀμίαι ἐπὶ τῶν τεσςάρων γωνιῶν τῆς μεχωνὼρ τῇ μιᾷ, ἐκ τῆς μεχωνὼθ οἱ ὦμοι αὐτῆς· ἀυτῆς·	et rursum alia capitella in summitate columnarum desuper iuxta mensuram columnae contra retiacula malogranatorum autem ducenti ordines erant in circuitu capitelli secundi	Et rursum alia capitella in summitate columnarum desuper juxta mensuram columnæ contra retiacula: malogranatorum autem ducenti ordines erant in circuitu capitelli secundi.		And the chapiters upon the two pillars had pomegranates also above, over against the belly which was by the network: and the pomegranates were two hundred in rows round about upon the other chapiter.
1Kgs	7	21	וַיָּקֶם אֶת־הָעַמֻּדִים לְאֻלָם הַהֵיכָל וַיָּקֶם אֶת־הָעַמּוּד הַיְמָנִי וַיִּקְרָא אֶת־שְׁמוֹ יָכִין וַיָּקֶם אֶת־הָעַמּוּד הַשְּׂמָאלִי וַיִּקְרָא אֶת־שְׁמוֹ בֹּעַז ׃	καὶ ἐπὶ τῆς κεφλῆς τῆς μεχωνὼθ ἥμισυ τοῦ πήχεος μεγεθος αὐτῆς, στρογγύλον κύκλῳ ἐπὶ τῆς κεφαλῆς τῆς μεχωνώθ· καὶ ἀρχὴ χειρῶν αὐτῆς καὶ τὰ συγκλείσματα αὐτῆς· καὶ ἠνοίγετο ἐπὶ τέσσαρας ἀρχὰς τῶν χειρῶν αὐτῆς.	et statuit duas columnas in porticum templi cumque statuisset columnam dexteram vocavit eam nomine Iachin similiter erexit columnam secundam et vocavit nomen eius Booz	Et statuit duas columnas in porticu templi: cumque statuisset columnam dexteram, vocavit eam nomine Jachin: similiter erexit columnam secundam, et vocavit nomen ejus Booz.		And he set up the pillars in the porch of the temple: and he set up the right pillar, and called the name thereof Jachin: and he set up the left pillar, and called the name thereof Boaz.
1Kgs	7	22	וְעַל רֹאשׁ הָעַמּוּדִים מַעֲשֵׂה שׁוֹשָׁן וַתִּתֹּם מְלֶאכֶת הָעַמּוּדִים ׃	καὶ τὰ συγκλείσματα αὐτῆς χερουβεὶν καὶ λέοντες καὶ φοίνικες ἑστῶτα, ἐχόμενον ἕκαστον κατὰ πρόσωπον ἔσω καὶ τὰ κυκλόθεν.	et super capita columnarum opus in modum lilii posuit perfectumque est opus columnarum	Et super capita columnarum opus in modum lilii posuit: perfectumque est opus columnarum.		And upon the top of the pillars was lily work: so was the work of the pillars finished.
1Kgs	7	23	וַיַּעַשׂ אֶת־הַיָּם מוּצָק עֶשֶׂר בָּאַמָּה מִשְּׂפָתוֹ עַד־שְׂפָתוֹ עָגֹל סָבִיב וְחָמֵשׁ בָּאַמָּה קוֹמָתוֹ וּקְוֵה שְׁלֹשִׁים בָּאַמָּה יָסֹב אֹתוֹ סָבִיב ׃	κατ’ αὐτὴν ἐποίησεν πάσας τὰς δέκα μεχωνώθ, τάξιν μίαν καὶ μέτρον ἕν πάσαις.	fecit quoque mare fusile decem cubitorum a labio usque ad labium rotundum in circuitu quinque cubitorum altitudo eius et resticula triginta cubitorum cingebat illud per circuitum	Fecit quoque mare fusile decem cubitorum a labio usque ad labium, rotundum in circuitu: quinque cubitorum altitudo ejus, et resticula triginta cubitorum cingebat illud per circuitum.		And he made a molten sea, ten cubits from the one brim to the other: it was round all about, and his height was five cubits: and a line of thirty cubits did compass it round about.
1Kgs	7	24	וּפְקָעִים מִתַּחַת לִשְׂפָתוֹ סָבִיב סֹבְבִים אֹתוֹ עֶשֶׂר בָּאַמָּה מַקִּפִים אֶת־הַיָּם סָבִיב שְׁנֵי טוּרִים הַפְּקָעִים יְצֻקִים בִּיצֻקָתוֹ ׃	καὶ ἐποίησεν δέκα χυτροκαύλους χαλκοῦς, τεσσεράκοντα χοεῖς χωροῦντας τὸν χυτρόκαυλον τὸν ἔνα μετρήσει· ὁ χυτρόκαυλος ὁ εἷς ἐπὶ τῇ μεχωνὼθ τῇ μιᾷ, ταῖς δέκα μεχωνώθ.	et scalptura subter labium circumibat illud decem cubitis ambiens mare duo ordines scalpturarum histriatarum erant fusiles	Et sculptura subter labium circuibat illud decem cubitis ambiens mare: duo ordines sculpturarum striatarum erant fusiles.		And under the brim of it round about there were knops compassing it, ten in a cubit, compassing the sea round about: the knops were cast in two rows, when it was cast.
1Kgs	7	25	עֹמֵד עַל־שְׁנֵי עָשָׂר בָּקָר שְׁלֹשָׁה פֹנִים צָפוֹנָה וּשְׁלֹשָׁה פֹנִים יָמָּה וּשְׁלֹשָׁה פֹּנִים נֶגְבָּה וּשְׁלֹשָׁה פֹּנִים מִזְרָחָה וְהַיָּם עֲלֵיהֶם מִלְמָעְלָה וְכָל־אֲחֹרֵיהֶם בָּיְתָה ׃	καὶ ἔθετο τὰς πέντε μεχωνὼθ ἀπὸ τῆς ὠμίας τοῦ οἴκου ἐκ δεξιῶν κατ’ ἀνατολὰς ἀπὸ τοῦ κλίτους τοῦ νότου.	et stabat super duodecim boves e quibus tres respiciebant ad aquilonem et tres ad occidentem et tres ad meridiem et tres ad orientem et mare super eos desuper erat quorum posteriora universa intrinsecus latitabant	Et stabat super duodecim boves, e quibus tres respiciebant ad aquilonem, et tres ad occidentem, et tres ad meridiem, et tres ad orientem: et mare super eos desuper erat: quorum posteriora universa intrinsecus latitabant.		It stood upon twelve oxen, three looking toward the north, and three looking toward the west, and three looking toward the south, and three looking toward the east: and the sea was set above upon them, and all their hinder parts were inward.
1Kgs	7	26	וְעָבְיוֹ טֶפַח וּשְׂפָתוֹ כְּמַעֲשֵׂה שְׂפַת־כּוֹס פֶּרַח שׁוֹשָׁן אַלְפַּיִם בַּת יָכִיל ׃ פ	καὶ ἐποίησεν Χειρὰμ τοὺς λέβητας καὶ τὰς θερμάστρεις καὶ τὰς φιάλας· καὶ συνετέλεσεν χειρὰμ ποιῶν πάντα τὰ ἔργα ἅ ἐποίησεν τῷ βασιλεῖ Σαλωμὼν ἐν οἴκῳ Κυρίου.	grossitudo autem luteris trium unciarum erat labiumque eius quasi labium calicis et folium repandi lilii duo milia batos capiebat	Grossitudo autem luteris, trium unciarum erat: labiumque ejus quasi labium calicis, et folium repandi lilii: duo millia batos capiebat.		And it was an hand breadth thick, and the brim thereof was wrought like the brim of a cup, with flowers of lilies: it contained two thousand baths.
1Kgs	7	27	וַיַּעַשׂ אֶת־הַמְּכֹנוֹת עֶשֶׂר נְחֹשֶׁת אַרְבַּע בָּאַמָּה אֹרֶךְ הַמְּכוֹנָה הָאֶחָת וְאַרְבַּע בָּאַמָּה רָחְבָּהּ וְשָׁלֹשׁ בָּאַמָּה קוֹמָתָהּ ׃	στύλους δύο καὶ τὰ στρεπτὰ τῶν στύλων ἐπὶ τῶν κεφαλῶν τῶν στύλων δύο· καὶ τὰ δίκτυα δύο τοῦ καλύπτειν ἀμφότερα τὰ στρεπτὰ τῶν γλυφῶν τὰ ὄντα ἐπὶ τῶν στύλων·	et fecit bases decem aereas quattuor cubitorum longitudinis bases singulas et quattuor cubitorum latitudinis et trium cubitorum altitudinis	Et fecit decem bases æneas, quatuor cubitorum longitudinis bases singulas, et quatuor cubitorum latitudinis, et trium cubitorum altitudinis.		And he made ten bases of brass; four cubits was the length of one base, and four cubits the breadth thereof, and three cubits the height of it.
1Kgs	7	28	וְזֶה מַעֲשֵׂה הַמְּכוֹנָה מִסְגְּרֹת לָהֶם וּמִסְגְּרֹת בֵּין הַשְׁלַבִּים ׃	τὰς ῥόας τετρακοςίας ἀμφοτέροις τοῖς δικτύοις, δύο στίχοι ῥοῶν τῷ δικτύῳ τῷ ἑνὶ περικαλύπτειν ἀμφότερα τὰ ὄντα τὰ στρεπεὰ τῆς μεχωνὼθ ἐπ’ ἀμφοτέροις τοῖς στύλοις·	et ipsum opus basium interrasile erat et scalpturae inter iuncturas	Et ipsum opus basium, interrasile erat: et sculpturæ inter juncturas.		And the work of the bases was on this manner: they had borders, and the borders were between the ledges:
1Kgs	7	29	וְעַל־הַמִּסְגְּרוֹת אֲשֶׁר בֵּין הַשְׁלַבִּים אֲרָיוֹת בָּקָר וּכְרוּבִים וְעַל־הַשְׁלַבִּים כֵּן מִמָּעַל וּמִתַּחַת לַאֲרָיוֹת וְלַבָּקָר לֹיוֹת מַעֲשֵׂה מוֹרָד ׃	καὶ τὰς μεχωνὼθ δέκα, καὶ τοὺς χυτροκαύλους δέκα ἐπὶ τῶν μεχωνώθ·	et inter coronulas et plectas leones et boves et cherubin et in iuncturis similiter desuper et subter leones et boves quasi lora ex aere dependentia	Et inter coronulas et plectas, leones et boves et cherubim, et in juncturis similiter desuper: et subter leones et boves, quasi lora ex ære dependentia.		And on the borders that were between the ledges were lions, oxen, and cherubims: and upon the ledges there was a base above: and beneath the lions and oxen were certain additions made of thin work.
1Kgs	7	30	וְאַרְבָּעָה אוֹפַנֵּי נְחֹשֶׁת לַמְּכוֹנָה הָאַחַת וְסַרְנֵי נְחֹשֶׁת וְאַרְבָּעָה פַעֲמֹתָיו כְּתֵפֹת לָהֶם מִתַּחַת לַכִּיֹּר הַכְּתֵפֹת יְצֻקוֹת מֵעֵבֶר אִישׁ לֹיוֹת ׃	καὶ τὴν θάλασσαν μίαν, καὶ τοὺς βόας δώδεκα ὑποκάτω τῆς θαλάσσης·	et quattuor rotae per bases singulas et axes aerei et per quattuor partes quasi umeruli subter luterem fusiles contra se invicem respectantes	Et quatuor rotæ per bases singulas, et axes ærei: et per quatuor partes quasi humeruli subter luterem fusiles, contra se invicem respectantes.		And every base had four brasen wheels, and plates of brass: and the four corners thereof had undersetters: under the laver were undersetters molten, at the side of every addition.
1Kgs	7	31	וּפִיהוּ מִבֵּית לַכֹּתֶרֶת וָמַעְלָה בָּאַמָּה וּפִיהָ עָגֹל מַעֲשֵׂה־כֵן אַמָּה וַחֲצִי הָאַמָּה וְגַם־עַל־פִּיהָ מִקְלָעוֹת וּמִסְגְּרֹתֵיהֶם מְרֻבָּעוֹת לֹא עֲגֻלּוֹת ׃	καὶ τοὺς λέβητας καὶ τὰς θερμάστρεις καὶ τὰς φιάλας καὶ πάντα τὰ σκεύη ἅ ἐποίησεν Χειρὰμ τῷ βασιλεῖ Σαλωμὼν τῷ οἴκῶ Κυρίου· καὶ οἱ στύλοι τεσσεράκοντα καὶ ὀκτὼ τοῦ οἴκου τοῦ βασιλέως καὶ τοῦ οἴκου Κυρίου· πάντα τὰ ἕργα τοῦ βασιλέως ἐποίησεν Χειρὰμ χαλκᾶ ἄρδην,	os quoque luteris intrinsecus erat in capitis summitate et quod forinsecus apparebat unius cubiti erat totum rotundum pariterque habebat unum cubitum et dimidium in angulis autem columnarum variae celaturae erant et media intercolumnia quadrata non rotunda	Os quoque luteris intrinsecus erat in capitis summitate: et quod forinsecus apparebat, unius cubiti erat totum rotundum, pariterque habebat unum cubitum et dimidium: in angulis autem columnarum variæ cælaturæ erant: et media intercolumnia, quadrata non rotunda.		And the mouth of it within the chapiter and above was a cubit: but the mouth thereof was round after the work of the base, a cubit and an half: and also upon the mouth of it were gravings with their borders, foursquare, not round.
1Kgs	7	32	וְאַרְבַּעַת הָאוֹפַנִּים לְמִתַּחַת לַמִּסְגְּרוֹת וִידוֹת הָאוֹפַנִּים בַּמְּכוֹנָה וְקוֹמַת הָאוֹפַן הָאֶחָד אַמָּה וַחֲצִי הָאַמָּה ׃	οὐκ ἦν σταθμὸς τοῦ χαλκοῦ οὗ ἐποίησεν πάντα τὰ ἔργα ταῦτα ἐκ πλήους σφόδρα· οὐκ ἦν τέρμα τῶν σταθμῶν τοῦ χαλκοῦ.	quattuor quoque rotae quae per quattuor angulos basis erant coherebant subter basi una rota habebat altitudinis cubitum et semis	Quatuor quoque rotæ quæ per quatuor angulos basis erant, cohærebant sibi subter basim: una rota habebat altitudinis cubitum et semis.		And under the borders were four wheels; and the axletrees of the wheels were joined to the base: and the height of a wheel was a cubit and half a cubit.
1Kgs	7	33	וּמַעֲשֵׂה הָאוֹפַנִּים כְּמַעֲשֵׂה אוֹפַן הַמֶּרְכָּבָה יְדוֹתָם וְגַבֵּיהֶם וְחִשֻּׁקֵיהֶם וְחִשֻּׁרֵיהֶם הַכֹּל מוּצָק ׃	ἐν τῷ περιοίκῳ τοῦ Ἰορδάνου ἐχώνευσεν αὐτὰ ἐν τῷ πάχει τῆς γῆς, ἀνὰ μέσον Σοκχὼθ καὶ ἀνὰ μέσον Σειρά.	tales autem rotae erant quales solent in curru fieri et axes earum et radii et canti et modioli omnia fusilia	Tales autem rotæ erant quales solent in curru fieri: et axes earum, et radii, et canthi, et modioli, omnia fusilia.		And the work of the wheels was like the work of a chariot wheel: their axletrees, and their naves, and their felloes, and their spokes, were all molten.
1Kgs	7	34	וְאַרְבַּע כְּתֵפוֹת אֶל אַרְבַּע פִּנּוֹת הַמְּכֹנָה הָאֶחָת מִן־הַמְּכֹנָה כְּתֵפֶיהָ ׃	καὶ ἔλαβεν ὁ βασιλεὺς Σαλωμὼν τὰ σκεύη ἅ ἐποίησεν ἐν οἴκῳ, τὸ θυσιαστήριον τὸ χρυσοῦν, καὶ τὴν τράπεζαν ἐφ’ ἧς οἱ ἄρτοι τῆς προσφορᾶς χρυςῆν,	nam et umeruli illi quattuor per singulos angulos basis unius ex ipsa basi fusiles et coniuncti erant	Nam et humeruli illi quatuor per singulos angulos basis unius, ex ipsa basi fusiles et conjuncti erant.		And there were four undersetters to the four corners of one base: and the undersetters were of the very base itself.
1Kgs	7	35	וּבְרֹאשׁ הַמְּכוֹנָה חֲצִי הָאַמָּה קוֹמָה עָגֹל סָבִיב וְעַל רֹאשׁ הַמְּכֹנָה יְדֹתֶיהָ וּמִסְגְּרֹתֶיהָ מִמֶּנָּה ׃	καὶ τὰς λυχνίας πέντε ἐξ ἀριστερῶν καὶ πέντε ἐκ δεξιῶν κατὰ πρόσωπον τοῦ δαβεὶρ χρυσᾶς συνκλειομένας, χρυσᾶσ·	in summitate autem basis erat quaedam rotunditas dimidii cubiti ita fabrefacta ut luter desuper possit inponi habens celaturas suas et scalpturas varias ex semet ipso	In summitate autem basis erat quædam rotunditas dimidii cubiti, ita fabrefacta ut luter desuper posset imponi, habens cælaturas suas, variasque sculpturas ex semetipsa.		And in the top of the base was there a round compass of half a cubit high: and on the top of the base the ledges thereof and the borders thereof were of the same.
1Kgs	7	36	וַיְפַתַּח עַל־הַלֻּחֹת יְדֹתֶיהָ וְעַל וַמִסְגְּרֹתֶיהָ כְּרוּבִים אֲרָיוֹת וְתִמֹרֹת כְּמַעַר־אִישׁ וְלֹיוֹת סָבִיב ׃	καὶ τὰ λαμπαδεῖα καὶ τοὺς λύχνους καὶ τὰς τὰ τρυβλία καὶ αἱ θυίσκαι χρυσαῖ, συνκλειστά· καὶ τὰ θυρώματα τῶν θυρῶν τοῦ οἴκου τοῦ ἐσωτάτου ἁγίου τῶν ἀγίων, καὶ τὰς θύρας τοῦ ναοῦ χρυςσᾶσ.	scalpsit quoque in tabulatis illis quae erant ex aere et in angulis cherubin et leones et palmas quasi in similitudinem stantis hominis ut non celata sed adposita per circuitum viderentur	Sculpsit quoque in tabulatis illis quæ erant ex ære, et in angulis, cherubim, et leones, et palmas, quasi in similitudinem hominis stantis, ut non cælata, sed apposita per circuitum viderentur.		For on the plates of the ledges thereof, and on the borders thereof, he graved cherubims, lions, and palm trees, according to the proportion of every one, and additions round about.
1Kgs	7	37	כָּזֹאת עָשָׂה אֵת עֶשֶׂר הַמְּכֹנוֹת מוּצָק אֶחָד מִדָּה אַחַת קֶצֶב אֶחָד לְכֻלָּהְנָה ׃ ס	καὶ ἀνεπληρώθη τὸ ἔργον ὅ ἐποίησεν Σαλωμὼν οἴκου Κυρίου· καὶ εἰσήνεγκεν Σαλωμὼν τὰ ἅγια Δαυεὶδ τοῦ πατρὸς αὐτοῦ καὶ πάντα τὰ ἅγια Σαλωμών, τὸ ἀργύριον καὶ τὸ χρυσίον ἔδωκεν εἰς τοὺς θησαυροὺς οἴκου Κυρίου.	in hunc modum fecit decem bases fusura una et mensura scalpturaque consimili	In hunc modum fecit decem bases, fusura una, et mensura, sculpturaque consimili.		After this manner he made the ten bases: all of them had one casting, one measure, and one size.
1Kgs	7	38	וַיַּעַשׂ עֲשָׂרָה כִיֹּרוֹת נְחֹשֶׁת אַרְבָּעִים בַּת יָכִיל הַכִּיּוֹר הָאֶחָד אַרְבַּע בָּאַמָּה הַכִּיּוֹר הָאֶחָד כִּיּוֹר אֶחָד עַל־הַמְּכֹנָה הָאַחַת לְעֶשֶׂר הַמְּכוֹנוֹת ׃	Καὶ τὸν οἶκον ἑαυτῷ ῷκοδόμησεν Σαλωμὼν τρισκαίδεκα ἔτη.	fecit quoque decem luteres aereos quadraginta batos capiebat luter unus eratque quattuor cubitorum singulosque luteres per singulas id est decem bases posuit	Fecit quoque decem luteres æneos: quadraginta batos capiebat luter unus, eratque quatuor cubitorum: singulos quoque luteres per singulas, id est, decem bases, posuit.		Then made he ten lavers of brass: one laver contained forty baths: and every laver was four cubits: and upon every one of the ten bases one laver.
1Kgs	7	39	וַיִּתֵּן אֶת־הַמְּכֹנוֹת חָמֵשׁ עַל־כֶּתֶף הַבַּיִת מִיָּמִין וְחָמֵשׁ עַל־כֶּתֶף הַבַּיִת מִשְּׂמֹאלוֹ וְאֶת־הַיָּם נָתַן מִכֶּתֶף הַבַּיִת הַיְמָנִית קֵדְמָה מִמּוּל נֶגֶב ׃ ס	καὶ ᾠκοδόμησεν τὸν οἶκον δρυμῷ τοῦ Λιβάνου· ἑκατὸν πήχεις μῆκος αὐτοῦ, καὶ πεντήκοντα πήχεις πλάτος αὐτοῦ· καὶ τριῶν στίχων στύλων κεδρίνων, καὶ ὠμίαι κέδριναι τοῖς στύλοις.	et constituit decem bases quinque ad dexteram partem templi et quinque ad sinistram mare autem posuit ad dexteram partem templi contra orientem ad meridiem	Et constituit decem bases, quinque ad dexteram partem templi, et quinque ad sinistram: mare autem posuit ad dexteram partem templi contra orientem ad meridiem.		And he put five bases on the right side of the house, and five on the left side of the house: and he set the sea on the right side of the house eastward over against the south.
1Kgs	7	40	וַיַּעַשׂ חִירוֹם אֶת־הַכִּיֹּרוֹת וְאֶת־הַיָּעִים וְאֶת־הַמִּזְרָקוֹת וַיְכַל חִירָם לַעֲשׂוֹת אֶת־כָּל־הַמְּלָאכָה אֲשֶׁר עָשָׂה לַמֶּלֶךְ שְׁלֹמֹה בֵּית יְהוָה ׃	καὶ ἐφάτνωσεν τὸν οἶκον ἄνωθεν ἐπὶ τῶν πλευρῶν τῶν στύλων· καὶ ἀριθμος τῶν στύλων τεσσεράκοντα καὶ πέντε ὁ στίχος,	fecit ergo Hiram lebetas et scutras et amulas et perfecit omne opus regis Salomonis in templo Domini	Fecit ergo Hiram lebetes, et scutras, et hamulas, et perfecit omne opus regis Salomonis in templo Domini.		And Hiram made the lavers, and the shovels, and the basons. So Hiram made an end of doing all the work that he made king Solomon for the house of the Lord:
1Kgs	7	41	עַמֻּדִים שְׁנַיִם וְגֻלֹּת הַכֹּתָרֹת אֲשֶׁר־עַל־רֹאשׁ הָעַמֻּדִים שְׁתָּיִם וְהַשְּׂבָכוֹת שְׁתַּיִם לְכַסּוֹת אֶת־שְׁתֵּי גֻּלֹּת הַכֹּתָרֹת אֲשֶׁר עַל־רֹאשׁ הָעַמּוּדִים ׃	καὶ μέλαθρα τρία, καὶ χώρα ἐπὶ χώραν τρισσῶς.	columnas duas et funiculos capitulorum super capitella columnarum duos et retiacula duo ut operirent duos funiculos qui erant super capita columnarum	Columnas duas, et funiculos capitellorum super capitella columnarum duos: et retiacula duo, ut operirent duos funiculos qui erant super capita columnarum.		The two pillars, and the two bowls of the chapiters that were on the top of the two pillars; and the two networks, to cover the two bowls of the chapiters which were upon the top of the pillars;
1Kgs	7	42	וְאֶת־הָרִמֹּנִים אַרְבַּע מֵאוֹת לִשְׁתֵּי הַשְּׂבָכוֹת שְׁנֵי־טוּרִים רִמֹּנִים לַשְּׂבָכָה הָאֶחָת לְכַסּוֹת אֶת־שְׁתֵּי גֻּלֹּת הַכֹּתָרֹת אֲשֶׁר עַל־פְּנֵי הָעַמּוּדִים ׃	καὶ πάντα τὰ θυρώματα καὶ αἱ χῶραι τετράγωνοι μεμελαθρωμέναι, καὶ ἀπὸ τοῦ θυρώματος ἐπὶ θύραν τρισςῶς.	et malogranata quadringenta in duobus retiaculis duos versus malogranatorum in retiaculis singulis ad operiendos funiculos capitellorum qui erant super capita columnarum	Et malogranata quadringenta in duobus retiaculis: duos versus malogranatorum in retiaculis singulis, ad operiendos funiculos capitellorum qui erant super capita columnarum.		And four hundred pomegranates for the two networks, even two rows of pomegranates for one network, to cover the two bowls of the chapiters that were upon the pillars;
1Kgs	7	43	וְאֶת־הַמְּכֹנוֹת עָשֶׂר וְאֶת־הַכִּיֹּרֹת עֲשָׂרָה עַל־הַמְּכֹנוֹת ׃	καὶ τὸ αἰλὰμ τῶν στύλων πεντήκοντα μῆκος καὶ πενετήκοντα ἐν πλάτει ἐζυγωμένα, αἰλὰμ ἐπὶ πρόσωπον αὐτῶν· καὶ στύλοι καὶ πάχος ἐπὶ πρόσωπον αὐτῆς τοῖς αἰλαμμείν.	et bases decem et luteres decem super bases	Et bases decem, et luteres decem super bases.		And the ten bases, and ten lavers on the bases;
1Kgs	7	44	וְאֶת־הַיָּם הָאֶחָד וְאֶת־הַבָּקָר שְׁנֵים־עָשָׂר תַּחַת הַיָּם ׃	καὶ τὸ αἰλὰμ τῶν θρόνων οὗ κρινεῖ ἐκεῖ, αἰλὰμ τοῦ κριτηρίου.	et mare unum et boves duodecim subter mare	Et mare unum, et boves duodecim subter mare.		And one sea, and twelve oxen under the sea;
1Kgs	7	45	וְאֶת־הַסִּירוֹת וְאֶת־הַיָּעִים וְאֶת־הַמִּזְרָקוֹת וְאֵת כָּל־הַכֵּלִים הָאֹהֶל אֲשֶׁר עָשָׂה חִירָם לַמֶּלֶךְ שְׁלֹמֹה בֵּית יְהוָה נְחֹשֶׁת מְמֹרָט ׃	καὶ ὁ οἶκος αὐτῶν, ἐν οἴκῳ καθήσεται ἐκεῖ, αὐλὴ μέα ἐξ ἐλισσομένης τούτοις κατὰ τὸ ἔργου τοῦτο· καὶ οἶκον τῇ θυγατρὶ Φαραὼ ἥν ἔλαβεν Σαλωμὼν κατὰ τὸ αἰλὰμ τοῦτο.	et lebetas et scutras et amulas omnia vasa quae fecit Hiram regi Salomoni in domo Domini de aurichalco erant	Et lebetes, et scutras, et hamulas, omnia vasa quæ fecit Hiram regi Salomoni in domo Domini, de auricalco erant.		And the pots, and the shovels, and the basons: and all these vessels, which Hiram made to king Solomon for the house of the Lord, were of bright brass.
1Kgs	7	46	בְּכִכַּר הַיַּרְדֵּן יְצָקָם הַמֶּלֶךְ בְּמַעֲבֵה הָאֲדָמָה בֵּין סֻכּוֹת וּבֵין צָרְתָן ׃	πάντα ταῦτα ἐκ λίθων τιμίων κεκολαμμένα ἐκ διαστήματος ἔσωθεν καὶ ἐκ τοῦ θεμελίου ἕως τῶν γειςῶν· καὶ ἔξωθεν εἰς τὴν αὐλὴν τὴν μεγάλην	in campestri regione Iordanis fudit ea rex in argillosa terra inter Socchoth et Sarthan	In campestri regione Jordanis fudit ea rex in argillosa terra, inter Sochoth et Sarthan.		In the plain of Jordan did the king cast them, in the clay ground between Succoth and Zarthan.
1Kgs	7	47	וַיַּנַּח שְׁלֹמֹה אֶת־כָּל־הַכֵּלִים מֵרֹב מְאֹד מְאֹד לֹא נֶחְקַר מִשְׁקַל הַנְּחֹשֶׁת ׃	τὴν τεθεμελιωμένην ἐν τιμίοις λίθοις μεγάλοις, λίθοις δεκαπήχεσιν καὶ τοῖς ὀκταπήχεσιν·	et posuit Salomon omnia vasa propter multitudinem autem nimiam non erat pondus aeris	Et posuit Salomon omnia vasa: propter multitudinem autem nimiam non erat pondus æris.		And Solomon left all the vessels unweighed, because they were exceeding many: neither was the weight of the brass found out.
1Kgs	7	48	וַיַּעַשׂ שְׁלֹמֹה אֵת כָּל־הַכֵּלִים אֲשֶׁר בֵּית יְהוָה אֵת מִזְבַּח הַזָּהָב וְאֶת־הַשֻּׁלְחָן אֲשֶׁר עָלָיו לֶחֶם הַפָּנִים זָהָב ׃	καὶ ἐπάνωθεν ιμόις κατὰ τὸ μέτρον ἀπελεκήτων καὶ κέδροις.	fecitque Salomon omnia vasa in domo Domini altare aureum et mensam super quam ponerentur panes propositionis auream	Fecitque Salomon omnia vasa in domo Domini: altare aureum, et mensam super quam ponerentur panes propositionis, auream:		And Solomon made all the vessels that pertained unto the house of the Lord: the altar of gold, and the table of gold, whereupon the shewbread was,
1Kgs	7	49	וְאֶת־הַמְּנֹרוֹת חָמֵשׁ מִיָּמִין וְחָמֵשׁ מִשְּׂמֹאול לִפְנֵי הַדְּבִיר זָהָב סָגוּר וְהַפֶּרַח וְהַנֵּרֹת וְהַמֶּלְקַחַיִם זָהָב ׃	τῆς αὐλῆς τῆς μεγάλης κύκλοι τρεῖς στίχοι ἀπελεκήτων καὶ στίχος κεκολλημένης κέδρου.	et candelabra aurea quinque ad dexteram et quinque ad sinistram contra oraculum ex auro primo et quasi lilii flores et lucernas desuper aureas et forcipes aureos	et candelabra aurea, quinque ad dexteram, et quinque ad sinistram contra oraculum, ex auro puro: et quasi lilii flores, et lucernas desuper aureas: et forcipes aureos,		And the candlesticks of pure gold, five on the right side, and five on the left, before the oracle, with the flowers, and the lamps, and the tongs of gold,
1Kgs	7	50	וְהַסִּפּוֹת וְהַמְזַמְּרוֹת וְהַמִּזְרָקוֹת וְהַכַּפּוֹת וְהַמַּחְתּוֹת זָהָב סָגוּר וְהַפֹּתוֹת לְדַלְתוֹת הַבַּיִת הַפְּנִימִי לְקֹדֶשׁ הַקֳּדָשִׁים לְדַלְתֵי הַבַּיִת לַהֵיכָל זָהָב ׃ פ	καὶ συνετέλεσεν Σαλωμὼν ὅλον τὸν οἶκον αὐτοῦ.	et hydrias et fuscinulas et fialas et mortariola et turibula de auro purissimo et cardines ostiorum domus interioris sancti sanctorum et ostiorum domus templi ex auro erant	et hydrias, et fuscinulas, et phialas, et mortariola, et thuribula, de auro purissimo: et cardines ostiorum domus interioris Sancti sanctorum, et ostiorum domus templi, ex auro erant.		And the bowls, and the snuffers, and the basons, and the spoons, and the censers of pure gold; and the hinges of gold, both for the doors of the inner house, the most holy place, and for the doors of the house, to wit, of the temple.
1Kgs	7	51	וַתִּשְׁלַם כָּל־הַמְּלָאכָה אֲשֶׁר עָשָׂה הַמֶּלֶךְ שְׁלֹמֹה בֵּית יְהוָה וַיָּבֵא שְׁלֹמֹה אֶת־קָדְשֵׁי דָּוִד אָבִיו אֶת־הַכֶּסֶף וְאֶת־הַזָּהָב וְאֶת־הַכֵּלִים נָתַן בְּאֹצְרוֹת בֵּית יְהוָה ׃ פ		et perfecit omne opus quod faciebat Salomon in domo Domini et intulit quae sanctificaverat David pater suus argentum et aurum et vasa reposuitque in thesauris domus Domini	Et perfecit omne opus quod faciebat Salomon in domo Domini, et intulit quæ sanctificaverat David pater suus, argentum, et aurum, et vasa, reposuitque in thesauris domus Domini.		So was ended all the work that king Solomon made for the house of the Lord. And Solomon brought in the things which David his father had dedicated; even the silver, and the gold, and the vessels, did he put among the treasures of the house of the Lord.
1Kgs	8	1	אָז יַקְהֵל שְׁלֹמֹה אֶת־זִקְנֵי יִשְׂרָאֵל אֶת־כָּל־רָאשֵׁי הַמַּטּוֹת נְשִׂיאֵי הָאָבוֹת לִבְנֵי יִשְׂרָאֵל אֶל־הַמֶּלֶךְ שְׁלֹמֹה יְרוּשָׁלִָם לְהַעֲלוֹת אֶת־אֲרוֹן בְּרִית־יְהוָה מֵעִיר דָּוִד הִיא צִיּוֹן ׃	Καὶ ἐγένετο ὡς συνετέλεσεν Σαλωμὼν τοῦ οἰκοδομῆσαι τὸν οἶκον Κυρίου καὶ τὸν οἶκον ἑαυτοῦ μετὰ εἴκοσι ἔτη, τοτε ἐξεκκλησίασεν ὁ βασιλεὺς Σαλωμὼν πάντας τοὺς πρεσβυτέρους Ἰσραὴλ ἐν Σειὼν τοῦ ἐνεγκεῖν τὴν κιβωτὸν διαθήκης Κυρίου ἐκ πόλεως Δαυείδ, αὕτη ἐστὶν Σειών,	tunc congregavit omnes maiores natu Israhel cum principibus tribuum et duces familiarum filiorum Israhel ad regem Salomonem in Hierusalem ut deferrent arcam foederis Domini de civitate David id est de Sion	Tunc congregati sunt omnes majores natu Israël cum principibus tribuum, et duces familiarum filiorum Israël, ad regem Salomonem in Jerusalem, ut deferrent arcam fœderis Domini de civitate David, id est, de Sion.		Then Solomon assembled the elders of Israel, and all the heads of the tribes, the chief of the fathers of the children of Israel, unto king Solomon in Jerusalem, that they might bring up the ark of the covenant of the Lord out of the city of David, which is Zion.
1Kgs	8	2	וַיִּקָּהֲלוּ אֶל־הַמֶּלֶךְ שְׁלֹמֹה כָּל־אִישׁ יִשְׂרָאֵל בְּיֶרַח הָאֵתָנִים בֶּחָג הוּא הַחֹדֶשׁ הַשְּׁבִיעִי ׃	ἐν μηνὶ Ἀθαμείν.	convenitque ad regem Salomonem universus Israhel in mense hethanim in sollemni die ipse est mensis septimus	Convenitque ad regem Salomonem universus Israël in mense Ethanim, in solemni die: ipse est mensis septimus.		And all the men of Israel assembled themselves unto king Solomon at the feast in the month Ethanim, which is the seventh month.
1Kgs	8	3	וַיָּבֹאוּ כֹּל זִקְנֵי יִשְׂרָאֵל וַיִּשְׂאוּ הַכֹּהֲנִים אֶת־הָאָרוֹן ׃	καὶ ἦραν οἱ ἱερεῖς τὴν κιβωτὸν	veneruntque cuncti senes ex Israhel et tulerunt sacerdotes arcam	Veneruntque cuncti senes de Israël, et tulerunt arcam sacerdotes,		And all the elders of Israel came, and the priests took up the ark.
1Kgs	8	4	וַיַּעֲלוּ אֶת־אֲרוֹן יְהוָה וְאֶת־אֹהֶל מוֹעֵד וְאֶת־כָּל־כְּלֵי הַקֹּדֶשׁ אֲשֶׁר בָּאֹהֶל וַיַּעֲלוּ אֹתָם הַכֹּהֲנִים וְהַלְוִיִּם ׃	καὶ τὸ σκήωνμα τοῦ μαρτυρίου καὶ τὰ σκεύη τὰ ἅγια τὰ ἐν τῷ σκηνώματι τοῦ μαρτυρίου·	et portaverunt arcam Domini et tabernaculum foederis et omnia vasa sanctuarii quae erant in tabernaculo et ferebant ea sacerdotes et Levitae	et portaverunt arcam Domini, et tabernaculum fœderis, et omnia vasa sanctuarii quæ erant in tabernaculo: et ferebant ea sacerdotes et Levitæ.		And they brought up the ark of the Lord, and the tabernacle of the congregation, and all the holy vessels that were in the tabernacle, even those did the priests and the Levites bring up.
1Kgs	8	5	וְהַמֶּלֶךְ שְׁלֹמֹה וְכָל־עֲדַת יִשְׂרָאֵל הַנּוֹעָדִים עָלָיו אִתּוֹ לִפְנֵי הָאָרוֹן מְזַבְּחִים צֹאן וּבָקָר אֲשֶׁר לֹא־יִסָּפְרוּ וְלֹא יִמָּנוּ מֵרֹב ׃	καὶ ὁ βασιλεὺς καὶ πᾶς Ἰσραὴλ ἔμποσθεν τῆς κιβωτοῦ θύοντες πρόβατα, βόας, αναρίθμητα.	rex autem Salomon et omnis multitudo Israhel quae convenerat ad eum gradiebatur cum illo ante arcam et immolabant oves et boves absque aestimatione et numero	Rex autem Salomon, et omnis multitudo Israël quæ convenerat ad eum, gradiebatur cum illo ante arcam, et immolabant oves et boves absque æstimatione et numero.		And king Solomon, and all the congregation of Israel, that were assembled unto him, were with him before the ark, sacrificing sheep and oxen, that could not be told nor numbered for multitude.
1Kgs	8	6	וַיָּבִאוּ הַכֹּהֲנִים אֶת־אֲרוֹן בְּרִית־יְהוָה אֶל־מְקוֹמוֹ אֶל־דְּבִיר הַבַּיִת אֶל־קֹדֶשׁ הַקֳּדָשִׁים אֶל־תַּחַת כַּנְפֵי הַכְּרוּבִים ׃	καὶ εἰσθέρουσιν οἱ ἱερεῖς τὴν κιβωτὸν εἰς τὸν τόπον αὐτῆς, εἰς τὸ δαβεὶρ τοῦ οἴκου, εἰς τὰ ἅγια τῶν ἁγίων, ὑπὸ τὰς πτέρυγας τῶν χερουβείν.	et intulerunt sacerdotes arcam foederis Domini in locum suum in oraculum templi in sanctum sanctorum subter alas cherubin	Et intulerunt sacerdotes arcam fœderis Domini in locum suum, in oraculum templi, in Sanctum sanctorum, subter alas cherubim.		And the priests brought in the ark of the covenant of the Lord unto his place, into the oracle of the house, to the most holy place, even under the wings of the cherubims.
1Kgs	8	7	כִּי הַכְּרוּבִים פֹּרְשִׂים כְּנָפַיִם אֶל־מְקוֹם הָאָרוֹן וַיָּסֹכּוּ הַכְּרֻבִים עַל־הָאָרוֹן וְעַל־בַּדָּיו מִלְמָעְלָה ׃	ὅτι τὰ χερουβεὶν διαπεπετασμενα ταῖς πτέρυξιν ἐπὶ τὸν τόπον τῆς κιβωτοῦ· καὶ περιεκάλυπτον τὰ χερουβεὶν ἐπὶ τὴν κιβωτὸν καὶ ἐπὲ τὰ ἅγια αὐτῆς ἀπάνωθεν,	siquidem cherubin expandebant alas super locum arcae et protegebant arcam et vectes eius desuper	Siquidem cherubim expandebant alas super locum arcæ, et protegebant arcam, et vectes ejus desuper.		For the cherubims spread forth their two wings over the place of the ark, and the cherubims covered the ark and the staves thereof above.
1Kgs	8	8	וַיַּאֲרִכוּ הַבַּדִּים וַיֵּרָאוּ רָאשֵׁי הַבַּדִּים מִן־הַקֹּדֶשׁ עַל־פְּנֵי הַדְּבִיר וְלֹא יֵרָאוּ הַחוּצָה וַיִּהְיוּ שָׁם עַד הַיּוֹם הַזֶּה ׃	καὶ ὑπερεῖχον τὰ ἡγιασμένα· καὶ ἐνεβλέποντο αἱ κεφαλαὶ τῶν ἡγιασμένων ἐκ τῶν ἁγίων εἰς πρόσωπον τοῦ δαβείρ, καὶ οὐκ ὠπτάνοντο ἔξω.	cumque eminerent vectes et apparerent summitates eorum foris sanctuarium ante oraculum non apparebant ultra extrinsecus qui et fuerunt ibi usque in praesentem diem	Cumque eminerent vectes, et apparerent summitates eorum foris sanctuarium ante oraculum, non apparebant ultra extrinsecus, qui et fuerunt ibi usque in præsentem diem.		And they drew out the staves, that the ends of the staves were seen out in the holy place before the oracle, and they were not seen without: and there they are unto this day.
1Kgs	8	9	אֵין בָּאָרוֹן רַק שְׁנֵי לֻחוֹת הָאֲבָנִים אֲשֶׁר הִנִּחַ שָׁם מֹשֶׁה בְּחֹרֵב אֲשֶׁר כָּרַת יְהוָה עִם־בְּנֵי יִשְׂרָאֵל בְּצֵאתָם מֵאֶרֶץ מִצְרָיִם ׃	οὐκ ἦν ἐν τῇ κιβωτῷ πλὴν δύο πλάκες λίθιναι, π0λάκες τῆς διαθήκης ἕθηκεν Μωυσῆς ἐν Χωρήβ, ἃ διέθετο Κύριος μετὰ τῶν υἱῶν Ἰσραὴλ ἐν τῷ ἐκπορεύεσθαι αὐτοὺς ἐκ γῆς Αἰγύπτου.	in arca autem non est aliud nisi duae tabulae lapideae quas posuerat in ea Moses in Horeb quando pepigit foedus Dominus cum filiis Israhel cum egrederentur de terra Aegypti	In arca autem non erat aliud nisi duæ tabulæ lapideæ quas posuerat in ea Moyses in Horeb, quando pepigit Dominus fœdus cum filiis Israël, cum egrederentur de terra Ægypti.		There was nothing in the ark save the two tables of stone, which Moses put there at Horeb, when the Lord made a covenant with the children of Israel, when they came out of the land of Egypt.
1Kgs	8	10	וַיְהִי בְּצֵאת הַכֹּהֲנִים מִן־הַקֹּדֶשׁ וְהֶעָנָן מָלֵא אֶת־בֵּית יְהוָה ׃	καὶ ἐγένετο ὡς ἐξῆλθον οἱ ἱερεῖς ἐκ τοῦ ἁγίου, καὶ ἡ νεφέλη ἔπλησεν τὸν οἶκον·	factum est autem cum exissent sacerdotes de sanctuario nebula implevit domum Domini	Factum est autem cum exissent sacerdotes de sanctuario, nebula implevit domum Domini,		And it came to pass, when the priests were come out of the holy place, that the cloud filled the house of the Lord,
1Kgs	8	11	וְלֹא־יָכְלוּ הַכֹּהֲנִים לַעֲמֹד לְשָׁרֵת מִפְּנֵי הֶעָנָן כִּי־מָלֵא כְבוֹד־יְהוָה אֶת־בֵּית יְהוָה ׃ פ	καὶ οὐκ ἠδύναντο οἱ ἱερεῖς στήκειν λειτουργεῖν ἀπὸ προσώπου τῆς νεφέλης, ὅτι ἔπλησεν δόξα Κυρίου τὸν οἶκον·	et non poterant sacerdotes stare et ministrare propter nebulam impleverat enim gloria Domini domum Domini	et non poterant sacerdotes stare et ministrare propter nebulam: impleverat enim gloria Domini domum Domini.		So that the priests could not stand to minister because of the cloud: for the glory of the Lord had filled the house of the Lord.
1Kgs	8	12	אָז אָמַר שְׁלֹמֹה יְהוָה אָמַר לִשְׁכֹּן בָּעֲרָפֶל ׃		tunc ait Salomon Dominus dixit ut habitaret in nebula	Tunc ait Salomon: Dominus dixit ut habitaret in nebula.		Then spake Solomon, The Lord said that he would dwell in the thick darkness.
1Kgs	8	13	בָּנֹה בָנִיתִי בֵּית זְבֻל לָךְ מָכוֹן לְשִׁבְתְּךָ עוֹלָמִים ׃		aedificans aedificavi domum in habitaculum tuum firmissimum solium tuum in sempiternum	Ædificans ædificavi domum in habitaculum tuum: firmissimum solium tuum in sempiternum.		I have surely built thee an house to dwell in, a settled place for thee to abide in for ever.
1Kgs	8	14	וַיַּסֵּב הַמֶּלֶךְ אֶת־פָּנָיו וַיְבָרֶךְ אֵת כָּל־קְהַל יִשְׂרָאֵל וְכָל־קְהַל יִשְׂרָאֵל עֹמֵד ׃	Καὶ ἀπέστρεψεν ὁ βασιλεὺς τὸ πρόσωπον αὐτοῦ, καὶ εὐλόγησεν ὁ βασιλεὺς πάντα Ἰσραήλ· καὶ πᾶσα ἐκκλησία Ἰσραὴλ ἱστήκει·	convertitque rex faciem suam et benedixit omni ecclesiae Israhel omnis enim ecclesia Israhel stabat	Convertitque rex faciem suam, et benedixit omni ecclesiæ Israël: omnia enim ecclesia Israël stabat.		And the king turned his face about, and blessed all the congregation of Israel: (and all the congregation of Israel stood;)
1Kgs	8	15	וַיֹּאמֶר בָּרוּךְ יְהוָה אֱלֹהֵי יִשְׂרָאֵל אֲשֶׁר דִּבֶּר בְּפִיו אֵת דָּוִד אָבִי וּבְיָדוֹ מִלֵּא לֵאמֹר ׃	καὶ εἶπεν Εὐλογητὸς Κύριος ὁ θεὸς Ἰσραὴλ σήμερον, ὃς ἐλάλησεν ἐν τῷ στόματι αὐτοῦ περὶ Δαυεὶδ τοῦ πατρός μου καὶ ἐν ταῖς χερσὶν ἀυτοῦ ἐπλήρωσεν λέγων	et ait benedictus Dominus Deus Israhel qui locutus est ore suo ad David patrem meum et in manibus eius perfecit dicens	Et ait Salomon: Benedictus Dominus Deus Israël, qui locutus est ore suo ad David patrem meum, et in manibus ejus perfecit, dicens:		And he said, Blessed be the Lord God of Israel, which spake with his mouth unto David my father, and hath with his hand fulfilled it, saying,
1Kgs	8	16	מִן־הַיּוֹם אֲשֶׁר הוֹצֵאתִי אֶת־עַמִּי אֶת־יִשְׂרָאֵל מִמִּצְרַיִם לֹא־בָחַרְתִּי בְעִיר מִכֹּל שִׁבְטֵי יִשְׂרָאֵל לִבְנוֹת בַּיִת לִהְיוֹת שְׁמִי שָׁם וָאֶבְחַר בְּדָוִד לִהְיוֹת עַל־עַמִּי יִשְׂרָאֵל ׃	Ἀφ’ ἧς ἡμέρας ἐξήγαγον τὸν λαόν μου τὸν Ἰσραὴλ ἐξ Αἰγύπτου, οὐκ ἐξελεξάμην ἐν πόλει ἐν ἑνὶ σκήπτρῳ Ἰσραήλ, τοῦ οἰκοδομπησαι οἶναι ἐπὶ τὸν λαόν μου τὸν Ἰσραήλ.	a die qua eduxi populum meum Israhel de Aegypto non elegi civitatem de universis tribubus Israhel ut aedificaretur domus et esset nomen meum ibi sed elegi David ut esset super populum meum Israhel	A die qua eduxi populum meum Israël de Ægypto, non elegi civitatem de universis tribubus Israël, ut ædificaretur domus, et esset nomen meum ibi: sed elegi David ut esset super populum meum Israël.		Since the day that I brought forth my people Israel out of Egypt, I chose no city out of all the tribes of Israel to build an house, that my name might be therein; but I chose David to be over my people Israel.
1Kgs	8	17	וַיְהִי עִם־לְבַב דָּוִד אָבִי לִבְנוֹת בַּיִת לְשֵׁם יְהוָה אֱלֹהֵי יִשְׂרָאֵל ׃	καὶ ἐγέωετο ἐπὶ τῆς καρδίας τοῦ πατρός μου οἰκοδομῆσαι οἶκον τᾦ ὀνόματι Κυρίου θεοῦ Ἰσραήλ.	voluitque David pater meus aedificare domum nomini Domini Dei Israhel	Voluitque David pater meus ædificare domum nomini Domini Dei Israël:		And it was in the heart of David my father to build an house for the name of the Lord God of Israel.
1Kgs	8	18	וַיֹּאמֶר יְהוָה אֶל־דָּוִד אָבִי יַעַן אֲשֶׁר הָיָה עִם־לְבָבְךָ לִבְנוֹת בַּיִת לִשְׁמִי הֱטִיבֹתָ כִּי הָיָה עִם־לְבָבֶךָ ׃	καὶ εἶπεν Κύριος πρὸς Δαυεὶδ τὸν πατέρα μου Ἀνθ’ ὧν ἦλθεν ἐπὶ τὴν καρδίαν σου τοῦ οἰκοδομπησαι οἶκον τῷ ὀνόματί μου, καλῶς ἐποςιησας ὅτι ἐγενήθη ἐπὶ τὴν καρδίαν σου.	et ait Dominus ad David patrem meum quod cogitasti in corde tuo aedificare domum nomini meo bene fecisti hoc ipsum mente tractans	et ait Dominus ad David patrem meum: Quod cogitasti in corde tuo ædificare domum nomini meo, bene fecisti, hoc ipsum mente tractans.		And the Lord said unto David my father, Whereas it was in thine heart to build an house unto my name, thou didst well that it was in thine heart.
1Kgs	8	19	רַק אַתָּה לֹא תִבְנֶה הַבָּיִת כִּי אִם־בִּנְךָ הַיֹּצֵא מֵחֲלָצֶיךָ הוּא־יִבְנֶה הַבַּיִת לִשְׁמִי ׃	σὺ οὐκ οἰκοδομήσεις τὸν οἶκον· ἀλλ’ ἢ ὁ υἱός σου ὁ ἐξελθὼν ἐκ τῶν πλευρῶν σου, οὑτος οἰκοδομήσει τὸν οἶκον τῷ ὀνόματί μου.	verumtamen tu non aedificabis domum sed filius tuus qui egredietur de renibus tuis ipse aedificabit domum nomini meo	Verumtamen tu non ædificabis mihi domum, sed filius tuus, qui egredietur de renibus tuis, ipse ædificabit domum nomini meo.		Nevertheless thou shalt not build the house; but thy son that shall come forth out of thy loins, he shall build the house unto my name.
1Kgs	8	20	וַיָּקֶם יְהוָה אֶת־דְּבָרוֹ אֲשֶׁר דִּבֵּר וָאָקֻם תַּחַת דָּוִד אָבִי וָאֵשֵׁב עַל־כִּסֵּא יִשְׂרָאֵל כַּאֲשֶׁר דִּבֶּר יְהוָה וָאֶבְנֶה הַבַּיִת לְשֵׁם יְהוָה אֱלֹהֵי יִשְׂרָאֵל ׃	καὶ ἀνέστησεν Κύριος τὸ ῥῆμα αὐτοῦ ὃ ἐλάλησεν· καὶ ἀνέστην ἀντὶ Δαυεὶδ τοῦ πατρός μου, καὶ ἐκάθιας ἀπὶ τοῦ θρόνου Ἰσραὴλ καθὼς ἐλάλησεν, καὶ ᾠκοδόμησα τὸν οἶκον τᾦ ὀνόματι Κυρίου θεοῦ Ἰσραήλ.	confirmavit Dominus sermonem suum quem locutus est stetique pro David patre meo et sedi super thronum Israhel sicut locutus est Dominus et aedificavi domum nomini Domini Dei Israhel	Confirmavit Dominus sermonem suum quem locutus est: stetique pro David patre meo, et sedi super thronum Israël, sicut locutus est Dominus: et ædificavi domum nomini Domini Dei Israël.		And the Lord hath performed his word that he spake, and I am risen up in the room of David my father, and sit on the throne of Israel, as the Lord promised, and have built an house for the name of the Lord God of Israel.
1Kgs	8	21	וָאָשִׂם שָׁם מָקוֹם לָאָרוֹן אֲשֶׁר־שָׁם בְּרִית יְהוָה אֲשֶׁר כָּרַת עִם־אֲבֹתֵינוּ בְּהוֹצִיאוֹ אֹתָם מֵאֶרֶץ מִצְרָיִם ׃ ס	καὶ ἐθέμην ἐκεῖ τόπον τῇ κιβωτῷ ἐν ᾗ ἐστιν ἐκεῖ διαθήκη Κυρίου ἣν διέθετο Κύριος μετὰ τῶν πατέρων ἡμῶν ἐν τῷ ἐξαγαγεῖν αὐτὸν αὐτοὺς ἐκ γῆς Αἰγύπτου.	et constitui ibi locum arcae in qua foedus est Domini quod percussit cum patribus nostris quando egressi sunt de terra Aegypti	Et constitui ibi locum arcæ in qua fœdus Domini est, quod percussit cum patribus nostris quando egressi sunt de terra Ægypti.		And I have set there a place for the ark, wherein is the covenant of the Lord, which he made with our fathers, when he brought them out of the land of Egypt.
1Kgs	8	22	וַיַּעֲמֹד שְׁלֹמֹה לִפְנֵי מִזְבַּח יְהוָה נֶגֶד כָּל־קְהַל יִשְׂרָאֵל וַיִּפְרֹשׂ כַּפָּיו הַשָּׁמָיִם ׃	Καὶ ἀνέστη Σαλωμῶν κατὰ πρόσωπον τοῦ θυσιαστηρίου Κυρίου ἐνώπιον πάσης ἐκκλησίας Ἰσραήλ, καὶ διεπέτασεν τὰς χεῖρας αὐτοῦ εἰς τὸν οὐρανὸν	stetit autem Salomon ante altare Domini in conspectu ecclesiae Israhel et expandit manus suas in caelum	Stetit autem Salomon ante altare Domini in conspectu ecclesiæ Israël, et expandit manus suas in cælum,		And Solomon stood before the altar of the Lord in the presence of all the congregation of Israel, and spread forth his hands toward heaven:
1Kgs	8	23	וַיֹּאמַר יְהוָה אֱלֹהֵי יִשְׂרָאֵל אֵין־כָּמוֹךָ אֱלֹהִים בַּשָּׁמַיִם מִמַּעַל וְעַל־הָאָרֶץ מִתָּחַת שֹׁמֵר הַבְּרִית וְהַחֶסֶד לַעֲבָדֶיךָ הַהֹלְכִים לְפָנֶיךָ בְּכָל־לִבָּם ׃	καὶ εἶπεν Κύριε ὁ θεὸς Ἰσραήλ, οὐκ ἔστιν ὡς σὺ θεὸς ἐν τῷ οὐρανῷ ἄνω καὶ ἐπὶ τῆς γῆς κάτω, φυλάσσων διαθήκην καὶ ἔλεος τῷ δούλῳ σου τῷ πορευομένῳ ἐνώπιον σου ἐν ολῃ τῇ καρδίᾳ αὐτοῦ,	et ait Domine Deus Israhel non est similis tui Deus in caelo desuper et super terra deorsum qui custodis pactum et misericordiam servis tuis qui ambulant coram te in toto corde suo	et ait: Domine Deus Israël, non est similis tui deus in cælo desuper, et super terram deorsum: qui custodis pactum et misericordiam servis tuis qui ambulant coram te in toto corde suo.		And he said, Lord God of Israel, there is no God like thee, in heaven above, or on earth beneath, who keepest covenant and mercy with thy servants that walk before thee with all their heart:
1Kgs	8	24	אֲשֶׁר שָׁמַרְתָּ לְעַבְדְּךָ דָּוִד אָבִי אֵת אֲשֶׁר־דִּבַּרְתָּ לוֹ וַתְּדַבֵּר בְּפִיךָ וּבְיָדְךָ מִלֵּאתָ כַּיּוֹם הַזֶּה ׃	ἅ ἐφύλαξας τῷ δούλῳ σου Δαυεὶδ τῷ πατρί μου· καὶ γὰρ ἐλάλησας ἐν τῷ στόματί σου, καὶ ἐν χερσίν σου ἐπλήρωσας ὡς ἡ ἡμέρα αὕτη.	qui custodisti servo tuo David patri meo quae locutus es ei ore locutus es et manibus perfecisti ut et haec dies probat	Qui custodisti servo tuo David patri meo quæ locutus es ei: ore locutus es, et manibus perfecisti, ut hæc dies probat.		Who hast kept with thy servant David my father that thou promisedst him: thou spakest also with thy mouth, and hast fulfilled it with thine hand, as it is this day.
1Kgs	8	25	וְעַתָּה יְהוָה אֱלֹהֵי יִשְׂרָאֵל שְׁמֹר לְעַבְדְּךָ דָוִד אָבִי אֵת אֲשֶׁר דִּבַּרְתָּ לּוֹ לֵאמֹר לֹא־יִכָּרֵת לְךָ אִישׁ מִלְּפָנַי יֹשֵׁב עַל־כִּסֵּא יִשְׂרָאֵל רַק אִם־יִשְׁמְרוּ בָנֶיךָ אֶת־דַּרְכָּם לָלֶכֶת לְפָנַי כַּאֲשֶׁר הָלַכְתָּ לְפָנָי ׃	καὶ νυν, Κύριε ο θεὸς Ἰσρήλ, φύλαξον τῷ δούλῳ σου τῷ Δαυεὶδ τῷ πατρί μου ἃ ἐλάλησας αὐτῷ λέγων Οὐκ ἐξαρθήσεταί σου ἀνὴρ ἐκ προσώπου μου καθήμενος ἐπὶ θρόνου Ἰσραήλ, πλὴν ἐὰν φυλάξωνται τὰ τέκνα σου τὰς ὁδοὺς αὐτῶν τοῦ πορεύεσθαι ἐνώπιον ἐμοῦ καθὼς ἐπορεύθης ενώπιον ἐμοῦ.	nunc igitur Domine Deus Israhel conserva famulo tuo David patri meo quae locutus es ei dicens non auferetur de te vir coram me qui sedeat super thronum Israhel ita tamen si custodierint filii tui viam suam ut ambulent coram me sicut tu ambulasti in conspectu meo	Nunc igitur Domine Deus Israël, conserva famulo tuo David patri meo quæ locutus es ei, dicens: Non auferetur de te vir coram me, qui sedeat super thronum Israël: ita tamen si custodierint filii tui viam suam, ut ambulent coram me sicut tu ambulasti in conspectu meo.		Therefore now, Lord God of Israel, keep with thy servant David my father that thou promisedst him, saying, There shall not fail thee a man in my sight to sit on the throne of Israel; so that thy children take heed to their way, that they walk before me as thou hast walked before me.
1Kgs	8	26	וְעַתָּה אֱלֹהֵי יִשְׂרָאֵל יֵאָמֶן נָא דְּבָרֶיךָ אֲשֶׁר דִּבַּרְתָּ לְעַבְדְּךָ דָּוִד אָבִי ׃	καὶ νῦν, Κύριε ὁ θεὸς Ἰσραήλ, πιστωθήτω δῆ τὸ ῤῆμά σου τῷ Δαυεὶδ τω πατρί μου.	et nunc Deus Israhel firmentur verba tua quae locutus es servo tuo David patri meo	Et nunc Domine Deus Israël, firmentur verba tua quæ locutus es servo tuo David patri meo.		And now, O God of Israel, let thy word, I pray thee, be verified, which thou spakest unto thy servant David my father.
1Kgs	8	27	כִּי הַאֻמְנָם יֵשֵׁב אֱלֹהִים עַל־הָאָרֶץ הִנֵּה הַשָּׁמַיִם וּשְׁמֵי הַשָּׁמַיִם לֹא יְכַלְכְּלוּךָ אַף כִּי־הַבַּיִת הַזֶּה אֲשֶׁר בָּנִיתִי ׃	ὅτι εἰ ἀληθῶς κατοικήσει ὁ οὐρανὸς τοῦ οὐρανοῦ οὐκ ἀρκεσουσίν ἐπὶ τῆς γῆς; εἰ ὁ ουρανὸς καὶ ὁ οὐρανὸς τοῦ οὐρανοῦ οὐκ ἀρκέσουσίν σοι, πλὴν καὶ ὁ οἶκος οὖτος ὃν ᾠκοδόμησα τῷ ὀνόματί σου;	ergone putandum est quod vere Deus habitet super terram si enim caelum et caeli caelorum te capere non possunt quanto magis domus haec quam aedificavi	Ergone putandum est quod vere Deus habitet super terram? si enim cælum, et cæli cælorum, te capere non possunt, quanto magis domus hæc, quam ædificavi?		But will God indeed dwell on the earth? behold, the heaven and heaven of heavens cannot contain thee; how much less this house that I have builded?
1Kgs	8	28	וּפָנִיתָ אֶל־תְּפִלַּת עַבְדְּךָ וְאֶל־תְּחִנָּתוֹ יְהוָה אֱלֹהָי לִשְׁמֹעַ אֶל־הָרִנָּה וְאֶל־הַתְּפִלָּה אֲשֶׁר עַבְדְּךָ מִתְפַּלֵּל לְפָנֶיךָ הַיּוֹם ׃	καὶ ἐπιβλέψῃ ἐπὶ τὴν δέησίν μου, Κύριε ὁ θεὸς Ἰσραήλ, ἀκούειν τῆς τέρψεως ἦς ὁ δοῦλός σου προσεύχεται ἐνώπιόν σου πρὸς σὲ σήμερον,	sed respice ad orationem servi tui et ad preces eius Domine Deus meus audi hymnum et orationem quam servus tuus orat coram te hodie	Sed respice ad orationem servi tui, et ad preces ejus, Domine Deus meus: audi hymnum et orationem quam servus tuus orat coram te hodie:		Yet have thou respect unto the prayer of thy servant, and to his supplication, O Lord my God, to hearken unto the cry and to the prayer, which thy servant prayeth before thee to day:
1Kgs	8	29	לִהְיוֹת עֵינֶךָ פְתֻחוֹת אֶל־הַבַּיִת הַזֶּה לַיְלָה וָיוֹם אֶל־הַמָּקוֹם אֲשֶׁר אָמַרְתָּ יִהְיֶה שְׁמִי שָׁם לִשְׁמֹעַ אֶל־הַתְּפִלָּה אֲשֶׁר יִתְפַּלֵּל עַבְדְּךָ אֶל־הַמָּקוֹם הַזֶּה ׃	τοῦ εἶναι ὀφθαλμούς σου ἠνεῳγμένους εἰς τὸν οἶκον τοῦτον ἡμέρας καὶ νυκτός, εἰς τὸν τόπον ὃν εἶπας Ἔσται τὸ ὄνομά μου ἐκεῖ, τοῦ εἰσακούειν τῆς προσεχχῆς ἦς προσεύχεται ὁ δοῦλός σου εἰς τὸν τόπον τοῦτον ἡμέρας καὶ νυκτός.	ut sint oculi tui aperti super domum hanc nocte et die super domum de qua dixisti erit nomen meum ibi ut exaudias orationem qua orat te servus tuus in loco isto	ut sint oculi tui aperti super domum hanc nocte ac die: super domum, de qua dixisti: Erit nomen meum ibi: ut exaudias orationem quam orat in loco isto ad te servus tuus:		That thine eyes may be open toward this house night and day, even toward the place of which thou hast said, My name shall be there: that thou mayest hearken unto the prayer which thy servant shall make toward this place.
1Kgs	8	30	וְשָׁמַעְתָּ אֶל־תְּחִנַּת עַבְדְּךָ וְעַמְּךָ יִשְׂרָאֵל אֲשֶׁר יִתְפַּלְלוּ אֶל־הַמָּקוֹם הַזֶּה וְאַתָּה תִּשְׁמַע אֶל־מְקוֹם שִׁבְתְּךָ אֶל־הַשָּׁמַיִם וְשָׁמַעְתָּ וְסָלָחְתָּ ׃	καὶ εἰσακούςῃ τῆς δεήσεως τοῦ δούλου σου καὶ τοῦ λαοῦ σου Ἰσραήλ, ἃ ἂν προσεύξωνται εἰς τὸν τόπον τοῦτον· καὶ σὺ εἰσακούςῃ ἐν τῷ τόπῳ τῆς κατοικήσεώς σου ἐν ουρανῷ, καὶ ποιήσεις καὶ ἵλεως ἔσῃ.	ut exaudias deprecationem servi tui et populi tui Israhel quodcumque oraverint in loco isto et exaudies in loco habitaculi tui in caelo et cum exaudieris propitius eris	ut exaudias deprecationem servi tui et populi tui Israël, quodcumque oraverint in loco isto, et exaudies in loco habitaculi tui in cælo: et cum exaudieris, propitius eris.		And hearken thou to the supplication of thy servant, and of thy people Israel, when they shall pray toward this place: and hear thou in heaven thy dwelling place: and when thou hearest, forgive.
1Kgs	8	31	אֵת אֲשֶׁר יֶחֱטָא אִישׁ לְרֵעֵהוּ וְנָשָׁא־בוֹ אָלָה לְהַאֲלֹתוֹ וּבָא אָלָה לִפְנֵי מִזְבַּחֲךָ בַּבַּיִת הַזֶּה ׃	ὅσα ἂν ἁμάρτῃ ἕκαστος τῷ πλησίον αὐτοῦ, καὶ ἐὰν λάβῃ ἐπ’ αὐτὸν ἀρὰν τοῦ ἀρᾶσθαι αὐτόν, καὶ ἔλθῃ καὶ ἐξαγορεύσῃ κατὰ πρόσωπον τοῦ θυσιαστηρίου σου ἐν τῷ οἴκῳ τούτῳ·	si peccaverit homo in proximum suum et habuerit aliquod iuramentum quo teneatur adstrictus et venerit propter iuramentum coram altari tuo in domum tuam	Si peccaverit homo in proximum suum, et habuerit aliquod juramentum quo teneatur astrictus, et venerit propter juramentum coram altari tuo in domum tuam,		If any man trespass against his neighbour, and an oath be laid upon him to cause him to swear, and the oath come before thine altar in this house:
1Kgs	8	32	וְאַתָּה תִּשְׁמַע הַשָּׁמַיִם וְעָשִׂיתָ וְשָׁפַטְתָּ אֶת־עֲבָדֶיךָ לְהַרְשִׁיעַ רָשָׁע לָתֵת דַּרְכּוֹ בְּרֹאשׁוֹ וּלְהַצְדִּיק צַדִּיק לָתֶת לוֹ כְּצִדְקָתוֹ ׃ ס	καὶ σὺ εἰσακούσει ἐκ τοῦ οὐρανοῦ καὶ ποιήσεις, καὶ κρινεῖς τὸν λαόν σου Ἰσραήλ, ἀνομηθῆναι ἄνομον, δοῦναι τὴν ὁδὸν αὐτοῦ εἰς κεφαλὴν αῦτοῦ, καὶ τοῦ δικαιῶσαι δίκαιον, δοῦναι αὐτῷ κατὰ τὴν δικαιοσύνην αὐτοῦ.	tu exaudies in caelo et facies et iudicabis servos tuos condemnans impium et reddens viam suam super caput eius iustificansque iustum et retribuens ei secundum iustitiam suam	tu exaudies in cælo: et facies, et judicabis servos tuos, condemnans impium, et reddens viam suam super caput ejus, justificansque justum, et retribuens ei secundum justitiam suam.		Then hear thou in heaven, and do, and judge thy servants, condemning the wicked, to bring his way upon his head; and justifying the righteous, to give him according to his righteousness.
1Kgs	8	33	בְּהִנָּגֵף עַמְּךָ יִשְׂרָאֵל לִפְנֵי אוֹיֵב אֲשֶׁר יֶחֶטְאוּ־לָךְ וְשָׁבוּ אֵלֶיךָ וְהוֹדוּ אֶת־שְׁמֶךָ וְהִתְפַּלְלוּ וְהִתְחַנְּנוּ אֵלֶיךָ בַּבַּיִת הַזֶּה ׃	ἐν τῷ πταῖσαι τὸν λαόν σου Ἰσραὴλ ἐνώπιον ἐχθρῶν ὅτι ἁμαρτήσονταί σοι, καὶ ἐπιστρέψουσιν καὶ ἐξομολογήσονται τῷ ὀνόματί σου, καὶ προσεύξονται καὶ δεηθήσονται ἐν τῷ οἴκῳ τούτῳ·	si fugerit populus tuus Israhel inimicos suos quia peccaturus est tibi et agentes paenitentiam et confitentes nomini tuo venerint et oraverint et deprecati te fuerint in domo hac	Si fugerit populus tuus Israël inimicos suos (quia peccaturus est tibi), et agentes pœnitentiam, et confitentes nomini tuo, venerint, et oraverint, et deprecati te fuerint in domo hac:		When thy people Israel be smitten down before the enemy, because they have sinned against thee, and shall turn again to thee, and confess thy name, and pray, and make supplication unto thee in this house:
1Kgs	8	34	וְאַתָּה תִּשְׁמַע הַשָּׁמַיִם וְסָלַחְתָּ לְחַטַּאת עַמְּךָ יִשְׂרָאֵל וַהֲשֵׁבֹתָם אֶל־הָאֲדָמָה אֲשֶׁר נָתַתָּ לַאֲבוֹתָם ׃ ס	καὶ σὺ εἰσακούσῃ ἐκ τοῦ οὐρανοῦ καὶ ἵλεως ἔσῃ ταῖς ἁμαρτίαις τοῦ δούλου σου Ἰσραήλ, καὶ ἀποστρίψεις αὐτοὺς εἰς τὴν γῆν ἣν ἔδωκας τοὶς πατράσιν αὐτῶν.	exaudi in caelo et dimitte peccatum populi tui Israhel et reduces eos in terram quam dedisti patribus eorum	exaudi in cælo, et dimitte peccatum populi tui Israël, et reduces eos in terram quam dedisti patribus eorum.		Then hear thou in heaven, and forgive the sin of thy people Israel, and bring them again unto the land which thou gavest unto their fathers.
1Kgs	8	35	בְּהֵעָצֵר שָׁמַיִם וְלֹא־יִהְיֶה מָטָר כִּי יֶחֶטְאוּ־לָךְ וְהִתְפַּלְלוּ אֶל־הַמָּקוֹם הַזֶּה וְהוֹדוּ אֶת־שְׁמֶךָ וּמֵחַטָּאתָם יְשׁוּבוּן כִּי תַעֲנֵם ׃	ἐν τῷ συσχεθῆναι τὸν οὐρανὸν καὶ μὴ γενέσθαι ὑετὸν ὅτι ἁμαρτήσονταί σοι, καὶ προσεύξονται εἰς τὸν τόπον τοῦτον καὶ ἐξομολογήσονται τῷ ὀνόματί σου, καὶ ἀπὸ τῶν ἁμαρτιῶν αὐτῶν ἀποστρέψουσιν ὅταν ταπεινώσῃς αὐτούς·	si clausum fuerit caelum et non pluerit propter peccata eorum et orantes in loco isto paenitentiam egerint nomini tuo et a peccatis suis conversi fuerint propter adflictionem suam	Si clausum fuerit cælum, et non pluerit propter peccata eorum, et orantes in loco isto, pœnitentiam egerint nomini tuo, et a peccatis suis conversi fuerint propter afflictionem suam:		When heaven is shut up, and there is no rain, because they have sinned against thee; if they pray toward this place, and confess thy name, and turn from their sin, when thou afflictest them:
1Kgs	8	36	וְאַתָּה תִּשְׁמַע הַשָּׁמַיִם וְסָלַחְתָּ לְחַטַּאת עֲבָדֶיךָ וְעַמְּךָ יִשְׂרָאֵל כִּי תוֹרֵם אֶת־הַדֶּרֶךְ הַטּוֹבָה אֲשֶׁר יֵלְכוּ־בָהּ וְנָתַתָּה מָטָר עַל־אַרְצְךָ אֲשֶׁר־נָתַתָּה לְעַמְּךָ לְנַחֲלָה ׃ ס	καὶ εἰσακούσῃ ἐκ τοῦ οὐρανοῦ καὶ ἵλεως ἔσῃ ταῖς ἁματρίαις τοῦ δούλου σου καὶ τοῦ λαοῦ σου Ἰσραήλ· ὅτι δηλώσεις αὐτοῖς τὴν ὁδὸν τὴν ἀγαρὴν πορεύεσθαι ἐν αὐτῇ, καὶ δώσεις ὑετὸν ἐπὶ τὴν γῆν ἥν ἔδωκας τῷ δούσῳ σου ἐν κληρονομίᾳ.	exaudi eos in caelo et dimitte peccata servorum tuorum et populi tui Israhel et ostende eis viam bonam per quam ambulent et da pluviam super terram tuam quam dedisti populo tuo in possessionem	exaudi eos in cælo, et dimitte peccata servorum tuorum, et populi tui Israël: et ostende eis viam bonam per quam ambulent, et da pluviam super terram tuam, quam dedisti populo tuo in possessionem.		Then hear thou in heaven, and forgive the sin of thy servants, and of thy people Israel, that thou teach them the good way wherein they should walk, and give rain upon thy land, which thou hast given to thy people for an inheritance.
1Kgs	8	37	רָעָב כִּי־יִהְיֶה בָאָרֶץ דֶּבֶר כִּי־יִהְיֶה שִׁדָּפוֹן יֵרָקוֹן אַרְבֶּה חָסִיל כִּי יִהְיֶה כִּי יָצַר־לוֹ אֹיְבוֹ בְּאֶרֶץ שְׁעָרָיו כָּל־נֶגַע כָּל־מַחֲלָה ׃	λιμὸς ἐὰν γένηται, θάνατος ἐὰν γένηται, ὅτι ἔσται ἐνπυρισμός, βροῦχος, ἐρυςίβη ἐὰν γένηται, καὶ ἐὰν θλίψῃ αὐτὸν ἐχθρὸς αὐτοῦ ἐν μιᾷ τῶν πόλεων αὐτοῦ, πᾶν συνάντημα, πᾶν πόνον,	fames si oborta fuerit in terra aut pestilentia aut corruptus aer aurugo lucusta rubigo et adflixerit eum et inimicus eius portas obsidens omnis plaga universa infirmitas	Fames si oborta fuerit in terra, aut pestilentia, aut corruptus aër, aut ærugo, aut locusta, vel rubigo, et afflixerit eum inimicus ejus portas obsidens: omnis plaga, universa infirmitas,		If there be in the land famine, if there be pestilence, blasting, mildew, locust, or if there be caterpiller; if their enemy besiege them in the land of their cities; whatsoever plague, whatsoever sickness there be;
1Kgs	8	38	כָּל־תְּפִלָּה כָל־תְּחִנָּה אֲשֶׁר תִהְיֶה לְכָל־הָאָדָם לְכֹל עַמְּךָ יִשְׂרָאֵל אֲשֶׁר יֵדְעוּן אִישׁ נֶגַע לְבָבוֹ וּפָרַשׂ כַּפָּיו אֶל־הַבַּיִת הַזֶּה ׃	πᾶσαν προσευχήν, πᾶσαν δέησιν ἐὰν γένηται παντὶ ἀνθρώπῳ, ὡς ἂν γνῶσιν ἕκαστος ἁφὴν καρδίας αὐτοῦ, καὶ διαπετάσῃ τὰς χεῖρας αὐτοῦ εἰς τὸν οἶκον τοῦτον·	cuncta devotatio et inprecatio quae acciderit omni homini de populo tuo Israhel si quis cognoverit plagam cordis sui et expanderit manus suas in domo hac	cuncta devotatio, et imprecatio quæ acciderit omni homini de populo tuo Israël: si quis cognoverit plagam cordis sui, et expanderit manus suas in domo hac,		What prayer and supplication soever be made by any man, or by all thy people Israel, which shall know every man the plague of his own heart, and spread forth his hands toward this house:
1Kgs	8	39	וְאַתָּה תִּשְׁמַע הַשָּׁמַיִם מְכוֹן שִׁבְתֶּךָ וְסָלַחְתָּ וְעָשִׂיתָ וְנָתַתָּ לָאִישׁ כְּכָל־דְּרָכָיו אֲשֶׁר תֵּדַע אֶת־לְבָבוֹ כִּי־אַתָּה יָדַעְתָּ לְבַדְּךָ אֶת־לְבַב כָּל־בְּנֵי הָאָדָם ׃	καὶ σὺ εἰσακούσῃ ἐκ τοῦ οὐρανοῦ ἐξ ἑτοίμου κατοικητηρίου σου καὶ ἵλεως ἔσῃ, καὶ ποιήσεις καὶ δώσεις ἀνδρὶ κατὰ τὰς ὁδοὺς αὐτοῦ καθὼς ἂν γνῷς τὴν καρδίαν αὐτοῦ, ὅτι σὺ μονώτατος οἶσας τὴν καρδίαν πάντων υἱῶν ἀνθρώπων,	tu audies in caelo in loco habitationis tuae et repropitiaberis et facies ut des unicuique secundum omnes vias suas sicut videris cor eius quia tu nosti solus cor omnium filiorum hominum	tu exaudies in cælo in loco habitationis tuæ, et repropitiaberis, et facies ut des unicuique secundum omnes vias suas, sicut videris cor ejus (quia tu nosti solus cor omnium filiorum hominum),		Then hear thou in heaven thy dwelling place, and forgive, and do, and give to every man according to his ways, whose heart thou knowest; (for thou, even thou only, knowest the hearts of all the children of men;)
1Kgs	8	40	לְמַעַן יִרָאוּךָ כָּל־הַיָּמִים אֲשֶׁר־הֵם חַיִּים עַל־פְּנֵי הָאֲדָמָה אֲשֶׁר נָתַתָּה לַאֲבֹתֵינוּ ׃	ὅπως φοβῶνταί δε πάσας τὰς ἡμέρας ὅσας αὐτοὶ ζῶσιν ἐπὶ τῆς γῆς ἦς ἔδωκας τοῖς πατράσιν ἡμῶν.	ut timeant te cunctis diebus quibus vivunt super faciem terrae quam dedisti patribus nostris	ut timeant te cunctis diebus quibus vivunt super faciem terræ quam dedisti patribus nostris.		That they may fear thee all the days that they live in the land which thou gavest unto our fathers.
1Kgs	8	41	וְגַם אֶל־הַנָּכְרִי אֲשֶׁר לֹא־מֵעַמְּךָ יִשְׂרָאֵל הוּא וּבָא מֵאֶרֶץ רְחוֹקָה לְמַעַן שְׁמֶךָ ׃	καὶ τῷ ἀλλοτρίῳ ὅς οὐκ ἔστιν ἀπὸ λαοῦ σου οῦτος ,	insuper et alienigena qui non est de populo tuo Israhel cum venerit de terra longinqua propter nomen tuum audietur enim nomen tuum magnum et manus tua fortis et brachium tuum	Insuper et alienigena, qui non est de populo tuo Israël, cum venerit de terra longinqua propter nomen tuum (audietur enim nomen tuum magnum, et manus tua fortis, et brachium tuum		Moreover concerning a stranger, that is not of thy people Israel, but cometh out of a far country for thy name's sake;
1Kgs	8	42	כִּי יִשְׁמְעוּן אֶת־שִׁמְךָ הַגָּדוֹל וְאֶת־יָדְךָ הַחֲזָקָה וּזְרֹעֲךָ הַנְּטוּיָה וּבָא וְהִתְפַּלֵּל אֶל־הַבַּיִת הַזֶּה ׃	καὶ ἥξουσιν καὶ προσεύξονται εἰς τὸν τόπον τοῦτον·	extentum ubique cum venerit ergo et oraverit in loco hoc	extentum ubique), cum venerit ergo, et oraverit in hoc loco,		(For they shall hear of thy great name, and of thy strong hand, and of thy stretched out arm;) when he shall come and pray toward this house;
1Kgs	8	43	אַתָּה תִּשְׁמַע הַשָּׁמַיִם מְכוֹן שִׁבְתֶּךָ וְעָשִׂיתָ כְּכֹל אֲשֶׁר־יִקְרָא אֵלֶיךָ הַנָּכְרִי לְמַעַן יֵדְעוּן כָּל־עַמֵּי הָאָרֶץ אֶת־שְׁמֶךָ לְיִרְאָה אֹתְךָ כְּעַמְּךָ יִשְׂרָאֵל וְלָדַעַת כִּי־שִׁמְךָ נִקְרָא עַל־הַבַּיִת הַזֶּה אֲשֶׁר בָּנִיתִי ׃	καὶ σὺ εἰσακούσῃ ἐκ τοῦ οὐρανοῦ ἐξ ἐτοίμου κατοικητηρίου σου, καὶ ποιήσεις κατὰ πάντα ὅσα ἂν ἐπικαλέσηταί δε ἱ ἀλλότρις, ὅπως γνῶσιν πάντες οἰ λαοὶ τὸ ὄνομά σου καὶ φοβῶνταί δε καθὼς ὁ λαός σου Ἰσραήλ, καὶ γνπωσιν ὅτι τὸ ὄνομά σου ἐπικέκληται ἐπὶ τὸν λἶκον τοῦτον ὃν ᾠκοδόμησα.	tu exaudies in caelo in firmamento habitaculi tui et facies omnia pro quibus invocaverit te alienigena ut discant universi populi terrarum nomen tuum timere sicut populus tuus Israhel et probent quia nomen tuum invocatum est super domum hanc quam aedificavi	tu exaudies in cælo, in firmamento habitaculi tui, et facies omnia pro quibus invocaverit te alienigena: ut discant universi populi terrarum nomen tuum timere, sicut populus tuus Israël, et probent quia nomen tuum invocatum est super domum hanc quam ædificavi.		Hear thou in heaven thy dwelling place, and do according to all that the stranger calleth to thee for: that all people of the earth may know thy name, to fear thee, as do thy people Israel; and that they may know that this house, which I have builded, is called by thy name.
1Kgs	8	44	כִּי־יֵצֵא עַמְּךָ לַמִּלְחָמָה עַל־אֹיְבוֹ בַּדֶּרֶךְ אֲשֶׁר תִּשְׁלָחֵם וְהִתְפַּלְלוּ אֶל־יְהוָה דֶּרֶךְ הָעִיר אֲשֶׁר בָּחַרְתָּ בָּהּ וְהַבַּיִת אֲשֶׁר־בָּנִתִי לִשְׁמֶךָ ׃	ὅτι ἐξελεύσεται ὁ λαός σου εἰς πόλεμον ἐπὶ τοὺς ἐχθροὺς αὐτοῦ ἐν ὁδῷ ᾖ ἐπιστρέψεις αὐτούς, καὶ προσεύξονται ἐν ὀνόματι Κυρίου ὁδὸν τῆς πόλεως ἦς ἐξελέξω ἐν αὐτῇ καὶ τοῦ οἴκου οὖ ᾠκοδόμησα τῷ ὀνόματί σου·	si egressus fuerit populus tuus ad bellum contra inimicos suos per viam quocumque miseris eos orabunt te contra viam civitatis quam elegisti et contra domum quam aedificavi nomini tuo	Si egressus fuerit populus tuus ad bellum contra inimicos suos per viam, quocumque miseris eos, orabunt te contra viam civitatis quam elegisti, et contra domum quam ædificavi nomini tuo,		If thy people go out to battle against their enemy, whithersoever thou shalt send them, and shall pray unto the Lord toward the city which thou hast chosen, and toward the house that I have built for thy name:
1Kgs	8	45	וְשָׁמַעְתָּ הַשָּׁמַיִם אֶת־תְּפִלָּתָם וְאֶת־תְּחִנָּתָם וְעָשִׂיתָ מִשְׁפָּטָם ׃	καὶ σὺ εἰσακούσει ἐκ τοῦ οὐρανοῦ τῆς δεήσεως αὐτῶν καὶ τῆς προσευχῆς αὐτῶν, καὶ ποιήσεις τὸ δικαίωμα αὐτοῖς.	et exaudies in caelo orationem eorum et preces eorum et facies iudicium eorum	et exaudies in cælo orationes eorum et preces eorum, et facies judicium eorum.		Then hear thou in heaven their prayer and their supplication, and maintain their cause.
1Kgs	8	46	כִּי יֶחֶטְאוּ־לָךְ כִּי אֵין אָדָם אֲשֶׁר לֹא־יֶחֱטָא וְאָנַפְתָּ בָם וּנְתַתָּם לִפְנֵי אוֹיֵב וְשָׁבוּם שֹׁבֵיהֶם אֶל־אֶרֶץ הָאוֹיֵב רְחוֹקָה אוֹ קְרוֹבָה ׃	ὅτι ἁμαρτήσονταί σοι, ὅτι οὐκ ἔστιν ἄνθρπος ὃς οὐκ ἁμαρτήσεται, καὶ ἐπάξεις αὐτοὺς καὶ παραδώσεις αὐτοὺς ἐνώπιον ἐχθρῶν, καὶ αἰχμαλωτιοῦαιν οἱ αἰχμαλωτιοῦσιν οἱ αἰχμαλωτίζοντες εἰς γὴν μακρὰν καὶ ἐγγύς,	quod si peccaverint tibi non est enim homo qui non peccet et iratus tradideris eos inimicis suis et capti ducti fuerint in terram inimicorum longe vel prope	Quod si peccaverint tibi (non est enim homo qui non peccet) et iratus tradideris eos inimicis suis, et captivi ducti fuerint in terram inimicorum longe vel prope,		If they sin against thee, (for there is no man that sinneth not,) and thou be angry with them, and deliver them to the enemy, so that they carry them away captives unto the land of the enemy, far or near;
1Kgs	8	47	וְהֵשִׁיבוּ אֶל־לִבָּם בָּאָרֶץ אֲשֶׁר נִשְׁבּוּ־שָׁם וְשָׁבוּ וְהִתְחַנְּנוּ אֵלֶיךָ בְּאֶרֶץ שֹׁבֵיהֶם לֵאמֹר חָטָאנוּ וְהֶעֱוִינוּ רָשָׁעְנוּ ׃	καὶ ἐπιστρέψουσιν καρδίας αὐτῶν ἐν τῇ γῇ οὗ μετήχθησαν ἐκεῖ, καὶ ἐπιστρέψωσιν ἐν γῇ μετοικάας αὐτῶν καὶ δεηθῶσίν σου λέγοντες Ἡμάρτομεν, ἠδικήσαμεν, ἠνομήσαμεν·	et egerint paenitentiam in corde suo in loco captivitatis et conversi deprecati te fuerint in captivitate sua dicentes peccavimus inique egimus impie gessimus	et egerint pœnitentiam in corde suo in loco captivitatis, et conversi deprecati te fuerint in captivitate sua, dicentes: Peccavimus: inique egimus, impie gessimus:		Yet if they shall bethink themselves in the land whither they were carried captives, and repent, and make supplication unto thee in the land of them that carried them captives, saying, We have sinned, and have done perversely, we have committed wickedness;
1Kgs	8	48	וְשָׁבוּ אֵלֶיךָ בְּכָל־לְבָבָם וּבְכָל־נַפְשָׁם בְּאֶרֶץ אֹיְבֵיהֶם אֲשֶׁר־שָׁבוּ אֹתָם וְהִתְפַּלְלוּ אֵלֶיךָ דֶּרֶךְ אַרְצָם אֲשֶׁר נָתַתָּה לַאֲבוֹתָם הָעִיר אֲשֶׁר בָּחַרְתָּ וְהַבַּיִת אֲשֶׁר־בָּנִיתָ לִשְׁמֶךָ ׃	καὶ ἐπιστρέψωσιν πρὸς σὲ ἐν ὅλῃ καρδίᾳ αὐτῶν καὶ ἐν ὅλῃ ψυχῇ αὐτῶν ἐν τῇ γῇ ἐχθρῶν αὐτῶν οὗ μετήγαγες αὐτούς, καὶ προσεύξονται πρὸς σὲ ὁδὸν γῆς αὐτῶν ἧς ἔδωκας τοῖς πατράσιν αὐτῶν, τῆς πόλεως ἧς ἐξελέξω καὶ τοῦ οἴκου οὗ ᾠκοδόμηκα τῷ ὀνόματί σου·	et reversi fuerint ad te in universo corde suo et tota anima sua in terra inimicorum suorum ad quam captivi ducti sunt et oraverint te contra viam terrae suae quam dedisti patribus eorum et civitatis quam elegisti et templi quod aedificavi nomini tuo	et reversi fuerint ad te in universo corde suo et tota anima sua in terra inimicorum suorum, ad quam captivi ducti fuerint: et oraverint te contra viam terræ suæ, quam dedisti patribus eorum, et civitatis quam elegisti, et templi quod ædificavi nomini tuo:		And so return unto thee with all their heart, and with all their soul, in the land of their enemies, which led them away captive, and pray unto thee toward their land, which thou gavest unto their fathers, the city which thou hast chosen, and the house which I have built for thy name:
1Kgs	8	49	וְשָׁמַעְתָּ הַשָּׁמַיִם מְכוֹן שִׁבְתְּךָ אֶת־תְּפִלָּתָם וְאֶת־תְּחִנָּתָם וְעָשִׂיתָ מִשְׁפָּטָם ׃	καὶ εἰσακούσῃ ἐκ τοῦ οὐρανοῦ ἐξ ἑτοίμου κατοικητηρίου σου,	exaudies in caelo in firmamento solii tui orationem eorum et preces et facies iudicium eorum	exaudies in cælo, in firmamento solii tui, orationes eorum et preces eorum, et facies judicium eorum:		Then hear thou their prayer and their supplication in heaven thy dwelling place, and maintain their cause,
1Kgs	8	50	וְסָלַחְתָּ לְעַמְּךָ אֲשֶׁר חָטְאוּ־לָךְ וּלְכָל־פִּשְׁעֵיהֶם אֲשֶׁר פָּשְׁעוּ־בָךְ וּנְתַתָּם לְרַחֲמִים לִפְנֵי שֹׁבֵיהֶם וְרִחֲמוּם ׃	καὶ ἵλεως ἔσῃ ταῖς ἀδικίαις αὐτῶν αἷς ἥμαρτόν σοι καὶ κατὰ πάντα τὰ ἀθετήματα αὐτῶν ἃ ἠθέτησάν σοι, καὶ δώσεις αὐτοὺς εἰς οἰκτειρμοὺς ἐνώπιον αἰχμαλωτευόντων αὐτοὺς καὶ οἰκτειρήσουσιν εἰς αὐτούς·	et propitiaberis populo tuo qui peccavit tibi et omnibus iniquitatibus eorum quibus praevaricati sunt in te et dabis misericordiam coram eis qui eos captivos habuerint ut misereantur eis	et propitiaberis populo tuo qui peccavit tibi, et omnibus iniquitatibus eorum quibus prævaricati sunt in te: et dabis misericordiam coram eis qui eos captivos habuerint, ut misereantur eis.		And forgive thy people that have sinned against thee, and all their transgressions wherein they have transgressed against thee, and give them compassion before them who carried them captive, that they may have compassion on them:
1Kgs	8	51	כִּי־עַמְּךָ וְנַחֲלָתְךָ הֵם אֲשֶׁר הוֹצֵאתָ מִמִּצְרַיִם מִתּוֹךְ כּוּר הַבַּרְזֶל ׃	ὅτι λαός σου καὶ κληρονομία σου, οὓς ἐξήγαγες ἐκ γῆς Αἰγύπτου ἐκ μέσου χωνευτηρίου σιδήρου.	populus enim tuus est et hereditas tua quos eduxisti de terra Aegypti de medio fornacis ferreae	Populus enim tuus est, et hæreditas tua, quos eduxisti de terra Ægypti, de medio fornacis ferreæ.		For they be thy people, and thine inheritance, which thou broughtest forth out of Egypt, from the midst of the furnace of iron:
1Kgs	8	52	לִהְיוֹת עֵינֶיךָ פְתֻחוֹת אֶל־תְּחִנַּת עַבְדְּךָ וְאֶל־תְּחִנַּת עַמְּךָ יִשְׂרָאֵל לִשְׁמֹעַ אֲלֵיהֶם בְּכֹל קָרְאָם אֵלֶיךָ ׃	καὶ ἔστωσαν οἱ ὀφθαλμοί σου καὶ τὰ ὦτά σου ἠνεῳγμένα εἰς τὴν δέησιν τοῦ δούλου σου καὶ εἰς τὴν δεήσιν τοῦ λαοῦ σου Ἰσραήλ, εἰσακούειν αὐτῶν ἐν πᾶσιν οἷς ἂν ἐπικαλέσωνταί σε.	ut sint oculi tui aperti ad deprecationem servi tui et populi tui Israhel et exaudias eos in universis pro quibus invocaverint te	Ut sint oculi tui aperti ad deprecationem servi tui, et populi tui Israël, et exaudias eos in universis pro quibus invocaverint te.		That thine eyes may be open unto the supplication of thy servant, and unto the supplication of thy people Israel, to hearken unto them in all that they call for unto thee.
1Kgs	8	53	כִּי־אַתָּה הִבְדַּלְתָּם לְךָ לְנַחֲלָה מִכֹּל עַמֵּי הָאָרֶץ כַּאֲשֶׁר דִּבַּרְתָּ בְּיַד מֹשֶׁה עַבְדֶּךָ בְּהוֹצִיאֲךָ אֶת־אֲבֹתֵינוּ מִמִּצְרַיִם אֲדֹנָי יְהוִה ׃ פ	καὶ σὺ διέστειλας σαυτῷ εἰς κληρονομίαν ἐκ πάντων τῶν λαῶν τῆς γῆς, καθὼς ἐλάλησας ἐν χειρὶ δούλου σου Μωυςῆ, ἐν τῷ ἐξαγαγεῖν σε τοὺς πατέρας ἡμῶν ἐκ ηῆς Αἰγύπτου, κύριε Κύριε.	tu enim separasti eos tibi in hereditatem de universis populis terrae sicut locutus es per Mosen servum tuum quando eduxisti patres nostros de Aegypto Domine Deus	Tu enim separasti eos tibi in hæreditatem de universis populis terræ, sicut locutus es per Moysen servum tuum quando eduxisti patres nostros de Ægypto, Domine Deus.		For thou didst separate them from among all the people of the earth, to be thine inheritance, as thou spakest by the hand of Moses thy servant, when thou broughtest our fathers out of Egypt, O Lord God.
1Kgs	8	54	וַיְהִי כְּכַלּוֹת שְׁלֹמֹה לְהִתְפַּלֵּל אֶל־יְהוָה אֵת כָּל־הַתְּפִלָּה וְהַתְּחִנָּה הַזֹּאת קָם מִלִּפְנֵי מִזְבַּח יְהוָה מִכְּרֹעַ עַל־בִּרְכָּיו וְכַפָּיו פְּרֻשׂוֹת הַשָּׁמָיִם ׃	Καὶ ἐγένετο ὡς συνετέλεσεν Σαλωμὼν προσευχόμενος πρὸς Κύριον προσευχὴν καὶ τὴν δέησιν ταύτην, καὶ ἀνέστηἀπὸ προσώπου τοῦ θυσιαστηρίου Κυρίου, ὀκλακὼς ἐπὶ τὰ γόνατα αὐτοῦ καὶ αἱ χεῖρες αὐτοῦ διαπεπετασμέναι εἰς τὸν οὐρανόν.	factum est autem cum conplesset Salomon orans Dominum omnem orationem et deprecationem hanc surrexit de conspectu altaris Domini utrumque enim genu in terram fixerat et manus expanderat ad caelum	Factum est autem, cum complesset Salomon orans Dominum omnem orationem et deprecationem hanc, surrexit de conspectu altaris Domini: utrumque enim genu in terram fixerat, et manus expanderat in cælum.		And it was so, that when Solomon had made an end of praying all this prayer and supplication unto the Lord, he arose from before the altar of the Lord, from kneeling on his knees with his hands spread up to heaven.
1Kgs	8	55	וַיַּעְמֹד וַיְבָרֶךְ אֵת כָּל־קְהַל יִשְׂרָאֵל קוֹל גָּדוֹל לֵאמֹר ׃	καὶ ἔστη καὶ εὐλόγησεν πᾶσαν ἐκκλησίαν Ἰσραὴλ Φωνῇ μεγάλῃ λέγων	stetit ergo et benedixit omni ecclesiae Israhel voce magna dicens	Stetit ergo, et benedixit omni ecclesiæ Israël voce magna, dicens:		And he stood, and blessed all the congregation of Israel with a loud voice, saying,
1Kgs	8	56	בָּרוּךְ יְהוָה אֲשֶׁר נָתַן מְנוּחָה לְעַמּוֹ יִשְׂרָאֵל כְּכֹל אֲשֶׁר דִּבֵּר לֹא־נָפַל דָּבָר אֶחָד מִכֹּל דְּבָרוֹ הַטּוֹב אֲשֶׁר דִּבֶּר בְּיַד מֹשֶׁה עַבְדּוֹ ׃	Εὐλοκατὰ Κύριος σήμερον, ὃς ἔδωκεν κατάπαυσιν τῷ λαῷ αὐτοῦ Ἱσραὴλ κατὰ πάντα ὅσα ἐλάλησεν. οὐ διεφώνησεν λόγος εἶς ἐν πᾶσιν τοῖς λόγοις αὐτοῦ τοῖς ἀγαθοῖς οἶς ἐλάλησεν ἐν χειρὶ δούλου αὐτοῦ Μωυςῆ.	benedictus Dominus qui dedit requiem populo suo Israhel iuxta omnia quae locutus est non cecidit ne unus quidem sermo ex omnibus bonis quae locutus est per Mosen servum suum	Benedictus Dominus, qui dedit requiem populo suo Israël, juxta omnia quæ locutus est: non cecidit ne unus quidem sermo ex omnibus bonis quæ locutus est per Moysen servum suum.		Blessed be the Lord, that hath given rest unto his people Israel, according to all that he promised: there hath not failed one word of all his good promise, which he promised by the hand of Moses his servant.
1Kgs	8	57	יְהִי יְהוָה אֱלֹהֵינוּ עִמָּנוּ כַּאֲשֶׁר הָיָה עִם־אֲבֹתֵינוּ אַל־יַעַזְבֵנוּ וְאַל־יִטְּשֵׁנוּ ׃	γένοιτο Κύριος ὁ θεὸς ἡμῶν μεθ’ἡμῶν καθὼς ἦν μετὰ τῶν πατέρων ἡμῶν. μὴ ἐγκαταλίποιτο ἡμᾶς μηδὲ ἀποστρέψοιτο ἡμᾶς,	sit Dominus Deus noster nobiscum sicut fuit cum patribus nostris non derelinquens nos neque proiciens	Sit Dominus Deus noster nobiscum, sicut fuit cum patribus nostris, non derelinquens nos, neque projiciens.		The Lord our God be with us, as he was with our fathers: let him not leave us, nor forsake us:
1Kgs	8	58	לְהַטּוֹת לְבָבֵנוּ אֵלָיו לָלֶכֶת בְּכָל־דְּרָכָיו וְלִשְׁמֹר מִצְוֹתָיו וְחֻקָּיו וּמִשְׁפָּטָיו אֲשֶׁר צִוָּה אֶת־אֲבֹתֵינוּ ׃	ἐπικλῖναι καρδίας ἡμῶν ἐπ’αὐτὸν τοῦ πορεύεσθαι ἐν πάσαις ὁδοῖς αὐτοῦ καὶ Φυλάσσειν πάσας ἐντολὰς αὐτοῦ καὶ προστάγματα αὐτοῦ ἂ ἐνετείλατο τοῖς πατράσιν ἡμῶν.	sed inclinet corda nostra ad se ut ambulemus in universis viis eius et custodiamus mandata eius et caerimonias et iudicia quaecumque mandavit patribus nostris	Sed inclinet corda nostra ad se, ut ambulemus in universis viis ejus, et custodiamus mandata ejus, et cæremonias ejus, et judicia quæcumque mandavit patribus nostris.		That he may incline our hearts unto him, to walk in all his ways, and to keep his commandments, and his statutes, and his judgments, which he commanded our fathers.
1Kgs	8	59	וְיִהְיוּ דְבָרַי אֵלֶּה אֲשֶׁר הִתְחַנַּנְתִּי לִפְנֵי יְהוָה קְרֹבִים אֶל־יְהוָה אֱלֹהֵינוּ יוֹמָם וָלָיְלָה לַעֲשׂוֹת מִשְׁפַּט עַבְדּוֹ וּמִשְׁפַּט עַמּוֹ יִשְׂרָאֵל דְּבַר־יוֹם בְּיוֹמוֹ ׃	καὶ ἔστωσαν οἱ λόγοι οὖτοι ὡς δεδέημαι ἐνώπιον Κυρίου θεοῦ ποιεῖν τὴ δικαίωμα τοῦ δούλου σου Ἰραὴλ ῥῆμα ἡμέρας ἐν ἡμέρᾳ ἐνιαυτοῦ.	et sint sermones mei isti quibus deprecatus sum coram Domino adpropinquantes Domino Deo nostro die et nocte ut faciat iudicium servo suo et populo suo Israhel per singulos dies	Et sint sermones mei isti, quibus deprecatus sum coram Domino, appropinquantes Domino Deo nostro die ac nocte, ut faciat judicium servo suo, et populo suo Israël per singulos dies:		And let these my words, wherewith I have made supplication before the Lord, be nigh unto the Lord our God day and night, that he maintain the cause of his servant, and the cause of his people Israel at all times, as the matter shall require:
1Kgs	8	60	לְמַעַן דַּעַת כָּל־עַמֵּי הָאָרֶץ כִּי יְהוָה הוּא הָאֱלֹהִים אֵין עוֹד ׃	ὅπως γνῶσιν πάντες οἱ λαοὶ τῆς γῆς ὅτι Κύριος ὁ θεός, αὐτὸς θεὸς καὶ οὐκ ἔστιν ἔτι.	et sciant omnes populi terrae quia Dominus ipse est Deus et non est ultra absque eo	ut sciant omnes populi terræ quia Dominus ipse est Deus, et non est ultra absque eo.		That all the people of the earth may know that the Lord is God, and that there is none else.
1Kgs	8	61	וְהָיָה לְבַבְכֶם שָׁלֵם עִם יְהוָה אֱלֹהֵינוּ לָלֶכֶת בְּחֻקָּיו וְלִשְׁמֹר מִצְוֹתָיו כַּיּוֹם הַזֶּה ׃	καὶ ἔστωσαξν αἰ καρδίαι ἡμῶν τέλειαι πρὸς Κύριον θεὸν ἡμῶν, καὶ ὁσίως πορεύεσθαι ἐν τοῖς προστάγμασιν αὐτοῦ καὶ Φυλάσσειν ἐντολὰς αὐτοῦ ὡς ἡ ἡμέρα αὕτη.	sit quoque cor nostrum perfectum cum Domino Deo nostro ut ambulemus in decretis eius et custodiamus mandata eius sicut et hodie	Sit quoque cor nostrum perfectum cum Domino Deo nostro, ut ambulemus in decretis ejus, et custodiamus mandata ejus, sicut et hodie.		Let your heart therefore be perfect with the Lord our God, to walk in his statutes, and to keep his commandments, as at this day.
1Kgs	8	62	וְהַמֶּלֶךְ וְכָל־יִשְׂרָאֵל עִמּוֹ זֹבְחִים זֶבַח לִפְנֵי יְהוָה ׃	Καὶ ὁ βασιλεὺς καὶ πάντες οἱ υἱοὶ Ἰσραὴλ ἔθυσαν θυσίαν ἐνώπιον Κυρίου.	igitur rex et omnis Israhel cum eo immolabant victimas coram Domino	Igitur rex, et omnis Israël cum eo, immolabant victimas coram Domino.		And the king, and all Israel with him, offered sacrifice before the Lord.
1Kgs	8	63	וַיִּזְבַּח שְׁלֹמֹה אֵת זֶבַח הַשְּׁלָמִים אֲשֶׁר זָבַח לַיהוָה בָּקָר עֶשְׂרִים וּשְׁנַיִם אֶלֶף וְצֹאן מֵאָה וְעֶשְׂרִים אָלֶף וַיַּחְנְכוּ אֶת־בֵּית יְהוָה הַמֶּלֶךְ וְכָל־בְּנֵי יִשְׂרָאֵל ׃	καὶ ἔθυσεν ὁ βασιλεὺς Σαλωμὼν τὰς θυσίας τῶν εἰρηνικῶν ὦν ἔθυσεν τῷ κυρίῳ, βοῶν δύο καὶ εἴκοσι χιλιάδες. καὶ ἐνεκαίνισεν τὸν οἶκον Κυρίου ὁ βασιλεὺς καὶ πάντες οἱ υἱοὶ Ἰσραήλ.	mactavitque Salomon hostias pacificas quas immolavit Domino boum viginti duo milia ovium centum viginti milia et dedicaverunt templum Domini rex et filii Israhel	Mactavitque Salomon hostias pacificas, quas immolavit Domino, boum viginti duo millia, et ovium centum viginti millia: et dedicaverunt templum Domini rex et filii Israël.		And Solomon offered a sacrifice of peace offerings, which he offered unto the Lord, two and twenty thousand oxen, and an hundred and twenty thousand sheep. So the king and all the children of Israel dedicated the house of the Lord.
1Kgs	8	64	בַּיּוֹם הַהוּא קִדַּשׁ הַמֶּלֶךְ אֶת־תּוֹךְ הֶחָצֵר אֲשֶׁר לִפְנֵי בֵית־יְהוָה כִּי־עָשָׂה שָׁם אֶת־הָעֹלָה וְאֶת־הַמִּנְחָה וְאֵת חֶלְבֵי הַשְּׁלָמִים כִּי־מִזְבַּח הַנְּחֹשֶׁת אֲשֶׁר לִפְנֵי יְהוָה קָטֹן מֵהָכִיל אֶת־הָעֹלָה וְאֶת־הַמִּנְחָה וְאֵת חֶלְבֵי הַשְּׁלָמִים ׃	τῇ ἡμέρᾳ ἐκείηῃ ἡγίασεν ὁ βασιλεὺς τὸ μέσον τῆς αὐλῆς τὸ κατὰ πρόσωπον τοῦ οἴκου Κυρίου. ὅτι ἐποίησεν ἐκεῖ τὴν ὁλοκαύτωσιν καὶ τὰς θυσίας καὶ τὰ στέατα τῶν εἰρηνικῶν, ὅτι τὸ θυσιαστήριον τὸ χαλκοῦν τὸ ἐνώπιον Κυρίου μικρὸν τοῦ μὴ δλτβασυαθ τὴν ὁλοκαυτωσιν καὶ τὰς θυσίας τῶν εἰρηνικῶν ὑπενεγκεῖν.	in die illa sanctificavit rex medium atrii quod erat ante domum Domini fecit quippe ibi holocaustum et sacrificium et adipem pacificorum quia altare aereum quod erat coram Domino minus erat et capere non poterat holocausta et sacrificium et adipem pacificorum	In die illa sanctificavit rex medium atrii quod erat ante domum Domini: fecit quippe holocaustum ibi, et sacrificium, et adipem pacificorum: quoniam altare æreum quod erat coram Domino, minus erat, et capere non poterat holocaustum, et sacrificium, et adipem pacificorum.		The same day did the king hallow the middle of the court that was before the house of the Lord: for there he offered burnt offerings, and meat offerings, and the fat of the peace offerings: because the brasen altar that was before the Lord was too little to receive the burnt offerings, and meat offerings, and the fat of the peace offerings.
1Kgs	8	65	וַיַּעַשׂ שְׁלֹמֹה בָעֵת־הַהִיא אֶת־הֶחָג וְכָל־יִשְׂרָאֵל עִמּוֹ קָהָל גָּדוֹל מִלְּבוֹא חֲמָת עַד־נַחַל מִצְרַיִם לִפְנֵי יְהוָה אֱלֹהֵינוּ שִׁבְעַת יָמִים וְשִׁבְעַת יָמִים אַרְבָּעָה עָשָׂר יוֹם ׃	καὶ ἐποίησεν Σαλωμὼν τὴν ἑορτὴν ἐν τῇ ἡμέρᾳ ἐκείηῃ καὶ πᾶς Ἰσραὴλ μετ’ αὐτοῦ, ἐκκλησία μεγάλη ἀπὸ τῆς εἰσόδου Ἡμὰθ ἕως ποταμοῦ Αἰγίπτου, ἐνώπιον Κυρίου θεοῦ ἡμῶν ἐν τῷ οἴκῳ ᾧ ᾠκοδόμησεν, ἐσθίων καὶ πίνων καὶ εὐφραινόμενος ἐνώπιον Κυρίου θεοῦ ἡμῶν ἐπτὰ ἡμερας.	fecit ergo Salomon in tempore illo festivitatem celebrem et omnis Israhel cum eo multitudo magna ab introitu Emath usque ad rivum Aegypti coram Domino Deo nostro septem diebus et septem diebus id est quattuordecim diebus	Fecit ergo Salomon in tempore illo festivitatem celebrem, et omnis Israël cum eo, multitudo magna ab introitu Emath usque ad rivum Ægypti, coram Domino Deo nostro, septem diebus et septem diebus, id est, quatuordecim diebus.		And at that time Solomon held a feast, and all Israel with him, a great congregation, from the entering in of Hamath unto the river of Egypt, before the Lord our God, seven days and seven days, even fourteen days.
1Kgs	8	66	בַּיּוֹם הַשְּׁמִינִי שִׁלַּח אֶת־הָעָם וַיְבָרֲכוּ אֶת־הַמֶּלֶךְ וַיֵּלְכוּ לְאָהֳלֵיהֶם שְׂמֵחִים וְטוֹבֵי לֵב עַל כָּל־הַטּוֹבָה אֲשֶׁר עָשָׂה יְהוָה לְדָוִד עַבְדּוֹ וּלְיִשְׂרָאֵל עַמּוֹ ׃	καὶ ἐν τῇ ἡμέρᾳ τῇ ὀγδόῃ ἐξαέστειλεν τὸν λαίν, καὶ εὐλόγησεν αὐτόν, καὶ ἀπῆλθεν ἕκαστος εἰς τὰ σκηνώματα αὐτοῦ χαίροντες· καὶ ἀγαθὴ ἡ καρδία ἐπὶ τοῖς ἀγαθοῖς οἷς ἐποίησεν κύριος τῷ Λαυεὶδ δούλῳ αὐτοῦ καὶ τῷ Ἰσραὴλ λαῷ αὐτοῦ.	et in die octava dimisit populos qui benedicentes regi profecti sunt in tabernacula sua laetantes et alacri corde super omnibus bonis quae fecerat Dominus David servo suo et Israhel populo suo	Et in die octava dimisit populos: qui benedicentes regi, profecti sunt in tabernacula sua lætantes, et alacri corde super omnibus bonis quæ fecerat Dominus David servo suo, et Israël populo suo.		On the eighth day he sent the people away: and they blessed the king, and went unto their tents joyful and glad of heart for all the goodness that the Lord had done for David his servant, and for Israel his people.
1Kgs	9	1	וַיְהִי כְּכַלּוֹת שְׁלֹמֹה לִבְנוֹת אֶת־בֵּית־יְהוָה וְאֶת־בֵּית הַמֶּלֶךְ וְאֵת כָּל־חֵשֶׁק שְׁלֹמֹה אֲשֶׁר חָפֵץ לַעֲשׂוֹת ׃ פ	Καὶ ἐγενήθη ὡς συνετέλεσεν Σαλωμὼν οἰκοδομεῖν τὸν οἶκον Κυρίου καὶ τὸν οἶκον τοῦ βασιλέως καὶ πᾶσαν τὴν πραγματείαν Σαλωμὼν ὅσα ἠθέλησεν ποιῆσαι,	factum est autem cum perfecisset Salomon aedificium domus Domini et aedificium regis et omne quod optaverat et voluerat facere	Factum est autem cum perfecisset Salomon ædificium domus Domini, et ædificium regis, et omne quod optaverat et voluerat facere,		And it came to pass, when Solomon had finished the building of the house of the Lord, and the king's house, and all Solomon's desire which he was pleased to do,
1Kgs	9	2	וַיֵּרָא יְהוָה אֶל־שְׁלֹמֹה שֵׁנִית כַּאֲשֶׁר נִרְאָה אֵלָיו בְּגִבְעוֹן ׃	καὶ ὤφθη Κύριος τῷ Σαλωμὼν δεύτερον καθὼς ὤφθη ἐν Γαβαώθ,	apparuit Dominus ei secundo sicut apparuerat ei in Gabaon	apparuit ei Dominus secundo, sicut apparuerat ei in Gabaon.		That the Lord appeared to Solomon the second time, as he had appeared unto him at Gibeon.
1Kgs	9	3	וַיֹּאמֶר יְהוָה אֵלָיו שָׁמַעְתִּי אֶת־תְּפִלָּתְךָ וְאֶת־תְּחִנָּתְךָ אֲשֶׁר הִתְחַנַּנְתָּה לְפָנַי הִקְדַּשְׁתִּי אֶת־הַבַּיִת הַזֶּה אֲשֶׁר בָּנִתָה לָשׂוּם־שְׁמִי שָׁם עַד־עוֹלָם וְהָיוּ עֵינַי וְלִבִּי שָׁם כָּל־הַיָּמִים ׃	καὶ εἶπεν πρὸς αὐτὸν Κύριος Ἥκουσα τῆς φωνῆς τῆς προσευχῆς σου καὶ τῆς δεήσεώς σου ἧς ἐδεήθης ἐνώπιον ἐμοῦ· πεποίηκάσοι κατὰ πᾶσαν τῆν προσευχήν σου, ἡγίακα τὸν οἶκον τοῦτον ὅν ᾠκοδόμησας, τοῦ θέσθαι τὸ ὄνομά μου ἐκεῖ εἰς τὸν αἰῶνα· καὶ ἔσονται οἱ ὀφθαλμοί μου ἐκῖ εἰς τὸν αἰῶνα, καὶ ἡ καρδία μου πάσας τὰς ἡμέρας.	dixitque Dominus ad eum exaudivi orationem tuam et deprecationem tuam qua deprecatus es coram me sanctificavi domum hanc quam aedificasti ut ponerem nomen meum ibi in sempiternum et erunt oculi mei et cor meum ibi cunctis diebus	Dixitque Dominus ad eum: Exaudivi orationem tuam et deprecationem tuam, quam deprecatus es coram me: sanctificavi domum hanc quam ædificasti, ut ponerem nomen meum ibi in sempiternum, et erunt oculi mei et cor meum ibi cunctis diebus.		And the Lord said unto him, I have heard thy prayer and thy supplication, that thou hast made before me: I have hallowed this house, which thou hast built, to put my name there for ever; and mine eyes and mine heart shall be there perpetually.
1Kgs	9	4	וְאַתָּה אִם־תֵּלֵךְ לְפָנַי כַּאֲשֶׁר הָלַךְ דָּוִד אָבִיךָ בְּתָם־לֵבָב וּבְיֹשֶׁר לַעֲשׂוֹת כְּכֹל אֲשֶׁר צִוִּיתִיךָ חֻקַּי וּמִשְׁפָּטַי תִּשְׁמֹר ׃	καὶ σὺ ἐὰν πορευθῇς ἐνώπιον ἐμοῦ καθὼς ἐπορεύθη Δαυεὶδ ὁ πατήρ σου ἐν ὁσιότητι καρδίας καὶ ἐν εὐθύτητι καὶ τοῦ ποιεῖν κατὰ πάντα ἅ ἐνετειλάμην αὐτῷ, καὶ τὰ προστάγματά μου καὶ τὰς ἐντολάς μου φυλάξῃς·	tu quoque si ambulaveris coram me sicut ambulavit pater tuus in simplicitate cordis et in aequitate et feceris omnia quae praecepi tibi et legitima mea et iudicia mea servaveris	Tu quoque si ambulaveris coram me sicut ambulavit pater tuus, in simplicitate cordis et in æquitate, et feceris omnia quæ præcepi tibi, et legitima mea et judicia mea servaveris,		And if thou wilt walk before me, as David thy father walked, in integrity of heart, and in uprightness, to do according to all that I have commanded thee, and wilt keep my statutes and my judgments:
1Kgs	9	5	וַהֲקִמֹתִי אֶת־כִּסֵּא מַמְלַכְתְּךָ עַל־יִשְׂרָאֵל לְעֹלָם כַּאֲשֶׁר דִּבַּרְתִּי עַל־דָּוִד אָבִיךָ לֵאמֹר לֹא־יִכָּרֵת לְךָ אִישׁ מֵעַל כִּסֵּא יִשְׂרָאֵל ׃	καὶ ἀναστήσω τὸν θρόνον τῆς βασιλείας σου ἐπὶ Ἰσραὴλ εἰς τὸν αὐτῶνα καθὼς ἐλάλησα τῷ Δαυεὶδ πατρί σου λέγων Οὐκ ἐξαρθήσεταί σοι ἀνὴρ ἡγούμενος ἐν Ἰσραήλ.	ponam thronum regni tui super Israhel in sempiternum sicut locutus sum David patri tuo dicens non auferetur de genere tuo vir de solio Israhel	ponam thronum regni tui super Israël in sempiternum, sicut locutus sum David patri tuo, dicens: Non auferetur vir de genere tuo de solio Israël.		Then I will establish the throne of thy kingdom upon Israel for ever, as I promised to David thy father, saying, There shall not fail thee a man upon the throne of Israel.
1Kgs	9	6	אִם־שׁוֹב תְּשֻׁבוּן אַתֶּם וּבְנֵיכֶם מֵאַחֲרַי וְלֹא תִשְׁמְרוּ מִצְוֹתַי חֻקֹּתַי אֲשֶׁר נָתַתִּי לִפְנֵיכֶם וַהֲלַכְתֶּם וַעֲבַדְתֶּם אֱלֹהִים אֲחֵרִים וְהִשְׁתַּחֲוִיתֶם לָהֶם ׃	ἐὰν δὲ ἀποστραφέωτες ἀποστραφῆτε ὑμεῖς καὶ τὰ τέκνα ὑῶν ἀπ’ ἐμοῦ, καὶ μὴ φυλάξητε τὰς ἐντολάς μου καὶ τὰ προστάγματά μου ἅ ἔδωκεν Μωυςῆς ἀνώπιον ὑμῶν, καὶ πορευθῆτε καὶ δουλεύσητε θεοῖς ἑτεροις καὶ προσκυνησητε αὐτοῖς·	si autem aversione aversi fueritis vos et filii vestri non sequentes me nec custodientes mandata mea et caerimonias quas proposui vobis sed abieritis et colueritis deos alienos et adoraveritis eos	Si autem aversione aversi fueritis vos et filii vestri, non sequentes me, nec custodientes mandata mea et cæremonias meas quas proposui vobis, sed abieritis et colueritis deos alienos, et adoraveritis eos:		But if ye shall at all turn from following me, ye or your children, and will not keep my commandments and my statutes which I have set before you, but go and serve other gods, and worship them:
1Kgs	9	7	וְהִכְרַתִּי אֶת־יִשְׂרָאֵל מֵעַל פְּנֵי הָאֲדָמָה אֲשֶׁר נָתַתִּי לָהֶם וְאֶת־הַבַּיִת אֲשֶׁר הִקְדַּשְׁתִּי לִשְׁמִי אֲשַׁלַּח מֵעַל פָּנָי וְהָיָה יִשְׂרָאֵל לְמָשָׁל וְלִשְׁנִינָה בְּכָל־הָעַמִּים ׃	καὶ ἐξαρῶ τὸν Ἰσραὴλ ἀπὸ τῆς γῆς ἧς ἔδωκα αὐτοῖς, καὶ τὸν οἶκον τοῦτον ὅν ἡγίασα τῷ ὀνόματί μου ἀπορίψω ἐκ προσώπου μου, καὶ ἔσται Ἰσραὴλ εἰς ἀφανισμὸν καὶ εἰς λάλῃμα εἰς πάντας τοὺς λαούς.	auferam Israhel de superficie terrae quam dedi eis et templum quod sanctificavi nomini meo proiciam a conspectu meo eritque Israhel in proverbium et in fabulam cunctis populis	auferam Israël de superficie terræ quam dedi eis, et templum quod sanctificavi nomini meo, projiciam a conspectu meo: eritque Israël in proverbium, et in fabulam cunctis populis.		Then will I cut off Israel out of the land which I have given them; and this house, which I have hallowed for my name, will I cast out of my sight; and Israel shall be a proverb and a byword among all people:
1Kgs	9	8	וְהַבַּיִת הַזֶּה יִהְיֶה עֶלְיוֹן כָּל־עֹבֵר עָלָיו יִשֹּׁם וְשָׁרָק וְאָמְרוּ עַל־מֶה עָשָׂה יְהוָה כָּכָה לָאָרֶץ הַזֹּאת וְלַבַּיִת הַזֶּה ׃	καὶ ὁ οἶκος οὗτος ἔσται ὁ ὑψηλός, πᾶς ὁ διαπορευόμενος δι’ αὐτοῦ ἐκστήσεται καὶ συριεῖ, καὶ ἐροῦσιν Ἔνεκα τίνος ἐποίησεν Κύριος οὕτως τῇ τῇ ταύτῃ καὶ τῷ οἴκῳ τούτῳ ;	et domus haec erit in exemplum omnis qui transierit per eam stupebit et sibilabit et dicet quare fecit Dominus sic terrae huic et domui huic	Et domus hæc erit in exemplum: omnis qui transierit per eam, stupebit, et sibilabit, et dicet: Quare fecit Dominus sic terræ huic, et domui huic?		And at this house, which is high, every one that passeth by it shall be astonished, and shall hiss; and they shall say, Why hath the Lord done thus unto this land, and to this house?
1Kgs	9	9	וְאָמְרוּ עַל אֲשֶׁר עָזְבוּ אֶת־יְהוָה אֱלֹהֵיהֶם אֲשֶׁר הוֹצִיא אֶת־אֲבֹתָם מֵאֶרֶץ מִצְרַיִם וַיַּחֲזִקוּ בֵּאלֹהִים אֲחֵרִים וַיִּשְׁתַּחוּ לָהֶם וַיַּעַבְדֻם עַל־כֵּן הֵבִיא יְהוָה עֲלֵיהֶם אֵת כָּל־הָרָעָה הַזֹּאת ׃ פ	καὶ ἐροῦσιν Ἀνθ’ ὦν ἐγκατέλιπον Κύριον θεὸν αὐτῶν, ὃς ἐξήγαγεν τοὺς πατέρας αὐτῶν ἐξ Αἰγύπτου, ἐξ οἴκου δουλείας, καὶ ἀντελάβοντο θεῶν ἀλλοτρίων καὶ προσεκύνησαν αὐτοῖς καὶ ἐδούλευσαν αὐτοῖς, διὰ τοῦτο ἐπήγαγεν ἐπ' αὐτοὺς τὴν κακίαν ταύτην. ταύτην. ἀνήγαγεν Σαλωμὼν τὴν θυγατέρα θυγατέρα ἐκ πόλεως Δαυεὶδ εἰς οἶκον αὐτοῦ ὃν ᾠκοδόμησεν αὐτῷ ἐν ταῖς ἡμέραις ἐκείναις.	et respondebunt quia dereliquerunt Dominum Deum suum qui eduxit patres eorum de terra Aegypti et secuti sunt deos alienos et adoraverunt eos et coluerunt idcirco induxit Dominus super eos omne malum hoc	Et respondebunt: Quia dereliquerunt Dominum Deum suum, qui eduxit patres eorum de terra Ægypti, et secuti sunt deos alienos, et adoraverunt eos, et coluerunt eos: idcirco induxit Dominus super eos omne malum hoc.		And they shall answer, Because they forsook the Lord their God, who brought forth their fathers out of the land of Egypt, and have taken hold upon other gods, and have worshipped them, and served them: therefore hath the Lord brought upon them all this evil.
1Kgs	9	10	וַיְהִי מִקְצֵה עֶשְׂרִים שָׁנָה אֲשֶׁר־בָּנָה שְׁלֹמֹה אֶת־שְׁנֵי הַבָּתִּים אֶת־בֵּית יְהוָה וְאֶת־בֵּית הַמֶּלֶךְ ׃	Εἴκοσι ἔτη οἶς οἷς οἰκοδόμησεν Σαλωμὼν τοὺς δύο οἴκους, τὸν οἶκον κυρίου καὶ τὸν οἶκον τοῦ βασιλέως,	expletis autem annis viginti postquam aedificaverat Salomon duas domos id est domum Domini et domum regis	Expletis autem annis viginti postquam ædificaverat Salomon duas domos, id est, domum Domini, et domum regis		And it came to pass at the end of twenty years, when Solomon had built the two houses, the house of the Lord, and the king's house,
1Kgs	9	11	חִירָם מֶלֶךְ־צֹר נִשָּׂא אֶת־שְׁלֹמֹה בַּעֲצֵי אֲרָזִים וּבַעֲצֵי בְרוֹשִׁים וּבַזָּהָב לְכָל־חֶפְצוֹ אָז יִתֵּן הַמֶּלֶךְ שְׁלֹמֹה לְחִירָם עֶשְׂרִים עִיר בְּאֶרֶץ הַגָּלִיל ׃	Χειρὰμ βασιλεὺς Τύρου ἀντελάβετο τοῦ Σαλωμὼν ἐν ξύλοις κεδρίνοις καὶ ἐν ξύλοις πευκίνοις καὶ ἐν χρυσίῳ καὶ ἐν παντὶ θελήματι αὐτοῦ. τότε ἔδωκεν ὁ βασιλεὺς τῷ Χειρὰμ εἴκοσι πόλεις ἐν τῇ γῇ τῇ Γαλειλαίᾳ.	Hiram rege Tyri praebente Salomoni ligna cedrina et abiegna et aurum iuxta omne quod opus habuerat tunc dedit Salomon Hiram viginti oppida in terra Galileae	(Hiram rege Tyri præbente Salomoni ligna cedrina et abiegna, et aurum juxta omne quod opus habuerat), tunc dedit Salomon Hiram viginti oppida in terra Galilææ.		(Now Hiram the king of Tyre had furnished Solomon with cedar trees and fir trees, and with gold, according to all his desire,) that then king Solomon gave Hiram twenty cities in the land of Galilee.
1Kgs	9	12	וַיֵּצֵא חִירָם מִצֹּר לִרְאוֹת אֶת־הֶעָרִים אֲשֶׁר נָתַן־לוֹ שְׁלֹמֹה וְלֹא יָשְׁרוּ בְּעֵינָיו ׃	καὶ ἐξῆλθεν. Χειρὰμ ἐκ Τύρου καὶ ἐπορεύθη εἰς τὴν Γαλειλαίαν τοῦ ἰδεῖν τὰς πόλεις ἃς ἔδωκεν αὐτῶ Σαλωμών· καὶ οὐκ ἤρεσεν αὐτῷ.	egressusque est Hiram de Tyro ut videret oppida quae dederat ei Salomon et non placuerunt ei	Et egressus est Hiram de Tyro ut videret oppida quæ dederat ei Salomon, et non placuerunt ei.		And Hiram came out from Tyre to see the cities which Solomon had given him; and they pleased him not.
1Kgs	9	13	וַיֹּאמֶר מָה הֶעָרִים הָאֵלֶּה אֲשֶׁר־נָתַתָּה לִּי אָחִי וַיִּקְרָא לָהֶם אֶרֶץ כָּבוּל עַד הַיּוֹם הַזֶּה ׃ פ	καὶ εἶπεν Τί αἱ πόλεις αὗται ἃς ἔδωκάς μοι, ἀδελφέ ; καὶ ἐγκάλεσεν αὐτάς Ὅριον ἕως τῆς ἡμέρας ταύτης.	et ait haecine sunt civitates quas dedisti mihi frater et appellavit eas terram Chabul usque in diem hanc	Et ait: Hæccine sunt civitates quas dedisti mihi, frater? Et appellavit eas terram Chabul, usque in diem hanc.		And he said, What cities are these which thou hast given me, my brother? And he called them the land of Cabul unto this day.
1Kgs	9	14	וַיִּשְׁלַח חִירָם לַמֶּלֶךְ מֵאָה וְעֶשְׂרִים כִּכַּר זָהָב ׃	καὶ ἤνεγκεν χειρὰμ τῷ Σαλωμὼν ἑκατὸν καὶ εἴκοσι τάλαντα χρυσίου.	misit quoque Hiram ad regem centum viginti talenta auri	Misit quoque Hiram ad regem Salomonem centum viginti talenta auri.		And Hiram sent to the king sixscore talents of gold.
1Kgs	9	15	וְזֶה דְבַר־הַמַּס אֲשֶׁר־הֶעֱלָה הַמֶּלֶךְ שְׁלֹמֹה לִבְנוֹת אֶת־בֵּית יְהוָה וְאֶת־בֵּיתוֹ וְאֶת־הַמִּלּוֹא וְאֵת חוֹמַת יְרוּשָׁלִָם וְאֶת־חָצֹר וְאֶת־מְגִדּוֹ וְאֶת־גָּזֶר ׃		haec est summa expensarum quam obtulit rex Salomon ad aedificandam domum Domini et domum suam et Mello et murum Hierusalem et Eser et Mageddo et Gazer	Hæc est summa expensarum quam obtulit rex Salomon ad ædificandam domum Domini et domum suam, et Mello, et murum Jerusalem, et Heser, et Mageddo, et Gazer.		And this is the reason of the levy which king Solomon raised; for to build the house of the Lord, and his own house, and Millo, and the wall of Jerusalem, and Hazor, and Megiddo, and Gezer.
1Kgs	9	16	פַּרְעֹה מֶלֶךְ־מִצְרַיִם עָלָה וַיִּלְכֹּד אֶת־גֶּזֶר וַיִּשְׂרְפָהּ בָּאֵשׁ וְאֶת־הַכְּנַעֲנִי הַיֹּשֵׁב בָּעִיר הָרָג וַיִּתְּנָהּ שִׁלֻּחִים לְבִתּוֹ אֵשֶׁת שְׁלֹמֹה ׃		Pharao rex Aegypti ascendit et cepit Gazer succenditque eam igni et Chananeum qui habitabat in civitate interfecit et dedit eam in dote filiae suae uxori Salomonis	Pharao rex Ægypti ascendit, et cepit Gazar, succenditque eam igni, et Chananæum, qui habitabat in civitate, interfecit: et dedit eam in dotem filiæ suæ uxori Salomonis.		For Pharaoh king of Egypt had gone up, and taken Gezer, and burnt it with fire, and slain the Canaanites that dwelt in the city, and given it for a present unto his daughter, Solomon's wife.
1Kgs	9	17	וַיִּבֶן שְׁלֹמֹה אֶת־גָּזֶר וְאֶת־בֵּית חֹרֹן תַּחְתּוֹן ׃		aedificavit ergo Salomon Gazer et Bethoron inferiorem	Ædificavit ergo Salomon Gazer, et Bethoron inferiorem,		And Solomon built Gezer, and Bethhoron the nether,
1Kgs	9	18	וְאֶת־בַּעֲלָת וְאֶת־תָּמָר בַּמִּדְבָּר בָּאָרֶץ ׃		et Baalath et Palmyram in terra solitudinis	et Balaath, et Palmiram in terra solitudinis.		And Baalath, and Tadmor in the wilderness, in the land,
1Kgs	9	19	וְאֵת כָּל־עָרֵי הַמִּסְכְּנוֹת אֲשֶׁר הָיוּ לִשְׁלֹמֹה וְאֵת עָרֵי הָרֶכֶב וְאֵת עָרֵי הַפָּרָשִׁים וְאֵת חֵשֶׁק שְׁלֹמֹה אֲשֶׁר חָשַׁק לִבְנוֹת בִּירוּשָׁלַםִ וּבַלְּבָנוֹן וּבְכֹל אֶרֶץ מֶמְשַׁלְתּוֹ ׃		et omnes vicos qui ad se pertinebant et erant absque muro munivit et civitates curruum et civitates equitum et quodcumque ei placuit ut aedificaret in Hierusalem et in Libano et in omni terra potestatis suae	Et omnes vicos qui ad se pertinebant et erant absque muro, munivit, et civitates curruum et civitates equitum, et quodcumque ei placuit ut ædificaret in Jerusalem, et in Libano, et in omni terra potestatis suæ.		And all the cities of store that Solomon had, and cities for his chariots, and cities for his horsemen, and that which Solomon desired to build in Jerusalem, and in Lebanon, and in all the land of his dominion.
1Kgs	9	20	כָּל־הָעָם הַנּוֹתָר מִן־הָאֱמֹרִי הַחִתִּי הַפְּרִזִּי הַחִוִּי וְהַיְבוּסִי אֲשֶׁר לֹא־מִבְּנֵי יִשְׂרָאֵל הֵמָּה ׃		universum populum qui remanserat de Amorreis et Hettheis et Ferezeis et Eveis et Iebuseis qui non sunt de filiis Israhel	Universum populum qui remanserat de Amorrhæis, et Hethæis, et Pherezæis, et Hevæis, et Jebusæis, qui non sunt de filiis Israël:		And all the people that were left of the Amorites, Hittites, Perizzites, Hivites, and Jebusites, which were not of the children of Israel,
1Kgs	9	21	בְּנֵיהֶם אֲשֶׁר נֹתְרוּ אַחֲרֵיהֶם בָּאָרֶץ אֲשֶׁר לֹא־יָכְלוּ בְּנֵי יִשְׂרָאֵל לְהַחֲרִימָם וַיַּעֲלֵם שְׁלֹמֹה לְמַס־עֹבֵד עַד הַיּוֹם הַזֶּה ׃		horum filios qui remanserant in terra quos scilicet non potuerant filii Israhel exterminare fecit Salomon tributarios usque ad diem hanc	horum filios qui remanserant in terra, quos scilicet non potuerant filii Israël exterminare, fecit Salomon tributarios usque in diem hanc.		Their children that were left after them in the land, whom the children of Israel also were not able utterly to destroy, upon those did Solomon levy a tribute of bondservice unto this day.
1Kgs	9	22	וּמִבְּנֵי יִשְׂרָאֵל לֹא־נָתַן שְׁלֹמֹה עָבֶד כִּי־הֵם אַנְשֵׁי הַמִּלְחָמָה וַעֲבָדָיו וְשָׂרָיו וְשָׁלִשָׁיו וְשָׂרֵי רִכְבּוֹ וּפָרָשָׁיו ׃ ס		de filiis autem Israhel non constituit Salomon servire quemquam sed erant viri bellatores et ministri eius et principes et duces et praefecti curruum et equorum	De filiis autem Israël non constituit Salomon servire quemquam, sed erant viri bellatores, et ministri ejus, et principes, et duces, et præfecti curruum et equorum.		But of the children of Israel did Solomon make no bondmen: but they were men of war, and his servants, and his princes, and his captains, and rulers of his chariots, and his horsemen.
1Kgs	9	23	אֵלֶּה שָׂרֵי הַנִּצָּבִים אֲשֶׁר עַל־הַמְּלָאכָה לִשְׁלֹמֹה חֲמִשִּׁים וַחֲמֵשׁ מֵאוֹת הָרֹדִים בָּעָם הָעֹשִׂים בַּמְּלָאכָה ׃		erant autem principes super omnia opera Salomonis praepositi quingenti quinquaginta qui habebant subiectum populum et statutis operibus imperabant	Erant autem principes super omnia opera Salomonis præpositi quingenti quinquaginta, qui habebant subjectum populum, et statutis operibus imperabant.		These were the chief of the officers that were over Solomon's work, five hundred and fifty, which bare rule over the people that wrought in the work.
1Kgs	9	24	אַךְ בַּת־פַּרְעֹה עָלְתָה מֵעִיר דָּוִד אֶל־בֵּיתָהּ אֲשֶׁר בָּנָה־לָהּ אָז בָּנָה אֶת־הַמִּלּוֹא ׃		filia autem Pharaonis ascendit de civitate David in domum suam quam aedificaverat ei tunc aedificavit Mello	Filia autem Pharaonis ascendit de civitate David in domum suam, quam ædificaverat ei Salomon: tunc ædificavit Mello.		But Pharaoh's daughter came up out of the city of David unto her house which Solomon had built for her: then did he build Millo.
1Kgs	9	25	וְהֶעֱלָה שְׁלֹמֹה שָׁלֹשׁ פְּעָמִים בַּשָּׁנָה עֹלוֹת וּשְׁלָמִים עַל־הַמִּזְבֵּחַ אֲשֶׁר בָּנָה לַיהוָה וְהַקְטֵיר אִתּוֹ אֲשֶׁר לִפְנֵי יְהוָה וְשִׁלַּם אֶת־הַבָּיִת ׃		offerebat quoque Salomon tribus vicibus per annos singulos holocausta et pacificas victimas super altare quod aedificaverat Domino et adolebat thymiama coram Domino perfectumque est templum	Offerebat quoque Salomon, tribus vicibus per annos singulos, holocausta et pacificas victimas super altare quod ædificaverat Domino, et adolebat thymiama coram Domino: perfectumque est templum.		And three times in a year did Solomon offer burnt offerings and peace offerings upon the altar which he built unto the Lord, and he burnt incense upon the altar that was before the Lord. So he finished the house.
1Kgs	9	26	וָאֳנִי עָשָׂה הַמֶּלֶךְ שְׁלֹמֹה בְּעֶצְיוֹן־גֶּבֶר אֲשֶׁר אֶת־אֵלוֹת עַל־שְׂפַת יַם־סוּף בְּאֶרֶץ אֱדוֹם ׃	Καὶ νοῦν ὑπὲρ οὗ ἐπ οίησεν Σαλωμὼν ὁ βασιλεὺς ἐν Ἐμαεσειὼν Γάβρ, τῆν οὖσαν ἐκομένην Αἰλὰθ ἐπὶ τοῦ χείλους τῆς ἐσχάτης θαλάσσης ἐν γῇ Ἐδώμ·	classem quoque fecit rex Salomon in Asiongaber quae est iuxta Ahilam in litore maris Rubri in terra Idumea	Classem quoque fecit rex Salomon in Asiongaber, quæ est juxta Ailath in littore maris Rubri, in terra Idumææ.		And king Solomon made a navy of ships in Eziongeber, which is beside Eloth, on the shore of the Red sea, in the land of Edom.
1Kgs	9	27	וַיִּשְׁלַח חִירָם בָּאֳנִי אֶת־עֲבָדָיו אַנְשֵׁי אֳנִיּוֹת יֹדְעֵי הַיָּם עִם עַבְדֵי שְׁלֹמֹה ׃	καὶ ἀπέστειλεν Χειρὰμ ἐ’ν τῇ νηὶ τῶν παίδων αὐτοῦ ἄνδρας ναυτικοῦς ἐλαύνειν εἰδότας θάλασσαν μετὰ τῶν πάίδων Σαλωμών.	misitque Hiram in classe illa servos suos viros nauticos et gnaros maris cum servis Salomonis	Misitque Hiram in classe illa servos suos viros nauticos et gnaros maris, cum servis Salomonis.		And Hiram sent in the navy his servants, shipmen that had knowledge of the sea, with the servants of Solomon.
1Kgs	9	28	וַיָּבֹאוּ אוֹפִירָה וַיִּקְחוּ מִשָּׁם זָהָב אַרְבַּע־מֵאוֹת וְעֶשְׂרִים כִּכָּר וַיָּבִאוּ אֶל־הַמֶּלֶךְ שְׁלֹמֹה ׃ פ	καὶ ἦλθον εἰς Σωφηρά, καὶ ἔλαβον ἐκεῖθεη χρυσίου ἐκατὸν εἴκοσι τάλαντα καὶ ἤνεγκαν τῷ βασιλεῖ Σαλωμών.	qui cum venissent in Ophir sumptum inde aurum quadringentorum viginti talentorum detulerunt ad regem Salomonem	Qui cum venissent in Ophir, sumptum inde aurum quadringentorum viginti talentorum, detulerunt ad regem Salomonem.		And they came to Ophir, and fetched from thence gold, four hundred and twenty talents, and brought it to king Solomon.
1Kgs	10	1	וּמַלְכַּת־שְׁבָא שֹׁמַעַת אֶת־שֵׁמַע שְׁלֹמֹה לְשֵׁם יְהוָה וַתָּבֹא לְנַסֹּתוֹ בְּחִידוֹת ׃	Καὶ βασίλισσα Σαβὰ ἤκουσεν τὸ ὄνομα Σαλωμὼν καὶ τὸ ὄνομα Κυρίου καὶ ἦλθεν πειράσαι αὐτὸν ἐν αἰνίγμασιν.	sed et regina Saba audita fama Salomonis in nomine Domini venit temptare eum in enigmatibus	Sed et regina Saba, audita fama Salomonis in nomine Domini, venit tentare eum in ænigmatibus.		And when the queen of Sheba heard of the fame of Solomon concerning the name of the Lord, she came to prove him with hard questions.
1Kgs	10	2	וַתָּבֹא יְרוּשָׁלְַמָה בְּחַיִל כָּבֵד מְאֹד גְּמַלִּים נֹשְׂאִים בְּשָׂמִים וְזָהָב רַב־מְאֹד וְאֶבֶן יְקָרָה וַתָּבֹא אֶל־שְׁלֹמֹה וַתְּדַבֵּר אֵלָיו אֵת כָּל־אֲשֶׁר הָיָה עִם־לְבָבָהּ ׃	καὶ ἦλθεν ἐν Ἰερουσαλὴμ ἐν δυνάμει βαρείᾳ σφόδρα· καὶ κάμηλοι αἴρουσαι ἡδύσματα καὶ χρυςὸν πολὺν σφόδρα καὶ λίθον τίμιον· καὶ εἰσῆλθεν πρὸς Σαλωμὼν καὶ ἐλάλησεν αὐτῷ πάντα ὅσα ἦν ἐν τῇ καρδίᾳ αὐτῆς.	et ingressa Hierusalem multo comitatu et divitiis camelis portantibus aromata et aurum infinitum nimis et gemmas pretiosas venit ad Salomonem et locuta est ei universa quae habebat in corde suo	Et ingressa Jerusalem multo cum comitatu et divitiis, camelis portantibus aromata, et aurum infinitum nimis, et gemmas pretiosas, venit ad regem Salomonem, et locuta est ei universa quæ habebat in corde suo.		And she came to Jerusalem with a very great train, with camels that bare spices, and very much gold, and precious stones: and when she was come to Solomon, she communed with him of all that was in her heart.
1Kgs	10	3	וַיַּגֶּד־לָהּ שְׁלֹמֹה אֶת־כָּל־דְּבָרֶיהָ לֹא־הָיָה דָּבָר נֶעְלָם מִן־הַמֶּלֶךְ אֲשֶׁר לֹא הִגִּיד לָהּ ׃	καὶ ἀπήγγειλεν αὐτῇ σαλωμῶν πάντας τοῦς λόγους αὐτῆς· οὐκ ἦν λόγος παρεωραμένος παρὰ τοῦ βασιλέως ὃν οὐκ ἀπήγγειλεν αὐτῇ.	et docuit eam Salomon omnia verba quae proposuerat non fuit sermo qui regem posset latere et non responderet ei	Et docuit eam Salomon omnia verba quæ proposuerat: non fuit sermo qui regem posset latere, et non responderet ei.		And Solomon told her all her questions: there was not any thing hid from the king, which he told her not.
1Kgs	10	4	וַתֵּרֶא מַלְכַּת־שְׁבָא אֵת כָּל־חָכְמַת שְׁלֹמֹה וְהַבַּיִת אֲשֶׁר בָּנָה ׃	καὶ εἶδεν βασίλισσα Σαβὰ πᾶσαν φρόνησιν Σαλωμών, καὶ τὸν οἶκον ὂν ῲκοδόμησεν,	videns autem regina Saba omnem sapientiam Salomonis et domum quam aedificaverat	Videns autem regina Saba omnem sapientiam Salomonis, et domum quam ædificaverat,		And when the queen of Sheba had seen all Solomon's wisdom, and the house that he had built,
1Kgs	10	5	וּמַאֲכַל שֻׁלְחָנוֹ וּמוֹשַׁב עֲבָדָיו וּמַעֲמַד מְשָׁרְתוֹ וּמַלְבֻּשֵׁיהֶם וּמַשְׁקָיו וְעֹלָתוֹ אֲשֶׁר יַעֲלֶה בֵּית יְהוָה וְלֹא־הָיָה בָהּ עוֹד רוּחַ ׃	καὶ τὰ βρώματα Σαλωμὼν καὶ τὴν καθέδραν παίδων αὐτοῦ καὶ τὴν στάσιν λειτουργῶν αὐτοῦ καὶ τὸν ἱματισμὸν αὐτοῦ καὶ τοὺς οἰνοχόυς αὐτοῦ καὶ τὴν ὁλοκαύτωσιν αὐτοῦ ἣν ἀνέεφερεν ἐν οἴκῳ Κυρίου, καὶ ἐξ ἐαυτῆς ἐγένετο.	et cibos mensae eius et habitacula servorum et ordinem ministrantium vestesque eorum et pincernas et holocausta quae offerebat in domo Domini non habebat ultra spiritum	et cibos mensæ ejus, et habitacula servorum, et ordines ministrantium, vestesque eorum, et pincernas, et holocausta quæ offerebat in domo Domini: non habebat ultra spiritum.		And the meat of his table, and the sitting of his servants, and the attendance of his ministers, and their apparel, and his cupbearers, and his ascent by which he went up unto the house of the Lord; there was no more spirit in her.
1Kgs	10	6	וַתֹּאמֶר אֶל־הַמֶּלֶךְ אֱמֶת הָיָה הַדָּבָר אֲשֶׁר שָׁמַעְתִּי בְּאַרְצִי עַל־דְּבָרֶיךָ וְעַל־חָכְמָתֶךָ ׃	καὶ εἶπεν πρὸς τὸν βασιλέα Σαλωμών Ἀλλθινὸς ὁ λόγος ὃν ἥκουσα ἐν τῇ γῇ μου	dixitque ad regem verus est sermo quem audivi in terra mea	Dixitque ad regem: Verus est sermo quem audivi in terra mea		And she said to the king, It was a true report that I heard in mine own land of thy acts and of thy wisdom.
1Kgs	10	7	וְלֹא־הֶאֱמַנְתִּי לַדְּבָרִים עַד אֲשֶׁר־בָּאתִי וַתִּרְאֶינָה עֵינַי וְהִנֵּה לֹא־הֻגַּד־לִי הַחֵצִי הוֹסַפְתָּ חָכְמָה וָטוֹב אֶל־הַשְּׁמוּעָה אֲשֶׁר שָׁמָעְתִּי ׃	πεερὶ τοῦ λόγου σου καὶ περὶ τῆς φρονήσεώς σου· καὶ οὐκ ἐπίστευσα τοῖς λαλοῦσίν μοι, ἔως ὄτου παρεγενόμην καὶ ἐωράκασιν οἱ ὀφθαλμοί μου, καὶ ἰδοὺ οὐκ εἰσὶν τὸ ἥμισυ καθὼς ἀπήγγειλάν μοι, προστέθεικας ἀγαθὰ πρὸς αὐτὰ ἐπὶ πᾶσαν τῆν ἀκοὴν ἣν ἤκουσα ἐν τῇ γῇ μου.	super sermonibus tuis et super sapientia tua et non credebam narrantibus mihi donec ipsa veni et vidi oculis meis et probavi quod media pars mihi nuntiata non fuerit maior est sapientia et opera tua quam rumor quem audivi	super sermonibus tuis, et super sapientia tua: et non credebam narrantibus mihi, donec ipsa veni, et vidi oculis meis, et probavi quod media pars mihi nuntiata non fuerit: major est sapientia et opera tua, quam rumor quem audivi.		Howbeit I believed not the words, until I came, and mine eyes had seen it: and, behold, the half was not told me: thy wisdom and prosperity exceedeth the fame which I heard.
1Kgs	10	8	אַשְׁרֵי אֲנָשֶׁיךָ אַשְׁרֵי עֲבָדֶיךָ אֵלֶּה הָעֹמְדִים לְפָנֶיךָ תָּמִיד הַשֹּׁמְעִים אֶת־חָכְמָתֶךָ ׃	μακάριαι αἱ γυναῖκές σου, μακάριοι οἱ παῖδές σου οὖτοι οἱ παρεστηκότες ἐνώπιόν σου δἰ ὄλου, οἱ καὸύοντες πᾶσαν τᾶσαν τὴν φρόνησίν σου.	beati viri tui et beati servi tui hii qui stant coram te semper et audiunt sapientiam tuam	Beati viri tui, et beati servi tui, qui stant coram te semper, et audiunt sapientiam tuam.		Happy are thy men, happy are these thy servants, which stand continually before thee, and that hear thy wisdom.
1Kgs	10	9	יְהִי יְהוָה אֱלֹהֶיךָ בָּרוּךְ אֲשֶׁר חָפֵץ בְּךָ לְתִתְּךָ עַל־כִּסֵּא יִשְׂרָאֵל בְּאַהֲבַת יְהוָה אֶת־יִשְׂרָאֵל לְעֹלָם וַיְשִׂימְךָ לְמֶלֶךְ לַעֲשׂוֹת מִשְׁפָּט וּצְדָקָה ׃	γένοιτο Κύριος ὁ θεός σου εὐλογημένος ὃς ἠθέλησεν ἐν σοὶ δοῦναί σε ἐπὶ θρόνου Ἰσραήλ, διὰ τὸ ἀγαπᾷν Κύριον τὸν Ἰσραὴλ στῆσαι εἰς τὸν αἰῶνα· καὶ ἔθετό σε βασιλέα ἐπ’αὐτοὺς τοῦ ποιεῖν κρίμα ἐν δικαιοςύνῃ καὶ ἐν κρίμασιν αὐτῶν.	sit Dominus Deus tuus benedictus cui placuisti et posuit te super thronum Israhel eo quod dilexerit Dominus Israhel in sempiternum et constituit te regem ut faceres iudicium et iustitiam	Sit Dominus Deus tuus benedictus, cui complacuisti, et posuit te super thronum Israël, eo quod dilexerit Dominus Israël in sempiternum, et constituit te regem ut faceres judicium et justitiam.		Blessed be the Lord thy God, which delighted in thee, to set thee on the throne of Israel: because the Lord loved Israel for ever, therefore made he thee king, to do judgment and justice.
1Kgs	10	10	וַתִּתֵּן לַמֶּלֶךְ מֵאָה וְעֶשְׂרִים כִּכַּר זָהָב וּבְשָׂמִים הַרְבֵּה מְאֹד וְאֶבֶן יְקָרָה לֹא־בָא כַבֹּשֶׂם הַהוּא עוֹד לָרֹב אֲשֶׁר־נָתְנָה מַלְכַּת־שְׁבָא לַמֶּלֶךְ שְׁלֹמֹה ׃	καὶ ἔδωκεν τῷ Σαλωμὼν ἑκατὸν εἴκοσι τάλαντα χρυςίου καὶ ἡδύσματα πολλὰ σφόδρα καὶ λίθον τίμιον· οὐκ ἐληλύθει κατὰ τὰ ἡδύσματα ἐκεῖνα ἔτι εἰς πλῆθος ἃ ἔδωκεν βαςίλισσα Σαβὰ τῷ βασιλεῖ Σαλωμών.	dedit ergo regi centum viginti talenta auri et aromata multa nimis et gemmas pretiosas non sunt adlata ultra aromata tam multa quam ea quae dedit regina Saba regi Salomoni	Dedit ergo regi centum viginti talenta auri, et aromata multa nimis, et gemmas pretiosas: non sunt allata ultra aromata tam multa, quam ea quæ dedit regina Saba regi Salomoni.		And she gave the king an hundred and twenty talents of gold, and of spices very great store, and precious stones: there came no more such abundance of spices as these which the queen of Sheba gave to king Solomon.
1Kgs	10	11	וְגַם אֳנִי חִירָם אֲשֶׁר־נָשָׂא זָהָב מֵאוֹפִיר הֵבִיא מֵאֹפִיר עֲצֵי אַלְמֻגִּים הַרְבֵּה מְאֹד וְאֶבֶן יְקָרָה ׃	καὶ ἡ ναῦς Χειρὰμ ἦν αἴρουσα τὸ χρυςίον ἐκ Σουφείρ· ἤνεγκεν ξύλα πελεκητὰ πολλὰ σφόδρα καὶ λίθον τίμιον.	sed et classis Hiram quae portabat aurum de Ophir adtulit ex Ophir ligna thyina multa nimis et gemmas pretiosas	(Sed et classis Hiram, quæ portabat aurum de Ophir, attulit ex Ophir ligna thyina multa nimis, et gemmas pretiosas.		And the navy also of Hiram, that brought gold from Ophir, brought in from Ophir great plenty of almug trees, and precious stones.
1Kgs	10	12	וַיַּעַשׂ הַמֶּלֶךְ אֶת־עֲצֵי הָאַלְמֻגִּים מִסְעָד לְבֵית־יְהוָה וּלְבֵית הַמֶּלֶךְ וְכִנֹּרוֹת וּנְבָלִים לַשָּׁרִים לֹא בָא־כֵן עֲצֵי אַלְמֻגִּים וְלֹא נִרְאָה עַד הַיּוֹם הַזֶּה ׃	καὶ ἐποίησεν ὁ βασιλεὺς τὰ ξύλα τὰ πελεκητὰ ὑποστηρίγματα οἴκου Κυρίου καὶ τοῦ οἴκου τοῦ βασιλέως, καὶ νάβλας καὶ κινὑρας τοῖς ᾠδοῖς· οὐκ ἐληλύθει τοιαῦτα ξύλα πελεκητὰ ἐπὶ τῆς γῆς, οὐδὲ ὤφθηςάν που ἕως τῆς ἡμέρας ταύτης.	fecitque rex de lignis thyinis fulchra domus Domini et domus regiae et citharas lyrasque cantoribus non sunt adlata huiuscemodi ligna thyina neque visa usque in praesentem diem	Fecitque rex de lignis thyinis fulcra domus Domini et domus regiæ, et citharas lyrasque cantoribus: non sunt allata hujuscemodi ligna thyina, neque visa usque in præsentem diem.)		And the king made of the almug trees pillars for the house of the Lord, and for the king's house, harps also and psalteries for singers: there came no such almug trees, nor were seen unto this day.
1Kgs	10	13	וְהַמֶּלֶךְ שְׁלֹמֹה נָתַן לְמַלְכַּת־שְׁבָא אֶת־כָּל־חֶפְצָהּ אֲשֶׁר שָׁאָלָה מִלְּבַד אֲשֶׁר נָתַן־לָהּ כְּיַד הַמֶּלֶךְ שְׁלֹמֹה וַתֵּפֶן וַתֵּלֶךְ לְאַרְצָהּ הִיא וַעֲבָדֶיהָ ׃ ס	καὶ ὁ βασιλεὺς Σαλωμὼν ἔδωκεν τῇ βασιλίσςῃ Σαβὰ πάντα ὅσα ἠθέλησεν, ὅσα ᾐτήσατο, ἐκτὸς πάντων ὦν δεδώκει αὐτῇ διὰ χειρὸς τοῦ βασιλέως Σαλωμών· καὶ ἀπεστράφη, καὶ ἦλθεν εἰς τὴν γῆν αὐτῆς, αὐτὴ καὶ πάντες οἱ παῖδες αὐτῆς.	rex autem Salomon dedit reginae Saba omnia quae voluit et petivit ab eo exceptis his quae ultro obtulerat ei munere regio quae reversa est et abiit in terram suam cum servis suis	Rex autem Salomon dedit reginæ Saba omnia quæ voluit et petivit ab eo, exceptis his quæ ultro obtulerat ei munere regio. Quæ reversa est, et abiit in terram suam cum servis suis.		And king Solomon gave unto the queen of Sheba all her desire, whatsoever she asked, beside that which Solomon gave her of his royal bounty. So she turned and went to her own country, she and her servants.
1Kgs	10	14	וַיְהִי מִשְׁקַל הַזָּהָב אֲשֶׁר־בָּא לִשְׁלֹמֹה בְּשָׁנָה אֶחָת שֵׁשׁ מֵאוֹת שִׁשִּׁים וָשֵׁשׁ כִּכַּר זָהָב ׃	Καὶ ἦν ὁ σταθμὸς τοῦ χρυςίου τοῦ ἐληλυθότος τῷ Σαλωμὼν ἐν ἐνιαυτῷ ἑνὶ ἑξακόσια καὶ ἑξήκοντα ἓξ τάλαντα χρυςίου,	erat autem pondus auri quod adferebatur Salomoni per annos singulos sescentorum sexaginta sex talentorum auri	Erat autem pondus auri quod afferebatur Salomoni per annos singulos, sexcentorum sexaginta sex talentorum auri,		Now the weight of gold that came to Solomon in one year was six hundred threescore and six talents of gold,
1Kgs	10	15	לְבַד מֵאַנְשֵׁי הַתָּרִים וּמִסְחַר הָרֹכְלִים וְכָל־מַלְכֵי הָעֶרֶב וּפַחוֹת הָאָרֶץ ׃	χωρὶς τῶν φόρων τῶν ὑποτεταγμένων τῶν ἐμπόρων καὶ πάντων τῶν βασιλέων τοῦ πέραν καὶ τῶν σατραπῶν τῆς γῆς.	excepto eo quod offerebant viri qui super vectigalia erant et negotiatores universique scruta vendentes et omnes reges Arabiae ducesque terrae	excepto eo quod afferebant viri qui super vectigalia erant, et negotiatores, universique scruta vendentes, et omnes reges Arabiæ, ducesque terræ.		Beside that he had of the merchantmen, and of the traffick of the spice merchants, and of all the kings of Arabia, and of the governors of the country.
1Kgs	10	16	וַיַּעַשׂ הַמֶּלֶךְ שְׁלֹמֹה מָאתַיִם צִנָּה זָהָב שָׁחוּט שֵׁשׁ־מֵאוֹת זָהָב יַעֲלֶה עַל־הַצִּנָּה הָאֶחָת ׃	καὶ ἐποίησεν Σαλωμὼν τριακόσια δόρατα χρυςᾶ ἐλατά· τριακόσιοι χρυσοῖ ἐπῆσαν ἐπὶ τὸ δόρυ τὸ ἕν·	fecit quoque rex Salomon ducenta scuta de auro puro sescentos auri siclos dedit in lamminas scuti unius	Fecit quoque rex Salomon ducenta scuta de auro purissimo: sexcentos auri siclos dedit in laminas scuti unius.		And king Solomon made two hundred targets of beaten gold: six hundred shekels of gold went to one target.
1Kgs	10	17	וּשְׁלֹשׁ־מֵאוֹת מָגִנִּים זָהָב שָׁחוּט שְׁלֹשֶׁת מָנִים זָהָב יַעֲלֶה עַל־הַמָּגֵן הָאֶחָת וַיִּתְּנֵם הַמֶּלֶךְ בֵּית יַעַר הַלְּבָנוֹן ׃ פ	καὶ τριακόσια ὅπλα χρυςᾶ ἐλατά· καὶ τρεῖς μναῖ ἐνῆσαν Χρυσοῦ εἰς τὸ ὅπλον τὸ ἕν· καὶ ἔδωκεν αὐτὰ εἰς οἶκον δρυμοῦ τοῦ Λιβάνου.	et trecentas peltas ex auro probato trecentae minae auri unam peltam vestiebant posuitque ea rex in domo silvae Libani	Et trecentas peltas ex auro probato: trecentæ minæ auri unam peltam vestiebant: posuitque eas rex in domo saltus Libani.		And he made three hundred shields of beaten gold; three pound of gold went to one shield: and the king put them in the house of the forest of Lebanon.
1Kgs	10	18	וַיַּעַשׂ הַמֶּלֶךְ כִּסֵּא־שֵׁן גָּדוֹל וַיְצַפֵּהוּ זָהָב מוּפָז ׃	καὶ ἐποίησεν ὁ βασιλεὺς θρόνον ἐλεφάντινον μέγαν, καὶ περιεχρύσνσεν αὐτὸν χρυςίῳ δοκίμῳ.	fecit etiam rex Salomon thronum de ebore grandem et vestivit eum auro fulvo nimis	Fecit etiam rex Salomon thronum de ebore grandem: et vestivit eum auro fulvo nimis,		Moreover the king made a great throne of ivory, and overlaid it with the best gold.
1Kgs	10	19	שֵׁשׁ מַעֲלוֹת לַכִּסֵּה וְרֹאשׁ־עָגֹל לַכִּסֵּה מֵאַחֲרָיו וְיָדֹת מִזֶּה וּמִזֶּה אֶל־מְקוֹם הַשָּׁבֶת וּשְׁנַיִם אֲרָיוֹת עֹמְדִים אֵצֶל הַיָּדוֹת ׃	ἓξ ἀναβαθμοὶ τῷ θρόνῳ, καὶ προτομαὶ μόσχων τῷ θρόνῳ ἐκ τῶν ὀπίσω αὐτοῦ ἔνθεν καὶ ἔνθεν ἐπὶ τοῦ τόπου τῆς καθέδρας, καὶ δύο λέ ουτες ἑστηκότες παρὰ τὰς χεῖρας,	qui habebat sex gradus et summitas throni rotunda erat in parte posteriori et duae manus hinc atque inde tenentes sedile et duo leones stabant iuxta manus singulas	qui habebat sex gradus: et summitas throni rotunda erat in parte posteriori: et duæ manus hinc atque inde tenentes sedile: et duo leones stabant juxta manus singulas.		The throne had six steps, and the top of the throne was round behind: and there were stays on either side on the place of the seat, and two lions stood beside the stays.
1Kgs	10	20	וּשְׁנֵים עָשָׂר אֲרָיִים עֹמְדִים שָׁם עַל־שֵׁשׁ הַמַּעֲלוֹת מִזֶּה וּמִזֶּה לֹא־נַעֲשָׂה כֵן לְכָל־מַמְלָכוֹת ׃	καὶ δώδεκα λέοντες ἑστῶτες ἐπὶ τῶν ἓξ ἀναβαθμῶν ἔνθεν καὶ ἔνθεν· οὐ γέγονεν οὕτως πάσῃ βασιλείᾳ.	et duodecim leunculi stantes super sex gradus hinc atque inde non est factum tale opus in universis regnis	Et duodecim leunculi stantes super sex gradus hinc atque inde: non est factum tale opus in universis regnis.		And twelve lions stood there on the one side and on the other upon the six steps: there was not the like made in any kingdom.
1Kgs	10	21	וְכֹל כְּלֵי מַשְׁקֵה הַמֶּלֶךְ שְׁלֹמֹה זָהָב וְכֹל כְּלֵי בֵּית־יַעַר הַלְּבָנוֹן זָהָב סָגוּר אֵין כֶּסֶף לֹא נֶחְשָׁב בִּימֵי שְׁלֹמֹה לִמְאוּמָה ׃	καὶ πάντα τὰ σκεύη τὰ ὑπὸ τοῦ Σαλωμὼν γεγονότα χρυςᾶ, καὶ λουτῆρες χρυσοῖ, πάντα τὰ σκεύη δρυμοῦ οἴκου τοῦ Αιβάνου χρυςίῳ συνκεκλεισμένα· οὐκ ἦν ἀργύριον, ὅτι οὐκ ἦν λογιζόμενον ἐν ταῖς ἡμέραις Σαλωμών.	sed et omnia vasa de quibus potabat rex Salomon erant aurea et universa supellex domus saltus Libani de auro purissimo non erat argentum nec alicuius pretii putabatur in diebus Salomonis	Sed et omnia vasa quibus potabat rex Salomon, erant aurea: et universa supellex domus saltus Libani de auro purissimo: non erat argentum, nec alicujus pretii putabatur in diebus Salomonis,		And all king Solomon's drinking vessels were of gold, and all the vessels of the house of the forest of Lebanon were of pure gold; none were of silver: it was nothing accounted of in the days of Solomon.
1Kgs	10	22	כִּי אֳנִי תַרְשִׁישׁ לַמֶּלֶךְ בַּיָּם עִם אֳנִי חִירָם אַחַת לְשָׁלֹשׁ שָׁנִים תָּבוֹא אֳנִי תַרְשִׁישׁ נֹשְׂאֵת זָהָב וָכֶסֶף שֶׁנְהַבִּים וְקֹפִים וְתֻכִּיִּים ׃	ὅτι ναῦς Θαρσεὶς τῷ βασιλεῖ ἐν τῇ θαλάσςῃ μετὰ τῶν νηῶν Χειράμ· μία διὰ τριῶν ἐτῶν ἤρχετο τῷ βασιλεῖ βαῦς ἐκ Θαρσεὶς χρυςίου καὶ ἀργυρίου καὶ λίθων τορευτῶν καὶ πελεκητῶν.	quia classis regis per mare cum classe Hiram semel per tres annos ibat in Tharsis deferens inde aurum et argentum dentes elefantorum et simias et pavos	quia classis regis per mare cum classe Hiram semel per tres annos ibat in Tharsis, deferens inde aurum, et argentum, et dentes elephantorum, et simias, et pavos.		For the king had at sea a navy of Tharshish with the navy of Hiram: once in three years came the navy of Tharshish, bringing gold, and silver, ivory, and apes, and peacocks.
1Kgs	10	23	וַיִּגְדַּל הַמֶּלֶךְ שְׁלֹמֹה מִכֹּל מַלְכֵי הָאָרֶץ לְעֹשֶׁר וּלְחָכְמָה ׃	αὕτη ἦν ἡ πραγματεία τῆς προνομῆς ἧς ἀνήνεγκεν ὁ βασιλεὺς Σαλωμὼν οἰκοδομῆσαι τὸν οἶκον Κυρίου καὶ τὸν οἶκον τοῦ βασιλέως καὶ τὸ τεῖχος Ἰερουσαλὴμ καὶ τὴν ἄκραν, τοῦ περιφράξαι τὸν φραγμὸν τῆς πόλεως Δαυείδ, καὶ τὴν Ἀσσοὺρ καὶ τὴν Μαδιὰν καὶ τὴν Γάζερ (17b-19) καὶ τὴν Βαιθωρὰμ τὴν ἀνωτέρω καὶ τὴν Ἰεθερμάθ, καὶ πάσας τὰς πόλεις τῶν ἁρμάτων καὶ πάσας τὰς πόλεις τῶν ἱππέων·	magnificatus est ergo rex Salomon super omnes reges terrae divitiis et sapientia	Magnificatus est ergo rex Salomon super omnes reges terræ divitiis et sapientia.		So king Solomon exceeded all the kings of the earth for riches and for wisdom.
1Kgs	10	24	וְכָל־הָאָרֶץ מְבַקְשִׁים אֶת־פְּנֵי שְׁלֹמֹה לִשְׁמֹעַ אֶת־חָכְמָתוֹ אֲשֶׁר־נָתַן אֱלֹהִים בְּלִבּוֹ ׃	καὶ τὴν πραγματείαν Σαλωμὼν ἥν ἐπραγματεύσατο οἰκοδομῆσαι ἐν Ἰερουσαλὴμ καὶ ἐν πάσῃ τῇ γῇ τοῦ Χετταίου καὶ τοῦ Ἀμορραίου καὶ τοῦ Φερεζαίου καὶ τοῦ Χαναναίου καὶ τοῦ Εὑαίου καὶ τοῦ Ἰεβουσαίου καὶ τοῦ Γεργεσαίου, τῶν μὴ ἐκ τῶν υἱῶν Ἰδραὴλ ὄντων, (21) τὰ τέκνα αὐτῶν τὰ ὑπολελιμμένα μετ’ αὐτοὺς ἐν τῇ γῇ οὕς οὐκ ἐδύναντο οἱ υἱοὶ Ἰσραὴλ ἐξολεθρεῦσαι αὐτούς, καὶ ἀνήγαγεν αὐτοὺς Σαλωμὼν εἰς φόρον ἕως τῆς ἡμέρας ταύτης.	et universa terra desiderabat vultum Salomonis ut audiret sapientiam eius quam dederat Deus in corde eius	Et universa terra desiderabat vultum Salomonis, ut audiret sapientiam ejus, quam dederat Deus in corde ejus.		And all the earth sought to Solomon, to hear his wisdom, which God had put in his heart.
1Kgs	10	25	וְהֵמָּה מְבִאִים אִישׁ מִנְחָתוֹ כְּלֵי כֶסֶף וּכְלֵי זָהָב וּשְׂלָמוֹת וְנֵשֶׁק וּבְשָׂמִים סוּסִים וּפְרָדִים דְּבַר־שָׁנָה בְּשָׁנָה ׃ ס	καὶ ἐκ τῶν υἱῶν Ἰσραὴλ οὐκ ἔδωκε Σαλωμὼν πρᾶγμα, ὅτι αὐτοὶ ἦσαν ἄνδρες οἱ πολεμισταὶ καὶ παῖδες αὐτοῦ καὶ ἄρχοντες τῶν ἁρμάτων αὐτοῦ καὶ ἱππεῖς αὐτοῦ.	et singuli deferebant ei munera vasa argentea et aurea vestes et arma bellica aromata quoque et equos et mulos per annos singulos	Et singuli deferebant ei munera, vasa argentea et aurea, vestes et arma bellica, aromata quoque, et equos et mulos per annos singulos.		And they brought every man his present, vessels of silver, and vessels of gold, and garments, and armour, and spices, horses, and mules, a rate year by year.
1Kgs	10	26	וַיֶּאֱסֹף שְׁלֹמֹה רֶכֶב וּפָרָשִׁים וַיְהִי־לוֹ אֶלֶף וְאַרְבַּע־מֵאוֹת רֶכֶב וּשְׁנֵים־עָשָׂר אֶלֶף פָּרָשִׁים וַיַּנְחֵם בְּעָרֵי הָרֶכֶב וְעִם־הַמֶּלֶךְ בִּירוּשָׁלָםִ ׃	καὶ ἐμεγαλύνθη Σαλωμὼν ὑπὲρ πάντας τοὺς βασιλεῖς πλούτῳ καὶ φρονήσει.	congregavitque Salomon currus et equites et facti sunt ei mille quadringenti currus et duodecim milia equitum et disposuit eos per civitates munitas et cum rege in Hierusalem	Congregavitque Salomon currus et equites, et facti sunt ei mille quadringenti currus, et duodecim millia equitum: et disposuit eos per civitates munitas, et cum rege in Jerusalem.		And Solomon gathered together chariots and horsemen: and he had a thousand and four hundred chariots, and twelve thousand horsemen, whom he bestowed in the cities for chariots, and with the king at Jerusalem.
1Kgs	10	27	וַיִּתֵּן הַמֶּלֶךְ אֶת־הַכֶּסֶף בִּירוּשָׁלַםִ כָּאֲבָנִים וְאֵת הָאֲרָזִים נָתַן כַּשִּׁקְמִים אֲשֶׁר־בַּשְּׁפֵלָה לָרֹב ׃	καὶ πάντες βασιλεῖς τῆς γῆς ἐζήτουν τὸ πρόσωπον Σαλωμὼν τοῦ ἀκοῦσαι τῆς φρονήσεως αὐτοῦ ἧς ἔδωκεν Κύριος τῇ καρδίᾳ αὐτοῦ.	fecitque ut tanta esset abundantia argenti in Hierusalem quanta lapidum et cedrorum praebuit multitudinem quasi sycomoros quae nascuntur in campestribus	Fecitque ut tanta esset abundantia argenti in Jerusalem, quanta et lapidum: et cedrorum præbuit multitudinem quasi sycomoros quæ nascuntur in campestribus.		And the king made silver to be in Jerusalem as stones, and cedars made he to be as the sycomore trees that are in the vale, for abundance.
1Kgs	10	28	וּמוֹצָא הַסּוּסִים אֲשֶׁר לִשְׁלֹמֹה מִמִּצְרָיִם וּמִקְוֵה סֹחֲרֵי הַמֶּלֶךְ יִקְחוּ מִקְוֵה בִּמְחִיר ׃	καὶ αὐτοὶ ἔφερον ἕκαστος τὰ δῶρα αὐτοῦ, σκεύη χρυςᾶ καὶ ἑματισμόν, στακτὴν καὶ ἡθύσματα καὶ ἵππους καὶ ἡμιόνους τὸ κατ’ ἐνιαυτὸν ἐνιαυτῷ.	et educebantur equi Salomoni de Aegypto et de Coa negotiatores enim regis emebant de Coa et statuto pretio perducebant	Et educebantur equi Salomoni de Ægypto, et de Coa. Negotiatores enim regis emebant de Coa, et statuto pretio perducebant.		And Solomon had horses brought out of Egypt, and linen yarn: the king's merchants received the linen yarn at a price.
1Kgs	10	29	וַתַּעֲלֶה וַתֵּצֵא מֶרְכָּבָה מִמִּצְרַיִם בְּשֵׁשׁ מֵאוֹת כֶּסֶף וְסוּס בַּחֲמִשִּׁים וּמֵאָה וְכֵן לְכָל־מַלְכֵי הַחִתִּים וּלְמַלְכֵי אֲרָם בְּיָדָם יֹצִאוּ ׃ פ	καὶ ἦσαν τῷ Σαλωμὼν τέσσαρες χιλιάδες θήλειαι ἴπποι εἰς ἅρματα καὶ δώδεκα χιλιάδες ἱππέων, καὶ ἔθετο αὐτὰς ἐν ταῖς πόλεσι τῶν ἁρμάτων καὶ μετὰ τοῦ βασιλέως ἐν Ἰερουσαλήμ.	egrediebatur autem quadriga ex Aegypto sescentis siclis argenti et equus centum quinquaginta atque in hunc modum cuncti reges Hettheorum et Syriae equos venundabant	Egrediebatur autem quadriga ex Ægypto sexcentis siclis argenti, et equus centum quinquaginta. Atque in hunc modum cuncti reges Hethæorum et Syriæ equos venundabant.		And a chariot came up and went out of Egypt for six hundred shekels of silver, and an horse for an hundred and fifty: and so for all the kings of the Hittites, and for the kings of Syria, did they bring them out by their means.
1Kgs	10	30		καὶ ἦν ἡγούμενος πάντων τῶν βασιλέων ἀπὸ τοῦ ποταμοῦ καὶ ἕως γῆς ἀλλοφύλων καὶ ἕως ὁρίων Αἰγύπτου.				
1Kgs	10	31		καὶ ἔδωκεν ὁ βασιλεὺς τὸ χρυσίον καὶ τὸ ἀργύριον ἐν Ἰερουσαλὴμ ὡς λίθους, καὶ τὰς κέδρους ἔδωκεν ὡς συκαμίονυς τὰς ἐν ῇ πεδινῇ εἰς πλῆθος.				
1Kgs	10	32		καὶ ἡ ἔξοδος Σαλωμὼν τῶν ἱππέων καὶ ἐξ Αἰγύπτου καὶ ἐκ Θεκοῦε ἔμποροι τοῦ βασιλέως, καὶ ἐλάμβανεν ἐκ Θεκοῦε ἐν ἀλλάγματι.				
1Kgs	10	33		καὶ ἀνέβαινεν ἡ ἔξοδος ἐξ Αἰγύπτου ἅρμα ἀντὶ ἑκατὸν ἀργυρίου, καὶ ἵππος ἀντὶ πεντήκοντα ἀργυρίου. καὶ οὔτω τοῖς βασιλεῦσιν πᾶσιν Χεττιεὶν καὶ βασιλεῦσιν Συρίας κατὰ θάλασσαν ἐξεπορεύοντο.				
1Kgs	11	1	וְהַמֶּלֶךְ שְׁלֹמֹה אָהַב נָשִׁים נָכְרִיּוֹת רַבּוֹת וְאֶת־בַּת־פַּרְעֹה מוֹאֲבִיּוֹת עַמֳּנִיּוֹת אֲדֹמִיֹּת צֵדְנִיֹּת חִתִּיֹּת ׃	Καὶ ὁ βασιλεὺς Σαλωμὼν ἦν Φιλογύνης. καὶ ἦσαν αὐτῷ ἄρχουσαι ἐπτακόσιαι καὶ παλλακαὶ τριακόσιαι. καὶ ἔλαβεν γυναῖκας άλλοτρίας, καὶ τὴν θυγατέρα Φαραώ. Μωαβείτιδας, Ἀμμανίτιδας, Σύρας καὶ Ἰδουμαίας, Χετταίας καὶ Ἀμορραίας.	rex autem Salomon amavit mulieres alienigenas multas filiam quoque Pharaonis et Moabitidas et Ammanitidas Idumeas et Sidonias et Chettheas	Rex autem Salomon adamavit mulieres alienigenas multas, filiam quoque Pharaonis, et Moabitidas, et Ammonitidas, Idumæas, et Sidonias, et Hethæas:		But king Solomon loved many strange women, together with the daughter of Pharaoh, women of the Moabites, Ammonites, Edomites, Zidonians, and Hittites:
1Kgs	11	2	מִן־הַגּוֹיִם אֲשֶׁר אָמַר־יְהוָה אֶל־בְּנֵי יִשְׂרָאֵל לֹא־תָבֹאוּ בָהֶם וְהֵם לֹא־יָבֹאוּ בָכֶם אָכֵן יַטּוּ אֶת־לְבַבְכֶם אַחֲרֵי אֱלֹהֵיהֶם בָּהֶם דָּבַק שְׁלֹמֹה לְאַהֲבָה ׃	ἐκ τῶν ἐθνῶν ὦν ἀπεῖπεν Κύριος τοῖς οὑοῖς Ἰσραήλ Οὐκ ἐσελεύσεσθε εἰς αὐτοὺς καὶ αὐτοὶ οὐκ εἰδώλων αὐτῶν, εἰς αὐτοὺς ἐκολλήθη Σαλωμὼν τοῦ ἀγαπῆσαι.	de gentibus super quibus dixit Dominus filiis Israhel non ingrediemini ad eas neque de illis ingredientur ad vestras certissimo enim avertent corda vestra ut sequamini deos earum his itaque copulatus est Salomon ardentissimo amore	de gentibus super quibus dixit Dominus filiis Israël: Non ingrediemini ad eas, neque de illis ingredientur ad vestras: certissime enim avertent corda vestra ut sequamini deos earum. His itaque copulatus est Salomon ardentissimo amore.		Of the nations concerning which the Lord said unto the children of Israel, Ye shall not go in to them, neither shall they come in unto you: for surely they will turn away your heart after their gods: Solomon clave unto these in love.
1Kgs	11	3	וַיְהִי־לוֹ נָשִׁים שָׂרוֹת שְׁבַע מֵאוֹת וּפִלַגְשִׁים שְׁלֹשׁ מֵאוֹת וַיַּטּוּ נָשָׁיו אֶת־לִבּוֹ ׃	καὶ ἐγενήθη ἐν καιρῷ γήρους Σαλωμὼν καὶ οὐκ ἦν ἡ καρδία αὐτοῦ τελεία μετὰ Κυρίου θεοῦ αὐτοῦ καθὼς ἡ καρδία Δαυεὶδ τοῦ πατρὸς αὐτοῦ.	fueruntque ei uxores quasi reginae septingentae et concubinae trecentae et averterunt mulieres cor eius	Fueruntque ei uxores quasi reginæ septingentæ, et concubinæ trecentæ: et averterunt mulieres cor ejus.		And he had seven hundred wives, princesses, and three hundred concubines: and his wives turned away his heart.
1Kgs	11	4	וַיְהִי לְעֵת זִקְנַת שְׁלֹמֹה נָשָׁיו הִטּוּ אֶת־לְבָבוֹ אַחֲרֵי אֱלֹהִים אֲחֵרִים וְלֹא־הָיָה לְבָבוֹ שָׁלֵם עִם־יְהוָה אֱלֹהָיו כִּלְבַב דָּוִיד אָבִיו ׃	καὶ ἐξέκλιναν αἱ γυναῖκες αἱ ἀλλότριαι τὴ καρδίαν αὐτοῦ ὀπίσω θεῶν αὐτῶν.	cumque iam esset senex depravatum est per mulieres cor eius ut sequeretur deos alienos nec erat cor eius perfectum cum Domino Deo suo sicut cor David patris eius	Cumque jam esset senex, depravatum est cor ejus per mulieres, ut sequeretur deos alienos: nec erat cor ejus perfectum cum Domino Deo suo, sicut cor David patris ejus.		For it came to pass, when Solomon was old, that his wives turned away his heart after other gods: and his heart was not perfect with the Lord his God, as was the heart of David his father.
1Kgs	11	5	וַיֵּלֶךְ שְׁלֹמֹה אַחֲרֵי עַשְׁתֹּרֶת אֱלֹהֵי צִדֹנִים וְאַחֲרֵי מִלְכֹּם שִׁקֻּץ עַמֹּנִים ׃	τότε ᾠκοδόμησεν Σαλωμὼν ὑψηλὸν τῷ Χαρὼς εἰδώλῳ Μωάβ, καὶ τῷ βασιλεῖ αὐτῶν εἰδώλῳ υἱῶν Ἀμμών,	sed colebat Salomon Astharthen deam Sidoniorum et Moloch idolum Ammanitarum	Sed colebat Salomon Astarthen deam Sidoniorum, et Moloch idolum Ammonitarum.		For Solomon went after Ashtoreth the goddess of the Zidonians, and after Milcom the abomination of the Ammonites.
1Kgs	11	6	וַיַּעַשׂ שְׁלֹמֹה הָרַע בְּעֵינֵי יְהוָה וְלֹא מִלֵּא אַחֲרֵי יְהוָה כְּדָוִד אָבִיו ׃ ס	καὶ τῇ Ἀστάρτῃ βδελύγματι Σιδωνίων.	fecitque Salomon quod non placuerat coram Domino et non adimplevit ut sequeretur Dominum sicut pater eius	Fecitque Salomon quod non placuerat coram Domino, et non adimplevit ut sequeretur Dominum sicut David pater ejus.		And Solomon did evil in the sight of the Lord, and went not fully after the Lord, as did David his father.
1Kgs	11	7	אָז יִבְנֶה שְׁלֹמֹה בָּמָה לִכְמוֹשׁ שִׁקֻּץ מוֹאָב בָּהָר אֲשֶׁר עַל־פְּנֵי יְרוּשָׁלִָם וּלְמֹלֶךְ שִׁקֻּץ בְּנֵי עַמּוֹן ׃	καὶ οὕτως ἐποίησεν πάσαις ταῖς γυναιξὶν αὐτοῦ ταῖς ἀλλοτρίαις. ἐθυμίων καὶ ἔθυον τοῖς εἰδώλοις αὐτῶν.	tunc aedificavit Salomon fanum Chamos idolo Moab in monte qui est contra Hierusalem et Moloch idolo filiorum Ammon	Tunc ædificavit Salomon fanum Chamos idolo Moab in monte qui est contra Jerusalem, et Moloch idolo filiorum Ammon.		Then did Solomon build an high place for Chemosh, the abomination of Moab, in the hill that is before Jerusalem, and for Molech, the abomination of the children of Ammon.
1Kgs	11	8	וְכֵן עָשָׂה לְכָל־נָשָׁיו הַנָּכְרִיּוֹת מַקְטִירוֹת וּמְזַבְּחוֹת לֵאלֹהֵיהֶן ׃	καὶ ἐποίησεν Σαλωμὼν τὸ πονηρὸν ἐνώπιον Κυρίου· οὐκ ἐπορεύθη ὀπίσω Κυρίου ὡς Δαυεὶδ ὁ πατὴρ αὐτοῦ.	atque in hunc modum fecit universis uxoribus suis alienigenis quae adolebant tura et immolabant diis suis	Atque in hunc modum fecit universis uxoribus suis alienigenis, quæ adolebant thura, et immolabant diis suis.		And likewise did he for all his strange wives, which burnt incense and sacrificed unto their gods.
1Kgs	11	9	וַיִּתְאַנַּף יְהוָה בִּשְׁלֹמֹה כִּי־נָטָה לְבָבוֹ מֵעִם יְהוָה אֱלֹהֵי יִשְׂרָאֵל הַנִּרְאָה אֵלָיו פַּעֲמָיִם ׃	Καὶ ὠργισθη Κύριος ἐπὶ Σαλωμών, ὃτι ἐξίδλινεν δαρδίαν αὐτοῦ ἀπὸ Κυρίοπυ θεοῦ Ἰσραὴλ τοῦ ἀφθ;ντος αὐτῷ δὶς	igitur iratus est Dominus Salomoni quod aversa esset mens eius a Domino Deo Israhel qui apparuerat ei secundo	Igitur iratus est Dominus Salomoni, quod aversa esset mens ejus a Domino Deo Israël, qui apparuerat ei secundo,		And the Lord was angry with Solomon, because his heart was turned from the Lord God of Israel, which had appeared unto him twice,
1Kgs	11	10	וְצִוָּה אֵלָיו עַל־הַדָּבָר הַזֶּה לְבִלְתִּי־לֶכֶת אַחֲרֵי אֱלֹהִים אֲחֵרִים וְלֹא שָׁמַר אֵת אֲשֶׁר־צִוָּה יְהוָה ׃ פ	καὶ ἐντειλαμένῳ αὐτῷ ὑπὲρ τοῦ λόγου τούτου τὸ παράπαν μὴ πορευθῆναι ὀπίσω θεῶν ἑπέρων καὶ φυλάξασθαι ποιῆσαι ἃ ἐνετείλατο αὐτῷ Κύριος ὁ θεός· οὐδ᾿ ἦν ἡ καρδία αὐτοῦ τελεία μετὰ Κυίου κατὰ τὴν καρδίαν Δαυεὶδ τοῦ πατρὸς αὐτοῦ.	et praeceperat de verbo hoc ne sequeretur deos alienos et non custodivit quae mandavit ei Dominus	et præceperat de verbo hoc ne sequeretur deos alienos: et non custodivit quæ mandavit ei Dominus.		And had commanded him concerning this thing, that he should not go after other gods: but he kept not that which the Lord commanded.
1Kgs	11	11	וַיֹּאמֶר יְהוָה לִשְׁלֹמֹה יַעַן אֲשֶׁר הָיְתָה־זֹּאת עִמָּךְ וְלֹא שָׁמַרְתָּ בְּרִיתִי וְחֻקֹּתַי אֲשֶׁר צִוִּיתִי עָלֶיךָ קָרֹעַ אֶקְרַע אֶת־הַמַּמְלָכָה מֵעָלֶיךָ וּנְתַתִּיהָ לְעַבְדֶּךָ ׃	καὶ εἶπεν Κύριος πρὸς Σαλωμών Ἀνθ᾿ ὧν ἐγένετο ταῦτα μετὰ σοῦ καὶ οὐκ ἐφύλαξας τὰς ἐντολάς μου καὶ τὰ προστάγματά μου ἃ ἐνετειλάμην σοι, διαρρήσσων διαρρήξω τὴν βασιλείαν σου ἐκ χειρός σου καὶ δώσω αὐτὴν τῷ δούλῳ σου.	dixit itaque Dominus Salomoni quia habuisti hoc apud te et non custodisti pactum meum et praecepta mea quae mandavi tibi disrumpens scindam regnum tuum et dabo illud servo tuo	Dixit itaque Dominus Salomoni: Quia habuisti hoc apud te, et non custodisti pactum meum, et præcepta mea quæ mandavi tibi, disrumpens scindam regnum tuum, et dabo illud servo tuo.		Wherefore the Lord said unto Solomon, Forasmuch as this is done of thee, and thou hast not kept my covenant and my statutes, which I have commanded thee, I will surely rend the kingdom from thee, and will give it to thy servant.
1Kgs	11	12	אַךְ־בְּיָמֶיךָ לֹא אֶעֱשֶׂנָּה לְמַעַן דָּוִד אָבִיךָ מִיַּד בִּנְךָ אֶקְרָעֶנָּה ׃	πλὴν ἐν ταῖς ἡμέραις σου οὐ ποιήσω αὐτὰ διὰ Δαυεὶδ τὸν πατέρα σου· ἐκ χειρὸς υἱοῦ σου λήμψομαι αὐτήν·	verumtamen in diebus tuis non faciam propter David patrem tuum de manu filii tui scindam illud	Verumtamen in diebus tuis non faciam propter David patrem tuum: de manu filii tui scindam illud,		Notwithstanding in thy days I will not do it for David thy father's sake: but I will rend it out of the hand of thy son.
1Kgs	11	13	רַק אֶת־כָּל־הַמַּמְלָכָה לֹא אֶקְרָע שֵׁבֶט אֶחָד אֶתֵּן לִבְנֶךָ לְמַעַן דָּוִד עַבְדִּי וּלְמַעַן יְרוּשָׁלַםִ אֲשֶׁר בָּחָרְתִּי ׃	πλὴν ὃλην τὴν βασιλείαν οὐ μὴ λάβω· σκὴπτρον ἓν δώσω τῷ υἱῷ σου διὰ Δαυεὶδ τὸν δοῦλόν μου καὶ διὰ Ἰερουσαλὴμ τὴν πόλιν ἣν ἐξελεξάμην.	nec totum regnum auferam sed tribum unam dabo filio tuo propter David servum meum et Hierusalem quam elegi	nec totum regnum auferam, sed tribum unam dabo filio tuo propter David servum meum, et Jerusalem, quam elegi.		Howbeit I will not rend away all the kingdom; but will give one tribe to thy son for David my servant's sake, and for Jerusalem's sake which I have chosen.
1Kgs	11	14	וַיָּקֶם יְהוָה שָׂטָן לִשְׁלֹמֹה אֵת הֲדַד הָאֲדֹמִי מִזֶּרַע הַמֶּלֶךְ הוּא בֶּאֱדוֹם ׃	Καὶ ἢγειρεν Κύριος σατὰν τῷ Σαλωμὼν τὸν Ἁδὲρ τὸν Ἰδουμαῖον καὶ τὸν Ἑσρὼμ υἱὸν Ἐλιαδᾶε τὸν ἐν Ῥαεμμααὲρ Ἁδράζαρ βασιλέα Σουβὰ κύριον αὐτοῦ. καὶ συνηθροίσθησαν ἐπ᾿ αὐτὸν ἂνδρες, καὶ ἦν ἂρχων συστρέμματος καὶ προκατελάβετο τὴν Δαμάσεκ· καὶ ἦσαν σατὰν τῷ Ἰσραὴλ πάσας τς ἠμέρας Σαλωμών· καὶ Ἁδὲρ ὁ Ἰδουμαῖος ἐκ τοῦ σπέρματος τῆς βασιλείας ἐν Ἰδουμαίᾳ.	suscitavit autem Dominus adversarium Salomoni Adad Idumeum de semine regio qui erat in Edom	Suscitavit autem Dominus adversarium Salomoni Adad Idumæum de semine regio, qui erat in Edom.		And the Lord stirred up an adversary unto Solomon, Hadad the Edomite: he was of the king's seed in Edom.
1Kgs	11	15	וַיְהִי בִּהְיוֹת דָּוִד אֶת־אֱדוֹם בַּעֲלוֹת יוֹאָב שַׂר הַצָּבָא לְקַבֵּר אֶת־הַחֲלָלִים וַיַּךְ כָּל־זָכָר בֶּאֱדוֹם ׃	καὶ ἐγένετο ἐν τῷ ἐξολεθρεῦσαι Δαυεὶδ τὸν Ἐδῶμ ἐν τῷ πορευθῆναι Ἰωὰβ ἂρχοντα τῆς στρατείας θάπτειν τοὺς τραυματίας, ἒκοψαν πᾶν ἀρσενικὸν ἐν τῇ Ἰδουμαίᾳ·	cum enim esset David in Idumea et ascendisset Ioab princeps militiae ad sepeliendos eos qui fuerant interfecti et occidisset omne masculinum in Idumea	Cum enim esset David in Idumæa, et ascendisset Joab princeps militiæ ad sepeliendum eos qui fuerant interfecti, et occidisset omnem masculinum in Idumæa		For it came to pass, when David was in Edom, and Joab the captain of the host was gone up to bury the slain, after he had smitten every male in Edom;
1Kgs	11	16	כִּי שֵׁשֶׁת חֳדָשִׁים יָשַׁב־שָׁם יוֹאָב וְכָל־יִשְׂרָאֵל עַד־הִכְרִית כָּל־זָכָר בֶּאֱדוֹם ׃	ὃτι ἓξ μῆνας ἐνεδάθητο ἐκεῖ Ἰωὰβ καὶ πᾶς Ἰσραὴλ ἐν τῇ Ἰδουμαίᾳ, ἓως ὃτου ἐξωλέθρευσεν πᾶν ἀρσενικὸν ἐν τῇ Ἰδουμαίᾳ.	sex enim mensibus ibi moratus est Ioab et omnis Israhel donec interimerent omne masculinum in Idumea	(sex enim mensibus ibi moratus est Joab, et omnis Israël, donec interimeret omne masculinum in Idumæa),		(For six months did Joab remain there with all Israel, until he had cut off every male in Edom:)
1Kgs	11	17	וַיִּבְרַח אֲדַד הוּא וַאֲנָשִׁים אֲדֹמִיִּים מֵעַבְדֵי אָבִיו אִתּוֹ לָבוֹא מִצְרָיִם וַהֲדַד נַעַר קָטָן ׃	καὶ ἀπέδρα Ἁδὲρ αὐτὸς καὶ πάντες οἱ Ἰδουμαῖοι τῶν παίδων τοῦ πατρὸς αὐτοῦ μετ᾿ αὐτοῦ, καὶ εἰσῆλθον εἰς Αἲγυπτον· καὶ Ἁδὲρ παιδάριον μικρόν.	fugit Adad ipse et viri idumei de servis patris eius cum eo ut ingrederetur Aegyptum erat autem Adad puer parvulus	fugit Adad ipse, et viri Idumæi de servis patris ejus cum eo, ut ingrederetur Ægyptum: erat autem Adad puer parvulus.		That Hadad fled, he and certain Edomites of his father's servants with him, to go into Egypt; Hadad being yet a little child.
1Kgs	11	18	וַיָּקֻמוּ מִמִּדְיָן וַיָּבֹאוּ פָּארָן וַיִּקְחוּ אֲנָשִׁים עִמָּם מִפָּארָן וַיָּבֹאוּ מִצְרַיִם אֶל־פַּרְעֹה מֶלֶךְ־מִצְרַיִם וַיִּתֶּן־לוֹ בַיִת וְלֶחֶם אָמַר לוֹ וְאֶרֶץ נָתַן לוֹ ׃	καὶ ἀνίστανται ἂνδρες ἐκ τῆς πόλεως Μαδιὰμ καὶ ἂρχονται πρὸς φαραὼ βασιλέα Αἰγύπτου· καὶ εἰσῆλθεν Ἁδὲρ πρὸς Φαραώ, καὶ ἒδωκεν αὐτῷ οἶκον καὶ ἂρτους διέταξεν αὐτῷ.	cumque surrexissent de Madian venerunt in Pharan tuleruntque secum viros de Pharan et introierunt Aegyptum ad Pharaonem regem Aegypti qui dedit ei domum et cibos constituit et terram delegavit	Cumque surrexissent de Madian, venerunt in Pharan, tuleruntque secum viros de Pharan, et introierunt Ægyptum ad Pharaonem regem Ægypti: qui dedit ei domum, et cibos constituit, et terram delegavit.		And they arose out of Midian, and came to Paran: and they took men with them out of Paran, and they came to Egypt, unto Pharaoh king of Egypt; which gave him an house, and appointed him victuals, and gave him land.
1Kgs	11	19	וַיִּמְצָא הֲדַד חֵן בְּעֵינֵי פַרְעֹה מְאֹד וַיִּתֶּן־לוֹ אִשָּׁה אֶת־אֲחוֹת אִשְׁתּוֹ אֲחוֹת תַּחְפְּנֵיס הַגְּבִירָה ׃	καὶ εὗρεν Ἁδὲρ χάριν ἐναντίου φαραὼ σθόδρα, καὶ ἒδωκεν αὐτῷ γυναῖκα ἀδελφὴν της γυναικὸς αὐτοῦ, ἀδελφὴν Θεκεμείνας τῆς μείζω.	et invenit Adad gratiam coram Pharao valde in tantum ut daret ei uxorem sororem uxoris suae germanam Tafnes reginae	Et invenit Adad gratiam coram Pharaone valde, in tantum ut daret ei uxorem sororem uxoris suæ germanam Taphnes reginæ.		And Hadad found great favour in the sight of Pharaoh, so that he gave him to wife the sister of his own wife, the sister of Tahpenes the queen.
1Kgs	11	20	וַתֵּלֶד לוֹ אֲחוֹת תַּחְפְּנֵיס אֵת גְּנֻבַת בְּנוֹ וַתִּגְמְלֵהוּ תַחְפְּנֵס בְּתוֹךְ בֵּית פַּרְעֹה וַיְהִי גְנֻבַת בֵּית פַּרְעֹה בְּתוֹךְ בְּנֵי פַרְעֹה ׃	καὶ ἔτεκεν αὐτῷ ἡ ἀδελφὴ Θεκεμείνας τῷ Ἁδὲρ τὸν Γανηβὰθ υἱὸν αὐτῆς· καὶ ἐξέθρεψεν αὐτὸν Θεκεμείνα ἐν μέςῳ υἱῶν Φαραώ, καὶ ἦν Γανηβὰθ ἐν μέσῳ υἱῶν Φαραώ.	genuitque ei soror Tafnes Genebath filium et nutrivit eum Tafnes in domo Pharaonis eratque Genebath habitans apud Pharaonem cum filiis eius	Genuitque ei soror Taphnes Genubath filium, et nutrivit eum Taphnes in domo Pharaonis: eratque Genubath habitans apud Pharaonem cum filiis ejus.		And the sister of Tahpenes bare him Genubath his son, whom Tahpenes weaned in Pharaoh's house: and Genubath was in Pharaoh's household among the sons of Pharaoh.
1Kgs	11	21	וַהֲדַד שָׁמַע בְּמִצְרַיִם כִּי־שָׁכַב דָּוִד עִם־אֲבֹתָיו וְכִי־מֵת יוֹאָב שַׂר־הַצָּבָא וַיֹּאמֶר הֲדַד אֶל־פַּרְעֹה שַׁלְּחֵנִי וְאֵלֵךְ אֶל־אַרְצִי ׃	καὶ Ἁδὲρ ἤκουσεν ἐν Αἰγύπτῳ ὅτι κεκοίμηται Δαυεὶδ μετὰ τῶν πατέρων αὐτοῦ, καὶ ὅτι τέθνηκεν Ἰωὰβ ὁ ἄρχων τῆς στρατείας· καὶ εἶπεν Ἁδὲρ πρὸς Θαραώ Ἐξαπόστειλόν με καὶ ἀποστρέψω εἰς τὴν γῆν μου.	cumque audisset Adad in Aegypto dormisse David cum patribus suis et mortuum esse Ioab principem militiae dixit Pharaoni dimitte me ut vadam in terram meam	Cumque audisset Adad in Ægypto dormisse David cum patribus suis, et mortuum esse Joab principem militiæ, dixit Pharaoni: Dimitte me, ut vadam in terram meam.		And when Hadad heard in Egypt that David slept with his fathers, and that Joab the captain of the host was dead, Hadad said to Pharaoh, Let me depart, that I may go to mine own country.
1Kgs	11	22	וַיֹּאמֶר לוֹ פַרְעֹה כִּי מָה־אַתָּה חָסֵר עִמִּי וְהִנְּךָ מְבַקֵּשׁ לָלֶכֶת אֶל־אַרְצֶךָ וַיֹּאמֶר לֹא כִּי שַׁלֵּחַ תְּשַׁלְּחֵנִי ׃	καὶ εἶπεν Θαραὼ τῷ Ἁδέρ Τίνι σὺ ἐλαττονῇ μετ’ ἐμοῦ, καὶ ἰδοὺ σὺ ζητεῖς ἀπελθεῖν εἰς τὴν γῆν σου;	dixitque ei Pharao qua enim re apud me indiges ut quaeras ire ad terram tuam at ille respondit nulla sed obsecro ut dimittas me	Dixitque ei Pharao: Qua enim re apud me indiges, ut quæras ire ad terram tuam? At ille respondit: Nulla: sed obsecro te ut dimittas me.		Then Pharaoh said unto him, But what hast thou lacked with me, that, behold, thou seekest to go to thine own country? And he answered, Nothing: howbeit let me go in any wise.
1Kgs	11	23	וַיָּקֶם אֱלֹהִים לוֹ שָׂטָן אֶת־רְזוֹן בֶּן־אֶלְיָדָע אֲשֶׁר בָּרַח מֵאֵת הֲדַדְעֶזֶר מֶלֶךְ־צוֹבָה אֲדֹנָיו ׃	καὶ εἶπεν αὐτῷ Ἁδέρ Ὅτι ἐξαποστέλλων ἐξαποστελεῖς με·	suscitavit quoque ei Deus adversarium Razon filium Heliada qui fugerat Adadezer regem Soba dominum suum	Suscitavit quoque ei Deus adversarium Razon filium Eliada, qui fugerat Adarezer regem Soba dominum suum:		And God stirred him up another adversary, Rezon the son of Eliadah, which fled from his lord Hadadezer king of Zobah:
1Kgs	11	24	וַיִּקְבֹּץ עָלָיו אֲנָשִׁים וַיְהִי שַׂר־גְּדוּד בַּהֲרֹג דָּוִד אֹתָם וַיֵּלְכוּ דַמֶּשֶׂק וַיֵּשְׁבוּ בָהּ וַיִּמְלְכוּ בְּדַמָּשֶׂק ׃	καὶ ἀνέστρεψεν Ἁδὲρ εἰς τὴν γῆν αὐτοῦ.	et congregavit contra eum viros et factus est princeps latronum cum interficeret eos David abieruntque Damascum et habitaverunt ibi et constituerunt eum regem in Damasco	et congregavit contra eum viros, et factus est princeps latronum cum interficeret eos David: abieruntque Damascum, et habitaverunt ibi, et constituerunt eum regem in Damasco:		And he gathered men unto him, and became captain over a band, when David slew them of Zobah: and they went to Damascus, and dwelt therein, and reigned in Damascus.
1Kgs	11	25	וַיְהִי שָׂטָן לְיִשְׂרָאֵל כָּל־יְמֵי שְׁלֹמֹה וְאֶת־הָרָעָה אֲשֶׁר הֲדָד וַיָּקָץ בְּיִשְׂרָאֵל וַיִּמְלֹךְ עַל־אֲרָם ׃ פ	αὕτη ἡ κακία ἥν ἐποίησεν Ἁδέρ· καὶ ἐβαρυθύμησεν Ἰσραήλ, καὶ ἐβασίλευσεν ἐν τῇ Ἐδώμ.	eratque adversarius Israhel cunctis diebus Salomonis et hoc est malum Adad et odium contra Israhel regnavitque in Syria	eratque adversarius Israëli cunctis diebus Salomonis: et hoc est malum Adad, et odium contra Israël: regnavitque in Syria.		And he was an adversary to Israel all the days of Solomon, beside the mischief that Hadad did: and he abhorred Israel, and reigned over Syria.
1Kgs	11	26	וְיָרָבְעָם בֶּן־נְבָט אֶפְרָתִי מִן־הַצְּרֵדָה וְשֵׁם אִמּוֹ צְרוּעָה אִשָּׁה אַלְמָנָה עֶבֶד לִשְׁלֹמֹה וַיָּרֶם יָד בַּמֶּלֶךְ ׃	Καὶ Ἰεροβοὰμ υἱὸς Ναβὰθ ὁ Ἐφραθεὶ ἐκ τῆς Σαρειρὰ υἱὸς γυναικὸς χήρας, ὁ δοῦλος Σαλωμέν.	Hieroboam quoque filius Nabath Ephratheus de Sareda cuius mater erat nomine Sarva mulier vidua servus Salomonis levavit manum contra regem	Jeroboam quoque filius Nabat, Ephrathæus, de Sareda, servus Salomonis, cujus mater erat nomine Sarva, mulier vidua, levavit manum contra regem.		And Jeroboam the son of Nebat, an Ephrathite of Zereda, Solomon's servant, whose mother's name was Zeruah, a widow woman, even he lifted up his hand against the king.
1Kgs	11	27	וְזֶה הַדָּבָר אֲשֶׁר־הֵרִים יָד בַּמֶּלֶךְ שְׁלֹמֹה בָּנָה אֶת־הַמִּלּוֹא סָגַר אֶת־פֶּרֶץ עִיר דָּוִד אָבִיו ׃	καὶ τοῦτο τὸ πρᾶγμα ὡς ἐπήρατο χρῖρας ἐπὶ βασιλέα. Σαλωμὼν ᾠκοδόμησεν τὴν ἄκραν· συνέκλεισεν τὸν τῆς πόλεως Δαυεὶδ τοῦ πατρὸς αὐτοῦ.	et haec causa rebellionis adversus eum quia Salomon aedificavit Mello et coaequavit voraginem civitatis David patris sui	Et hæc est causa rebellionis adversus eum, quia Salomon ædificavit Mello, et coæquavit voraginem civitatis David patris sui.		And this was the cause that he lifted up his hand against the king: Solomon built Millo, and repaired the breaches of the city of David his father.
1Kgs	11	28	וְהָאִישׁ יָרָבְעָם גִּבּוֹר חָיִל וַיַּרְא שְׁלֹמֹה אֶת־הַנַּעַר כִּי־עֹשֵׂה מְלָאכָה הוּא וַיַּפְקֵד אֹתוֹ לְכָל־סֵבֶל בֵּית יוֹסֵף ׃ ס	καὶ ὀ ἄνθρωφραγμὸν πος Ἰεροβοὰμ ἰσχυρὸς δυνάμει· καὶ εἶδεν Σαλωμὼν τὸ παιδάριον ὅτι ἀνὴρ ἔργων ἐστίν, καὶ κατέστησεν αὐτὸν ἐπὶ τὰς ἄρσεις οἴκου Ἰωσήφ.	erat autem Hieroboam vir fortis et potens vidensque Salomon adulescentem bonae indolis et industrium constituerat eum praefectum super tributa universae domus Ioseph	Erat autem Jeroboam vir fortis et potens: vidensque Salomon adolescentem bonæ indolis et industrium, constituerat eum præfectum super tributa universæ domus Joseph.		And the man Jeroboam was a mighty man of valour: and Solomon seeing the young man that he was industrious, he made him ruler over all the charge of the house of Joseph.
1Kgs	11	29	וַיְהִי בָּעֵת הַהִיא וְיָרָבְעָם יָצָא מִירוּשָׁלִָם וַיִּמְצָא אֹתוֹ אֲחִיָּה הַשִּׁילֹנִי הַנָּבִיא בַּדֶּרֶךְ וְהוּא מִתְכַּסֶּה בְּשַׂלְמָה חֲדָשָׁה וּשְׁנֵיהֶם לְבַדָּם בַּשָּׂדֶה ׃	καὶ ἐγενήθη ἐν τῷ καιρῷ ἐκείνῳ καὶ Ἰεροβοὰμ ἐξηλθεμ ἐξ Ἰρουσαλήμ, καὶ εὗρεν αὐτὸν Ἀχείας ὁ Σηλωνείτης ὁ προφήτης ἐν τῇ ὁδῷ, καὶ ἀπέστησεν αὐτὸν ἐκ τῆς ὁδοῦ· καὶ ὁ Ἀχρίας περιβεβλημένος ἱματίῳ καινῷ, καὶ ἀμφότεροι ἐν τῷ πεδίῳ.	factum est igitur in tempore illo ut Hieroboam egrederetur de Hierusalem et inveniret eum Ahias Silonites propheta in via opertus pallio novo erant autem duo tantum in agro	Factum est igitur in tempore illo, ut Jeroboam egrederetur de Jerusalem, et inveniret eum Ahias Silonites propheta in via, opertus pallio novo: erant autem duo tantum in agro.		And it came to pass at that time when Jeroboam went out of Jerusalem, that the prophet Ahijah the Shilonite found him in the way; and he had clad himself with a new garment; and they two were alone in the field:
1Kgs	11	30	וַיִּתְפֹּשׂ אֲחִיָּה בַּשַּׂלְמָה הַחֲדָשָׁה אֲשֶׁר עָלָיו וַיִּקְרָעֶהָ שְׁנֵים עָשָׂר קְרָעִים ׃	καὶ ἐπελάωετο Ἀχειὰ τοῦ ἱματίου αὐτοῦ τοῦ καινοῦ τοῦ ἐπ’ αὐτῷ καὶ διέρρηξεν αὐτὸ δώδεκα ῥήγματα·	adprehendensque Ahia pallium suum novum quo opertus erat scidit in duodecim partes	Apprehendensque Ahias pallium suum novum quo coopertus erat, scidit in duodecim partes.		And Ahijah caught the new garment that was on him, and rent it in twelve pieces:
1Kgs	11	31	וַיֹּאמֶר לְיָרָבְעָם קַח־לְךָ עֲשָׂרָה קְרָעִים כִּי כֹה אָמַר יְהוָה אֱלֹהֵי יִשְׂרָאֵל הִנְנִי קֹרֵעַ אֶת־הַמַּמְלָכָה מִיַּד שְׁלֹמֹה וְנָתַתִּי לְךָ אֵת עֲשָׂרָה הַשְּׁבָטִים ׃	καὶ εἶπεν τῷ Ἰεροβοάμ Λἀβε σεαυτῷ δέκα ῥήγματα, ὅτι τάδε λέγει Κύριος ὁ θεὸς Ἰσραήλ Ἰδοὺ ἐγὼ ῥήσσω τὴν βασιλείαν ἐκ χειρὸς Σαλωμών, καὶ δώσω σοι δέκα σκῆπτρα·	et ait ad Hieroboam tolle tibi decem scissuras haec enim dicit Dominus Deus Israhel ecce ego scindam regnum de manu Salomonis et dabo tibi decem tribus	Et ait ad Jeroboam: Tolle tibi decem scissuras: hæc enim dicit Dominus Deus Israël: Ecce ego scindam regnum de manu Salomonis, et dabo tibi decem tribus.		And he said to Jeroboam, Take thee ten pieces: for thus saith the Lord, the God of Israel, Behold, I will rend the kingdom out of the hand of Solomon, and will give ten tribes to thee:
1Kgs	11	32	וְהַשֵּׁבֶט הָאֶחָד יִהְיֶה־לּוֹ לְמַעַן עַבְדִּי דָוִד וּלְמַעַן יְרוּשָׁלַםִ הָעִיר אֲשֶׁר בָּחַרְתִּי בָהּ מִכֹּל שִׁבְטֵי יִשְׂרָאֵל ׃	καὶ δύο σκῆπτρα ἔσονται αὐτῷ διὰ Δαυεὶδ τὸν δοῦλόν μου καὶ διὰ Ἰερουσαλὴμ τὴν πόλιν ἣν ἐξελεξάμην. ἐν αὐτῇ ἐκ πασὼν φυλῶν Ἰσραήλ.	porro una tribus remanebit ei propter servum meum David et Hierusalem civitatem quam elegi ex omnibus tribubus Israhel	Porro una tribus remanebit ei propter servum meum David, et Jerusalem civitatem, quam elegi ex omnibus tribubus Israël:		(But he shall have one tribe for my servant David's sake, and for Jerusalem's sake, the city which I have chosen out of all the tribes of Israel:)
1Kgs	11	33	יַעַן אֲשֶׁר עֲזָבוּנִי וַיִּשְׁתַּחֲווּ לְעַשְׁתֹּרֶת אֱלֹהֵי צִדֹנִין לִכְמוֹשׁ אֱלֹהֵי מוֹאָב וּלְמִלְכֹּם אֱלֹהֵי בְנֵי־עַמּוֹן וְלֹא־הָלְכוּ בִדְרָכַי לַעֲשׂוֹת הַיָּשָׁר בְּעֵינַי וְחֻקֹּתַי וּמִשְׁפָּטַי כְּדָוִד אָבִיו ׃	ἀνθ’ ὦν κατέλιπέν με, καὶ ἐποίησεν τῇ Ἀστάρτῃ βδελύγματι Σιδωνίων καὶ τῷ Χαμὼς καὶ ἐν τοῖς εἰδώλοις Μωὰβ καὶ τῷ βασιλεῖ αὐτῶν προσοχθίσματι υἱῶν Ἀμμών, καὶ οὐκ ἐπορεύθη ἐν ταῖς ὁδοῖς μου τοῦ ποιὴσαι τὸ εὐθὲς ἐνώπιον ἐμοῦ ὡς Δαυεὶδ ὁ πατὴρ αὐτοῦ.	eo quod dereliquerint me et adoraverint Astharoth deam Sidoniorum et Chamos deum Moab et Melchom deum filiorum Ammon et non ambulaverint in viis meis ut facerent iustitiam coram me et praecepta mea et iudicia sicut David pater eius	eo quod dereliquerit me, et adoraverit Astarthen deam Sidoniorum, et Chamos deum Moab, et Moloch deum filiorum Ammon: et non ambulaverit in viis meis, ut faceret justitiam coram me, et præcepta mea et judicia, sicut David pater ejus.		Because that they have forsaken me, and have worshipped Ashtoreth the goddess of the Zidonians, Chemosh the god of the Moabites, and Milcom the god of the children of Ammon, and have not walked in my ways, to do that which is right in mine eyes, and to keep my statutes and my judgments, as did David his father.
1Kgs	11	34	וְלֹא־אֶקַּח אֶת־כָּל־הַמַּמְלָכָה מִיָּדוֹ כִּי נָשִׂיא אֲשִׁתֶנּוּ כֹּל יְמֵי חַיָּיו לְמַעַן דָּוִד עַבְדִּי אֲשֶׁר בָּחַרְתִּי אֹתוֹ אֲשֶׁר שָׁמַר מִצְוֹתַי וְחֻקֹּתָי ׃	καὶ οὐ μὴ λάβω ὅλην τὴν βασιλείαν ἐκ χειρὸς αὐτοῦ, διότι ἀντιτασσόμενος ἀντιτάξομαι αὐτῷ πάσας τὰς ἡμέρας τὴς ζωῆς αὐτοῦ, διὰ Δαυεὶφ τὸν δοῦλόν μου ὃν ἐξελεξάμην αὐτόν.	nec auferam omne regnum de manu eius sed ducem ponam eum cunctis diebus vitae suae propter David servum meum quem elegi qui custodivit mandata mea et praecepta mea	Nec auferam omne regnum de manu ejus, sed ducem ponam eum cunctis diebus vitæ suæ, propter David servum meum quem elegi, qui custodivit mandata mea et præcepta mea.		Howbeit I will not take the whole kingdom out of his hand: but I will make him prince all the days of his life for David my servant's sake, whom I chose, because he kept my commandments and my statutes:
1Kgs	11	35	וְלָקַחְתִּי הַמְּלוּכָה מִיַּד בְּנוֹ וּנְתַתִּיהָ לְּךָ אֵת עֲשֶׂרֶת הַשְּׁבָטִים ׃	καὶ λήμψομαι τὴν βασιλείαν έκ χειρὸς τοῦ υἱοῦ αὐτοῦ, καὶ δώσω σοι τὰ δέκα σκῆπτρα·	auferam autem regnum de manu filii eius et dabo tibi decem tribus	Auferam autem regnum de manu filii ejus, et dabo tibi decem tribus:		But I will take the kingdom out of his son's hand, and will give it unto thee, even ten tribes.
1Kgs	11	36	וְלִבְנוֹ אֶתֵּן שֵׁבֶט־אֶחָד לְמַעַן הֱיוֹת־נִיר לְדָוִיד־עַבְדִּי כָּל־הַיָּמִים לְפָנַי בִּירוּשָׁלַםִ הָעִיר אֲשֶׁר בָּחַרְתִּי לִי לָשׂוּם שְׁמִי שָׁם ׃	τῷ δὲ υἱῷ αὐτοῦ δώσω τὰ δύο σκῆπτρα, ὅπως ᾖ θέσις τῷ δούλῳ μου Δαυεὶδ πάσας τὰς ἡμέρας ἐνώπιον ἐμοῦ ἐν Ἰερουσαλὴμ τῇ πόλει, ᾖ ἐξελεξάμην ἐμαυτῷ τοῦ θέσθαι ὄνομά μου ἐκεῖ.	filio autem eius dabo tribum unam ut remaneat lucerna David servo meo cunctis diebus coram me in Hierusalem civitatem quam elegi ut esset nomen meum ibi	filio autem ejus dabo tribum unam, ut remaneat lucerna David servo meo cunctis diebus coram me in Jerusalem civitate, quam elegi ut esset nomen meum ibi.		And unto his son will I give one tribe, that David my servant may have a light alway before me in Jerusalem, the city which I have chosen me to put my name there.
1Kgs	11	37	וְאֹתְךָ אֶקַּח וּמָלַכְתָּ בְּכֹל אֲשֶׁר־תְּאַוֶּה נַפְשֶׁךָ וְהָיִיתָ מֶּלֶךְ עַל־יִשְׂרָאֵל ׃	καὶ σὲ λήμψομαι καὶ βασιλεύσεις ἐν οἶς ἐπιθυμεῖ ἡ ψυχή σου, καὶ σὺ ἔσῃ βασιλεὺς ἐπὶ τὸν Ἰσραήλ.	te autem adsumam et regnabis super omnia quae desiderat anima tua erisque rex super Israhel	Te autem assumam, et regnabis super omnia quæ desiderat anima tua, erisque rex super Israël.		And I will take thee, and thou shalt reign according to all that thy soul desireth, and shalt be king over Israel.
1Kgs	11	38	וְהָיָה אִם־תִּשְׁמַע אֶת־כָּל־אֲשֶׁר אֲצַוֶּךָ וְהָלַכְתָּ בִדְרָכַי וְעָשִׂיתָ הַיָּשָׁר בְּעֵינַי לִשְׁמוֹר חֻקּוֹתַי וּמִצְוֹתַי כַּאֲשֶׁר עָשָׂה דָּוִד עַבְדִּי וְהָיִיתִי עִמָּךְ וּבָנִיתִי לְךָ בַיִת־נֶאֱמָן כַּאֲשֶׁר בָּנִיתִי לְדָוִד וְנָתַתִּי לְךָ אֶת־יִשְׂרָאֵל ׃	καὶ ἔσται ἐὰν ξυλάξῃς πάντα ὄσα ἂν ἐντείλωμαί σοι καὶ πορευθῇς ἐν ταῖς ὁδοῖς μου, καὶ ποιήσῃς τὸ εὐθὲς ἐνώπιον ἐμοῦ τοῦ φυλάξασθαι τὰς έντολάς μου καὶ τὰ προστάγματά μου καθὼς ἐποίησεν Δαυεὶδ ὁ δοῦλός μου·	si igitur audieris omnia quae praecepero tibi et ambulaveris in viis meis et feceris quod rectum est coram me custodiens mandata mea et praecepta mea sicut fecit David servus meus ero tecum et aedificabo tibi domum fidelem quomodo aedificavi David et tradam tibi Israhel	Si igitur audieris omnia quæ præcepero tibi, et ambulaveris in viis meis, et feceris quod rectum est coram me, custodiens mandata mea et præcepta mea, sicut fecit David servus meus: ero tecum, et ædificabo tibi domum fidelem, quomodo ædificavi David domum: et tradam tibi Israël:		And it shall be, if thou wilt hearken unto all that I command thee, and wilt walk in my ways, and do that is right in my sight, to keep my statutes and my commandments, as David my servant did; that I will be with thee, and build thee a sure house, as I built for David, and will give Israel unto thee.
1Kgs	11	39	וַאעַנֶּה אֶת־זֶרַע דָּוִד לְמַעַן זֹאת אַךְ לֹא כָל־הַיָּמִים ׃ ס	καὶ ἕσομαι μετὰ σοῦ καὶ οἰκοδομήσω σοι οἶκον πιστὸν καθὼς οἰκοδόμησα τῷ Δαυείδ.	et adfligam semen David super hoc verumtamen non cunctis diebus	et affligam semen David super hoc, verumtamen non cunctis diebus.		And I will for this afflict the seed of David, but not for ever.
1Kgs	11	40	וַיְבַקֵּשׁ שְׁלֹמֹה לְהָמִית אֶת־יָרָבְעָם וַיָּקָם יָרָבְעָם וַיִּבְרַח מִצְרַיִם אֶל־שִׁישַׁק מֶלֶךְ־מִצְרַיִם וַיְהִי בְמִצְרַיִם עַד־מוֹת שְׁלֹמֹה ׃	καὶ ἐξήτησεν Σαλωμὼν θανατῶσαι τὸν Ἰεροβοάμ· καὶ ἀνέστη καὶ άπέστη καὶ ἀπέδρα εἰς Αἵγυπτον πρὸς Σουσακεὶμ βασιλέα Αἰγύπτου, καὶ ἦν ἐν Αἰγύπτῳ ἔως οὖ ἀπέθανεν Σαλωμών.	voluit ergo Salomon interficere Hieroboam qui surrexit et aufugit in Aegyptum ad Susac regem Aegypti et fuit in Aegypto usque ad mortem Salomonis	Voluit ergo Salomon interficere Jeroboam: qui surrexit, et aufugit in Ægyptum ad Sesac regem Ægypti, et fuit in Ægypto usque ad mortem Salomonis.		Solomon sought therefore to kill Jeroboam. And Jeroboam arose, and fled into Egypt, unto Shishak king of Egypt, and was in Egypt until the death of Solomon.
1Kgs	11	41	וְיֶתֶר דִּבְרֵי שְׁלֹמֹה וְכָל־אֲשֶׁר עָשָׂה וְחָכְמָתוֹ הֲלוֹא־הֵם כְּתֻבִים עַל־סֵפֶר דִּבְרֵי שְׁלֹמֹה ׃	καὶ τὰ λοιπὰ τὼν ῥημάτων Σαλωμὼν καὶ πάντα ὄσα ἐποίησεν καὶ πᾶσαν τὴν φρόνησιν αὐτοῦ, οὐκ ἰδοὺ ταῦτα γέγραπται έν βιβλίῳ ῥημάτων Σαλωμών;	reliquum autem verborum Salomonis et omnia quae fecit et sapientia eius ecce universa scripta sunt in libro verborum Salomonis	Reliquum autem verborum Salomonis, et omnia quæ fecit, et sapientia ejus, ecce universa scripta sunt in libro verborum dierum Salomonis.		And the rest of the acts of Solomon, and all that he did, and his wisdom, are they not written in the book of the acts of Solomon?
1Kgs	11	42	וְהַיָּמִים אֲשֶׁר מָלַךְ שְׁלֹמֹה בִירוּשָׁלַםִ עַל־כָּל־יִשְׂרָאֵל אַרְבָּעִים שָׁנָה ׃	καὶ αἱ ἡμέραι ἃς ἐβασίλευσεν Σαλωμὼν ἐν Ἰερουσαλὴμ τεσσεράκοντα ἔτη.	dies autem quos regnavit Salomon in Hierusalem super omnem Israhel quadraginta anni sunt	Dies autem quos regnavit Salomon in Jerusalem super omnem Israël, quadraginta anni sunt.		And the time that Solomon reigned in Jerusalem over all Israel was forty years.
1Kgs	11	43	וַיִּשְׁכַּב שְׁלֹמֹה עִם־אֲבֹתָיו וַיִּקָּבֵר בְּעִיר דָּוִד אָבִיו וַיִּמְלֹךְ רְחַבְעָם בְּנוֹ תַּחְתָּיו ׃ ס	καὶ ἐκοιμήθη Σαλμὼν μετὰ τῶν πατέρων αὐτοῦ, καὶ ἕθαψαν αὐτὸν ἐν πόλει Δαυεὶδ τοῦ πατρὸς αὐτοῦ. καὶ ἐγενἠθη ὡς ἤκουσεν Ἰεροβοὰμ υἱὸς Ναβάτ, καὶ αύτοῦ ἔτι ὄντος ἐν Αἰγύπτῳ, ὡς ἔφυγεν ἐκ προςώπου Σαλωμὼν καὶ ἐκάθητο ἐν Αἰγύπτῳ, κατευθύνειν· καὶ ἔρχεται εἰς τὴν πόλιν αὐτοῦ εἰς τὴν γῆν Σαρειρὰ τὴν ἐν ὄρει Ἐφράιμ. καὶ ὁ βασιλεὺς Σαλωμὼν ἐκοιμήθη μετὰ τῶν πατέρων αὐτοῦ, καὶ ἐβαςίλευσεν Ῥοβοὰμ υἱὸς αὐτοῦ ἀντ’ αὐτοῦ.	dormivitque Salomon cum patribus suis et sepultus est in civitate David patris sui regnavitque Roboam filius eius pro eo	Dormivitque Salomon cum patribus suis, et sepultus est in civitate David patris sui: regnavitque Roboam filius ejus pro eo.		And Solomon slept with his fathers, and was buried in the city of David his father: and Rehoboam his son reigned in his stead.
1Kgs	12	1	וַיֵּלֶךְ רְחַבְעָם שְׁכֶם כִּי שְׁכֶם בָּא כָל־יִשְׂרָאֵל לְהַמְלִיךְ אֹתוֹ ׃	Καὶ πορεύεται βασιλεὺς Ῥοβοὰμ εἰς Σίκιμα, ὅτι εἰς Σίκιμα ἤρχοντο πᾶς ἰσραὴλ βασιλεῦσαι αὐτόν.	venit autem Roboam in Sychem illuc enim congregatus erat omnis Israhel ad constituendum eum regem	Venit autem Roboam in Sichem: illuc enim congregatus erat omnis Israël ad constituendum eum regem.		And Rehoboam went to Shechem: for all Israel were come to Shechem to make him king.
1Kgs	12	2	וַיְהִי כִּשְׁמֹעַ יָרָבְעָם בֶּן־נְבָט וְהוּא עוֹדֶנּוּ בְמִצְרַיִם אֲשֶׁר בָּרַח מִפְּנֵי הַמֶּלֶךְ שְׁלֹמֹה וַיֵּשֶׁב יָרָבְעָם בְּמִצְרָיִם ׃		at Hieroboam filius Nabath cum adhuc esset in Aegypto profugus a facie regis Salomonis audita morte eius reversus est de Aegypto	At vero Jeroboam filius Nabat, cum adhuc esset in Ægypto profugus a facie regis Salomonis, audita morte ejus, reversus est de Ægypto.		And it came to pass, when Jeroboam the son of Nebat, who was yet in Egypt, heard of it, (for he was fled from the presence of king Solomon, and Jeroboam dwelt in Egypt;)
1Kgs	12	3	וַיִּשְׁלְחוּ וַיִּקְרְאוּ־לוֹ וַיָּבֹאוּ יָרָבְעָם וְכָל־קְהַל יִשְׂרָאֵל וַיְדַבְּרוּ אֶל־רְחַבְעָם לֵאמֹר ׃	καὶ ἐλάλησεν ὁ λαὸς πρὸς τὸν βασιλέα Ῥοβοὰμ λέγοντες	miseruntque et vocaverunt eum venit ergo Hieroboam et omnis multitudo Israhel et locuti sunt ad Roboam dicentes	Miseruntque et vocaverunt eum: venit ergo Jeroboam, et omnis multitudo Israël, et locuti sunt ad Roboam, dicentes:		That they sent and called him. And Jeroboam and all the congregation of Israel came, and spake unto Rehoboam, saying,
1Kgs	12	4	אָבִיךָ הִקְשָׁה אֶת־עֻלֵּנוּ וְאַתָּה עַתָּה הָקֵל מֵעֲבֹדַת אָבִיךָ הַקָּשָׁה וּמֵעֻלּוֹ הַכָּבֵד אֲשֶׁר־נָתַן עָלֵינוּ וְנַעַבְדֶךָּ ׃	Ὁ πατήρ σου ἐβάρυνεν τὸν κλοιὸν ἡμῶν· καὶ σὺ νῦν κούφισον ἀπὸ τῆς δουλείας τοῦ πατρός σου τῆς σκληρᾶς καὶ ἀπὸ τοῦ κλοιοῦ αὐτοῦ τοῦ βαρέως οὗ ἔδωκεν ἐφ’ ἡμᾶς, καὶ δουλεύσομέν σοι.	pater tuus durissimum iugum inposuit nobis tu itaque nunc inminue paululum de imperio patris tui durissimo et de iugo gravissimo quod inposuit nobis et serviemus tibi	Pater tuus durissimum jugum imposuit nobis: tu itaque nunc imminue paululum de imperio patris tui durissimo, et de jugo gravissimo quod imposuit nobis, et serviemus tibi.		Thy father made our yoke grievous: now therefore make thou the grievous service of thy father, and his heavy yoke which he put upon us, lighter, and we will serve thee.
1Kgs	12	5	וַיֹּאמֶר אֲלֵיהֶם לְכוּ עֹד שְׁלֹשָׁה יָמִים וְשׁוּבוּ אֵלָי וַיֵּלְכוּ הָעָם ׃	καὶ εἶπεν πρὸς αὐτούς Ἀπέλθετε ἕως ἡμερῶν τριῶν, καὶ ἀναστρέψατε πρὸς μέ· καὶ ἀπῆλθον.	qui ait eis ite usque ad tertium diem et revertimini ad me cumque abisset populus	Qui ait eis: Ite usque ad tertium diem, et revertimini ad me. Cumque abiisset populus,		And he said unto them, Depart yet for three days, then come again to me. And the people departed.
1Kgs	12	6	וַיִּוָּעַץ הַמֶּלֶךְ רְחַבְעָם אֶת־הַזְּקֵנִים אֲשֶׁר־הָיוּ עֹמְדִים אֶת־פְּנֵי שְׁלֹמֹה אָבִיו בִּהְיֹתוֹ חַי לֵאמֹר אֵיךְ אַתֶּם נוֹעָצִים לְהָשִׁיב אֶת־הָעָם־הַזֶּה דָּבָר ׃	καὶ παρήγγειλεν ὁ βασιλεὺς τοῖς πρεσβυτέροις, οἳ ἦσαν παρεστῶτες ἐνώπιον Σαλωμὼν τοῦ πατρὸς αὐτοῦ ἔτι ζῶντος αὐτοῦ, λέγων Πῶς ὑμεῖς βουλεύεσθε καὶ ἀποκριθῶ τῷ τούτῳ λόγον;	iniit consilium rex Roboam cum senibus qui adsistebant coram Salomone patre eius dum adviveret et ait quod mihi datis consilium ut respondeam populo	iniit consilium rex Roboam cum senioribus qui assistebant coram Salomone patre ejus cum adhuc viveret, et ait: Quod datis mihi consilium, ut respondeam populo huic?		And king Rehoboam consulted with the old men, that stood before Solomon his father while he yet lived, and said, How do ye advise that I may answer this people?
1Kgs	12	7	וַיְדַבֵּר אֵלָיו לֵאמֹר אִם־הַיּוֹם תִּהְיֶה־עֶבֶד לָעָם הַזֶּה וַעֲבַדְתָּם וַעֲנִיתָם וְדִבַּרְתָּ אֲלֵיהֶם דְּבָרִים טוֹבִים וְהָיוּ לְךָ עֲבָדִים כָּל־הַיָּמִים ׃	καὶ ἐλάλησαν πρὸς αὐτὸν λέγοντες Εἰ ἐν τῇ ἡμέρᾳ ταύτῃ ἔσῃ δοῦλος τῷ λαῷ τούτῳ, καὶ δουλεύσῃς αὐτοῖς καὶ λαλήσῃς αὐτοῖς λόγους ἀγαθούς, καὶ ἔσονταί σοι δοῦλοι πάσας τὰς ἡμέρας.	qui dixerunt ei si hodie oboedieris populo huic et servieris et petitioni eorum cesseris locutusque fueris ad eos verba lenia erunt tibi servi cunctis diebus	Qui dixerunt ei: Si hodie obedieris populo huic, et servieris, et petitioni eorum cesseris, locutusque fueris ad eos verba lenia, erunt tibi servi cunctis diebus.		And they spake unto him, saying, If thou wilt be a servant unto this people this day, and wilt serve them, and answer them, and speak good words to them, then they will be thy servants for ever.
1Kgs	12	8	וַיַּעֲזֹב אֶת־עֲצַת הַזְּקֵנִים אֲשֶׁר יְעָצֻהוּ וַיִּוָּעַץ אֶת־הַיְלָדִים אֲשֶׁר גָּדְלוּ אִתּוֹ אֲשֶׁר הָעֹמְדִים לְפָנָיו ׃	καὶ ἐνκατέλιπεν τὴν βουλὴν τῶν πρεσβυτέρων ἃ συνεβουλεύσαντο αὐτῷ, καὶ συνεβουλεύσατο μετὰ τῶν παιδαρίων τῶν ἐκτραφέντων μετ’ αὐτοῦ τῶν παρεστηκότων πρὸ προςώπου αὐτοῦ	qui dereliquit consilium senum quod dederant ei et adhibuit adulescentes qui nutriti fuerant cum eo et adsistebant illi	Qui dereliquit consilium senum, quod dederant ei, et adhibuit adolescentes, qui nutriti fuerant cum eo, et assistebant illi,		But he forsook the counsel of the old men, which they had given him, and consulted with the young men that were grown up with him, and which stood before him:
1Kgs	12	9	וַיֹּאמֶר אֲלֵיהֶם מָה אַתֶּם נוֹעָצִים וְנָשִׁיב דָּבָר אֶת־הָעָם הַזֶּה אֲשֶׁר דִּבְּרוּ אֵלַי לֵאמֹר הָקֵל מִן־הָעֹל אֲשֶׁר־נָתַן אָבִיךָ עָלֵינוּ ׃	καὶ εἶπεν αὐτοῖς Τί ὑμεῖς συμβουλεύετε; καὶ τί ἀποκριθῶ τῷ λαῷ τούτῶ τοῖς λέγουσι πρὸς μὲ λεγόντων Κούφισον ἀπὸ τοῦ κλοιοῦ οὗ ἔδωκεν ὁ πατήρ σου ἐφ’ ἡμᾶς;	dixitque ad eos quod mihi datis consilium ut respondeam populo huic qui dixerunt mihi levius fac iugum quod inposuit pater tuus super nos	dixitque ad eos: Quod mihi datis consilium, ut respondeam populo huic, qui dixerunt mihi: Levius fac jugum quod imposuit pater tuus super nos?		And he said unto them, What counsel give ye that we may answer this people, who have spoken to me, saying, Make the yoke which thy father did put upon us lighter?
1Kgs	12	10	וַיְדַבְּרוּ אֵלָיו הַיְלָדִים אֲשֶׁר גָּדְלוּ אִתּוֹ לֵאמֹר כֹּה־תֹאמַר לָעָם הַזֶּה אֲשֶׁר דִּבְּרוּ אֵלֶיךָ לֵאמֹר אָבִיךָ הִכְבִּיד אֶת־עֻלֵּנוּ וְאַתָּה הָקֵל מֵעָלֵינוּ כֹּה תְּדַבֵּר אֲלֵיהֶם קָטָנִּי עָבָה מִמָּתְנֵי אָבִי ׃	καὶ ἐλάλησαν πρὸς αὐτὸν τὰ παιδάρια τὰ ἐκτραφέντα μετ’ αὐτοῦ, οἱ παρεστηκότες πρὸ προσώπου αὐτοῦ, λέγοντες Τάδε λαλήσεις τῷ λαῷ τούτῳ τοῖς λαλήσασι πρὸς σὲ λέγοντες Ὁ πατήρ σου ἐβάρυνεν τὸν κλοιὸν ἡμῶν, καὶ σὺ νῦν κούφισον ἀφ’ ἡμῶν· τάδε λαλήσεις πρὸς αὐτούς Ἡ μικρότης μου παχυτέρα τῆς ὀσφύος τοῦ πατρός μου.	et dixerunt ei iuvenes qui nutriti fuerant cum eo sic loquere populo huic qui locuti sunt ad te dicentes pater tuus adgravavit iugum nostrum tu releva nos sic loqueris ad eos minimus digitus meus grossior est dorso patris mei	Et dixerunt ei juvenes qui nutriti fuerant cum eo: Sic loqueris populo huic, qui locuti sunt ad te, dicentes: Pater tuus aggravavit jugum nostrum: tu releva nos. Sic loqueris ad eos: Minimus digitus meus grossior est dorso patris mei.		And the young men that were grown up with him spake unto him, saying, Thus shalt thou speak unto this people that spake unto thee, saying, Thy father made our yoke heavy, but make thou it lighter unto us; thus shalt thou say unto them, My little finger shall be thicker than my father's loins.
1Kgs	12	11	וְעַתָּה אָבִי הֶעְמִיס עֲלֵיכֶם עֹל כָּבֵד וַאֲנִי אוֹסִיף עַל־עֻלְּכֶם אָבִי יִסַּר אֶתְכֶם בַּשּׁוֹטִים וַאֲנִי אֲיַסֵּר אֶתְכֶם בָּעַקְרַבִּים ׃	καὶ νῦν ὁ πατήρ μου ἐπεςάσσετο ὑμᾶς κλοιῷ βαρεῖ, κἀγὼ προσθήσω ἐπὶ τὸν κλοιὸν ὑμῶν· ὁ πατήρ μου ἐπαίδευσεν ὑμᾶς ἐν μάστιγξιν, ἐγὼ δὲ παιδεύσω ὑμᾶς ἐν σκορπίοις.	et nunc pater meus posuit super vos iugum grave ego autem addam super iugum vestrum pater meus cecidit vos flagellis ego autem caedam scorpionibus	Et nunc pater meus posuit super vos jugum grave, ego autem addam super jugum vestrum: pater meus cecidit vos flagellis, ego autem cædam vos scorpionibus.		And now whereas my father did lade you with a heavy yoke, I will add to your yoke: my father hath chastised you with whips, but I will chastise you with scorpions.
1Kgs	12	12	וַיָּבוֹ יָרָבְעָם וְכָל־הָעָם אֶל־רְחַבְעָם בַּיּוֹם הַשְּׁלִישִׁי כַּאֲשֶׁר דִּבֶּר הַמֶּלֶךְ לֵאמֹר שׁוּבוּ אֵלַי בַּיּוֹם הַשְּׁלִישִׁי ׃	καὶ παρεγένοντο πᾶς Ἰσραὴλ πρὸς τὸν βασιλὲα Ῥοβοὰμ ἐν τῇ ἡμέρᾳ τῇ τρίτῃ, καθότι ἐλάλησεν αὐτοῖς ὁ βασιλεὺς λέγων Ἀναστράφητε πρὸς μὲ τῇ ἡμέρᾳ τῇ τρίτῃ.	venit ergo Hieroboam et omnis populus ad Roboam die tertia sicut locutus fuerat rex dicens revertimini ad me die tertia	Venit ergo Jeroboam et omnis populus ad Roboam die tertia, sicut locutus fuerat rex, dicens: Revertimini ad me die tertia.		So Jeroboam and all the people came to Rehoboam the third day, as the king had appointed, saying, Come to me again the third day.
1Kgs	12	13	וַיַּעַן הַמֶּלֶךְ אֶת־הָעָם קָשָׁה וַיַּעֲזֹב אֶת־עֲצַת הַזְּקֵנִים אֲשֶׁר יְעָצֻהוּ ׃	καὶ ἀπεκρίθη ὁ βασιλεὺς πρὸς τὸν λαὸν σκληρά, καὶ ἐνκατέλιπεν Ῥοβοὰμ τὴν βουλὴν τῶν πρεσβυτέρων ἃ συνεβουλεύσαντο αὐτῷ,	responditque rex populo dura derelicto consilio seniorum quod ei dederant	Responditque rex populo dura, derelicto consilio seniorum quod ei dederant,		And the king answered the people roughly, and forsook the old men's counsel that they gave him;
1Kgs	12	14	וַיְדַבֵּר אֲלֵיהֶם כַּעֲצַת הַיְלָדִים לֵאמֹר אָבִי הִכְבִּיד אֶת־עֻלְּכֶם וַאֲנִי אֹסִיף עַל־עֻלְּכֶם אָבִי יִסַּר אֶתְכֶם בַּשּׁוֹטִים וַאֲנִי אֲיַסֵּר אֶתְכֶם בָּעַקְרַבִּים ׃	καὶ ἐλάλησεν πρὸς αὐτοὺς κατὰ τὴν βουλὴν τῶν παιδαρίων λέγων Ὁ πατήρ μου ἐβάρυνεν τὸν κλοιὸν ὑμῶν, κἀγὼ προσθήσω ἐπὶ τὸν κλοιὸν ὑμῶν· ὁ πατήρ μου ἐπαίδευσεν ὑμᾶς μάστιγξιν, κἀγὼ παιδεύσω ὑμᾶς ἐν σκορπίοις.	et locutus est eis secundum consilium iuvenum dicens pater meus adgravavit iugum vestrum ego autem addam iugo vestro pater meus cecidit vos flagellis et ego caedam scorpionibus	et locutus est eis secundum consilium juvenum, dicens: Pater meus aggravavit jugum vestrum, ego autem addam jugo vestro: pater meus cecidit vos flagellis, ego autem cædam vos scorpionibus.		And spake to them after the counsel of the young men, saying, My father made your yoke heavy, and I will add to your yoke: my father also chastised you with whips, but I will chastise you with scorpions.
1Kgs	12	15	וְלֹא־שָׁמַע הַמֶּלֶךְ אֶל־הָעָם כִּי־הָיְתָה סִבָּה מֵעִם יְהוָה לְמַעַן הָקִים אֶת־דְּבָרוֹ אֲשֶׁר דִּבֶּר יְהוָה בְּיַד אֲחִיָּה הַשִּׁילֹנִי אֶל־יָרָבְעָם בֶּן־נְבָט ׃	καὶ οὐκ ἤκουσεν ὁ βασιλεὺς τοῦ λαοῦ, ὅτι ἦν μεταστροφὴ παρὰ Κυρίου, ὅπως στήσῃ τὸ ἡῆμα αὐτοῦ ὃ ἐλάλησεν ἐν χειρὶ Ἀχειὰ τοῦ Σηλωνείτου περὶ Ἰεροβοὰμ οἱοῦ Ναβάτ.	et non adquievit rex populo quoniam aversatus eum fuerat Dominus ut suscitaret verbum suum quod locutus fuerat in manu Ahiae Silonitae ad Hieroboam filium Nabath	Et non acquievit rex populo: quoniam aversatus fuerat eum Dominus, ut suscitaret verbum suum quod locutus fuerat in manu Ahiæ Silonitæ, ad Jeroboam filium Nabat.		Wherefore the king hearkened not unto the people; for the cause was from the Lord, that he might perform his saying, which the Lord spake by Ahijah the Shilonite unto Jeroboam the son of Nebat.
1Kgs	12	16	וַיַּרְא כָּל־יִשְׂרָאֵל כִּי לֹא־שָׁמַע הַמֶּלֶךְ אֲלֵיהֶם וַיָּשִׁבוּ הָעָם אֶת־הַמֶּלֶךְ דָּבָר לֵאמֹר מַה־לָּנוּ חֵלֶק בְּדָוִד וְלֹא־נַחֲלָה בְּבֶן־יִשַׁי לְאֹהָלֶיךָ יִשְׂרָאֵל עַתָּה רְאֵה בֵיתְךָ דָּוִד וַיֵּלֶךְ יִשְׂרָאֵל לְאֹהָלָיו ׃	καὶ εἶδον πᾶς Ἰσραὴλ ὅτι οὐκ ἤκουσεν ὁ βασιλεὺς αὐτῶν·	videns itaque populus quod noluisset eos audire rex respondit ei dicens quae nobis pars in David vel quae hereditas in filio Isai in tabernacula tua Israhel nunc vide domum tuam David et abiit Israhel in tabernacula sua	Videns itaque populus quod noluisset eos audire rex, respondit ei dicens: Quæ nobis pars in David? vel quæ hæreditas in filio Isai? vade in tabernacula tua, Israël: nunc vide domum tuam, David. Et abiit Israël in tabernacula sua.		So when all Israel saw that the king hearkened not unto them, the people answered the king, saying, What portion have we in David? neither have we inheritance in the son of Jesse: to your tents, O Israel: now see to thine own house, David. So Israel departed unto their tents.
1Kgs	12	17	וּבְנֵי יִשְׂרָאֵל הַיֹּשְׁבִים בְּעָרֵי יְהוּדָה וַיִּמְלֹךְ עֲלֵיהֶם רְחַבְעָם ׃ פ	καὶ ἀπεκρίθη ὁ λαὸς τῷ βασιλεῖ λέγων Τίς ἡμῖν μερὶς ἐν Δαυείθ; καὶ οὐκ ἔστιν ἡμῖν κληρονομία ἐν οἱῷ Ἰεσσαί. ἀπότρεχε, Ἰσραήλ, εἰς τὰ σκηνώματά σου· νῦν βόσκε τὸν οἶκόν σου, Δαυείδ. καὶ ἀπῆλθεν Ἰσραὴλ εἰς τὰ σκηνώματα αὐτοῦ.	super filios autem Israhel quicumque habitabant in civitatibus Iuda regnavit Roboam	Super filios autem Israël, quicumque habitabant in civitatibus Juda, regnavit Roboam.		But as for the children of Israel which dwelt in the cities of Judah, Rehoboam reigned over them.
1Kgs	12	18	וַיִּשְׁלַח הַמֶּלֶךְ רְחַבְעָם אֶת־אֲדֹרָם אֲשֶׁר עַל־הַמַּס וַיִּרְגְּמוּ כָל־יִשְׂרָאֵל בּוֹ אֶבֶן וַיָּמֹת וְהַמֶּלֶךְ רְחַבְעָם הִתְאַמֵּץ לַעֲלוֹת בַּמֶּרְכָּבָה לָנוּס יְרוּשָׁלִָם ׃	καὶ ἀπέστειλεν ὀ βασιλεὺς τὸν Ἀρὰμ τὸν ἐπὶ τοῦ φόρου, καὶ ἐλιθοβόλησαν αὐτὸν ἐν λίθοις καὶ ἀπέθανεν· καὶ ὁ βασιλεὺς Ῥοβοὰμ ἔφθασεν ἀναβῆναι τοῦ φυγεῖν εἰς Ἰερουσαλήμ.	misit igitur rex Roboam Aduram qui erat super tributum et lapidavit eum omnis Israhel et mortuus est porro rex Roboam festinus ascendit currum et fugit in Hierusalem	Misit ergo rex Roboam Aduram, qui erat super tributa: et lapidavit eum omnis Israël, et mortuus est. Porro rex Roboam festinus ascendit currum, et fugit in Jerusalem:		Then king Rehoboam sent Adoram, who was over the tribute; and all Israel stoned him with stones, that he died. Therefore king Rehoboam made speed to get him up to his chariot, to flee to Jerusalem.
1Kgs	12	19	וַיִּפְשְׁעוּ יִשְׂרָאֵל בְּבֵית דָּוִד עַד הַיּוֹם הַזֶּה ׃ ס	καὶ ἠθέτησεν Ἰσραὴλ εἰς τὸν οἶκον Δαυεὶδ ἕως τῆς ἡμέρας ταύτης.	recessitque Israhel a domo David usque in praesentem diem	recessitque Israël a domo David usque in præsentem diem.		So Israel rebelled against the house of David unto this day.
1Kgs	12	20	וַיְהִי כִּשְׁמֹעַ כָּל־יִשְׂרָאֵל כִּי־שָׁב יָרָבְעָם וַיִּשְׁלְחוּ וַיִּקְרְאוּ אֹתוֹ אֶל־הָעֵדָה וַיַּמְלִיכוּ אֹתוֹ עַל־כָּל־יִשְׂרָאֵל לֹא הָיָה אַחֲרֵי בֵית־דָּוִד זוּלָתִי שֵׁבֶט־יְהוּדָה לְבַדּוֹ ׃	καὶ ἐγένετο ὡς ἢκουσεν πᾶς Ἰσραὴλ ὅτι ἀνέκαμψεν Ῥοβοάμ, καὶ ἀπέστειλεν καὶ ἐκάλεσεν αὐτὸν εἰς τὴν συναγωγήν, καὶ ἐβασίλευσαν αὐτὸν ἐπὶ Ἰσραήλ. καὶ οὐκ ὀπίσω Δαυεὶδ παρὲξ σκήπτρου Ἰούδα καὶ Βενιαμείν, μόνοι.	factum est autem cum audisset omnis Israhel quod reversus esset Hieroboam miserunt et vocaverunt eum congregato coetu et constituerunt regem super omnem Israhel nec secutus est quisquam domum David praeter tribum Iuda solam	Factum est autem cum audisset omnis Israël quod reversus esset Jeroboam, miserunt, et vocaverunt eum congregato cœtu, et constituerunt eum regem super omnem Israël: nec secutus est quisquam domum David præter tribum Juda solam.		And it came to pass, when all Israel heard that Jeroboam was come again, that they sent and called him unto the congregation, and made him king over all Israel: there was none that followed the house of David, but the tribe of Judah only.
1Kgs	12	21	וַיָּבֹאוּ רְחַבְעָם יְרוּשָׁלַםִ וַיַּקְהֵל אֶת־כָּל־בֵּית יְהוּדָה וְאֶת־שֵׁבֶט בִּנְיָמִן מֵאָה וּשְׁמֹנִים אֶלֶף בָּחוּר עֹשֵׂה מִלְחָמָה לְהִלָּחֵם עִם־בֵּית יִשְׂרָאֵל לְהָשִׁיב אֶת־הַמְּלוּכָה לִרְחַבְעָם בֶּן־שְׁלֹמֹה ׃ פ	Καὶ Ῥοβοὰμ εἰσῆλθεν εἰς Ἰερουσαλήμ, καὶ ἐξεκλησίασεν τὴν συναγωγὴν Ἰούδα καὶ σκῆπτρον Βεναμείν, ἑκατὸν καὶ εἴκοσι χιλιάδες νεανιῶν ποιούντων πόλεμον, τοῦ πολεμεῖν πρὸς οἶκον Ἰσραήλ, ἐπιστρέψαι τὴν βασιλείαν Ῥοβοὰμ υἱῷ Σαλωών.	venit autem Roboam Hierusalem et congregavit universam domum Iuda et tribum Beniamin centum octoginta milia electorum virorum et bellatorum ut pugnaret contra domum Israhel et reduceret regnum Roboam filio Salomonis	Venit autem Roboam Jerusalem, et congregavit universam domum Juda, et tribum Benjamin, centum octoginta millia electorum virorum bellatorum, ut pugnarent contra domum Israël, et reducerent regnum Roboam filio Salomonis.		And when Rehoboam was come to Jerusalem, he assembled all the house of Judah, with the tribe of Benjamin, an hundred and fourscore thousand chosen men, which were warriors, to fight against the house of Israel, to bring the kingdom again to Rehoboam the son of Solomon.
1Kgs	12	22	וַיְהִי דְּבַר הָאֱלֹהִים אֶל־שְׁמַעְיָה אִישׁ־הָאֱלֹהִים לֵאמֹר ׃	καὶ ἐγένετο λόγος Κυρίου πρὸς Σαμαίαν ἄνθρωπον τοῦ θεοῦ λέγων	factus est vero sermo Domini ad Semeiam virum Dei dicens	Factus est autem sermo Domini ad Semeiam virum Dei, dicens:		But the word of God came unto Shemaiah the man of God, saying,
1Kgs	12	23	אֱמֹר אֶל־רְחַבְעָם בֶּן־שְׁלֹמֹה מֶלֶךְ יְהוּדָה וְאֶל־כָּל־בֵּית יְהוּדָה וּבִנְיָמִין וְיֶתֶר הָעָם לֵאמֹר ׃	Εἰπὸν τῷ Ῥοβοὰμ υἱῷ Σαλωμὼν βασιλεῖ Ἰούδα καὶ πρὸς πάντα οἶκον Ἰούδα καὶ Βενιαμεὶν καὶ τῷ καταλοίπῳ τοῦ λαοῦ λέγων	loquere ad Roboam filium Salomonis regem Iuda et ad omnem domum Iuda et Beniamin et reliquos de populo dicens	Loquere ad Roboam filium Salomonis regem Juda, et ad omnem domum Juda, et Benjamin, et reliquos de populo, dicens:		Speak unto Rehoboam, the son of Solomon, king of Judah, and unto all the house of Judah and Benjamin, and to the remnant of the people, saying,
1Kgs	12	24	כֹּה אָמַר יְהוָה לֹא־תַעֲלוּ וְלֹא־תִלָּחֲמוּן עִם־אֲחֵיכֶם בְּנֵי־יִשְׂרָאֵל שׁוּבוּ אִישׁ לְבֵיתוֹ כִּי מֵאִתִּי נִהְיָה הַדָּבָר הַזֶּה וַיִּשְׁמְעוּ אֶת־דְּבַר יְהוָה וַיָּשֻׁבוּ לָלֶכֶת כִּדְבַר יְהוָה ׃ ס	Τάδε λέγει Κύριος Οὐκ ἀναβήσεσθε οὐδὲ πολεμήσετε μετὰ τῶν ἀδελφῶν ὑμῶν υἰῶν Ἰσραήλ· ἀποστρεφέτω ἕκαστος εἰς τὸν οἶκον ἐαυτοῦ, ὅτι παρ’ ἐμοῦ γέγονεν τὸ ῥῆμα τοῦτο. καὶ ἤκουσαν τοῦ λόγου Κυρίου, καὶ κατέπαυσαν τοῦ πορευθῆναι κατὰ τὸ ῥῆμα Κυρίου.	haec dicit Dominus non ascendetis nec bellabitis contra fratres vestros filios Israhel revertatur vir in domum suam a me enim factum est verbum hoc audierunt sermonem Domini et reversi sunt de itinere sicut eis praeceperat Dominus	Hæc dicit Dominus: Non ascendetis, neque bellabitis contra fratres vestros filios Israël: revertatur vir in domum suam: a me enim factum est verbum hoc. Audierunt sermonem Domini, et reversi sunt de itinere, sicut eis præceperat Dominus.		Thus saith the Lord, Ye shall not go up, nor fight against your brethren the children of Israel: return every man to his house; for this thing is from me. They hearkened therefore to the word of the Lord, and returned to depart, according to the word of the Lord.
1Kgs	12	25	וַיִּבֶן יָרָבְעָם אֶת־שְׁכֶם בְּהַר אֶפְרַיִם וַיֵּשֶׁב בָּהּ וַיֵּצֵא מִשָּׁם וַיִּבֶן אֶת־פְּנוּאֵל ׃	Καὶ ᾠκοδόμησεν Ἰεροβοὰμ τὴν Σίκιμα τὴν ἐν ὂρει Ἐφράιμ, καὶ κατῴκει ἐν αὐτῷῇ· καὶ ἐξῆλθεν ἐκεῖθεν καὶ ᾠκοδόμησεν τὴν φανουήλ.	aedificavit autem Hieroboam Sychem in monte Ephraim et habitavit ibi et egressus inde aedificavit Phanuhel	Ædificavit autem Jeroboam Sichem in monte Ephraim, et habitavit ibi: et egressus inde ædificavit Phanuel.		Then Jeroboam built Shechem in mount Ephraim, and dwelt therein; and went out from thence, and built Penuel.
1Kgs	12	26	וַיֹּאמֶר יָרָבְעָם בְּלִבּוֹ עַתָּה תָּשׁוּב הַמַּמְלָכָה לְבֵית דָּוִד ׃	καὶ εἶπεν Ἰεροβοὰμ ἐν τῇ καρδίᾳ αὐτοῦ Ἰδοὺ νῦν ἐπιστρέψει ἡ βασιλεία ἐν οἲκῳ Δαυείδ·	dixitque Hieroboam in corde suo nunc revertetur regnum ad domum David	Dixitque Jeroboam in corde suo: Nunc revertetur regnum ad domum David,		And Jeroboam said in his heart, Now shall the kingdom return to the house of David:
1Kgs	12	27	אִם־יַעֲלֶה הָעָם הַזֶּה לַעֲשׂוֹת זְבָחִים בְּבֵית־יְהוָה בִּירוּשָׁלַםִ וְשָׁב לֵב הָעָם הַזֶּה אֶל־אֲדֹנֵיהֶם אֶל־רְחַבְעָם מֶלֶךְ יְהוּדָה וַהֲרָגֻנִי וְשָׁבוּ אֶל־רְחַבְעָם מֶלֶךְ־יְהוּדָה ׃	ἐὰν ἐναβῇ ὁ λαὸς οὗτος ἀναφέρειν θνςίαν ἐν οἲκῳ Κυρίου εἰς Ἰερουσαλήμ, καὶ ἐπιστραφήσεται καρδία τοῦ λαοῦ πρὸς Κύριον καὶ κύριον αὐτῶν, πρὸς Ῥοβοὰμ βασιλέα Ἰούδα, καὶ ἀποκτενοῦσίν με.	si ascenderit populus iste ut faciat sacrificia in domo Domini in Hierusalem et convertetur cor populi huius ad dominum suum Roboam regem Iuda interficientque me et revertentur ad eum	si ascenderit populus iste ut faciat sacrificia in domo Domini in Jerusalem: et convertetur cor populi hujus ad dominum suum Roboam regem Juda, interficientque me, et revertentur ad eum.		If this people go up to do sacrifice in the house of the Lord at Jerusalem, then shall the heart of this people turn again unto their lord, even unto Rehoboam king of Judah, and they shall kill me, and go again to Rehoboam king of Judah.
1Kgs	12	28	וַיִּוָּעַץ הַמֶּלֶךְ וַיַּעַשׂ שְׁנֵי עֶגְלֵי זָהָב וַיֹּאמֶר אֲלֵהֶם רַב־לָכֶם מֵעֲלוֹת יְרוּשָׁלַםִ הִנֵּה אֱלֹהֶיךָ יִשְׂרָאֵל אֲשֶׁר הֶעֱלוּךָ מֵאֶרֶץ מִצְרָיִם ׃	καὶ ἐβουλεύσατο ὁ βασιλεύς, καὶ ἐπορεύθη καὶ ἐποίησεν δύο δαμάλις χρυςᾶς, καὶ εἶπεν πρὸς τὸν λαόν Ἱκανούσθω ὐμῖν ἀναβαίνειν εἰς Ἰερουσαλήμ· ἰδοὺ θεοί σου, Ἰσραήλ, οἱ ἀναγαγόντες σε ἐκ γῆς Αἰγύπτου.	et excogitato consilio fecit duos vitulos aureos et dixit eis nolite ultra ascendere Hierusalem ecce dii tui Israhel qui eduxerunt te de terra Aegypti	Et excogitato consilio fecit duos vitulos aureos, et dixit eis: Nolite ultra ascendere in Jerusalem: ecce dii tui Israël, qui te eduxerunt de terra Ægypti.		Whereupon the king took counsel, and made two calves of gold, and said unto them, It is too much for you to go up to Jerusalem: behold thy gods, O Israel, which brought thee up out of the land of Egypt.
1Kgs	12	29	וַיָּשֶׂם אֶת־הָאֶחָד בְּבֵית־אֵל וְאֶת־הָאֶחָד נָתַן בְּדָן ׃	καὶ ἔθετο τὴν μίαν εἰς Βαιθήλ, καὶ τὴν μίαν ἔδωκεν ἐν Δάν.	posuitque unum in Bethel et alterum in Dan	Posuitque unum in Bethel, et alterum in Dan:		And he set the one in Bethel, and the other put he in Dan.
1Kgs	12	30	וַיְהִי הַדָּבָר הַזֶּה לְחַטָּאת וַיֵּלְכוּ הָעָם לִפְנֵי הָאֶחָד עַד־דָּן ׃	καὶ ἐγένετο ὁ λόηος οὖτος εἰς ἁμαρτίαν· τὴν ἐπορεύετο ὁ λαὸς πρὸ προςώπου τῆς μιᾶς ἕως Δάν.	et factum est verbum hoc in peccatum ibat enim populus ad adorandum vitulum usque in Dan	et factum est verbum hoc in peccatum: ibat enim populus ad adorandum vitulum usque in Dan.		And this thing became a sin: for the people went to worship before the one, even unto Dan.
1Kgs	12	31	וַיַּעַשׂ אֶת־בֵּית בָּמוֹת וַיַּעַשׂ כֹּהֲנִים מִקְצוֹת הָעָם אֲשֶׁר לֹא־הָיוּ מִבְּנֵי לֵוִי ׃	καὶ ἐποίησεν οἴκους ἐφ’ ὑψηλῶν, καὶ ἐποίησεν ἱερεῖς μέρος τι ἐκ τοῦ λαοῦ οἳ οὐκ ἦσαν ἐκ τῶν υἱῶν Λευεί.	et fecit fana in excelsis et sacerdotes de extremis populi qui non erant de filiis Levi	Et fecit fana in excelsis, et sacerdotes de extremis populi, qui non erant de filiis Levi.		And he made an house of high places, and made priests of the lowest of the people, which were not of the sons of Levi.
1Kgs	12	32	וַיַּעַשׂ יָרָבְעָם חָג בַּחֹדֶשׁ הַשְּׁמִינִי בַּחֲמִשָּׁה־עָשָׂר יוֹם לַחֹדֶשׁ כֶּחָג אֲשֶׁר בִּיהוּדָה וַיַּעַל עַל־הַמִּזְבֵּחַ כֵּן עָשָׂה בְּבֵית־אֵל לְזַבֵּחַ לָעֲגָלִים אֲשֶׁר־עָשָׂה וְהֶעֱמִיד בְּבֵית אֵל אֶת־כֹּהֲנֵי הַבָּמוֹת אֲשֶׁר עָשָׂה ׃	καὶ ἐποίησεν Ἰεροβοὰμ ἑορτὴν ἐν τῷ μηνὶ τῷ ὀγδόῳ ἐν τῇ πεντεκαιδεκάτῃ ἡμέρᾳ τοῦ μηνὸς κατὰ τὴν ἑορτὴν τὴν ἐν γῇ Ἰούδα, καὶ ἀνέβη ἐπὶ τὸ θυσιαστήριον ὃ ἐποίησεν ἐν Βαιθὴλ τοῦ θύειν ταῖς δαμάλεσιν αἶς ἐποίησεν, καὶ παρέστησεν ἐν Βαιθὴλ τοὺς ἱερεῖς τῶν ὑψηλῶν ὦν ἐποίησεν.	constituitque diem sollemnem in mense octavo quintadecima die mensis in similitudinem sollemnitatis quae celebratur in Iuda et ascendens altare similiter fecit in Bethel ut immolaret vitulis quos fabricatus erat constituitque in Bethel sacerdotes excelsorum quae fecerat	Constituitque diem solemnem in mense octavo, quintadecima die mensis, in similitudinem solemnitatis quæ celebrabatur in Juda. Et ascendens altare, similiter fecit in Bethel, ut immolaret vitulis quos fabricatus fuerat: constituitque in Bethel sacerdotes excelsorum quæ fecerat.		And Jeroboam ordained a feast in the eighth month, on the fifteenth day of the month, like unto the feast that is in Judah, and he offered upon the altar. So did he in Bethel, sacrificing unto the calves that he had made: and he placed in Bethel the priests of the high places which he had made.
1Kgs	12	33	וַיַּעַל עַל־הַמִּזְבֵּחַ אֲשֶׁר־עָשָׂה בְּבֵית־אֵל בַּחֲמִשָּׁה עָשָׂר יוֹם בַּחֹדֶשׁ הַשְּׁמִינִי בַּחֹדֶשׁ אֲשֶׁר־בָּדָא מִלִּבַּד וַיַּעַשׂ חָג לִבְנֵי יִשְׂרָאֵל וַיַּעַל עַל־הַמִּזְבֵּחַ לְהַקְטִיר ׃	καὶ ἀνέβη ἐπὶ τὸ θυσιαστήριον ὃ ἐποίησεν τῇ πεντεκαιδεκάτῃ ἡμέρᾳ ἐν τῷ μηνὶ τῷ ὀγδόῳ, ἐν τῇ ἑορτῇ ᾖ ἐπλάσατο ἀπὸ καρδίας αὐτοῦ, καὶ ἐποίησεν ἑορτὴν τοῖς υἱοῖς Ἰσραήλ. καὶ ἀνέβη ἐπὶ τὸ θυσιαστήριον τοῦ ἐπιθῦσαι.	et ascendit super altare quod extruxerat in Bethel quintadecima die mensis octavi quem finxerat de corde suo et fecit sollemnitatem filiis Israhel et ascendit super altare ut adoleret incensum	Et ascendit super altare quod exstruxerat in Bethel, quintadecima die mensis octavi, quem finxerat de corde suo: et fecit solemnitatem filiis Israël, et ascendit super altare, ut adoleret incensum.		So he offered upon the altar which he had made in Bethel the fifteenth day of the eighth month, even in the month which he had devised of his own heart; and ordained a feast unto the children of Israel: and he offered upon the altar, and burnt incense.
1Kgs	13	1	פ וְהִנֵּה אִישׁ אֱלֹהִים בָּא מִיהוּדָה בִּדְבַר יְהוָה אֶל־בֵּית־אֵל וְיָרָבְעָם עֹמֵד עַל־הַמִּזְבֵּחַ לְהַקְטִיר ׃	Καὶ ἰδοὺ ἄνθρωπος τοῦ θεοῦ ἐξ Ἰούδα παρεγένετο ἐν λόγῳ κθρίου εἰς Βαιθήλ, καὶ Ἰεροβοὰμ εἱστήκει ἐπὶ τὸ θυσιαστήριον ἐπιθῦσαι.	et ecce vir Dei venit de Iuda in sermone Domini in Bethel Hieroboam stante super altare et tus iaciente	Et ecce vir Dei venit de Juda in sermone Domini in Bethel, Jeroboam stante super altare, et thus jaciente.		And, behold, there came a man of God out of Judah by the word of the Lord unto Bethel: and Jeroboam stood by the altar to burn incense.
1Kgs	13	2	וַיִּקְרָא עַל־הַמִּזְבֵּחַ בִּדְבַר יְהוָה וַיֹּאמֶר מִזְבֵּחַ מִזְבֵּחַ כֹּה אָמַר יְהוָה הִנֵּה־בֵן נוֹלָד לְבֵית־דָּוִד יֹאשִׁיָּהוּ שְׁמוֹ וְזָבַח עָלֶיךָ אֶת־כֹּהֲנֵי הַבָּמוֹת הַמַּקְטִרִים עָלֶיךָ וְעַצְמוֹת אָדָם יִשְׂרְפוּ עָלֶיךָ ׃	καὶ ἐπεκάλεσεν πρὸς τὸ θυσιαστήριον ἐν λόγῳ Κυρίου θυσιαστήριον, θυσιαστήριον, τάδε λέηει Κύριος Ἰδοὺ υἱὸς τίκτεται τῷ οἴκῳ Δαυείδ, Ἰωσείας ὄνομα αὐτῷ, καὶ θύσει ἐπὶ σὲ τοὺς ἱερεῖς τῶν ὑψηλῶν τῶν ἐπιθυόντων ἐπὶ σέ, καὶ ὀστᾶ ἀνθρώπων καύσει ἐπὶ σέ·	et exclamavit contra altare in sermone Domini et ait altare altare haec dicit Dominus ecce filius nascetur domui David Iosias nomine et immolabit super te sacerdotes excelsorum qui nunc in te tura succendunt et ossa hominum incendet super te	Et exclamavit contra altare in sermone Domini, et ait: Altare, altare, hæc dicit Dominus: Ecce filius nascetur domui David, Josias nomine, et immolabit super te sacerdotes excelsorum, qui nunc in te thura succendunt: et ossa hominum super te incendet.		And he cried against the altar in the word of the Lord, and said, O altar, altar, thus saith the Lord; Behold, a child shall be born unto the house of David, Josiah by name; and upon thee shall he offer the priests of the high places that burn incense upon thee, and men's bones shall be burnt upon thee.
1Kgs	13	3	וְנָתַן בַּיּוֹם הַהוּא מוֹפֵת לֵאמֹר זֶה הַמּוֹפֵת אֲשֶׁר דִּבֶּר יְהוָה הִנֵּה הַמִּזְבֵּחַ נִקְרָע וְנִשְׁפַּךְ הַדֶּשֶׁן אֲשֶׁר־עָלָיו ׃	καὶ δώσει ἐν τῇ ἡμέρᾳ ἐκείνῃ τέρας, λέγων Τοῦτο τὸ ῥῆμα ὃ ἐλάλησεν Κύριος λέγων Ἰδοὺ τὸ θυσιαστήριον ῥήγνυται, καὶ ἐκχυθήσεται ἡ πιότης ἡ ἐπ’ αὐτῷ.	deditque in die illa signum dicens hoc erit signum quod locutus est Dominus ecce altare scinditur et effunditur cinis qui in eo est	Deditque in illa die signum, dicens: Hoc erit signum quod locutus est Dominus: ecce altare scindetur, et effundetur cinis qui in eo est.		And he gave a sign the same day, saying, This is the sign which the Lord hath spoken; Behold, the altar shall be rent, and the ashes that are upon it shall be poured out.
1Kgs	13	4	וַיְהִי כִשְׁמֹעַ הַמֶּלֶךְ אֶת־דְּבַר אִישׁ־הָאֱלֹהִים אֲשֶׁר קָרָא עַל־הַמִּזְבֵּחַ בְּבֵית־אֵל וַיִּשְׁלַח יָרָבְעָם אֶת־יָדוֹ מֵעַל הַמִּזְבֵּחַ לֵאמֹר תִּפְשֻׂהוּ וַתִּיבַשׁ יָדוֹ אֲשֶׁר שָׁלַח עָלָיו וְלֹא יָכֹל לַהֲשִׁיבָהּ אֵלָיו ׃	καὶ ἐγένετο ὡς ἤκουσεν ὁ βασιλεὺς Ἰεροβοὰμ τῶν λόγων τοῦ ἀνθρώπου τοῦ θεοῦ τοῦ ἐπικαλεσαμένου ἐπὶ τὸ θυσιαστήριον τὸ ἐν Βαιθήλ, καὶ ἐξέτεινεν ὁ βασιλεὺς τὴν χεῖρα αὐτοῦ ἀπὸ τοῦ θυσιαστηρίου λέγων Συλλάβετε αὐτόν· καὶ ἰδοὺ ἐξγράνθη ἡ χεὶρ αὐτοῦ ἣν ἐξέτεινεν ἐπ’ αὐτόν, καὶ οὐκ ἠδυνηθη ἐπιστρέψαι αὐτὴν πρὸς αὐτόν.	cumque audisset rex sermonem hominis Dei quem inclamaverat contra altare in Bethel extendit manum suam de altari dicens adprehendite eum et exaruit manus eius quam extenderat contra eum nec valuit retrahere eam ad se	Cumque audisset rex sermonem hominis Dei quem inclamaverat contra altare in Bethel, extendit manum suam de altari, dicens: Apprehendite eum. Et exaruit manus ejus quam extenderat contra eum, nec valuit retrahere eam ad se.		And it came to pass, when king Jeroboam heard the saying of the man of God, which had cried against the altar in Bethel, that he put forth his hand from the altar, saying, Lay hold on him. And his hand, which he put forth against him, dried up, so that he could not pull it in again to him.
1Kgs	13	5	וְהַמִּזְבֵּחַ נִקְרָע וַיִּשָּׁפֵךְ הַדֶּשֶׁן מִן־הַמִּזְבֵּחַ כַּמּוֹפֵת אֲשֶׁר נָתַן אִישׁ הָאֱלֹהִים בִּדְבַר יְהוָה ׃	καὶ τὸ θυσιαστήριον ἐρράγη, καὶ ἐξεχύθη ἡ πιότης ἀπὸ τοῦ θυσιαστηρίου κατὰ τὸ τέρας ὃ ἔδνκεν ὁ ἄνθρωπος τοῦ θεοῦ ἐν λόηῳ Κυρίου.	altare quoque scissum est et effusus cinis de altari iuxta signum quod praedixerat vir Dei in sermone Domini	Altare quoque scissum est, et effusus est cinis de altari, juxta signum quod prædixerat vir Dei in sermone Domini.		The altar also was rent, and the ashes poured out from the altar, according to the sign which the man of God had given by the word of the Lord.
1Kgs	13	6	וַיַּעַן הַמֶּלֶךְ וַיֹּאמֶר אֶל־אִישׁ הָאֱלֹהִים חַל־נָא אֶת־פְּנֵי יְהוָה אֱלֹהֶיךָ וְהִתְפַּלֵּל בַּעֲדִי וְתָשֹׁב יָדִי אֵלָי וַיְחַל אִישׁ־הָאֱלֹהִים אֶת־פְּנֵי יְהוָה וַתָּשָׁב יַד־הַמֶּלֶךְ אֵלָיו וַתְּהִי כְּבָרִאשֹׁנָה ׃	καὶ εἶπεν ὁ βασιλεὺς Ἰεροβοὰμ τῷ ἀνθρώπῳ τοῦ θεοῦ Δεήθητι τοῦ θεοῦ σου, καὶ ἐπιστρεψάτω ἡ χείρ μου πρὸς μέ. καὶ ἐδεήθη ὁ ἄνθρωπος τοῦ θεοῦ τοῦ προσώπου Κυρίου, καὶ ἐπέστρεψεν τὴν χεῖρα τοῦ βασιλέως πρὸς αὐτόν, καὶ ἐλένετο καθὼς τὸ πρότερον.	et ait rex ad virum Dei deprecare faciem Domini Dei tui et ora pro me ut restituatur manus mea mihi oravit vir Dei faciem Domini et reversa est manus regis ad eum et facta est sicut prius fuerat	Et ait rex ad virum Dei: Deprecare faciem Domini Dei tui, et ora pro me, ut restituatur manus mea mihi. Oravitque vir Dei faciem Domini, et reversa est manus regis ad eum, et facta est sicut prius fuerat.		And the king answered and said unto the man of God, Intreat now the face of the Lord thy God, and pray for me, that my hand may be restored me again. And the man of God besought the Lord, and the king's hand was restored him again, and became as it was before.
1Kgs	13	7	וַיְדַבֵּר הַמֶּלֶךְ אֶל־אִישׁ הָאֱלֹהִים בֹּאָה־אִתִּי הַבַּיְתָה וּסְעָדָה וְאֶתְּנָה לְךָ מַתָּת ׃	καὶ ἐλάλησεν ὁ βασιλεὺς πρὸν ἄνθρωπον τοῦ θεοῦ Εἴσελθε μετ’ ἐμοῦ εἰς οἶκον καὶ ἀρίστησον, καὶ κώσω σοι δόμα.	locutus est autem rex ad virum Dei veni mecum domum ut prandeas et dabo tibi munera	Locutus est autem rex ad virum Dei: Veni mecum domum ut prandeas, et dabo tibi munera.		And the king said unto the man of God, Come home with me, and refresh thyself, and I will give thee a reward.
1Kgs	13	8	וַיֹּאמֶר אִישׁ־הָאֱלֹהִים אֶל־הַמֶּלֶךְ אִם־תִּתֶּן־לִי אֶת־חֲצִי בֵיתֶךָ לֹא אָבֹא עִמָּךְ וְלֹא־אֹכַל לֶחֶם וְלֹא אֶשְׁתֶּה־מַּיִם בַּמָּקוֹם הַזֶּה ׃	καὶ εἶπεν ὁ ἄνθρωπος τοῦ θεοῦ πρὸς τὸν βασιλέα Ἐάν μοι δῷς τὸ ἥμισυ τοῦ οἴκου σου, οὐκ εἰσελεύσομαι μετὰ σοῦ, οὐδὲ μὴ Φάγω ἄρτον οὐδὲ μὴ πίω ὕδωρ ἐν τῷ τόπῳ τούτῳ.	responditque vir Dei ad regem si dederis mihi mediam partem domus tuae non veniam tecum nec comedam panem neque bibam aquam in loco isto	Responditque vir Dei ad regem: Si dederis mihi mediam partem domus tuæ, non veniam tecum, nec comedam panem, neque bibam aquam in loco isto:		And the man of God said unto the king, If thou wilt give me half thine house, I will not go in with thee, neither will I eat bread nor drink water in this place:
1Kgs	13	9	כִּי־כֵן צִוָּה אֹתִי בִּדְבַר יְהוָה לֵאמֹר לֹא־תֹאכַל לֶחֶם וְלֹא תִשְׁתֶּה־מָּיִם וְלֹא תָשׁוּב בַּדֶּרֶךְ אֲשֶׁר הָלָכְתָּ ׃	ὅτι οὕτως ἐνετείλατό μοι ἐν λόγῳ Κύριος λέγων Μὴ Φάγῃς ἄρτον καὶ μὴ πίῃς ὕδωρ καὶ μὴ ἐπιστρέψῃς ἐν τῇ ὁδῷ ᾗ ἐπορεύθης ἐν αὐτῇ.	sic enim mandatum est mihi in sermone Domini praecipientis non comedes panem neque bibes aquam nec reverteris per viam qua venisti	sic enim mandatum est mihi in sermone Domini præcipientis: Non comedes panem, neque bibes aquam, nec reverteris per viam qua venisti.		For so was it charged me by the word of the Lord, saying, Eat no bread, nor drink water, nor turn again by the same way that thou camest.
1Kgs	13	10	וַיֵּלֶךְ בְּדֶרֶךְ אַחֵר וְלֹא־שָׁב בַּדֶּרֶךְ אֲשֶׁר בָּא בָהּ אֶל־בֵּית־אֵל ׃ פ	καὶ ἀπῆλθεν ἐν ὁδῷ ἄλλῃ, καὶ οὐκ ἀνέστρεψεν ἐν τῇ ὁδῷ ᾗ ἦλθεν ἐν αὐτῇ εἰς Βαιθήλ.	abiit ergo per aliam viam et non est reversus per iter quo venerat in Bethel	Abiit ergo per aliam viam, et non est reversus per iter quo venerat in Bethel.		So he went another way, and returned not by the way that he came to Bethel.
1Kgs	13	11	וְנָבִיא אֶחָד זָקֵן יֹשֵׁב בְּבֵית־אֵל וַיָּבוֹא בְנוֹ וַיְסַפֶּר־לוֹ אֶת־כָּל־הַמַּעֲשֶׂה אֲשֶׁר־עָשָׂה אִישׁ־הָאֱלֹהִים הַיּוֹם בְּבֵית־אֵל אֶת־הַדְּבָרִים אֲשֶׁר דִּבֶּר אֶל־הַמֶּלֶךְ וַיְסַפְּרוּם לַאֲבִיהֶם ׃	Καὶ πρεσβύτης εἷς προφήτης κατῴκει εἰς Βαιθήλ, καὶ ἔρχονται οἱ υἱοὶ αὐτοῦ καὶ διηγήσαντο αὐτῷ ἅπαντα τὰ ἔργα ἃ ἐποίησεν ὁ ἄνθρωπος τοῦ θεοῦ ἐν τῇ ἡμέρᾳ ἐν Βαιθήλ, τοὺς λόγους οὓς ἐλάλησεν τῷ βασιλεῖ· καὶ ἐπέστρεψαν τὸ πρόσωπον τοῦ πατρὸς αὐτῶν.	prophetes autem quidam senex habitabat in Bethel ad quem venit filius suus et narravit ei omnia opera quae fecerat vir Dei illa die in Bethel et verba quae locutus fuerat ad regem et narraverunt patri suo	Prophetes autem quidam senex habitabat in Bethel: ad quem venerunt filii sui, et narraverunt ei omnia opera quæ fecerat vir Dei illa die in Bethel: et verba quæ locutus fuerat ad regem, narraverunt patri suo.		Now there dwelt an old prophet in Bethel; and his sons came and told him all the works that the man of God had done that day in Bethel: the words which he had spoken unto the king, them they told also to their father.
1Kgs	13	12	וַיְדַבֵּר אֲלֵהֶם אֲבִיהֶם אֵי־זֶה הַדֶּרֶךְ הָלָךְ וַיִּרְאוּ בָנָיו אֶת־הַדֶּרֶךְ אֲשֶׁר הָלַךְ אִישׁ הָאֱלֹהִים אֲשֶׁר־בָּא מִיהוּדָה ׃	καὶ ἐλάλησεν πρὸς αὐτοὺς ὁ πατὴρ αὐτῶν λέγων Ποίᾳ ὁδῷ πεπόρευται ; καὶ δεικνύουσιν αὐτῷ οἱ υἱοὶ αὐτοῦ τὴν ὁδὸν ἐν ᾗ ἀνῆλθεν ὁ ἄνθρωπος τοῦ θεοῦ ὁ ἐλθὼν ἐξ Ἰούδα.	et dixit eis pater eorum per quam viam abiit ostenderunt ei filii sui viam per quam abierat vir Dei qui venerat de Iuda	Et dixit eis pater eorum: Per quam viam abiit? Ostenderunt ei filii sui viam per quam abierat vir Dei, qui venerat de Juda.		And their father said unto them, What way went he? For his sons had seen what way the man of God went, which came from Judah.
1Kgs	13	13	וַיֹּאמֶר אֶל־בָּנָיו חִבְשׁוּ־לִי הַחֲמוֹר וַיַּחְבְּשׁוּ־לוֹ הַחֲמוֹר וַיִּרְכַּב עָלָיו ׃	καὶ εἶπεν τοῖς υἱοῖς αὐτοῦ Ἐπισάξατέ μοι τὸν ὄνον· καὶ ἐπέσαξαν αὐτῷ τὸν ὄνον, καὶ ἐπέβη ἐπ’ αὐτόν.	et ait filiis suis sternite mihi asinum qui cum stravissent ascendit	Et ait filiis suis: Sternite mihi asinum. Qui cum stravissent, ascendit,		And he said unto his sons, Saddle me the ass. So they saddled him the ass: and he rode thereon,
1Kgs	13	14	וַיֵּלֶךְ אַחֲרֵי אִישׁ הָאֱלֹהִים וַיִּמְצָאֵהוּ יֹשֵׁב תַּחַת הָאֵלָה וַיֹּאמֶר אֵלָיו הַאַתָּה אִישׁ־הָאֱלֹהִים אֲשֶׁר־בָּאתָ מִיהוּדָה וַיֹּאמֶר אָנִי ׃	καὶ ἐπορεύθη κατόπισθεν τοῦ ἀνθρώπου τοῦ θεοῦ, καὶ εὗρεν αὐτὸν καθήμενον ὑπὸ δρῦν καὶ εἶπεν αὐτῷ Εἰ σὺ εἶ ὁ ἄνθρωπος τοῦ θεοῦ ὁ ἐληλυθὼς ἐξ Ἰούδα; καὶ εἶπεν αὐτῷ Ἐγώ.	et abiit post virum Dei et invenit eum sedentem subtus terebinthum et ait illi tune es vir Dei qui venisti de Iuda respondit ille ego sum	et abiit post virum Dei, et invenit eum sedentem subtus terebinthum: et ait illi: Tune es vir Dei qui venisti de Juda? Respondit ille: Ego sum.		And went after the man of God, and found him sitting under an oak: and he said unto him, Art thou the man of God that camest from Judah? And he said, I am.
1Kgs	13	15	וַיֹּאמֶר אֵלָיו לֵךְ אִתִּי הַבָּיְתָה וֶאֱכֹל לָחֶם ׃	καὶ εἶπεν αὐτῷ Δεῦρο μετ’ ἐμοῦ καὶ Φάγε ἄρτον.	dixit ad eum veni mecum domum ut comedas panem	Dixitque ad eum: Veni mecum domum, ut comedas panem.		Then he said unto him, Come home with me, and eat bread.
1Kgs	13	16	וַיֹּאמֶר לֹא אוּכַל לָשׁוּב אִתָּךְ וְלָבוֹא אִתָּךְ וְלֹא־אֹכַל לֶחֶם וְלֹא־אֶשְׁתֶּה אִתְּךָ מַיִם בַּמָּקוֹם הַזֶּה ׃	καὶ εἶπεν Οὐ μὴ δύνωμαι τοῦ ἐπιτῷ τόπῳ τούτῳ.	qui ait non possum reverti neque venire tecum nec comedam panem nec bibam aquam in loco isto	Qui ait: Non possum reverti, neque venire tecum: nec comedam panem, neque bibam aquam in loco isto,		And he said, I may not return with thee, nor go in with thee: neither will I eat bread nor drink water with thee in this place:
1Kgs	13	17	כִּי־דָבָר אֵלַי בִּדְבַר יְהוָה לֹא־תֹאכַל לֶחֶם וְלֹא־תִשְׁתֶּה שָׁם מָיִם לֹא־תָשׁוּב לָלֶכֶת בַּדֶּרֶךְ אֲשֶׁר־הָלַכְתָּ בָּהּ ׃	ὅτι οὕτως ἐντέταλταί μοι ἐν λόγῳ Κύριος λέγων Μὴ Φάγῃς ἄρτον ἐκεῖ καὶ μὴ πίῃς ὕδωρ, καὶ μὴ πίῃς ὕδωρ, καὶ μὴ ἐπιστρέψῃς ἐκεῖ ἐν τῇ ὁδῷ ᾗ ἐπορεύθης ἐν αὐτῇ.	quia locutus est Dominus ad me in sermone Domini dicens non comedes panem et non bibes ibi aquam nec reverteris per viam qua ieris	quia locutus est Dominus ad me in sermone Domini, dicens: Non comedes panem, et non bibes aquam ibi, nec reverteris per viam qua ieris.		For it was said to me by the word of the Lord, Thou shalt eat no bread nor drink water there, nor turn again to go by the way that thou camest.
1Kgs	13	18	וַיֹּאמֶר לוֹ גַּם־אֲנִי נָבִיא כָּמוֹךָ וּמַלְאָךְ דִּבֶּר אֵלַי בִּדְבַר יְהוָה לֵאמֹר הֲשִׁבֵהוּ אִתְּךָ אֶל־בֵּיתֶךָ וְיֹאכַל לֶחֶם וְיֵשְׁתְּ מָיִם כִּחֵשׁ לוֹ ׃	καὶ εἶπεν πρὸς αὐτόν Κἀγὼ προφήτης εἰμὶ καθὼς σύ, καὶ ἄγγελος λελάληκεν πρὸς μὲ ἐν ῥήματι Κυρίου λέγων Ἐπίστρεψον αὐτὸν πρὸς σεαυτὸν εἰς τὸν οἶκόν σου, καὶ Φαγέτω ἄρτον καὶ πιέτω ὕδωρ· καὶ ἐψεύσατο αὐτῷ.	qui ait illi et ego propheta sum similis tui et angelus locutus est mihi in sermone Domini dicens reduc eum tecum in domum tuam et comedat panem et bibat aquam fefellit eum	Qui ait illi: Et ego propheta sum similis tui: et angelus locutus est mihi in sermone Domini, dicens: Reduc eum tecum in domum tuam, ut comedat panem, et bibat aquam. Fefellit eum,		He said unto him, I am a prophet also as thou art; and an angel spake unto me by the word of the Lord, saying, Bring him back with thee into thine house, that he may eat bread and drink water. But he lied unto him.
1Kgs	13	19	וַיָּשָׁב אִתּוֹ וַיֹּאכַל לֶחֶם בְּבֵיתוֹ וַיֵּשְׁתְּ מָיִם ׃	καὶ ἐπέστρεψεν αὐτόν, καὶ ἔφαγεν ἄρτον ἐν τῷ οἴκῳ αὐτοῦ καὶ ἔπιεν ὕδωρ.	et reduxit secum comedit ergo panem in domo eius et bibit aquam	et reduxit secum: comedit ergo panem in domo ejus, et bibit aquam.		So he went back with him, and did eat bread in his house, and drank water.
1Kgs	13	20	וַיְהִי הֵם יֹשְׁבִים אֶל־הַשֻּׁלְחָן פ וַיְהִי דְּבַר־יְהוָה אֶל־הַנָּבִיא אֲשֶׁר הֱשִׁיבוֹ ׃	καὶ ἐγένετο αὐτῶν καθημένων, καὶ ἐγένετο λόγος Κυρίου πρὸς τὸν προφήτην τὸν ἐπιστρέψαντα αὐτόν·	cumque sederent ad mensam factus est sermo Domini ad prophetam qui reduxerat eum	Cumque sederent ad mensam, factus est sermo Domini ad prophetam qui reduxerat eum.		And it came to pass, as they sat at the table, that the word of the Lord came unto the prophet that brought him back:
1Kgs	13	21	וַיִּקְרָא אֶל־אִישׁ הָאֱלֹהִים אֲשֶׁר־בָּא מִיהוּדָה לֵאמֹר כֹּה אָמַר יְהוָה יַעַן כִּי מָרִיתָ פִּי יְהוָה וְלֹא שָׁמַרְתָּ אֶת־הַמִּצְוָה אֲשֶׁר צִוְּךָ יְהוָה אֱלֹהֶיךָ ׃	καὶ εἶπεν πρὸς τὸν ἄνθρωπον τοῦ θεοῦ τὸν ἥκοντα ἐξ Ἰούδα λέγων Τάδε λέγει Κύριος Ἀνθ’ ὧν παρεπίκρανας τὸ ῥῆμα Κυρίου, καὶ οὐκ ἐφύλαξας τὴν ἐντολὴν ἣν ἐνετείλατό σοι Κύριος ὁ θεός σου,	et exclamavit ad virum Dei qui venerat de Iuda dicens haec dicit Dominus quia inoboediens fuisti ori Domini et non custodisti mandatum quod praecepit tibi Dominus Deus tuus	Et exclamavit ad virum Dei qui venerat de Juda, dicens: Hæc dicit Dominus: Quia non obediens fuisti ori Domini, et non custodisti mandatum quod præcepit tibi Dominus Deus tuus,		And he cried unto the man of God that came from Judah, saying, Thus saith the Lord, Forasmuch as thou hast disobeyed the mouth of the Lord, and hast not kept the commandment which the Lord thy God commanded thee,
1Kgs	13	22	וַתָּשָׁב וַתֹּאכַל לֶחֶם וַתֵּשְׁתְּ מַיִם בַּמָּקוֹם אֲשֶׁר דִּבֶּר אֵלֶיךָ אַל־תֹּאכַל לֶחֶם וְאַל־תֵּשְׁתְּ מָיִם לֹא־תָבוֹא נִבְלָתְךָ אֶל־קֶבֶר אֲבֹתֶיךָ ׃	καὶ ἐπέστρεψας, καὶ ἔφαγες ἄρτον καὶ ἔπιες ὕδωρ ἐν τῷ τόπῳ τούτῳ ᾧ ἐλάλησεν πρὸς σὲ λέγων Οὐ μὴ φάγῃς ἄρτον καὶ μὴ πίῃς ὕδωρ· οὐ μὴ εἰσέλθῃ τὸ σῶμά σου εἰς τὸν τάφον τῶν πατέρων σου.	et reversus es et comedisti panem et bibisti aquam in loco in quo praecepit tibi ne comederes panem neque biberes aquam non inferetur cadaver tuum in sepulchrum patrum tuorum	et reversus es, et comedisti panem, et bibisti aquam in loco in quo præcepit tibi ne comederes panem neque biberes aquam, non inferetur cadaver tuum in sepulchrum patrum tuorum.		But camest back, and hast eaten bread and drunk water in the place, of the which the Lord did say to thee, Eat no bread, and drink no water; thy carcase shall not come unto the sepulchre of thy fathers.
1Kgs	13	23	וַיְהִי אַחֲרֵי אָכְלוֹ לֶחֶם וְאַחֲרֵי שְׁתוֹתוֹ וַיַּחֲבָשׁ־לוֹ הַחֲמוֹר לַנָּבִיא אֲשֶׁר הֱשִׁיבוֹ ׃	καὶ ἐγένετο μετὰ τὸ φαγεῖν ἄρτον καὶ πιεῖν ὕδωρ, καὶ εὗρεω αὐτὸν λέων ἐν τῇ ὁδῷ καὶ ἐπέστρεψεν καὶ ἀπῆλθεν.	cumque comedisset et bibisset stravit asinum prophetae quem reduxerat	Cumque comedisset et bibisset, stravit asinum suum prophetæ quem reduxerat.		And it came to pass, after he had eaten bread, and after he had drunk, that he saddled for him the ass, to wit, for the prophet whom he had brought back.
1Kgs	13	24	וַיֵּלֶךְ וַיִּמְצָאֵהוּ אַרְיֵה בַּדֶּרֶךְ וַיְמִיתֵהוּ וַתְּהִי נִבְלָתוֹ מֻשְׁלֶכֶת בַּדֶּרֶךְ וְהַחֲמוֹר עֹמֵד אֶצְלָהּ וְהָאַרְיֵה עֹמֵד אֵצֶל הַנְּבֵלָה ׃	καὶ εὗρεν αὐτὸν λέων ἐν τῇ ὁδῷ καὶ ἐθανάτωσεν αὐτόν· καὶ ἦν τὸ σῶμα αὐτοῦ ἐρριμμένον ἐν τῇ ὁδῷ, καὶ ὁ ὄνος εἱστήκει παρ’ αὐτό, καὶ ὁ λέων εἱστήκει παρὰ τὸ σῶμα.	qui cum abisset invenit eum leo in via et occidit et erat cadaver eius proiectum in itinere asinus autem stabat iuxta illum et leo stabat iuxta cadaver	Qui cum abiisset, invenit eum leo in via, et occidit, et erat cadaver ejus projectum in itinere: asinus autem stabat juxta illum, et leo stabat juxta cadaver.		And when he was gone, a lion met him by the way, and slew him: and his carcase was cast in the way, and the ass stood by it, the lion also stood by the carcase.
1Kgs	13	25	וְהִנֵּה אֲנָשִׁים עֹבְרִים וַיִּרְאוּ אֶת־הַנְּבֵלָה מֻשְׁלֶכֶת בַּדֶּרֶךְ וְאֶת־הָאַרְיֵה עֹמֵד אֵצֶל הַנְּבֵלָה וַיָּבֹאוּ וַיְדַבְּרוּ בָעִיר אֲשֶׁר הַנָּבִיא הַזָּקֵן יֹשֵׁב בָּהּ ׃	καὶ ἰδοὺ ἄνδρες παραπορευόμενοι καὶ εἶδον τὸ θνησιμαῖον ἐρριμμένον ἐν τῇ ὁδῷ, καὶ ὁ λέων εἱστήκει ἐχόμενα τοῦ θνησιμαίου· καὶ εἰσῆλθον καὶ ἐλάλησαν ἐν τῇ πόλει οὗ ὁ προφήτης ὁ πρεσβύτης κατῴκει ἐν αὐτῇ.	et ecce viri transeuntes viderunt cadaver proiectum in via et leonem stantem iuxta cadaver et venerunt et divulgaverunt in civitate in qua prophetes senex ille habitabat	Et ecce viri transeuntes viderunt cadaver projectum in via, et leonem stantem juxta cadaver. Et venerunt, et divulgaverunt in civitate in qua prophetes ille senex habitabat.		And, behold, men passed by, and saw the carcase cast in the way, and the lion standing by the carcase: and they came and told it in the city where the old prophet dwelt.
1Kgs	13	26	וַיִּשְׁמַע הַנָּבִיא אֲשֶׁר הֱשִׁיבוֹ מִן־הַדֶּרֶךְ וַיֹּאמֶר אִישׁ הָאֱלֹהִים הוּא אֲשֶׁר מָרָה אֶת־פִּי יְהוָה וַיִּתְּנֵהוּ יְהוָה לָאַרְיֵה וַיִּשְׁבְּרֵהוּ וַיְמִתֵהוּ כִּדְבַר יְהוָה אֲשֶׁר דִּבֶּר־לוֹ ׃	καὶ ἤκουσεν ὁ ἐπιστρέψας αὐτὸν ἐκ τῆς ὁδοῦ, καὶ εἶπεν Ὁ ἄνθρωπος τοῦ θεοῦ οὗτός ἐστιν ὃς παρεπίκρανε τὸ ῥῆμα Κυρίου.	quod cum audisset propheta ille qui reduxerat eum de via ait vir Dei est qui inoboediens fuit ori Domini et tradidit eum Dominus leoni et confregit eum et occidit iuxta verbum Domini quod locutus est ei	Quod cum audisset propheta ille qui reduxerat eum, ait: Vir Dei est, qui inobediens fuit ori Domini, et tradidit eum Dominus leoni, et confregit eum, et occidit juxta verbum Domini quod locutus est ei.		And when the prophet that brought him back from the way heard thereof, he said, It is the man of God, who was disobedient unto the word of the Lord: therefore the Lord hath delivered him unto the lion, which hath torn him, and slain him, according to the word of the Lord, which he spake unto him.
1Kgs	13	27	וַיְדַבֵּר אֶל־בָּנָיו לֵאמֹר חִבְשׁוּ־לִי אֶת־הַחֲמוֹר וַיַּחֲבֹשׁוּ ׃		dixitque ad filios suos sternite mihi asinum qui cum stravissent	Dixitque ad filios suos: Sternite mihi asinum. Qui cum stravissent,		And he spake to his sons, saying, Saddle me the ass. And they saddled him.
1Kgs	13	28	וַיֵּלֶךְ וַיִּמְצָא אֶת־נִבְלָתוֹ מֻשְׁלֶכֶת בַּדֶּרֶךְ וַחֲמוֹר וְהָאַרְיֵה עֹמְדִים אֵצֶל הַנְּבֵלָה לֹא־אָכַל הָאַרְיֵה אֶת־הַנְּבֵלָה וְלֹא שָׁבַר אֶת־הַחֲמוֹר ׃	καὶ ἐπορεύθη καὶ εὗρεν τὸ σῶμα αὐτοῦ ἐρριμμένον ἐν τῇ ὁδῷ, καὶ ὁ ὄνος καὶ ὁ λέων εἱστήκεισαν παρὰ τὸ σῶμα, καὶ οὐκ ἔφαγεν ὁ λέων τὸ σῶμα τοῦ ἀνθρώπου τοῦ θεοῦ, καὶ οὐ συνέτριψεν τὸν ὄνον.	et ille abisset invenit cadaver eius proiectum in via et asinum et leonem stantes iuxta cadaver non comedit leo de cadavere nec laesit asinum	et ille abiisset, invenit cadaver ejus projectum in via, et asinum et leonem stantes juxta cadaver: non comedit leo de cadavere, nec læsit asinum.		And he went and found his carcase cast in the way, and the ass and the lion standing by the carcase: the lion had not eaten the carcase, nor torn the ass.
1Kgs	13	29	וַיִּשָּׂא הַנָּבִיא אֶת־נִבְלַת אִישׁ־הָאֱלֹהִים וַיַּנִּחֵהוּ אֶל־הַחֲמוֹר וַיְשִׁיבֵהוּ וַיָּבֹא אֶל־עִיר הַנָּבִיא הַזָּקֵן לִסְפֹּד וּלְקָבְרוֹ ׃	καὶ ἦρεν ὁ προφήτης τὸ σῶμα τοῦ ἀνθρώπου τοῦ θεοῦ καὶ ἐπέθηκεν αὐτὸ ἐπὶ τὸν ὄνον, καὶ ἐπέστρεψεν αὐτὸν εἰς τὴν πόλιν	tulit ergo prophetes cadaver viri Dei et posuit illud super asinum et reversus intulit in civitatem prophetae senis ut plangerent eum	Tulit ergo prophetes cadaver viri Dei, et posuit illud super asinum, et reversus intulit in civitatem prophetæ senis ut plangeret eum.		And the prophet took up the carcase of the man of God, and laid it upon the ass, and brought it back: and the old prophet came to the city, to mourn and to bury him.
1Kgs	13	30	וַיַּנַּח אֶת־נִבְלָתוֹ בְּקִבְרוֹ וַיִּסְפְּדוּ עָלָיו הוֹי אָחִי ׃	ὁ προφήτης τοῦ θάψαι αὐτὸν ἐν τῷ τάφῳ ἑαυτοῦ· καὶ ἐκόψαντο αὐτόν Οὐαὶ ἀδελφέ.	et posuit cadaver eius in sepulchro suo et planxerunt eum heu frater	Et posuit cadaver ejus in sepulchro suo, et planxerunt eum: Heu, heu mi frater!		And he laid his carcase in his own grave; and they mourned over him, saying, Alas, my brother!
1Kgs	13	31	וַיְהִי אַחֲרֵי קָבְרוֹ אֹתוֹ וַיֹּאמֶר אֶל־בָּנָיו לֵאמֹר בְּמוֹתִי וּקְבַרְתֶּם אֹתִי בַּקֶּבֶר אֲשֶׁר אִישׁ הָאֱלֹהִים קָבוּר בּוֹ אֵצֶל עַצְמֹתָיו הַנִּיחוּ אֶת־עַצְמֹתָי ׃	καὶ ἐγένετο μετὰ τὸ κόψασθαι αὐτὸν καὶ εἶπεν τοῖς υἱοῖς αὐτοῦ λέγων Ἐὰν ἀποθάνω, θάψατέ με ἐν τῷ τάφῳ τούτῳ οὗ ὁ ἄνθρωπος τοῦ θεοῦ τέθαπται ἐν αὐτῷ· παρὰ τὰ ὀστᾶ αὐτοῦ θέτε με, ἵνα σωθῶσι τὰ ὀστᾶ μοῦ μετὰ τῶν ὀστῶν αὐτοῦ.	cumque planxissent eum dixit ad filios suos cum mortuus fuero sepelite me in sepulchro in quo vir Dei sepultus est iuxta ossa eius ponite ossa mea	Cumque planxissent eum, dixit ad filios suos: Cum mortuus fuero, sepelite me in sepulchro in quo vir Dei sepultus est: juxta ossa ejus ponite ossa mea.		And it came to pass, after he had buried him, that he spake to his sons, saying, When I am dead, then bury me in the sepulchre wherein the man of God is buried; lay my bones beside his bones:
1Kgs	13	32	כִּי הָיֹה יִהְיֶה הַדָּבָר אֲשֶׁר קָרָא בִּדְבַר יְהוָה עַל־הַמִּזְבֵּחַ אֲשֶׁר בְּבֵית־אֵל וְעַל כָּל־בָּתֵּי הַבָּמוֹת אֲשֶׁר בְּעָרֵי שֹׁמְרוֹן ׃ פ	ὅτι γινόμενον ἔσται τὸ ῥῆμα ὃ ἐλάλησεν ἐν λόγῳ Κυρίου ἐπὶ τοῦ θυσιαστηρίου ἐν Βαιθὴλ καὶ ἐπὶ τοὺς οἴκους τοὺς ὐψηλοὺς τοὺς ἐν Σαμαρείᾳ.	profecto enim veniet sermo quem praedixit in sermone Domini contra altare quod est in Bethel et contra omnia fana excelsorum quae sunt in urbibus Samariae	Profecto enim veniet sermo quem prædixit in sermone Domini contra altare quod est in Bethel, et contra omnia fana excelsorum quæ sunt in urbibus Samariæ.		For the saying which he cried by the word of the Lord against the altar in Bethel, and against all the houses of the high places which are in the cities of Samaria, shall surely come to pass.
1Kgs	13	33	אַחַר הַדָּבָר הַזֶּה לֹא־שָׁב יָרָבְעָם מִדַּרְכּוֹ הָרָעָה וַיָּשָׁב וַיַּעַשׂ מִקְצוֹת הָעָם כֹּהֲנֵי בָמוֹת הֶחָפֵץ יְמַלֵּא אֶת־יָדוֹ וִיהִי כֹּהֲנֵי בָמוֹת ׃	Καὶ μετὰ τὸ ῥῆμα τοῦτο οὐκ ἐπέστρψεν Ἰεροβοὰμ ἀπὸ τῆς κακίας αὐτοῦ, καὶ ἐπέστρεψεν καὶ ἐποίησεν ἐκ μέρους τοῦ λαοῦ ἱερεῖς ὑψηλῶν· ὁ βουλόμενος, ἐπλήρου τὴν χεῖρα τοξῦτο ἱερεὺς εἰς τὰ ὑψηλά.	post verba haec non est reversus Hieroboam de via sua pessima sed e contrario fecit de novissimis populi sacerdotes excelsorum quicumque volebat implebat manum suam et fiebat sacerdos excelsorum	Post verba hæc non est reversus Jeroboam de via sua pessima, sed e contrario fecit de novissimis populi sacerdotes excelsorum: quicumque volebat, implebat manum suam, et fiebat sacerdos excelsorum.		After this thing Jeroboam returned not from his evil way, but made again of the lowest of the people priests of the high places: whosoever would, he consecrated him, and he became one of the priests of the high places.
1Kgs	13	34	וַיְהִי בַּדָּבָר הַזֶּה לְחַטַּאת בֵּית יָרָבְעָם וּלְהַכְחִיד וּלְהַשְׁמִיד מֵעַל פְּנֵי הָאֲדָמָה ׃ פ	καὶ ἐγένετο τὸ ῤῆμα τοῦτο εἰς ἀμαρτίαν τῷ οἴκῳ Ἰεροβοὰμ καὶ εἰς ὄλεθρον καὶ εἰς ἀφανισμὸν ἀπὸ προσώπου τῆς γῆς. XIV	et propter hanc causam peccavit domus Hieroboam et eversa est et deleta de superficie terrae	Et propter hanc causam peccavit domus Jeroboam, et eversa est, et deleta de superficie terræ.		And this thing became sin unto the house of Jeroboam, even to cut it off, and to destroy it from off the face of the earth.
1Kgs	14	1	בָּעֵת הַהִיא חָלָה אֲבִיָּה בֶן־יָרָבְעָם ׃	XIV	in tempore illo aegrotavit Abia filius Hieroboam	In tempore illo ægrotavit Abia filius Jeroboam.		At that time Abijah the son of Jeroboam fell sick.
1Kgs	14	2	וַיֹּאמֶר יָרָבְעָם לְאִשְׁתּוֹ קוּמִי נָא וְהִשְׁתַּנִּית וְלֹא יֵדְעוּ כִּי־אַתִּי אֵשֶׁת יָרָבְעָם וְהָלַכְתְּ שִׁלֹה הִנֵּה־שָׁם אֲחִיָּה הַנָּבִיא הוּא־דִבֶּר עָלַי לְמֶלֶךְ עַל־הָעָם הַזֶּה ׃		dixitque Hieroboam uxori suae surge et commuta habitum ne cognoscaris quod sis uxor Hieroboam et vade in Silo ubi est Ahia propheta qui locutus est mihi quod regnaturus essem super populum hunc	Dixitque Jeroboam uxori suæ: Surge, et commuta habitum, ne cognoscaris quod sis uxor Jeroboam, et vade in Silo, ubi est Ahias propheta, qui locutus est mihi quod regnaturus essem super populum hunc.		And Jeroboam said to his wife, Arise, I pray thee, and disguise thyself, that thou be not known to be the wife of Jeroboam; and get thee to Shiloh: behold, there is Ahijah the prophet, which told me that I should be king over this people.
1Kgs	14	3	וְלָקַחַתְּ בְּיָדֵךְ עֲשָׂרָה לֶחֶם וְנִקֻּדִים וּבַקְבֻּק דְּבַשׁ וּבָאת אֵלָיו הוּא יַגִּיד לָךְ מַה־יִּהְיֶה לַנָּעַר ׃		tolle quoque in manu tua decem panes et crustula et vas mellis et vade ad illum ipse indicabit tibi quid eventurum sit huic puero	Tolle quoque in manu tua decem panes, et crustulam, et vas mellis, et vade ad illum: ipse enim indicabit tibi quid eventurum sit puero huic.		And take with thee ten loaves, and cracknels, and a cruse of honey, and go to him: he shall tell thee what shall become of the child.
1Kgs	14	4	וַתַּעַשׂ כֵּן אֵשֶׁת יָרָבְעָם וַתָּקָם וַתֵּלֶךְ שִׁלֹה וַתָּבֹא בֵּית אֲחִיָּה וַאֲחִיָּהוּ לֹא־יָכֹל לִרְאוֹת כִּי קָמוּ עֵינָיו מִשֵּׂיבוֹ ׃ ס		fecit ut dixerat uxor Hieroboam et consurgens abiit in Silo et venit in domum Ahia at ille non poterat videre quia caligaverant oculi eius prae senectute	Fecit ut dixerat, uxor Jeroboam: et consurgens abiit in Silo, et venit in domum Ahiæ: at ille non poterat videre, quia caligaverant oculi ejus præ senectute.		And Jeroboam's wife did so, and arose, and went to Shiloh, and came to the house of Ahijah. But Ahijah could not see; for his eyes were set by reason of his age.
1Kgs	14	5	וַיהוָה אָמַר אֶל־אֲחִיָּהוּ הִנֵּה אֵשֶׁת יָרָבְעָם בָּאָה לִדְרֹשׁ דָּבָר מֵעִמְּךָ אֶל־בְּנָהּ כִּי־חֹלֶה הוּא כָּזֹה וְכָזֶה תְּדַבֵּר אֵלֶיהָ וִיהִי כְבֹאָהּ וְהִיא מִתְנַכֵּרָה ׃		dixit autem Dominus ad Ahiam ecce uxor Hieroboam ingreditur ut consulat te super filio suo qui aegrotat haec et haec loqueris ei cum ergo illa intraret et dissimularet se esse quae erat	Dixit autem Dominus ad Ahiam: Ecce uxor Jeroboam ingreditur ut consulat te super filio suo qui ægrotat: hæc et hæc loqueris ei. Cum ergo illa intraret, et dissimularet se esse quæ erat,		And the Lord said unto Ahijah, Behold, the wife of Jeroboam cometh to ask a thing of thee for her son; for he is sick: thus and thus shalt thou say unto her: for it shall be, when she cometh in, that she shall feign herself to be another woman.
1Kgs	14	6	וַיְהִי כִשְׁמֹעַ אֲחִיָּהוּ אֶת־קוֹל רַגְלֶיהָ בָּאָה בַפֶּתַח וַיֹּאמֶר בֹּאִי אֵשֶׁת יָרָבְעָם לָמָּה זֶּה אַתְּ מִתְנַכֵּרָה וְאָנֹכִי שָׁלוּחַ אֵלַיִךְ קָשָׁה ׃		audivit Ahias sonitum pedum eius introeuntis per ostium et ait ingredere uxor Hieroboam quare aliam esse te simulas ego autem missus sum ad te durus nuntius	audivit Ahias sonitum pedum ejus introëuntis per ostium, et ait: Ingredere, uxor Jeroboam: quare aliam te esse simulas? ego autem missus sum ad te durus nuntius.		And it was so, when Ahijah heard the sound of her feet, as she came in at the door, that he said, Come in, thou wife of Jeroboam; why feignest thou thyself to be another? for I am sent to thee with heavy tidings.
1Kgs	14	7	לְכִי אִמְרִי לְיָרָבְעָם כֹּה־אָמַר יְהוָה אֱלֹהֵי יִשְׂרָאֵל יַעַן אֲשֶׁר הֲרִימֹתִיךָ מִתּוֹךְ הָעָם וָאֶתֶּנְךָ נָגִיד עַל עַמִּי יִשְׂרָאֵל ׃		vade et dic Hieroboam haec dicit Dominus Deus Israhel quia exaltavi te de medio populi et dedi te ducem super populum meum Israhel	Vade, et dic Jeroboam: Hæc dicit Dominus Deus Israël: Quia exaltavi te de medio populi, et dedi te ducem super populum meum Israël,		Go, tell Jeroboam, Thus saith the Lord God of Israel, Forasmuch as I exalted thee from among the people, and made thee prince over my people Israel,
1Kgs	14	8	וָאֶקְרַע אֶת־הַמַּמְלָכָה מִבֵּית דָּוִד וָאֶתְּנֶהָ לָךְ וְלֹא־הָיִיתָ כְּעַבְדִּי דָוִד אֲשֶׁר שָׁמַר מִצְוֹתַי וַאֲשֶׁר־הָלַךְ אַחֲרַי בְּכָל־לְבָבוֹ לַעֲשׂוֹת רַק הַיָּשָׁר בְּעֵינָי ׃		et scidi regnum domus David et dedi illud tibi et non fuisti sicut servus meus David qui custodivit mandata mea et secutus est me in toto corde suo faciens quod placitum esset in conspectu meo	et scidi regnum domus David, et dedi illud tibi, et non fuisti sicut servus meus David, qui custodivit mandata mea, et secutus est me in toto corde suo, faciens quod placitum esset in conspectu meo:		And rent the kingdom away from the house of David, and gave it thee: and yet thou hast not been as my servant David, who kept my commandments, and who followed me with all his heart, to do that only which was right in mine eyes;
1Kgs	14	9	וַתָּרַע לַעֲשׂוֹת מִכֹּל אֲשֶׁר־הָיוּ לְפָנֶיךָ וַתֵּלֶךְ וַתַּעֲשֶׂה־לְּךָ אֱלֹהִים אֲחֵרִים וּמַסֵּכוֹת לְהַכְעִיסֵנִי וְאֹתִי הִשְׁלַכְתָּ אַחֲרֵי גַוֶּךָ ׃ ס		sed operatus es male super omnes qui fuerunt ante te et fecisti tibi deos alienos et conflatiles ut me ad iracundiam provocares me autem proiecisti post corpus tuum	sed operatus es mala super omnes qui fuerunt ante te, et fecisti tibi deos alienos et conflatiles, ut me ad iracundiam provocares, me autem projecisti post corpus tuum:		But hast done evil above all that were before thee: for thou hast gone and made thee other gods, and molten images, to provoke me to anger, and hast cast me behind thy back:
1Kgs	14	10	לָכֵן הִנְנִי מֵבִיא רָעָה אֶל־בֵּית יָרָבְעָם וְהִכְרַתִּי לְיָרָבְעָם מַשְׁתִּין בְּקִיר עָצוּר וְעָזוּב בְּיִשְׂרָאֵל וּבִעַרְתִּי אַחֲרֵי בֵית־יָרָבְעָם כַּאֲשֶׁר יְבַעֵר הַגָּלָל עַד־תֻּמּוֹ ׃		idcirco ecce ego inducam mala super domum Hieroboam et percutiam de Hieroboam mingentem ad parietem et clausum et novissimum in Israhel et mundabo reliquias domus Hieroboam sicut mundari solet fimus usque ad purum	idcirco ecce ego inducam mala super domum Jeroboam, et percutiam de Jeroboam mingentem ad parietem, et clausum, et novissimum in Israël: et mundabo reliquias domus Jeroboam, sicut mundari solet fimus usque ad purum.		Therefore, behold, I will bring evil upon the house of Jeroboam, and will cut off from Jeroboam him that pisseth against the wall, and him that is shut up and left in Israel, and will take away the remnant of the house of Jeroboam, as a man taketh away dung, till it be all gone.
1Kgs	14	11	הַמֵּת לְיָרָבְעָם בָּעִיר יֹאכְלוּ הַכְּלָבִים וְהַמֵּת בַּשָּׂדֶה יֹאכְלוּ עוֹף הַשָּׁמָיִם כִּי יְהוָה דִּבֵּר ׃		qui mortui fuerint de Hieroboam in civitate comedent eos canes qui autem mortui fuerint in agro vorabunt eos aves caeli quia Dominus locutus est	Qui mortui fuerint de Jeroboam in civitate, comedent eos canes: qui autem mortui fuerint in agro, vorabunt eos aves cæli: quia Dominus locutus est.		Him that dieth of Jeroboam in the city shall the dogs eat; and him that dieth in the field shall the fowls of the air eat: for the Lord hath spoken it.
1Kgs	14	12	וְאַתְּ קוּמִי לְכִי לְבֵיתֵךְ בְּבֹאָה רַגְלַיִךְ הָעִירָה וּמֵת הַיָּלֶד ׃		tu igitur surge et vade in domum tuam et in ipso introitu pedum tuorum in urbem morietur puer	Tu igitur surge, et vade in domum tuam: et in ipso introitu pedum tuorum in urbem, morietur puer,		Arise thou therefore, get thee to thine own house: and when thy feet enter into the city, the child shall die.
1Kgs	14	13	וְסָפְדוּ־לוֹ כָל־יִשְׂרָאֵל וְקָבְרוּ אֹתוֹ כִּי־זֶה לְבַדּוֹ יָבֹא לְיָרָבְעָם אֶל־קָבֶר יַעַן נִמְצָא־בוֹ דָּבָר טוֹב אֶל־יְהוָה אֱלֹהֵי יִשְׂרָאֵל בְּבֵית יָרָבְעָם ׃		et planget eum omnis Israhel et sepeliet iste enim solus infertur de Hieroboam in sepulchrum quia inventus est super eo sermo bonus ad Dominum Deum Israhel in domo Hieroboam	et planget eum omnis Israël, et sepeliet: iste enim solus inferetur de Jeroboam in sepulchrum, quia inventus est super eo sermo bonus a Domino Deo Israël in domo Jeroboam.		And all Israel shall mourn for him, and bury him: for he only of Jeroboam shall come to the grave, because in him there is found some good thing toward the Lord God of Israel in the house of Jeroboam.
1Kgs	14	14	וְהֵקִים יְהוָה לוֹ מֶלֶךְ עַל־יִשְׂרָאֵל אֲשֶׁר יַכְרִית אֶת־בֵּית יָרָבְעָם זֶה הַיּוֹם וּמֶה גַּם־עָתָּה ׃		constituet autem sibi Dominus regem super Israhel qui percutiat domum Hieroboam in hac die et in hoc tempore	Constituet autem sibi Dominus regem super Israël, qui percutiet domum Jeroboam in hac die, et in hoc tempore:		Moreover the Lord shall raise him up a king over Israel, who shall cut off the house of Jeroboam that day: but what? even now.
1Kgs	14	15	וְהִכָּה יְהוָה אֶת־יִשְׂרָאֵל כַּאֲשֶׁר יָנוּד הַקָּנֶה בַּמַּיִם וְנָתַשׁ אֶת־יִשְׂרָאֵל מֵעַל הָאֲדָמָה הַטּוֹבָה הַזֹּאת אֲשֶׁר נָתַן לַאֲבוֹתֵיהֶם וְזֵרָם מֵעֵבֶר לַנָּהָר יַעַן אֲשֶׁר עָשׂוּ אֶת־אֲשֵׁרֵיהֶם מַכְעִיסִים אֶת־יְהוָה ׃		et percutiet Dominus Israhel sicut moveri solet harundo in aqua et evellet Israhel de terra bona hac quam dedit patribus eorum et ventilabit eos trans Flumen quia fecerunt sibi lucos ut inritarent Dominum	et percutiet Dominus Deus Israël, sicut moveri solet arundo in aqua: et evellet Israël de terra bona hac, quam dedit patribus eorum, et ventilabit eos trans flumen: quia fecerunt sibi lucos, ut irritarent Dominum.		For the Lord shall smite Israel, as a reed is shaken in the water, and he shall root up Israel out of this good land, which he gave to their fathers, and shall scatter them beyond the river, because they have made their groves, provoking the Lord to anger.
1Kgs	14	16	וְיִתֵּן אֶת־יִשְׂרָאֵל בִּגְלַל חַטֹּאות יָרָבְעָם אֲשֶׁר חָטָא וַאֲשֶׁר הֶחֱטִיא אֶת־יִשְׂרָאֵל ׃		et tradet Dominus Israhel propter peccata Hieroboam qui peccavit et peccare fecit Israhel	Et tradet Dominus Israël propter peccata Jeroboam, qui peccavit, et peccare fecit Israël.		And he shall give Israel up because of the sins of Jeroboam, who did sin, and who made Israel to sin.
1Kgs	14	17	וַתָּקָם אֵשֶׁת יָרָבְעָם וַתֵּלֶךְ וַתָּבֹא תִרְצָתָה הִיא בָּאָה בְסַף־הַבַּיִת וְהַנַּעַר מֵת ׃		surrexit itaque uxor Hieroboam et abiit et venit in Thersa cumque illa ingrederetur limen domus puer mortuus est	Surrexit itaque uxor Jeroboam, et abiit, et venit in Thersa: cumque illa ingrederetur limen domus, puer mortuus est,		And Jeroboam's wife arose, and departed, and came to Tirzah: and when she came to the threshold of the door, the child died;
1Kgs	14	18	וַיִּקְבְּרוּ אֹתוֹ וַיִּסְפְּדוּ־לוֹ כָּל־יִשְׂרָאֵל כִּדְבַר יְהוָה אֲשֶׁר דִּבֶּר בְּיַד־עַבְדּוֹ אֲחִיָּהוּ הַנָּבִיא ׃		et sepelierunt eum et planxit illum omnis Israhel iuxta sermonem Domini quem locutus est in manu servi sui Ahiae prophetae	et sepelierunt eum. Et planxit eum omnis Israël juxta sermonem Domini, quem locutus est in manu servi sui Ahiæ prophetæ.		And they buried him; and all Israel mourned for him, according to the word of the Lord, which he spake by the hand of his servant Ahijah the prophet.
1Kgs	14	19	וְיֶתֶר דִּבְרֵי יָרָבְעָם אֲשֶׁר נִלְחַם וַאֲשֶׁר מָלָךְ הִנָּם כְּתוּבִים עַל־סֵפֶר דִּבְרֵי הַיָּמִים לְמַלְכֵי יִשְׂרָאֵל ׃		reliqua autem verborum Hieroboam quomodo pugnaverit et quomodo regnaverit ecce scripta sunt in libro verborum dierum regum Israhel	Reliqua autem verborum Jeroboam, quomodo pugnaverit, et quomodo regnaverit, ecce scripta sunt in libro verborum dierum regum Israël.		And the rest of the acts of Jeroboam, how he warred, and how he reigned, behold, they are written in the book of the chronicles of the kings of Israel.
1Kgs	14	20	וְהַיָּמִים אֲשֶׁר מָלַךְ יָרָבְעָם עֶשְׂרִים וּשְׁתַּיִם שָׁנָה וַיִּשְׁכַּב עִם־אֲבֹתָיו וַיִּמְלֹךְ נָדָב בְּנוֹ תַּחְתָּיו ׃ פ		dies autem quibus regnavit Hieroboam viginti duo anni sunt et dormivit cum patribus suis regnavitque Nadab filius eius pro eo	Dies autem quibus regnavit Jeroboam, viginti duo anni sunt: et dormivit cum patribus suis, regnavitque Nadab filius ejus pro eo.		And the days which Jeroboam reigned were two and twenty years: and he slept with his fathers, and Nadab his son reigned in his stead.
1Kgs	14	21	וּרְחַבְעָם בֶּן־שְׁלֹמֹה מָלַךְ בִּיהוּדָה בֶּן־אַרְבָּעִים וְאַחַת שָׁנָה רְחַבְעָם בְּמָלְכוֹ וּשֲׁבַע עֶשְׂרֵה שָׁנָה מָלַךְ בִּירוּשָׁלַםִ הָעִיר אֲשֶׁר־בָּחַר יְהוָה לָשׂוּם אֶת־שְׁמוֹ שָׁם מִכֹּל שִׁבְטֵי יִשְׂרָאֵל וְשֵׁם אִמּוֹ נַעֲמָה הָעַמֹּנִית ׃	καὶ Ῥοβοὰμ υἱὸς Σαλωμὼν ἐβασίλευσεν ἐπὶ Ἰουδά· υἱὸς τεσσεράκοντα καὶ ἑνὸς ἐνιαυτῶν Ῥοβοὰμ ἐν τῷ βασιλεύειν αὐτόν· καὶ δέκα ἑπτὰ ἔτη ἐβαςίλευσεν ἐν Ἰερουσαλήμ, τῇ πόλει ἣν ἐξελέξατο Κύριος θέσθαι τὸ ὄνομα αὐτοῦ ἐκεῖ ἐκ πασῶν φυλῶν τοῦ Ἰσραήλ· καὶ τὸ ὄνομα τῆς μητρὸς αὐτοῦ Μααχὰμ Ἀμμανεῖτις.	porro Roboam filius Salomonis regnavit in Iuda quadraginta et unius anni erat Roboam cum regnare coepisset et decem et septem annis regnavit in Hierusalem civitatem quam elegit Dominus ut poneret nomen suum ibi ex omnibus tribubus Israhel nomen autem matris eius Naama Ammanites	Porro Roboam filius Salomonis regnavit in Juda. Quadraginta et unius anni erat Roboam cum regnare cœpisset: decem et septem annos regnavit in Jerusalem civitate, quam elegit Dominus ut poneret nomen suum ibi, ex omnibus tribubus Israël. Nomen autem matris ejus Naama Ammanitis.		And Rehoboam the son of Solomon reigned in Judah. Rehoboam was forty and one years old when he began to reign, and he reigned seventeen years in Jerusalem, the city which the Lord did choose out of all the tribes of Israel, to put his name there. And his mother's name was Naamah an Ammonitess.
1Kgs	14	22	וַיַּעַשׂ יְהוּדָה הָרַע בְּעֵינֵי יְהוָה וַיְקַנְאוּ אֹתוֹ מִכֹּל אֲשֶׁר עָשׂוּ אֲבֹתָם בְּחַטֹּאתָם אֲשֶׁר חָטָאוּ ׃	καὶ ἐποίησεν Ῥοβοὰμ τὸ πονηρὸν ἐνώπιον Κυρίου· καὶ παρεζήλωσεν αὐτὸν ἐν πᾶσιν οἷς ἐποίησαν οἱ πατέρες αὐτῶν ἐν ταῖς ἁμαρτίαις αὐτῶν αἷς ἥμαρτον.	et fecit Iudas malum coram Domino et inritaverunt eum super omnibus quae fecerant patres eorum in peccatis suis quae peccaverant	Et fecit Judas malum coram Domino, et irritaverunt eum super omnibus quæ fecerant patres eorum in peccatis suis quæ peccaverunt.		And Judah did evil in the sight of the Lord, and they provoked him to jealousy with their sins which they had committed, above all that their fathers had done.
1Kgs	14	23	וַיִּבְנוּ גַם־הֵמָּה לָהֶם בָּמוֹת וּמַצֵּבוֹת וַאֲשֵׁרִים עַל כָּל־גִּבְעָה גְבֹהָה וְתַחַת כָּל־עֵץ רַעֲנָן ׃	καὶ ᾠκοδόμησαν ἑαυτοῖς ὑψηλὰ καὶ στήλας καὶ ἄλση ἐπὶ πάντα βουνὸν ὑψηλὸν καὶ ὑποκάτω παντὸς ξύλου συσκίου.	aedificaverunt enim et ipsi sibi aras et statuas et lucos super omnem collem excelsum et subter omnem arborem frondosam	Ædificaverunt enim et ipsi sibi aras, et statuas, et lucos super omnem collem excelsum, et subter omnem arborem frondosam:		For they also built them high places, and images, and groves, on every high hill, and under every green tree.
1Kgs	14	24	וְגַם־קָדֵשׁ הָיָה בָאָרֶץ עָשׂוּ כְּכֹל הַתּוֹעֲבֹת הַגּוֹיִם אֲשֶׁר הוֹרִישׁ יְהוָה מִפְּנֵי בְּנֵי יִשְׂרָאֵל ׃ פ	καὶ σύνδεσμος ἐγενήθη ἐν τῇ γῇ, καὶ ἐποίησαν ἀπὸ πάντων τῶν βδελυγμάτων τῶν ἐθνῶν ὧν ἐξῆρεν Κύριος ἀπὸ προσώπου υἱῶν Ἰσραήλ.	sed et effeminati fuerunt in terra feceruntque omnes abominationes gentium quas adtrivit Dominus ante faciem filiorum Israhel	sed et effeminati fuerunt in terra, feceruntue omnes abominationes gentium quas attrivit Dominus ante faciem filiorum Israël.		And there were also sodomites in the land: and they did according to all the abominations of the nations which the Lord cast out before the children of Israel.
1Kgs	14	25	וַיְהִי בַּשָּׁנָה הַחֲמִישִׁית לַמֶּלֶךְ רְחַבְעָם עָלָה שׁוּשַׁק מֶלֶךְ־מִצְרַיִם עַל־יְרוּשָׁלִָם ׃	Καὶ ἐγένετο ἐν τῷ ἐνιαυτῷ τῷ πέμπτῳ βασιλεύοντος Ῥοβοὰμ ἀνέβη Σουσακεὶμ βασιλεὺς Αἰγύπτου ἐπὶ Ἰερουσαλήμ,	in quinto autem anno regni Roboam ascendit Sesac rex Aegypti in Hierusalem	In quinto autem anno regni Roboam, ascendit Sesac rex Ægypti in Jerusalem,		And it came to pass in the fifth year of king Rehoboam, that Shishak king of Egypt came up against Jerusalem:
1Kgs	14	26	וַיִּקַּח אֶת־אֹצְרוֹת בֵּית־יְהוָה וְאֶת־אוֹצְרוֹת בֵּית הַמֶּלֶךְ וְאֶת־הַכֹּל לָקָח וַיִּקַּח אֶת־כָּל־מָגִנֵּי הַזָּהָב אֲשֶׁר עָשָׂה שְׁלֹמֹה ׃	καὶ ἔλαβεν πάντας τοὺς θησαυροὺς οἴκου Κυρίου καὶ τοὺς θησαυροὺς οἴκου τοῦ βασιλέως καὶ τὰ δόρατα τὰ χρυσᾶ ἃ ἔλαβεν Δαυεὶδ ἐκ χειρὸς τῶν παίδων Ἁδραάζαρ βασιλέως Σουβὰ καὶ εἰσήνεγκεν αὐτὰ εἰς Ἰεπουσαλήμ, τὰ πάντα ἃ ἔλαβεν ὅπλα τὰ χρυσᾶ.	et tulit thesauros domus Domini et thesauros regios et universa diripuit scuta quoque aurea quae fecerat Salomon	et tulit thesauros domus Domini, et thesauros regios, et universa diripuit: scuta quoque aurea, quæ fecerat Salomon:		And he took away the treasures of the house of the Lord, and the treasures of the king's house; he even took away all: and he took away all the shields of gold which Solomon had made.
1Kgs	14	27	וַיַּעַשׂ הַמֶּלֶךְ רְחַבְעָם תַּחְתָּם מָגִנֵּי נְחֹשֶׁת וְהִפְקִיד עַל־יַד שָׂרֵי הָרָצִים הַשֹּׁמְרִים פֶּתַח בֵּית הַמֶּלֶךְ ׃	καὶ ἐποίησεν Ῥοβοὰμ ὁ βασιλεὺς ὅπλα χαλκᾶ ἀντ’ αὐτῶν· καὶ ἐπέθεντο ἐπ’ αὐτὸν οἱ ἡγούμενοι τῶν παρατρεχόντων, οἱ φυλάσσοντες τὸν πυλῶνα αἴκου βασιλέως.	pro quibus fecit rex Roboam scuta aerea et tradidit ea in manu ducum scutariorum et eorum qui excubabant ante ostium domus regis	pro quibus fecit rex Roboam scuta ærea, et tradidit ea in manum ducum scutariorum, et eorum qui excubabant ante ostium domus regis.		And king Rehoboam made in their stead brasen shields, and committed them unto the hands of the chief of the guard, which kept the door of the king's house.
1Kgs	14	28	וַיְהִי מִדֵּי־בֹא הַמֶּלֶךְ בֵּית יְהוָה יִשָּׂאוּם הָרָצִים וֶהֱשִׁיבוּם אֶל־תָּא הָרָצִים ׃	καὶ ἐγένετο ὅτε εἰσεπορεύετο ὁ βασιλεὺς εἰς οἶκον Κυρίου, καὶ ᾖρον αὐτὰ οἱ παρατρέχοντες καὶ ἀπηρείδοντο αὐτὰ εἰς τὸ θεὲ τῶν παρατρεχόντων.	cumque ingrederetur rex in domum Domini portabant ea qui praeeundi habebant officium et postea reportabant ad armamentarium scutariorum	Cumque ingrederetur rex in domum Domini, portabant ea qui præeundi habebant officium: et postea reportabant ad armamentarium scutariorum.		And it was so, when the king went into the house of the Lord, that the guard bare them, and brought them back into the guard chamber.
1Kgs	14	29	וְיֶתֶר דִּבְרֵי רְחַבְעָם וְכָל־אֲשֶׁר עָשָׂה הֲלֹא־הֵמָּה כְתוּבִים עַל־סֵפֶר דִּבְרֵי הַיָּמִים לְמַלְכֵי יְהוּדָה ׃	Καὶ τὰ λοιπὰ τῶν λόγων Ῥοβοὰμ καὶ πάντα ἃ ἐποίησεν, οὐκ ἰδοὺ ταῦτα γεγραμμένα ἐν βιβλίῳ λόγων τῶν ἡμερῶν τοῖς βασιλεῦσιν Ἰούδα;	reliqua autem sermonum Roboam et omnium quae fecit ecce scripta sunt in libro verborum dierum regum Iuda	Reliqua autem sermonum Roboam, et omnia quæ fecit, ecce scripta sunt in libro sermonum dierum regum Juda.		Now the rest of the acts of Rehoboam, and all that he did, are they not written in the book of the chronicles of the kings of Judah?
1Kgs	14	30	וּמִלְחָמָה הָיְתָה בֵין־רְחַבְעָם וּבֵין יָרָבְעָם כָּל־הַיָּמִים ׃	καὶ πόλεμος ἦν ἀνὰ μέσον Ῥοβοὰμ καὶ ἀνὰ μέσον Ἰεροβοὰμ πάσας τὰς ἡμέρας.	fuitque bellum inter Roboam et Hieroboam cunctis diebus	Fuitque bellum inter Roboam et Jeroboam cunctis diebus.		And there was war between Rehoboam and Jeroboam all their days.
1Kgs	14	31	וַיִּשְׁכַּב רְחַבְעָם עִם־אֲבֹתָיו וַיִּקָּבֵר עִם־אֲבֹתָיו בְּעִיר דָּוִד וְשֵׁם אִמּוֹ נַעֲמָה הָעַמֹּנִית וַיִּמְלֹךְ אֲבִיָּם בְּנוֹ תַּחְתָּיו ׃ פ	καὶ ἐκοιμήθη Ῥοβοὰμ μετὰ τῶν πατέρων αὐτοῦ, καὶ θάπτεται μετὰ τῶν πατέρων αὐτοῦ ἐν πὁλει Δαυείδ· καὶ ἐβασίλευσεν Ἀβιοὺ υἱὸς αὐτοῦ αντ αυτου. Καὶ ἐν τῶ ὀκτωκαιδεκάτω ἔτει βασιλεύοντος Ἰεροβοὰμ υἱοῦ XV	dormivit itaque Roboam cum patribus suis et sepultus est cum eis in civitate David nomen autem matris eius Naama Ammanites et regnavit Abiam filius eius pro eo	Dormivitque Roboam cum patribus suis, et sepultus est cum eis in civitate David: nomen autem matris ejus Naama Ammanitis: et regnavit Abiam filius ejus pro eo.		And Rehoboam slept with his fathers, and was buried with his fathers in the city of David. And his mother's name was Naamah an Ammonitess. And Abijam his son reigned in his stead.
1Kgs	15	1	וּבִשְׁנַת שְׁמֹנֶה עֶשְׂרֵה לַמֶּלֶךְ יָרָבְעָם בֶּן־נְבָט מָלַךְ אֲבִיָּם עַל־יְהוּדָה ׃	XVαβὰθ βασιλεύει Ἀβιοὺ υἱὸς Ἰεροβοὰμ ἐπὶ Ἰουδά,	igitur in octavodecimo anno regni Hieroboam filii Nabath regnavit Abiam super Iudam	Igitur in octavodecimo anno regni Jeroboam filii Nabat, regnavit Abiam super Judam.		Now in the eighteenth year of king Jeroboam the son of Nebat reigned Abijam over Judah.
1Kgs	15	2	שָׁלֹשׁ שָׁנִים מָלַךְ בִּירוּשָׁלָםִ וְשֵׁם אִמּוֹ מַעֲכָה בַּת־אֲבִישָׁלוֹם ׃	καὶ ἕξ ἔτης Ναβὰθ βασιλεύει Ἀβιοὺ υἱὸς Ἰεροβοὰμ ἐβασίλευσεν· καὶ ὄνομα τῆς μητρὸς αὐτοῦ Μααχά, θυγάτηρ Ἀβεσσαλώμ.	tribus annis regnavit in Hierusalem nomen matris eius Maacha filia Absalom	Tribus annis regnavit in Jerusalem: nomen matris ejus Maacha filia Abessalom.		Three years reigned he in Jerusalem. and his mother's name was Maachah, the daughter of Abishalom.
1Kgs	15	3	וַיֵּלֶךְ בְּכָל־חַטֹּאות אָבִיו אֲשֶׁר־עָשָׂה לְפָנָיו וְלֹא־הָיָה לְבָבוֹ שָׁלֵם עִם־יְהוָה אֱלֹהָיו כִּלְבַב דָּוִד אָבִיו ׃	καὶ ἐπορεύθη ἐν ταῖς ἁμαρτίαις τοῦ πατρὸς αὐτοῦ αἷς ἐποίησεν ἐνώπιον αὐτοῦ, καὶ οὐκ ἢν ἡ καρδία αὐτοῦ τελεία μετὰ Κυρίου θεοῦ αὐτοῦ ὡς ἡ καρδία τοῦ πατρὸς αὐτοῦ.	ambulavitque in omnibus peccatis patris sui quae fecerat ante eum nec erat cor eius perfectum cum Domino Deo suo sicut cor David patris eius	Ambulavitque in omnibus peccatis patris sui, quæ fecerat ante eum: nec erat cor ejus perfectum cum Domino Deo suo, sicut cor David patris ejus.		And he walked in all the sins of his father, which he had done before him: and his heart was not perfect with the Lord his God, as the heart of David his father.
1Kgs	15	4	כִּי לְמַעַן דָּוִד נָתַן יְהוָה אֱלֹהָיו לוֹ נִיר בִּירוּשָׁלָםִ לְהָקִים אֶת־בְּנוֹ אַחֲרָיו וּלְהַעֲמִיד אֶת־יְרוּשָׁלִָם ׃	ὅτι διὰ Δαυεὶδ ἔδωκεν αὐτῷ Κύριος κατἁλειμμα, ἵνα στήσῃ τέκνα αὐτοῦ μετ’ αὐτὸν καὶ στήσῃ τὴν Ἰερουσαλήμ,	sed propter David dedit ei Dominus Deus suus lucernam in Hierusalem ut suscitaret filium eius post eum et staret Hierusalem	Sed propter David dedit ei Dominus Deus suus lucernam in Jerusalem, ut suscitaret filium ejus post eum, et statueret Jerusalem:		Nevertheless for David's sake did the Lord his God give him a lamp in Jerusalem, to set up his son after him, and to establish Jerusalem:
1Kgs	15	5	אֲשֶׁר עָשָׂה דָוִד אֶת־הַיָּשָׁר בְּעֵינֵי יְהוָה וְלֹא־סָר מִכֹּל אֲשֶׁר־צִוָּהוּ כֹּל יְמֵי חַיָּיו רַק בִּדְבַר אוּרִיָּה הַחִתִּי ׃	ὡς ἐποίησεν Δαυεὶδ τὸ εὐθὲς ἐνώπιον Κυρίου, οὐκ ἐξέκλινεν ἀπὸ πάντων ὦν ἐνετἑλατο αὐτῷ πάσας τὰς ἡμέρας τῆς ζωῆς αὐτοῦ.	eo quod fecisset David rectum in oculis Domini et non declinasset ab omnibus quae praeceperat ei cunctis diebus vitae suae excepto sermone Uriae Hetthei	eo quod fecisset David rectum in oculis Domini, et non declinasset ab omnibus quæ præceperat ei cunctis diebus vitæ suæ, excepto sermone Uriæ Hethæi.		Because David did that which was right in the eyes of the Lord, and turned not aside from any thing that he commanded him all the days of his life, save only in the matter of Uriah the Hittite.
1Kgs	15	6	וּמִלְחָמָה הָיְתָה בֵין־רְחַבְעָם וּבֵין יָרָבְעָם כָּל־יְמֵי חַיָּיו ׃		attamen bellum fuit inter Roboam et inter Hieroboam omni tempore vitae eius	Attamen bellum fuit inter Roboam et Jeroboam omni tempore vitæ ejus.		And there was war between Rehoboam and Jeroboam all the days of his life.
1Kgs	15	7	וְיֶתֶר דִּבְרֵי אֲבִיָּם וְכָל־אֲשֶׁר עָשָׂה הֲלוֹא־הֵם כְּתוּבִים עַל־סֵפֶר דִּבְרֵי הַיָּמִים לְמַלְכֵי יְהוּדָה וּמִלְחָמָה הָיְתָה בֵּין אֲבִיָּם וּבֵין יָרָבְעָם ׃	καὶ τὰ λοιπὰ τῶν λόγων Ἀβιοὺ καὶ πάντα ἁ ἐποίησεν, οὐκ ἰδοὺ ταῦτα γεγραμμένα ἐπὶ βιβλίῳ λόγων τῶν ἡμερῶν τοῖς βασιλεῦσιν Ἰούδα ; καὶ πόλεμος ἢν ἀνὰ μέσον Ἀβιοὺ καὶ ἀνὰ μέσον Ἰεροβοάμ.	reliqua autem sermonum Abiam et omnia quae fecit nonne haec scripta sunt in libro verborum dierum regum Iuda fuitque proelium inter Abiam et inter Hieroboam	Reliqua autem sermonum Abiam, et omnia quæ fecit, nonne hæc scripta sunt in libro verborum dierum regum Juda? Fuitque prælium inter Abiam et inter Jeroboam.		Now the rest of the acts of Abijam, and all that he did, are they not written in the book of the chronicles of the kings of Judah? And there was war between Abijam and Jeroboam.
1Kgs	15	8	וַיִּשְׁכַּב אֲבִיָּם עִם־אֲבֹתָיו וַיִּקְבְּרוּ אֹתוֹ בְּעִיר דָּוִד וַיִּמְלֹךְ אָסָא בְנוֹ תַּחְתָּיו ׃ פ	καὶ ἐκοιμήθη Ἀβιοὺ μετὰ τῶν πατέρων αὐτοῦ ἐν τῷ εἰκοστῷ καὶ τετάρτῳ ἔτει τοῦ ἰεροβοάμ, κα θάπτεται μετὰ τῶν πατέρων αὐτοῦ ἐν πόλει Δαυείδ· καὶ βασιλεύει Ἀσὰ υἱὸς αὐτοῦ ἀντ’ αὐτοῦ.	et dormivit Abiam cum patribus suis et sepelierunt eum in civitate David regnavitque Asa filius eius pro eo	Et dormivit Abiam cum patribus suis, et sepelierunt eum in civitate David, regnavitque Asa filius ejus pro eo.		And Abijam slept with his fathers; and they buried him in the city of David: and Asa his son reigned in his stead.
1Kgs	15	9	וּבִשְׁנַת עֶשְׂרִים לְיָרָבְעָם מֶלֶךְ יִשְׂרָאֵל מָלַךְ אָסָא מֶלֶךְ יְהוּדָה ׃	Ἐν τῷ ἐνιαυτῶ τῷ τετάρτῳ καὶ εἰκοστῷ τοῦ Ἰεροβοὰμ βασιλέως ’lσραὴλ βασιλεύει Ἀσὰ ἐπὶ Ἰούδαν,	in anno ergo vicesimo Hieroboam regis Israhel regnavit Asa rex Iuda	In anno ergo vigesimo Jeroboam regis Israël regnavit Asa rex Juda,		And in the twentieth year of Jeroboam king of Israel reigned Asa over Judah.
1Kgs	15	10	וְאַרְבָּעִים וְאַחַת שָׁנָה מָלַךְ בִּירוּשָׁלָםִ וְשֵׁם אִמּוֹ מַעֲכָה בַּת־אֲבִישָׁלוֹם ׃	καὶ τεσσεράκοντα κα ἓν ἔτος ἐβασίλευσεν ἐν Ἰερουσαλήμ· καὶ ὄνομα τῆς μητρὸς αὐτοῦ Ἀνά, θυγάτηρ Ἀβεσσαλώμ.	et quadraginta uno anno regnavit in Hierusalem nomen matris eius Maacha filia Absalom	et quadraginta et uno anno regnavit in Jerusalem. Nomen matris ejus Maacha filia Abessalom.		And forty and one years reigned he in Jerusalem. And his mother's name was Maachah, the daughter of Abishalom.
1Kgs	15	11	וַיַּעַשׂ אָסָא הַיָּשָׁר בְּעֵינֵי יְהוָה כְּדָוִד אָבִיו ׃	καὶ ἐποίησεν Ἀσὰ τὸ εὐθὲς ἐνώπον Κυρίου ὡς Δαυεὶδ ὁ πατὴρ αὐτοῦ.	et fecit Asa rectum ante conspectum Domini sicut David pater eius	Et fecit Asa rectum ante conspectum Domini, sicut David pater ejus:		And Asa did that which was right in the eyes of the Lord, as did David his father.
1Kgs	15	12	וַיַּעֲבֵר הַקְּדֵשִׁים מִן־הָאָרֶץ וַיָּסַר אֶת־כָּל־הַגִּלֻּלִים אֲשֶׁר עָשׂוּ אֲבֹתָיו ׃	καὶ ἀφεῖλεν τὰς τελετὰς ἀπὸ τῆς γῆς, καὶ ἐξαπέστειλεν πάντα τὰ ἐπιτηδεύματα ἃ ἐποίησαν ὁ πατέρες αὐτοῦ.	et abstulit effeminatos de terra purgavitque universas sordes idolorum quae fecerant patres eius	et abstulit effeminatos de terra, purgavitque universas sordes idolorum quæ fecerant patres ejus.		And he took away the sodomites out of the land, and removed all the idols that his fathers had made.
1Kgs	15	13	וְגַם אֶת־מַעֲכָה אִמּוֹ וַיְסִרֶהָ מִגְּבִירָה אֲשֶׁר־עָשְׂתָה מִפְלֶצֶת לָאֲשֵׁרָה וַיִּכְרֹת אָסָא אֶת־מִפְלַצְתָּהּ וַיִּשְׂרֹף בְּנַחַל קִדְרוֹן ׃	καὶ τὴν Ἀνὰ τὴν μητέρα αὐτοῦ μετέστησεν τοῦ μὴ εἶναι ἡγουμένην, καθὼς ἐποίησεν σύνοδον ἐν τῷ αλσει αὐτῆς· καὶ ἐξέκοψεν Ἀσὰ τὰς καταδύσεις αὐτῆς καὶ ἐνέπρησεν πυρὶ ἐν τῷ χειμάρρῳ τῶν κέδρων.	insuper et Maacham matrem suam amovit ne esset princeps in sacris Priapi et in luco eius quem consecraverat subvertitque specum eius et confregit simulacrum turpissimum et conbusit in torrente Cedron	Insuper et Maacham matrem suam amovit, ne esset princeps in sacris Priapi, et in luco ejus quem consecraverat: subvertitque specum ejus, et confregit simulacrum turpissimum, et combussit in torrente Cedron:		And also Maachah his mother, even her he removed from being queen, because she had made an idol in a grove; and Asa destroyed her idol, and burnt it by the brook Kidron.
1Kgs	15	14	וְהַבָּמוֹת לֹא־סָרוּ רַק לְבַב־אָסָא הָיָה שָׁלֵם עִם־יְהוָה כָּל־יָמָיו ׃	τὰ δὲ ὑψηλὰ οὐκ ἐξῆρεν· πλὴν ἡ καρδία Ἀσὰ ἦν τελεία μετὰ Κυρίου πάσας τὰς ἡμέρας αὐτοῦ.	excelsa autem non abstulit verumtamen cor Asa perfectum erat cum Deo cunctis diebus suis	excelsa autem non abstulit. Verumtamen cor Asa perfectum erat cum Domino cunctis diebus suis:		But the high places were not removed: nevertheless Asa's heart was perfect with the Lord all his days.
1Kgs	15	15	וַיָּבֵא אֶת־קָדְשֵׁי אָבִיו וְקָדְשׁוֹ בֵּית יְהוָה כֶּסֶף וְזָהָב וְכֵלִים ׃	καὶ εἰσήνεγκεν τοὺς κίονας τοῦ πατρὸς αὐτοῦ, καὶ τοὺς κίονας αὐτοῦ εἰσήνεγκεν εἰς τὸν οἶκον Κυρίον ἀργυροῦς καὶ χρυσοῦς καὶ σκεύη.	et intulit ea quae sanctificaverat pater suus et voverat in domum Domini argentum et aurum et vasa	et intulit ea quæ sanctificaverat pater suus, et voverat, in domum Domini, argentum, et aurum, et vasa.		And he brought in the things which his father had dedicated, and the things which himself had dedicated, into the house of the Lord, silver, and gold, and vessels.
1Kgs	15	16	וּמִלְחָמָה הָיְתָה בֵּין אָסָא וּבֵין בַּעְשָׁא מֶלֶךְ־יִשְׂרָאֵל כָּל־יְמֵיהֶם ׃	καὶ πόλεμος ἦν ἀνὰ μέσον Ἀσὰ καὶ ἀνὰ μέσον Βααςὰ βασιλέως Ἰσραὴλ πάσας τὰς ἡμέρας.	bellum autem erat inter Asa et Baasa regem Israhel cunctis diebus eorum	Bellum autem erat inter Asa, et Baasa regem Israël cunctis diebus eorum.		And there was war between Asa and Baasha king of Israel all their days.
1Kgs	15	17	וַיַּעַל בַּעְשָׁא מֶלֶךְ־יִשְׂרָאֵל עַל־יְהוּדָה וַיִּבֶן אֶת־הָרָמָה לְבִלְתִּי תֵּת יֹצֵא וָבָא לְאָסָא מֶלֶךְ יְהוּדָה ׃	καὶ ἀνἐβη Βααςὰ βασιλεὺς Ἰσραὴλ ἐπὶ Ἰούδαν, καὶ ῴκοδόμησεν τὴν Ῥααμὰ τοῦ μὴ εἶναι ἐκπορευόμενον καὶ εἰσπορευόμενον τῷ Ἀσὰ βασιλεῖ Ἰούδα.	ascendit quoque Baasa rex Israhel in Iudam et aedificavit Rama ut non possit quispiam egredi vel ingredi de parte Asa regis Iudae	Ascendit quoque Baasa rex Israël in Judam, et ædificavit Rama, ut non posset quispiam egredi vel ingredi de parte Asa regis Juda.		And Baasha king of Israel went up against Judah, and built Ramah, that he might not suffer any to go out or come in to Asa king of Judah.
1Kgs	15	18	וַיִּקַּח אָסָא אֶת־כָּל־הַכֶּסֶף וְהַזָּהָב הַנּוֹתָרִים בְּאוֹצְרוֹת בֵּית־יְהוָה וְאֶת־אוֹצְרוֹת בֵּית מֶלֶךְ וַיִּתְּנֵם בְּיַד־עֲבָדָיו וַיִּשְׁלָחֵם הַמֶּלֶךְ אָסָא אֶל־בֶּן־הֲדַד בֶּן־טַבְרִמֹּן בֶּן־חֶזְיוֹן מֶלֶךְ אֲרָם הַיֹּשֵׁב בְּדַמֶּשֶׂק לֵאמֹר ׃	καὶ ἕλαβεν Ἀσὰ τὸ ἀργύριον καὶ τὸ χρυσίον τὸ εὑρεθὲν ἐν τοῖς θησαυροῖς τοῦ οἴκου τοῦ βασιλέως, καὶ ἔδωκεν αὐτὰ εἰς χεὶρας παίδων αὐτοῦ· καὶ ἐξαπέστειλεν αὐτοὺς ὁ βασιλεὺς Ἀσὰ πρὸς υἱὸν Ἁδὲρ υἱὸν Ταβερεμὰ υἱοῦ Ἁζεὶν βασιλέως Συρίας τοῦ κατοικοῦντος ἐν Δαμασκῷ λέγων’	tollens itaque Asa omne argentum et aurum quod remanserat in thesauris domus Domini et in thesauris domus regiae dedit illud in manu servorum suorum et misit ad Benadad filium Tabremmon filii Ezion regem Syriae qui habitabat in Damasco dicens	Tollens itaque Asa omne argentum et aurum quod remanserat in thesauris domus Domini, et in thesauris domus regiæ, et dedit illud in manus servorum suorum: et misit ad Benadad filium Tabremon filii Hezion, regem Syriæ, qui habitabat in Damasco, dicens:		Then Asa took all the silver and the gold that were left in the treasures of the house of the Lord, and the treasures of the king's house, and delivered them into the hand of his servants: and king Asa sent them to Benhadad, the son of Tabrimon, the son of Hezion, king of Syria, that dwelt at Damascus, saying,
1Kgs	15	19	בְּרִית בֵּינִי וּבֵינֶךָ בֵּין אָבִי וּבֵין אָבִיךָ הִנֵּה שָׁלַחְתִּי לְךָ שֹׁחַד כֶּסֶף וְזָהָב לֵךְ הָפֵרָה אֶת־בְּרִיתְךָ אֶת־בַּעְשָׁא מֶלֶךְ־יִשְׂרָאֵל וְיַעֲלֶה מֵעָלָי ׃	Διάθου διαθήκην ἀνὰ μέσον ἐμοῦ καὶ τοῦ πατρός μου καὶ τοῦ πατρός σου· ἰδοὺ ἐξαπέσταλκά σοι δῶρα ἀργύριον καὶ χρυσίον· δεῦρο διασκέδασον τὴν διαθήκην σου τὴν πρὸς Βααςὰ βασιλέα Ἰσραήλ, καὶ ἀναβήσεται ἀπ’ ἐμοῦ.	foedus est inter me et te et inter patrem meum et patrem tuum ideo misi tibi munera argentum et aurum et peto ut venias et irritum facias foedus quod habes cum Baasa rege Israhel et recedat a me	Fœdus est inter me et te, et inter patrem meum et patrem tuum: ideo misi tibi munera, argentum et aurum: et peto ut venias, et irritum facias fœdus quod habes cum Baasa rege Israël, et recedat a me.		There is a league between me and thee, and between my father and thy father: behold, I have sent unto thee a present of silver and gold; come and break thy league with Baasha king of Israel, that he may depart from me.
1Kgs	15	20	וַיִּשְׁמַע בֶּן־הֲדַד אֶל־הַמֶּלֶךְ אָסָא וַיִּשְׁלַח אֶת־שָׂרֵי הַחֲיָלִים אֲשֶׁר־לוֹ עַל־עָרֵי יִשְׂרָאֵל וַיַּךְ אֶת־עִיּוֹן וְאֶת־דָּן וְאֵת אָבֵל בֵּית־מַעֲכָה וְאֵת כָּל־כִּנְרוֹת עַל כָּל־אֶרֶץ נַפְתָּלִי ׃	καὶ ἥκουσεν υἱὸς Ἁδὲρ τοῦ βασιλέως Ἀσά, καὶ ἀπέστειλεν τοὺς ἄρχοντας τῆς δυνάμεως τῶν αὐτοῦ ταῖς πόλεσιν τοῦ Ἰσραήλ· καὶ ἐπάταξαν τὴν Ἀὶν τὴν Δὰν τὴν Ἀδελμὰθ καὶ πλασαν τὴνν Χεζράθ, ἔως πάσης τῆς γὴς Νεφθαλεί.	adquiescens Benadad regi Asa misit principes exercitus sui in civitates Israhel et percusserunt Ahion et Dan et Abel domum Maacha et universam Cenneroth omnem scilicet terram Nepthalim	Acquiescens Benadad regi Asa, misit principes exercitus sui in civitates Israël, et percusserunt Ahion, et Dan, et Abeldomum Maacha, et universam Cenneroth, omnem scilicet terram Nephthali.		So Benhadad hearkened unto king Asa, and sent the captains of the hosts which he had against the cities of Israel, and smote Ijon, and Dan, and Abelbethmaachah, and all Cinneroth, with all the land of Naphtali.
1Kgs	15	21	וַיְהִי כִּשְׁמֹעַ בַּעְשָׁא וַיֶּחְדַּל מִבְּנוֹת אֶת־הָרָמָה וַיֵּשֶׁב בְּתִרְצָה ׃	καὶ ἐγένετο ἀνέστρεψεν εἰς Θερσά.	quod cum audisset Baasa intermisit aedificare Rama et reversus est in Thersa	Quod cum audisset Baasa, intermisit ædificare Rama, et reversus est in Thersa.		And it came to pass, when Baasha heard thereof, that he left off building of Ramah, and dwelt in Tirzah.
1Kgs	15	22	וְהַמֶּלֶךְ אָסָא הִשְׁמִיעַ אֶת־כָּל־יְהוּדָה אֵין נָקִי וַיִּשְׂאוּ אֶת־אַבְנֵי הָרָמָה וְאֶת־עֵצֶיהָ אֲשֶׁר בָּנָה בַּעְשָׁא וַיִּבֶן בָּם הַמֶּלֶךְ אָסָא אֶת־גֶּבַע בִּנְיָמִן וְאֶת־הַמִּצְפָּה ׃	καὶ ὁ βασιλεὺς Ἀσὰ παρήγγειλεν παντὶ Ἰούδᾳ εἰς Αἰνακείμ, καὶ αἴρουσιν τοὺς λίθους τῆς Ῥααμὰ καὶ τὰ ξύλα αὐτῆς ἃ ῴκοδόμησεν Βαασά, καὶ ῴκοδόμησεν έν αὐτοῖς ὁ βασιλεὺς Ἀσὰ πᾶν βουνὸν Βενιαμεὶν καὶ τὴν σκοπιάν.	rex autem Asa nuntium misit in omnem Iudam nemo sit excusatus et tulerunt lapides Rama et ligna eius quibus aedificaverat Baasa et extruxit de eis rex Asa Gaba Beniamin et Maspha	Rex autem Asa nuntium misit in omnem Judam, dicens: Nemo sit excusatus. Et tulerunt lapides de Rama, et ligna ejus, quibus ædificaverat Baasa, et exstruxit de eis rex Asa Gabaa Benjamin, et Maspha.		Then king Asa made a proclamation throughout all Judah; none was exempted: and they took away the stones of Ramah, and the timber thereof, wherewith Baasha had builded; and king Asa built with them Geba of Benjamin, and Mizpah.
1Kgs	15	23	וְיֶתֶר כָּל־דִּבְרֵי־אָסָא וְכָל־גְּבוּרָתוֹ וְכָל־אֲשֶׁר עָשָׂה וְהֶעָרִים אֲשֶׁר בָּנָה הֲלֹא־הֵמָּה כְתוּבִים עַל־סֵפֶר דִּבְרֵי הַיָּמִים לְמַלְכֵי יְהוּדָה רַק לְעֵת זִקְנָתוֹ חָלָה אֶת־רַגְלָיו ׃	καὶ τὰ λοιπὰ τῶν λόγων Ἀσά, καὶ πᾶσα ἡ δυναστεία αὐτοῦ ἣν ἐποίησεν, οὐκ ἰδοὺ ταῦτα γεγραμμένα ἐστὶν ἐπὶ βιβλίῳ λόγων τῶν ἡμερῶν τοῖς βασιλεῦσιν Ἰούδα ; πλὴν ἐν τῷ καιρῷ τοῦ γήρως αὐτοῦ ἐπόνεσεν τοὺς πόδας αὐτοῦ.	reliqua autem omnium sermonum Asa et universae fortitudines eius et cuncta quae fecit et civitates quas extruxit nonne haec scripta sunt in libro verborum dierum regum Iuda verumtamen in tempore senectutis suae doluit pedes	Reliqua autem omnium sermonum Asa, et universæ fortitudines ejus, et cuncta quæ fecit, et civitates quas exstruxit, nonne hæc scripta sunt in libro verborum dierum regum Juda? Verumtamen in tempore senectutis suæ doluit pedes.		The rest of all the acts of Asa, and all his might, and all that he did, and the cities which he built, are they not written in the book of the chronicles of the kings of Judah? Nevertheless in the time of his old age he was diseased in his feet.
1Kgs	15	24	וַיִּשְׁכַּב אָסָא עִם־אֲבֹתָיו וַיִּקָּבֵר עִם־אֲבֹתָיו בְּעִיר דָּוִד אָבִיו וַיִּמְלֹךְ יְהוֹשָׁפָט בְּנוֹ תַּחְתָּיו ׃ פ	καὶ ἐκοιμήθη Ἀσὰ καὶ θάπτεται μετὰ τῶν πατέρων αὐτοῦ ἐν πόλει Δαυείδ· καὶ βασιλεύει Ἰωσαφὰθ υἱὸς αὐτοῦ ἀντ’ αὐτοῦ.	et dormivit cum patribus suis et sepultus est cum eis in civitate David patris sui regnavitque Iosaphat filius eius pro eo	Et dormivit cum patribus suis, et sepultus est cum eis in civitate David patris sui. Regnavitque Josaphat filius ejus pro eo.		And Asa slept with his fathers, and was buried with his fathers in the city of David his father: and Jehoshaphat his son reigned in his stead.
1Kgs	15	25	וְנָדָב בֶּן־יָרָבְעָם מָלַךְ עַל־יִשְׂרָאֵל בִּשְׁנַת שְׁתַּיִם לְאָסָא מֶלֶךְ יְהוּדָה וַיִּמְלֹךְ עַל־יִשְׂרָאֵל שְׁנָתָיִם ׃	Καὶ Ναβὰθ υἱὸς Ἰεροβοὰμ βασιλεύει ἐπὶ Ἰσραὴλ ἐν ἔτει δευτέρῳ τοῦ Ἀσὰ βασιλέως Ἰούδα, καὶ ἐβαςίλευσεν ἐν Ἰσραὴλ ἔτη δύο.	Nadab vero filius Hieroboam regnavit super Israhel anno secundo Asa regis Iuda regnavitque super Israhel duobus annis	Nadab vero filius Jeroboam regnavit super Israël anno secundo Asa regis Juda: regnavitque super Israël duobus annis.		And Nadab the son of Jeroboam began to reign over Israel in the second year of Asa king of Judah, and reigned over Israel two years.
1Kgs	15	26	וַיַּעַשׂ הָרַע בְּעֵינֵי יְהוָה וַיֵּלֶךְ בְּדֶרֶךְ אָבִיו וּבְחַטָּאתוֹ אֲשֶׁר הֶחֱטִיא אֶת־יִשְׂרָאֵל ׃	καὶ ἐποίησεν τὸ πονηρὸν ἐνώπιον Κυρίου, καὶ ἐπορεύθη ἐν ὁδῷ τοῦ πατρὸς αὐτοῦ καὶ ἐν ταῖς ἁμαρτίαις αὐτοῦ αἷς ἐξήμαρτεν τὸν Ἰσραήλ.	et fecit quod malum est in conspectu Domini et ambulavit in viis patris sui et in peccatis eius quibus peccare fecit Israhel	Et fecit quod malum est in conspectu Domini, et ambulavit in viis patris sui, et in peccatis ejus quibus peccare fecit Israël.		And he did evil in the sight of the Lord, and walked in the way of his father, and in his sin wherewith he made Israel to sin.
1Kgs	15	27	וַיִּקְשֹׁר עָלָיו בַּעְשָׁא בֶן־אֲחִיָּה לְבֵית יִשָּׂשכָר וַיַּכֵּהוּ בַעְשָׁא בְּגִבְּתוֹן אֲשֶׁר לַפְּלִשְׁתִּים וְנָדָב וְכָל־יִשְׂרָאֵל צָרִים עַל־גִּבְּתוֹן ׃	καὶ περιεκάθισεν αὐτὸν Βααςὰ υἱὸς Ἀχειὰ ἐπὶ τὸν οἶκον Βελαάν· ὁ υἰὸς Ἀχειὰ καὶ ἐχάραξεν αὐτὸν ἐν Γαβαθὼν τῇ τῶν ἀλλοφύλων· καὶ Ναβὰθ καὶ πᾶς ἰσραὴλ περιεκάθητο ἐπὶ Γαβαθών.	insidiatus est autem ei Baasa filius Ahia de domo Isachar et percussit eum in Gebbethon quae est urbs Philisthinorum siquidem Nadab et omnis Israhel obsidebant Gebbethon	Insidiatus est autem ei Baasa filius Ahiæ de domo Issachar, et percussit eum in Gebbethon, quæ est urbs Philisthinorum: siquidem Nadab et omnis Israël obsidebant Gebbethon.		And Baasha the son of Ahijah, of the house of Issachar, conspired against him; and Baasha smote him at Gibbethon, which belonged to the Philistines; for Nadab and all Israel laid siege to Gibbethon.
1Kgs	15	28	וַיְמִתֵהוּ בַעְשָׁא בִּשְׁנַת שָׁלֹשׁ לְאָסָא מֶלֶךְ יְהוּדָה וַיִּמְלֹךְ תַּחְתָּיו ׃	καὶ ἐθανάτωσεν αὐτὸν Βααςὰ ἐν ἔτει τρίτῳ βασιλέως τοῦ Ἀσὰ υἱοῦ Ἀβιού, καὶ ἐβαςίλευσεν.	interfecit igitur illum Baasa in anno tertio Asa regis Iuda et regnavit pro eo	Interfecit ergo illum Baasa in anno tertio Asa regis Juda, et regnavit pro eo.		Even in the third year of Asa king of Judah did Baasha slay him, and reigned in his stead.
1Kgs	15	29	וַיְהִי כְמָלְכוֹ הִכָּה אֶת־כָּל־בֵּית יָרָבְעָם לֹא־הִשְׁאִיר כָּל־נְשָׁמָה לְיָרָבְעָם עַד־הִשְׁמִדוֹ כִּדְבַר יְהוָה אֲשֶׁר דִּבֶּר בְּיַד־עַבְדּוֹ אֲחִיָּה הַשִּׁילֹנִי ׃	καὶ ἐγένετο ὡς ἐβαςίλευσεν, καὶ ἐπάταξεν τὸν οἶκον Ἰεροβοάμ, καὶ οὐχ ὑπελίπετο πᾶσαν πνοὴν τοῦ Ἰεροβοὰμ ἕως τοῦ ἐξολεθρεῦσαι αὐτὸν, κατὰ τὸ ῥῆμα Κυρίου ὅ ἐλάλησεν ἐν χειρὶ δούλου Ἀχειὰ τοῦ Σηλωνείτου	cumque regnasset percussit omnem domum Hieroboam non dimisit ne unam quidem animam de semine eius donec deleret eum iuxta verbum Domini quod locutus fuerat in manu servi sui Ahiae Silonitis	Cumque regnasset, percussit omnem domum Jeroboam: non dimisit ne unam quidem animam de semine ejus donec deleret eum, juxta verbum Domini quod locutus fuerat in manu servi sui Ahiæ Silonitis,		And it came to pass, when he reigned, that he smote all the house of Jeroboam; he left not to Jeroboam any that breathed, until he had destroyed him, according unto the saying of the Lord, which he spake by his servant Ahijah the Shilonite:
1Kgs	15	30	עַל־חַטֹּאות יָרָבְעָם אֲשֶׁר חָטָא וַאֲשֶׁר הֶחֱטִיא אֶת־יִשְׂרָאֵל בְּכַעְסוֹ אֲשֶׁר הִכְעִיס אֶת־יְהוָה אֱלֹהֵי יִשְׂרָאֵל ׃	περὶ τῶν ἁμαρτιῶν Ἰεροβοάμ, ὡς ἐξήμαρτεν τὸν Ἰσραήλ, καὶ ἐν τῷ παροργισμῷ αὐτοῦ ᾧπαρώργισεν τὸν κύριον θεὸν τοῦ Ἰσραήλ.	propter peccata Hieroboam quae peccaverat et quibus peccare fecerat Israhel et propter delictum quo inritaverat Dominum Deum Israhel	propter peccata Jeroboam, quæ peccaverat, et quibus peccare fecerat Israël: et propter delictum quo irritaverat Dominum Deum Israël.		Because of the sins of Jeroboam which he sinned, and which he made Israel sin, by his provocation wherewith he provoked the Lord God of Israel to anger.
1Kgs	15	31	וְיֶתֶר דִּבְרֵי נָדָב וְכָל־אֲשֶׁר עָשָׂה הֲלֹא־הֵם כְּתוּבִים עַל־סֵפֶר דִּבְרֵי הַיָּמִים לְמַלְכֵי יִשְׂרָאֵל ׃	καὶ τὰ λοιπὰ τῶν λόγων Ναβὰτ καὶ πάντα ἅ ἐποίησεν, οὐκ ξἰδοὺ παῦτα γεγραμμένα ἐστὶν ἐν βιβλίῶ λόγων τῶν ἡμερῶν τοῖς βασιλεῦσιν Ἰσραήλ;	reliqua autem sermonum Nadab et omnia quae operatus est nonne haec scripta sunt in libro verborum dierum regum Israhel	Reliqua autem sermonum Nadab, et omnia quæ operatus est, nonne hæc scripta sunt in libro verborum dierum regum Israël?		Now the rest of the acts of Nadab, and all that he did, are they not written in the book of the chronicles of the kings of Israel?
1Kgs	15	32	וּמִלְחָמָה הָיְתָה בֵּין אָסָא וּבֵין בַּעְשָׁא מֶלֶךְ־יִשְׂרָאֵל כָּל־יְמֵיהֶם ׃ פ		fuitque bellum inter Asa et Baasa regem Israhel cunctis diebus eorum	Fuitque bellum inter Asa, et Baasa regem Israël, cunctis diebus eorum.		And there was war between Asa and Baasha king of Israel all their days.
1Kgs	15	33	בִּשְׁנַת שָׁלֹשׁ לְאָסָא מֶלֶךְ יְהוּדָה מָלַךְ בַּעְשָׁא בֶן־אֲחִיָּה עַל־כָּל־יִשְׂרָאֵל בְּתִרְצָה עֶשְׂרִים וְאַרְבַּע שָׁנָה ׃	Καὶ ἐν τῷ ἔτει τῷ τρίτῳ βασιλέως Ἰούδα βασιλεύει Βααςὰ υἱὸς Ἀχειὰ ἐπὶ Ἰσραὴλ ἐν Θερςὰ εἴκοσι καὶ τέσσαρα ἔτη.	anno tertio Asa regis Iuda regnavit Baasa filius Ahia super omnem Israhel in Thersa viginti quattuor annis	Anno tertio Asa regis Juda, regnavit Baasa filius Ahiæ super omnem Israël in Thersa, viginti quatuor annis.		In the third year of Asa king of Judah began Baasha the son of Ahijah to reign over all Israel in Tirzah, twenty and four years.
1Kgs	15	34	וַיַּעַשׂ הָרַע בְּעֵינֵי יְהוָה וַיֵּלֶךְ בְּדֶרֶךְ יָרָבְעָם וּבְחַטָּאתוֹ אֲשֶׁר הֶחֱטִיא אֶת־יִשְׂרָאֵל ׃ ס	καὶ ἐποίησεν τὸ πονηρὸν ἐνώπιον Κυρίου, καὶ ἐπορεύθη ἐν ὁδῷ Ἰεροβοὰμ υἱοῦ Ναβὰρ καὶ ἐν ταῖς ἁμαρτίαις αὐτοῦ, ὡς ἐξήματρεν τὸν Ἰσραήλ. καὶ ἐγένετο λόγος Κυρίου ἐν χειρὶ Εἰοὺ υἱοῦ Ἁνανεὶ πρὸς Βααςά XVI	et fecit malum coram Domino ambulavitque in via Hieroboam et in peccatis eius quibus peccare fecit Israhel	Et fecit malum coram Domino, ambulavitque in via Jeroboam, et in peccatis ejus quibus peccare fecit Israël.		And he did evil in the sight of the Lord, and walked in the way of Jeroboam, and in his sin wherewith he made Israel to sin.
1Kgs	16	1	וַיְהִי דְבַר־יְהוָה אֶל־יֵהוּא בֶן־חֲנָנִי עַל־בַּעְשָׁא לֵאמֹר ׃	XVI	factus est autem sermo Domini ad Hieu filium Anani contra Baasa dicens	Factus est autem sermo Domini ad Jehu filium Hanani contra Baasa, dicens:		Then the word of the Lord came to Jehu the son of Hanani against Baasha, saying,
1Kgs	16	2	יַעַן אֲשֶׁר הֲרִימֹתִיךָ מִן־הֶעָפָר וָאֶתֶּנְךָ נָגִיד עַל עַמִּי יִשְׂרָאֵל וַתֵּלֶךְ בְּדֶרֶךְ יָרָבְעָם וַתַּחֲטִא אֶת־עַמִּי יִשְׂרָאֵל לְהַכְעִיסֵנִי בְּחַטֹּאתָם ׃	Ἀνθ’ ὧν ὕψωςά σε ἀπὸ τῆς γῆς καὶ ἔδωκά σε ἡγούμενον ἐπὶ τὸν λαόν μου Ἰσραήλ, καὶ ἐπορεύθης ἐν τῇ ὁδῷ Ἰεροβοὰμ καὶ ἐξήματρες τὸν λαόν μου τὸν Ἰσραὴλ τοῦ παροργίσαι με ἐν τοῖς ματαίοις αὐτῶν,	pro eo quod exaltavi te de pulvere et posui ducem super populum meum Israhel tu autem ambulasti in via Hieroboam et peccare fecisti populum meum Israhel ut me inritares in peccatis eorum	Pro eo quod exaltavi te de pulvere, et posui te ducem super populum meum Israël, tu autem ambulasti in via Jeroboam, et peccare fecisti populum meum Israël, ut me irritares in peccatis eorum:		Forasmuch as I exalted thee out of the dust, and made thee prince over my people Israel; and thou hast walked in the way of Jeroboam, and hast made my people Israel to sin, to provoke me to anger with their sins;
1Kgs	16	3	הִנְנִי מַבְעִיר אַחֲרֵי בַעְשָׁא וְאַחֲרֵי בֵיתוֹ וְנָתַתִּי אֶת־בֵּיתְךָ כְּבֵית יָרָבְעָם בֶּן־נְבָט ׃	ἰδοὺ ἐγὼ ἐξεγείρω ὀπίσω Βααςὰ καὶ ὄπισθεν τοῦ οἴσου αὐτοῦ, καὶ δώσω τὸν οἶκον αὐτοῦ ὡς τὸν οἶκον Ἰεροβοὰμ υἱοῦ Ναβάθ.	ecce ego demetam posteriora Baasa et posteriora domus eius et faciam domum tuam sicut domum Hieroboam filii Nabath	ecce ego demetam posteriora Baasa, et posteriora domus ejus, et faciam domum tuam sicut domum Jeroboam filii Nabat.		Behold, I will take away the posterity of Baasha, and the posterity of his house; and will make thy house like the house of Jeroboam the son of Nebat.
1Kgs	16	4	הַמֵּת לְבַעְשָׁא בָּעִיר יֹאכְלוּ הַכְּלָבִים וְהַמֵּת לוֹ בַּשָּׂדֶה יֹאכְלוּ עוֹף הַשָּׁמָיִם ׃	τὸν τεθνηκότα τοῦ Βααςὰ ἐν τῇ πόλει, καταφάγονται αὐτὸν οἱ κύνες, καὶ τὸν τεθνηκότα αὐτοῦ ἐν τῷ πεδίῳ, καταφάγονται αὐτὸν τὰ πετεινὰ τοῦ οὐρανοῦ.	qui mortuus fuerit de Baasa in civitate comedent eum canes et qui mortuus fuerit ex eo in regione comedent eum volucres caeli	Qui mortuus fuerit de Baasa in civitate, comedent eum canes: et qui mortuus fuerit ex eo in regione, comedent eum volucres cæli.		Him that dieth of Baasha in the city shall the dogs eat; and him that dieth of his in the fields shall the fowls of the air eat.
1Kgs	16	5	וְיֶתֶר דִּבְרֵי בַעְשָׁא וַאֲשֶׁר עָשָׂה וּגְבוּרָתוֹ הֲלֹא־הֵם כְּתוּבִים עַל־סֵפֶר דִּבְרֵי הַיָּמִים לְמַלְכֵי יִשְׂרָאֵל ׃	καὶ τὰ λοιπὰ τῶν λόγων Βααςὰ καὶ πάντα ἅ ἐποίησεν καὶ αἱ δυναστεῖαι αὐτοῦ, οὐκ ἰκοὺ ταῦτα γεγραμμένα ἐν βιβλίῳ λόγων τῶν ἡμερῶν τῶν βασιλέων Ἰσραήλ;	reliqua autem sermonum Baasa et quaecumque fecit et proelia eius nonne haec scripta sunt in libro verborum dierum regum Israhel	Reliqua autem sermonum Baasa, et quæcumque fecit, et prælia ejus, nonne hæc scripta sunt in libro verborum dierum regum Israël?		Now the rest of the acts of Baasha, and what he did, and his might, are they not written in the book of the chronicles of the kings of Israel?
1Kgs	16	6	וַיִּשְׁכַּב בַּעְשָׁא עִם־אֲבֹתָיו וַיִּקָּבֵר בְּתִרְצָה וַיִּמְלֹךְ אֵלָה בְנוֹ תַּחְתָּיו ׃	καὶ ἐκοιμήθη βααςὰ μετὰ τῶν πατέρων αὐτοῦ, καὶ θάπτεται ἐν Θερσά· καὶ βασιλεύει Ἠλαὰν υἱὸς αὐτοῦ ἀντ’ αὐτοῦ ἐν τῷ εἰκοστῷ ἔτει βασελέως Ἀσά.	dormivit ergo Baasa cum patribus suis sepultusque est in Thersa et regnavit Hela filius eius pro eo	Dormivit ergo Baasa cum patribus suis, sepultusque est in Thersa: et regnavit Ela filius ejus pro eo.		So Baasha slept with his fathers, and was buried in Tirzah: and Elah his son reigned in his stead.
1Kgs	16	7	וְגַם בְּיַד־יֵהוּא בֶן־חֲנָנִי הַנָּבִיא דְּבַר־יְהוָה הָיָה אֶל־בַּעְשָׁא וְאֶל־בֵּיתוֹ וְעַל כָּל־הָרָעָה אֲשֶׁר־עָשָׂה בְּעֵינֵי יְהוָה לְהַכְעִיסוֹ בְּמַעֲשֵׂה יָדָיו לִהְיוֹת כְּבֵית יָרָבְעָם וְעַל אֲשֶׁר־הִכָּה אֹתוֹ ׃ פ	καὶ ἐν χειρὶ Εἰοὺ Ἁνανεὶ ἐλάλησεν Κύριος ἐπὶ Βααςὰ καὶ ἐπὶ τὸν οἶκον αὐτοῦ πᾶσαν τὴν κακίαν ἥν ἐποίησεν ἐνώπιον Κυρίου τοῦ παρορυίσαι αὐτὸν ἐν τοῖς ἔργοις τῶν χειρῶν αὐτοῦ, τοῦ εἶναι κατὰ τὸν οἶκον Ἰεροβοὰμ καὶ ὑπὲρ τοῦ πατάξαι αὐτόν.	cum autem in manu Hieu filii Anani prophetae verbum Domini factum esset contra Baasa et contra domum eius et contra omne malum quod fecerat coram Domino ad inritandum eum in operibus manuum suarum ut fieret sicut domus Hieroboam ob hanc causam occidit eum	Cum autem in manu Jehu filii Hanani prophetæ verbum Domini factum esset contra Baasa, et contra domum ejus, et contra omne malum quod fecerat coram Domino, ad irritandum eum in operibus manuum suarum, ut fieret sicut domus Jeroboam: ob hanc causam occidit eum, hoc est, Jehu filium Hanani prophetam.		And also by the hand of the prophet Jehu the son of Hanani came the word of the Lord against Baasha, and against his house, even for all the evil that he did in the sight of the Lord, in provoking him to anger with the work of his hands, in being like the house of Jeroboam; and because he killed him.
1Kgs	16	8	בִּשְׁנַת עֶשְׂרִים וָשֵׁשׁ שָׁנָה לְאָסָא מֶלֶךְ יְהוּדָה מָלַךְ אֵלָה בֶן־בַּעְשָׁא עַל־יִשְׂרָאֵל בְּתִרְצָה שְׁנָתָיִם ׃	Καὶ Ἠλὰ υἱὸς Βααςὰ ἐβασίλευσεν ἐπὶ Ἰσραὴλ δύο ἔτη ἐν θερσά.	anno vicesimo sexto Asa regis Iuda regnavit Hela filius Baasa super Israhel in Thersa duobus annis	Anno vigesimo sexto Asa regis Juda, regnavit Ela filius Baasa super Israël in Thersa, duobus annis.		In the twenty and sixth year of Asa king of Judah began Elah the son of Baasha to reign over Israel in Tirzah, two years.
1Kgs	16	9	וַיִּקְשֹׁר עָלָיו עַבְדּוֹ זִמְרִי שַׂר מַחֲצִית הָרָכֶב וְהוּא בְתִרְצָה שֹׁתֶה שִׁכּוֹר בֵּית אַרְצָא אֲשֶׁר עַל־הַבַּיִת בְּתִרְצָה ׃	καὶ συνέστρεψεν ἐπ’ αὐτὸν Ζαμβρεὶ ὁ ἄρχων τῆς ἡμίσους τῆς ἵππου, καὶ αὐτὸς ἦν ἐν Θερςὰ πίνων μεθύων ἐν τῷ οἴκῳ Ὠσά, τοῦ οἰκονόμου ἐν Θερσά.	et rebellavit contra eum servus suus Zamri dux mediae partis equitum erat autem Hela in Thersa bibens et temulentus in domo Arsa praefecti Thersa	Et rebellavit contra eum servus suus Zambri, dux mediæ partis equitum: erat autem Ela in Thersa bibens, et temulentus in domo Arsa præfecti Thersa.		And his servant Zimri, captain of half his chariots, conspired against him, as he was in Tirzah, drinking himself drunk in the house of Arza steward of his house in Tirzah.
1Kgs	16	10	וַיָּבֹא זִמְרִי וַיַּכֵּהוּ וַיְמִיתֵהוּ בִּשְׁנַת עֶשְׂרִים וָשֶׁבַע לְאָסָא מֶלֶךְ יְהוּדָה וַיִּמְלֹךְ תַּחְתָּיו ׃	καὶ εἰσῆλθεν Ζαμβρεὶ καὶ ἐπάταξεν αὐτὸν καὶ ἐθανάτωσεν αὐτόν, καὶ ἐβασίλευσεν ἀντ’ αὐτοῦ.	inruens ergo Zamri percussit et occidit eum anno vicesimo septimo Asa regis Iuda et regnavit pro eo	Irruens ergo Zambri, percussit et occidit eum, anno vigesimo septimo Asa regis Juda, et regnavit pro eo.		And Zimri went in and smote him, and killed him, in the twenty and seventh year of Asa king of Judah, and reigned in his stead.
1Kgs	16	11	וַיְהִי בְמָלְכוֹ כְּשִׁבְתּוֹ עַל־כִּסְאוֹ הִכָּה אֶת־כָּל־בֵּית בַּעְשָׁא לֹא־הִשְׁאִיר לוֹ מַשְׁתִּין בְּקִיר וְגֹאֲלָיו וְרֵעֵהוּ ׃	καὶ ἐγενήθη ἐν τῷ βασιλεῦσαι αὐτὸν ἐν τῷ καθίσαι αὐτὸν ἐπὶ τοῦ θρόνου αὐτοῦ, καὶ ε’πάταξεν ὅλον τὸν οἶκου Βαασά,	cumque regnasset et sedisset super solium eius percussit omnem domum Baasa et non dereliquit ex eo mingentem ad parietem et propinquos et amicos eius	Cumque regnasset, et sedisset super solium ejus, percussit omnem domum Baasa, et non dereliquit ex ea mingentem ad parietem: et propinquos et amicos ejus.		And it came to pass, when he began to reign, as soon as he sat on his throne, that he slew all the house of Baasha: he left him not one that pisseth against a wall, neither of his kinsfolks, nor of his friends.
1Kgs	16	12	וַיַּשְׁמֵד זִמְרִי אֵת כָּל־בֵּית בַּעְשָׁא כִּדְבַר יְהוָה אֲשֶׁר דִּבֶּר אֶל־בַּעְשָׁא בְּיַד יֵהוּא הַנָּבִיא ׃	κατὰ τὸ ῥῆμα ὅ ἐλάλησεν Κύριος ἐπὶ τὸν οἶκον βααςὰ καὶ πρὸς Εἰοὺ τὸν προφήτην	delevitque Zamri omnem domum Baasa iuxta verbum Domini quod locutus fuerat ad Baasa in manu Hieu prophetae	Delevitque Zambri omnem domum Baasa, juxta verbum Domini quod locutus fuerat ad Baasa in manu Jehu prophetæ,		Thus did Zimri destroy all the house of Baasha, according to the word of the Lord, which he spake against Baasha by Jehu the prophet.
1Kgs	16	13	אֶל כָּל־חַטֹּאות בַּעְשָׁא וְחַטֹּאות אֵלָה בְנוֹ אֲשֶׁר חָטְאוּ וַאֲשֶׁר הֶחֱטִיאוּ אֶת־יִשְׂרָאֵל לְהַכְעִיס אֶת־יְהוָה אֱלֹהֵי יִשְׂרָאֵל בְּהַבְלֵיהֶם ׃	περὶ παςῶν ἁμαρτιῶν βααςὰ καὶ Ἠλὰ τοῦ υἱοῦ αὐτοῦ, ὡς ἐξήμαρτεν τὸν Ἰσραὴλ τοῦ παροργίσαι Κύριον τὸν θεὸν Ἰσραὴλ ἐν τοῖς ματαίοις αὐτῶν.	propter universa peccata Baasa et peccata Hela filii eius qui peccaverunt et peccare fecerunt Israhel provocantes Dominum Deum Israhel in vanitatibus suis	propter universa peccata Baasa, et peccata Ela filii ejus, qui peccaverunt, et peccare fecerunt Israël, provocantes Dominum Deum Israël in vanitatibus suis.		For all the sins of Baasha, and the sins of Elah his son, by which they sinned, and by which they made Israel to sin, in provoking the Lord God of Israel to anger with their vanities.
1Kgs	16	14	וְיֶתֶר דִּבְרֵי אֵלָה וְכָל־אֲשֶׁר עָשָׂה הֲלוֹא־הֵם כְּתוּבִים עַל־סֵפֶר דִּבְרֵי הַיָּמִים לְמַלְכֵי יִשְׂרָאֵל ׃ פ	καὶ τὰ λοιπὰ τῶν λόγων Ἠλὰ ἅ ἐποίησεν, οὐκ ἰκοὺ ταῦτα γεγραμμένα ἐν βιβλίῳ λόγων τῶν ἡμερῶν τῶν βασιλέων Ἰσραήλ;	reliqua autem sermonum Hela et omnia quae fecit nonne haec scripta sunt in libro verborum dierum regum Israhel	Reliqua autem sermonum Ela, et omnia quæ fecit, nonne hæc scripta sunt in libro verborum dierum regum Israël?		Now the rest of the acts of Elah, and all that he did, are they not written in the book of the chronicles of the kings of Israel?
1Kgs	16	15	בִּשְׁנַת עֶשְׂרִים וָשֶׁבַע שָׁנָה לְאָסָא מֶלֶךְ יְהוּדָה מָלַךְ זִמְרִי שִׁבְעַת יָמִים בְּתִרְצָה וְהָעָם חֹנִים עַל־גִּבְּתוֹן אֲשֶׁר לַפְּלִשְׁתִּים ׃	Καὶ Ζαμβρεὶ ἐβασίλευσεν ἑπτὰ ἔτη ἐν Θερσά· καὶ ἡ παρεμβολὴ Ἰσραὴλ ἐπὶ Γαβαὼν τὴν τῶν ἀλλοφύλων.	anno vicesimo et septimo Asa regis Iuda regnavit Zamri septem diebus in Thersa porro exercitus obsidebat Gebbethon urbem Philisthinorum	Anno vigesimo septimo Asa regis Juda, regnavit Zambri septem diebus in Thersa: porro exercitus obsidebat Gebbethon urbem Philisthinorum.		In the twenty and seventh year of Asa king of Judah did Zimri reign seven days in Tirzah. And the people were encamped against Gibbethon, which belonged to the Philistines.
1Kgs	16	16	וַיִּשְׁמַע הָעָם הַחֹנִים לֵאמֹר קָשַׁר זִמְרִי וְגַם הִכָּה אֶת־הַמֶּלֶךְ וַיַּמְלִכוּ כָל־יִשְׂרָאֵל אֶת־עָמְרִי שַׂר־צָבָא עַל־יִשְׂרָאֵל בַּיּוֹם הַהוּא בַּמַּחֲנֶה ׃	καὶ ἤκουσεν ὁ λαὸς ἐν τῇ παρεμβολῇ λεγόντων Συνεστράφη Ζαμβρεὶ καὶ ἔπαισεν τὸν βασιλέα· καὶ ἐβασίλευσαν ἐν Ἰ σραὴλ τὸν Ζαμβρεὶ τὸν ἡγούμενον τῆς στρατείας ἐπὶ Ἰσραὴλ ἐν τῇ ἡμέρᾳ ἐκείνῃ ἐν τῇ παρεμβολῇ.	cumque audisset rebellasse Zamri et occidisse regem fecit sibi regem omnis Israhel Amri qui erat princeps militiae super Israhel in die illa in castris	Cumque audisset rebellasse Zambri, et occidisse regem, fecit sibi regem omnis Israël Amri, qui erat princeps militiæ super Israël in die illa in castris.		And the people that were encamped heard say, Zimri hath conspired, and hath also slain the king: wherefore all Israel made Omri, the captain of the host, king over Israel that day in the camp.
1Kgs	16	17	וַיַּעֲלֶה עָמְרִי וְכָל־יִשְׂרָאֵל עִמּוֹ מִגִּבְּתוֹן וַיָּצֻרוּ עַל־תִּרְצָה ׃	καὶ ἀνέβη Ζαθβερὶ καὶ πᾶς Ἰσραὴλ μετ’ αὐτοῦ ἐν Γαβαθὼν καὶ περιεκάισαν ἐπὶ θερσό.	ascendit ergo Amri et omnis Israhel cum eo de Gebbethon et obsidebant Thersa	Ascendit ergo Amri, et omnis Israël cum eo, de Gebbethon, et obsidebant Thersa.		And Omri went up from Gibbethon, and all Israel with him, and they besieged Tirzah.
1Kgs	16	18	וַיְהִי כִּרְאוֹת זִמְרִי כִּי־נִלְכְּדָה הָעִיר וַיָּבֹא אֶל־אַרְמוֹן בֵּית־הַמֶּלֶךְ וַיִּשְׂרֹף עָלָיו אֶת־בֵּית־מֶלֶךְ בָּאֵשׁ וַיָּמֹת ׃	καὶ ἐγεήθη ὡς εἶδεν ζαμβεὶ ὅτι προκατείλημπται αὐτοῦ ἡ πόλις, καὶ πορεύονται εἰς ἄντρον τοῦ οἴκου τοῦ βασιλέως. καὶ ἐνεπύρισεν ὁ βασιλεῦς ἐπ’ αὐτὸ τὸν οἶκον τοῦ βασιλώς, καὶ ἀπέθανεν·	videns autem Zamri quod expugnanda esset civitas ingressus est palatium et succendit secum domum regiam et mortuus est	Videns autem Zambri quod expugnanda esset civitas, ingressus est palatium, et succendit se cum domo regia: et mortuus est		And it came to pass, when Zimri saw that the city was taken, that he went into the palace of the king's house, and burnt the king's house over him with fire, and died.
1Kgs	16	19	עַל־חַטָּאתוֹ אֲשֶׁר חָטָא לַעֲשׂוֹת הָרַע בְּעֵינֵי יְהוָה לָלֶכֶת בְּדֶרֶךְ יָרָבְעָם וּבְחַטָּאתוֹ אֲשֶׁר עָשָׂה לְהַחֲטִיא אֶת־יִשְׂרָאֵל ׃	ὑπὲρ τῶν ἀμαρτιὼν αὐτοῦ ὦν ἐποίησεν τοῦ ποιῆσαι τὸ πονηρὸν ἐνώπιον Κυρίου, πορευθῆναι ἐν ὁδῷ Ἰεροβοὰμ υἱοῦ Ναβὰτ καὶ ἐν ταῖς ἁμαβτίαις αὐτοῦ, ὠς ἐξήμαρτεν τὸν Ἰσραήλ.	in peccatis suis quae peccaverat faciens malum coram Domino et ambulans in via Hieroboam et in peccato eius quo fecit peccare Israhel	in peccatis suis quæ peccaverat, faciens malum coram Domino, et ambulans in via Jeroboam, et in peccato ejus, quo fecit peccare Israël.		For his sins which he sinned in doing evil in the sight of the Lord, in walking in the way of Jeroboam, and in his sin which he did, to make Israel to sin.
1Kgs	16	20	וְיֶתֶר דִּבְרֵי זִמְרִי וְקִשְׁרוֹ אֲשֶׁר קָשָׁר הֲלֹא־הֵם כְּתוּבִים עַל־סֵפֶר דִּבְרֵי הַיָּמִים לְמַלְכֵי יִשְׂרָאֵל ׃ פ	καὶ τὰ λοιπὰ τῶν λόγων ζαμβρεὶ καὶ τὰς συνάψεις αὐτοῦ ἃς συνῆψεν, οὐκ ἰδοὺ ταῦτα γεγραμμένα ἐν βιβλίῳ λόγων τῶν ἡμερῶν τῶν βασιλέων Ἰσραήλ;	reliqua autem sermonum Zamri et insidiarum eius et tyrannidis nonne haec scripta sunt in libro verborum dierum regum Israhel	Reliqua autem sermonum Zambri, et insidiarum ejus, et tyrannidis, nonne hæc scripta sunt in libro verborum dierum regum Israël?		Now the rest of the acts of Zimri, and his treason that he wrought, are they not written in the book of the chronicles of the kings of Israel?
1Kgs	16	21	אָז יֵחָלֵק הָעָם יִשְׂרָאֵל לַחֵצִי חֲצִי הָעָם הָיָה אַחֲרֵי תִבְנִי בֶן־גִּינַת לְהַמְלִיכוֹ וְהַחֲצִי אַחֲרֵי עָמְרִי ׃	τότε μερίζεται ὁ λαός Ἰσραήλ· ἥμισυ τοῦ λαοῦ γίνεται ὀπίσω θαμνεὶ υἱοῦ Γωνὰθ τοῦ βασιλεῦσαι αὐτόν. καὶ τὸ ἥμισυ τοῦ λαοῦ γίνεται ὀπίσω Ζαμβρεί.	tunc divisus est populus Israhel in duas partes media pars populi sequebatur Thebni filium Gineth ut constitueret eum regem et media pars Amri	Tunc divisus est populus Israël in duas partes: media pars populi sequebatur Thebni filium Gineth, ut constitueret eum regem: et media pars Amri.		Then were the people of Israel divided into two parts: half of the people followed Tibni the son of Ginath, to make him king; and half followed Omri.
1Kgs	16	22	וַיֶּחֱזַק הָעָם אֲשֶׁר אַחֲרֵי עָמְרִי אֶת־הָעָם אֲשֶׁר אַחֲרֵי תִּבְנִי בֶן־גִּינַת וַיָּמָת תִּבְנִי וַיִּמְלֹךְ עָמְרִי ׃ פ	καὶ ἡττήθη ὁ λαὸς ὁ ὣν ὀπίσω θαμνεὶ υίοῦ Γωνάθ· καὶ ἀπέθανεν θαμνεὶ καὶ Ἰωρὰμ ὁ ἀδελφὸς αὐτοῦ ἐν τῷ καιρῷ ἐκείνῳ, καὶ έβασίλευσεν Ζαμβρεὶ μετὰ θαμνεί.	praevaluit autem populus qui erat cum Amri populo qui sequebatur Thebni filium Gineth mortuusque est Thebni et regnavit Amri	Prævaluit autem populus qui erat cum Amri, populo qui sequebatur Thebni filium Gineth: mortuusque est Thebni, et regnavit Amri.		But the people that followed Omri prevailed against the people that followed Tibni the son of Ginath: so Tibni died, and Omri reigned.
1Kgs	16	23	בִּשְׁנַת שְׁלֹשִׁים וְאַחַת שָׁנָה לְאָסָא מֶלֶךְ יְהוּדָה מָלַךְ עָמְרִי עַל־יִשְׂרָאֵל שְׁתֵּים עֶשְׂרֵה שָׁנָה בְּתִרְצָה מָלַךְ שֵׁשׁ־שָׁנִים ׃	ἐν τῷ ἐτει τῷ τριακοστῷ καὶ πρώτῳ τοῦ βασιλέως Ἀσὰ βασιλεύει Ζαμβρεὶ ἐπὶ Ἰσραὴλ δώδεκα ἔτη· ἐν θερςὰ βασιλεύει ἔξ ἐτη.	anno tricesimo primo Asa regis Iuda regnavit Amri super Israhel duodecim annis in Thersa regnavit sex annis	Anno trigesimo primo Asa regis Juda, regnavit Amri super Israël, duodecim annis: in Thersa regnavit sex annis.		In the thirty and first year of Asa king of Judah began Omri to reign over Israel, twelve years: six years reigned he in Tirzah.
1Kgs	16	24	וַיִּקֶן אֶת־הָהָר שֹׁמְרוֹן מֵאֶת שֶׁמֶר בְּכִכְּרַיִם כָּסֶף וַיִּבֶן אֶת־הָהָר וַיִּקְרָא אֶת־שֵׁם הָעִיר אֲשֶׁר בָּנָה עַל שֶׁם־שֶׁמֶר אֲדֹנֵי הָהָר שֹׁמְרוֹן ׃	καὶ ἐκτήσατο Ζαμβρεὶ τὸ ὄρος τὸ Σεμερὼν παρὰ Σέμηρ τοῦ κυρίου τοῦ ὄρους ἐν δύο ταλάντων ἀργυρίου, καὶ ῲκοδόμησεν τὸ ὄρος· καὶ ἐπεκάλεσαν τὸ ὄνομα τοῦ ὄρους οὖ ῲκοδόμησαν ἐπὶ τῷ ὁνόματι Σάρηρ τοῦ κυρίου τοῦ ὄρους Σαεμηρών.	emitque montem Samariae a Somer duobus talentis argenti et aedificavit eam et vocavit nomen civitatis quam extruxerat nomine Somer domini montis Samariae	Emitque montem Samariæ a Somer duobus talentis argenti: et ædificavit eum, et vocavit nomen civitatis quam exstruxerat, nomine Semer domini montis, Samariam.		And he bought the hill Samaria of Shemer for two talents of silver, and built on the hill, and called the name of the city which he built, after the name of Shemer, owner of the hill, Samaria.
1Kgs	16	25	וַיַּעֲשֶׂה עָמְרִי הָרַע בְּעֵינֵי יְהוָה וַיָּרַע מִכֹּל אֲשֶׁר לְפָנָיו ׃	καὶ ἐποίησεν Σαμβρεὶ τὸ πονηρὸν ἐνώπιον Κυρίου· ἐπονηρεύσατο ὑπὲρ παάντας τοὺς γευομένους ἔμπροσθεν αὐτοῦ.	fecit autem Amri malum in conspectu Domini et operatus est nequiter super omnes qui fuerant ante eum	Fecit autem Amri malum in conspectu Domini, et operatus est nequiter, super omnes qui fuerunt ante eum.		But Omri wrought evil in the eyes of the Lord, and did worse than all that were before him.
1Kgs	16	26	וַיֵּלֶךְ בְּכָל־דֶּרֶךְ יָרָבְעָם בֶּן־נְבָט וּבְחַטֹּאתָיו אֲשֶׁר הֶחֱטִיא אֶת־יִשְׂרָאֵל לְהַכְעִיס אֶת־יְהוָה אֱלֹהֵי יִשְׂרָאֵל בְּהַבְלֵיהֶם ׃	καὶ ἐπορεύθη ἐν πάςῃ ὀδῷ Ἰεροβοὰμ υίοῦ Ναβὰτ καὶ ἐν ταῖς ἁμαρτίαις αὐτοῦ αἶς ἐξήμαρτεν τὸν Ἰσραὴλ τοῦ παροργίσαι ἐν τοῖς ματαίοις αὐτῶν.	ambulavitque in omni via Hieroboam filii Nabath et in peccatis eius quibus peccare fecerat Israhel ut inritaret Dominum Deum Israhel in vanitatibus suis	Ambulavitque in omni via Jeroboam filii Nabat, et in peccatis ejus quibus peccare fecerat Israël, ut irritaret Dominum Deum Israël in vanitatibus suis.		For he walked in all the way of Jeroboam the son of Nebat, and in his sin wherewith he made Israel to sin, to provoke the Lord God of Israel to anger with their vanities.
1Kgs	16	27	וְיֶתֶר דִּבְרֵי עָמְרִי אֲשֶׁר עָשָׂה וּגְבוּרָתוֹ אֲשֶׁר עָשָׂה הֲלֹא־הֵם כְּתוּבִים עַל־סֵפֶר דִּבְרֵי הַיָּמִים לְמַלְכֵי יִשְׂרָאֵל ׃	καὶ τὰ λοιπὰ τῶν λόγων Ζαμβρεὶ καὶ πάντα ἃ ἐποίησεν καὶ ἡ δδυναστεία αὐτοῦ, οὐκ ἰδοὺ ταῦτα γεγραμμένα ἐν βιβλίῳ λόγων τῶν ἡμερῶν βασιλέων Ἰσραήλ;	reliqua autem sermonum Amri et proelia eius quae gessit nonne haec scripta sunt in libro verborum dierum regum Israhel	Reliqua autem sermonum Amri, et prælia ejus quæ gessit, nonne hæc scripta sunt in libro verborum dierum regum Israël?		Now the rest of the acts of Omri which he did, and his might that he shewed, are they not written in the book of the chronicles of the kings of Israel?
1Kgs	16	28	וַיִּשְׁכַּב עָמְרִי עִם־אֲבֹתָיו וַיִּקָּבֵר בְּשֹׁמְרוֹן וַיִּמְלֹךְ אַחְאָב בְּנוֹ תַּחְתָּיו ׃ פ	καὶ ἐκοιμήθη Ζαμβρεὶ τῶν πατέρων αὐτοῦ, καὶ Θάπτεται ἐν Σαμαρείᾳ· καὶ βασιλεύει Ἀχαὰβ οἱὸς αὐτοῦ ἀντ’ αὐτοῦ.	et dormivit Amri cum patribus suis et sepultus est in Samaria regnavitque Ahab filius eius pro eo	Dormivitque Amri cum patribus suis, et sepultus est in Samaria: regnavitque Achab filius ejus pro eo.		So Omri slept with his fathers, and was buried in Samaria: and Ahab his son reigned in his stead.
1Kgs	16	29	וְאַחְאָב בֶּן־עָמְרִי מָלַךְ עַל־יִשְׂרָאֵל בִּשְׁנַת שְׁלֹשִׁים וּשְׁמֹנֶה שָׁנָה לְאָסָא מֶלֶךְ יְהוּדָה וַיִּמְלֹךְ אַחְאָב בֶּן־עָמְרִי עַל־יִשְׂרָאֵל בְּשֹׁמְרוֹן עֶשְׂרִים וּשְׁתַּיִם שָׁנָה ׃	Ἐν ἔτει δευτέρῳ τῷ Ἰωσαφὰθ βασιλεύει Ἀχαὰβ υἱὸς Ζαμβρεί· ἐβασίλευσεν ἐπὶ Ἰσραὴλ ἐν Σαμαρείᾳ εἴκοσι καὶ δύο ἔτη.	Ahab vero filius Amri regnavit super Israhel anno tricesimo octavo Asa regis Iuda et regnavit Ahab filius Amri super Israhel in Samaria viginti et duobus annis	Achab vero filius Amri regnavit super Israël anno trigesimo octavo Asa regis Juda. Et regnavit Achab filius Amri super Israël in Samaria viginti et duobus annis.		And in the thirty and eighth year of Asa king of Judah began Ahab the son of Omri to reign over Israel: and Ahab the son of Omri reigned over Israel in Samaria twenty and two years.
1Kgs	16	30	וַיַּעַשׂ אַחְאָב בֶּן־עָמְרִי הָרַע בְּעֵינֵי יְהוָה מִכֹּל אֲשֶׁר לְפָנָיו ׃	καὶ ἐποίησεν Ἀχαὰβ τὸ πονηρὸν ἐνώπιον Κυρίου· ἐπονηρεύσατο ὑπὲρ πάντας τοὺς ἔμπροςθεν αὐτοῦ.	et fecit Ahab filius Amri malum in conspectu Domini super omnes qui fuerunt ante eum	Et fecit Achab filius Amri malum in conspectu Domini super omnes qui fuerunt ante eum.		And Ahab the son of Omri did evil in the sight of the Lord above all that were before him.
1Kgs	16	31	וַיְהִי הֲנָקֵל לֶכְתּוֹ בְּחַטֹּאות יָרָבְעָם בֶּן־נְבָט וַיִּקַּח אִשָּׁה אֶת־אִיזֶבֶל בַּת־אֶתְבַּעַל מֶלֶךְ צִידֹנִים וַיֵּלֶךְ וַיַּעֲבֹד אֶת־הַבַּעַל וַיִּשְׁתַּחוּ לוֹ ׃	καὶ οὐκ ἦν αὐτῷ ἱκανὸν τοῦ πορεύεσθαι ἐν ταῖς ἁμαρτίαις Ἰεροβοὰμ υἱοῦ Nαβάτ, καὶ ἔλαβεν γυναῖκα τὴν Ἰεζάβελ θυγατέρα Ἰεθεβάαλ βασιλέως Σιδωνίων, καὶ ἐπορεύθη καὶ ἐδούλευσεν τῷ Βάαλ καὶ προσεκύνησεν αὐτῷ.	nec suffecit ei ut ambularet in peccatis Hieroboam filii Nabath insuper duxit uxorem Hiezabel filiam Ethbaal regis Sidoniorum et abiit et servivit Baal et adoravit eum	Nec suffecit ei ut ambularet in peccatis Jeroboam filii Nabat: insuper duxit uxorem Jezabel filiam Ethbaal regis Sidoniorum. Et abiit, et servivit Baal, et adoravit eum.		And it came to pass, as if it had been a light thing for him to walk in the sins of Jeroboam the son of Nebat, that he took to wife Jezebel the daughter of Ethbaal king of the Zidonians, and went and served Baal, and worshipped him.
1Kgs	16	32	וַיָּקֶם מִזְבֵּחַ לַבָּעַל בֵּית הַבַּעַל אֲשֶׁר בָּנָה בְּשֹׁמְרוֹן ׃	καὶ ἔστησεν θυσιαστήριον τῷ Βάαλ ἐν οἴκῳ τῶν προσοχθισμάτων ἀυτοῦ ὃν ᾠκοδόμησεν ἐν Σαμαρείᾳ.	et posuit aram Baal in templo Baal quod aedificaverat in Samaria	Et posuit aram Baal in templo Baal, quod ædificaverat in Samaria,		And he reared up an altar for Baal in the house of Baal, which he had built in Samaria.
1Kgs	16	33	וַיַּעַשׂ אַחְאָב אֶת־הָאֲשֵׁרָה וַיּוֹסֶף אַחְאָב לַעֲשׂוֹת לְהַכְעִיס אֶת־יְהוָֹה אֱלֹהֵי יִשְׂרָאֵל מִכֹּל מַלְכֵי יִשְׂרָאֵל אֲשֶׁר הָיוּ לְפָנָיו ׃	καὶ ἐποίησεν Ἀχαὰβ ἄλσος· καὶ προσέθηκεν Ἀχαὰβ τοῦ ποιῆσαι παροργίσματα τοῦ παροργίσαι τὴν ψυχὴν αὐτοῦ, τοῦ ἐξολοθρευθῆναι· ἐκακοποίησεν ἡπὲρ πάντας τοὺς βασιλεῖς Ἰσραὴλ τοὺς γενομένους ἔμπροσθεν αὐτοῦ.	et plantavit lucum et addidit Ahab in opere suo inritans Dominum Deum Israhel super omnes reges Israhel qui fuerant ante eum	et plantavit lucum: et addidit Achab in opere suo, irritans Dominum Deum Israël super omnes reges Israël qui fuerunt ante eum.		And Ahab made a grove; and Ahab did more to provoke the Lord God of Israel to anger than all the kings of Israel that were before him.
1Kgs	16	34	בְּיָמָיו בָּנָה חִיאֵל בֵּית הָאֱלִי אֶת־יְרִיחֹה בַּאֲבִירָם בְּכֹרוֹ יִסְּדָהּ וּבִשְׂגִיב צְעִירוֹ הִצִּיב דְּלָתֶיהָ כִּדְבַר יְהוָה אֲשֶׁר דִּבֶּר בְּיַד יְהוֹשֻׁעַ בִּן־נוּן ׃ ס	Ὠκοδόμησεν Ἀχειὴλ ὁ Βαιθηλείτης τὴν Ἰερειχώ· ἐν τῷ Ἀβειρὼν τῷ πρωτοτόκῳ αὐτοῦ ἐθεμελίωσεν αὐτήν, καὶ τῷ Ζεγοὺβ τῷ νεωτέρῳ αὐτοῦ ἐπέστησεν θύρας αὐτῆς, κατὰ τὸ ῤῆμα Κυτίου ὃ ἐλάλησεν ἐν χειρὶ Ἰησοῦ υἱοῦ Ναυή.	in diebus eius aedificavit Ahiel de Bethel Hiericho in Abiram primitivo suo fundavit eam et in Segub novissimo suo posuit portas eius iuxta verbum Domini quod locutus fuerat in manu Iosue filii Nun	In diebus ejus ædificavit Hiel de Bethel Jericho: in Abiram primitivo suo fundavit eam, et in Segub novissimo suo posuit portas ejus, juxta verbum Domini quod locutus fuerat in manu Josue filii Nun.		In his days did Hiel the Bethelite build Jericho: he laid the foundation thereof in Abiram his firstborn, and set up the gates thereof in his youngest son Segub, according to the word of the Lord, which he spake by Joshua the son of Nun.
1Kgs	17	1	וַיֹּאמֶר אֵלִיָּהוּ הַתִּשְׁבִּי מִתֹּשָׁבֵי גִלְעָד אֶל־אַחְאָב חַי־יְהוָה אֱלֹהֵי יִשְׂרָאֵל אֲשֶׁר עָמַדְתִּי לְפָנָיו אִם־יִהְיֶה הַשָּׁנִים הָאֵלֶּה טַל וּמָטָר כִּי אִם־לְפִי דְבָרִי ׃ ס	Καὶ εἶπεν Ἠλειοὺ ὁ προφήτης ὁ Θεσβείτης ἐκ Θεσβὼν τῆς Γαλαὰδ πρὸς ἈΧαάβ Ζῇ Κύριος ο θεὸς τῶν δυνάμεων, ὁ θεὸς Ἰσραὴλ ᾧ παρέστην ἐνώπιον αὐτοῦ, εἰ ἔσται τὰ ἔτη ταῦτα δρόσος καὶ ὑετός· ὅτι εἰ μὴ διὰ στόματος λόγου μου.	et dixit Helias Thesbites de habitatoribus Galaad ad Ahab vivit Dominus Deus Israhel in cuius conspectu sto si erit annis his ros et pluvia nisi iuxta oris mei verba	Et dixit Elias Thesbites de habitatoribus Galaad ad Achab: Vivit Dominus Deus Israël, in cujus conspectu sto, si erit annis his ros et pluvia, nisi juxta oris mei verba.		And Elijah the Tishbite, who was of the inhabitants of Gilead, said unto Ahab, As the Lord God of Israel liveth, before whom I stand, there shall not be dew nor rain these years, but according to my word.
1Kgs	17	2	וַיְהִי דְבַר־יְהוָה אֵלָיו לֵאמֹר ׃	Καὶ ἐγένετο ῥῆμα Κυρίου πρὸς Ἠλειού	et factum est verbum Domini ad eum dicens	Et factum est verbum Domini ad eum, dicens:		And the word of the Lord came unto him, saying,
1Kgs	17	3	לֵךְ מִזֶּה וּפָנִיתָ לְּךָ קֵדְמָה וְנִסְתַּרְתָּ בְּנַחַל כְּרִית אֲשֶׁר עַל־פְּנֵי הַיַּרְדֵּן ׃	Πορεύου ἐντεῦθεν κατὰ ἀνατολάς, καὶ κρύβηθι ἐν τῷ χειμάρρῳ Χορρὰθ τοῦ ἐπὶ προσώπου τοῦ Ἰορδάνου.	recede hinc et vade contra orientem et abscondere in torrente Charith qui est contra Iordanem	Recede hinc, et vade contra orientem, et abscondere in torrente Carith, qui est contra Jordanem,		Get thee hence, and turn thee eastward, and hide thyself by the brook Cherith, that is before Jordan.
1Kgs	17	4	וְהָיָה מֵהַנַּחַל תִּשְׁתֶּה וְאֶת־הָעֹרְבִים צִוִּיתִי לְכַלְכֶּלְךָ שָׁם ׃	καὶ ἔσται ἐκ τοῦ χειμάρρου πίεσαι ὕδωρ, καὶ τοῖς κόραξιν ἐντελοῦμαι διατρέφειν σε ἐκεῖ.	et ibi de torrente bibes corvisque praecepi ut pascant te ibi	et ibi de torrente bibes: corvisque præcepi ut pascant te ibi.		And it shall be, that thou shalt drink of the brook; and I have commanded the ravens to feed thee there.
1Kgs	17	5	וַיֵּלֶךְ וַיַּעַשׂ כִּדְבַר יְהוָה וַיֵּלֶךְ וַיֵּשֶׁב בְּנַחַל כְּרִית אֲשֶׁר עַל־פְּנֵי הַיַּרְדֵּן ׃	καὶ ἐποίησεν Ἠλειοὺ κατὰ τὸ ῥῆμα Κυρίου, καὶ ἐκάδεισεν ἐν τῷ χειμάρρῳ Χορρὰθ ἐπὶ προςώπου τοῦ Ἰορδάνου.	abiit ergo et fecit iuxta verbum Domini cumque abisset sedit in torrente Charith qui est contra Iordanem	Abiit ergo, et fecit juxta verbum Domini: cumque abiisset, sedit in torrente Carith, qui est contra Jordanem.		So he went and did according unto the word of the Lord: for he went and dwelt by the brook Cherith, that is before Jordan.
1Kgs	17	6	וְהָעֹרְבִים מְבִיאִים לוֹ לֶחֶם וּבָשָׂר בַּבֹּקֶר וְלֶחֶם וּבָשָׂר בָּעָרֶב וּמִן־הַנַּחַל יִשְׁתֶּה ׃	καὶ οἱ κόρακες ἔφερον αὐτῷ ἄρτους τὸ πρωὶ καὶ κρέα τὸ δείλης, καὶ ἐκ τοῦ χειμάρρου ἔπινεν ὕδωρ.	corvi quoque deferebant panem et carnes mane similiter panem et carnes vesperi et bibebat de torrente	Corvi quoque deferebant ei panem et carnes mane, similiter panem et carnes vesperi, et bibebat de torrente.		And the ravens brought him bread and flesh in the morning, and bread and flesh in the evening; and he drank of the brook.
1Kgs	17	7	וַיְהִי מִקֵּץ יָמִים וַיִּיבַשׁ הַנָּחַל כִּי לֹא־הָיָה גֶשֶׁם בָּאָרֶץ ׃ ס	καὶ ἐγένετο μετὰ ἡμέρας καὶ ἐξηράνθη ὁ χειμάρρους, ὅτι οὐκ ἐγένετο ὑετὸς ἐπὶ τῆς γῆς.	post dies autem siccatus est torrens non enim pluerat super terram	Post dies autem siccatus est torrens: non enim pluerat super terram.		And it came to pass after a while, that the brook dried up, because there had been no rain in the land.
1Kgs	17	8	וַיְהִי דְבַר־יְהוָה אֵלָיו לֵאמֹר ׃	Καὶ ἐγένετο ῥῆμα Κυρίου κρὸς Ἠλειού	factus est igitur sermo Domini ad eum dicens	Factus est ergo sermo Domini ad eum, dicens:		And the word of the Lord came unto him, saying,
1Kgs	17	9	קוּם לֵךְ צָרְפַתָה אֲשֶׁר לְצִידוֹן וְיָשַׁבְתָּ שָׁם הִנֵּה צִוִּיתִי שָׁם אִשָּׁה אַלְמָנָה לְכַלְכְּלֶךָ ׃	Ἀνάστηθι καὶ πορεύου εἰς Σάρεπτα τῆς Σειδωνίας· ἰδοὺ ἐντέταλμαι ἐκεῖ γυναικὶ χήρᾳ τοῦ διατρέφειν σε.	surge et vade in Sareptha Sidoniorum et manebis ibi praecepi enim ibi mulieri viduae ut pascat te	Surge, et vade in Sarephta Sidoniorum, et manebis ibi: præcepi enim ibi mulieri viduæ ut pascat te.		Arise, get thee to Zarephath, which belongeth to Zidon, and dwell there: behold, I have commanded a widow woman there to sustain thee.
1Kgs	17	10	וַיָּקָם וַיֵּלֶךְ צָרְפַתָה וַיָּבֹא אֶל־פֶּתַח הָעִיר וְהִנֵּה־שָׁם אִשָּׁה אַלְמָנָה מְקֹשֶׁשֶׁת עֵצִים וַיִּקְרָא אֵלֶיהָ וַיֹּאמַר קְחִי־נָא לִי מְעַט־מַיִם בַּכְּלִי וְאֶשְׁתֶּה ׃	καὶ ἀνέστη καὶ ἐπορεύθη εἰς Σάρεπτα, εἰς τὸν πυλῶνα τῆς πόλεως· καὶ ἰδοὺ ἐκεῖ γυνὴ χήρα συνέλεγεν ξύλα, καὶ ἐβόησεν ὀπίσω αὐτῆς Ἠλειοὺ καὶ εἶπεν αὐτῇ Λάβε δὴ ὀλίγον ὕδωρ εἰς ἄγγος καὶ πίομαι.	surrexit et abiit Sareptham cumque venisset ad portam civitatis apparuit ei mulier vidua colligens ligna et vocavit eam dixitque da mihi paululum aquae in vase ut bibam	Surrexit, et abiit in Sarephta. Cumque venisset ad portam civitatis, apparuit ei mulier vidua colligens ligna, et vocavit eam, dixitque ei: Da mihi paululum aquæ in vase ut bibam.		So he arose and went to Zarephath. And when he came to the gate of the city, behold, the widow woman was there gathering of sticks: and he called to her, and said, Fetch me, I pray thee, a little water in a vessel, that I may drink.
1Kgs	17	11	וַתֵּלֶךְ לָקַחַת וַיִּקְרָא אֵלֶיהָ וַיֹּאמַר לִקְחִי־נָא לִי פַּת־לֶחֶם בְּיָדֵךְ ׃	καὶ ἐπορεύθη λαβεῖν, καὶ ἐβόησεν ὀπίσω αὐτῆς Ἠλειοὺ καὶ εἶπεν Λήμψῃ δή μοι ψωμὸν ἄρτου τοῦ ἐν τῇ χειρί σου.	cumque illa pergeret ut adferret clamavit post tergum eius dicens adfer mihi obsecro et buccellam panis in manu tua	Cumque illa pergeret ut afferret, clamavit post tergum ejus, dicens: Affer mihi, obsecro, et buccellam panis in manu tua.		And as she was going to fetch it, he called to her, and said, Bring me, I pray thee, a morsel of bread in thine hand.
1Kgs	17	12	וַתֹּאמֶר חַי־יְהוָה אֱלֹהֶיךָ אִם־יֶשׁ־לִי מָעוֹג כִּי אִם־מְלֹא כַף־קֶמַח בַּכַּד וּמְעַט־שֶׁמֶן בַּצַּפָּחַת וְהִנְנִי מְקֹשֶׁשֶׁת שְׁנַיִם עֵצִים וּבָאתִי וַעֲשִׂיתִיהוּ לִי וְלִבְנִי וַאֲכַלְנֻהוּ וָמָתְנוּ ׃	καὶ εἶπεν ἡ γυνή Ζῇ Κύριος ὁ θεός σου, εἰ ἔστιν μοι ἐνκρυφίας ἀλλ’ ἢ ὅσον δρὰξ ἀλεύρου ἐν τῇ ὑδρίᾳ, καὶ ὀλίγον ἔλαιον ἐν τῷ καψάκῃ· καὶ ἰδοὺ συλλέγω δύο ξυλάρια, καὶ εἰσελεύσομαι καὶ ποιήσω αὐτὸ ἐμαυτῇ καὶ τοῖς τέκνοις μου, καὶ φαγόμεθα, καὶ ἀποθανούμεθα.	quae respondit vivit Dominus Deus tuus quia non habeo panem nisi quantum pugillus capere potest farinae in hydria et paululum olei in lecytho en colligo duo ligna ut ingrediar et faciam illud mihi et filio meo ut comedamus et moriamur	Quæ respondit: Vivit Dominus Deus tuus, quia non habeo panem, nisi quantum pugillus capere potest farinæ in hydria, et paululum olei in lecytho: en colligo duo ligna ut ingrediar et faciam illum mihi et filio meo, ut comedamus, et moriamur.		And she said, As the Lord thy God liveth, I have not a cake, but an handful of meal in a barrel, and a little oil in a cruse: and, behold, I am gathering two sticks, that I may go in and dress it for me and my son, that we may eat it, and die.
1Kgs	17	13	וַיֹּאמֶר אֵלֶיהָ אֵלִיָּהוּ אַל־תִּירְאִי בֹּאִי עֲשִׂי כִדְבָרֵךְ אַךְ עֲשִׂי־לִי מִשָּׁם עֻגָה קְטַנָּה בָרִאשֹׁנָה וְהוֹצֵאתְ לִי וְלָךְ וְלִבְנֵךְ תַּעֲשִׂי בָּאַחֲרֹנָה ׃ ס	καὶ εἶπεν πρὸς αὐτὴν Ἠλειού Θάρσει, εἴσελθε καὶ ποίησον κατὰ τὸ ῥῆμά σου. ἀλλὰ ποίησον ἐμοὶ ἐκεῖθεν ἐνκρυφίαν μικρὸν ἐν πρώτοις καὶ ἐξοίσεις μοι, σαυτῇ δὲ καὶ τοῖς τέκνοις σου ποιήσεις ἐπ’ ἐσχάτου,	ad quam Helias ait noli timere sed vade et fac sicut dixisti verumtamen mihi primum fac de ipsa farinula subcinericium panem parvulum et adfer ad me tibi autem et filio tuo facies postea	Ad quam Elias ait: Noli timere, sed vade, et fac sicut dixisti: verumtamen mihi primum fac de ipsa farinula subcinericium panem parvulum, et affer ad me: tibi autem et filio tuo facies postea.		And Elijah said unto her, Fear not; go and do as thou hast said: but make me thereof a little cake first, and bring it unto me, and after make for thee and for thy son.
1Kgs	17	14	כִּי כֹה אָמַר יְהוָה אֱלֹהֵי יִשְׂרָאֵל כַּד הַקֶּמַח לֹא תִכְלָה וְצַפַּחַת הַשֶּׁמֶן לֹא תֶחְסָר עַד יוֹם תֵּתן־יְהוָה גֶּשֶׁם עַל־פְּנֵי הָאֲדָמָה ׃	ὅτι τάδε λέγει Κύριος Ἡ υδρία τοῦ ἀλεύρου οὐκ ἐκλείψειν καὶ ὁ καψάκης τοῦ ἐλαίου οὐκ ἐλαττονήσει ἕως ἡμέρας τοῦ δοῦναι Κύριον τὸν ὑετὸν ἐπὶ τῆς γῆς.	haec autem dicit Dominus Deus Israhel hydria farinae non deficiet nec lecythus olei minuetur usque ad diem in qua daturus est Dominus pluviam super faciem terrae	Hæc autem dicit Dominus Deus Israël: Hydria farinæ non deficiet, nec lecythus olei minuetur, usque ad diem in qua Dominus daturus est pluviam super faciem terræ.		For thus saith the Lord God of Israel, The barrel of meal shall not waste, neither shall the cruse of oil fail, until the day that the Lord sendeth rain upon the earth.
1Kgs	17	15	וַתֵּלֶךְ וַתַּעֲשֶׂה כִּדְבַר אֵלִיָּהוּ וַתֹּאכַל הִוא־וָהיּא וּבֵיתָהּ יָמִים ׃	καὶ ἐπορεύθη ἡ γυνῆ καὶ ἐποίησεν· καὶ ἤσθιεν αὐτὴν καὶ αὐτὸς καὶ τὰ τέκνα αὐτῆς.	quae abiit et fecit iuxta verbum Heliae et comedit ipse et illa et domus eius et ex illa die	Quæ abiit, et fecit juxta verbum Eliæ: et comedit ipse, et illa, et domus ejus: et ex illa die		And she went and did according to the saying of Elijah: and she, and he, and her house, did eat many days.
1Kgs	17	16	כַּד הַקֶּמַח לֹא כָלָתָה וְצַפַּחַת הַשֶּׁמֶן לֹא חָסֵר כִּדְבַר יְהוָה אֲשֶׁר דִּבֶּר בְּיַד אֵלִיָּהוּ ׃ פ	καὶ ἡ ὑδρία τοῦ ἀλεύρου οὐκ ἐξέλιπεν καὶ ὁ καψάκης τοῦ ἐλαίου οὐκ ἐλαττονώθη, κατὰ τὸ ῥῆμα Κυρίου ὃ ἐλάλησεν ἐν χειρὶ Ἠλειού.	hydria farinae non defecit et lecythus olei non est inminutus iuxta verbum Domini quod locutus fuerat in manu Heliae	hydria farinæ non defecit, et lecythus olei non est imminutus, juxta verbum Domini quod locutus fuerat in manu Eliæ.		And the barrel of meal wasted not, neither did the cruse of oil fail, according to the word of the Lord, which he spake by Elijah.
1Kgs	17	17	וַיְהִי אַחַר הַדְּבָרִים הָאֵלֶּה חָלָה בֶּן־הָאִשָּׁה בַּעֲלַת הַבָּיִת וַיְהִי חָלְיוֹ חָזָק מְאֹד עַד אֲשֶׁר לֹא־נוֹתְרָה־בּוֹ נְשָׁמָה ׃	καὶ ἐγένετο μετὰ ταῦτα καὶ ἠρρώστησεν ὁ υἱὸς τῆς γυναικὸς τῆς κυρίας τοῦ οἴκου· καὶ ἦν ἡ ἀρρωστία αὐτοῦ κραταιὰ σφόδρα ἕως οὖ οὐχ ὑπελείφθη ἐν αὐτῷ πνεῦμα.	factum est autem post verba haec aegrotavit filius mulieris matris familiae et erat languor fortis nimis ita ut non remaneret in eo halitus	Factum est autem post hæc, ægrotavit filius mulieris matrisfamilias, et erat languor fortissimus, ita ut non remaneret in eo halitus.		And it came to pass after these things, that the son of the woman, the mistress of the house, fell sick; and his sickness was so sore, that there was no breath left in him.
1Kgs	17	18	וַתֹּאמֶר אֶל־אֵלִיָּהוּ מַה־לִּי וָלָךְ אִישׁ הָאֱלֹהִים בָּאתָ אֵלַי לְהַזְכִּיר אֶת־עֲוֹנִי וּלְהָמִית אֶת־בְּנִי ׃	καὶ εἶπεν πρὸς Ἠλειού Τί ἐμοὶ καὶ σοί, ὁ ἄνθρωπος τοῦ θεοῦ; εἰσηλθες πρὸς μὲ τοῦ ἀναμνῆσαι ἀδικίας μου καὶ θανατῶσαι τὸν υἱόν μου;	dixit ergo ad Heliam quid mihi et tibi vir Dei ingressus es ad me ut rememorarentur iniquitates meae et interficeres filium meum	Dixit ergo ad Eliam: Quid mihi et tibi, vir Dei? ingressus es ad me, ut rememorarentur iniquitates meæ, et interficeres filium meum?		And she said unto Elijah, What have I to do with thee, O thou man of God? art thou come unto me to call my sin to remembrance, and to slay my son?
1Kgs	17	19	וַיֹּאמֶר אֵלֶיהָ תְּנִי־לִי אֶת־בְּנֵךְ וַיִּקָּחֵהוּ מֵחֵיקָהּ וַיַּעֲלֵהוּ אֶל־הָעֲלִיָּה אֲשֶׁר־הוּא יֹשֵׁב שָׁם וַיַּשְׁכִּבֵהוּ עַל־מִטָּתוֹ ׃	καὶ εἶπεν Ἠλειοὺ πρὸς τὴν γυναῖκα Δός μοι τὸν υἱόν σου. καὶ ἔλαβεν αὐτὸν ἐκ τοῦ κόλπου αὐτῆς καὶ ἀνήνεγκεν αὐτὸν εἰς τὸ ὑπερῷον ἐν ᾦ αὐτὸς ἐκάθητο ἐκεῖ, καὶ ἐκοίμισεν αὐτὸν ἐπὶ τῆς κλίνης.	et ait ad eam da mihi filium tuum tulitque eum de sinu illius et portavit in cenaculum ubi ipse manebat et posuit super lectulum suum	Et ait ad eam Elias: Da mihi filium tuum. Tulitque eum de sinu ejus, et portavit in cœnaculum ubi ipse manebat, et posuit super lectulum suum.		And he said unto her, Give me thy son. And he took him out of her bosom, and carried him up into a loft, where he abode, and laid him upon his own bed.
1Kgs	17	20	וַיִּקְרָא אֶל־יְהוָה וַיֹּאמַר יְהוָה אֱלֹהָי הֲגַם עַל־הָאַלְמָנָה אֲשֶׁר־אֲנִי מִתְגּוֹרֵר עִמָּהּ הֲרֵעוֹתָ לְהָמִית אֶת־בְּנָהּ ׃	καὶ ἀνεβόησεν Ἠλειοὺ καὶ εἶπεν Οἴμοι Κύριε, ὁ μάρτυς τῆ ς χήρας μεθ’ ἦς ἐγὼ κατοικῶ μετ’ αὐτῆς, σὺ κεκάκωκας τοῦ θανατῶσαι τὸν υἱὸν αὐτῆς.	et clamavit ad Dominum et dixit Domine Deus meus etiamne viduam apud quam ego utcumque sustentor adflixisti ut interficeres filium eius	Et clamavit ad Dominum, et dixit: Domine Deus meus, etiam ne viduam apud quam ego utcumque sustentor, afflixisti ut interficeres filium ejus?		And he cried unto the Lord, and said, O Lord my God, hast thou also brought evil upon the widow with whom I sojourn, by slaying her son?
1Kgs	17	21	וַיִּתְמֹדֵד עַל־הַיֶּלֶד שָׁלֹשׁ פְּעָמִים וַיִּקְרָא אֶל־יְהוָה וַיֹּאמַר יְהוָה אֱלֹהָי תָּשָׁב נָא נֶפֶשׁ־הַיֶּלֶד הַזֶּה עַל־קִרְבּוֹ ׃	καὶ ἐνεφύσησεν τῷ παιδαρίῳ τρίς, καὶ ἐπεκαλέσατο τὸν κύριον καὶ εἶπεν Κύριε ὁ θεός μου, ἐπιστραφήτω δὴ ἡ ψυχὴ τοῦ παιδαρίου τούτου εις αὐτόν.	et expandit se atque mensus est super puerum tribus vicibus clamavitque ad Dominum et ait Domine Deus meus revertatur oro anima pueri huius in viscera eius	Et expandit se, atque mensus est super puerum tribus vicibus, et clamavit ad Dominum, et ait: Domine Deus meus, revertatur, obsecro, anima pueri hujus in viscera ejus.		And he stretched himself upon the child three times, and cried unto the Lord, and said, O Lord my God, I pray thee, let this child's soul come into him again.
1Kgs	17	22	וַיִּשְׁמַע יְהוָה בְּקוֹל אֵלִיָּהוּ וַתָּשָׁב נֶפֶשׁ־הַיֶּלֶד עַל־קִרְבּוֹ וַיֶּחִי ׃	καὶ ἐγένετο οὕτως, καὶ αὐνεβόησεν τὸ παιδάριον.	exaudivit Dominus vocem Heliae et reversa est anima pueri intra eum et revixit	Et exaudivit Dominus vocem Eliæ: et reversa est anima pueri intra eum, et revixit.		And the Lord heard the voice of Elijah; and the soul of the child came into him again, and he revived.
1Kgs	17	23	וַיִּקַּח אֵלִיָּהוּ אֶת־הַיֶּלֶד וַיֹּרִדֵהוּ מִן־הָעֲלִיָּה הַבַּיְתָה וַיִּתְּנֵהוּ לְאִמּוֹ וַיֹּאמֶר אֵלִיָּהוּ רְאִי חַי בְּנֵךְ ׃	καὶ κατήγαγεν αὐτὸν ἀπὸ τοῦ ὑπερᾠου εἰς τὸν οἶκον καὶ ἔδωκεν αὐτὸν τῇ μητρὶ αὐτοῦ· καὶ εἶπεν Ἠλειού Βλέπε, ζῇ ὁ υἱός σου.	tulitque Helias puerum et deposuit eum de cenaculo in inferiorem domum et tradidit matri suae et ait illi en vivit filius tuus	Tulitque Elias puerum, et deposuit eum de cœnaculo in inferiorem domum, et tradidit matri suæ, et ait illi: En vivit filius tuus.		And Elijah took the child, and brought him down out of the chamber into the house, and delivered him unto his mother: and Elijah said, See, thy son liveth.
1Kgs	17	24	וַתֹּאמֶר הָאִשָּׁה אֶל־אֵלִיָּהוּ עַתָּה זֶה יָדַעְתִּי כִּי אִישׁ אֱלֹהִים אָתָּה וּדְבַר־יְהוָה בְּפִיךָ אֱמֶת ׃ פ	καὶ εἶπεν ἡ γυνὴ πρὸς Ἠλειού Ἰδοὺ ἔγνωκα ὅτι σὺ ἄνθρωπος θεοῦ, καὶ ῥῆμα Κυρίου ἐν στόματί σου ἀληθινόν.	dixitque mulier ad Heliam nunc in isto cognovi quoniam vir Dei es tu et verbum Domini in ore tuo verum est	Dixitque mulier ad Eliam: Nunc in isto cognovi quoniam vir Dei es tu, et verbum Domini in ore tuo verum est.		And the woman said to Elijah, Now by this I know that thou art a man of God, and that the word of the Lord in thy mouth is truth.
1Kgs	18	1	וַיְהִי יָמִים רַבִּים וּדְבַר־יְהוָה הָיָה אֶל־אֵלִיָּהוּ בַּשָּׁנָה הַשְּׁלִישִׁית לֵאמֹר לֵךְ הֵרָאֵה אֶל־אַחְאָב וְאֶתְּנָה מָטָר עַל־פְּנֵי הָאֲדָמָה ׃	Καὶ ἐγένετο μεθ’ ἡμέρας πολλὰς καὶ ῥῆμα Κυρίου ἐγένετο πρὸς ἠλειοὺ ἐν τῷ ἐνιαυτῷ τῷ τρίτῳ λέγων Πορεύθητι καὶ ὄφθητι τῷ Ἀχαάβ, καὶ δώσω ὑετὸν ἐπὶ πρόσωπον τῆς γῆς.	post dies multos verbum Domini factum est ad Heliam in anno tertio dicens vade et ostende te Ahab ut dem pluviam super faciem terrae	Post dies multos factum est verbum Domini ad Eliam, in anno tertio, dicens: Vade, et ostende te Achab, ut dem pluviam super faciem terræ.		And it came to pass after many days, that the word of the Lord came to Elijah in the third year, saying, Go, shew thyself unto Ahab; and I will send rain upon the earth.
1Kgs	18	2	וַיֵּלֶךְ אֵלִיָּהוּ לְהֵרָאוֹת אֶל־אַחְאָב וְהָרָעָב חָזָק בְּשֹׁמְרוֹן ׃	καὶ ἐπορεύθη Ἠλειοὺ τοῦ ὀφθῆναι τῷ Ἀχααβ, και ἡ λιμὸς καραταιὰ ἐν Σαμαρείᾳ.	ivit ergo Helias ut ostenderet se Ahab erat autem fames vehemens in Samaria	Ivit ergo Elias, ut ostenderet se Achab: erat autem fames vehemens in Samaria.		And Elijah went to shew himself unto Ahab. And there was a sore famine in Samaria.
1Kgs	18	3	וַיִּקְרָא אַחְאָב אֶל־עֹבַדְיָהוּ אֲשֶׁר עַל־הַבָּיִת וְעֹבַדְיָהוּ הָיָה יָרֵא אֶת־יְהוָה מְאֹד ׃	καὶ ἐκάλεσεν Άχαὰβ τὸν Άβδειοὺ τὸν οἰκονόμον· καὶ Ἀβδειου ἦν Φοβούμενος τὸν κύριον σφόδρα.	vocavitque Ahab Abdiam dispensatorem domus suae Abdias autem timebat Dominum valde	Vocavitque Achab Abdiam dispensatorem domus suæ: Abdias autem timebat Dominum valde.		And Ahab called Obadiah, which was the governor of his house. (Now Obadiah feared the Lord greatly:
1Kgs	18	4	וַיְהִי בְּהַכְרִית אִיזֶבֶל אֵת נְבִיאֵי יְהוָה וַיִּקַּח עֹבַדְיָהוּ מֵאָה נְבִאִים וַיַּחְבִּיאֵם חֲמִשִּׁים אִישׁ בַּמְּעָרָה וְכִלְכְּלָם לֶחֶם וָמָיִם ׃	καὶ ἐγένετο ἐν τῷ τύπτειν τὴν Ἰεζάβελ τοὺς προφήτας κυρίου καὶ ἒλαβεν Ἀβδειοὺ ἑδατὸν ἂνδρας Προφήτας καὶ ἒκρυψεν αὐτοὺς κατὰ πεντήκοντα ἐν σπηλαίῳ, καὶ Διέτρεθεν αὐτοῦς ἐν ἒρτῳ καὶ ὓδατι.	nam cum interficeret Hiezabel prophetas Domini tulit ille centum prophetas et abscondit eos quinquagenos in speluncis et pavit eos pane et aqua	Nam cum interficeret Jezabel prophetas Domini, tulit ille centum prophetas, et abscondit eos quinquagenos et quinquagenos in speluncis, et pavit eos pane et aqua.		For it was so, when Jezebel cut off the prophets of the Lord, that Obadiah took an hundred prophets, and hid them by fifty in a cave, and fed them with bread and water.)
1Kgs	18	5	וַיֹּאמֶר אַחְאָב אֶל־עֹבַדְיָהוּ לֵךְ בָּאָרֶץ אֶל־כָּל־מַעְיְנֵי הַמַּיִם וְאֶל כָּל־הַנְּחָלִים אוּלַי נִמְצָא חָצִיר וּנְחַיֶּה סוּס וָפֶרֶד וְלוֹא נַכְרִית מֵהַבְּהֵמָה ׃	καὶ εἶπεν Ἀχαὰβ πρὸς Ἀβδειού Δεῦρο καὶ διέλθωμεν ἐπὶ τὴν γῆν ἐπὶ πηγὰς τῶν ὑδάτων καὶ ἐπὶ χειμάρρους, ἐάν πως εὓρωμεν βοτάνην καὶ ππεριποιηςώμεθα ἲππους καὶ ἡμιόνους, καὶ οὐκ ἐξολοθρευθήσονται ἀπὸ τῶν σκηνῶν.	dixit ergo Ahab ad Abdiam vade in terram ad universos fontes aquarum et in cunctas valles si forte invenire possimus herbam et salvare equos et mulos et non penitus iumenta intereant	Dixit ergo Achab ad Abdiam: Vade in terram ad universos fontes aquarum, et in cunctas valles, si forte possimus invenire herbam, et salvare equos et mulos, et non penitus jumenta intereant.		And Ahab said unto Obadiah, Go into the land, unto all fountains of water, and unto all brooks: peradventure we may find grass to save the horses and mules alive, that we lose not all the beasts.
1Kgs	18	6	וַיְחַלְּקוּ לָהֶם אֶת־הָאָרֶץ לַעֲבָר־בָּהּ אַחְאָב הָלַךְ בְּדֶרֶךְ אֶחָד לְבַדּוֹ וְעֹבַדְיָהוּ הָלַךְ בְּדֶרֶךְ־אֶחָד לְבַדּוֹ ׃	καὶ ἐμέρισαν ἑαυτοῖς τὴν ὁδὸν τοῦ διελθεῖν αὐτήν· Ἀχαὰβ ἐπορεύθη ἐν ὁδῷ μιᾷ, καὶ Ἀβδειοὺ ἐπορεύθη ἐν ὁδῷ ἂλλῃ μόνος.	diviseruntque sibi regiones ut circuirent eas Ahab ibat per viam unam et Abdias per viam alteram seorsum	Diviseruntque sibi regiones ut circuirent eas: Achab ibat per viam unam, et Abdias per viam alteram seorsum.		So they divided the land between them to pass throughout it: Ahab went one way by himself, and Obadiah went another way by himself.
1Kgs	18	7	וַיְהִי עֹבַדְיָהוּ בַּדֶּרֶךְ וְהִנֵּה אֵלִיָּהוּ לִקְרָאתוֹ וַיַּכִּרֵהוּ וַיִּפֹּל עַל־פָּנָיו וַיֹּאמֶר הַאַתָּה זֶה אֲדֹנִי אֵלִיָּהוּ ׃	Καὶ ἦν Ἀβδειοὺ ἐν τῇ ὁδῷ μόνος, καὶ ἦλθεν Ἠλειοὺ εἰς συνάντησιν αὐτοῦ μόνος· καὶ Ἀβδειοὺ ἒσπεσεν καὶ ἒπεσεν ἐπὶ πρόσωπον αὐτοῦ καὶ εἶπεν Εἰ σὺ εἶ αὐτός, κύριέ μου Ἠλειού;	cumque esset Abdias in via Helias occurrit ei qui cum cognovisset eum cecidit super faciem suam et ait num tu es domine mi Helias	Cumque esset Abdias in via, Elias occurrit ei: qui cum cognovisset eum, cecidit super faciem suam, et ait: Num tu es, domine mi, Elias?		And as Obadiah was in the way, behold, Elijah met him: and he knew him, and fell on his face, and said, Art thou that my lord Elijah?
1Kgs	18	8	וַיֹּאמֶר לוֹ אָנִי לֵךְ אֱמֹר לַאדֹנֶיךָ הִנֵּה אֵלִיָּהוּ ׃	καὶ εἶπεν Ἠλειοὺ αὐτῷ Ἐγώ· πορεύου, λέγε τῷ κυρίῳ σου Ἰδοὺ Ἠλειού.	cui ille respondit ego vade dic domino tuo adest Helias	Cui ille respondit: Ego. Vade, et dic domino tuo: Adest Elias.		And he answered him, I am: go, tell thy lord, Behold, Elijah is here.
1Kgs	18	9	וַיֹּאמֶר מֶה חָטָאתִי כִּי־אַתָּה נֹתֵן אֶת־עַבְדְּךָ בְּיַד־אַחְאָב לַהֲמִיתֵנִי ׃	καὶ εῖπεν Ἀβδειού με;	et ille quid peccavi inquit quoniam trades me servum tuum in manu Ahab ut interficiat me	Et ille: Quid peccavi, inquit, quoniam tradis me servum tuum in manu Achab, ut interficiat me?		And he said, What have I sinned, that thou wouldest deliver thy servant into the hand of Ahab, to slay me?
1Kgs	18	10	חַי יְהוָה אֱלֹהֶיךָ אִם־יֶשׁ־גּוֹי וּמַמְלָכָה אֲשֶׁר לֹא־שָׁלַח אֲדֹנִי שָׁם לְבַקֶּשְׁךָ וְאָמְרוּ אָיִן וְהִשְׁבִּיעַ אֶת־הַמַּמְלָכָה וְאֶת־הַגּוֹי כִּי לֹא יִמְצָאֶכָּה ׃	ζῇ Κύριος ὁ θεός σου, εἰ ἒστιν ἒθνος ἢ βασιλεία οὗ οὐκ ἀπέστειλεν τὴν βασιλείαν καὶ τὰς χώρας αὐτῆς, ὃτι οὐχ εὓρηκέν σε.	vivit Dominus Deus tuus non est gens aut regnum quo non miserit dominus meus te requirens et respondentibus cunctis non est hic adiuravit regna singula et gentes eo quod minime repperireris	Vivit Dominus Deus tuus, quia non est gens aut regnum quo non miserit dominus meus te requirens: et respondentibus cunctis: Non est hic: adjuravit regna singula et gentes, eo quod minime reperireris.		As the Lord thy God liveth, there is no nation or kingdom, whither my lord hath not sent to seek thee: and when they said, He is not there; he took an oath of the kingdom and nation, that they found thee not.
1Kgs	18	11	וְעַתָּה אַתָּה אֹמֵר לֵךְ אֱמֹר לַאדֹנֶיךָ הִנֵּה אֵלִיָּהוּ ׃	καὶ νῦν σὺ λέγεις Πορεύου, ἀνάγγελλε τῷ κυρίῳ σου.	et nunc dicis mihi vade et dic domino tuo adest Helias	Et nunc tu dicis mihi: Vade, et dic domino tuo: Adest Elias.		And now thou sayest, Go, tell thy lord, Behold, Elijah is here.
1Kgs	18	12	וְהָיָה אֲנִי אֵלֵךְ מֵאִתָּךְ וְרוּחַ יְהוָה יִשָּׂאֲךָ עַל אֲשֶׁר לֹא־אֵדָע וּבָאתִי לְהַגִּיד לְאַחְאָב וְלֹא יִמְצָאֲךָ וַהֲרָגָנִי וְעַבְדְּךָ יָרֵא אֶת־יְהוָה מִנְּעֻרָי ׃	καὶ ἒσται ἐὰν ἐγὼ ἀπέλθω ἀπὸ σοῦ, καὶ πνεῦμα Κυρίου ἀρεῖ σε εἰς τὴν γῆν ἣν οὐκ οἶδα· καὶ εἰσελεύσομαι ἀπαγγεῖλαι τῷ Ἀχαάβ, καὶ ἀποκτενεῖ με· καὶ ὁ δοῦλός σού ἐστιν φοβούμενος τὸν κύιον ἐκ νεότητος αὐτοῦ.	cumque recessero a te spiritus Domini asportabit te in locum quem ego ignoro ingressus nuntiabo Ahab et non inveniet te et interficiet me servus autem tuus timet Dominum ab infantia sua	Cumque recessero a te, spiritus Domini asportabit te in locum quem ego ignoro: et ingressus nuntiabo Achab, et non inveniens te, interficiet me: servus autem tuus timet Dominum ab infantia sua.		And it shall come to pass, as soon as I am gone from thee, that the Spirit of the Lord shall carry thee whither I know not; and so when I come and tell Ahab, and he cannot find thee, he shall slay me: but I thy servant fear the Lord from my youth.
1Kgs	18	13	הֲלֹא־הֻגַּד לַאדֹנִי אֵת אֲשֶׁר־עָשִׂיתִי בַּהֲרֹג אִיזֶבֶל אֵת נְבִיאֵי יְהוָה וָאַחְבִּא מִנְּבִיאֵי יְהוָה מֵאָה אִישׁ חֲמִשִּׁים חֲמִשִּׁים אִישׁ בַּמְּעָרָה וָאֲכַלְכְּלֵם לֶחֶם וָמָיִם ׃	καὶ οὐκ ἀπηγγέλη σοι τῷ δυρίῳ μου οἷα πεποίηκα ἐν τῷ ἀποκτείνειν Ἰεζάβελ τοῦς προφήτας Κυρίιου, καὶ ἒκρυψα ἀπὸ τῶν προφητῶν ἂρτοις καὶ ὓδατι;	numquid non indicatum est tibi domino meo quid fecerim cum interficeret Hiezabel prophetas Domini quod absconderim de prophetis Domini centum viros quinquagenos et quinquagenos in speluncis et paverim eos pane et aqua	Numquid non indicatum est tibi domino meo quid fecerim cum interficeret Jezabel prophetas Domini, quod absconderim de prophetis Domini centum viros, quinquagenos et quinquagenos, in speluncis, et paverim eos pane et aqua?		Was it not told my lord what I did when Jezebel slew the prophets of the Lord, how I hid an hundred men of the Lord's prophets by fifty in a cave, and fed them with bread and water?
1Kgs	18	14	וְעַתָּה אַתָּה אֹמֵר לֵךְ אֱמֹר לַאדֹנֶיךָ הִנֵּה אֵלִיָּהוּ וַהֲרָגָנִי ׃ ס	καὶ νῦν σὺ λέγεις μοι Πορεύου, λέγε τῷ κυρίῳ σου Ἰδοὺ Ἠλειού· καὶ ἀποκτενεῖ με.	et nunc tu dicis vade et dic domino tuo adest Helias ut interficiat me	et nunc tu dicis: Vade, et dic domino tuo: Adest Elias: ut interficiat me?		And now thou sayest, Go, tell thy lord, Behold, Elijah is here: and he shall slay me.
1Kgs	18	15	וַיֹּאמֶר אֵלִיָּהוּ חַי יְהוָה צְבָאוֹת אֲשֶׁר עָמַדְתִּי לְפָנָיו כִּי הַיּוֹם אֵרָאֶה אֵלָיו ׃	καὶ εἶπεν Ἠλειού Ζῇ Κύριος τῶν δυνάμεων ᾧ παρέστην ἐνώπιον αὐτοῦ, ὃτι σήμερον ὀφθήσομαι αὐτῷ.	dixit Helias vivit Dominus exercituum ante cuius vultum sto quia hodie apparebo ei	Et dixit Elias: Vivit Dominus exercituum, ante cujus vultum sto, quia hodie apparebo ei.		And Elijah said, As the Lord of hosts liveth, before whom I stand, I will surely shew myself unto him to day.
1Kgs	18	16	וַיֵּלֶךְ עֹבַדְיָהוּ לִקְרַאת אַחְאָב וַיַּגֶּד־לוֹ וַיֵּלֶךְ אַחְאָב לִקְרַאת אֵלִיָּהוּ ׃	καὶ ἐποφεύθη Ἀβδειοὺ εἰς συναντὴν τῷ Ἀχαὰβ καὶ ἀπήγγειλεν αὐτῷ· καὶ ἐξέδραμεν ἀχαὰβ καὶ ἐπορεύθη εἰς συνάντησιν Ἠλειού.	abiit ergo Abdias in occursum Ahab et indicavit ei venitque Ahab in occursum Heliae	Abiit ergo Abdias in occursum Achab, et indicavit ei: venitque Achab in occursum Eliæ.		So Obadiah went to meet Ahab, and told him: and Ahab went to meet Elijah.
1Kgs	18	17	וַיְהִי כִּרְאוֹת אַחְאָב אֶת־אֵלִיָּהוּ וַיֹּאמֶר אַחְאָב אֵלָיו הַאַתָּה זֶה עֹכֵר יִשְׂרָאֵל ׃	Καὶ ἐγένετο ὡς εἶδεν Ἀχαὰβ τὸν Ἠλειού, καὶ εἶπεν Ἀχαὰβ πρὸς Ἠλειού Εἰ σὺ εἶ αὐτὸς ὁ διαστρέφων τὸν Ἰσραήλ;	et cum vidisset eum ait tune es ille qui conturbas Israhel	Et cum vidisset eum, ait: Tune es ille, qui conturbas Israël?		And it came to pass, when Ahab saw Elijah, that Ahab said unto him, Art thou he that troubleth Israel?
1Kgs	18	18	וַיֹּאמֶר לֹא עָכַרְתִּי אֶת־יִשְׂרָאֵל כִּי אִם־אַתָּה וּבֵית אָבִיךָ בַּעֲזָבְכֶם אֶת־מִצְוֹת יְהוָה וַתֵּלֶךְ אַחֲרֵי הַבְּעָלִים ׃	καὶ εἶπεν ἠλειού Οὐ διαστρέφω τὸν ἰσραήλ, ὅτι ἀλλ’ ἢ σὺ καὶ ὁ οἶκος τοῦ πατρός σου ἐν τῷ καταλιμπάνειν ὑμᾶς τὸν κύμιον θεὸν ὑμῶν, καὶ ἐπορεύθης ὀπίσω τῶν Βααλείμ.	et ille ait non turbavi Israhel sed tu et domus patris tui qui dereliquistis mandata Domini et secuti estis Baalim	Et ille ait: Non ego turbavi Israël, sed tu, et domus patris tui, qui dereliquistis mandata Domini, et secuti estis Baalim.		And he answered, I have not troubled Israel; but thou, and thy father's house, in that ye have forsaken the commandments of the Lord, and thou hast followed Baalim.
1Kgs	18	19	וְעַתָּה שְׁלַח קְבֹץ אֵלַי אֶת־כָּל־יִשְׂרָאֵל אֶל־הַר הַכַּרְמֶל וְאֶת־נְבִיאֵי הַבַּעַל אַרְבַּע מֵאוֹת וַחֲמִשִּׁים וּנְבִיאֵי הָאֲשֵׁרָה אַרְבַּע מֵאוֹת אֹכְלֵי שֻׁלְחַן אִיזָבֶל ׃	καὶ νῦν ἀπόστειλον, συνάθροισον πρὸς μὲ πάντα Ἰσραὴλ εἰς ὄρος τὸ Καρμήλιον, καὶ τοὺς προφήτας τῆς αἰσχύνης τετρακοςίους καὶ πεντήκοντα καὶ τοὺς προφήτας τῶν ἀλςῶν τετρακοςίους, ἐσθίοντας τράπεζαν Ἰεζάβελ.	verumtamen nunc mitte et congrega ad me universum Israhel in monte Carmeli et prophetas Baal quadringentos quinquaginta prophetasque lucorum quadringentos qui comedunt de mensa Hiezabel	Verumtamen nunc mitte, et congrega ad me universum Israël in monte Carmeli, et prophetas Baal quadringentos quinquaginta, prophetasque lucorum quadringentos, qui comedunt de mensa Jezabel.		Now therefore send, and gather to me all Israel unto mount Carmel, and the prophets of Baal four hundred and fifty, and the prophets of the groves four hundred, which eat at Jezebel's table.
1Kgs	18	20	וַיִּשְׁלַח אַחְאָב בְּכָל־בְּנֵי יִשְׂרָאֵל וַיִּקְבֹּץ אֶת־הַנְּבִיאִים אֶל־הַר הַכַּרְמֶל ׃	καὶ ἀπέστειλεν Ἀχαὰβ εἰς πάντα Ἰσραήλ, καὶ ἐπισυνήγαγεν πάντας τοὺς προφήτας εἰς ὄρος τὸ Καρμήλιον.	misit Ahab ad omnes filios Israhel et congregavit prophetas in monte Carmeli	Misit Achab ad omnes filios Israël, et congregavit prophetas in monte Carmeli.		So Ahab sent unto all the children of Israel, and gathered the prophets together unto mount Carmel.
1Kgs	18	21	וַיִּגַּשׁ אֵלִיָּהוּ אֶל־כָּל־הָעָם וַיֹּאמֶר עַד־מָתַי אַתֶּם פֹּסְחִים עַל־שְׁתֵּי הַסְּעִפִּים אִם־יְהוָה הָאֱלֹהִים לְכוּ אַחֲרָיו וְאִם־הַבַּעַל לְכוּ אַחֲרָיו וְלֹא־עָנוּ הָעָם אֹתוֹ דָּבָר ׃	καὶ προςήγαγεν Ἠλειοὺ πρὸς πάντας· καὶ εἶπεν αὐτοῖς Ἠλειού Ἕως πότε ὑμεῖς χαλανεῖτε ἐπ’ ἀμφοτέραις ταῖς ἰγνύαις; εἰ ἔστιν Κύριος ὁ θεός, πορεύεσθε ὀπίσω αὐτοῦ· εἰ δὲ Βάαλ, πορεύεσθε ὀπίσω αὐτοῦ. καὶ οὐκ ἀπεκρίθη ὁ λαὸς λόγον,	accedens autem Helias ad omnem populum ait usquequo claudicatis in duas partes si Dominus est Deus sequimini eum si autem Baal sequimini illum et non respondit ei populus verbum	Accedens autem Elias ad omnem populum, ait: Usquequo claudicatis in duas partes? si Dominus est Deus, sequimini eum: si autem Baal, sequimini illum. Et non respondit ei populus verbum.		And Elijah came unto all the people, and said, How long halt ye between two opinions? if the Lord be God, follow him: but if Baal, then follow him. And the people answered him not a word.
1Kgs	18	22	וַיֹּאמֶר אֵלִיָּהוּ אֶל־הָעָם אֲנִי נוֹתַרְתִּי נָבִיא לַיהוָה לְבַדִּי וּנְבִיאֵי הַבַּעַל אַרְבַּע־מֵאוֹת וַחֲמִשִּׁים אִישׁ ׃	καὶ εἶπεν Ἠλειοὺ πρὸς τὸν λαόν Ἐγὼ ὑπολέλειμμαι προφήτης τοῦ κυρίου μονώτατος, καὶ οἱ προφῆται τοῦ Βάαλ τετρακόσιοι καὶ πεντήκοντα ἄνδρες, καὶ οἱ προφῆται τοῦ ἄλσους τετρακόσιοι·	et ait rursum Helias ad populum ego remansi propheta Domini solus prophetae autem Baal quadringenti et quinquaginta viri sunt	Et ait rursus Elias ad populum: Ego remansi propheta Domini solus: prophetæ autem Baal quadringenti et quinquaginta viri sunt.		Then said Elijah unto the people, I, even I only, remain a prophet of the Lord; but Baal's prophets are four hundred and fifty men.
1Kgs	18	23	וְיִתְּנוּ־לָנוּ שְׁנַיִם פָּרִים וְיִבְחֲרוּ לָהֶם הַפָּר הָאֶחָד וִינַתְּחֻהוּ וְיָשִׂימוּ עַל־הָעֵצִים וְאֵשׁ לֹא יָשִׂימוּ וַאֲנִי אֶעֱשֶׂה אֶת־הַפָּר הָאֶחָד וְנָתַתִּי עַל־הָעֵצִים וְאֵשׁ לֹא אָשִׂים ׃	δότωσαν ἡμῖν δύο βόας, καὶ ἐκλεξάσθωσν ἑαυτοῖς τὸν ἕνα, καὶ μελιςάτωσαν καὶ ἐπιθέτωσαν ἐπὶ τῶν ξύλων καὶ πῦρ μὴ ἐπιθέτωσαν· καὶ ἐγὼ ποιήσω τὸν βοῦν τὸν ἄλλον, καὶ πῦρ οὐ μὴ ἐπιθῶ.	dentur nobis duo boves et illi eligant bovem unum et in frusta caedentes ponant super ligna ignem autem non subponant et ego faciam bovem alterum et inponam super ligna ignemque non subponam	Dentur nobis duo boves, et illi eligant sibi bovem unum, et in frustra cædentes ponant super ligna, ignem autem non supponant: et ego faciam bovem alterum, et imponam super ligna, ignem autem non supponam.		Let them therefore give us two bullocks; and let them choose one bullock for themselves, and cut it in pieces, and lay it on wood, and put no fire under: and I will dress the other bullock, and lay it on wood, and put no fire under:
1Kgs	18	24	וּקְרָאתֶם בְּשֵׁם אֱלֹהֵיכֶם וַאֲנִי אֶקְרָא בְשֵׁם־יְהוָה וְהָיָה הָאֱלֹהִים אֲשֶׁר־יַעֲנֶה בָאֵשׁ הוּא הָאֱלֹהִים וַיַּעַן כָּל־הָעָם וַיֹּאמְרוּ טוֹב הַדָּבָר ׃	καὶ βοᾶτε ἐν ὀνόματι θεῶν ὑμῶν, καὶ ἐγὼ ἐπικαλέσομαι ἐν ὀνόματι Κυρίου τοῦ θεοῦ μοῦ· καὶ ἔσται ὁ θεὸς ὃς ἐὰν ἐπακούσῃ ἐν πυρί, οὗτος θεός. καὶ ἀπεκρίθησαν πᾶς ὁ λαὸς καὶ εἶπον Καλὸν τὸ ῥῆμα ὃ ἐλάλησας.	invocate nomina deorum vestrorum et ego invocabo nomen Domini et deus qui exaudierit per ignem ipse sit Deus respondens omnis populus ait optima propositio	Invocate nomina deorum vestrorum, et ego invocabo nomen Domini mei: et Deus qui exaudierit per ignem, ipse sit Deus. Respondens omnis populus ait: Optima propositio.		And call ye on the name of your gods, and I will call on the name of the Lord: and the God that answereth by fire, let him be God. And all the people answered and said, It is well spoken.
1Kgs	18	25	וַיֹּאמֶר אֵלִיָּהוּ לִנְבִיאֵי הַבַּעַל בַּחֲרוּ לָכֶם הַפָּר הָאֶחָד וַעֲשׂוּ רִאשֹׁנָה כִּי אַתֶּם הָרַבִּים וְקִרְאוּ בְּשֵׁם אֱלֹהֵיכֶם וְאֵשׁ לֹא תָשִׂימוּ ׃	καὶ εἶπεν Ἠλειοὺ τοῖς προφήταις τῆς αἰσχύνης Ἐκλέξασθε ἑαυτοῖς τὸν μόσχον τὸν ἕνα καὶ ποιήσατε πρῶτοι, ὅτι πολλοὶ ὑμεῖς, καὶ ἐπικαλέσασθε ἐν ὀνόματι θεοῦ ὑμῶν, καὶ πῦρ μὴ ἐπιθῆτε.	dixit ergo Helias prophetis Baal eligite vobis bovem unum et facite primi quia vos plures estis et invocate nomina deorum vestrorum ignemque non subponatis	Dixit ergo Elias prophetis Baal: Eligite vobis bovem unum, et facite primi, quia vos plures estis: et invocate nomina deorum vestrorum, ignemque non supponatis.		And Elijah said unto the prophets of Baal, Choose you one bullock for yourselves, and dress it first; for ye are many; and call on the name of your gods, but put no fire under.
1Kgs	18	26	וַיִּקְחוּ אֶת־הַפָּר אֲשֶׁר־נָתַן לָהֶם וַיַּעֲשׂוּ וַיִּקְרְאוּ בְשֵׁם־הַבַּעַל מֵהַבֹּקֶר וְעַד־הַצָּהֳרַיִם לֵאמֹר הַבַּעַל עֲנֵנוּ וְאֵין קוֹל וְאֵין עֹנֶה וַיְפַסְּחוּ עַל־הַמִּזְבֵּחַ אֲשֶׁר עָשָׂה ׃	καὶ ἔλαβον τὸν μόσχον καὶ ἐποίησαν, καὶ ἐπεκαλοῦντο ἐν ὀνόματι τοῦ Βάαλ ἐκ πρωίθεν ἕως μεσημβρίας καὶ εἶπον Ἐπάκουσον ἡμῶν, ὁ βάαλ, ἐπάκουσον ἡμῶν· καὶ οὐκ ἦν φωνὴ καὶ οὐκ ἦν ἀκρόασις· καὶ διέτρεχον ἐπὶ τοῦ θυσιαστηρίου οὗ ἐποίησαν.	qui cum tulissent bovem quem dederat eis fecerunt et invocabant nomen Baal de mane usque ad meridiem dicentes Baal exaudi nos et non erat vox nec qui responderet transiliebantque altare quod fecerant	Qui cum tulissent bovem quem dederat eis, fecerunt: et invocabant nomen Baal de mane usque ad meridiem, dicentes: Baal, exaudi nos. Et non erat vox, nec qui responderet: transiliebantque altare quod fecerant.		And they took the bullock which was given them, and they dressed it, and called on the name of Baal from morning even until noon, saying, O Baal, hear us. But there was no voice, nor any that answered. And they leaped upon the altar which was made.
1Kgs	18	27	וַיְהִי בַצָּהֳרַיִם וַיְהַתֵּל בָּהֶם אֵלִיָּהוּ וַיֹּאמֶר קִרְאוּ בְקוֹל־גָּדוֹל כִּי־אֱלֹהִים הוּא כִּי שִׂיחַ וְכִי־שִׂיג לוֹ וְכִי־דֶרֶךְ לוֹ אוּלַי יָשֵׁן הוּא וְיִקָץ ׃	καὶ ἐγένετο μεσημβρία καὶ ἐμθκτήρισεν αὐτοὺς Ἠλειοὺ ὁ θεσβείτης καὶ εἶπεν Ἐπικαλείσθε ἐν φωνῇ μεηάλῃ, ὅτι θεός ἐστιν, ὅτι ἀδολεσχία αὐτῷ ἐστιν, καὶ ἅμα μή ποτε χρηματίζει ἀυτός, ἢ μή ποτε καθεύδει αὐτός, καὶ ἐξαναστήσεται.	cumque esset iam meridies inludebat eis Helias dicens clamate voce maiore deus enim est et forsitan loquitur aut in diversorio est aut in itinere aut certe dormit ut excitetur	Cumque esset jam meridies, illudebat illis Elias, dicens: Clamate voce majore: deus enim est, et forsitan loquitur, aut in diversorio est, aut in itinere, aut certe dormit, ut excitetur.		And it came to pass at noon, that Elijah mocked them, and said, Cry aloud: for he is a god; either he is talking, or he is pursuing, or he is in a journey, or peradventure he sleepeth, and must be awaked.
1Kgs	18	28	וַיִּקְרְאוּ בְּקוֹל גָּדוֹל וַיִּתְגֹּדְדוּ כְּמִשְׁפָּטָם בַּחֲרָבוֹת וּבָרְמָחִים עַד־שְׁפָךְ־דָּם עֲלֵיהֶם ׃	καὶ ἐπεκαλοῦντο ἐν φωνῇ μεγάλῃ, καὶ κατετέμνοντο ἐν μαχαίρᾳ καὶ σειρομόσταις ἔως ἐκχύσεως αἴματος ἐπ’ αὐτούς,	clamabant ergo voce magna et incidebant se iuxta ritum suum cultris et lanceolis donec perfunderentur sanguine	Clamabant ergo voce magna, et incidebant se juxta ritum suum cultris et lanceolis, donec perfunderentur sanguine.		And they cried aloud, and cut themselves after their manner with knives and lancets, till the blood gushed out upon them.
1Kgs	18	29	וַיְהִי כַּעֲבֹר הַצָּהֳרַיִם וַיִּתְנַבְּאוּ עַד לַעֲלוֹת הַמִּנְחָה וְאֵין־קוֹל וְאֵין־עֹנֶה וְאֵין קָשֶׁב ׃	καὶ ἐπροφήτευσαν ἔως οὖ παρῆλθεν τὸ δειλινόν. καὶ ἐγένετο ὡς ὁ καρὸς τοῦ ἀναβῆναι τὴν θυςίαν, καὶ ἐλάλησεν ’Ηλειοὺ πρὸς τοὺς προφήτας τῶν προσοχθιςμάτων λέγων Μετάστητε ἀπὸ τοῦ νῦν, καὶ ἐγὼ ποιήσω τὸ ὁλοκαύτωμά μου· καὶ μετέστησαν καὶ ἀπῆλθον.	postquam autem transiit meridies et illis prophetantibus venerat tempus quo sacrificium offerri solet nec audiebatur vox neque aliquis respondebat nec adtendebat orantes	Postquam autem transiit meridies, et illis prophetantibus venerat tempus quo sacrificium offerri solet, nec audiebatur vox, nec aliquis respondebat, nec attendebat orantes,		And it came to pass, when midday was past, and they prophesied until the time of the offering of the evening sacrifice, that there was neither voice, nor any to answer, nor any that regarded.
1Kgs	18	30	וַיֹּאמֶר אֵלִיָּהוּ לְכָל־הָעָם גְּשׁוּ אֵלַי וַיִּגְּשׁוּ כָל־הָעָם אֵלָיו וַיְרַפֵּא אֶת־מִזְבַּח יְהוָה הֶהָרוּס ׃	καὶ εἶπεν Ἠλειοὺ πρὸς τὸν λαόν Προσαγάγετε πρὸς μέ· καὶ προςήγαγεν πᾶν ὁ λαὸς πρὸς αὐτόν.	dixit Helias omni populo venite ad me et accedente ad se populo curavit altare Domini quod destructum fuerat	dixit Elias omni populo: Venite ad me. Et accedente ad se populo, curavit altare Domini quod destructum fuerat.		And Elijah said unto all the people, Come near unto me. And all the people came near unto him. And he repaired the altar of the Lord that was broken down.
1Kgs	18	31	וַיִּקַּח אֵלִיָּהוּ שְׁתֵּים עֶשְׂרֵה אֲבָנִים כְּמִסְפַּר שִׁבְטֵי בְנֵי־יַעֲקֹב אֲשֶׁר הָיָה דְבַר־יְהוָה אֵלָיו לֵאמֹר יִשְׂרָאֵל יִהְיֶה שְׁמֶךָ ׃	καὶ ἔλαβεν Ἠλειοὺ δώδεκα λίθους κατ’ ἀριθμὸν φυλῶν Ἰσραήλ, ὡς ἐλάλησεν Κύριος πρὸς αὐτὸν λέγων Ἰσραὴλ ἔσται τὸ ὄνομά σου.	et tulit duodecim lapides iuxta numerum tribuum filiorum Iacob ad quem factus est sermo Domini dicens Israhel erit nomen tuum	Et tulit duodecim lapides juxta numerum tribuum filiorum Jacob, ad quem factus est sermo Domini, dicens: Israël erit nomen tuum.		And Elijah took twelve stones, according to the number of the tribes of the sons of Jacob, unto whom the word of the Lord came, saying, Israel shall be thy name:
1Kgs	18	32	וַיִּבְנֶה אֶת־הָאֲבָנִים מִזְבֵּחַ בְּשֵׁם יְהוָה וַיַּעַשׂ תְּעָלָה כְּבֵית סָאתַיִם זֶרַע סָבִיב לַמִּזְבֵּחַ ׃	καὶ ᾠκοδόμησεν τοὺς λίθους ἐν ὀνόματι Κυρίου, καὶ ἰάσατο τὸ θυσιαστήριον τὸ κατεσκαμμένον, καὶ ἐποίησεν θάλασσαν χωροῦσαν δύο μετρητὰς σπέρματος κυκλόθεν τοῦ θυσιαστηρίου.	et aedificavit lapidibus altare in nomine Domini fecitque aquaeductum quasi per duas aratiunculas in circuitu altaris	Et ædificavit de lapidibus altare in nomine Domini: fecitque aquæductum, quasi per duas aratiunculas in circuitu altaris,		And with the stones he built an altar in the name of the Lord: and he made a trench about the altar, as great as would contain two measures of seed.
1Kgs	18	33	וַיַּעֲרֹךְ אֶת־הָעֵצִים וַיְנַתַּח אֶת־הַפָּר וַיָּשֶׂם עַל־הָעֵצִים ׃	καὶ ἐστοίβασεν τὰς σχίδακας ἐπὶ τὸ θυσιαστήριον ὃ ἐποίησεν, καὶ ἐμέλισεν τὸ ὁλοκαςύτωμα καὶ ἐπέθηκεν τὰς σχίδακας, καὶ ἐστοίβασεν ἐπὶ τὸ θυσιαστήριον.	et conposuit ligna divisitque per membra bovem et posuit super ligna	et composuit ligna: divisitque per membra bovem, et posuit super ligna,		And he put the wood in order, and cut the bullock in pieces, and laid him on the wood, and said, Fill four barrels with water, and pour it on the burnt sacrifice, and on the wood.
1Kgs	18	34	וַיֹּאמֶר מִלְאוּ אַרְבָּעָה כַדִּים מַיִם וְיִצְקוּ עַל־הָעֹלָה וְעַל־הָעֵצִים וַיֹּאמֶר שְׁנוּ וַיִּשְׁנוּ וַיֹּאמֶר שַׁלֵּשׁוּ וַיְשַׁלֵּשׁוּ ׃	καὶ εἶπεν Λάβετέ μοι τέσσαρας ὑδρίας ὕδατος, καὶ εἶπεν Δευτερώσατε· καὶ ἐδευτέρωσαν. καὶ εἶπεν Τρισσώσατε· καὶ ἐτρίσσευσαν.	et ait implete quattuor hydrias aqua et fundite super holocaustum et super ligna rursumque dixit etiam secundo hoc facite qui cum fecissent et secundo ait etiam tertio id ipsum facite feceruntque et tertio	et ait: Implete quatuor hydrias aqua, et fundite super holocaustum et super ligna. Rursumque dixit: Etiam secundo hoc facite. Qui cum fecissent secundo, ait: Etiam tertio idipsum facite. Feceruntque tertio,		And he said, Do it the second time. And they did it the second time. And he said, Do it the third time. And they did it the third time.
1Kgs	18	35	וַיֵּלְכוּ הַמַּיִם סָבִיב לַמִּזְבֵּחַ וְגַם אֶת־הַתְּעָלָה מִלֵּא־מָיִם ׃	καὶ διεπορεύετο τὸ ὕδωρ κύκλῳ τοῦ θυσιαστηρίου, καὶ τὴν θάλασσαν ἔπλησαν ὕδατος.	et currebant aquae circa altare et fossa aquaeductus repleta est	et currebant aquæ circum altare, et fossa aquæductus repleta est.		And the water ran round about the altar; and he filled the trench also with water.
1Kgs	18	36	וַיְהִי בַּעֲלוֹת הַמִּנְחָה וַיִּגַּשׁ אֵלִיָּהוּ הַנָּבִיא וַיֹּאמַר יְהוָה אֱלֹהֵי אַבְרָהָם יִצְחָק וְיִשְׂרָאֵל הַיּוֹם יִוָּדַע כִּי־אַתָּה אֱלֹהִים בְּיִשְׂרָאֵל וַאֲנִי עַבְדֶּךָ וּבְדִבְרֵיךָ עָשִׂיתִי אֵת כָּל־הַדְּבָרִים הָאֵלֶּה ׃	καὶ ἐνεβόησεν Ἠλειοὺ εἰς τὸν οὐρανὸν καὶ εἶπεν Κύριε ὁ θεὸς Ἀβραὰμ καὶ Ἰσαὰκ καὶ Ἰσραήλ, ἐπάκουσόν μου, Κύριε, ἐπάκουςόν μου σήμερον ἐν πυρί, καὶ γνώτωσαν πᾶς ὁ λαὸς οὗτος ὅτι σὺ Κύριος ὁ θεὸς Ἰσραήλ, κἀγὼ δοῦλός σου καὶ διὰ σὲ πεποίηκα τὰ ἔργα ταῦτα.	cumque iam tempus esset ut offerretur holocaustum accedens Helias propheta ait Domine Deus Abraham Isaac et Israhel hodie ostende quia tu es Deus Israhel et ego servus tuus et iuxta praeceptum tuum feci omnia verba haec	Cumque jam tempus esset ut offerretur holocaustum, accedens Elias propheta ait: Domine Deus Abraham, et Isaac, et Israël, ostende hodie quia tu es Deus Israël, et ego servus tuus, et juxta præceptum tuum feci omnia verba hæc.		And it came to pass at the time of the offering of the evening sacrifice, that Elijah the prophet came near, and said, Lord God of Abraham, Isaac, and of Israel, let it be known this day that thou art God in Israel, and that I am thy servant, and that I have done all these things at thy word.
1Kgs	18	37	עֲנֵנִי יְהוָה עֲנֵנִי וְיֵדְעוּ הָעָם הַזֶּה כִּי־אַתָּה יְהוָה הָאֱלֹהִים וְאַתָּה הֲסִבֹּתָ אֶת־לִבָּם אֲחֹרַנִּית ׃	ἐπάκουσόν μου, Κύριε, ἐπάκουςόν μου, καὶ γνώτω ὁ λαὸς οὗτος ὅτι σὺ Κύριος ὁ θεός, καὶ σὺ ἔστρεψας τὴν καρδίαν τοῦ λαοῦ τούτου ὀπίσω.	exaudi me Domine exaudi me ut discat populus iste quia tu es Dominus Deus et tu convertisti cor eorum iterum	Exaudi me, Domine, exaudi me: ut discat populus iste quia tu es Dominus Deus, et tu convertisti cor eorum iterum.		Hear me, O Lord, hear me, that this people may know that thou art the Lord God, and that thou hast turned their heart back again.
1Kgs	18	38	וַתִּפֹּל אֵשׁ־יְהוָה וַתֹּאכַל אֶת־הָעֹלָה וְאֶת־הָעֵצִים וְאֶת־הָאֲבָנִים וְאֶת־הֶעָפָר וְאֶת־הַמַּיִם אֲשֶׁר־בַּתְּעָלָה לִחֵכָה ׃	καὶ ἔπεσεν πῦρ παρὰ Κυρίου ἐκ τοῦ οὐρανοῦ, καὶ κατέφαγεν τὰ ὁλοκαυτώματα καὶ τὰς σχίδακας καὶ τὸ ὕδωρ τὸ ἐν τῇ θαλάσσῃ, καὶ τοὺς λίθους καὶ τὸν χοῦν ἐξέλιξεν τὸ πῦρ.	cecidit autem ignis Domini et voravit holocaustum et ligna et lapides pulverem quoque et aquam quae erat in aquaeductu lambens	Cecidit autem ignis Domini, et voravit holocaustum, et ligna, et lapides, pulverem quoque, et aquam quæ erat in aquæductu lambens.		Then the fire of the Lord fell, and consumed the burnt sacrifice, and the wood, and the stones, and the dust, and licked up the water that was in the trench.
1Kgs	18	39	וַיַּרְא כָּל־הָעָם וַיִּפְּלוּ עַל־פְּנֵיהֶם וַיֹּאמְרוּ יְהוָה הוּא הָאֱלֹהִים יְהוָה הוּא הָאֱלֹהִים ׃	καὶ ἔπεσεν πᾶς ὁ λαὸς ἐπὶ πρόσωπον αὐτῶν καὶ εἶπον Ἀληθῶς Κύριος ὁ θεός· αὐτὸς ὁ θεός·	quod cum vidisset omnis populus cecidit in faciem suam et ait Dominus ipse est Deus Dominus ipse est Deus	Quod cum vidisset omnis populus, cecidit in faciem suam, et ait: Dominus ipse est Deus, Dominus ipse est Deus.		And when all the people saw it, they fell on their faces: and they said, The Lord, he is the God; the Lord, he is the God.
1Kgs	18	40	וַיֹּאמֶר אֵלִיָּהוּ לָהֶם תִּפְשׂוּ אֶת־נְבִיאֵי הַבַּעַל אִישׁ אַל־יִמָּלֵט מֵהֶם וַיִּתְפְּשׂוּם וַיּוֹרִדֵם אֵלִיָּהוּ אֶל־נַחַל קִישׁוֹן וַיִּשְׁחָטֵם שָׁם ׃	καὶ εἶπεν Ἠλειοὺ πρὸς τὸν λαόν Συλλάβετε τοὺς προφήτας τοξῦ Βάαλ, μηθεὶς σωθήτω ἐξ αὐτῶν· καὶ συνέλαβον αὐτούς, καὶ κατάγει αὐτοὺς Ἠλειοὺ εἰς τὸν χιμάρρουν Κεισὼν καὶ ἔσθαξεν αὐτοὺς ἐκεῖ.	dixitque Helias ad eos adprehendite prophetas Baal et ne unus quidem fugiat ex eis quos cum conprehendissent duxit eos Helias ad torrentem Cison et interfecit eos ibi	Dixitque Elias ad eos: Apprehendite prophetas Baal, et ne unus quidem effugiat ex eis. Quos cum apprehendissent, duxit eos Elias ad torrentem Cison, et interfecit eos ibi.		And Elijah said unto them, Take the prophets of Baal; let not one of them escape. And they took them: and Elijah brought them down to the brook Kishon, and slew them there.
1Kgs	18	41	וַיֹּאמֶר אֵלִיָּהוּ לְאַחְאָב עֲלֵה אֱכֹל וּשְׁתֵה כִּי־קוֹל הֲמוֹן הַגָּשֶׁם ׃	Καὶ εἶπεν Ἠλειοὺ τῷ Ἀχαάβ Ἀνάβηθι καὶ φάγε καὶ πίε, ὅτι φωνὴ τῶν ποδῶν τοῦ ὑετοῦ.	et ait Helias ad Ahab ascende comede et bibe quia sonus multae pluviae est	Et ait Elias ad Achab: Ascende, comede, et bibe, quia sonus multæ pluviæ est.		And Elijah said unto Ahab, Get thee up, eat and drink; for there is a sound of abundance of rain.
1Kgs	18	42	וַיַּעֲלֶה אַחְאָב לֶאֱכֹל וְלִשְׁתּוֹת וְאֵלִיָּהוּ עָלָה אֶל־רֹאשׁ הַכַּרְמֶל וַיִּגְהַר אַרְצָה וַיָּשֶׂם פָּנָיו בֵּין בְּרָכוֹ ׃	καὶ ἀνέβη Ἀχαὰβ τοῦ φαγεῖν καὶ πιεῖν· καὶ Ἠλειοὺ ἀνέβη ἐπὶ τὸν Κάρμηλον, καὶ ἔκυψεν ἐπὶ τὴν γῆν καὶ ἔθηκεν τὸ πρόςωπον ἑαυτοῦ ἀνμέσον τῶν γονάτων ἐαυτοῦ,	ascendit Ahab ut comederet et biberet Helias autem ascendit in vertice Carmeli et pronus in terram posuit faciem inter genua sua	Ascendit Achab ut comederet et biberet: Elias autem ascendit in verticem Carmeli, et pronus in terram posuit faciem suam inter genua sua,		So Ahab went up to eat and to drink. And Elijah went up to the top of Carmel; and he cast himself down upon the earth, and put his face between his knees,
1Kgs	18	43	וַיֹּאמֶר אֶל־נַעֲרוֹ עֲלֵה־נָא הַבֵּט דֶּרֶךְ־יָם וַיַּעַל וַיַּבֵּט וַיֹּאמֶר אֵין מְאוּמָה וַיֹּאמֶר שֻׁב שֶׁבַע פְּעָמִים ׃	καὶ εἶπεν τῷ παιδάρίῳ αὐτοῦ Ἀνάβηθι καὶ ἐπίβλεψον ὁδὸν τῆς θαλάσσης. καὶ ἐπέβλεψεν τὸ παιδάριον καὶ εἶπεν Οὐκ ἔστιν οὐθέν· καὶ εἶπεν Ἠλειού Καὶ σὺ ἐπίλτρεψον ἑπτάκι, καὶ ἀπόστρεψον ἑπτάκι.	et dixit ad puerum suum ascende et prospice contra mare qui cum ascendisset et contemplatus esset ait non est quicquam et rursum ait illi revertere septem vicibus	et dixit ad puerum suum: Ascende, et prospice contra mare. Qui cum ascendisset, et contemplatus esset, ait: Non est quidquam. Et rursum ait illi: Revertere septem vicibus.		And said to his servant, Go up now, look toward the sea. And he went up, and looked, and said, There is nothing. And he said, Go again seven times.
1Kgs	18	44	וַיְהִי בַּשְּׁבִעִית וַיֹּאמֶר הִנֵּה־עָב קְטַנָּה כְּכַף־אִישׁ עֹלָה מִיָּם וַיֹּאמֶר עֲלֵה אֱמֹר אֶל־אַחְאָב אֱסֹר וָרֵד וְלֹא יַעַצָרְכָה הַגָּשֶׁם ׃	καὶ ἀπέστρεψεν τὸ παιδάριον ἑπτάκι· καὶ ἐγένετο ἐν τῷ ἑβδόμῳ, καὶ ἰδοὺ νεφέλη μικρὰ ὡς ἴχνος ἀνδρὸς ανάγουσα ὕδωρ. καὶ εἶπεν Ἀνάβηθι καὶ εἰπὸν Ἀχαάβ Ζεῦξον τὸν ἅρμασου καὶ κατάβηθι, μὴ καταλάβῃ σε ὁ ὑετός.	in septima autem vice ecce nubicula parva quasi vestigium hominis ascendebat de mari qui ait ascende et dic Ahab iunge et descende ne occupet te pluvia	In septima autem vice, ecce nubecula parva quasi vestigium hominis ascendebat de mari. Qui ait: Ascende, et dic Achab: Junge currum tuum et descende, ne occupet te pluvia.		And it came to pass at the seventh time, that he said, Behold, there ariseth a little cloud out of the sea, like a man's hand. And he said, Go up, say unto Ahab, Prepare thy chariot, and get thee down that the rain stop thee not.
1Kgs	18	45	וַיְהִי עַד־כֹּה וְעַד־כֹּה וְהַשָּׁמַיִם הִתְקַדְּרוּ עָבִים וְרוּחַ וַיְהִי גֶּשֶׁם גָּדוֹל וַיִּרְכַּב אַחְאָב וַיֵּלֶךְ יִזְרְעֶאלָה ׃	καὶ ἐγένετο ἕως ὧδε καὶ ὧδε, καὶ ὁ οὐρανὸςσυνεσκότασεν νεφέλαις καὶ πνεύματι, καὶ ἐγένετο ὁ ὑετὸς μέγας· καὶ ἔκλαεν καὶ ἐπορεύετο καὶ πνεύματι, καὶ ἐγένετο ὁ ὑετος μέγας· καὶ ἔκλαεν καὶ ἐπορεύετο Ἀχαὰβ εἰς Ἰσραήλ.	cumque se verterent huc atque illuc ecce caeli contenebrati sunt et nubes et ventus et facta est pluvia grandis ascendens itaque Ahab abiit in Hiezrahel	Cumque se verteret huc atque illuc, ecce cæli contenebrati sunt, et nubes, et ventus, et facta est pluvia grandis. Ascendens itaque Achab, abiit in Jezrahel:		And it came to pass in the mean while, that the heaven was black with clouds and wind, and there was a great rain. And Ahab rode, and went to Jezreel.
1Kgs	18	46	וְיַד־יְהוָה הָיְתָה אֶל־אֵלִיָּהוּ וַיְשַׁנֵּס מָתְנָיו וַיָּרָץ לִפְנֵי אַחְאָב עַד־בֹּאֲכָה יִזְרְעֶאלָה ׃	καὶ χεὶρ Κυρίου ἐπὶ τὸν Ἠλειού· καὶ συνέσφιγξεν τὴν ὀσθὺν αὐτοῦ, καὶ ἔτρεχεν ἔμπροσθεν Ἀχαὰβ εἰς Ἰσράλ.	et manus Domini facta est super Heliam accinctisque lumbis currebat ante Ahab donec veniret in Hiezrahel	et manus Domini facta est super Eliam, accinctisque lumbis currebat ante Achab, donec veniret in Jezrahel.		And the hand of the Lord was on Elijah; and he girded up his loins, and ran before Ahab to the entrance of Jezreel.
1Kgs	19	1	וַיַּגֵּד אַחְאָב לְאִיזֶבֶל אֵת כָּל־אֲשֶׁר עָשָׂה אֵלִיָּהוּ וְאֵת כָּל־אֲשֶׁר הָרַג אֶת־כָּל־הַנְּבִיאִים בֶּחָרֶב ׃	Καὶ ἀνήγγειλεν Ἀχαὰβ τῇ Ἰεζάβελ γυναικὶ αὐτοῦ πάντα ἅ ἐποίησεν Ἠλειοὺ καὶ ὡς ἀπέκτεινεν τοὺς προφήτας ἐν ῥομφαίᾳ.	nuntiavit autem Ahab Hiezabel omnia quae fecerat Helias et quomodo occidisset universos prophetas gladio	Nuntiavit autem Achab Jezabel omnia quæ fecerat Elias, et quomodo occidisset universos prophetas gladio.		And Ahab told Jezebel all that Elijah had done, and withal how he had slain all the prophets with the sword.
1Kgs	19	2	וַתִּשְׁלַח אִיזֶבֶל מַלְאָךְ אֶל־אֵלִיָּהוּ לֵאמֹר כֹּה־יַעֲשׂוּן אֱלֹהִים וְכֹה יוֹסִפוּן כִּי־כָעֵת מָחָר אָשִׂים אֶת־נַפְשְׁךָ כְּנֶפֶשׁ אַחַד מֵהֶם ׃	καὶ ἀπέστειλεν ἰεζάβελ πρὸς Ἠλειοὺ καὶ εἶπεν Εἰ σὺ εἶ Ἠλειοὺ καὶ ἐγὼ Ἰεζάβελ, τάδε ποιήσαι μοι ὀ θεὸς καὶ τάδε προσθείη, ὅτι ταύτην τὴν ὥραν αὔριον θήσομαι τὴν ψυχήν σου καθὼς ψυχὴν ἑνὸς ἐξ αὐτῶν.	misitque Hiezabel nuntium ad Heliam dicens haec mihi faciant dii et haec addant nisi hac hora cras posuero animam tuam sicut animam unius ex illis	Misitque Jezabel nuntium ad Eliam, dicens: Hæc mihi faciant dii, et hæc addant, nisi hac hora cras posuero animam tuam sicut animam unius ex illis.		Then Jezebel sent a messenger unto Elijah, saying, So let the gods do to me, and more also, if I make not thy life as the life of one of them by to morrow about this time.
1Kgs	19	3	וַיַּרְא וַיָּקָם וַיֵּלֶךְ אֶל־נַפְשׁוֹ וַיָּבֹא בְּאֵר שֶׁבַע אֲשֶׁר לִיהוּדָה וַיַּנַּח אֶת־נַעֲרוֹ שָׁם ׃	καὶ ἐξοβήθη Ἠλειού, καὶ ἀνέστη καὶ ἀπῆλθεν κατὰ τὴν ψυχὴν ἐαυτοῦ, καὶ ἔρχεται εἰς Βηρσάβεε γῆν Ἰούδα, καὶ ἀφῆκεν τὸ παιδάριον αὐτοῦ ἐκεῖ.	timuit ergo Helias et surgens abiit quocumque eum ferebat voluntas venitque in Bersabee Iuda et dimisit ibi puerum suum	Timuit ergo Elias, et surgens abiit quocumque eum ferebat voluntas: venitque in Bersabee Juda, et dimisit ibi puerum suum,		And when he saw that, he arose, and went for his life, and came to Beersheba, which belongeth to Judah, and left his servant there.
1Kgs	19	4	וְהוּא־הָלַךְ בַּמִּדְבָּר דֶּרֶךְ יוֹם וַיָּבֹא וַיֵּשֶׁב תַּחַת רֹתֶם אֶחָת וַיִּשְׁאַל אֶת־נַפְשׁוֹ לָמוּת וַיֹּאמֶר רַב עַתָּה יְהוָה קַח נַפְשִׁי כִּי־לֹא־טוֹב אָנֹכִי מֵאֲבֹתָי ׃	καὶ αὐτὸς ἐπορεύθη ἐν τῇ ἐρήμῳ ὁδὸν ἡμέρας, καὶ ἦλθεν καὶ ἐκάθισεν ὑποκάτω ῥαθμέν· καὶ ᾐτήσατο τὴν ψυχὴν αὐτοῦ ἀποθανεῖν καὶ εἶπεν Ἱκανούσθω νῦν, λάβε δὴ τὴν ψυχήν μου ἀπ’ ἐμοῦ, Κύριε, ὅτι οὐ κρείσσων ἐγώ εἰμι ὑπὲρ τοὺς πατέρας μου.	et perrexit in desertum via unius diei cumque venisset et sederet subter unam iuniperum petivit animae suae ut moreretur et ait sufficit mihi Domine tolle animam meam neque enim melior sum quam patres mei	et perrexit in desertum, viam unius diei. Cumque venisset, et sederet subter unam juniperum, petivit animæ suæ ut moreretur, et ait: Sufficit mihi, Domine: tolle animam meam: neque enim melior sum quam patres mei.		But he himself went a day's journey into the wilderness, and came and sat down under a juniper tree: and he requested for himself that he might die; and said, It is enough; now, O Lord, take away my life; for I am not better than my fathers.
1Kgs	19	5	וַיִּשְׁכַּב וַיִּישַׁן תַּחַת רֹתֶם אֶחָד וְהִנֵּה־זֶה מַלְאָךְ נֹגֵעַ בּוֹ וַיֹּאמֶר לוֹ קוּם אֱכוֹל ׃	καὶ ἐκοιμήθη καὶ ὕπνωσεν ἐκεῖ ὑπὸ φυτόν· καὶ ἰδού τις ἥψατο αὐτοῦ καὶ εἶπεν αὐτῷ Ἀνάστηθι καὶ φάγε.	proiecitque se et obdormivit in umbra iuniperi et ecce angelus tetigit eum et dixit illi surge comede	Projecitque se, et obdormivit in umbra juniperi: et ecce angelus Domini tetigit eum, et dixit illi: Surge, et comede.		And as he lay and slept under a juniper tree, behold, then an angel touched him, and said unto him, Arise and eat.
1Kgs	19	6	וַיַּבֵּט וְהִנֵּה מְרַאֲשֹׁתָיו עֻגַת רְצָפִים וְצַפַּחַת מָיִם וַיֹּאכַל וַיֵּשְׁתְּ וַיָּשָׁב וַיִּשְׁכָּב ׃	καὶ ἐπέβλεψεν Ἠλειού, καὶ ἰδοὺ πρὸς κεφαλῆς αὐτοῦ ἐνκρυφίας ὀλυρείτης καὶ καψάκης ὕδατος· καὶ ἀνέστη καὶ ἔφαγεν καὶ ἔπιεν, καὶ ἐπιστρέψας ἐκοιμήθη.	respexit et ecce ad caput suum subcinericius panis et vas aquae comedit ergo et bibit et rursum obdormivit	Respexit, et ecce ad caput suum subcinericius panis, et vas aquæ: comedit ergo, et bibit, et rursum obdormivit.		And he looked, and, behold, there was a cake baken on the coals, and a cruse of water at his head. And he did eat and drink, and laid him down again.
1Kgs	19	7	וַיָּשָׁב מַלְאַךְ יְהוָה שֵׁנִית וַיִּגַּע־בּוֹ וַיֹּאמֶר קוּם אֱכֹל כִּי רַב מִמְּךָ הַדָּרֶךְ ׃	καὶ ἐπέστρεψεν ὁ ἄγγελος Κυρίου ἐκ δευτέρου, καὶ ἥψατο αὐτοῦ καὶ εἶπεν αὐτῷ Ἀνάστα, φάγε· ὅτι πολλὴ ἀπὸ σοῦ ἡ ὁδός.	reversusque est angelus Domini secundo et tetigit eum dixitque illi surge comede grandis enim tibi restat via	Reversusque est angelus Domini secundo, et tetigit eum, dixitque illi: Surge, comede: grandis enim tibi restat via.		And the angel of the Lord came again the second time, and touched him, and said, Arise and eat; because the journey is too great for thee.
1Kgs	19	8	וַיָּקָם וַיֹּאכַל וַיִּשְׁתֶּה וַיֵּלֶךְ בְּכֹחַ הָאֲכִילָה הַהִיא אַרְבָּעִים יוֹם וְאַרְבָּעִים לַיְלָה עַד הַר הָאֱלֹהִים חֹרֵב ׃	καὶ ἀνέστη καὶ ἔφαγεν καὶ ἔπιεν· καὶ ἐπορεύθη ἐν τῇ ἰσχύι τῆς βρώσεως ἐκείνης τεσσεράκοντα ἡμέρας καὶ τεσσεράκοντα νύκτας ἕως ὄρους Χωρήβ.	qui cum surrexisset comedit et bibit et ambulavit in fortitudine cibi illius quadraginta diebus et quadraginta noctibus usque ad montem Dei Horeb	Qui cum surrexisset, comedit et bibit, et ambulavit in fortitudine cibi illius quadraginta diebus et quadraginta noctibus usque ad montem Dei Horeb.		And he arose, and did eat and drink, and went in the strength of that meat forty days and forty nights unto Horeb the mount of God.
1Kgs	19	9	וַיָּבֹא־שָׁם אֶל־הַמְּעָרָה וַיָּלֶן שָׁם וְהִנֵּה דְבַר־יְהוָה אֵלָיו וַיֹּאמֶר לוֹ מַה־לְּךָ פֹה אֵלִיָּהוּ ׃	Καὶ εἰσῆλθεν ἐκεῖ εἰς τὸ σπήλαιον καὶ κατέλυσεν ἐκεῖ· καὶ ἰδοὺ ῥῆμα Κυρίου πρὸς αὐτὸν καὶ εἶπεν Τί σὺ ἐνταῦθα, Ἠλειού;	cumque venisset illuc mansit in spelunca et ecce sermo Domini ad eum dixitque illi quid hic agis Helia	Cumque venisset illuc, mansit in spelunca: et ecce sermo Domini ad eum, dixitque illi: Quid hic agis, Elia?		And he came thither unto a cave, and lodged there; and, behold, the word of the Lord came to him, and he said unto him, What doest thou here, Elijah?
1Kgs	19	10	וַיֹּאמֶר קַנֹּא קִנֵּאתִי לַיהוָה אֱלֹהֵי צְבָאוֹת כִּי־עָזְבוּ בְרִיתְךָ בְּנֵי יִשְׂרָאֵל אֶת־מִזְבְּחֹתֶיךָ הָרָסוּ וְאֶת־נְבִיאֶיךָ הָרְגוּ בֶחָרֶב וָאִוָּתֵר אֲנִי לְבַדִּי וַיְבַקְשׁוּ אֶת־נַפְשִׁי לְקַחְתָּהּ ׃	καὶ εἶπεν Ἠλειού Ζηλῶν ἐζήλωκα τῷ κυρίῳ Παντοκράτορι, ὅτι ἐνκατέλιπόν σε οἱ υἱοὶ Ἰσραήλ· τὰ θυσιαστήριά σου κατέσκαψαν καὶ τοὺς προφήτας σου ἀπέκτειναν εν ῥομφαίᾳ, καὶ ὑπολέλειμμαι ἐγὼ μονώτατος, καὶ ζητοῆσί μου τὴν ψυχὴν λαβεῖν αὐτήν.	at ille respondit zelo zelatus sum pro Domino Deo exercituum quia dereliquerunt pactum Domini filii Israhel altaria tua destruxerunt et prophetas tuos occiderunt gladio et derelictus sum ego solus et quaerunt animam meam ut auferant eam	At ille respondit: Zelo zelatus sum pro Domino Deo exercituum, quia dereliquerunt pactum tuum filii Israël: altaria tua destruxerunt, prophetas tuos occiderunt gladio, derelictus sum ego solus, et quærunt animam meam ut auferant eam.		And he said, I have been very jealous for the Lord God of hosts: for the children of Israel have forsaken thy covenant, thrown down thine altars, and slain thy prophets with the sword; and I, even I only, am left; and they seek my life, to take it away.
1Kgs	19	11	וַיֹּאמֶר צֵא וְעָמַדְתָּ בָהָר לִפְנֵי יְהוָה וְהִנֵּה יְהוָה עֹבֵר וְרוּחַ גְּדוֹלָה וְחָזָק מְפָרֵק הָרִים וּמְשַׁבֵּר סְלָעִים לִפְנֵי יְהוָה לֹא בָרוּחַ יְהוָה וְאַחַר הָרוּחַ רַעַשׁ לֹא בָרַעַשׁ יְהוָה ׃	καὶ εἶπεν Ἐξελεύσῃ αὔριον καὶ στήσῃ ἑνώπιον Κυρίου ἐν τῷ ὄρει· ἰδοὺ παρελεύσεται Κύριος. καὶ πνεῦμα μέγα κραταιὸν διαλῦον ὄρη καὶ συντρῖβον πέτρας ἐνώπιον Κυρίου, ἐν τῷ πνεύματι Κυρίου· καὶ μετὰ τὸ πνεῦμα συνσεισμός, οὐκ ἐν τῷ συνσεισμῷ Κύριος·	et ait ei egredere et sta in monte coram Domino et ecce Dominus transit et spiritus grandis et fortis subvertens montes et conterens petras ante Dominum non in spiritu Dominus et post spiritum commotio non in commotione Dominus	Et ait ei: Egredere, et sta in monte coram Domino: et ecce Dominus transit. Et spiritus grandis et fortis subvertens montes, et conterens petras, ante Dominum: non in spiritu Dominus. Et post spiritum commotio: non in commotione Dominus.		And he said, Go forth, and stand upon the mount before the Lord. And, behold, the Lord passed by, and a great and strong wind rent the mountains, and brake in pieces the rocks before the Lord; but the Lord was not in the wind: and after the wind an earthquake; but the Lord was not in the earthquake:
1Kgs	19	12	וְאַחַר הָרַעַשׁ אֵשׁ לֹא בָאֵשׁ יְהוָה וְאַחַר הָאֵשׁ קוֹל דְּמָמָה דַקָּה ׃	καὶ μετὰ τὸν συνσεισμὸν πῦρ, οὐκ ἐν τῷ πυρὶ Κύριος· καὶ μετὰ τὸ πῦρ φωνὴ αὔρας λεπτῆς.	et post commotionem ignis non in igne Dominus et post ignem sibilus aurae tenuis	Et post commotionem ignis: non in igne Dominus. Et post ignem sibilus auræ tenuis.		And after the earthquake a fire; but the Lord was not in the fire: and after the fire a still small voice.
1Kgs	19	13	וַיְהִי כִּשְׁמֹעַ אֵלִיָּהוּ וַיָּלֶט פָּנָיו בְּאַדַּרְתּוֹ וַיֵּצֵא וַיַּעֲמֹד פֶּתַח הַמְּעָרָה וְהִנֵּה אֵלָיו קוֹל וַיֹּאמֶר מַה־לְּךָ פֹה אֵלִיָּהוּ ׃	καὶ ἐγένετο ὡς ἤκουσεν Ἠλειού, καὶ ἐπεκάλυψεν τὸ πρόσωπον αὐτοῦ ἐν τῇ μηλωτῇ ἑαυτοῦ, καὶ ἐξὴλθεν καὶ ἔστη ὑπὸ σπήλαιον· καὶ ἰδοὺ πρὸς αὐτὸν φωνὴ καὶ εἶπεν Τί σὺ ἐνταῦθα, Ἠλειού;	quod cum audisset Helias operuit vultum suum pallio et egressus stetit in ostio speluncae et ecce vox ad eum dicens quid agis hic Helia	Quod cum audisset Elias, operuit vultum suum pallio, et egressus stetit in ostio speluncæ. Et ecce vox ad eum dicens: Quid hic agis, Elia? Et ille respondit:		And it was so, when Elijah heard it, that he wrapped his face in his mantle, and went out, and stood in the entering in of the cave. And, behold, there came a voice unto him, and said, What doest thou here, Elijah?
1Kgs	19	14	וַיֹּאמֶר קַנֹּא קִנֵּאתִי לַיהוָה אֱלֹהֵי צְבָאוֹת כִּי־עָזְבוּ בְרִיתְךָ בְּנֵי יִשְׂרָאֵל אֶת־מִזְבְּחֹתֶיךָ הָרָסוּ וְאֶת־נְבִיאֶיךָ הָרְגוּ בֶחָרֶב וָאִוָּתֵר אֲנִי לְבַדִּי וַיְבַקְשׁוּ אֶת־נַפְשִׁי לְקַחְתָּהּ ׃ ס	καὶ εἶπεν Ἠλειού Ζηλῶν ἐζήλωκα τῷ κυρίῳ Παντοκράτορι, ὅτι ἐγκατέλιπόν σε οἱ υἱοὶ Ἰσραήλ, τὴν διαθήκην σου καὶ τὰ θυσιαστήριά σου καθεῖλαν καὶ τοὺς προφήτας σου ἀπέκτειναν ἐν ῥομφαίᾳ, καὶ ὑπολέλιμμαι ἐγὼ μονώτατος, καὶ ζητοῦσι τὴν ψυχήν μου λαβεῖν αὐτήν.	et ille respondit zelo zelatus sum pro Domino Deo exercituum quia dereliquerunt pactum tuum filii Israhel altaria tua destruxerunt et prophetas tuos occiderunt gladio et derelictus sum ego solus et quaerunt animam meam ut auferant eam	Zelo zelatus sum pro Domino Deo exercituum, quia dereliquerunt pactum tuum filii Israël: altaria tua destruxerunt, prophetas tuos occiderunt gladio, derelictus sum ego solus, et quærunt animam meam ut auferant eam.		And he said, I have been very jealous for the Lord God of hosts: because the children of Israel have forsaken thy covenant, thrown down thine altars, and slain thy prophets with the sword; and I, even I only, am left; and they seek my life, to take it away.
1Kgs	19	15	וַיֹּאמֶר יְהוָה אֵלָיו לֵךְ שׁוּב לְדַרְכְּךָ מִדְבַּרָה דַמָּשֶׂק וּבָאתָ וּמָשַׁחְתָּ אֶת־חֲזָאֵל לְמֶלֶךְ עַל־אֲרָם ׃	καὶ εἶπεν Κύριος πρὸς αὐτόν Πορεύου, ἀνάστρεφε εἰς τὴς ὁδόν σου, καὶ ἥξεις εἰς τὴν ὁρδὸν ἐρήμου Δαμασκοῦ· καὶ ἥξεις καὶ χρίσεις τὸν Ἁζαὴλ εἰς βασιλέα τῆς Συρίας·	et ait Dominus ad eum vade et revertere in viam tuam per desertum in Damascum cumque perveneris ungues Azahel regem super Syriam	Et ait Dominus ad eum: Vade, et revertere in viam tuam per desertum in Damascum: cumque perveneris illuc, unges Hazaël regem super Syriam,		And the Lord said unto him, Go, return on thy way to the wilderness of Damascus: and when thou comest, anoint Hazael to be king over Syria:
1Kgs	19	16	וְאֵת יֵהוּא בֶן־נִמְשִׁי תִּמְשַׁח לְמֶלֶךְ עַל־יִשְׂרָאֵל וְאֶת־אֱלִישָׁע בֶּן־שָׁפָט מֵאָבֵל מְחוֹלָה תִּמְשַׁח לְנָבִיא תַּחְתֶּיךָ ׃	καὶ τὸν υἱὸν Εἰοὺ υἱοῦ Ναμεσθεὶ χρίσεις εἰς βασιλέα ἐπὶ Ἰσραήλ. καὶ τὸν Ἐλεισαῖς υἱὸν Σαφὰρ χρίσεις ἐξ Ἐβαλμαουλὰ προφήτην ἀντὶ σοῦ.	et Hieu filium Namsi ungues regem super Israhel Heliseum autem filium Saphat qui est de Abelmaula ungues prophetam pro te	et Jehu filium Namsi unges regem super Israël: Eliseum autem filium Saphat, qui est de Abelmehula, unges prophetam pro te.		And Jehu the son of Nimshi shalt thou anoint to be king over Israel: and Elisha the son of Shaphat of Abelmeholah shalt thou anoint to be prophet in thy room.
1Kgs	19	17	וְהָיָה הַנִּמְלָט מֵחֶרֶב חֲזָאֵל יָמִית יֵהוּא וְהַנִּמְלָט מֵחֶרֶב יֵהוּא יָמִית אֱלִישָׁע ׃	καὶ ἔσται τὸν σωζόμενον ἐκ ῥομφαίας Ἁζαὴλ θανατώσει Εἰού, καὶ τὸν σωζόμενον ἐκ ῥομφαίας Εἰοὺ θανατώσει Ἐλεισαῖε.	et erit quicumque fugerit gladium Azahel occidet eum Hieu et qui fugerit gladium Hieu interficiet eum Heliseus	Et erit: quicumque fugerit gladium Hazaël, occidet eum Jehu: et quicumque fugerit gladium Jehu, interficiet eum Eliseus.		And it shall come to pass, that him that escapeth the sword of Hazael shall Jehu slay: and him that escapeth from the sword of Jehu shall Elisha slay.
1Kgs	19	18	וְהִשְׁאַרְתִּי בְיִשְׂרָאֵל שִׁבְעַת אֲלָפִים כָּל־הַבִּרְכַּיִם אֲשֶׁר לֹא־כָרְעוּ לַבַּעַל וְכָל־הַפֶּה אֲשֶׁר לֹא־נָשַׁק לוֹ ׃	καὶ καταλείχεις ἐν Ἰσραὴλ ἑπτὰ χιλάδας ἀνδρῶν, πάντα γόνατα ἅ οὐκ ὤκλασαν γόνυ τῷ Βάαλ, καὶ πᾶν στόμα ὅ οὐ προσεκύνησεν αὐτῷ.	et derelinquam mihi in Israhel septem milia universorum genua quae non sunt incurvata Baal et omne os quod non adoravit eum osculans manum	Et derelinquam mihi in Israël septem millia virorum, quorum genua non sunt incurvata ante Baal, et omne os quod non adoravit eum osculans manus.		Yet I have left me seven thousand in Israel, all the knees which have not bowed unto Baal, and every mouth which hath not kissed him.
1Kgs	19	19	וַיֵּלֶךְ מִשָּׁם וַיִּמְצָא אֶת־אֱלִישָׁע בֶּן־שָׁפָט וְהוּא חֹרֵשׁ שְׁנֵים־עָשָׂר צְמָדִים לְפָנָיו וְהוּא בִּשְׁנֵים הֶעָשָׂר וַיַּעֲבֹר אֵלִיָּהוּ אֵלָיו וַיַּשְׁלֵךְ אַדַּרְתּוֹ אֵלָיו ׃	Καὶ ἀπῆλθεν ἐκεῖθεν, καὶ εὑρίσκει τὸν Ἐλεισαῖε υἱὸν Σαθάτ, καὶ αὐτὸς ἠροτρία ἐν βουςίν· δώδεκα ζεύγη ἐνώπιον αὐτοῦ, καὶ αὐτὸς ἐν τοῖς δώδεκα· ἐπῆλθεν ἐπ’ αὐτόν, καὶ ἐπέρριχε τὴν μηλωτὴν αὐτοῦ ἐπ’ αὐτόν.	profectus ergo inde repperit Heliseum filium Saphat arantem duodecim iugis boum et ipse in duodecim arantibus unus erat cumque venisset Helias ad eum misit pallium suum super illum	Profectus ergo inde Elias, reperit Eliseum filium Saphat, arantem in duodecim jugis boum. Et ipse in duodecim jugis boum arantibus unus erat: cumque venisset Elias ad eum, misit pallium suum super illum.		So he departed thence, and found Elisha the son of Shaphat, who was plowing with twelve yoke of oxen before him, and he with the twelfth: and Elijah passed by him, and cast his mantle upon him.
1Kgs	19	20	וַיַּעֲזֹב אֶת־הַבָּקָר וַיָּרָץ אַחֲרֵי אֵלִיָּהוּ וַיֹּאמֶר אֶשְּׁקָה־נָּא לְאָבִי וּלְאִמִּי וְאֵלְכָה אַחֲרֶיךָ וַיֹּאמֶר לוֹ לֵךְ שׁוּב כִּי מֶה־עָשִׂיתִי לָךְ ׃	καὶ κατέλιπεν Ἐλεισαῖε σαῖς τὰς βόας, καὶ κατέδραμεν ὀπίσω Ἠλειοὺ καὶ εἶπεν καταφιλήσω τὸν πατέρα μου καὶ ἀκολουθήσω ὀπίσω σου· καὶ εἶπεν Ἠλειού Ἀνάστρεφε, ὅτι πεποίηκά σοι.	qui statim relictis bubus cucurrit post Heliam et ait osculer oro te patrem meum et matrem meam et sic sequar te dixitque ei vade et revertere quod enim meum erat feci tibi	Qui statim relictis bobus cucurrit post Eliam, et ait: Osculer, oro, patrem meum, et matrem meam, et sic sequar te. Dixitque ei: Vade, et revertere: quod enim meum erat, feci tibi.		And he left the oxen, and ran after Elijah, and said, Let me, I pray thee, kiss my father and my mother, and then I will follow thee. And he said unto him, Go back again: for what have I done to thee?
1Kgs	19	21	וַיָּשָׁב מֵאַחֲרָיו וַיִּקַּח אֶת־צֶמֶד הַבָּקָר וַיִּזְבָּחֵהוּ וּבִכְלִי הַבָּקָר בִּשְּׁלָם הַבָּשָׂר וַיִּתֵּן לָעָם וַיֹּאכֵלוּ וַיָּקָם וַיֵּלֶךְ אַחֲרֵי אֵלִיָּהוּ וַיְשָׁרְתֵהוּ ׃ פ	καὶ ἀνέστρεχεν ἐξόπιθεν αὐτοῦ, καὶ ἔλαβεν τὰ ζεύην τῶν βοῶν καὶ ἔθυσεν καὶ ἥψησεν αὐτὰ ἐν τοῖς σκεύσει τῶν βοῶν, καὶ ἔδωκεν τῷ λαῷ καὶ ἔφαγον· καὶ ἀνέστη καὶ ἐπορεύθη ὀπίσω Ἠλειού, καὶ ἐλειτούργει αὐτῷ.	reversus autem ab eo tulit par boum et mactavit illud et in aratro boum coxit carnes et dedit populo et comederunt consurgensque abiit et secutus est Heliam et ministrabat ei	Reversus autem ab eo, tulit par boum, et mactavit illud, et in aratro boum coxit carnes, et dedit populo, et comederunt: consurgensque abiit, et secutus est Eliam, et ministrabat ei.		And he returned back from him, and took a yoke of oxen, and slew them, and boiled their flesh with the instruments of the oxen, and gave unto the people, and they did eat. Then he arose, and went after Elijah, and ministered unto him.
1Kgs	20	1	וּבֶן־הֲדַד מֶלֶךְ־אֲרָם קָבַץ אֶת־כָּל־חֵילוֹ וּשְׁלֹשִׁים וּשְׁנַיִם מֶלֶךְ אִתּוֹ וְסוּס וָרָכֶב וַיַּעַל וַיָּצַר עַל־שֹׁמְרוֹן וַיִּלָּחֶם בָּהּ ׃	Καὶ ἀμπελὼν εἷς ἦν τῷ Ναβουθαὶ τῷ Ἰσρανλείτῃ παρὰ τῷ ἅλῳ Ἀχαὰβ βασιλέως Σαμαρείας.	porro Benadad rex Syriae congregavit omnem exercitum suum et triginta et duos reges secum et equos et currus et ascendens pugnabat contra Samariam et obsidebat eam	Porro Benadad rex Syriæ congregavit omnem exercitum suum, et triginta duos reges secum, et equos, et currus: et ascendens pugnabat contra Samariam, et obsidebat eam.		And Benhadad the king of Syria gathered all his host together: and there were thirty and two kings with him, and horses, and chariots; and he went up and besieged Samaria, and warred against it.
1Kgs	20	2	וַיִּשְׁלַח מַלְאָכִים אֶל־אַחְאָב מֶלֶךְ־יִשְׂרָאֵל הָעִירָה ׃	καὶ ἐλάλησεν Ἀχαὰβ πρὸς Ναβουθαὶ λέγων Δός μοι τὸν ἀμπελῶνά σου καὶ ἔσται μοι εἰς κῆπον λαχάνων, ὅτι ἐγγίων οὗτος τῷ οἴκῳ μου, καὶ δώσω σοι ἀμπελῶνα ἄλλον ἀγαθὸν ὑπὲρ αὐτόν· εἰ δὲ ἀρέσκει ἐνώπιὸν σου, δώσω σοι ἀργύριον ἄλλαγμα ἀμπελῶνός σου τούτου, καὶ ἔσται μοι εἰς κῆπον λαχάνων.	mittensque nuntios ad Ahab regem Israhel in civitatem	Mittensque nuntios ad Achab regem Israël in civitatem,		And he sent messengers to Ahab king of Israel into the city, and said unto him, Thus saith Benhadad,
1Kgs	20	3	וַיֹּאמֶר לוֹ כֹּה אָמַר בֶּן־הֲדַד כַּסְפְּךָ וּזְהָבְךָ לִי־הוּא וְנָשֶׁיךָ וּבָנֶיךָ הַטּוֹבִים לִי־הֵם ׃	καὶ εἶπεν Ναβουθαὶ πρὸς Ἀχαάβ Μὴ γένοιτό μοι παρὰ θεοῦ μου δοῦναι κληρονομίαν πατέρων μου σοί.	ait haec dicit Benadad argentum tuum et aurum tuum meum est et uxores tuae et filii tui optimi mei sunt	ait: Hæc dicit Benadad: Argentum tuum, et aurum tuum meum est: et uxores tuæ, et filii tui optimi, mei sunt.		Thy silver and thy gold is mine; thy wives also and thy children, even the goodliest, are mine.
1Kgs	20	4	וַיַּעַן מֶלֶךְ־יִשְׂרָאֵל וַיֹּאמֶר כִּדְבָרְךָ אֲדֹנִי הַמֶּלֶךְ לְךָ אֲנִי וְכָל־אֲשֶׁר־לִי ׃	καὶ ἐγένετο τὸ πνεῦμα Ἀχαὰβ τεταραγμένον, καὶ ἐκοιμήθη ἐπὶ τῆς κλίνης αὐτοῦ καὶ συνεκάλυψεν τὸ πρόσωπον αὐτοῦ, καὶ οὐκ ἔφαγεν ἄρτον.	responditque rex Israhel iuxta verbum tuum domine mi rex tuus sum ego et omnia mea	Responditque rex Israël: Juxta verbum tuum, domine mi rex, tuus sum ego, et omnia mea.		And the king of Israel answered and said, My lord, O king, according to thy saying, I am thine, and all that I have.
1Kgs	20	5	וַיָּשֻׁבוּ הַמַּלְאָכִים וַיֹּאמְרוּ כֹּה־אָמַר בֶּן־הֲדַד לֵאמֹר כִּי־שָׁלַחְתִּי אֵלֶיךָ לֵאמֹר כַּסְפְּךָ וּזְהָבְךָ וְנָשֶׁיךָ וּבָנֶיךָ לִי תִתֵּן ׃	καὶ εἰσῆλθεν Ἰεζάβελ ἡ γυνὴ αὐτοὺ πρὸς αὐτὸν καὶ ελάλησεν πρὸς αὐτόν Τί τὸ πνεῦμά σου τεταραγμένον, καὶ οὐκ εἶ σὺ ἐσθίων ἄρτον;	revertentesque nuntii dixerunt haec dicit Benadad qui misit nos ad te argentum tuum et aurum tuum et uxores tuas et filios tuos dabis mihi	Revertentesque nuntii, dixerunt: Hæc dicit Benadad, qui misit nos ad te: Argentum tuum, et aurum tuum, et uxores tuas, et filios tuos, dabis mihi.		And the messengers came again, and said, Thus speaketh Benhadad, saying, Although I have sent unto thee, saying, Thou shalt deliver me thy silver, and thy gold, and thy wives, and thy children;
1Kgs	20	6	כִּי אִם־כָּעֵת מָחָר אֶשְׁלַח אֶת־עֲבָדַי אֵלֶיךָ וְחִפְּשׂוּ אֶת־בֵּיתְךָ וְאֵת בָּתֵּי עֲבָדֶיךָ וְהָיָה כָּל־מַחְמַד עֵינֶיךָ יָשִׂימוּ בְיָדָם וְלָקָחוּ ׃	καὶ εἶπεν πρὸς αὐτήν Ὅτι ἐλάλησα πρὸς Ναβουθαι τὸν Ἰσραηλείτην λέγων Δός μοι τὸν ἀμπελῶνά σου ἀργυρίου· εἰ δὲ βουλει, δώσω σοι ἀμπελῶνα ἄλλον ἀντ’ αὐτοῦ· καὶ εἶπεν Οὐ δώσω σοι κληρονομίαν πατέρων μου.	cras igitur hac eadem hora mittam servos meos ad te et scrutabuntur domum tuam et domum servorum tuorum et omne quod eis placuerit ponent in manibus suis et auferent	Cras igitur hac eadem hora mittam servos meos ad te, et scrutabuntur domum tuam, et domum servorum tuorum: et omne quod eis placuerit, ponent in manibus suis, et auferent.		Yet I will send my servants unto thee to morrow about this time, and they shall search thine house, and the houses of thy servants; and it shall be, that whatsoever is pleasant in thine eyes, they shall put it in their hand, and take it away.
1Kgs	20	7	וַיִּקְרָא מֶלֶךְ־יִשְׂרָאֵל לְכָל־זִקְנֵי הָאָרֶץ וַיֹּאמֶר דְּעוּ־נָא וּרְאוּ כִּי רָעָה זֶה מְבַקֵּשׁ כִּי־שָׁלַח אֵלַי לְנָשַׁי וּלְבָנַי וּלְכַסְפִּי וְלִזְהָבִי וְלֹא מָנַעְתִּי מִמֶּנּוּ ׃	καὶ εἶπεν πρὸς αὐτὸν Ἰεζάβελ ἡ γυνὴ αὐτοῦ Σὺ νῦν οὕτως ποιεῖς βασιλέα ἐπὶ Ισραήλ; ἀνάστηθι, φάγε ἄρτον καὶ σαυτοῦ γενοῦ· ἐγὼ δώσω σοι τὸν ἀμπελῶνα Ναβουθαὶ τοῦ Ἰσραηλείτου.	vocavit autem rex Israhel omnes seniores terrae et ait animadvertite et videte quoniam insidietur nobis misit enim ad me pro uxoribus meis et filiis et pro argento et auro et non abnui	Vocavit autem rex Israël omnes seniores terræ, et ait: Animadvertite, et videte quoniam insidietur nobis: misit enim ad me pro uxoribus meis, et filiis, et pro argento et auro: et non abnui.		Then the king of Israel called all the elders of the land, and said, Mark, I pray you, and see how this man seeketh mischief: for he sent unto me for my wives, and for my children, and for my silver, and for my gold; and I denied him not.
1Kgs	20	8	וַיֹּאמְרוּ אֵלָיו כָּל־הַזְּקֵנִים וְכָל־הָעָם אַל־תִּשְׁמַע וְלוֹא תֹאבֶה ׃	καὶ ἔγραψεν βιβλίον ἐπὶ τῷ ὀνόματι Ἀχαὰβ καὶ ἐσθραγίσατο τῇ σφραγῖδι αὐτοῦ, καὶ ἀπέστειλεν τὸ βιβλίον πρὸς τοὺς πρεσβυτέρους καὶ τοὺς ἐλευθέρους τοὺς κατοικοῦντας μετὰ Ναβουθαί.	dixeruntque omnes maiores natu et universus populus ad eum non audias neque adquiescas illi	Dixeruntque omnes majores natu, et universus populus, ad eum: Non audias, neque acquiescas illi.		And all the elders and all the people said unto him, Hearken not unto him, nor consent.
1Kgs	20	9	וַיֹּאמֶר לְמַלְאֲכֵי בֶן־הֲדַד אִמְרוּ לַאדֹנִי הַמֶּלֶךְ כֹּל אֲשֶׁר־שָׁלַחְתָּ אֶל־עַבְדְּךָ בָרִאשֹׁנָה אֶעֱשֶׂה וְהַדָּבָר הַזֶּה לֹא אוּכַל לַעֲשׂוֹת וַיֵּלְכוּ הַמַּלְאָכִים וַיְשִׁבֻהוּ דָּבָר ׃	καὶ ἐγέγραπτο ἐν τοῖς βιβλίοις λέγων Νηστεύσατε νηστείαν, καὶ καθίσατε τὸν Ναβουθαὶ ἐν ἀρχῇ τοῦ λαοῦ·	respondit itaque nuntiis Benadad dicite domino meo regi omnia propter quae misisti ad me servum tuum initio faciam hanc autem rem facere non possum	Respondit itaque nuntiis Benadad: Dicite domino meo regi: Omnia propter quæ misisti ad me servum tuum in initio, faciam: hanc autem rem facere non possum.		Wherefore he said unto the messengers of Benhadad, Tell my lord the king, All that thou didst send for to thy servant at the first I will do: but this thing I may not do. And the messengers departed, and brought him word again.
1Kgs	20	10	וַיִּשְׁלַח אֵלָיו בֶּן־הֲדַד וַיֹּאמֶר כֹּה־יַעֲשׂוּן לִי אֱלֹהִים וְכֹה יוֹסִפוּ אִם־יִשְׂפֹּק עֲפַר שֹׁמְרוֹן לִשְׁעָלִים לְכָל־הָעָם אֲשֶׁר בְּרַגְלָי ׃	καὶ ἐνκαθίσατε δύο ἄνδρας, υἱοὺς παρανόμων.	reversique nuntii rettulerunt ei qui remisit et ait haec faciant mihi dii et haec addant si suffecerit pulvis Samariae pugillis omnis populi qui sequitur me	Reversique nuntii retulerunt ei. Qui remisit, et ait: Hæc faciant mihi dii, et hæc addant, si suffecerit pulvis Samariæ pugillis omnis populi qui sequitur me.		And Benhadad sent unto him, and said, The gods do so unto me, and more also, if the dust of Samaria shall suffice for handfuls for all the people that follow me.
1Kgs	20	11	וַיַּעַן מֶלֶךְ־יִשְׂרָאֵל וַיֹּאמֶר דַּבְּרוּ אַל־יִתְהַלֵּל חֹגֵר כִּמְפַתֵּחַ ׃		et respondens rex Israhel ait dicite ei ne glorietur accinctus aeque ut discinctus	Et respondens rex Israël, ait: Dicite ei: Ne glorietur, accinctus æque ut discinctus.		And the king of Israel answered and said, Tell him, Let not him that girdeth on his harness boast himself as he that putteth it off.
1Kgs	20	12	וַיְהִי כִּשְׁמֹעַ אֶת־הַדָּבָר הַזֶּה וְהוּא שֹׁתֶה הוּא וְהַמְּלָכִים בַּסֻּכּוֹת וַיֹּאמֶר אֶל־עֲבָדָיו שִׂימוּ וַיָּשִׂימוּ עַל־הָעִיר ׃		factum est autem cum audisset verbum istud bibebat ipse et reges in umbraculis et ait servis suis circumdate civitatem et circumdederunt eam	Factum est autem cum audisset Benadad verbum istud, bibebat ipse et reges in umbraculis: et ait servis suis: Circumdate civitatem. Et circumdederunt eam.		And it came to pass, when Ben-hadad heard this message, as he was drinking, he and the kings in the pavilions, that he said unto his servants, Set yourselves in array. And they set themselves in array against the city.
1Kgs	20	13	וְהִנֵּה נָבִיא אֶחָד נִגַּשׁ אֶל־אַחְאָב מֶלֶךְ־יִשְׂרָאֵל וַיֹּאמֶר כֹּה אָמַר יְהוָה הְרָאִיתָ אֵת כָּל־הֶהָמוֹן הַגָּדוֹל הַזֶּה הִנְנִי נֹתְנוֹ בְיָדְךָ הַיּוֹם וְיָדַעְתָּ כִּי־אֲנִי יְהוָה ׃	καὶ ἐκάθισαν ἐξ ἐναντίας αὐτοῦ, καὶ κατεμαρτύρησαν αὐτοῦ λέγοντες Ηὐλόγηκας θεὸν καὶ βασιλέα· καὶ ἐξήγαγον αὐτὸν ἔξω τῆς πόλεως καὶ ἐλιθοβόλησαν αὐτὸν λίθοις, καὶ ἀπέθανεν.	et ecce propheta unus accedens ad Ahab regem Israhel ait haec dicit Dominus certe vidisti omnem multitudinem hanc nimiam ecce ego tradam eam in manu tua hodie ut scias quia ego sum Dominus	Et ecce propheta unus accedens ad Achab regem Israël, ait ei: Hæc dicit Dominus: Certe vidisti omnem multitudinem hanc nimiam? ecce ego tradam eam in manu tua hodie, ut scias quia ego sum Dominus.		And, behold, there came a prophet unto Ahab king of Israel, saying, Thus saith the Lord, Hast thou seen all this great multitude? behold, I will deliver it into thine hand this day; and thou shalt know that I am the Lord.
1Kgs	20	14	וַיֹּאמֶר אַחְאָב בְּמִי וַיֹּאמֶר כֹּה־אָמַר יְהוָה בְּנַעֲרֵי שָׂרֵי הַמְּדִינוֹת וַיֹּאמֶר מִי־יֶאְסֹר הַמִּלְחָמָה וַיֹּאמֶר אָתָּה ׃	καὶ ἀπέστειλαν πρὸς Ἰεζάβελ λέγοντες Λελιθοβόληται Ναβουθαὶ καὶ τέθνηκεν.	et ait Ahab per quem dixitque ei haec dicit Dominus per pedisequos principum provinciarum et ait quis incipiet proeliari et ille dixit tu	Et ait Achab: Per quem? Dixitque ei: Hæc dicit Dominus: Per pedissequos principum provinciarum. Et ait: Quis incipiet præliari? Et ille dixit: Tu.		And Ahab said, By whom? And he said, Thus saith the Lord, Even by the young men of the princes of the provinces. Then he said, Who shall order the battle? And he answered, Thou.
1Kgs	20	15	וַיִּפְקֹד אֶת־נַעֲרֵי שָׂרֵי הַמְּדִינוֹת וַיִּהְיוּ מָאתַיִם שְׁנַיִם וּשְׁלֹשִׁים וְאַחֲרֵיהֶם פָּקַד אֶת־כָּל־הָעָם כָּל־בְּנֵי יִשְׂרָאֵל שִׁבְעַת אֲלָפִים ׃	καὶ ἐγένετο ὡς ἤκουσεν Ἰεζάβελ, καὶ εἶπεν πρὸς Ἀχαάβ Ἀνάστα, κληρονομει τὸν ἀμπελῶνα Ναβουθαὶ τοῦ Ἰσραηλείτου ὃς οὐκ ἔδωκέν σοι αργυρίου, ὅτι οὐκ εστιν Ναβουθαὶ ζῶν, ὅτι τέθνηκεν.	recensuit ergo pueros principum provinciarum et repperit numerum ducentorum triginta duum et post eos recensuit populum omnes filios Israhel septem milia	Recensuit ergo pueros principum provinciarum, et reperit numerum ducentorum triginta duorum: et recensuit post eos populum, omnes filios Israël, septem millia.		Then he numbered the young men of the princes of the provinces, and they were two hundred and thirty two: and after them he numbered all the people, even all the children of Israel, being seven thousand.
1Kgs	20	16	וַיֵּצְאוּ בַּצָּהֳרָיִם וּבֶן־הֲדַד שֹׁתֶה שִׁכּוֹר בַּסֻּכּוֹת הוּא וְהַמְּלָכִים שְׁלֹשִׁים־וּשְׁנַיִם מֶלֶךְ עֹזֵר אֹתוֹ ׃	καὶ ἐγένετο ὡς ἤκουσεν Ἀχαὰβ ὅτι τέθνηκεν Ναβουθὰι ὁ Ἰσραηλείτης, καὶ διέρρηξεν τὰ ἱμάτια ἑαυτοῦ καὶ περιεβάλετο σάκκον· καὶ ἐγένετο μετὰ ταῦτα καὶ ἀνέστη καὶ κατέβη Ἀχαὰβ εἰς τὸν ἀμπελῶνα Ναβουθαὶ τοῦ Ἰσραηλείτου κληρονομῆσαι αὐτόν.	et egressi sunt meridie Benadad autem bibebat temulentus in umbraculo suo et reges triginta duo cum eo qui ad auxilium eius venerant	Et egressi sunt meridie. Benadad autem bibebat temulentus in umbraculo suo, et reges triginta duo cum eo, qui ad auxilium ejus venerant.		And they went out at noon. But Benhadad was drinking himself drunk in the pavilions, he and the kings, the thirty and two kings that helped him.
1Kgs	20	17	וַיֵּצְאוּ נַעֲרֵי שָׂרֵי הַמְּדִינוֹת בָּרִאשֹׁנָה וַיִּשְׁלַח בֶּן־הֲדַד וַיַּגִּידוּ לוֹ לֵאמֹר אֲנָשִׁים יָצְאוּ מִשֹּׁמְרוֹן ׃	Καὶ εἶπεν Κύριος π ρὸς Ἠλειοὺ τὸν Θεσβείτην λέγων	egressi sunt autem pueri principum provinciarum in prima fronte misit itaque Benadad qui nuntiaverunt ei dicentes viri egressi sunt de Samaria	Egressi sunt autem pueri principum provinciarum in prima fronte. Misit itaque Benadad: qui nuntiaverunt ei, dicentes: Viri egressi sunt de Samaria.		And the young men of the princes of the provinces went out first; and Benhadad sent out, and they told him, saying, There are men come out of Samaria.
1Kgs	20	18	וַיֹּאמֶר אִם־לְשָׁלוֹם יָצָאוּ תִּפְשׂוּם חַיִּים וְאִם לְמִלְחָמָה יָצָאוּ חַיִּים תִּפְשׂוּם ׃	Ἀνάστηθι καὶ κατάβηθι εἰς ἀπαντὴν Ἀχαὰβ βασιλέως Ἰσραὴλ τοῦ ἐν Σαμαρείᾳ, ὅτι οὗτος ἐν ἀμπελῶνι Ναβουθαί, ὅτι καταβέβηκεν ἐκεῖ κληρονομῆσαι αὐτόν.	at ille sive ait pro pace veniunt adprehendite eos vivos sive ut proelientur vivos eos capite	Et ille ait: Sive pro pace veniunt, apprehendite eos vivos: sive ut prælientur, vivos eos capite.		And he said, Whether they be come out for peace, take them alive; or whether they be come out for war, take them alive.
1Kgs	20	19	וְאֵלֶּה יָצְאוּ מִן־הָעִיר נַעֲרֵי שָׂרֵי הַמְּדִינוֹת וְהַחַיִל אֲשֶׁר אַחֲרֵיהֶם ׃	καὶ λαλήσεις πρὸς αὐτὸν λέγων Τάδε λέγει Κύριος Ὡς σὺ ἐφόνευσας καὶ ἐκληρονόμησας, διὰ τοῦτο τάδε λέγει Κύριος Ἐν παντὶ τόπῳ ᾧ ἔλιξαν αἱ ὕες καὶ οἱ κύνες τὸ αἷμα Ναβουθαί, ἐκεῖ λίξουσιν οἱ κύωες τὸ αἷμά σου, καὶ αἱ πόρωαι λούσονται ἐν τῷ αἵματί σου.	egressi sunt ergo pueri principum provinciarum ac reliquus exercitus sequebatur	Egressi sunt ergo pueri principum provinciarum, ac reliquus exercitus sequebatur:		So these young men of the princes of the provinces came out of the city, and the army which followed them.
1Kgs	20	20	וַיַּכּוּ אִישׁ אִישׁוֹ וַיָּנֻסוּ אֲרָם וַיִּרְדְּפֵם יִשְׂרָאֵל וַיִּמָּלֵט בֶּן־הֲדַד מֶלֶךְ אֲרָם עַל־סוּס וּפָרָשִׁים ׃	καὶ εἶπεν Ἀχαἀβ πρὸς Ἀλειού Εἰ εὕρηκάς με, ὁ ἐχθρός μου; καὶ εἶπεν Εὕρηκα, διότι μάτην πέπρασαι ποιῆσαι τὸ πονηρὸν ἐνώπιον Κυρίου, παρορηίσαι αὐτον.	et percussit unusquisque virum qui contra se venerat fugeruntque Syri et persecutus est eos Israhel fugit quoque Benadad rex Syriae in equo cum equitibus	et percussit unusquisque virum qui contra se veniebat: fugeruntque Syri, et persecutus est eos Israël. Fugit quoque Benadad rex Syriæ in equo cum equitibus suis.		And they slew every one his man: and the Syrians fled; and Israel pursued them: and Benhadad the king of Syria escaped on an horse with the horsemen.
1Kgs	20	21	וַיֵּצֵא מֶלֶךְ יִשְׂרָאֵל וַיַּךְ אֶת־הַסּוּס וְאֶת־הָרָכֶב וְהִכָּה בַאֲרָם מַכָּה גְדוֹלָה ׃	ἰδοὺ ἐγὼ ἐπάγω ἐπὶ σὲ κακά, καὶ ἐκκαύσω ἀπίσω σου καὶ ἐξολεθρεύσω τοῦ Ἀχαὰβ οὐροῦντα πρὸς τοῖχον καὶ συνεχόμενον καὶ ἐνκαταλελειμμένον ἐν Ἰσραήλ·	necnon et egressus rex Israhel percussit equos et currus et percussit Syriam plaga magna	Necnon egressus rex Israël percussit equos et currus, et percussit Syriam plaga magna.		And the king of Israel went out, and smote the horses and chariots, and slew the Syrians with a great slaughter.
1Kgs	20	22	וַיִּגַּשׁ הַנָּבִיא אֶל־מֶלֶךְ יִשְׂרָאֵל וַיֹּאמֶר לוֹ לֵךְ הִתְחַזַּק וְדַע וּרְאֵה אֵת אֲשֶׁר־תַּעֲשֶׂה כִּי לִתְשׁוּבַת הַשָּׁנָה מֶלֶךְ אֲרָם עֹלֶה עָלֶיךָ ׃ ס	καὶ δώσω τὸν υἶκόν σου ὡς τὸν οὖκον Ἰερβοὰμ υἱοῦ Ναβὰθ καὶ ὡς τὸν οἶκον Βααςὰ υἱοῦ Ἀχειά, περὶ τῶν παροργισμάτων ὧν παρώρηισας καὶ ἐξήματρες τὸν Ἰσραήλ.	accedens autem propheta ad regem Israhel dixit ei vade et confortare et scito et vide quid facias sequenti enim anno rex Syriae ascendet contra te	Accedens autem propheta ad regem Israël, dixit ei: Vade, et confortare, et scito, et vide quid facias: sequenti enim anno rex Syriæ ascendet contra te.		And the prophet came to the king of Israel, and said unto him, Go, strengthen thyself, and mark, and see what thou doest: for at the return of the year the king of Syria will come up against thee.
1Kgs	20	23	וְעַבְדֵי מֶלֶךְ־אֲרָם אָמְרוּ אֵלָיו אֱלֹהֵי הָרִים אֱלֹהֵיהֶם עַל־כֵּן חָזְקוּ מִמֶּנּוּ וְאוּלָם נִלָּחֵם אִתָּם בַּמִּישׁוֹר אִם־לֹא נֶחֱזַק מֵהֶם ׃	καὶ τῇ Ἰεζάβελ ἐλάλησεν Κύριος λέγων Οἱ κύνες καταφάγουται αὐτὴν ἐν τῷ προτειχίσματι τοῦ Ἰσραήλ.	servi vero regis Syriae dixerunt ei dii montium sunt dii eorum ideo superaverunt nos sed melius est ut pugnemus contra eos in campestribus et obtinebimus eos	Servi vero regis Syriæ dixerunt ei: Dii montium sunt dii eorum, ideo superaverunt nos: sed melius est ut pugnemus contra eos in campestribus, et obtinebimus eos.		And the servants of the king of Syria said unto him, Their gods are gods of the hills; therefore they were stronger than we; but let us fight against them in the plain, and surely we shall be stronger than they.
1Kgs	20	24	וְאֶת־הַדָּבָר הַזֶּה עֲשֵׂה הָסֵר הַמְּלָכִים אִישׁ מִמְּקֹמוֹ וְשִׂים פַּחוֹת תַּחְתֵּיהֶם ׃	τὸν τεθνηκότα τοῦ Ἀχαὰβ ἐν τῇ πόλει φάγονται οἱ κύνες, καὶ τὸν τεθνηκότα αὐτοῦ ἐν τῷ πεδίῳ φάγονται τὰ πετεινὰ τοῦ οὐρανοῦ.	tu ergo verbum hoc fac amove reges singulos ab exercitu suo et pone principes pro eis	Tu ergo verbum hoc fac: amove reges singulos ab exercitu tuo, et pone principes pro eis:		And do this thing, Take the kings away, every man out of his place, and put captains in their rooms:
1Kgs	20	25	וְאַתָּה תִמְנֶה־לְךָ חַיִל כַּחַיִל הַנֹּפֵל מֵאוֹתָךְ וְסוּס כַּסּוּס וְרֶכֶב כָּרֶכֶב וְנִלָּחֲמָה אוֹתָם בַּמִּישׁוֹר אִם־לֹא נֶחֱזַק מֵהֶם וַיִּשְׁמַע לְקֹלָם וַיַּעַשׂ כֵּן ׃ פ	πλὴν ματαίως Ἀχαάβ, ὡς ἐπράθη ποιῆσαι τὸ πονηρὸν ἐνώπιον Κυρίου, ὡς μετέθηκεν αὐτὸν Ἰεζάβελ ἡ γυνὴ αὐτοῦ·	et instaura numerum militum qui ceciderunt de tuis et equos secundum equos pristinos et currus secundum currus quos ante habuisti et pugnabimus contra eos in campestribus et videbis quod obtinebimus eos credidit consilio eorum et fecit ita	et instaura numerum militum qui ceciderunt de tuis, et equos secundum equos pristinos, et currus secundum currus quos ante habuisti: et pugnabimus contra eos in campestribus, et videbis quod obtinebimus eos. Credidit consilio eorum, et fecit ita.		And number thee an army, like the army that thou hast lost, horse for horse, and chariot for chariot: and we will fight against them in the plain, and surely we shall be stronger than they. And he hearkened unto their voice, and did so.
1Kgs	20	26	וַיְהִי לִתְשׁוּבַת הַשָּׁנָה וַיִּפְקֹד בֶּן־הֲדַד אֶת־אֲרָם וַיַּעַל אֲפֵקָה לַמִּלְחָמָה עִם־יִשְׂרָאֵל ׃	καὶ ἐβδελύχθη σφόδρα πορεύεσθαι ὀπίσω τῶν βδελυγμάτων κατὰ πάντα ἅ ἐποίησεν ὁ Ἀμορραῖος, ὅν ἐξωλεθρευσεν Κύριος ἀπὰ προσώπου υἱῶν Ἰσραληλ.	igitur postquam annus transierat recensuit Benadad Syros et ascendit in Afec ut pugnaret contra Israhel	Igitur postquam annus transierat, recensuit Benadad Syros, et ascendit in Aphec ut pugnaret contra Israël.		And it came to pass at the return of the year, that Benhadad numbered the Syrians, and went up to Aphek, to fight against Israel.
1Kgs	20	27	וּבְנֵי יִשְׂרָאֵל הָתְפָּקְדוּ וְכָלְכְּלוּ וַיֵּלְכוּ לִקְרָאתָם וַיַּחֲנוּ בְנֵי־יִשְׂרָאֵל נֶגְדָּם כִּשְׁנֵי חֲשִׂפֵי עִזִּים וַאֲרָם מִלְאוּ אֶת־הָאָרֶץ ׃	καὶ ὑπὲρ τοῦ λόγου ὡς κατενύγη Ἀχαὰβ ἀπὸ προσώπου τοῦ κυρίου, καὶ ἐρορεύετο κλαίων καὶ διέρρηξεν τὸν χιτῶνα αὐτοῦ καὶ ἐζώσατο σάκκον ἐπὶ τὸ σῶμα αὐτοῦ καὶ ἐνήστευσεν· καὶ περιεβάετο σάκκον ἐν τῇ ἡμέρᾳ ᾖ ἐπάταξεν ναβουθαὶ τὸν Ἰσραηλείτην, καὶ ἐπρεύθη.	porro filii Israhel recensiti sunt et acceptis cibariis profecti ex adverso castraque metati contra eos quasi duo parvi greges caprarum Syri autem repleverunt terram	Porro filii Israël recensiti sunt, et acceptis cibariis profecti ex adverso, castraque metati sunt contra eos, quasi duo parvi greges caprarum: Syri autem repleverunt terram.		And the children of Israel were numbered, and were all present, and went against them: and the children of Israel pitched before them like two little flocks of kids; but the Syrians filled the country.
1Kgs	20	28	וַיִּגַּשׁ אִישׁ הָאֱלֹהִים וַיֹּאמֶר אֶל־מֶלֶךְ יִשְׂרָאֵל וַיֹּאמֶר כֹּה־אָמַר יְהוָה יַעַן אֲשֶׁר אָמְרוּ אֲרָם אֱלֹהֵי הָרִים יְהוָה וְלֹא־אֱלֹהֵי עֲמָקִים הוּא וְנָתַתִּי אֶת־כָּל־הֶהָמוֹן הַגָּדוֹל הַזֶּה בְּיָדֶךָ וִידַעְתֶּם כִּי־אֲנִי יְהוָה ׃	καὶ ἐγένετο ῥῆμα Κυρίου ἐν χειρὶ δούλου αὐτοῦ Ἠλιοὺ περὶ Ἀχαάβ, καὶ εἶπεν Κύριος	et accedens unus vir Dei dixit ad regem Israhel haec dicit Dominus quia dixerunt Syri deus montium est Dominus et non est deus vallium dabo omnem multitudinem grandem hanc in manu tua et scietis quia ego Dominus	(Et accedens unus vir Dei, dixit ad regem Israël: Hæc dicit Dominus: Quia dixerunt Syri: Deus montium est Dominus, et non est Deus vallium: dabo omnem multitudinem hanc grandem in manu tua, et scietis quia ego sum Dominus.)		And there came a man of God, and spake unto the king of Israel, and said, Thus saith the Lord, Because the Syrians have said, The Lord is God of the hills, but he is not God of the valleys, therefore will I deliver all this great multitude into thine hand, and ye shall know that I am the Lord.
1Kgs	20	29	וַיַּחֲנוּ אֵלֶּה נֹכַח אֵלֶּה שִׁבְעַת יָמִים וַיְהִי בַּיּוֹם הַשְּׁבִיעִי וַתִּקְרַב הַמִּלְחָמָה וַיַּכּוּ בְנֵי־יִשְׂרָאֵל אֶת־אֲרָם מֵאָה־אֶלֶף רַגְלִי בְּיוֹם אֶחָד ׃	Ἑώρακας ὡς κατενύγν Ἀχαὰβ ἀπὸ προσώπου μου; οὐκ ἐπάξω τὴν κακίαν ἐν ταῖς ἡμέραις αὐτοῦ· καὶ ἐν ταῖς ἡμέραις υἱοῦ αὐτοῦ ἐπάξω τὴν κακίαν.	dirigebant septem diebus ex adverso hii atque illi acies septima autem die commissum est bellum percusseruntque filii Israhel de Syris centum milia peditum in die una	Dirigebantque septem diebus ex adverso hi atque illi acies, septima autem die commissum est bellum: percusseruntque filii Israël de Syris centum millia peditum in die una.		And they pitched one over against the other seven days. And so it was, that in the seventh day the battle was joined: and the children of Israel slew of the Syrians an hundred thousand footmen in one day.
1Kgs	20	30	וַיָּנֻסוּ הַנּוֹתָרִים אֲפֵקָה אֶל־הָעִיר וַתִּפֹּל הַחוֹמָה עַל־עֶשְׂרִים וְשִׁבְעָה אֶלֶף אִישׁ הַנּוֹתָרִים וּבֶן־הֲדַד נָס וַיָּבֹא אֶל־הָעִיר חֶדֶר בְּחָדֶר ׃ ס		fugerunt autem qui remanserant in Afec in civitatem et cecidit murus super viginti septem milia hominum qui remanserant porro Benadad fugiens ingressus est civitatem in cubiculum quod erat intra cubiculum	Fugerunt autem qui remanserant in Aphec, in civitatem: et cecidit murus super viginti septem millia hominum qui remanserant. Porro Benadad fugiens ingressus est civitatem, in cubiculum quod erat intra cubiculum.		But the rest fled to Aphek, into the city; and there a wall fell upon twenty and seven thousand of the men that were left. And Benhadad fled, and came into the city, into an inner chamber.
1Kgs	20	31	וַיֹּאמְרוּ אֵלָיו עֲבָדָיו הִנֵּה־נָא שָׁמַעְנוּ כִּי מַלְכֵי בֵּית יִשְׂרָאֵל כִּי־מַלְכֵי חֶסֶד הֵם נָשִׂימָה נָּא שַׂקִּים בְּמָתְנֵינוּ וַחֲבָלִים בְּרֹאשֵׁנוּ וְנֵצֵא אֶל־מֶלֶךְ יִשְׂרָאֵל אוּלַי יְחַיֶּה אֶת־נַפְשֶׁךָ ׃		dixeruntque ei servi sui ecce audivimus quod reges domus Israhel clementes sint ponamus itaque saccos in lumbis nostris et funiculos in capitibus nostris et egrediamur ad regem Israhel forsitan salvabit animas nostras	Dixeruntque ei servi sui: Ecce, audivimus quod reges domus Israël clementes sint: ponamus itaque saccos in lumbis nostris, et funiculos in capitibus nostris, et egrediamur ad regem Israël: forsitan salvabit animas nostras.		And his servants said unto him, Behold now, we have heard that the kings of the house of Israel are merciful kings: let us, I pray thee, put sackcloth on our loins, and ropes upon our heads, and go out to the king of Israel: peradventure he will save thy life.
1Kgs	20	32	וַיַּחְגְּרוּ שַׂקִּים בְּמָתְנֵיהֶם וַחֲבָלִים בְּרָאשֵׁיהֶם וַיָּבֹאוּ אֶל־מֶלֶךְ יִשְׂרָאֵל וַיֹּאמְרוּ עַבְדְּךָ בֶן־הֲדַד אָמַר תְּחִי־נָא נַפְשִׁי וַיֹּאמֶר הַעוֹדֶנּוּ חַי אָחִי הוּא ׃		accinxerunt saccis lumbos suos et posuerunt funes in capitibus veneruntque ad regem Israhel et dixerunt servus tuus Benadad dicit vivat oro te anima mea et ille ait si adhuc vivit frater meus est	Accinxerunt saccis lumbos suos, et posuerunt funiculos in capitibus suis, veneruntque ad regem Israël, et dixerunt ei: Servus tuus Benadad dicit: Vivat, oro te, anima mea. Et ille ait: Si adhuc vivit, frater meus est.		So they girded sackcloth on their loins, and put ropes on their heads, and came to the king of Israel, and said, Thy servant Benhadad saith, I pray thee, let me live. And he said, Is he yet alive? he is my brother.
1Kgs	20	33	וְהָאֲנָשִׁים יְנַחֲשׁוּ וַיְמַהֲרוּ וַיַּחְלְטוּ הֲמִמֶּנּוּ וַיֹּאמְרוּ אָחִיךָ בֶן־הֲדַד וַיֹּאמֶר בֹּאוּ קָחֻהוּ וַיֵּצֵא אֵלָיו בֶּן־הֲדַד וַיַּעֲלֵהוּ עַל־הַמֶּרְכָּבָה ׃		quod acceperunt viri pro omine et festinantes rapuerunt verbum ex ore eius atque dixerunt frater tuus Benadad et dixit eis ite et adducite eum egressus est ergo ad eum Benadad et levavit eum in currum suum	Quod acceperunt viri pro omine: et festinantes rapuerunt verbum ex ore ejus, atque dixerunt: Frater tuus Benadad. Et dixit eis: Ite, et adducite eum ad me. Egressus est ergo ad eum Benadad, et levavit eum in currum suum.		Now the men did diligently observe whether any thing would come from him, and did hastily catch it: and they said, Thy brother Benhadad. Then he said, Go ye, bring him. Then Benhadad came forth to him; and he caused him to come up into the chariot.
1Kgs	20	34	וַיֹּאמֶר אֵלָיו הֶעָרִים אֲשֶׁר־לָקַח־אָבִי מֵאֵת אָבִיךָ אָשִׁיב וְחוּצוֹת תָּשִׂים לְךָ בְדַמֶּשֶׂק כַּאֲשֶׁר־שָׂם אָבִי בְּשֹׁמְרוֹן וַאֲנִי בַּבְּרִית אֲשַׁלְּחֶךָּ וַיִּכְרָת־לוֹ בְרִית וַיְשַׁלְּחֵהוּ ׃ ס		qui dixit ei civitates quas tulit pater meus a patre tuo reddam et plateas fac tibi in Damasco sicut fecit pater meus in Samaria et ego foederatus recedam a te pepigit ergo foedus et dimisit eum	Qui dixit ei: Civitates quas tulit pater meus a patre tuo, reddam: et plateas fac tibi in Damasco, sicut fecit pater meus in Samaria, et ego fœderatus recedam a te. Pepigit ergo fœdus, et dimisit eum.		And Ben-hadad said unto him, The cities, which my father took from thy father, I will restore; and thou shalt make streets for thee in Damascus, as my father made in Samaria. Then said Ahab, I will send thee away with this covenant. So he made a covenant with him, and sent him away.
1Kgs	20	35	וְאִישׁ אֶחָד מִבְּנֵי הַנְּבִיאִים אָמַר אֶל־רֵעֵהוּ בִּדְבַר יְהוָה הַכֵּינִי נָא וַיְמָאֵן הָאִישׁ לְהַכֹּתוֹ ׃		tunc vir quidam de filiis prophetarum dixit ad socium suum in sermone Domini percute me at ille noluit percutere	Tunc vir quidam de filiis prophetarum dixit ad socium suum in sermone Domini: Percute me. At ille noluit percutere.		And a certain man of the sons of the prophets said unto his neighbour in the word of the Lord, Smite me, I pray thee. And the man refused to smite him.
1Kgs	20	36	וַיֹּאמֶר לוֹ יַעַן אֲשֶׁר לֹא־שָׁמַעְתָּ בְּקוֹל יְהוָה הִנְּךָ הוֹלֵךְ מֵאִתִּי וְהִכְּךָ הָאַרְיֵה וַיֵּלֶךְ מֵאֶצְלוֹ וַיִּמְצָאֵהוּ הָאַרְיֵה וַיַּכֵּהוּ ׃		cui ait quia noluisti audire vocem Domini ecce recedes a me et percutiet te leo cumque paululum recessisset ab eo invenit eum leo atque percussit	Cui ait: Quia noluisti audire vocem Domini, ecce recedes a me, et percutiet te leo. Cumque paululum recessisset ab eo, invenit eum leo, atque percussit.		Then said he unto him, Because thou hast not obeyed the voice of the Lord, behold, as soon as thou art departed from me, a lion shall slay thee. And as soon as he was departed from him, a lion found him, and slew him.
1Kgs	20	37	וַיִּמְצָא אִישׁ אַחֵר וַיֹּאמֶר הַכֵּינִי נָא וַיַּכֵּהוּ הָאִישׁ הַכֵּה וּפָצֹעַ ׃		sed et alterum conveniens virum dixit ad eum percute me qui percussit eum et vulneravit	Sed alterum inveniens virum, dixit ad eum: Percute me. Qui percussit eum, et vulneravit.		Then he found another man, and said, Smite me, I pray thee. And the man smote him, so that in smiting he wounded him.
1Kgs	20	38	וַיֵּלֶךְ הַנָּבִיא וַיַּעֲמֹד לַמֶּלֶךְ עַל־הַדָּרֶךְ וַיִּתְחַפֵּשׂ בָּאֲפֵר עַל־עֵינָיו ׃		abiit ergo propheta et occurrit regi in via et mutavit aspersione pulveris os et oculos suos	Abiit ergo propheta, et occurrit regi in via, et mutavit aspersione pulveris os et oculos suos.		So the prophet departed, and waited for the king by the way, and disguised himself with ashes upon his face.
1Kgs	20	39	וַיְהִי הַמֶּלֶךְ עֹבֵר וְהוּא צָעַק אֶל־הַמֶּלֶךְ וַיֹּאמֶר עַבְדְּךָ יָצָא בְקֶרֶב־הַמִּלְחָמָה וְהִנֵּה־אִישׁ סָר וַיָּבֵא אֵלַי אִישׁ וַיֹּאמֶר שְׁמֹר אֶת־הָאִישׁ הַזֶּה אִם־הִפָּקֵד יִפָּקֵד וְהָיְתָה נַפְשְׁךָ תַּחַת נַפְשׁוֹ אוֹ כִכַּר־כֶּסֶף תִּשְׁקוֹל ׃		cumque rex transiret clamavit ad regem et ait servus tuus egressus est ad proeliandum comminus cumque fugisset vir unus adduxit eum quidam ad me et ait custodi virum istum qui si lapsus fuerit erit anima tua pro anima eius aut talentum argenti adpendes	Cumque rex transisset, clamavit ad regem, et ait: Servus tuus egressus est ad præliandum cominus: cumque fugisset vir unus, adduxit eum quidam ad me, et ait: Custodi virum istum: qui si lapsus fuerit, erit anima tua pro anima ejus, aut talentum argenti appendes.		And as the king passed by, he cried unto the king: and he said, Thy servant went out into the midst of the battle; and, behold, a man turned aside, and brought a man unto me, and said, Keep this man: if by any means he be missing, then shall thy life be for his life, or else thou shalt pay a talent of silver.
1Kgs	20	40	וַיְהִי עַבְדְּךָ עֹשֵׂה הֵנָּה וָהֵנָּה וְהוּא אֵינֶנּוּ וַיֹּאמֶר אֵלָיו מֶלֶךְ־יִשְׂרָאֵל כֵּן מִשְׁפָּטֶךָ אַתָּה חָרָצְתָּ ׃		dum autem ego turbatus huc illucque me verterem subito non conparuit et ait rex Israhel ad eum hoc est iudicium tuum quod ipse decrevisti	Dum autem ego turbatus huc illucque me verterem, subito non comparuit. Et ait rex Israël ad eum: Hoc est judicium tuum, quod ipse decrevisti.		And as thy servant was busy here and there, he was gone. And the king of Israel said unto him, So shall thy judgment be; thyself hast decided it.
1Kgs	20	41	וַיְמַהֵר וַיָּסַר אֶת־הָאֲפֵר מֵעַל עֵינָיו וַיַּכֵּר אֹתוֹ מֶלֶךְ יִשְׂרָאֵל כִּי מֵהַנְּבִאִים הוּא ׃		at ille statim abstersit pulverem de facie sua et cognovit eum rex Israhel quod esset de prophetis	At ille statim abstersit pulverem de facie sua, et cognovit eum rex Israël, quod esset de prophetis.		And he hasted, and took the ashes away from his face; and the king of Israel discerned him that he was of the prophets.
1Kgs	20	42	וַיֹּאמֶר אֵלָיו כֹּה אָמַר יְהוָה יַעַן שִׁלַּחְתָּ אֶת־אִישׁ־חֶרְמִי מִיָּד וְהָיְתָה נַפְשְׁךָ תַּחַת נַפְשׁוֹ וְעַמְּךָ תַּחַת עַמּוֹ ׃		qui ait ad eum haec dicit Dominus quia dimisisti virum dignum morte de manu tua erit anima tua pro anima eius et populus tuus pro populo eius	Qui ait ad eum: Hæc dicit Dominus: Quia dimisisti virum dignum morte de manu tua, erit anima tua pro anima ejus, et populus tuus pro populo ejus.		And he said unto him, Thus saith the Lord, Because thou hast let go out of thy hand a man whom I appointed to utter destruction, therefore thy life shall go for his life, and thy people for his people.
1Kgs	20	43	וַיֵּלֶךְ מֶלֶךְ־יִשְׂרָאֵל עַל־בֵּיתוֹ סַר וְזָעֵף וַיָּבֹא שֹׁמְרוֹנָה ׃ פ		reversus est igitur rex Israhel in domum suam audire contemnens et furibundus venit Samariam	Reversus est igitur rex Israël in domum suam, audire contemnens, et furibundus venit in Samariam.		And the king of Israel went to his house heavy and displeased, and came to Samaria.
1Kgs	21	1	וַיְהִי אַחַר הַדְּבָרִים הָאֵלֶּה כֶּרֶם הָיָה לְנָבוֹת הַיִּזְרְעֵאלִי אֲשֶׁר בְּיִזְרְעֶאל אֵצֶל הֵיכַל אַחְאָב מֶלֶךְ שֹׁמְרוֹן ׃	Καὶ συνήθροισεν υἱὸς Ἁδὲρ πᾶσαν τὴν δύναμιν αὐτοῦ καὶ ἀνέβη καὶ περιεκάθισεν ἐπὶ Σαμάρειαν, καὶ τριάκοντα καὶ δύο βασιλεῖς μετ’αὐτοῦ, καὶ πᾶς ἵππος καὶ ἅρμα. καὶ ἀνέβησαν καὶ περιεκάθιεαν ἐπὶ Σαμάρειαν, καὶ ἐπολέμησαν ἐπ’αὐτήν.	post verba autem haec vinea erat Naboth Hiezrahelitae qui erat in Hiezrahel iuxta palatium Ahab regis Samariae	Post verba autem hæc, tempore illo vinea erat Naboth Jezrahelitæ, quæ erat in Jezrahel, juxta palatium Achab regis Samariæ.		And it came to pass after these things, that Naboth the Jezreelite had a vineyard, which was in Jezreel, hard by the palace of Ahab king of Samaria.
1Kgs	21	2	וַיְדַבֵּר אַחְאָב אֶל־נָבוֹת לֵאמֹר תְּנָה־לִּי אֶת־כַּרְמְךָ וִיהִי־לִי לְגַן־יָרָק כִּי הוּא קָרוֹב אֵצֶל בֵּיתִי וְאֶתְּנָה לְךָ תַּחְתָּיו כֶּרֶם טוֹב מִמֶּנּוּ אִם טוֹב בְּעֵינֶיךָ אֶתְּנָה־לְךָ כֶסֶף מְחִיר זֶה ׃	καὶ ἀπέστελιλεν πρὸς Ἀχαὰβ βασιλέα Ἰσραὴλ εἰς τὴν πόλιν καὶ εἶπεν πρὸς αὐτόν Τάδε λέγει υἱὸς Ἀδέρ	locutus est ergo Ahab ad Naboth dicens da mihi vineam tuam ut faciam mihi hortum holerum quia vicina est et prope domum meam daboque tibi pro ea vineam meliorem aut si tibi commodius putas argenti pretium quanto digna est	Locutus est ergo Achab ad Naboth, dicens: Da mihi vineam tuam, ut faciam mihi hortum olerum, quia vicina est, et prope domum meam: daboque tibi pro ea vineam meliorem, aut si commodius tibi putas, argenti pretium, quanto digna est.		And Ahab spake unto Naboth, saying, Give me thy vineyard, that I may have it for a garden of herbs, because it is near unto my house: and I will give thee for it a better vineyard than it; or, if it seem good to thee, I will give thee the worth of it in money.
1Kgs	21	3	וַיֹּאמֶר נָבוֹת אֶל־אַחְאָב חָלִילָה לִּי מֵיהוָה מִתִּתִּי אֶת־נַחֲלַת אֲבֹתַי לָךְ ׃	Τὸ ἀργύριόν σου καὶ τὸ χρυσίον σου ἐμόν ἐστιν, καὶ αἱ γυναῖκές σου καὶ τὰ τέκνα σου ἐμά ἐστιν.	cui respondit Naboth propitius mihi sit Dominus ne dem hereditatem patrum meorum tibi	Cui respondit Naboth: Propitius sit mihi Dominus, ne dem hæreditatem patrum meorum tibi.		And Naboth said to Ahab, The Lord forbid it me, that I should give the inheritance of my fathers unto thee.
1Kgs	21	4	וַיָּבֹא אַחְאָב אֶל־בֵּיתוֹ סַר וְזָעֵף עַל־הַדָּבָר אֲשֶׁר־דִּבֶּר אֵלָיו נָבוֹת הַיִּזְרְעֵאלִי וַיֹּאמֶר לֹא־אֶתֵּן לְךָ אֶת־נַחֲלַת אֲבוֹתָי וַיִּשְׁכַּב עַל־מִטָּתוֹ וַיַּסֵּב אֶת־פָּנָיו וְלֹא־אָכַל לָחֶם ׃	καὶ ἀπεκρίθη βασιλεὺς Ἰσραὴλ καὶ εἶπεν Καθὼς ἐλάλησας, κύριε βασιλεῦ, σὸς ἐγώ εἰμι καὶ πάντα τὰ ἐμά.	venit ergo Ahab in domum suam indignans et frendens super verbo quod locutus fuerat ad eum Naboth Hiezrahelites dicens non do tibi hereditatem patrum meorum et proiciens se in lectulum suum avertit faciem ad parietem et non comedit panem	Venit ergo Achab in domum suam indignans, et frendens super verbo quod locutus fuerat ad eum Naboth Jezrahelites, dicens: Non dabo tibi hæreditatem patrum meorum. Et projiciens se in lectulum suum, avertit faciem suam ad parietem, et non comedit panem.		And Ahab came into his house heavy and displeased because of the word which Naboth the Jezreelite had spoken to him: for he had said, I will not give thee the inheritance of my fathers. And he laid him down upon his bed, and turned away his face, and would eat no bread.
1Kgs	21	5	וַתָּבֹא אֵלָיו אִיזֶבֶל אִשְׁתּוֹ וַתְּדַבֵּר אֵלָיו מַה־זֶּה רוּחֲךָ סָרָה וְאֵינְךָ אֹכֵל לָחֶם ׃	καὶ ἀνέστρεψαν οἱ ἄγγελοι καὶ εἶπον Τάδε λέγει υἱὸς Ἁδέρ Ἐγὼ ἀπέστρεψα λέγων Τὸ ἀργύριόν σου καὶ τὸ χρυσίον σου καὶ τὰς γυναῖκάς σου δώσεις ἐμοί.	ingressa est autem ad eum Hiezabel uxor sua dixitque ei quid est hoc unde anima tua contristata est et quare non comedis panem	Ingressa est autem ad eum Jezabel uxor sua, dixitque ei: Quid est hoc, unde anima tua contristata est? et quare non comedis panem?		But Jezebel his wife came to him, and said unto him, Why is thy spirit so sad, that thou eatest no bread?
1Kgs	21	6	וַיְדַבֵּר אֵלֶיהָ כִּי־אֲדַבֵּר אֶל־נָבוֹת הַיִּזְרְעֵאלִי וָאֹמַר לוֹ תְּנָה־לִּי אֶת־כַּרְמְךָ בְּכֶסֶף אוֹ אִם־חָפֵץ אַתָּה אֶתְּנָה־לְךָ כֶרֶם תַּחְתָּיו וַיֹּאמֶר לֹא־אֶתֵּן לְךָ אֶת־כַּרְמִי ׃	ὅτι ταύτην τὴν ὤραν αὔριον ἀποστελῶ τοὺς παὶδάς μου πρὸς σέ, καὶ ἐρευνήσουσιν τὸν οἶκόν σουκαὶ τοὺς οἴκους τῶν παίδων σου. καὶ ἔσται τὰ ἐπιθυμήματα ὀφθαλμῶν αὐτῶν ἐφ’ ἃ ἂν ἐπιβάλωσι τὰς χεῖρας αὐτῶν, καὶ λήμψονται.	qui respondit ei locutus sum Naboth Hiezrahelitae et dixi ei da mihi vineam tuam accepta pecunia aut si tibi placet dabo tibi vineam pro ea et ille ait non do tibi vineam meam	Qui respondit ei: Locutus sum Naboth Jezrahelitæ, et dixi ei: Da mihi vineam tuam, accepta pecunia: aut, si tibi placet, dabo tibi vineam meliorem pro ea. Et ille ait: Non dabo tibi vineam meam.		And he said unto her, Because I spake unto Naboth the Jezreelite, and said unto him, Give me thy vineyard for money; or else, if it please thee, I will give thee another vineyard for it: and he answered, I will not give thee my vineyard.
1Kgs	21	7	וַתֹּאמֶר אֵלָיו אִיזֶבֶל אִשְׁתּוֹ אַתָּה עַתָּה תַּעֲשֶׂה מְלוּכָה עַל־יִשְׂרָאֵל קוּם אֱכָל־לֶחֶם וְיִטַב לִבֶּךָ אֲנִי אֶתֵּן לְךָ אֶת־כֶּרֶם נָבוֹת הַיִּזְרְעֵאלִי ׃	καὶ ἐκάλεσεν ὁ βασιλεὺς Ἰσραὴλ πάντας τοὺς πρεσβυτέρους καὶ εἶπεν Γνῶτε δὴ καὶ ἴδετε ὅτι κακίαν οὖτος ζητεῖ, ὅτι ἀπέσταλκεν πρὸς μὲ περὶ τῶν γυναικῶν μου καὶπερὶ τῶν υἱῶν μου καὶ περὶ τῶν θυγατέρων μου. τὸ ἀργύριον μου καὶ τὸ χρυσίον μου οὐκ ἀπεκώλυσα ἀπ’αὐτοῦ.	dixit ergo ad eum Hiezabel uxor eius grandis auctoritatis es et bene regis regnum Israhel surge et comede panem et aequo esto animo ego dabo tibi vineam Naboth Hiezrahelitae	Dixit ergo ad eum Jezabel uxor ejus: Grandis auctoritatis es, et bene regis regnum Israël. Surge, et comede panem, et æquo animo esto: ego dabo tibi vineam Naboth Jezrahelitæ.		And Jezebel his wife said unto him, Dost thou now govern the kingdom of Israel? arise, and eat bread, and let thine heart be merry: I will give thee the vineyard of Naboth the Jezreelite.
1Kgs	21	8	וַתִּכְתֹּב סְפָרִים בְּשֵׁם אַחְאָב וַתַּחְתֹּם בְּחֹתָמוֹ וַתִּשְׁלַח הַסְפָרִים אֶל־הַזְקֵנִים וְאֶל־הַחֹרִים אֲשֶׁר בְּעִירוֹ הַיֹּשְׁבִים אֶת־נָבוֹת ׃	καὶ εἶπαν αὐτῷ οἱ πρεσβύτεροι καὶ πᾶς ὁ λαός Μὴ ἀκούςῃς καὶ μὴ θελήςῃς.	scripsit itaque litteras ex nomine Ahab et signavit eas anulo eius et misit ad maiores natu et ad optimates qui erant in civitate eius et habitabant cum Naboth	Scripsit itaque litteras ex nomine Achab, et signavit eas annulo ejus, et misit ad majores natu, et optimates, qui erant in civitate ejus, et habitabant cum Naboth.		So she wrote letters in Ahab's name, and sealed them with his seal, and sent the letters unto the elders and to the nobles that were in his city, dwelling with Naboth.
1Kgs	21	9	וַתִּכְתֹּב בַּסְּפָרִים לֵאמֹר קִרְאוּ־צוֹם וְהוֹשִׁיבוּ אֶת־נָבוֹת בְּרֹאשׁ הָעָם ׃	καὶ εἶπεν τοῖς ἀγγέλοις υἰοῦ Ἁδέρ Δέγετε τῷ κυρίῳ ὑμῶν Πάντα ὅσα απέσταλκας πρὸςτὸν δοῦλόν σου ἐν πρώτοις ποιήσω, τὸ δὲ ῥῆμα τοῦτο οὑ δυνήσομαιποιῆσαι. καὶ ἀπὴραν οἱ ἄνδρες καὶ ἐπέστρεψαν αὐτῷ λόγον.	litterarum autem erat ista sententia praedicate ieiunium et sedere facite Naboth inter primos populi	Litterarum autem hæc erat sententia: Prædicate jejunium, et sedere facite Naboth inter primos populi:		And she wrote in the letters, saying, Proclaim a fast, and set Naboth on high among the people:
1Kgs	21	10	וְהוֹשִׁיבוּ שְׁנַיִם אֲנָשִׁים בְּנֵי־בְלִיַּעַל נֶגְדּוֹ וִיעִדֻהוּ לֵאמֹר בֵּרַכְתָּ אֱלֹהִים וָמֶלֶךְ וְהוֹצִיאֻהוּ וְסִקְלֻהוּ וְיָמֹת ׃	καὶ ἀπέστειλεν πρὸς αὐτὸν υἱὸς Ἁδὲρ λέγων τάδε ποιήσαι μοι ὁ θεὸς καὶ τάδε προσθείη, εἰ ἐκποιήσει ὁ χοῦς Σαμαρείας ταῖς ἀλώπεξιν παντὶ τῷ λαῷ τοῖς πεζοῖς μου.	et submittite duos viros filios Belial contra eum et falsum testimonium dicant benedixit Deum et regem et educite eum et lapidate sicque moriatur	et submittite duos viros filios Belial contra eum, et falsum testimonium dicant: Benedixit Deum et regem: et educite eum, et lapidate, sicque moriatur.		And set two men, sons of Belial, before him, to bear witness against him, saying, Thou didst blaspheme God and the king. And then carry him out, and stone him, that he may die.
1Kgs	21	11	וַיַּעֲשׂוּ אַנְשֵׁי עִירוֹ הַזְּקֵנִים וְהַחֹרִים אֲשֶׁר הַיֹּשְׁבִים בְּעִירוֹ כַּאֲשֶׁר שָׁלְחָה אֲלֵיהֶם אִיזָבֶל כַּאֲשֶׁר כָּתוּב בַּסְּפָרִים אֲשֶׁר שָׁלְחָה אֲלֵיהֶם ׃	καὶ ἀπεκρίθη βασιλεὺς Ἰσραὴλ καὶ εἶπεν Ἱκανούσθω. μὴ καυχάσω ὁ κυρτὸς ὡς ὁ ὁρθός.	fecerunt ergo cives eius maiores natu et optimates qui habitabant cum eo in urbe sicut praeceperat eis Hiezabel et sicut scriptum erat in litteris quas miserat ad eos	Fecerunt ergo cives ejus majores natu et optimates, qui habitabant cum eo in urbe, sicut præceperat eis Jezabel, et sicut scriptum erat in litteris quas miserat ad eos:		And the men of his city, even the elders and the nobles who were the inhabitants in his city, did as Jezebel had sent unto them, and as it was written in the letters which she had sent unto them.
1Kgs	21	12	קָרְאוּ צוֹם וְהֹשִׁיבוּ אֶת־נָבוֹת בְּרֹאשׁ הָעָם ׃	καὶ ἐγένετο ὅτε ἀπεκρίθη αὐτῷ τὸν λόγον τοῦτον, πίνων ἦν αὐτὸς καὶ πάντες βασιλεῖς μετ’αὐτοῦ ἐν σκηναῖς. καὶ εἶπεν τοῖς παιςὶν αὐτοῦ Οἰκοδομήσατε χάρακα. καὶ ἔθεντο χάρακα ἐπὶ τὴν πόλιν.	praedicaverunt ieiunium et sedere fecerunt Naboth inter primos populi	prædicaverunt jejunium, et sedere fecerunt Naboth inter primos populi.		They proclaimed a fast, and set Naboth on high among the people.
1Kgs	21	13	וַיָּבֹאוּ שְׁנֵי הָאֲנָשִׁים בְּנֵי־בְלִיַּעַל וַיֵּשְׁבוּ נֶגְדּוֹ וַיְעִדֻהוּ אַנְשֵׁי הַבְּלִיַּעַל אֶת־נָבוֹת נֶגֶד הָעָם לֵאמֹר בֵּרַךְ נָבוֹת אֱלֹהִים וָמֶלֶךְ וַיֹּצִאֻהוּ מִחוּץ לָעִיר וַיִּסְקְלֻהוּ בָאֲבָנִים וַיָּמֹת ׃	καὶ ἰδοὺ προφήτης εἷς προςῆλθεν τῷ βασιλεῖ Ἰσραὴλ καὶ εἶπεν Τάδε λέγει Κύριος Εἰ ἑόρακας τὸν ὄχλον τὸν μέγαν τοῦτον; ἰδοὺ ἐγὼ δίδωμι αὐτὸν σήμερον εἰς χεῖρας σάς, καὶ γνώσῃ ὅτι ἐγὼ Κύριος.	et adductis duobus viris filiis diaboli fecerunt eos sedere contra eum at illi scilicet ut viri diabolici dixerunt contra eum testimonium coram multitudine benedixit Naboth Deo et regi quam ob rem eduxerunt eum extra civitatem et lapidibus interfecerunt	Et adductis duobus viris filiis diaboli, fecerunt eos sedere contra eum: at illi, scilicet ut viri diabolici, dixerunt contra eum testimonium coram multitudine: Benedixit Naboth Deum et regem: quam ob rem eduxerunt eum extra civitatem, et lapidibus interfecerunt.		And there came in two men, children of Belial, and sat before him: and the men of Belial witnessed against him, even against Naboth, in the presence of the people, saying, Naboth did blaspheme God and the king. Then they carried him forth out of the city, and stoned him with stones, that he died.
1Kgs	21	14	וַיִּשְׁלְחוּ אֶל־אִיזֶבֶל לֵאמֹר סֻקַּל נָבוֹת וַיָּמֹת ׃	καὶ εἶπεν Ἀχαάβ Ἐν τίνι; καὶ εἶπεν Τάδε λέγει Κύριος Ἐν τοῖς παιδαρίοις τῶν ἀρχόντων τῶν χορῶν. καὶ εἶπεν Ἀχαάβ Τίς συνάψει τὸν πόλεμον; καὶ εἶπεν Σύ.	miseruntque ad Hiezabel dicentes lapidatus est Naboth et mortuus est	Miseruntque ad Jezabel, dicentes: Lapidatus est Naboth, et mortuus est.		Then they sent to Jezebel, saying, Naboth is stoned, and is dead.
1Kgs	21	15	וַיְהִי כִּשְׁמֹעַ אִיזֶבֶל כִּי־סֻקַּל נָבוֹת וַיָּמֹת וַתֹּאמֶר אִיזֶבֶל אֶל־אַחְאָב קוּם רֵשׁ אֶת־כֶּרֶם נָבוֹת הַיִּזְרְעֵאלִי אֲשֶׁר מֵאֵן לָתֶת־לְךָ בְכֶסֶף כִּי אֵין נָבוֹת חַי כִּי־מֵת ׃	καὶ ἐπεσκέψατο Ἀχαὰβ τοὺς ἄρχοντας, τὰ παιδάρια τῶν χορῶν, καὶ ἐγένετο διακόσια καἲ τριάκοντα· καὶ μετὰ ταῦτα ἐπεσκέψατο τὸν λαόν, πᾶν νἱὸν δυνάμεως, ἑξήκοντα.	factum est autem cum audisset Hiezabel lapidatum Naboth et mortuum locuta est ad Ahab surge posside vineam Naboth Hiezrahelitae qui noluit tibi adquiescere et dare eam accepta pecunia non enim vivit Naboth sed mortuus est	Factum est autem, cum audisset Jezabel lapidatum Naboth et mortuum, locuta est ad Achab: Surge, et posside vineam Naboth Jezrahelitæ, qui noluit tibi acquiescere, et dare eam accepta pecunia: non enim vivit Naboth, sed mortuus est.		And it came to pass, when Jezebel heard that Naboth was stoned, and was dead, that Jezebel said to Ahab, Arise, take possession of the vineyard of Naboth the Jezreelite, which he refused to give thee for money: for Naboth is not alive, but dead.
1Kgs	21	16	וַיְהִי כִּשְׁמֹעַ אַחְאָב כִּי מֵת נָבוֹת וַיָּקָם אַחְאָב לָרֶדֶת אֶל־כֶּרֶם נָבוֹת הַיִּזְרְעֵאלִי לְרִשְׁתּוֹ ׃ ס	καὶ ἐξῆλθεν μεσημβρίας· καὶ υἱὸς Ἁδὲρ πίνων μεθύων ἐν Σοκχὼθ αὐτὸς καὶ οἱ βασιλεῖς, τριάκοντα καὶ δύο, βασιλεῖς συνβοηθοὶ μετ’ αὐτοῦ.	quod cum audisset Ahab mortuum videlicet Naboth surrexit et descendebat in vineam Naboth Hiezrahelitae ut possideret eam	Quod cum audisset Achab, mortuum videlicet Naboth, surrexit, et descendebat in vineam Naboth Jezrahelitæ, ut possideret eam.		And it came to pass, when Ahab heard that Naboth was dead, that Ahab rose up to go down to the vineyard of Naboth the Jezreelite, to take possession of it.
1Kgs	21	17	וַיְהִי דְּבַר־יְהוָה אֶל־אֵלִיָּהוּ הַתִּשְׁבִּי לֵאמֹר ׃	καὶ ἐξῆλθον ἄρχοντες παιδάια τῶν χορῶν ἐν πρώτοις· καὶ ἀποστέλλουσιν καὶ ἀπαγγέλλουσιν τῷ βασιλεῖ Συρίας λέγοντες Ἄνδρες ἐξεληλύθασιν ἐκ Σαμαρείας.	factus est igitur sermo Domini ad Heliam Thesbiten dicens	Factum est igitur sermo Domini ad Eliam Thesbiten, dicens:		And the word of the Lord came to Elijah the Tishbite, saying,
1Kgs	21	18	קוּם רֵד לִקְרַאת אַחְאָב מֶלֶךְ־יִשְׂרָאֵל אֲשֶׁר בְּשֹׁמְרוֹן הִנֵּה בְּכֶרֶם נָבוֹת אֲשֶׁר־יָרַד שָׁם לְרִשְׁתּוֹ ׃	εἰπεῖν αὐτοῖς, εἰς εἰρήνην, οὐ γὰρ ἐκπορεύονται, συλλαβεῖν αὐτοὺς ζῶντας· καὶ εἰς πόλεμον, ζῶντας συλλαβεῖν αὐτούς·	surge et descende in occursum Ahab regis Israhel qui est in Samaria ecce ad vineam Naboth descendit ut possideat eam	Surge, et descende in occursum Achab regis Israël, qui est in Samaria: ecce ad vineam Naboth descendit, ut possideat eam.		Arise, go down to meet Ahab king of Israel, which is in Samaria: behold, he is in the vineyard of Naboth, whither he is gone down to possess it.
1Kgs	21	19	וְדִבַּרְתָּ אֵלָיו לֵאמֹר כֹּה אָמַר יְהוָה הֲרָצַחְתָּ וְגַם־יָרָשְׁתָּ וְדִבַּרְתָּ אֵלָיו לֵאמֹר כֹּה אָמַר יְהוָה בִּמְקוֹם אֲשֶׁר לָקְקוּ הַכְּלָבִים אֶת־דַּם נָבוֹת יָלֹקּוּ הַכְּלָבִים אֶת־דָּמְךָ גַּם־אָתָּה ׃	καὶ μὴ ἐξελθάτωσαν ἐκ τῆς πόλεως ἄρχοντα τὰ παιδάρια, ἄρχοντα τῶν χορῶν, καὶ ἡ δύναμις ὀπίσω αὐτῶν.	et loqueris ad eum dicens haec dicit Dominus occidisti insuper et possedisti et post haec addes haec dicit Dominus in loco hoc in quo linxerunt canes sanguinem Naboth lambent tuum quoque sanguinem	Et loqueris ad eum, dicens: Hæc dicit Dominus: Occidisti, insuper et possedisti. Et post hæc addes: Hæc dicit Dominus: In loco hoc, in quo linxerunt canes sanguinem Naboth, lambent quoque sanguinem tuum.		And thou shalt speak unto him, saying, Thus saith the Lord, Hast thou killed, and also taken possession? And thou shalt speak unto him, saying, Thus saith the Lord, In the place where dogs licked the blood of Naboth shall dogs lick thy blood, even thine.
1Kgs	21	20	וַיֹּאמֶר אַחְאָב אֶל־אֵלִיָּהוּ הַמְצָאתַנִי אֹיְבִי וַיֹּאמֶר מָצָאתִי יַעַן הִתְמַכֶּרְךָ לַעֲשׂוֹת הָרַע בְּעֵינֵי יְהוָה ׃	ἐπάταξεν ἕκαστος τὸν παρ’ αὐτοῦ, καὶ ἐδευτέρωσεν ἕκαστος τὸν παρ’ αὐτοῦ, καὶ ἔφυγεν Συρία· καὶ κατεδίωξεν αὐτοὺς Ἰσραήλ, καὶ σώζεται υἱὸς Ἁδὲρ βασιλέως Συρίας ἐφ’ ἵππου ἱππέως.	et ait Ahab ad Heliam num invenisti me inimice mee qui dixit inveni eo quod venundatus sis ut faceres malum in conspectu Domini	Et ait Achab ad Eliam: Num invenisti me inimicum tibi? Qui dixit: Inveni, eo quod venundatus sis, ut faceres malum in conspectu Domini.		And Ahab said to Elijah, Hast thou found me, O mine enemy? And he answered, I have found thee: because thou hast sold thyself to work evil in the sight of the Lord.
1Kgs	21	21	הִנְנִי מֵבִי אֵלֶיךָ רָעָה וּבִעַרְתִּי אַחֲרֶיךָ וְהִכְרַתִּי לְאַחְאָב מַשְׁתִּין בְּקִיר וְעָצוּר וְעָזוּב בְּיִשְׂרָאֵל ׃	καὶ ἐξῆλθεν βασιλεὺς Ἰσραὴλ καὶ ἔλαβεν πα΄ντας τοὺς ἵππους καὶ τὰ ἅρματα, καὶ ἐπάταξεν πληγὴν μεγάλην ἐν Συρίᾳ.	ecce ego inducam super te malum et demetam posteriora tua et interficiam de Ahab mingentem ad parietem et clausum et ultimum in Israhel	Ecce ego inducam super te malum, et demetam posteriora tua, et interficiam de Achab mingentem ad parietem, et clausum et ultimum in Israël.		Behold, I will bring evil upon thee, and will take away thy posterity, and will cut off from Ahab him that pisseth against the wall, and him that is shut up and left in Israel,
1Kgs	21	22	וְנָתַתִּי אֶת־בֵּיתְךָ כְּבֵית יָרָבְעָם בֶּן־נְבָט וּכְבֵית בַּעְשָׁא בֶן־אֲחִיָּה אֶל־הַכַּעַס אֲשֶׁר הִכְעַסְתָּ וַתַּחֲטִא אֶת־יִשְׂרָאֵל ׃	καὶ προσῆλθεν ὁ προφήτης πρὸς βασιλέα Ἰσραὴλ καὶ εἶπεν Κραταιοῦ καὶ γνῶθι καὶ ἴδε τί ποιήσεις, ὄτι ἐπιστρέφοντος τοῦ ἐνιαυτοῦ οἱὸς Ἁδὲρ βασιλεὺς Συρίας ἀναβαίνει ἐπὶ σέ.	et dabo domum tuam sicut domum Hieroboam filii Nabath et sicut domum Baasa filii Ahia quia egisti ut me ad iracundiam provocares et peccare fecisti Israhel	Et dabo domum tuam sicut domum Jeroboam filii Nabat, et sicut domum Baasa filii Ahia: quia egisti ut me ad iracundiam provocares, et peccare fecisti Israël.		And will make thine house like the house of Jeroboam the son of Nebat, and like the house of Baasha the son of Ahijah, for the provocation wherewith thou hast provoked me to anger, and made Israel to sin.
1Kgs	21	23	וְגַם־לְאִיזֶבֶל דִּבֶּר יְהוָה לֵאמֹר הַכְּלָבִים יֹאכְלוּ אֶת־אִיזֶבֶל בְּחֵל יִזְרְעֶאל ׃	Καὶ οἱ παῖδες βασιλέως Συμιας καὶ εἶπον Θεὸς ὀρέων θεὸς Ἰσραὴλ καὶ οὐ θεὸς κοιλάδος, διὰ τοῦτο ἐκραταίωσεν ὑπὲρ ἡμᾶς· ἐὰν δὲπολεμήσωμεν αὐτοὺς κατ᾽ εὐθύ, εἰ μὴ κραταιώσομεν ὑπὲρ αὐτούς.	sed et de Hiezabel locutus est Dominus dicens canes comedent Hiezabel in agro Hiezrahel	Sed et de Jezabel locutus est Dominus, dicens: Canes comedent Jezabel in agro Jezrahel.		And of Jezebel also spake the Lord, saying, The dogs shall eat Jezebel by the wall of Jezreel.
1Kgs	21	24	הַמֵּת לְאַחְאָב בָּעִיר יֹאכְלוּ הַכְּלָבִים וְהַמֵּת בַּשָּׂדֶה יֹאכְלוּ עוֹף הַשָּׁמָיִם ׃	καὶ τὸ ῥῆμα τοῦτο ποίησον· ἀπόστησον τοὺς βασιλεῖς ἕκαστονεἰς τὸν τόπον αὐτῶν καὶ θοῦ ἀντ᾽ αὐτῶν σατράπας,	si mortuus fuerit Ahab in civitate comedent eum canes si autem mortuus fuerit in agro comedent eum volucres caeli	Si mortuus fuerit Achab in civitate, comedent eum canes: si autem mortuus fuerit in agro, comedent eum volucres cæli.		Him that dieth of Ahab in the city the dogs shall eat; and him that dieth in the field shall the fowls of the air eat.
1Kgs	21	25	רַק לֹא־הָיָה כְאַחְאָב אֲשֶׁר הִתְמַכֵּר לַעֲשׂוֹת הָרַע בְּעֵינֵי יְהוָה אֲשֶׁר־הֵסַתָּה אֹתוֹ אִיזֶבֶל אִשְׁתּוֹ ׃	καὶ ἀλλάξομέν σοι δύναμιν κατὰ τὴν δύναμιν τὴν πεσοῦσαν καὶ ἵππον κατὰ τὴν ἵππον καὶ ἅρματα κατὰ τὰ ἅρματα καὶ πολεμήσομεν πρὸς αὐτοὺς κατ᾽ εὐθὺ καὶ κραταιώσομεν ὑπὲρ αὐτούς. καὶ ἤκουσεν τῆς φωνῆς αὐτῶν καὶ ἐποίησεν οὕτως.	igitur non fuit alter talis ut Ahab qui venundatus est ut faceret malum in conspectu Domini concitavit enim eum Hiezabel uxor sua	Igitur non fuit alter talis sicut Achab, qui venundatus est ut faceret malum in conspectu Domini: concitavit enim eum Jezabel uxor sua,		But there was none like unto Ahab, which did sell himself to work wickedness in the sight of the Lord, whom Jezebel his wife stirred up.
1Kgs	21	26	וַיַּתְעֵב מְאֹד לָלֶכֶת אַחֲרֵי הַגִּלֻּלִים כְּכֹל אֲשֶׁר עָשׂוּ הָאֱמֹרִי אֲשֶׁר הוֹרִישׁ יְהוָה מִפְּנֵי בְּנֵי יִשְׂרָאֵל ׃ ס	καὶ ἐγένετο ἐπιστρέψαντος τοῦ ἐνιαυτοῦ καὶ ἐπεσκέψατο υἱὸς Αδερ τὴν Συρίαν καὶ ἀνέβη εἰς Ἀφεκα εἰς πόλεμον ἐπὶ Ἰσραηλ.	et abominabilis effectus est in tantum ut sequeretur idola quae fecerant Amorrei quos consumpsit Dominus a facie filiorum Israhel	et abominabilis factus est, in tantum ut sequeretur idola quæ fecerant Amorrhæi, quos consumpsit Dominus a facie filiorum Israël.		And he did very abominably in following idols, according to all things as did the Amorites, whom the Lord cast out before the children of Israel.
1Kgs	21	27	וַיְהִי כִשְׁמֹעַ אַחְאָב אֶת־הַדְּבָרִים הָאֵלֶּה וַיִּקְרַע בְּגָדָיו וַיָּשֶׂם־שַׂק עַל־בְּשָׂרוֹ וַיָּצוֹם וַיִּשְׁכַּב בַּשָּׂק וַיְהַלֵּךְ אַט ׃ ס	καὶ οἱ υἱοὶ Ἰσραηλ ἐπεσκέπησαν καὶ παρεγένοντο εἰς ἀπαντὴν αὐτῶν, καὶ παρενέβαλεν Ισραηλ ἐξ ἐναντίας αὐτῶν ὡσεὶ δύο ποίμνια αἰγῶν, καὶ Συρία ἔπλησεν τὴν γῆν.	itaque cum audisset Ahab sermones istos scidit vestem suam et operuit cilicio carnem suam ieiunavitque et dormivit in sacco et ambulabat dimisso capite	Itaque cum audisset Achab sermones istos, scidit vestimenta sua, et operuit cilicio carnem suam, jejunavitque et dormivit in sacco, et ambulavit demisso capite.		And it came to pass, when Ahab heard those words, that he rent his clothes, and put sackcloth upon his flesh, and fasted, and lay in sackcloth, and went softly.
1Kgs	21	28	וַיְהִי דְּבַר־יְהוָה אֶל־אֵלִיָּהוּ הַתִּשְׁבִּי לֵאמֹר ׃	καὶ προσῆλθεν ὁ ἄνθρωπος τοῦ θεοῦ καὶ εἶπεν τῷ βασιλεῖ Ἰσραηλ Τάδε λέγει κύριος Ἀνθ᾽ ὧν εἶπεν Συρία Θεὸς ὀρέων κύριος ὁ θεὸς Ισραηλ καὶ οὐ θεὸς κοιλάδων αὐτός, καὶ δώσω τὴν δύναμιν τὴν μεγάλην ταύτην εἰς χεῖρα σήν, καὶ γνώσῃ ὅτι ἐγὼ κύριος.	factus est autem sermo Domini ad Heliam Thesbiten dicens	Et factus est sermo Domini ad Eliam Thesbiten, dicens:		And the word of the Lord came to Elijah the Tishbite, saying,
1Kgs	21	29	הֲרָאִיתָ כִּי־נִכְנַע אַחְאָב מִלְּפָנָי יַעַן כִּי־נִכְנַע מִפָּנַי לֹא־אָבִי הָרָעָה בְּיָמָיו בִּימֵי בְנוֹ אָבִיא הָרָעָה עַל־בֵּיתוֹ ׃	καὶ παρεμβάλουσιν οὗτοι ἀπέναντι τούτων ἑπτὰ ἡμέρας, καὶ ἐγένετο ἐν τῇ ἡμέρᾳ τῇ ἑβδόμῃ καὶ προσήγαγεν ὁ πόλεμος, καὶ ἐπάταξεν Ἰσραηλ τὴν Συρίαν ἑκατὸν χιλιάδας πεζῶνμιᾷ ἡμέρᾳ.	nonne vidisti humiliatum Ahab coram me quia igitur humiliatus est mei causa non inducam malum in diebus eius sed in diebus filii sui inferam malum domui eius	Nonne vidisti humiliatum Achab coram me? quia igitur humiliatus est mei causa, non inducam malum in diebus ejus, sed in diebus filii sui inferam malum domui ejus.		Seest thou how Ahab humbleth himself before me? because he humbleth himself before me, I will not bring the evil in his days: but in his son's days will I bring the evil upon his house.
1Kgs	21	30		καὶ ἔφυγον οἱ κατάλοιποι εἰς Αφεκα εἰς τὴν πόλιν,καὶ ἔπεσεν τὸ τεῖχος ἐπὶ εἴκοσι καὶ ἑπτὰ χιλιάδας ἀνδρῶν τῶν καταλοίπων. καὶ υἱὸς Αδερ ἔφυγεν καὶ εἰσῆλθεν εἰς τὸν οἶκοντοῦ κοιτῶνος εἰς τὸ ταμίειον.				
1Kgs	21	31		καὶ εἶπεν τοῖς παισὶν αὐτοῦ Οἶδαὅτι βασιλεῖς Ισραηλ βασιλεῖς ἐλέους εἰσίν· ἐπιθώμεθα δὴ σάκκους ἐπὶ τὰς ὀσφύας ἡμῶν καὶ σχοινία ἐπὶ τὰς κεφαλὰς ἡμῶν καὶ ἐξέλθωμεν πρὸς βασιλέα Ισραηλ, εἴ πως ζωογονήσει τὰς ψυχὰς ἡμῶν.				
1Kgs	21	32		καὶ περιεζώσαντο σάκκους ἐπὶ τὰς ὀσφύας αὐτῶν καὶ ἔθεσαν σχοινία ἐπὶ τὰς κεφαλὰς αὐτῶν καὶ εἶπον τῷ βασιλεῖ Ισραηλ Δοῦλός σου υἱὸς Αδερ λέγει Ζησάτω δὴ ἡ ψυχή μου. καὶ εἶπεν Εἰἔτι ζῇ; ἀδελφός μού ἐστιν.				
1Kgs	21	33		καὶ οἱ ἄνδρες οἰωνίσαντο καὶ ἔσπευσαν καὶ ἀνέλεξαν τὸν λόγον ἐκ τοῦ στόματος αὐτοῦ καὶ εἶπονἈδελφός σου υἱὸς Αδερ. καὶ εἶπεν Εἰσέλθατε καὶ λάβετε αὐτόν· καὶ ἐξῆλθεν πρὸς αὐτὸν υἱὸς Ἁδέρ, καὶ ἀναβιβάζουσιν αὐτὸν πρὸς αὐτὸν ἐπὶ τὸ ἅρμα.				
1Kgs	21	34		καὶ εἶπεν πρὸς αὐτόν Τὰς πόλεις ἃς ἔλαβεν ὁ πατήρ μου παρὰ τοῦ πατρός σου ἀποδώσω σοι, καὶ ἐξόδους θήσεις σαυτῷ ἐν Δαμασκῷ, καθὼς ἔθετο ὁ πατήρ μου ἐν Σαμαρείᾳ· καὶ ἐγὼ ἐν διαθήκῃ ἐξαποστελῶ σε. καὶ διέθετο αὐτῷ διαθήκην, καὶ ἐξαπέστειλεν αὐτόν.				
1Kgs	21	35		Καὶ ἄνθρωπος εἷς ἐκ τῶν υἱῶν τῶν προφητῶν εἶπεν πρὸς τὸν πληςίον αὐτοῦ ἐν λόγῳ Κυρίου Πάταξον δή με· καὶ οὐκ ἠθέλησεν πατάξαι ὁ ἄνθρωπος αὐτόν.				
1Kgs	21	36		καὶ εἶπεν πρὸς αὐτόν Ἀνθ’ ὧν οὐκ ἤκουσας τῆς φωνῆς Κυρίου, καὶ ἰδοὺ σὺ ἀποτρέχεις ἀπ’ ἐμοῦ, καὶ πατάξει σε λέων· καὶ ἀπῆλθεν ἀπ’ αὐτοῦ, καὶ εὑρίσκει αὐτὸν λέων καὶ ἐπάταξεν αὐτόν.				
1Kgs	21	37		καὶ εὑρίσκει ἄνθρωπον ἄλλον καὶ εἶπεν Πάταξόν με δή· καὶ ἐπάταξεν αὐτὸν ὁ ἄνθρωπος, πατάξας καὶ συνέτριψεν.				
1Kgs	21	38		καὶ ἐπορεύθη ὁ προφήτης καὶ ἔστη τῷ βασιλεῖ Ἰσραὴλ ἐπὶ τῆς ὁδοῦ, καὶ κατεδήσατο τελαμῶνι τοὺς ὀφθαλμοὺς αὐτοῦ.				
1Kgs	21	39		καὶ ἐγένετο ὡς παρεπορεύετο ὁ βασιλέυς, καὶ οὗτος ἐβόα πρὸς τὸν βασιλέα καὶ εἶπεν Ὁ δοῦλός σου ἐξῆλθεν ἐπὶ τὴν στρατείαν τοῦ πολέμου, καὶ ἰδοὺ ἀνὴρ ἐξήγαγεν πρὸς με ἄνδρα καὶ εἶπεν πρὸς μέ Φύλαξον τοῦτον τὸν ἄνδρα· ἐὰν δὲ ἐκπηδῶν ἐκπηδήσῃ, καὶ ἔσται ἡ ψυχή σου ἀντὶ τῆς ψυχῆς αὐτοῦ, ἢ τάλαντον ἀργυρίου στήσεις.				
1Kgs	21	40		καὶ ἐγενήθη, περιεβλέψατο ὁ δοῦλός σου ὧδε καὶ ὧδε, καὶ οὗτος οὐκ ἦν, καὶ εἶπεν πρὸς αὐτὸν ὁ βασιλεὺς Ἰσραήλ Ἰδοὺ καὶ τὰ ἔνεδρα παρ ἐμοὶ ἐφόνευσας.				
1Kgs	21	41		καὶ ἔσπευσεν καὶ ἀφεῖλεν τὸν τελαμῶνα ἀπὸ τῶν ὀφθαλμῶν αὐτοῦ, καὶ ἐπέγνω αὐτὸν ὁ βασιλεὺς Ἰσραὴλ ὅτι ἐκ τῶν προφητῶν οὗτος.				
1Kgs	21	42		καὶ εἶπεν πρὸς αὐτόν Τάδε λέγει Κύριος Διότι ἐξήνεγκας σὺ ἄνδρα ὀλέθριον ἐκ χειρός σου, καὶ ἔσται ἡ ψυχή σου ἀντὶ τῆς ψυχῆς αὐτοῦ, καὶ ὁ λαός σου ἄντὸ τοῦ λαοῦ αὐτοῦ.				
1Kgs	21	43		καὶ ἀπῆλθεν ὁ βασιλεὺς Ἰσραὴλ συνκεχυμένος καὶ ἐκλελυμένος, καὶ ἔρχεται εἰς Σαμάρειαν.				
1Kgs	22	1	וַיֵּשְׁבוּ שָׁלֹשׁ שָׁנִים אֵין מִלְחָמָה בֵּין אֲרָם וּבֵין יִשְׂרָאֵל ׃ פ	Καὶ ἐκάθισεν τρία ἔτη καὶ οὐκ ἦν πόλεμος ἀνὰ μέσον Συρίας καὶ ἀνὰ μέσον ἰσραήλ.	transierunt igitur tres anni absque bello inter Syriam et Israhel	Transierunt igitur tres anni absque bello inter Syriam et Israël.		And they continued three years without war between Syria and Israel.
1Kgs	22	2	וַיְהִי בַּשָּׁנָה הַשְּׁלִישִׁית וַיֵּרֶד יְהוֹשָׁפָט מֶלֶךְ־יְהוּדָה אֶל־מֶלֶךְ יִשְׂרָאֵל ׃	καὶ ἐγενήθη ἐν τῷ ἐνιαυτῷ τῷ τρίτῳ καὶ κατέβη Ἰωσαφὰτ βασιλεὺς Ἰούδα πρὸς βασιλέα Ἰαραήλ.	in anno autem tertio descendit Iosaphat rex Iuda ad regem Israhel	In anno autem tertio, descendit Josaphat rex Juda ad regem Israël.		And it came to pass in the third year, that Jehoshaphat the king of Judah came down to the king of Israel.
1Kgs	22	3	וַיֹּאמֶר מֶלֶךְ־יִשְׂרָאֵל אֶל־עֲבָדָיו הַיְדַעְתֶּם כִּי־לָנוּ רָמֹת גִּלְעָד וַאֲנַחְנוּ מַחְשִׁים מִקַּחַת אֹתָהּ מִיַּד מֶלֶךְ אֲרָם ׃	καὶ εἶπεν βασιλεὺς Ἰσραὴλ πρὸς τοὺς παῖδας αὐτοῦ Εἰ οἴδατε ὄτι ἡμῖν Ῥεμμὰθ Γαλαάδ, καὶ ἡμεὶς σιωπὼμεν λαβεὶν αὐτὴν ἐκ χειρὸς βασιλέως Συρίας;	dixitque rex Israhel ad servos suos ignoratis quod nostra sit Ramoth Galaad et neglegimus tollere eam de manu regis Syriae	(Dixitque rex Israël ad servos suos: Ignoratis quod nostra sit Ramoth Galaad, et negligimus tollere eam de manu regis Syriæ?)		And the king of Israel said unto his servants, Know ye that Ramoth in Gilead is ours, and we be still, and take it not out of the hand of the king of Syria?
1Kgs	22	4	וַיֹּאמֶר אֶל־יְהוֹשָׁפָט הֲתֵלֵךְ אִתִּי לַמִּלְחָמָה רָמֹת גִּלְעָד וַיֹּאמֶר יְהוֹשָׁפָט אֶל־מֶלֶךְ יִשְׂרָאֵל כָּמוֹנִי כָמוֹךָ כְּעַמִּי כְעַמֶּךָ כְּסוּסַי כְּסוּסֶיךָ ׃	καὶ εἶπεν βασιλεὺς Ἰσραὴλ πρὸς Ἰωσαφάτ Ἀναβήσῃ μεθ’ ἡμῶν εἰς Ῥεμμὰθ Γαλαὰδ εἰς πόλεμον; καὶ εἶπεν Ἰωσαφάτ Καθὼς ἐγώ, καὶ σὺ οὔτως, καθὼς ὁ λαός μου ὁ λαός σου, καθὼς οἱ ἴπποι μου οἱ ἴπποι σου.	et ait ad Iosaphat veniesne mecum ad proeliandum in Ramoth Galaad	Et ait ad Josaphat: Veniesne mecum ad præliandum in Ramoth Galaad?		And he said unto Jehoshaphat, Wilt thou go with me to battle to Ramothgilead? And Jehoshaphat said to the king of Israel, I am as thou art, my people as thy people, my horses as thy horses.
1Kgs	22	5	וַיֹּאמֶר יְהוֹשָׁפָט אֶל־מֶלֶךְ יִשְׂרָאֵל דְּרָשׁ־נָא כַיּוֹם אֶת־דְּבַר יְהוָה ׃	καὶ εἶπεν Ἰωσαφὰτ βασιλεὺς Ἰούδα πρὸς βασιλέα Ἰσραήλ Ἐπερωτήσατε δὴ σήμερον τὸν κύριον.	dixitque Iosaphat ad regem Israhel sicut ego sum ita et tu populus meus et populus tuus unum sunt et equites mei et equites tui dixitque Iosaphat ad regem Israhel quaere oro te hodie sermonem Domini	Dixitque Josaphat ad regem Israël: Sicut ego sum, ita et tu: populus meus et populus tuus unum sunt: et equites mei, equites tui. Dixitque Josaphat ad regem Israël: Quære, oro te, hodie sermonem Domini.		And Jehoshaphat said unto the king of Israel, Enquire, I pray thee, at the word of the Lord to day.
1Kgs	22	6	וַיִּקְבֹּץ מֶלֶךְ־יִשְׂרָאֵל אֶת־הַנְּבִיאִים כְּאַרְבַּע מֵאוֹת אִישׁ וַיֹּאמֶר אֲלֵהֶם הַאֵלֵךְ עַל־רָמֹת גִּלְעָד לַמִּלְחָמָה אִם־אֶחְדָּל וַיֹּאמְרוּ עֲלֵה וְיִתֵּן אֲדֹנָי בְּיַד הַמֶּלֶךְ ׃	καὶ συνἠθροισεν βασιλεὺς Ἰσραὴλ πάντας τοὺς προφήτας ὡς τετρακοσίους ἄνδρας, καὶ εἶπεν αὐτοῖς ὁ βασιλεύς Εἰ πορευθῶ εἰς Ῥεμμὰθ Γαλαὰδ εἰς πόλεμον ἢ ἐπέχω; καὶ εἶπαν Ἀνάβαινε, καὶ διδοὺς δώσει Κύριος εἰς χεὶρας τοῦ βασιλέως.	congregavit ergo rex Israhel prophetas quadringentos circiter viros et ait ad eos ire debeo in Ramoth Galaad ad bellandum an quiescere qui responderunt ascende et dabit Dominus in manu regis	Congregavit ergo rex Israël prophetas, quadringentos circiter viros, et ait ad eos: Ire debeo in Ramoth Galaad ad bellandum, an quiescere? Qui responderunt: Ascende, et dabit eam Dominus in manu regis.		Then the king of Israel gathered the prophets together, about four hundred men, and said unto them, Shall I go against Ramothgilead to battle, or shall I forbear? And they said, Go up; for the Lord shall deliver it into the hand of the king.
1Kgs	22	7	וַיֹּאמֶר יְהוֹשָׁפָט הַאֵין פֹּה נָבִיא לַיהוָה עוֹד וְנִדְרְשָׁה מֵאוֹתוֹ ׃	καὶ εἶπεν Ἰωσαφὰτ πρὸς βασιλέα Ἰσραήλ Οὐκ ἕστιν ὦδε προφήτης τοῦ κυρίου, καὶ ἐπερωτήσομεν τὸν κύριον δι’ αὐτοῦ;	dixit autem Iosaphat non est hic propheta Domini quispiam ut interrogemus per eum	Dixit autem Josaphat: Non est hic propheta Domini quispiam, ut interrogemus per eum?		And Jehoshaphat said, Is there not here a prophet of the Lord besides, that we might enquire of him?
1Kgs	22	8	וַיֹּאמֶר מֶלֶךְ־יִשְׂרָאֵל אֶל־יְהוֹשָׁפָט עוֹד אִישׁ־אֶחָד לִדְרֹשׁ אֶת־יְהוָה מֵאֹתוֹ וַאֲנִי שְׂנֵאתִיו כִּי לֹא־יִתְנַבֵּא עָלַי טוֹב כִּי אִם־רָע מִיכָיְהוּ בֶּן־יִמְלָה וַיֹּאמֶר יְהוֹשָׁפָט אַל־יֹאמַר הַמֶּלֶךְ כֵּן ׃	καὶ εἶπεν ὁ βασιλεὺς Ἰσραὴλ πρὸς Ἰωσαφάτ Εἶς ἐστὶν ἀνὴρ εἰς τὸ ἐπερωτὴσαι τὸν κύριον δι’ αὐτοῦ, καὶ ἐγὼ μεμίσηκα αὐτόν, ὄτι αὐ λαλεῖ περὶ ἐμοῦ καλὰ ἀλλ’ ἣ κακὰ, Μειχαίας υἱὸς Ἰεμιάς. καὶ εἶπεν Ἰωσαφὰτ βασιλεὺς Ἰούδα Μὴ λεγέτω ὁ βασιλεὺς οὔτως.	et ait rex Israhel ad Iosaphat remansit vir unus per quem possimus interrogare Dominum sed ego odi eum quia non prophetat mihi bonum sed malum Micheas filius Hiemla cui Iosaphat ait ne loquaris ita rex	Et ait rex Israël ad Josaphat: Remansit vir unus per quem possumus interrogare Dominum: sed ego odi eum, quia non prophetat mihi bonum, sed malum: Michæas filius Jemla. Cui Josaphat ait: Ne loquaris ita, rex.		And the king of Israel said unto Jehoshaphat, There is yet one man, Micaiah the son of Imlah, by whom we may enquire of the Lord: but I hate him; for he doth not prophesy good concerning me, but evil. And Jehoshaphat said, Let not the king say so.
1Kgs	22	9	וַיִּקְרָא מֶלֶךְ יִשְׂרָאֵל אֶל־סָרִיס אֶחָד וַיֹּאמֶר מַהֲרָה מִיכָיְהוּ בֶן־יִמְלָה ׃	καὶ ἐκάλεσεν ὁ βασιλεὺς Ἰσραὴλ εὐνοῦχον ἔνα καὶ εἶπεν Τάχος Μειχαίαν υἱὸν Ἰεμιά.	vocavit ergo rex Israhel eunuchum quendam et dixit ei festina adducere Micheam filium Hiemla	Vocavit ergo rex Israël eunuchum quemdam, et dixit ei: Festina adducere Michæam filium Jemla.		Then the king of Israel called an officer, and said, Hasten hither Micaiah the son of Imlah.
1Kgs	22	10	וּמֶלֶךְ יִשְׂרָאֵל וִיהוֹשָׁפָט מֶלֶךְ־יְהוּדָה יֹשְׁבִים אִישׁ עַל־כִּסְאוֹ מְלֻבָּשִׁים בְּגָדִים בְּגֹרֶן פֶּתַח שַׁעַר שֹׁמְרוֹן וְכָל־הַנְּבִיאִים מִתְנַבְּאִים לִפְנֵיהֶם ׃	καὶ ὁ βασιλεὺς Ἰσρὴλ καὶ Ἰωσαφὰτ βασιλεὺς Ἰούδα ἐκάθηντο άνὴρ ἐπὶ τοῦ θρόνου αὐτοῦ ἔνοπλοι ἐν ταῖς πύλαις Σαμαρείας, καὶ πάντες οἱ προφῆται ἐπ ροφήτευον ἐνώπιον αὐτῶν.	rex autem Israhel et Iosaphat rex Iuda sedebat unusquisque in solio suo vestiti cultu regio in area iuxta ostium portae Samariae et universi prophetae prophetabant in conspectu eorum	Rex autem Israël, et Josaphat rex Juda, sedebant unusquisque in solio suo, vestiti cultu regio, in area juxta ostium portæ Samariæ: et universi prophetæ prophetabant in conspectu eorum.		And the king of Israel and Jehoshaphat the king of Judah sat each on his throne, having put on their robes, in a void place in the entrance of the gate of Samaria; and all the prophets prophesied before them.
1Kgs	22	11	וַיַּעַשׂ לוֹ צִדְקִיָּה בֶן־כְּנַעֲנָה קַרְנֵי בַרְזֶל וַיֹּאמֶר כֹּה־אָמַר יְהוָה בְּאֵלֶּה תְּנַגַּח אֶת־אֲרָם עַד־כַּלֹּתָם ׃	καὶ ἐποίησεν ἑαυτῷ Σεδεκίας υἱὸς χαανὰ κέρατα σιδηρᾶ καὶ εἶπεν Τάδε λέγει Κύριος Ἐν τούτοις κερατιεῖς τὴν Συρίαν ἕως συντελεσθῇ.	fecit quoque sibi Sedecias filius Chanaan cornua ferrea et ait haec dicit Dominus his ventilabis Syriam donec deleas eam	Fecit quoque sibi Sedecias filius Chanaana cornua ferrea, et ait: Hæc dicit Dominus: His ventilabis Syriam, donec deleas eam.		And Zedekiah the son of Chenaanah made him horns of iron: and he said, Thus saith the Lord, With these shalt thou push the Syrians, until thou have consumed them.
1Kgs	22	12	וְכָל־הַנְּבִאִים נִבְּאִים כֵּן לֵאמֹר עֲלֵה רָמֹת גִּלְעָד וְהַצְלַח וְנָתַן יְהוָה בְּיַד הַמֶּלֶךְ ׃	καὶ πάντες οἱ προφῆται ἐπροφήτευον οὔτως λέγοντες Ἀνάβαινε εἰς Ῥεμμὰθ Γαλαάδ, καὶ εὐοδώσει· καὶ δώσει Κύριος εἰς χεῖράς σου καὶ τὸν βασιλέα Συρίας.	omnesque prophetae similiter prophetabant dicentes ascende in Ramoth Galaad et vade prospere et tradet Dominus in manu regis	Omnesque prophetæ similiter prophetabant, dicentes: Ascende in Ramoth Galaad, et vade prospere, et tradet Dominus in manus regis.		And all the prophets prophesied so, saying, Go up to Ramothgilead, and prosper: for the Lord shall deliver it into the king's hand.
1Kgs	22	13	וְהַמַּלְאָךְ אֲשֶׁר־הָלַךְ לִקְרֹא מִיכָיְהוּ דִּבֶּר אֵלָיו לֵאמֹר הִנֵּה־נָא דִּבְרֵי הַנְּבִיאִים פֶּה־אֶחָד טוֹב אֶל־הַמֶּלֶךְ יְהִי־נָא דִבְרֵיךָ כִּדְבַר אַחַד מֵהֶם וְדִבַּרְתָּ טּוֹב ׃	καὶ ὁ ἄγγελος ὁ πορευθεὶς καλέσαι τὸν Μειχαίαν ἐλάλησεν αὐτῷ λέγων Ἰδοὺ δὴ λαλοῦσιν πάντες οἱ προφῆται ἐν στόματι ἐπὶ καλὰ κατὰ τοῦ βασιλέως· γίνου δὴ καὶ σὺ εὶς λόγους σου εἶς κατὰ τοὺς λόγους ἑνὸς τούτων, καὶ λάλησον καλά.	nuntius vero qui ierat ut vocaret Micheam locutus est ad eum dicens ecce sermones prophetarum ore uno bona regi praedicant sit ergo et sermo tuus similis eorum et loquere bona	Nuntius vero qui ierat ut vocaret Michæam, locutus est ad eum, dicens: Ecce sermones prophetarum ore uno regi bona prædicant: sit ergo sermo tuus similis eorum, et loquere bona.		And the messenger that was gone to call Micaiah spake unto him, saying, Behold now, the words of the prophets declare good unto the king with one mouth: let thy word, I pray thee, be like the word of one of them, and speak that which is good.
1Kgs	22	14	וַיֹּאמֶר מִיכָיְהוּ חַי־יְהוָה כִּי אֶת־אֲשֶׁר יֹאמַר יְהוָה אֵלַי אֹתוֹ אֲדַבֵּר ׃	καὶ εἶπεν Μειχαίας Ζῇ Κύριος ὅτι ἃ ἃν εἴπῃ Κύριος πρὸς μέ, ταῦτα λαλήσω.	cui Micheas ait vivit Dominus quia quodcumque dixerit mihi Dominus hoc loquar	Cui Michæas ait: Vivit Dominus, quia quodcumque dixerit mihi Dominus, hoc loquar.		And Micaiah said, As the Lord liveth, what the Lord saith unto me, that will I speak.
1Kgs	22	15	וַיָּבוֹא אֶל־הַמֶּלֶךְ וַיֹּאמֶר הַמֶּלֶךְ אֵלָיו מִיכָיְהוּ הֲנֵלֵךְ אֶל־רָמֹת גִּלְעָד לַמִּלְחָמָה אִם־נֶחְדָּל וַיֹּאמֶר אֵלָיו עֲלֵה וְהַצְלַח וְנָתַן יְהוָה בְּיַד הַמֶּלֶךְ ׃	καὶ ἦλθεν πρὸς τὸν βασιλέα καὶ εἶπεν αὐτῷ ὁ βασιλεύς Μειχαία, εἰ ἀναβῳ εἰς Ῥεμμὰθ Γαλαὰδ εἰς πόλεμον ἢ ἐπίσχω; καὶ εἶπεν Ἀνάβαινε, καὶ εὐοκώσει Κύριος εἰς χεῖρα τοῦ βασιλέως.	venit itaque ad regem et ait illi rex Michea ire debemus in Ramoth Galaad ad proeliandum an cessare cui ille respondit ascende et vade prospere et tradet Dominus in manu regis	Venit itaque ad regem, et ait illi rex: Michæa, ire debemus in Ramoth Galaad ad præliandum, an cessare? Cui ille respondit: Ascende, et vade prospere, et tradet eam Dominus in manus regis.		So he came to the king. And the king said unto him, Micaiah, shall we go against Ramothgilead to battle, or shall we forbear? And he answered him, Go, and prosper: for the Lord shall deliver it into the hand of the king.
1Kgs	22	16	וַיֹּאמֶר אֵלָיו הַמֶּלֶךְ עַד־כַּמֶּה פְעָמִים אֲנִי מַשְׁבִּעֶךָ אֲשֶׁר לֹא־תְדַבֵּר אֵלַי רַק־אֱמֶת בְּשֵׁם יְהוָה ׃	καὶ εἶπεν αὐτῷ ὁ βασιλεύς Πεντάκις ἐγὼ ἐξορκίζω σε ὅπως λαλαήσῃς πρὸς μὲ ἀλήθειαν ἐν ὀνόματι Κυρίου.	dixit autem rex ad eum iterum atque iterum adiuro te ut non loquaris mihi nisi quod verum est in nomine Domini	Dixit autem rex ad eum: Iterum atque iterum adjuro te, ut non loquaris mihi nisi quod verum est, in nomine Domini.		And the king said unto him, How many times shall I adjure thee that thou tell me nothing but that which is true in the name of the Lord?
1Kgs	22	17	וַיֹּאמֶר רָאִיתִי אֶת־כָּל־יִשְׂרָאֵל נְפֹצִים אֶל־הֶהָרִים כַּצֹּאן אֲשֶׁר אֵין־לָהֶם רֹעֶה וַיֹּאמֶר יְהוָה לֹא־אֲדֹנִים לָאֵלֶּה יָשׁוּבוּ אִישׁ־לְבֵיתוֹ בְּשָׁלוֹם ׃	καὶ εἶπεν Οὐκ οὕτως· ἑώρακα τὸν πάντα Ἰσραὴλ δεισπαρμένους ἐν τοῖς ὄρεσιν ὡς ποίμνιον ᾧ οὐκ ἔστι ποιμήν· καὶ εἶπεν Κύριος Οὐ Κύριος τούτοις θεός; ἕκαστος εἰς τὸν οἶκον αὐτοῦ ἐν εἰρήνῃ ἀναστρεφέτω.	et ille ait vidi cunctum Israhel dispersum in montibus quasi oves non habentes pastorem et ait Dominus non habent dominum isti revertatur unusquisque in domum suam in pace	Et ille ait: Vidi cunctum Israël dispersum in montibus, quasi oves non habentes pastorem. Et ait Dominus: Non habent isti dominum: revertatur unusquisque in domum suam in pace.		And he said, I saw all Israel scattered upon the hills, as sheep that have not a shepherd: and the Lord said, These have no master: let them return every man to his house in peace.
1Kgs	22	18	וַיֹּאמֶר מֶלֶךְ־יִשְׂרָאֵל אֶל־יְהוֹשָׁפָט הֲלוֹא אָמַרְתִּי אֵלֶיךָ לוֹא־יִתְנַבֵּא עָלַי טוֹב כִּי אִם־רָע ׃	καὶ εἶπεν βασιλεὺς Ἰσραὴλ πρὸς Ἰωσαφὰτ βασιλέα Ἰούδα Οὐκ εἶπα πρὸς σέ Οὐ προφητεύει οὗτός μοι καλά, διότι ἀλλ’ ἢ κακά;	dixit ergo rex Israhel ad Iosaphat numquid non dixi tibi quia non prophetat mihi bonum sed semper malum	(Dixit ergo rex Israël ad Josaphat: Numquid non dixi tibi, quia non prophetat mihi bonum, sed semper malum?)		And the king of Israel said unto Jehoshaphat, Did I not tell thee that he would prophesy no good concerning me, but evil?
1Kgs	22	19	וַיֹּאמֶר לָכֵן שְׁמַע דְּבַר־יְהוָה רָאִיתִי אֶת־יְהוָה יֹשֵׁב עַל־כִּסְאוֹ וְכָל־צְבָא הַשָּׁמַיִם עֹמֵד עָלָיו מִימִינוֹ וּמִשְּׂמֹאלוֹ ׃	καὶ εἶπεν Μειχαίας Οὐχ οὕτως, οὐκ ἐγώ· ἄκουε ῥῆμα Κυρίου· οὐχ οὕτως. εἶδον θεὸν Ἰσραὴλ καθήμενον ἐπὶ θρόνου αὐτοῦ, καὶ πᾶσα ἡ στρατεία τοῦ οὐρανοῦ εἱστήκει περὶ αὐτὸν ἐκ δεξιῶν αὐτοῦ καὶ ἐξ εὐωνύμων αὐτοῦ.	ille vero addens ait propterea audi sermonem Domini vidi Dominum sedentem super solium suum et omnem exercitum caeli adsistentem ei a dextris et a sinistris	Ille vero addens, ait: Propterea audi sermonem Domini: vidi Dominum sedentem super solium suum, et omnem exercitum cæli assistentem ei a dextris et a sinistris:		And he said, Hear thou therefore the word of the Lord: I saw the Lord sitting on his throne, and all the host of heaven standing by him on his right hand and on his left.
1Kgs	22	20	וַיֹּאמֶר יְהוָה מִי יְפַתֶּה אֶת־אַחְאָב וְיַעַל וְיִפֹּל בְּרָמֹת גִּלְעָד וַיֹּאמֶר זֶה בְּכֹה וְזֶה אֹמֵר בְּכֹה ׃	καὶ εἶπεν Κύριος Τίς ἀπατήσει τὸν Ἀχαὰβ βασιλέα Ἰσραήλ, καὶ ἀναβήσεται καὶ πεσεῖται ἐν Ῥεμμὰθ Γαλαάδ; καὶ εἶπεν οὗτος οὕτως, καὶ οὗτος οὕτως.	et ait Dominus quis decipiet Ahab regem Israhel ut ascendat et cadat in Ramoth Galaad et dixit unus verba huiuscemodi et alius aliter	et ait Dominus: Quis decipiet Achab regem Israël, ut ascendat, et cadat in Ramoth Galaad? Et dixit unus verba hujuscemodi, et alius aliter.		And the Lord said, Who shall persuade Ahab, that he may go up and fall at Ramothgilead? And one said on this manner, and another said on that manner.
1Kgs	22	21	וַיֵּצֵא הָרוּחַ וַיַּעֲמֹד לִפְנֵי יְהוָה וַיֹּאמֶר אֲנִי אֲפַתֶּנּוּ וַיֹּאמֶר יְהוָה אֵלָיו בַּמָּה ׃	καὶ ἐξῆλθεν πνεῦμα καὶ ἔστη ἐνωπιον Κυρίου καὶ εἶπεν Ἐγὼ ἀπατήσω αὐτόν.	egressus est autem spiritus et stetit coram Domino et ait ego decipiam illum cui locutus est Dominus in quo	Egressus est autem spiritus, et stetit coram Domino, et ait: Ego decipiam illum. Cui locutus est Dominus: In quo?		And there came forth a spirit, and stood before the Lord, and said, I will persuade him.
1Kgs	22	22	וַיֹּאמֶר אֵצֵא וְהָיִיתִי רוּחַ שֶׁקֶר בְּפִי כָּל־נְבִיאָיו וַיֹּאמֶר תְּפַתֶּה וְגַם־תּוּכָל צֵא וַעֲשֵׂה־כֵן ׃	καὶ εἶπεν πρὸς αὐτὸν Κύριος Ἐν τίνι; καὶ εἶπεν Ἐξελεύσομαι καὶ ἔσομαι πνεῦμα ψευδὲς εἰς τὸ στόμα πάντων τῶν προφητῶν αὐτοῦ· καὶ εἶπεν Ἀπατήσεις καί γε δυνήσει· ἔξελθε καὶ ποίησον οὕτως.	et ille ait egrediar et ero spiritus mendax in ore omnium prophetarum eius et dixit Dominus decipies et praevalebis egredere et fac ita	Et ille ait: Egrediar, et ero spiritus mendax in ore omnium prophetarum ejus. Et dixit Dominus: Decipies, et prævalebis: egredere, et fac ita.		And the Lord said unto him, Wherewith? And he said, I will go forth, and I will be a lying spirit in the mouth of all his prophets. And he said, Thou shalt persuade him, and prevail also: go forth, and do so.
1Kgs	22	23	וְעַתָּה הִנֵּה נָתַן יְהוָה רוּחַ שֶׁקֶר בְּפִי כָּל־נְבִיאֶיךָ אֵלֶּה וַיהוָה דִּבֶּר עָלֶיךָ רָעָה ׃	καὶ νῦν ἰδοὺ ἔδωκεν Κύριος πνεῦμα ψευδὲς ἐν στόματι πάντων τῶν προφητῶν σου τούτων, καὶ Κύριος ἐλάλησεν ἐπὶ σὲ κακά.	nunc igitur ecce dedit Dominus spiritum mendacii in ore omnium prophetarum tuorum qui hic sunt et Dominus locutus est contra te malum	Nunc igitur ecce dedit Dominus spiritum mendacii in ore omnium prophetarum tuorum, qui hic sunt, et Dominus locutus est contra te malum.		Now therefore, behold, the Lord hath put a lying spirit in the mouth of all these thy prophets, and the Lord hath spoken evil concerning thee.
1Kgs	22	24	וַיִּגַּשׁ צִדְקִיָּהוּ בֶן־כְּנַעֲנָה וַיַּכֶּה אֶת־מִיכָיְהוּ עַל־הַלֶּחִי וַיֹּאמֶר אֵי־זֶה עָבַר רוּחַ־יְהוָה מֵאִתִּי לְדַבֵּר אוֹתָךְ ׃	καὶ προσῆλθεν Σεδεκιοὺ υἱὸς Χανάαν καὶ ἐπάταξεν τὸν Μειχαίαν ἐπὶ τὴν σιαγόνα καὶ εἶπεν Ποῖον πνεῦμα Κυρίου τὸ λαλῆσαν ἐν σοί;	accessit autem Sedecias filius Chanaan et percussit Micheam in maxillam et dixit mene ergo dimisit spiritus Domini et locutus est tibi	Accessit autem Sedecias filius Chanaana, et percussit Michæam in maxillam, et dixit: Mene ergo dimisit spiritus Domini, et locutus est tibi?		But Zedekiah the son of Chenaanah went near, and smote Micaiah on the cheek, and said, Which way went the Spirit of the Lord from me to speak unto thee?
1Kgs	22	25	וַיֹּאמֶר מִיכָיְהוּ הִנְּךָ רֹאֶה בַּיּוֹם הַהוּא אֲשֶׁר תָּבֹא חֶדֶר בְּחֶדֶר לְהֵחָבֵה ׃	καὶ εἶπεν μειχαίας Ἰδοὺ σὺ ὄψῃ τῇ ἡμέρᾳ ἐκείνῃ ὅταν εἰσέλθῃς ταμεῖον τοῦ ταμείου τοῦ κρυφίου.	et ait Micheas visurus es in die illa quando ingredieris cubiculum intra cubiculum ut abscondaris	Et ait Michæas: Visurus es in die illa quando ingredieris cubiculum intra cubiculum ut abscondaris.		And Micaiah said, Behold, thou shalt see in that day, when thou shalt go into an inner chamber to hide thyself.
1Kgs	22	26	וַיֹּאמֶר מֶלֶךְ יִשְׂרָאֵל קַח אֶת־מִיכָיְהוּ וַהֲשִׁיבֵהוּ אֶל־אָמֹן שַׂר־הָעִיר וְאֶל־יוֹאָשׁ בֶּן־הַמֶּלֶךְ ׃	καὶ εἶπεν ὁ βασιλεὺς Ἰσραήλ Λάβετε τὸν Μειχαίαν καὶ ἀποστρέψατε αὐτὸν πρὸς Σεμὴρ τὸν βασιλέα τῆς πόλεως· καὶ τῷ Ἰςὰς υἱῷ τοῦ βασιλέως	et ait rex Israhel tollite Micheam et maneat apud Amon principem civitatis et apud Ioas filium Ammelech	Et ait rex Israël: Tollite Michæam, et maneat apud Amon principem civitatis, et apud Joas filium Amelech,		And the king of Israel said, Take Micaiah, and carry him back unto Amon the governor of the city, and to Joash the king's son;
1Kgs	22	27	וְאָמַרְתָּ כֹּה אָמַר הַמֶּלֶךְ שִׂימוּ אֶת־זֶה בֵּית הַכֶּלֶא וְהַאֲכִילֻהוּ לֶחֶם לַחַץ וּמַיִם לַחַץ עַד בֹּאִי בְשָׁלוֹם ׃	εἰπὸν θέσθαι τοῦτον ἐν φυλακῇ, καὶ ἐσθίειν αὐτὸν ἄρτον θλίψεως καὶ ὕδωρ θλίψεως ἕως τοῦ ἐπιστρέψαι με ἐν ειρήνῃ.	et dicite eis haec dicit rex mittite virum istum in carcerem et sustentate eum pane tribulationis et aqua angustiae donec revertar in pace	et dicite eis: Hæc dicit rex: Mittite virum istum in carcerem, et sustentate eum pane tribulationis, et aqua angustiæ, donec revertar in pace.		And say, Thus saith the king, Put this fellow in the prison, and feed him with bread of affliction and with water of affliction, until I come in peace.
1Kgs	22	28	וַיֹּאמֶר מִיכָיְהוּ אִם־שׁוֹב תָּשׁוּב בְּשָׁלוֹם לֹא־דִבֶּר יְהוָה בִּי וַיֹּאמֶר שִׁמְעוּ עַמִּים כֻּלָּם ׃	καὶ εἶπεν Μειχαίας Ἐὰν ἐπιστρέφων ἐπιστρέψῃς ἐν εἰρήνῃ, οὐ λελάσηκεν Κύριος ἐν ἐμοί.	dixitque Micheas si reversus fueris in pace non est locutus Dominus in me et ait audite populi omnes	Dixitque Michæas: Si reversus fueris in pace, non est locutus in me Dominus. Et ait: Audite, populi omnes.		And Micaiah said, If thou return at all in peace, the Lord hath not spoken by me. And he said, Hearken, O people, every one of you.
1Kgs	22	29	וַיַּעַל מֶלֶךְ־יִשְׂרָאֵל וְיהוֹשָׁפָט מֶלֶךְ־יְהוּדָה רָמֹת גִּלְעָד ׃	Καὶ ἀνέβη βασιλεὺς Ἰσραὴλ καὶ Ἰωσαφὰτ βασιλεὺς Ἰούδα μετ᾿ αὐτοῦ εἰς Ῥεμμὰθ Γαλαάδ.	ascendit itaque rex Israhel et Iosaphat rex Iuda in Ramoth Galaad	Ascendit itaque rex Israël, et Josaphat rex Juda, in Ramoth Galaad.		So the king of Israel and Jehoshaphat the king of Judah went up to Ramothgilead.
1Kgs	22	30	וַיֹּאמֶר מֶלֶךְ יִשְׂרָאֵל אֶל־יְהוֹשָׁפָט הִתְחַפֵּשׂ וָבֹא בַמִּלְחָמָה וְאַתָּה לְבַשׁ בְּגָדֶיךָ וַיִּתְחַפֵּשׂ מֶלֶךְ יִשְׂרָאֵל וַיָּבוֹא בַּמִּלְחָמָה ׃	καὶ εἶπεν βασιλεὺς Ἰσραὴλ πρὸς Ἰωσαφὰτ βασιλέα Ἰούδα Συνκαλύψομαι καὶ εἰσελεύσομαι εἰς τὸν πόλεμον, καὶ σὺ ἔνδυσαι τὸν ἱματισμόν μου· καὶ συνεκαλύψατο βασιλεὺς Ἰσραὴλ καὶ εἰσῆλθεν εἰς τὸν πόλεμον.	dixitque rex Israhel ad Iosaphat sume arma et ingredere proelium et induere vestibus tuis porro rex Israhel mutavit habitum et ingressus est bellum	Dixit itaque rex Israël ad Josaphat: Sume arma, et ingredere prælium, et induere vestibus tuis. Porro rex Israël mutavit habitum suum, et ingressus est bellum.		And the king of Israel said unto Jehoshaphat, I will disguise myself, and enter into the battle; but put thou on thy robes. And the king of Israel disguised himself, and went into the battle.
1Kgs	22	31	וּמֶלֶךְ אֲרָם צִוָּה אֶת־שָׂרֵי הָרֶכֶב אֲשֶׁר־לוֹ שְׁלֹשִׁים וּשְׁנַיִם לֵאמֹר לֹא תִּלָּחֲמוּ אֶת־קָטֹן וְאֶת־גָּדוֹל כִּי אִם־אֶת־מֶלֶךְ יִשְׂרָאֵל לְבַדּוֹ ׃	καὶ βασιλεὺς Συρίας ἐνετείλατο τοῖς ἄρχουσι τῶν αρμάτων αὐτοῦ τριάκοντα καὶ δυςὶν λέγων Μὴ πολεμεῖτε μικρὸν καὶ μέγαν ἀλλ᾿ ἢ τὸν βασιλέα Ἰσραὴλ μονώτατον.	rex autem Syriae praeceperat principibus curruum triginta duobus dicens non pugnabitis contra minorem et maiorem quempiam nisi contra regem Israhel solum	Rex autem Syriæ præceperat principibus curruum triginta duobus, dicens: Non pugnabitis contra minorem et majorem quempiam, nisi contra regem Israël solum.		But the king of Syria commanded his thirty and two captains that had rule over his chariots, saying, Fight neither with small nor great, save only with the king of Israel.
1Kgs	22	32	וַיְהִי כִּרְאוֹת שָׂרֵי הָרֶכֶב אֶת־יְהוֹשָׁפָט וְהֵמָּה אָמְרוּ אַךְ מֶלֶךְ־יִשְׂרָאֵל הוּא וַיָּסֻרוּ עָלָיו לְהִלָּחֵם וַיִּזְעַק יְהוֹשָׁפָט ׃	καὶ ἐγένετο ὡς εἶδον οἱ ἄρχοντες τῶν ἁρμάτων τὸν Ἰωσαφὰθ βασιλέα Ἰούδα, καὶ αὐτοὶ εἶπον Φαίνεται βασιλεὺς Ἰσραὴλ οὗτος· καὶ ἐκύκλωσαν αὐτὸν πολεμῆσαι· καὶ ἀνέκραξεν Ιωσαφάθ.	cum ergo vidissent principes curruum Iosaphat suspicati sunt quod ipse esset rex Israhel et impetu facto pugnabant contra eum et exclamavit Iosaphat	Cum ergo vidissent principes curruum Josaphat, suspicati sunt quod ipse esset rex Israël, et impetu facto pugnabant contra eum: et exclamavit Josaphat.		And it came to pass, when the captains of the chariots saw Jehoshaphat, that they said, Surely it is the king of Israel. And they turned aside to fight against him: and Jehoshaphat cried out.
1Kgs	22	33	וַיְהִי כִּרְאוֹת שָׂרֵי הָרֶכֶב כִּי־לֹא־מֶלֶךְ יִשְׂרָאֵל הוּא וַיָּשׁוּבוּ מֵאַחֲרָיו ׃	καὶ ἐγένετο ὡς εἶδον οἱ ἄρχοντες τῶν ἁρμάτων ὅτι οὐκ ἔστιν βασιλεὺς Ἰσραὴλ οὗτος, καὶ ἀπεστρεψαν ἀπ αὐτοῦ.	intellexeruntque principes curruum quod non esset rex Israhel et cessaverunt ab eo	Intellexeruntque principes curruum quod non esset rex Israël, et cessaverunt ab eo.		And it came to pass, when the captains of the chariots perceived that it was not the king of Israel, that they turned back from pursuing him.
1Kgs	22	34	וְאִישׁ מָשַׁךְ בַּקֶּשֶׁת לְתֻמּוֹ וַיַּכֶּה אֶת־מֶלֶךְ יִשְׂרָאֵל בֵּין הַדְּבָקִים וּבֵין הַשִּׁרְיָן וַיֹּאמֶר לְרַכָּבוֹ הֲפֹךְ יָדְךָ וְהוֹצִיאֵנִי מִן־הַמַּחֲנֶה כִּי הָחֳלֵיתִי ׃	καὶ ἐπέτεινεν εις τὸ τόξον εὐστόχως καὶ ἐπάταξεν τὸν βασιλέα Ἰσραὴλ ἀνὰ μέσον τοῦ πνεύμονος καὶ ἀνὰ μέσον τοῦ θώρακος· καὶ εἶπεν τῷ ἡνιόχῳ αὐτοῦ Ἐπίστρεψον τὰς χεῖράς σου καὶ ἐξάγαγέ με ἐκ του πολέμου, ὅτι τέτρωμαι.	unus autem quidam tetendit arcum in incertum sagittam dirigens et casu percussit regem Israhel inter pulmonem et stomachum at ille dixit aurigae suo verte manum tuam et eice me de exercitu quia graviter vulneratus sum	Vir autem quidam tetendit arcum, in incertum sagittam dirigens, et casu percussit regem Israël inter pulmonem et stomachum. At ille dixit aurigæ suo: Verte manum tuam, et ejice me de exercitu, quia graviter vulneratus sum.		And a certain man drew a bow at a venture, and smote the king of Israel between the joints of the harness: wherefore he said unto the driver of his chariot, Turn thine hand, and carry me out of the host; for I am wounded.
1Kgs	22	35	וַתַּעֲלֶה הַמִּלְחָמָה בַּיּוֹם הַהוּא וְהַמֶּלֶךְ הָיָה מָעֳמָד בַּמֶּרְכָּבָה נֹכַח אֲרָם וַיָּמָת בָּעֶרֶב וַיִּצֶק דַּם־הַמַּכָּה אֶל־חֵיק הָרָכֶב ׃	καὶ ἐτροπώθη ὁ πόλεμος ἐν τῇ ἠμέρᾳ ἐκείνῃ· καὶ ὁ βασιλεὺς ἦν ἑστηκὼς ἐπὶ τοῦ ἄρματος ἐξ ἐναντίας Συρίας ἀπὸ πρωὶ ἕως ἑσπέρας, καὶ ἀπεχύννετο αἷμα ἐκ τῆς πληγῆς εἰς τὸν κόλπον τοῦ ἅρματος· καὶ ἀπέθανεν ἑσπέρας, καὶ ἐξεπορύετο τὸ αἷμα τῆς τροπῆς ἔως τοῦ κόλπου τοῦ ἅρματος.	commissum est ergo proelium in die illa et rex Israhel stabat in curru suo contra Syros et mortuus est vesperi fluebat autem sanguis plagae in sinum currus	Commissum est ergo prælium in die illa, et rex Israël stabat in curru suo contra Syros, et mortuus est vespere: fluebat autem sanguis plagæ in sinum currus,		And the battle increased that day: and the king was stayed up in his chariot against the Syrians, and died at even: and the blood ran out of the wound into the midst of the chariot.
1Kgs	22	36	וַיַּעֲבֹר הָרִנָּה בַּמַּחֲנֶה כְּבֹא הַשֶּׁמֶשׁ לֵאמֹר אִישׁ אֶל־עִירוֹ וְאִישׁ אֶל־אַרְצוֹ ׃	καὶ ἔστη ὁ στρατοκήρυξ δύνοτος τοῦ ἡλίου λέγων Ἕκαστος εἰς τὴν ἑαυτοῦ πόλιν καὶ εἰς τὴν ἑαυτοῦ γῆν,	et praeco personuit in universo exercitu antequam sol occumberet dicens unusquisque revertatur in civitatem et in terram suam	et præco insonuit in universo exercitu antequam sol occumberet, dicens: Unusquisque revertatur in civitatem, et in terram suam.		And there went a proclamation throughout the host about the going down of the sun, saying, Every man to his city, and every man to his own country.
1Kgs	22	37	וַיָּמָת הַמֶּלֶךְ וַיָּבוֹא שֹׁמְרוֹן וַיִּקְבְּרוּ אֶת־הַמֶּלֶךְ בְּשֹׁמְרוֹן ׃	ὅτι τέθνηκεν ὁ βασιλεύς. καὶ ἦλθον εἰς την Σαμάρειαν, καὶ ἔθαψαν τὸν βασιλέα ἐν Σαμαρείᾳ.	mortuus est autem rex et perlatus est Samariam sepelieruntque regem in Samaria	Mortuus est autem rex, et perlatus est in Samariam: sepelieruntque regem in Samaria,		So the king died, and was brought to Samaria; and they buried the king in Samaria.
1Kgs	22	38	וַיִּשְׁטֹף אֶת־הָרֶכֶב עַל בְּרֵכַת שֹׁמְרוֹן וַיָּלֹקּוּ הַכְּלָבִים אֶת־דָּמוֹ וְהַזֹּנוֹת רָחָצוּ כִּדְבַר יְהוָה אֲשֶׁר דִּבֵּר ׃	καὶ ἀπένιψαν τὸ αἷμα ἐπὶ τὴν κρήνην Σαμαρείας, καὶ ἐξέλιξαν αἰ ὕες καὶ οἱ κύνες τὸ αἷμα· καὶ αἱ πόρναι ἐλούσαντο ἐν τῷ αἳματι, κατὰ τὸ ῥῆμα Κυρίου ὃ ἐλάλησεν.	et laverunt currum in piscina Samariae et linxerunt canes sanguinem eius et habenas laverunt iuxta verbum Domini quod locutus fuerat	et laverunt currum ejus in piscina Samariæ: et linxerunt canes sanguinem ejus, et habenas laverunt, juxta verbum Domini quod locutus fuerat.		And one washed the chariot in the pool of Samaria; and the dogs licked up his blood; and they washed his armour; according unto the word of the Lord which he spake.
1Kgs	22	39	וְיֶתֶר דִּבְרֵי אַחְאָב וְכָל־אֲשֶׁר עָשָׂה וּבֵית הַשֵּׁן אֲשֶׁר בָּנָה וְכָל־הֶעָרִים אֲשֶׁר בָּנָה הֲלוֹא־הֵם כְּתוּבִים עַל־סֵפֶר דִּבְרֵי הַיָּמִים לְמַלְכֵי יִשְׂרָאֵל ׃	καὶ τὰ λοιπὰ τῶν λόγων Ἀχαὰβ καὶ πάντα ἃ ἐποίησεν, καὶ οἶκον ἐλεφάντινον ὃν ᾠκοδόμεησεν καὶ πάσας τὰς πόλεις ἃς ἐποίησεν, καὶ ἰδοὺ ταῦτα γέγραπται ἐν βιβλίῳ λόγων τῶν πατέρων τῶν βασιλέων Ἰσραήλ.	reliqua vero sermonum Ahab et universa quae fecit et domus eburneae quam aedificavit cunctarumque urbium quas extruxit nonne scripta sunt haec in libro verborum dierum regum Israhel	Reliqua autem sermonum Achab, et universa quæ fecit, et domus eburnea quam ædificavit, cunctarumque urbium quas exstruxit, nonne hæc scripta sunt in libro sermonum dierum regum Israël?		Now the rest of the acts of Ahab, and all that he did, and the ivory house which he made, and all the cities that he built, are they not written in the book of the chronicles of the kings of Israel?
1Kgs	22	40	וַיִּשְׁכַּב אַחְאָב עִם־אֲבֹתָיו וַיִּמְלֹךְ אֲחַזְיָהוּ בְנוֹ תַּחְתָּיו ׃ פ	καὶ ἐκοιμήθη Ἀχαὰβ μετὰ τῶν πατέρων αὐτοῦ, καὶ ἐβαςίλευσεν Ὀχοζείας υἱὸς αὐτοῦ ἀντ᾿ αὐτοῦ.	dormivit ergo Ahab cum patribus suis et regnavit Ohozias filius eius pro eo	Dormivit ergo Achab cum patribus suis, et regnavit Ochozias filius ejus pro eo.		So Ahab slept with his fathers; and Ahaziah his son reigned in his stead.
1Kgs	22	41	וִיהוֹשָׁפָט בֶּן־אָסָא מָלַךְ עַל־יְהוּדָה בִּשְׁנַת אַרְבַּע לְאַחְאָב מֶלֶךְ יִשְׂרָאֵל ׃	Καὶ Ἰωσαφὰθ υἱὸς Ἀσὰ ἐβαςίλευσεν ἐπὶ Ἰουδά· ἒτει τετάρτῳ τῷ Ἀχαὰβ ἐβαςίλευσεν.	Iosaphat filius Asa regnare coeperat super Iudam anno quarto Ahab regis Israhel	Josaphat vero filius Asa regnare cœperat super Judam anno quarto Achab regis Israël.		And Jehoshaphat the son of Asa began to reign over Judah in the fourth year of Ahab king of Israel.
1Kgs	22	42	יְהוֹשָׁפָט בֶּן־שְׁלֹשִׁים וְחָמֵשׁ שָׁנָה בְּמָלְכוֹ וְעֶשְׂרִים וְחָמֵשׁ שָׁנָה מָלַךְ בִּירוּשָׁלָםִ וְשֵׁם אִמּוֹ עֲזוּבָה בַּת־שִׁלְחִי ׃	Ἰωσαφὰθ υἱὸς τριάκοντα καὶ πέντε ἐτῶν ἐν τῷ βασιλεύειν αὐτόν, καὶ εἲκοσι καὶ πέντε ἒτη ἐβαςίλευσεν ἐν Ἰερουσαλήμ· καὶ ὂνομα τῇ μητρὶ αὐτοῦ Ἀζαεβὰ θυγάτηρ Σεμεεί.	triginta quinque annorum erat cum regnare coepisset et viginti et quinque annos regnavit in Hierusalem nomen matris eius Azuba filia Salai	Triginta quinque annorum erat cum regnare cœpisset, et viginti quinque annis regnavit in Jerusalem: nomen matris ejus Azuba filia Salai.		Jehoshaphat was thirty and five years old when he began to reign; and he reigned twenty and five years in Jerusalem. And his mother's name was Azubah the daughter of Shilhi.
1Kgs	22	43	וַיֵּלֶךְ בְּכָל־דֶּרֶךְ אָסָא אָבִיו לֹא־סָר מִמֶּנּוּ לַעֲשׂוֹת הַיָּשָׁר בְּעֵינֵי יְהוָה ׃	καὶ ἐπορεύθη ἐν πάσῃ ὁδῷ Ἀσὰ τοῦ πατρὸς αὐτοῦ· οὐκ ἐξέκλινεν ἀπ᾿ αὐτῆς, τοῦ ποιῆσαι τὸ εὐθὲς ἐν ὀφθαλμοῖς Κυρίου·	et ambulavit in omni via Asa patris sui et non declinavit ex ea fecitque quod rectum est in conspectu Domini	Et ambulavit in omni via Asa patris sui, et non declinavit ex ea: fecitque quod rectum erat in conspectu Domini.		And he walked in all the ways of Asa his father; he turned not aside from it, doing that which was right in the eyes of the Lord: nevertheless the high places were not taken away; for the people offered and burnt incense yet in the high places.
1Kgs	22	44	אַךְ הַבָּמוֹת לֹא־סָרוּ עוֹד הָעָם מְזַבְּחִים וּמְקַטְּרִים בַּבָּמוֹת ׃	πλὴν τῶν ὑψηλῶν οὐκ ἐξῆρεν, ἒτι ὁ λαὸς ἐθυςίαζεν καὶ ἐθυμίων ἐν τοῖς ὑψηλοῖς.	verumtamen excelsa non abstulit adhuc enim populus sacrificabat et adolebat incensum in excelsis	Verumtamen excelsa non abstulit: adhuc enim populus sacrificabat, et adolebat incensum in excelsis.		And Jehoshaphat made peace with the king of Israel.
1Kgs	22	45	וַיַּשְׁלֵם יְהוֹשָׁפָט עִם־מֶלֶךְ יִשְׂרָאֵל ׃	καὶ εἰρήνευσεν Ἰωσαφὰθ μετὰ βασιλέως Ἰσμραήλ.	pacemque habuit Iosaphat cum rege Israhel	Pacemque habuit Josaphat cum rege Israël.		Now the rest of the acts of Jehoshaphat, and his might that he shewed, and how he warred, are they not written in the book of the chronicles of the kings of Judah?
1Kgs	22	46	וְיֶתֶר דִּבְרֵי יְהוֹשָׁפָט וּגְבוּרָתוֹ אֲשֶׁר־עָשָׂה וַאֲשֶׁר נִלְחָם הֲלֹא־הֵם כְּתוּבִים עַל־סֵפֶר דִּבְרֵי הַיָּמִים לְמַלְכֵי יְהוּדָה ׃	καὶ τὰ λοιπὰ τῶν λόγων Ἰωσαφὰθ καὶ αί δυναστεῖαι αὐτοῦ, ὅσα ἐποίησεν, οὐκ ἰδοὺ ταῦτα γεγραμμένα ἐν βιβλίῳ λόγων Ἰωσαφάθ;	reliqua autem verborum Iosaphat et opera eius quae gessit et proelia nonne haec scripta sunt in libro verborum dierum regum Iuda	Reliqua autem verborum Josaphat, et opera ejus quæ gessit, et prælia, nonne hæc scripta sunt in libro verborum dierum regum Juda?		And the remnant of the sodomites, which remained in the days of his father Asa, he took out of the land.
1Kgs	22	47	וְיֶתֶר הַקָּדֵשׁ אֲשֶׁר נִשְׁאַר בִּימֵי אָסָא אָבִיו בִּעֵר מִן־הָאָרֶץ ׃		sed et reliquias effeminatorum qui remanserant in diebus Asa patris eius abstulit de terra	Sed et reliquias effeminatorum qui remanserant in diebus Asa patris ejus, abstulit de terra.		There was then no king in Edom: a deputy was king.
1Kgs	22	48	וּמֶלֶךְ אֵין בֶּאֱדוֹם נִצָּב מֶלֶךְ ׃		nec erat tunc rex constitutus in Edom	Nec erat tunc rex constitutus in Edom.		Jehoshaphat made ships of Tharshish to go to Ophir for gold: but they went not; for the ships were broken at Eziongeber.
1Kgs	22	49	יְהוֹשָׁפָט עָשָׂר אֳנִיּוֹת תַּרְשִׁישׁ לָלֶכֶת אוֹפִירָה לַזָּהָב וְלֹא הָלָךְ כִּי־נִשְׁבְּרֻה אֳנִיּוֹת בְּעֶצְיוֹן גָּבֶר ׃		rex vero Iosaphat fecerat classes in mari quae navigarent in Ophir propter aurum et ire non potuerunt quia confractae sunt in Asiongaber	Rex vero Josaphat fecerat classes in mari, quæ navigarent in Ophir propter aurum: et ire non potuerunt, quia confractæ sunt in Asiongaber.		Then said Ahaziah the son of Ahab unto Jehoshaphat, Let my servants go with thy servants in the ships. But Jehoshaphat would not.
1Kgs	22	50	אָז אָמַר אֲחַזְיָהוּ בֶן־אַחְאָב אֶל־יְהוֹשָׁפָט יֵלְכוּ עֲבָדַי עִם־עֲבָדֶיךָ בָּאֳנִיּוֹת וְלֹא אָבָה יְהוֹשָׁפָט ׃		tunc ait Ohozias filius Ahab ad Iosaphat vadant servi mei cum servis tuis in navibus et noluit Iosaphat	Tunc ait Ochozias filius Achab ad Josaphat: Vadant servi mei cum servis tuis in navibus. Et noluit Josaphat.		And Jehoshaphat slept with his fathers, and was buried with his fathers in the city of David his father: and Jehoram his son reigned in his stead.
1Kgs	22	51	וַיִּשְׁכַּב יְהוֹשָׁפָט עִם־אֲבֹתָיו וַיִּקָּבֵר עִם־אֲבֹתָיו בְּעִיר דָּוִד אָבִיו וַיִּמְלֹךְ יְהוֹרָם בְּנוֹ תַּחְתָּיו ׃ ס	καὶ ἐκοιμήθη μετὰ τῶν πατέρων αὐτοῦ, καὶ ἐπάφη ἐν πόλει Δαυεὶδ τοῦ πατρὸς αὐτοῦ. καὶ ἐβαςίλευσεν Ἰωρὰμ υἱὸς αὐτοῦ ἀντ᾿ αὐτοῦ.	dormivitque cum patribus suis et sepultus est cum eis in civitate David patris sui regnavitque Ioram filius eius pro eo	Dormivitque Josaphat cum patribus suis, et sepultus est cum eis in civitate David patris sui: regnavitque Joram filius ejus pro eo.		Ahaziah the son of Ahab began to reign over Israel in Samaria the seventeenth year of Jehoshaphat king of Judah, and reigned two years over Israel.
1Kgs	22	52	אֲחַזְיָהוּ בֶן־אַחְאָב מָלַךְ עַל־יִשְׂרָאֵל בְּשֹׁמְרוֹן בִּשְׁנַת שְׁבַע עֶשְׂרֵה לִיהוֹשָׁפָט מֶלֶךְ יְהוּדָה וַיִּמְלֹךְ עַל־יִשְׂרָאֵל שְׁנָתָיִם ׃	Καὶ Ὀχοζείας υἱὸς Ἀχαὰβ ἐβαςίλευσεν ἐπὶ Ἰσραὴλ ἐν Σαμαρείᾳ ἐν ἒτει ἑπτακαιδεκάτῳ Ἰωσαφὰρ βασιλεῖ Ἰούδα· καὶ ἐβαςίλευσεν ἐν Ἰσραὴλ ἒτη δύο.	Ohozias autem filius Ahab regnare coeperat super Israhel in Samaria anno septimodecimo Iosaphat regis Iuda regnavitque super Israhel duobus annis	Ochozias autem filius Achab regnare cœperat super Israël in Samaria, anno septimo Josaphat regis Juda: regnavitque super Israël duobus annis.		And he did evil in the sight of the Lord, and walked in the way of his father, and in the way of his mother, and in the way of Jeroboam the son of Nebat, who made Israel to sin:
1Kgs	22	53	וַיַּעַשׂ הָרַע בְּעֵינֵי יְהוָה וַיֵּלֶךְ בְּדֶרֶךְ אָבִיו וּבְדֶרֶךְ אִמּוֹ וּבְדֶרֶךְ יָרָבְעָם בֶּן־נְבָט אֲשֶׁר הֶחֱטִיא אֶת־יִשְׂרָאֵל ׃	καὶ ἐποίησεν τὸ πονηρὸν ἐνατίον Κυρίου, καὶ ἐπορεύθη ἐν ὁδῷ τοῦ πατρὸς αὐτοῦ Ἀχαὰβ καὶ ἐν ὁδῷ Ἰεζάβελ τῆς μητρὸς αὐτοῦ καὶ ἐν ταῖς ἁμαρτίαις οἲκου Ἰεροβοὰμ νἱοῦ Ναβὰτ ὃς ἐξήμαρτεν τὸν Ἰσραήλ.	et fecit malum in conspectu Domini et ambulavit in via patris sui et matris suae et in via Hieroboam filii Nabath qui peccare fecit Israhel	Et fecit malum in conspectu Domini, et ambulavit in via patris sui et matris suæ, et in via Jeroboam filii Nabat, qui peccare fecit Israël.		For he served Baal, and worshipped him, and provoked to anger the Lord God of Israel, according to all that his father had done.
1Kgs	22	54	וַיַּעֲבֹד אֶת־הַבַּעַל וַיִּשְׁתַּחֲוֶה לוֹ וַיַּכְעֵס אֶת־יְהוָה אֱלֹהֵי יִשְׂרָאֵל כְּכֹל אֲשֶׁר־עָשָׂה אָבִיו ׃	καὶ ἐδούλευσεν τοῖς βααλεὶμ καὶ προσεκύνησεν αὐτοῖς, καὶ παρώργισεν τὸν κύριον θεὸν Ἰσραὴλ κατὰ πάντα τὰ γενόμενα ἔμπροσθεν αὐτοῦ. καὶ ἠθέτησεν Μωὰβ ἐν Ἰσραὴλ μετὰ τὸ ὰποθανεῖν Ἀχαάβ.	servivit quoque Baal et adoravit eum et inritavit Dominum Deum Israhel iuxta omnia quae fecerat pater eius	Servivit quoque Baal, et adoravit eum, et irritavit Dominum Deum Israël, juxta omnia quæ fecerat pater ejus.		
