book	chapter	verse	wlc	lxx	vulg	clem	tr	kjv
2Kgs	1	1	וַיִּפְשַׁע מוֹאָב בְּיִשְׂרָאֵל אַחֲרֵי מוֹת אַחְאָב ׃	ΚΑΙ ἠθέτησεν Μωὰβ ἐν Ἰσραὴλ μετὰ τὸ ἀποθανεῖν Ἀχαάβ.	praevaricatus est autem Moab in Israhel postquam mortuus est Ahab	Prævaricatus est autem Moab in Israël, postquam mortuus est Achab.		Then Moab rebelled against Israel after the death of Ahab.
2Kgs	1	2	וַיִּפֹּל אֲחַזְיָה בְּעַד הַשְּׂבָכָה בַּעֲלִיָּתוֹ אֲשֶׁר בְּשֹׁמְרוֹן וַיָּחַל וַיִּשְׁלַח מַלְאָכִים וַיֹּאמֶר אֲלֵהֶם לְכוּ דִרְשׁוּ בְּבַעַל זְבוּב אֱלֹהֵי עֶקְרוֹן אִם־אֶחְיֶה מֵחֳלִי זֶה ׃ ס	καὶ ἔπεσεν Ὀχοζειας διὰ τοῦ δικτυωτοῦ τοῦ ἐν τῷ ὑπερῴῳ αὐτοῦ τῷ ἐν Σαμαρείᾳ, καὶ ἠρρώστησεν· καὶ ἀπέστειλεν ἀγγέλους καὶ εἶπεν πρὸς αὐτούς Δεῦτε καὶ ἐπιζητήσατε ἐν τῷ Βάαλ μυῖαν θεὸν Ἀκκαρών, εἰ ζήσομαι ἐκ τῆς ἀρρωστίας μου ταύτης· καὶ ἐπορεύθησαν ἐπερωτῆσαι δι’ αὐτοῦ.	ceciditque Ohozias per cancellos cenaculi sui quod habebat in Samaria et aegrotavit misitque nuntios dicens ad eos ite consulite Beelzebub deum Accaron utrum vivere queam de infirmitate mea hac	Ceciditque Ochozias per cancellos cœnaculi sui, quod habebat in Samaria, et ægrotavit: misitque nuntios, dicens ad eos: Ite, consulite Beelzebub deum Accaron, utrum vivere queam de infirmitate mea hac.		And Ahaziah fell down through a lattice in his upper chamber that was in Samaria, and was sick: and he sent messengers, and said unto them, Go, enquire of Baalzebub the god of Ekron whether I shall recover of this disease.
2Kgs	1	3	וּמַלְאַךְ יְהוָה דִּבֶּר אֶל־אֵלִיָּה הַתִּשְׁבִּי קוּם עֲלֵה לִקְרַאת מַלְאֲכֵי מֶלֶךְ־שֹׁמְרוֹן וְדַבֵּר אֲלֵהֶם הַמִבְּלִי אֵין־אֱלֹהִים בְּיִשְׂרָאֵל אַתֶּם הֹלְכִים לִדְרֹשׁ בְּבַעַל זְבוּב אֱלֹהֵי עֶקְרוֹן ׃	καὶ ἄγγελος Κυρίου ἐκάλεσεν Ἠλειοὺ τὸν θεσβείτην λέγων Ἀναστὰς δεῦρο εἰς συνάντησιν τῶν ἀγγέλων Ὀχοζείου βασιλέως Σαμαρείας καὶ λαλήσεις πρὸς αὐτούς Εἰ παρὰ τὸ μὴ εἶναι θεὸν ἐν Ἰσραὴλ ὑμεῖς πορεύεσθε ἐπεζητῆσαι ἐν τῷ Βάαλ μυῖαν θεὸν Ἀκκαρών; καὶ οὐχ οὕτως·	angelus autem Domini locutus est ad Heliam Thesbiten surge ascende in occursum nuntiorum regis Samariae et dices ad eos numquid non est Deus in Israhel ut eatis ad consulendum Beelzebub deum Accaron	Angelus autem Domini locutus est ad Eliam Thesbiten, dicens: Surge, et ascende in occursum nuntiorum regis Samariæ, et dices ad eos: Numquid non est Deus in Israël, ut eatis ad consulendum Beelzebub deum Accaron?		But the angel of the Lord said to Elijah the Tishbite, Arise, go up to meet the messengers of the king of Samaria, and say unto them, Is it not because there is not a God in Israel, that ye go to enquire of Baalzebub the god of Ekron?
2Kgs	1	4	וְלָכֵן כֹּה־אָמַר יְהוָה הַמִּטָּה אֲשֶׁר־עָלִיתָ שָּׁם לֹא־תֵרֵד מִמֶּנָּה כִּי מוֹת תָּמוּת וַיֵּלֶךְ אֵלִיָּה ׃	ὅτι τάδε λέγει Κύριος Ἡ κλίνη ἐφ’ ἦς ἀνέβης ἐκεῖ οὐ καταβήσῃ ἀπ’ αὐτῆς, ὅτι θανάτῳ ἀποθανῇ. καὶ ἐπορεύθη Ἠλειοὺ καὶ εἶπεν πρὸς αὐτούς.	quam ob rem haec dicit Dominus de lectulo super quem ascendisti non descendes sed morte morieris et abiit Helias	Quam ob rem hæc dicit Dominus: De lectulo, super quem ascendisti, non descendes, sed morte morieris. Et abiit Elias.		Now therefore thus saith the Lord, Thou shalt not come down from that bed on which thou art gone up, but shalt surely die. And Elijah departed.
2Kgs	1	5	וַיָּשׁוּבוּ הַמַּלְאָכִים אֵלָיו וַיֹּאמֶר אֲלֵיהֶם מַה־זֶּה שַׁבְתֶּם ׃	καὶ ἐπεστράφησαν οἱ ἄγγελοι πρὸς αὐτόν, καὶ εἶπεν πρὸς αὐτούς Τί ὅτι ἐπεστρέψατε;	reversique sunt nuntii ad Ohoziam qui dixit eis quare reversi estis	Reversique sunt nuntii ad Ochoziam. Qui dixit eis: Quare reversi estis?		And when the messengers turned back unto him, he said unto them, Why are ye now turned back?
2Kgs	1	6	וַיֹּאמְרוּ אֵלָיו אִישׁ עָלָה לִקְרָאתֵנוּ וַיֹּאמֶר אֵלֵינוּ לְכוּ שׁוּבוּ אֶל־הַמֶּלֶךְ אֲשֶׁר־שָׁלַח אֶתְכֶם וְדִבַּרְתֶּם אֵלָיו כֹּה אָמַר יְהוָה הַמִבְּלִי אֵין־אֱלֹהִים בְּיִשְׂרָאֵל אַתָּה שֹׁלֵחַ לִדְרֹשׁ בְּבַעַל זְבוּב אֱלֹהֵי עֶקְרוֹן לָכֵן הַמִּטָּה אֲשֶׁר־עָלִיתָ שָּׁם לֹא־תֵרֵד מִמֶּנָּה כִּי־מוֹת תָּמוּת ׃	καὶ εἶπαν πρὸς αὐτόν Ἀνὴρ ἀνέβη εἰς συνάντησιν ἡμῶν καὶ εἶπεν πρὸς ἡμᾶς Δεῦτε ἐπιστράφητε πρὸς τὸν βασιλέα τὸν ἀποστείλαντα ὑμᾶς καὶ λαλήσατε πρὸς αὐτόν Τόδε λέηει Κύριος Εἰ παρὰ τὸ μὴ εἶναι θεὸν ἐν Ἰσραὴλ σὺ πορεύῃ ζητῆσαι ἐν τῇ Βάαλ μυῖαν θεὸν Ἀκκαρών ; οὐχ οὕτως· ἡ κλίνη ἐφ’ ἦς ἀνέβης ὅτι οὐ καταβήσῃ ἀπ’ αὐτῆς, ὅτι θανάτῳ ἀποθανῇ.	at illi responderunt ei vir occurrit nobis et dixit ad nos ite revertimini ad regem qui misit vos et dicetis ei haec dicit Dominus numquid quia non erat Deus in Israhel mittis ut consulatur Beelzebub deus Accaron idcirco de lectulo super quem ascendisti non descendes sed morte morieris	At illi responderunt ei: Vir occurrit nobis, et dixit ad nos: Ite, et revertimini ad regem qui misit vos, et dicetis ei: Hæc dicit Dominus: Numquid quia non erat Deus in Israël, mittis ut consulatur Beelzebub deus Accaron? idcirco de lectulo, super quem ascendisti, non descendes, sed morte morieris.		And they said unto him, There came a man up to meet us, and said unto us, Go, turn again unto the king that sent you, and say unto him, Thus saith the Lord, Is it not because there is not a God in Israel, that thou sendest to enquire of Baalzebub the god of Ekron? therefore thou shalt not come down from that bed on which thou art gone up, but shalt surely die.
2Kgs	1	7	וַיְדַבֵּר אֲלֵהֶם מֶה מִשְׁפַּט הָאִישׁ אֲשֶׁר עָלָה לִקְרַאתְכֶם וַיְדַבֵּר אֲלֵיכֶם אֶת־הַדְּבָרִים הָאֵלֶּה ׃	καὶ ἐλάλησεν πρὸς αὐτούς Τίς ἡ κρίσις τοῦ ἀνδρὸς τοῦ ἀναβάντος εἰς συνάντησιν ὑμῖν καὶ λαλήσαντος πρὸς ὑμᾶς τοὺς λόγους τούτους;	qui dixit eis cuius figurae et habitu est vir qui occurrit vobis et locutus est verba haec	Qui dixit eis: Cujus figuræ et habitus est vir ille, qui occurrit vobis, et locutus est verba hæc?		And he said unto them, What manner of man was he which came up to meet you, and told you these words?
2Kgs	1	8	וַיֹּאמְרוּ אֵלָיו אִישׁ בַּעַל שֵׂעָר וְאֵזוֹר עוֹר אָזוּר בְּמָתְנָיו וַיֹּאמַר אֵלִיָּה הַתִּשְׁבִּי הוּא ׃	καὶ εἶπον πρὸς αὐτόν Ἀνὴρ δασὺς καὶ ζώνην δερματίνην περιεζωσμένος τὴν ὀσφὺν αὐτοῦ· καὶ εἶπεν Ἠλειοὺ ὁ θεσβείτης οὖτός ἐστιν.	at illi dixerunt vir pilosus et zona pellicia accinctis renibus qui ait Helias Thesbites est	At illi dixerunt: Vir pilosus, et zona pellicea accinctus renibus. Qui ait: Elias Thesbites est.		And they answered him, He was an hairy man, and girt with a girdle of leather about his loins. And he said, It is Elijah the Tishbite.
2Kgs	1	9	וַיִּשְׁלַח אֵלָיו שַׂר־חֲמִשִּׁים וַחֲמִשָּׁיו וַיַּעַל אֵלָיו וְהִנֵּה יֹשֵׁב עַל־רֹאשׁ הָהָר וַיְדַבֵּר אֵלָיו אִישׁ הָאֱלֹהִים הַמֶּלֶךְ דִּבֶּר רֵדָה ׃	καὶ ἀπέστειλεν πρὸς αὐτὸν πεντηκόνταρχον καὶ τοὺς πεντήκοντα αὐτοῦ, καὶ ἀνέβη πρὸς αὐτόν· καὶ ἰδοὺ Ἠλειοὺ ἐκάθητο ἐπὶ τῆς κορυφῆς τοῦ ὄρους. καὶ ἐλάλησεν ὁ πεντηκόνταρχος πρὸς αὐτὸν καὶ εἶπεν Ἄνθρωπε τοῦ θεοῦ, ὁ βασιλεὺς ἐκάλεσέν σε, κατάβηθι.	misitque ad eum quinquagenarium principem et quinquaginta qui erant sub eo qui ascendit ad eum sedentique in vertice montis ait homo Dei rex praecepit ut descendas	Misitque ad eum quinquagenarium principem, et quinquaginta qui erant sub eo. Qui ascendit ad eum: sedentique in vertice montis, ait: Homo Dei, rex præcepit ut descendas.		Then the king sent unto him a captain of fifty with his fifty. And he went up to him: and, behold, he sat on the top of an hill. And he spake unto him, Thou man of God, the king hath said, Come down.
2Kgs	1	10	וַיַּעֲנֶה אֵלִיָּהוּ וַיְדַבֵּר אֶל־שַׂר הַחֲמִשִּׁים וְאִם־אִישׁ אֱלֹהִים אָנִי תֵּרֶד אֵשׁ מִן־הַשָּׁמַיִם וְתֹאכַל אֹתְךָ וְאֶת־חֲמִשֶּׁיךָ וַתֵּרֶד אֵשׁ מִן־הַשָּׁמַיִם וַתֹּאכַל אֹתוֹ וְאֶת־חֲמִשָּׁיו ׃	καὶ ἀπεκρίθη Ἠλειοὺ καὶ εἶπεν πρὸς τὸν πεντηκόνταρχον Καὶ εἰ ἄνθρωπος θεοῦ ἐγώ, καταβήσεται πῦρ ἐκ τοῦ οὐρανοῦ καὶ καταφάγεται σὲ καὶ τοὺς πεντήκοντά σου· καὶ κατέβη πῦρ ἐκ τοῦ οὐρανοῦ καὶ κατέφαγεν αὐτὸν καὶ τοὺς πεντήκοντα αὐτοῦ.	respondensque Helias dixit quinquagenario si homo Dei sum descendat ignis e caelo et devoret te et quinquaginta tuos descendit itaque ignis e caelo et devoravit eum et quinquaginta qui erant cum eo	Respondensque Elias, dixit quinquagenario: Si homo Dei sum, descendat ignis de cælo, et devoret te, et quinquaginta tuos. Descendit itaque ignis de cælo, et devoravit eum, et quinquaginta qui erant cum eo.		And Elijah answered and said to the captain of fifty, If I be a man of God, then let fire come down from heaven, and consume thee and thy fifty. And there came down fire from heaven, and consumed him and his fifty.
2Kgs	1	11	וַיָּשָׁב וַיִּשְׁלַח אֵלָיו שַׂר־חֲמִשִּׁים אַחֵר וַחֲמִשָּׁיו וַיַּעַן וַיְדַבֵּר אֵלָיו אִישׁ הָאֱלֹהִים כֹּה־אָמַר הַמֶּלֶךְ מְהֵרָה רֵדָה ׃	καὶ προςέθετο ὁ βασιλεὺς καὶ ἀπέστειλεν πρὸς αὐτὸν ἀλλον πεντηκόνταρχον καὶ τοὺς πεντήκοντα αὐτοῦ· καὶ ἐλάλησεν ὁ πεντηκόνταρχος πρὸς αὐτὸν καὶ εἶπεν Ἄνθρωπε τοῦ θεοῦ, τάδε λέγει ὁ βασιλεύς Ταχέως κατάβηθι.	rursum misit ad eum principem quinquagenarium alterum et quinquaginta cum eo qui locutus est illi homo Dei haec dicit rex festina descende	Rursumque misit ad eum principem quinquagenarium alterum, et quinquaginta cum eo. Qui locutus est illi: Homo Dei, hæc dicit rex: Festina, descende.		Again also he sent unto him another captain of fifty with his fifty. And he answered and said unto him, O man of God, thus hath the king said, Come down quickly.
2Kgs	1	12	וַיַּעַן אֵלִיָּה וַיְדַבֵּר אֲלֵיהֶם אִם־אִישׁ הָאֱלֹהִים אָנִי תֵּרֶד אֵשׁ מִן־הַשָּׁמַיִם וְתֹאכַל אֹתְךָ וְאֶת־חֲמִשֶּׁיךָ וַתֵּרֶד אֵשׁ־אֱלֹהִים מִן־הַשָּׁמַיִם וַתֹּאכַל אֹתוֹ וְאֶת־חֲמִשָּׁיו ׃	καὶ ἀπεκρίθη Ἠλειοὺ καὶ ἐλάλησεν πρὸς αὐτὸν καὶ εἶπεν Εἰ ἄνυρωπος θεοῦ ἐγώ, καταβήσεται τῦρ ἐκ τοῦ οὐρανοῦ καὶ καταφάγεταί σε καὶ τοὺς πεντήκοντά σου· καὶ κατέβη πῦρ ἐκ τοῦ οὐρανοῦ καὶ κατέφαυγεν αὐτὸν καὶ τοὺς πεντήκοντα αὐτοῦ.	respondens Helias ait si homo Dei ego sum descendat ignis e caelo et devoret te et quinquaginta tuos descendit ergo ignis Dei e caelo et devoravit illum et quinquaginta eius	Respondens Elias, ait: Si homo Dei ego sum, descendat ignis de cælo, et devoret te, et quinquaginta tuos. Descendit ergo ignis de cælo, et devoravit illum, et quinquaginta ejus.		And Elijah answered and said unto them, If I be a man of God, let fire come down from heaven, and consume thee and thy fifty. And the fire of God came down from heaven, and consumed him and his fifty.
2Kgs	1	13	וַיָּשָׁב וַיִּשְׁלַח שַׂר־חֲמִשִּׁים שְׁלִשִׁים וַחֲמִשָּׁיו וַיַּעַל וַיָּבֹא שַׂר־הַחֲמִשִּׁים הַשְּׁלִישִׁי וַיִּכְרַע עַל־בִּרְכָּיו לְנֶגֶד אֵלִיָּהוּ וַיִּתְחַנֵּן אֵלָיו וַיְדַבֵּר אֵלָיו אִישׁ הָאֱלֹהִים תִּיקַר־נָא נַפְשִׁי וְנֶפֶשׁ עֲבָדֶיךָ אֵלֶּה חֲמִשִּׁים בְּעֵינֶיךָ ׃	καὶ προςέθετο ὁ βασιλεὺς ἔτι ἀποστεῖλαι ἡγούμενον καὶ τοὺς πενήκοντα αὐτοῦ· καὶ ἦλθεν ὁ πεντηκόνταρχος ὁ τρίτος καὶ ἔκαμψεν ἐπὶ τὰ γόνατα αὐτοῦ κατέναντι Ἠλειού, καὶ ἐδεήθη αὐτοῦ καὶ ἐλάλησεν πρὸς αὐτὸν καὶ εἶπεν Ἄνθρωπε τοῦ θεοῦ, ἐντιμωθήτω ἡ ψυχὴ μου καὶ ἡ ψυχὴ τῶν δούλων σου τούτων ἐν ὀφθαλμοῖς σου·	iterum misit principem quinquagenarium tertium et quinquaginta qui erant cum eo qui cum venisset curvavit genua contra Heliam et precatus est eum et ait homo Dei noli despicere animam meam et animam servorum tuorum qui mecum sunt	Iterum misit principem quinquagenarium tertium, et quinquaginta qui erant cum eo. Qui cum venisset, curvavit genua contra Eliam, et precatus est eum, et ait: Homo Dei, noli despicere animam meam, et animas servorum tuorum qui mecum sunt.		And he sent again a captain of the third fifty with his fifty. And the third captain of fifty went up, and came and fell on his knees before Elijah, and besought him, and said unto him, O man of God, I pray thee, let my life, and the life of these fifty thy servants, be precious in thy sight.
2Kgs	1	14	הִנֵּה יָרְדָה אֵשׁ מִן־הַשָּׁמַיִם וַתֹּאכַל אֶת־שְׁנֵי שָׂרֵי הַחֲמִשִּׁים הָרִאשֹׁנִים וְאֶת־חֲמִשֵּׁיהֶם וְעַתָּה תִּיקַר נַפְשִׁי בְּעֵינֶיךָ ׃ ס	ἰδοὺ κατέβη πῦρ ἐκ τοῦ οὐρανοῦ καὶ κατέφαγεν τοὺς δύο πεντηκοντάρχους τοὺς πρώτους· καὶ νῦν ἐντιμωθήτω δὴ ἡ ψυχή μου ἐν ὀφθαλμοῖς σου.	ecce descendit ignis de caelo et devoravit duos principes quinquagenarios primos et quinquagenos qui cum eis erant sed nunc obsecro ut miserearis animae meae	Ecce descendit ignis de cælo, et devoravit duos principes quinquagenarios primos, et quinquagenos qui cum eis erant: sed nunc obsecro ut miserearis animæ meæ.		Behold, there came fire down from heaven, and burnt up the two captains of the former fifties with their fifties: therefore let my life now be precious in thy sight.
2Kgs	1	15	וַיְדַבֵּר מַלְאַךְ יְהוָה אֶל־אֵלִיָּהוּ רֵד אוֹתוֹ אַל־תִּירָא מִפָּנָיו וַיָּקָם וַיֵּרֶד אוֹתוֹ אֶל־הַמֶּלֶךְ ׃	καὶ ελάλησεν ἄγγελος Κυρίου πρὸς Ἠλειοὺ καὶ εἶπεν Κατάβηθι μετ’ αὐτοῦ, μὴ φοβηθῇς ἀπὸ προςώπου αὐτῶν· καὶ ἀνέστη Ἠλειοὺ καὶ κατέβη μετ’ αὐτοῦ πρὸς τὸν βασιλέα.	locutus est autem angelus Domini ad Heliam dicens descende cum eo ne timeas surrexit igitur et descendit cum eo ad regem	Locutus est autem angelus Domini ad Eliam, dicens: Descende cum eo: ne timeas. Surrexit igitur, et descendit cum eo ad regem,		And the angel of the Lord said unto Elijah, Go down with him: be not afraid of him. And he arose, and went down with him unto the king.
2Kgs	1	16	וַיְדַבֵּר אֵלָיו כֹּה־אָמַר יְהוָה יַעַן אֲשֶׁר־שָׁלַחְתָּ מַלְאָכִים לִדְרֹשׁ בְּבַעַל זְבוּב אֱלֹהֵי עֶקְרוֹן הַמִבְּלִי אֵין־אֱלֹהִים בְּיִשְׂרָאֵל לִדְרֹשׁ בִּדְבָרוֹ לָכֵן הַמִּטָּה אֲשֶׁר־עָלִיתָ שָּׁם לֹא־תֵרֵד מִמֶּנָּה כִּי־מוֹת תָּמוּת ׃	καὶ ἐλάλησεν πρὸς αὐτὸν καὶ εἶπεν Ἠλειού Τάδε λέγει Κύριος Τί ὅτι ἀπέστειλας ζητῆσαι ἐν τῇ Βάαλ μυῖαν θεὸν Ἀκκαρών; οὐχ οὕτως· ἡ κλίνη ἐφ’ ἧς ἀνέβης ἐκεῖ οὐ καταβήσῃ ἀπ’ αὐτῆς, ὅτι θανάτῳ ἀποθανῇ.	et locutus est ei haec dicit Dominus quia misisti nuntios ad consulendum Beelzebub deum Accaron quasi non esset Deus in Israhel a quo possis interrogare sermonem ideo de lectulo super quem ascendisti non descendes sed morte morieris	et locutus est ei: Hæc dicit Dominus: Quia misisti nuntios ad consulendum Beelzebub deum Accaron, quasi non esset Deus in Israël a quo posses interrogare sermonem, ideo de lectulo super quem ascendisti, non descendes, sed morte morieris.		And he said unto him, Thus saith the Lord, Forasmuch as thou hast sent messengers to enquire of Baalzebub the god of Ekron, is it not because there is no God in Israel to enquire of his word? therefore thou shalt not come down off that bed on which thou art gone up, but shalt surely die.
2Kgs	1	17	וַיָּמָת כִּדְבַר יְהוָה אֲשֶׁר־דִּבֶּר אֵלִיָּהוּ וַיִּמְלֹךְ יְהוֹרָם תַּחְתָּיו פ בִּשְׁנַת שְׁתַּיִם לִיהוֹרָם בֶּן־יְהוֹשָׁפָט מֶלֶךְ יְהוּדָה כִּי לֹא־הָיָה לוֹ בֵּן ׃	καὶ ἀπέθανεν κατὰ τὸ ῥῆμα Κυρίου ὃ ἐλάλησεν Ἠλειού.	mortuus est ergo iuxta sermonem Domini quem locutus est Helias et regnavit Ioram frater eius pro eo anno secundo Ioram filii Iosaphat regis Iudae non enim habebat filium	Mortuus est ergo juxta sermonem Domini quem locutus est Elias, et regnavit Joram frater ejus pro eo, anno secundo Joram filii Josaphat regis Judæ: non enim habebat filium.		So he died according to the word of the Lord which Elijah had spoken. And Jehoram reigned in his stead in the second year of Jehoram the son of Jehoshaphat king of Judah; because he had no son.
2Kgs	1	18	וְיֶתֶר דִּבְרֵי אֲחַזְיָהוּ אֲשֶׁר עָשָׂה הֲלוֹא־הֵמָּה כְתוּבִים עַל־סֵפֶר דִּבְרֵי הַיָּמִים לְמַלְכֵי יִשְׂרָאֵל ׃ פ	καὶ τὰ λοιπὰ τῶν λόγων Ὀχοζείου α ἐποίησεν, οὐκ ἰδοὺ ταῦτα γεγραμμένα ἐπὶ βιβλίῳ λόγων τῶν ἡμερῶν τοῖς βασιλεῦσιν Ἰσραήλ;	reliqua autem verborum Ohoziae quae operatus est nonne haec scripta sunt in libro sermonum dierum regum Israhel	Reliqua autem verborum Ochoziæ quæ operatus est, nonne hæc scripta sunt in libro sermonum dierum regum Israël?		Now the rest of the acts of Ahaziah which he did, are they not written in the book of the chronicles of the kings of Israel?
2Kgs	2	1	וַיְהִי בְּהַעֲלוֹת יְהוָה אֶת־אֵלִיָּהוּ בַּסְעָרָה הַשָּׁמָיִם וַיֵּלֶךְ אֵלִיָּהוּ וֶאֱלִישָׁע מִן־הַגִּלְגָּל ׃	Καὶ ἐγέγετο ἐν τῷ ἀνάγειν Κύριον τὸν Ἠλειοὺ ἐν συνσεισμῷ ὡς εἰς τὸν οὐρανόν, καὶ ἐεπορεύθη Ἠλειοὺ καὶ Ἐλεισαῖε ἐξ Ἰερεειχώ.	factum est autem cum levare vellet Dominus Heliam per turbinem in caelum ibant Helias et Heliseus de Galgalis	Factum est autem cum levare vellet Dominus Eliam per turbinem in cælum, ibant Elias et Eliseus de Galgalis.		And it came to pass, when the Lord would take up Elijah into heaven by a whirlwind, that Elijah went with Elisha from Gilgal.
2Kgs	2	2	וַיֹּאמֶר אֵלִיָּהוּ אֶל־אֱלִישָׁע שֵׁב־נָא פֹה כִּי יְהוָה שְׁלָחַנִי עַד־בֵּית־אֵל וַיֹּאמֶר אֱלִישָׁע חַי־יְהוָה וְחֵי־נַפְשְׁךָ אִם־אֶעֶזְבֶךָּ וַיֵּרְדוּ בֵּית־אֵל ׃	καὶ εἶπεν Ἠλειοὺ πρὸς Ἐλεισαῖε Ἰδοῦ δὴ ἐνταῦθα κάθου, ὅτι ὁ θεὸς ἀπέσταλκέν με ἔως Βαιξήλ. καὶ εἶπεν Ἐλεισαῖε Ζῇ Κύριος καὶ ζῇ ἡ ψυχή σου, εἰ καταλείψω σε· καὶ ἠλθεν εἰς βαιθήλ.	dixitque Helias ad Heliseum sede hic quia Dominus misit me usque Bethel cui ait Heliseus vivit Dominus et vivit anima tua quia non derelinquam te cumque descendissent Bethel	Dixitque Elias ad Eliseum: Sede hic, quia Dominus misit me usque in Bethel. Cui ait Eliseus: Vivit Dominus, et vivit anima tua, quia non derelinquam te. Cumque descendissent Bethel,		And Elijah said unto Elisha, Tarry here, I pray thee; for the Lord hath sent me to Bethel. And Elisha said unto him, As the Lord liveth, and as thy soul liveth, I will not leave thee. So they went down to Bethel.
2Kgs	2	3	וַיֵּצְאוּ בְנֵי־הַנְּבִיאִים אֲשֶׁר־בֵּית־אֵל אֶל־אֱלִישָׁע וַיֹּאמְרוּ אֵלָיו הֲיָדַעְתָּ כִּי הַיּוֹם יְהוָה לֹקֵחַ אֶת־אֲדֹנֶיךָ מֵעַל רֹאשֶׁךָ וַיֹּאמֶר גַּם־אֲנִי יָדַעְתִּי הֶחֱשׁוּ ׃	καὶ ἠλθον οἱ νἱὶ τῶν προψητων οἱ ἐν βαιθήλ πρὸς Ἐλεισαῖε καὶ εἶπον πρὸς αὐτόν Εἰ ἔγνως ὄτι Κύριος σήμερον λαμβάνει τὸν κύριόν σου άπάνωθεν τῆς κεφαλῆς σου; καὶ εἶπεν Κἀγὼ ἔγνωκα, σιωπῶτε.	egressi sunt filii prophetarum qui erant Bethel ad Heliseum et dixerunt ei numquid nosti quia hodie Dominus tollat dominum tuum a te qui respondit et ego novi silete	egressi sunt filii prophetarum qui erant in Bethel, ad Eliseum, et dixerunt ei: Numquid nosti quia hodie Dominus tollet dominum tuum a te? Qui respondit: Et ego novi: silete.		And the sons of the prophets that were at Bethel came forth to Elisha, and said unto him, Knowest thou that the Lord will take away thy master from thy head to day? And he said, Yea, I know it; hold ye your peace.
2Kgs	2	4	וַיֹּאמֶר לוֹ אֵלִיָּהוּ אֱלִישָׁע שֵׁב־נָא פֹה כִּי יְהוָה שְׁלָחַנִי יְרִיחוֹ וַיֹּאמֶר חַי־יְהוָה וְחֵי־נַפְשְׁךָ אִם־אֶעֶזְבֶךָּ וַיָּבֹאוּ יְרִיחוֹ ׃	καὶ εἶπεν Ἠλειοὺπρὸς ἐλεισαῖε Κάθου δὴ ἐνταῦθα, ὄτι Κύριος ἀπέσταλκέν με εἰς Ἰερειχώ· καὶ εἶπεν Ζῇ Κύριος καὶ ζῇ ἡ ψυχή σου, εἰ ἐνκαταλείψω σε· καὶ ἦλθον εἰς Ἰερεικύ.	dixit autem Helias ad Heliseum sede hic quia Dominus misit me in Hiericho et ille ait vivit Dominus et vivit anima tua quia non derelinquam te cumque venissent Hierichum	Dixit autem Elias ad Eliseum: Sede hic, quia Dominus misit me in Jericho. Et ille ait: Vivit Dominus, et vivit anima tua, quia non derelinquam te. Cumque venissent Jericho,		And Elijah said unto him, Elisha, tarry here, I pray thee; for the Lord hath sent me to Jericho. And he said, As the Lord liveth, and as thy soul liveth, I will not leave thee. So they came to Jericho.
2Kgs	2	5	וַיִּגְּשׁוּ בְנֵי־הַנְּבִיאִים אֲשֶׁר־בִּירִיחוֹ אֶל־אֱלִישָׁע וַיֹּאמְרוּ אֵלָיו הֲיָדַעְתָּ כִּי הַיּוֹם יְהוָה לֹקֵחַ אֶת־אֲדֹנֶיךָ מֵעַל רֹאשֶׁךָ וַיֹּאמֶר גַּם־אֲנִי יָדַעְתִּי הֶחֱשׁוּ ׃	καὶ ἤγγισαν οἱ υίοὶ τῶν προφητῶν οἱ ἐν Ἰερειχὼπρὸς Ἐλεισαῖε καὶ εἶπαν προς αὐτόν τῆς κεφαλῆς σου; καὶ εἶπεν Καὶ γε ἐγὼ ἔγνων, σιωπᾶτε.	accesserunt filii prophetarum qui erant in Hiericho ad Heliseum et dixerunt ei numquid nosti quia hodie Dominus tollet dominum tuum a te et ait et ego novi silete	accesserunt filii prophetarum qui erant in Jericho, ad Eliseum, et dixerunt ei: Numquid nosti quia Dominus hodie tollet dominum tuum a te? Et ait: Ego novi: silete.		And the sons of the prophets that were at Jericho came to Elisha, and said unto him, Knowest thou that the Lord will take away thy master from thy head to day? And he answered, Yea, I know it; hold ye your peace.
2Kgs	2	6	וַיֹּאמֶר לוֹ אֵלִיָּהוּ שֵׁב־נָא פֹה כִּי יְהוָה שְׁלָחַנִי הַיַּרְדֵּנָה וַיֹּאמֶר חַי־יְהוָה וְחֵי־נַפְשְׁךָ אִם־אֶעֶזְבֶךָּ וַיֵּלְכוּ שְׁנֵיהֶם ׃	καὶ εἶπεν αὐτῷ Ἠλειού κάθου δὴ ὦδε, ὅτι Κύριος ἀπέσταλκέν με ἕως εἰς τὸν Ἰορδάνην· καὶ εἶπεν Ἐλεισαῖε Ζᾗ Κύριος καὶ ζᾗ ἠ ψυχή σου, εἰ ἐνκαταλείψω σε· καὶ ἐπορεύθησαν ἀμψότεροι.	dixit autem ei Helias sede hic quia Dominus misit me ad Iordanem qui ait vivit Dominus et vivit anima tua quia non derelinquam te ierunt igitur ambo pariter	Dixit autem ei Elias: Sede hic, quia Dominus misit me usque ad Jordanem. Qui ait: Vivit Dominus, et vivit anima tua, quia non derelinquam te. Ierunt igitur ambo pariter,		And Elijah said unto him, Tarry, I pray thee, here; for the Lord hath sent me to Jordan. And he said, As the Lord liveth, and as thy soul liveth, I will not leave thee. And they two went on.
2Kgs	2	7	וַחֲמִשִּׁים אִישׁ מִבְּנֵי הַנְּבִיאִים הָלְכוּ וַיַּעַמְדוּ מִנֶּגֶד מֵרָחוֹק וּשְׁנֵיהֶם עָמְדוּ עַל־הַיַּרְדֵּן ׃	καὶ πεντήκοντα ἄνδρες υἱοὶ τῶν προψητῶν καὶ ἔστησαν ἐξ ἐεναντίας μακρόθεν· καὶ άμφότεροι ἔστησαν ἐπὶ ἐπὶ τοῦ Ἰορδάνου.	et quinquaginta viri de filiis prophetarum secuti sunt qui et steterunt e contra longe illi autem ambo stabant super Iordanem	et quinquaginta viri de filiis prophetarum secuti sunt eos, qui et steterunt e contra, longe: illi autem ambo stabant super Jordanem.		And fifty men of the sons of the prophets went, and stood to view afar off: and they two stood by Jordan.
2Kgs	2	8	וַיִּקַּח אֵלִיָּהוּ אֶת־אַדַּרְתּוֹ וַיִּגְלֹם וַיַּכֶּה אֶת־הַמַּיִם וַיֵּחָצוּ הֵנָּה וָהֵנָּה וַיַּעַבְרוּ שְׁנֵיהֶם בֶּחָרָבָה ׃	καὶ ἔλαβεν Ἠλειοὺ τὴν μηλωτὴν αὐτοῦ καὶ εἴλησεν καὶ ἐπάταξεν τὸ ὕδωρ, καὶ διῃρέθη τὸ ὕδωρ ἔνθα καὶ ἔνθα· καὶ διέβησαν ἀμφότεροι ἐν ἐρήμῳ.	tulitque Helias pallium suum et involvit illud et percussit aquas quae divisae sunt in utramque partem et transierunt ambo per siccum	Tulitque Elias pallium suum, et involvit illud, et percussit aquas: quæ divisæ sunt in utramque partem, et transierunt ambo per siccum.		And Elijah took his mantle, and wrapped it together, and smote the waters, and they were divided hither and thither, so that they two went over on dry ground.
2Kgs	2	9	וַיְהִי כְעָבְרָם וְאֵלִיָּהוּ אָמַר אֶל־אֱלִישָׁע שְׁאַל מָה אֶעֱשֶׂה־לָּךְ בְּטֶרֶם אֶלָּקַח מֵעִמָּךְ וַיֹּאמֶר אֱלִישָׁע וִיהִי־נָא פִּי־שְׁנַיִם בְּרוּחֲךָ אֵלָי ׃	καὶ ἐγένετο ἐν τῷ διαβῆναι αὐτοὺς καὶ Ἠλειοὺ εἶπεν πρὸς Ἐλεισαῖε Τί ποιήσω σοι πρὶν ἢ ἀναλημφθῆναί με ἀπὸ σοῦ; καὶ εἶπεν Ἐλεισαῖε δὴ διπλᾶ ἐν πνεύματί σου ἐπ’ ἐμέ.	cumque transissent Helias dixit ad Heliseum postula quod vis ut faciam tibi antequam tollar a te dixitque Heliseus obsecro ut fiat duplex spiritus tuus in me	Cumque transissent, Elias dixit ad Eliseum: Postula quod vis ut faciam tibi, antequam tollar a te. Dixitque Eliseus: Obsecro ut fiat in me duplex spiritus tuus.		And it came to pass, when they were gone over, that Elijah said unto Elisha, Ask what I shall do for thee, before I be taken away from thee. And Elisha said, I pray thee, let a double portion of thy spirit be upon me.
2Kgs	2	10	וַיֹּאמֶר הִקְשִׁיתָ לִשְׁאוֹל אִם־תִּרְאֶה אֹתִי לֻקָּח מֵאִתָּךְ יְהִי־לְךָ כֵן וְאִם־אַיִן לֹא יִהְיֶה ׃	καὶ εἶπεν Ἠλειού’ τοῦ αἰτήσασθαι· ἐὰν ιδῃς με ἀναλαμβανόμενον ἀπὸ σοῦ, καὶ ἔσται οὕτως· καὶ ἐὰν μή, οὐ μὴ γένηται.	qui respondit rem difficilem postulasti attamen si videris me quando tollor a te erit quod petisti si autem non videris non erit	Qui respondit: Rem difficilem postulasti: attamen si videris me quando tollar a te, erit tibi quod petisti: si autem non videris, non erit.		And he said, Thou hast asked a hard thing: nevertheless, if thou see me when I am taken from thee, it shall be so unto thee; but if not, it shall not be so.
2Kgs	2	11	וַיְהִי הֵמָּה הֹלְכִים הָלוֹךְ וְדַבֵּר וְהִנֵּה רֶכֶב־אֵשׁ וְסוּסֵי אֵשׁ וַיַּפְרִדוּ בֵּין שְׁנֵיהֶם וַיַּעַל אֵלִיָּהוּ בַּסְּעָרָה הַשָּׁמָיִם ׃	καὶ ἐγένετο αὐτῶν πορευομένων, ἐπορεύοντο καὶ ἐλάλουν· καὶ ἰδοὺ ἄρμα πυρὸς καὶ ἴππος καὶ διέστειλεν ἀνὰ μέσον ἀμφοτέρων· καὶ ἀνελήμφθη Ἠλειοὺ ὡς εἰς τὸν οὐρανόν.	cumque pergerent et incedentes sermocinarentur ecce currus igneus et equi ignei diviserunt utrumque et ascendit Helias per turbinem in caelum	Cumque pergerent, et incedentes sermocinarentur, ecce currus igneus, et equi ignei diviserunt utrumque: et ascendit Elias per turbinem in cælum.		And it came to pass, as they still went on, and talked, that, behold, there appeared a chariot of fire, and horses of fire, and parted them both asunder; and Elijah went up by a whirlwind into heaven.
2Kgs	2	12	וֶאֱלִישָׁע רֹאֶה וְהוּא מְצַעֵק אָבִי אָבִי רֶכֶב יִשְׂרָאֵל וּפָרָשָׁיו וְלֹא רָאָהוּ עוֹד וַיַּחֲזֵק בִּבְגָדָיו וַיִּקְרָעֵם לִשְׁנַיִם קְרָעִים ׃	καὶ Ἐλεισαῖε ἑώρα, καὶ ἐβόα Πάτερ, πάτερ, ἅρμα Ἰσραὴλ καὶ ἱππεὺς αὐτοῦ· καὶ οὐκ εἶδεν αὐτὸν ἔτι, καὶ ἐπελάβετο τῶν ἱματίων αὐτοῦ καὶ διέρρηξεν αὐτὰ εἰς δύο ῥήγματα.	Heliseus autem videbat et clamabat pater mi pater mi currus Israhel et auriga eius et non vidit eum amplius adprehenditque vestimenta sua et scidit illa in duas partes	Eliseus autem videbat, et clamabat: Pater mi, pater mi, currus Israël, et auriga ejus. Et non vidit eum amplius: apprehenditque vestimenta sua, et scidit illa in duas partes.		And Elisha saw it, and he cried, My father, my father, the chariot of Israel, and the horsemen thereof. And he saw him no more: and he took hold of his own clothes, and rent them in two pieces.
2Kgs	2	13	וַיָּרֶם אֶת־אַדֶּרֶת אֵלִיָּהוּ אֲשֶׁר נָפְלָה מֵעָלָיו וַיָּשָׁב וַיַּעֲמֹד עַל־שְׂפַת הַיַּרְדֵּן ׃	καὶ ὕψωσεν τὴν μηλωτὴν Ηλιου, ἣ ἔπεσεν ἐπάνωθεν Ἐλεισαῖε· καὶ ἔστη ἐπὶ τοῦ χείλους τοῦ Ἰορδάνου.	et levavit pallium Heliae quod ceciderat ei reversusque stetit super ripam Iordanis	Et levavit pallium Eliæ, quod ceciderat ei: reversusque stetit super ripam Jordanis,		He took up also the mantle of Elijah that fell from him, and went back, and stood by the bank of Jordan;
2Kgs	2	14	וַיִּקַּח אֶת־אַדֶּרֶת אֵלִיָּהוּ אֲשֶׁר־נָפְלָה מֵעָלָיו וַיַּכֶּה אֶת־הַמַּיִם וַיֹּאמַר אַיֵּה יְהוָה אֱלֹהֵי אֵלִיָּהוּ אַף־הוּא וַיַּכֶּה אֶת־הַמַּיִם וַיֵּחָצוּ הֵנָּה וָהֵנָּה וַיַּעֲבֹר אֱלִישָׁע ׃	καὶ ἔλαβεν τὴν μηλωτὴν Ἠλειού, ἢ ἔπεσεν ἐπάνωθεν αὐτοῦ, καὶ ἐπάταξεν τὸ ὕδωρ καὶ εἶπεν Ποῦ ὁ θεὸς Ἠλειοὺ αφφώ ; καὶ ἐπάταξεν τὰ ὕδατα, καὶ διερράγησαν ἔνθα καὶ ἔνθα· καὶ διέβη Ἐλεισαῖε.	et pallio Heliae quod ceciderat ei percussit aquas et dixit ubi est Deus Heliae etiam nunc percussitque aquas et divisae sunt huc atque illuc et transiit Heliseus	et pallio Eliæ, quod ceciderat ei, percussit aquas, et non sunt divisæ: et dixit: Ubi est Deus Eliæ etiam nunc? Percussitque aquas, et divisæ sunt huc atque illuc, et transiit Eliseus.		And he took the mantle of Elijah that fell from him, and smote the waters, and said, Where is the Lord God of Elijah? and when he also had smitten the waters, they parted hither and thither: and Elisha went over.
2Kgs	2	15	וַיִּרְאֻהוּ בְנֵי־הַנְּבִיאִים אֲשֶׁר־בִּירִיחוֹ מִנֶּגֶד וַיֹּאמְרוּ נָחָה רוּחַ אֵלִיָּהוּ עַל־אֱלִישָׁע וַיָּבֹאוּ לִקְרָאתוֹ וַיִּשְׁתַּחֲווּ־לוֹ אָרְצָה ׃	καὶ εἶδον αὐτὸν οἱ υἱοὶ τῶν προφητῶν καὶ οἱ ἐν Ἰερειχὼ ἐξ ἐναντίας καὶ εἶπον Ἐπαναπέπαυται τὸ πνεῦμα Ἠλειοὺ ἐπὶ Ἐλεισαῖε· καὶ ἦλθον εἰς συναντὴν αὐτοῦ καὶ προσεκύνησαν αὐτῷ ἐπὶ τὴν γῆν.	videntes autem filii prophetarum qui erant in Hiericho de contra dixerunt requievit spiritus Heliae super Heliseum et venientes in occursum eius adoraverunt eum proni in terram	Videntes autem filii prophetarum qui erant in Jericho e contra, dixerunt: Requievit spiritus Eliæ super Eliseum. Et venientes in occursum ejus, adoraverunt eum proni in terram,		And when the sons of the prophets which were to view at Jericho saw him, they said, The spirit of Elijah doth rest on Elisha. And they came to meet him, and bowed themselves to the ground before him.
2Kgs	2	16	וַיֹּאמְרוּ אֵלָיו הִנֵּה־נָא יֵשׁ־אֶת־עֲבָדֶיךָ חֲמִשִּׁים אֲנָשִׁים בְּנֵי־חַיִל יֵלְכוּ נָא וִיבַקְשׁוּ אֶת־אֲדֹנֶיךָ פֶּן־נְשָׂאוֹ רוּחַ יְהוָה וַיַּשְׁלִכֵהוּ בְּאַחַד הֶהָרִים אוֹ בְּאַחַת הַגְּיָאוֹת וַיֹּאמֶר לֹא תִשְׁלָחוּ ׃	καὶ εἶπον πρὸς αὐτόν ἰδοὺ δὴ μετὰ τῶν παίδων σου πεντήκοντα κοντα ἄνδρες υἱοὶ δυνάμεως· πορευθέντες δὴ ζητησάτωσαν τὸν κύριόν σου, μή ποτε εὗρεν αὐτὸν πνεῦμα Κυρίου καὶ ἔρριψεν αὐτὸν ἐν τῷ Ἰορδάνῃ ἢ ἐφ’ έν τῶν ὀρέων ἢ ἐφ’ ἔνα τῶν βουνῶν· καὶ εἶπεν Ἐλεισαῖε Οὐκ ἀποστελεῖτε.	dixeruntque illi ecce cum servis tuis sunt quinquaginta viri fortes qui possint ire et quaerere dominum tuum ne forte tulerit eum spiritus Domini et proiecerit in uno montium aut in una vallium qui ait nolite mittere	dixeruntque illi: Ecce cum servis tuis sunt quinquaginta viri fortes qui possunt ire, et quærere dominum tuum, ne forte tulerit eum spiritus Domini, et projecerit eum in unum montium, aut in unam vallium. Qui ait: Nolite mittere.		And they said unto him, Behold now, there be with thy servants fifty strong men; let them go, we pray thee, and seek thy master: lest peradventure the Spirit of the Lord hath taken him up, and cast him upon some mountain, or into some valley. And he said, Ye shall not send.
2Kgs	2	17	וַיִּפְצְרוּ־בוֹ עַד־בֹּשׁ וַיֹּאמֶר שְׁלָחוּ וַיִּשְׁלְחוּ חֲמִשִּׁים אִישׁ וַיְבַקְשׁוּ שְׁלֹשָׁה־יָמִים וְלֹא מְצָאֻהוּ ׃	καὶ παρεβιάσαντο αὐτὸν ἔως οὖ ᾐσχύνετο, καὶ εἶπεν Ἀποστείλατε. καὶ ἀπέστειλαν πεντήκοντα ἄνδρας, καὶ ἐζήτησαν τρεῖς ἡμέρας, καὶ οὐχ εὗρον αὐτόν.	coegeruntque eum donec adquiesceret et diceret mittite et miserunt quinquaginta viros qui cum quaesissent tribus diebus non invenerunt	Coëgeruntque eum donec acquiesceret, et diceret: Mittite. Et miserunt quinquaginta viros: qui cum quæsissent tribus diebus, non invenerunt.		And when they urged him till he was ashamed, he said, Send. They sent therefore fifty men; and they sought three days, but found him not.
2Kgs	2	18	וַיָּשֻׁבוּ אֵלָיו וְהוּא יֹשֵׁב בִּירִיחוֹ וַיֹּאמֶר אֲלֵהֶם הֲלוֹא־אָמַרְתִּי אֲלֵיכֶם אַל־תֵּלֵכוּ ׃	, καὶ αὐτὸς ἐκάθητο ἐν Ἰερειχώ· καὶ εἶπεν Ἐλεισαῖε Οὐκ εἶπον πρὸς ὑμᾶς Μ.ὴ πορευθῆτε ;	et reversi sunt ad eum at ille habitabat in Hiericho dixitque eis numquid non dixi vobis nolite ire	Et reversi sunt ad eum: at ille habitabat in Jericho, et dixit eis: Numquid non dixi vobis: Nolite mittere?		And when they came again to him, (for he tarried at Jericho,) he said unto them, Did I not say unto you, Go not?
2Kgs	2	19	וַיֹּאמְרוּ אַנְשֵׁי הָעִיר אֶל־אֱלִישָׁע הִנֵּה־נָא מוֹשַׁב הָעִיר טוֹב כַּאֲשֶׁר אֲדֹנִי רֹאֶה וְהַמַּיִם רָעִים וְהָאָרֶץ מְשַׁכָּלֶת ׃	Καὶ εἶπον οἱ ἄνδρες τῆς πόλεως πρὸς Ἐλεισαῖε Ἰδοὺ ἡ κατοίκησις τῆς πόλεως ἀγαθή, καθὼς ὁ κύριος και βλέπει, καὶ τὰ ὕδατα πονηρὰ καὶ ἡ γῆ ἀτεκνουμένη.	dixerunt quoque viri civitatis ad Heliseum ecce habitatio civitatis huius optima est sicut tu ipse domine perspicis sed aquae pessimae sunt et terra sterilis	Dixerunt quoque viri civitatis ad Eliseum: Ecce habitatio civitatis hujus optima est, sicut tu ipse, domine, perspicis: sed aquæ pessimæ sunt, et terra sterilis.		And the men of the city said unto Elisha, Behold, I pray thee, the situation of this city is pleasant, as my lord seeth: but the water is naught, and the ground barren.
2Kgs	2	20	וַיֹּאמֶר קְחוּ־לִי צְלֹחִית חֲדָשָׁה וְשִׂימוּ שָׁם מֶלַח וַיִּקְחוּ אֵלָיו ׃	καὶ εἶπεν Ελεισαῖε λάβετέ μοι ὑδρίσκην καινὴν καὶ θέτε ἐκεῖ ἄλα· καὶ ἔλαβον πρὸς αὐτόν.	at ille ait adferte mihi vas novum et mittite in illud sal qui cum adtulissent	At ille ait: Afferte mihi vas novum, et mittite in illud sal. Quod cum attulissent,		And he said, Bring me a new cruse, and put salt therein. And they brought it to him.
2Kgs	2	21	וַיֵּצֵא אֶל־מוֹצָא הַמַּיִם וַיַּשְׁלֶךְ־שָׁם מֶלַח וַיֹּאמֶר כֹּה־אָמַר יְהוָה רִפִּאתִי לַמַּיִם הָאֵלֶּה לֹא־יִהְיֶה מִשָּׁם עוֹד מָוֶת וּמְשַׁכָּלֶת ׃	καὶ ἐξῆλθεν Ἐλεισαῖε εἰς τὴν διέξοδον τῶν ὑδάτων, καὶ ἔριψεν ἐκεῖ ἄλα καὶ εἶπεν Τάδε λέγει Κύριος Ἴαμαι τὰ ὕδατα ταῦτα· οὐκ ἔσται ἔτι ἐκεῖθεν θάνατος καὶ ἀτεκνουμένη.	egressus ad fontem aquarum misit in eum sal et ait haec dicit Dominus sanavi aquas has et non erit ultra in eis mors neque sterilitas	egressus ad fontem aquarum misit in illum sal, et ait: Hæc dicit Dominus: Sanavi aquas has, et non erit ultra in eis mors, neque sterilitas.		And he went forth unto the spring of the waters, and cast the salt in there, and said, Thus saith the Lord, I have healed these waters; there shall not be from thence any more death or barren land.
2Kgs	2	22	וַיֵּרָפוּ הַמַּיִם עַד הַיּוֹם הַזֶּה כִּדְבַר אֱלִישָׁע אֲשֶׁר דִּבֵּר ׃ פ	καὶ ἰάθησαν τὰ ὔδατα ἔως τῆς ἡμέρας ταύτης κατὰ τὸ ῥῆμα Ἐλεισαῖε ὄ ἐλάλησεν. σεν.	sanatae sunt ergo aquae usque ad diem hanc iuxta verbum Helisei quod locutus est	Sanatæ sunt ergo aquæ usque in diem hanc, juxta verbum Elisei quod locutus est.		So the waters were healed unto this day, according to the saying of Elisha which he spake.
2Kgs	2	23	וַיַּעַל מִשָּׁם בֵּית־אֵל וְהוּא עֹלֶה בַדֶּרֶךְ וּנְעָרִים קְטַנִּים יָצְאוּ מִן־הָעִיר וַיִּתְקַלְּסוּ־בוֹ וַיֹּאמְרוּ לוֹ עֲלֵה קֵרֵחַ עֲלֵה קֵרֵחַ ׃	Καὶ ἀνέβη ἐκεῖθεν εἰς Βαιθήλ· καὶ ἀναβαίνοντος αὐτοῦ ἐν τῇ ὁδῷ καὶ παιδάρια μικρὰ ἐξῆλθον ἐκ τῆς πόλεως καὶ κατέπαιζον αὐτοῦ καὶ εἰπον αὐτῷ Ἀνάβαινε, φαλακρέ, ἀνάβαινε.	ascendit autem inde Bethel cumque ascenderet per viam pueri parvi egressi sunt de civitate et inludebant ei dicentes ascende calve ascende calve	Ascendit autem inde in Bethel: cumque ascenderet per viam, pueri parvi egressi sunt de civitate, et illudebant ei, dicentes: Ascende calve, ascende calve.		And he went up from thence unto Bethel: and as he was going up by the way, there came forth little children out of the city, and mocked him, and said unto him, Go up, thou bald head; go up, thou bald head.
2Kgs	2	24	וַיִּפֶן אַחֲרָיו וַיִּרְאֵם וַיְקַלְלֵם בְּשֵׁם יְהוָה וַתֵּצֶאנָה שְׁתַּיִם דֻּבִּים מִן־הַיַּעַר וַתְּבַקַּעְנָה מֵהֶם אַרְבָּעִים וּשְׁנֵי יְלָדִים ׃	καὶ ἐξένευσεν ὀπίσω αὐτῶν καὶ εἶδεν αὐτά, καὶ κατηράσατο αὐτοῖς ἐν ὀνόματι Κυρίου· κα ἰδοὺ ἐξῆλθον δύο ἄρκοι ἐκ τοῦ δρυμοῦ καὶ ἀνέρρηξαν ἀπ’ αὐτῶν τεσσεράκοντα καὶ δύο παῖδας.	qui cum se respexisset vidit eos et maledixit eis in nomine Domini egressique sunt duo ursi de saltu et laceraverunt ex eis quadraginta duos pueros	Qui cum respexisset, vidit eos, et maledixit eis in nomine Domini: egressique sunt duo ursi de saltu, et laceraverunt ex eis quadraginta duos pueros.		And he turned back, and looked on them, and cursed them in the name of the Lord. And there came forth two she bears out of the wood, and tare forty and two children of them.
2Kgs	2	25	וַיֵּלֶךְ מִשָּׁם אֶל־הַר הַכַּרְמֶל וּמִשָּׁם שָׁב שֹׁמְרוֹן ׃ פ	καὶ ἐπορεύθη ἐκεῖθεν εἰς τὸ ὄρος τὸ Καρμηλιον, καὶ ἐκεῖθεν ἐπέστρεψεν εἰς Σαμάρειαν.	abiit autem inde in montem Carmeli et inde reversus est Samariam	Abiit autem inde in montem Carmeli, et inde reversus est in Samariam.		And he went from thence to mount Carmel, and from thence he returned to Samaria.
2Kgs	3	1	וִיהוֹרָם בֶּן־אַחְאָב מָלַךְ עַל־יִשְׂרָאֵל בְּשֹׁמְרוֹן בִּשְׁנַת שְׁמֹנֶה עֶשְׂרֵה לִיהוֹשָׁפָט מֶלֶךְ יְהוּדָה וַיִּמְלֹךְ שְׁתֵּים־עֶשְׂרֵה שָׁנָה ׃	Καὶ Ἰωρὰμ υἱὸς Ἀχαὰβ ἐβασίλευσεν ἐν Ἰσραὴλ ἐν ἔτει ὀκτωκαιδεκάτῳ Ἰωσαφὰθ βασιλεῖ Ἰούδα, καὶ ἐβασίλευσεν δώδεκα ἔτη.	Ioram vero filius Ahab regnavit super Israhel in Samaria anno octavodecimo Iosaphat regis Iudae regnavitque duodecim annis	Joram vero filius Achab regnavit super Israël in Samaria anno decimooctavo Josaphat regis Judæ: regnavitque duodecim annis.		Now Jehoram the son of Ahab began to reign over Israel in Samaria the eighteenth year of Jehoshaphat king of Judah, and reigned twelve years.
2Kgs	3	2	וַיַּעֲשֶׂה הָרַע בְּעֵינֵי יְהוָה רַק לֹא כְאָבִיו וּכְאִמּוֹ וַיָּסַר אֶת־מַצְּבַת הַבַּעַל אֲשֶׁר עָשָׂה אָבִיו ׃	καὶ ἐποίησεν τὸ πονηρὸν ἐν ὀφθαλμοῖς Κυρίου, πλὴν οὐχ ὡς ὁ πατὴρ αὐτοῦ καὶ οὐχ ὡς ἢ μήτηρ αὐτοῦ, καὶ μετέστησεν τὰς τοῦ Βάαλ ἃς ἐποίησεν ὁ πατὴρ αὐτοῦ·	et fecit malum coram Domino sed non sicut pater suus et mater tulit enim statuas Baal quas fecerat pater eius	Et fecit malum coram Domino, sed non sicut pater suus et mater: tulit enim statuas Baal quas fecerat pater ejus.		And he wrought evil in the sight of the Lord; but not like his father, and like his mother: for he put away the image of Baal that his father had made.
2Kgs	3	3	רַק בְּחַטֹּאות יָרָבְעָם בֶּן־נְבָט אֲשֶׁר־הֶחֱטִיא אֶת־יִשְׂרָאֵל דָּבֵק לֹא־סָר מִמֶּנָּה ׃ ס	πλὴν ἐν τῇ ἁμαρτίᾳ Ἰ βοὰμ υἱοῦ Ναβὰτ ὄς ἐξήμαρτεν τὸν Ἰσραὴλ ἐκολλήθη, οὐκ ἀπ’ αὐτῆς.	verumtamen in peccatis Hieroboam filii Nabath qui peccare fecit Israhel adhesit nec recessit ab eis	Verumtamen in peccatis Jeroboam filii Nabat, qui peccare fecit Israël, adhæsit, nec recessit ab eis.		Nevertheless he cleaved unto the sins of Jeroboam the son of Nebat, which made Israel to sin; he departed not therefrom.
2Kgs	3	4	וּמֵישַׁע מֶלֶךְ־מוֹאָב הָיָה נֹקֵד וְהֵשִׁיב לְמֶלֶךְ־יִשְׂרָאֵל מֵאָה־אֶלֶף כָּרִים וּמֵאָה אֶלֶף אֵילִים צָמֶר ׃	Καὶ Μωσὰ βασιλεὺς Μωὰβ ἦν νωκήθ, καὶ ἐπέστρεψεν τῷ βασιλεῖ Ἰσραὴλ ἐν τῇ ἐπαναστάσει ἑκατὸν χιλιάδας ἀρνῶν καὶ ἑκατὸν χιλιάδας κριῶν ἐπιπόκων.	porro Mesa rex Moab nutriebat pecora multa et solvebat regi Israhel centum milia agnorum et centum milia arietum cum velleribus suis	Porro Mesa rex Moab nutriebat pecora multa, et solvebat regi Israël centum millia agnorum, et centum millia arietum cum velleribus suis.		And Mesha king of Moab was a sheepmaster, and rendered unto the king of Israel an hundred thousand lambs, and an hundred thousand rams, with the wool.
2Kgs	3	5	וַיְהִי כְּמוֹת אַחְאָב וַיִּפְשַׁע מֶלֶךְ־מוֹאָב בְּמֶלֶךְ יִשְׂרָאֵל ׃	καὶ ἐγένετο μετὰ τὸ ἀποθανεῖν Ἀχαὰβ καὶ ἠθέτησεν βασιλεὺς Μωὰβ ἐν βασιλεῖ Ἰσραήλ.	cumque mortuus fuisset Ahab praevaricatus est foedus quod habebat cum rege Israhel	Cumque mortuus fuisset Achab, prævaricatus est fœdus quod habebat cum rege Israël.		But it came to pass, when Ahab was dead, that the king of Moab rebelled against the king of Israel.
2Kgs	3	6	וַיֵּצֵא הַמֶּלֶךְ יְהוֹרָם בַּיּוֹם הַהוּא מִשֹּׁמְרוֹן וַיִּפְקֹד אֶת־כָּל־יִשְׂרָאֵל ׃	καὶ ἐξῆλθεν ὁ βασιλεὺς Ἰωρὰμ ἐν τῇ ἡμέρα ἐκείνη ἐκ Σαμαρείας καὶ ἐπεσκέψατο τὸν Ἰσραήλ·	egressus est igitur rex Ioram in die illa de Samaria et recensuit universum Israhel	Egressus est igitur rex Joram in die illa de Samaria, et recensuit universum Israël.		And king Jehoram went out of Samaria the same time, and numbered all Israel.
2Kgs	3	7	וַיֵּלֶךְ וַיִּשְׁלַח אֶל־יְהוֹשָׁפָט מֶלֶךְ־יְהוּדָה לֵאמֹר מֶלֶךְ מוֹאָב פָּשַׁע בִּי הֲתֵלֵךְ אִתִּי אֶל־מוֹאָב לַמִּלְחָמָה וַיֹּאמֶר אֶעֱלֶה כָּמוֹנִי כָמוֹךָ כְּעַמִּי כְעַמֶּךָ כְּסוּסַי כְּסוּסֶיךָ ׃	καὶ ἐπορεύθη καὶ ἐξαπέστειλεν πρὸς Ἰωσαφὰθ βασιλέα Ἰούδα λέγων Βασιλεὺς Μωὰβ ἠθέτησεν ἐν ἐμοί. εἰ πορεύσῃ μετ’ ἐμοῦ εἰς Μωὰβ εἰς πόλεμον; καὶ εἶπεν Ἀναβήσομαι· ὄμοιός μοι ὄμοιός σοι, ὡς ὁ λαός μου ὁ λαός σου, ὡς οἱ ἵπποι μου οἱ .ἴπποι σου.	misitque ad Iosaphat regem Iuda dicens rex Moab recessit a me veni mecum contra Moab ad proelium qui respondit ascendam qui meus est tuus est populus meus populus tuus equi mei equi tui	Misitque ad Josaphat regem Juda, dicens: Rex Moab recessit a me: veni mecum contra eum ad prælium. Qui respondit: Ascendam: qui meus est, tuus est: populus meus, populus tuus, et equi mei, equi tui.		And he went and sent to Jehoshaphat the king of Judah, saying, The king of Moab hath rebelled against me: wilt thou go with me against Moab to battle? And he said, I will go up: I am as thou art, my people as thy people, and my horses as thy horses.
2Kgs	3	8	וַיֹּאמֶר אֵי־זֶה הַדֶּרֶךְ נַעֲלֶה וַיֹּאמֶר דֶּרֶךְ מִדְבַּר אֱדוֹם ׃	καὶ εἶπεν Ποίᾳ ὁδῷ ἀναβῶ ; καὶ εἶπεν Ὁδὸν ἔρημον Ἐδωμ.	dixitque per quam viam ascendemus at ille respondit per desertum Idumeae	Dixitque: Per quam viam ascendemus? At ille respondit: Per desertum Idumææ.		And he said, Which way shall we go up? And he answered, The way through the wilderness of Edom.
2Kgs	3	9	וַיֵּלֶךְ מֶלֶךְ יִשְׂרָאֵל וּמֶלֶךְ־יְהוּדָה וּמֶלֶךְ אֱדוֹם וַיָּסֹבּוּ דֶּרֶךְ שִׁבְעַת יָמִים וְלֹא־הָיָה מַיִם לַמַּחֲנֶה וְלַבְּהֵמָה אֲשֶׁר בְּרַגְלֵיהֶם ׃	καὶ ἐπορεύθη ὁ βασιλεὺς Ἰσραὴλ καὶ ὁ βασιλεὺς Ἰούδα καὶ βασιλεὺς ’Eδώμ, καὶ ἐκύκλωσαν ὁδὸν ἑπτὰ ἡμερῶν· καὶ οὐκ ἢν ὕδωρ τῇ παρεμβολῇ καὶ τοῖς κτήνεσιν τοῖς ἐν τοῖς ποσὶν αὐτῶν	perrexerunt igitur rex Israhel et rex Iuda et rex Edom et circumierunt per viam septem dierum nec erat aqua exercitui et iumentis quae sequebantur eos	Perrexerunt igitur rex Israël, et rex Juda, et rex Edom, et circuierunt per viam septem dierum, nec erat aqua exercitui et jumentis quæ sequebantur eos.		So the king of Israel went, and the king of Judah, and the king of Edom: and they fetched a compass of seven days' journey: and there was no water for the host, and for the cattle that followed them.
2Kgs	3	10	וַיֹּאמֶר מֶלֶךְ יִשְׂרָאֵל אֲהָהּ כִּי־קָרָא יְהוָה לִשְׁלֹשֶׁת הַמְּלָכִים הָאֵלֶּה לָתֵת אוֹתָם בְּיַד־מוֹאָב ׃	καὶ εἶπεν βασιλεὺς Ἰσραήλ Ὤ, ὅτι κέκληκεν Κύριος τοὺς τρεῖς βασιλεῖς παρερχομένους δοῦναι αὐτοὺς ἐν χειρὶ Μάβ.	dixitque rex Israhel eheu eheu eheu congregavit nos Dominus tres reges ut traderet in manu Moab	Dixitque rex Israël: Heu! heu! heu! congregavit nos Dominus tres reges ut traderet in manus Moab.		And the king of Israel said, Alas! that the Lord hath called these three kings together, to deliver them into the hand of Moab!
2Kgs	3	11	וַיֹּאמֶר יְהוֹשָׁפָט הַאֵין פֹּה נָבִיא לַיהוָה וְנִדְרְשָׁה אֶת־יְהוָה מֵאוֹתוֹ וַיַּעַן אֶחָד מֵעַבְדֵי מֶלֶךְ־יִשְׂרָאֵל וַיֹּאמֶר פֹּה אֱלִישָׁע בֶּן־שָׁפָט אֲשֶׁר־יָצַק מַיִם עַל־יְדֵי אֵלִיָּהוּ ׃	καὶ εἶπεν Ἰωσαφάθ Οὐκ έστιν ὦδε προφήτης τοῦ κυρίου καὶ ἐπιζητήσομεν τὸν κύριον παρ’ αὐτοῦ; καὶ ἀπεκρίθη εἷς τῶν παίδων βασιλέως Ἰσραὴλ καὶ εἶπεν Ὦδε Ἐλεισαῖε υἱὸς Ἰωσαφάθ, ὅς ἐπέχεεν ὕδωρ ἐπὶ χεῖρας Ἠλειού.	et ait Iosaphat estne hic propheta Domini ut deprecemur Dominum per eum et respondit unus de servis regis Israhel est hic Heliseus filius Saphat qui fundebat aquam super manus Heliae	Et ait Josaphat: Estne hic propheta Domini, ut deprecemur Dominum per eum? Et respondit unus de servis regis Israël: Est hic Eliseus filius Saphat, qui fundebat aquam super manus Eliæ.		But Jehoshaphat said, Is there not here a prophet of the Lord, that we may enquire of the Lord by him? And one of the king of Israel's servants answered and said, Here is Elisha the son of Shaphat, which poured water on the hands of Elijah.
2Kgs	3	12	וַיֹּאמֶר יְהוֹשָׁפָט יֵשׁ אוֹתוֹ דְּבַר־יְהוָה וַיֵּרְדוּ אֵלָיו מֶלֶךְ יִשְׂרָאֵל וִיהוֹשָׁפָט וּמֶלֶךְ אֱדוֹם ׃	καὶ εἶπεν Ἰωσαφάθ Ἔστιν αὐτῷ ῥῆμα· καὶ κατέβη πρὸς αὐτὸν βασιλεὺς Ἰσραὴλ καὶ Ἰωσαφὰθ βασιλεὺς Ἰούδα καὶ βασιλεὺς Ἐδώμ.	et ait Iosaphat est apud eum sermo Domini descenditque ad eum rex Israhel et Iosaphat et rex Edom	Et ait Josaphat: Est apud eum sermo Domini. Descenditque ad eum rex Israël, et Josaphat rex Juda, et rex Edom.		And Jehoshaphat said, The word of the Lord is with him. So the king of Israel and Jehoshaphat and the king of Edom went down to him.
2Kgs	3	13	וַיֹּאמֶר אֱלִישָׁע אֶל־מֶלֶךְ יִשְׂרָאֵל מַה־לִּי וָלָךְ לֵךְ אֶל־נְבִיאֵי אָבִיךָ וְאֶל־נְבִיאֵי אִמֶּךָ וַיֹּאמֶר לוֹ מֶלֶךְ יִשְׂרָאֵל אַל כִּי־קָרָא יְהוָה לִשְׁלֹשֶׁת הַמְּלָכִים הָאֵלֶּה לָתֵת אוֹתָם בְּיַד־מוֹאָב ׃	καὶ εἶπεν Ἐλεισαῖε πρὸς βασιλέα Ἰσραήλ Τί ἐμοὶ καὶ σοί; δεῦρο πρὸς τοὺς προφήτας τοῦ πατρός σου. καὶ εἶπεν αὐτῷ ὁ βασιλεὺς Ἰσραήλ Μή, ὄτι κέκληκεν κύριος τοὺς τρεῖς τοῦ παραδοῦναι αὐτοὺς εἰς χεῖρας Μωάβ.	dixit autem Heliseus ad regem Israhel quid mihi et tibi est vade ad prophetas patris tui et matris tuae et ait illi rex Israhel quare congregavit Dominus tres reges hos ut traderet eos in manu Moab	Dixit autem Eliseus ad regem Israël: Quid mihi et tibi est? vade ad prophetas patris tui et matris tuæ. Et ait illi rex Israël: Quare congregavit Dominus tres reges hos ut traderet eos in manus Moab?		And Elisha said unto the king of Israel, What have I to do with thee? get thee to the prophets of thy father, and to the prophets of thy mother. And the king of Israel said unto him, Nay: for the Lord hath called these three kings together, to deliver them into the hand of Moab.
2Kgs	3	14	וַיֹּאמֶר אֱלִישָׁע חַי־יְהוָה צְבָאוֹת אֲשֶׁר עָמַדְתִּי לְפָנָיו כִּי לוּלֵי פְּנֵי יְהוֹשָׁפָט מֶלֶךְ־יְהוּדָה אֲנִי נֹשֵׂא אִם־אַבִּיט אֵלֶיךָ וְאִם־אֶרְאֶךָּ ׃	καὶ εἶπεν ’ ἡ Κύριος τῶν δυνάμεων ᾦ παρέστην ἐνώπιον αὐτοῦ, ὅτι εἰ πρόσωπον Ἰωσαφὰθ βασιλέως Ἰούδα ἐγὼ λαμβάνω, ἦ ἐπέβλεψα πρὸς σὲ καὶ εἶδόν σε·	dixit autem Heliseus vivit Dominus exercituum in cuius conspectu sto quod si non vultum Iosaphat regis Iudae erubescerem ne adtendissem quidem te nec respexissem	Dixitque ad eum Eliseus: Vivit Dominus exercituum, in cujus conspectu sto, quod si non vultum Josaphat regis Judæ erubescerem, non attendissem quidem te, nec respexissem.		And Elisha said, As the Lord of hosts liveth, before whom I stand, surely, were it not that I regard the presence of Jehoshaphat the king of Judah, I would not look toward thee, nor see thee.
2Kgs	3	15	וְעַתָּה קְחוּ־לִי מְנַגֵּן וְהָיָה כְּנַגֵּן הַמְנַגֵּן וַתְּהִי עָלָיו יַד־יְהוָה ׃	καὶ νῦν λάβε μοι ψάλλοντα. καὶ ἐγένετο ὡς ἔψαλλεν ὁ ψάλλων, καὶ ἐγένετο ἐπ’ αὐτὸν χεὶρ Κυρίου·	nunc autem adducite mihi psalten cumque caneret psaltes facta est super eum manus Domini et ait	Nunc autem adducite mihi psaltem. Cumque caneret psaltes, facta est super eum manus Domini, et ait:		But now bring me a minstrel. And it came to pass, when the minstrel played, that the hand of the Lord came upon him.
2Kgs	3	16	וַיֹּאמֶר כֹּה אָמַר יְהוָה עָשֹׂה הַנַּחַל הַזֶּה גֵּבִים גֵּבִים ׃	καὶ εἶπεν Τάδε λέγει Κύριος Ποιήσατε τὸν χειμάρρουν τοῦτον βοθύνους	haec dicit Dominus facite alveum torrentis huius fossas et fossas	Hæc dicit Dominus: Facite alveum torrentis hujus fossas et fossas.		And he said, Thus saith the Lord, Make this valley full of ditches.
2Kgs	3	17	כִּי־כֹה אָמַר יְהוָה לֹא־תִרְאוּ רוּחַ וְלֹא־תִרְאוּ גֶשֶׁם וְהַנַּחַל הַהוּא יִמָּלֵא מָיִם וּשְׁתִיתֶם אַתֶּם וּמִקְנֵיכֶם וּבְהֶמְתְּכֶם ׃	ὄτι τάδε λέγει Κύριος Οὐκ ὄψεσθε πνεῦμα καὶ οὐκ ὄψεσθε ὑετόν, καὶ ὁ χειμάρρους οὖτος πλησθήσεται ὕδατος, καὶ πίεσθε ὑμεῖς καὶ αἱ κτήσεις ὑμῶν κοὶ τὰ κτήνη ὑμῶν.	haec enim dicit Dominus non videbitis ventum neque pluviam et alveus iste replebitur aquis et bibetis vos et familiae vestrae et iumenta vestra	Hæc enim dicit Dominus: Non videbitis ventum, neque pluviam: et alveus iste replebitur aquis, et bibetis vos, et familiæ vestræ, et jumenta vestra.		For thus saith the Lord, Ye shall not see wind, neither shall ye see rain; yet that valley shall be filled with water, that ye may drink, both ye, and your cattle, and your beasts.
2Kgs	3	18	וְנָקַל זֹאת בְּעֵינֵי יְהוָה וְנָתַן אֶת־מוֹאָב בְּיֶדְכֶם ׃	καὶ κοῦφος καὶ αὕτη ἐν ὀφθαλμοῖς Κυρίου· καὶ παραδώσω τὴν Μωὰβ ἐν χειρὶ	parumque hoc est in conspectu Domini insuper tradet etiam Moab in manu vestra	Parumque est hoc in conspectu Domini: insuper tradet etiam Moab in manus vestras.		And this is but a light thing in the sight of the Lord: he will deliver the Moabites also into your hand.
2Kgs	3	19	וְהִכִּיתֶם כָּל־עִיר מִבְצָר וְכָל־עִיר מִבְחוֹר וְכָל־עֵץ טוֹב תַּפִּילוּ וְכָל־מַעְיְנֵי־מַיִם תִּסְתֹּמוּ וְכֹל הַחֶלְקָה הַטּוֹבָה תַּכְאִבוּ בָּאֲבָנִים ׃	καὶ πατάξετε πᾶσαν πόλιν ὀχυράν, καὶ πᾶν ξύλον ἀγαθὸν καὶ πάσας πηγὰς ὕδατος ἐμφράξατε, καὶ πᾶσαν μερίδα ἀγαθὴν ἐν λίθοις.	et percutietis omnem civitatem munitam et omnem urbem electam et universum lignum fructiferum succidetis cunctosque fontes aquarum obturabitis et omnem agrum egregium operietis lapidibus	Et percutietis omnem civitatem munitam, et omnem urbem electam, et universum lignum fructiferum succidetis, cunctosque fontes aquarum obturabitis, et omnem agrum egregium operietis lapidibus.		And ye shall smite every fenced city, and every choice city, and shall fell every good tree, and stop all wells of water, and mar every good piece of land with stones.
2Kgs	3	20	וַיְהִי בַבֹּקֶר כַּעֲלוֹת הַמִּנְחָה וְהִנֵּה־מַיִם בָּאִים מִדֶּרֶךְ אֱדוֹם וַתִּמָּלֵא הָאָרֶץ אֶת־הַמָּיִם ׃	καὶ ἐγένετο τὸ πρωὶ ἀναβαινούσης τῆς καὶ ἰδοὺ ὕδατα ἥρχοντο ἐξ ὁδοῦ Ἐδώμ, καὶ ἐπλήσθη ἡ γῆ	factum est igitur mane quando sacrificium offerri solet et ecce aquae veniebant per viam Edom et repleta est terra aquis	Factum est igitur mane, quando sacrificium offerri solet, et ecce aquæ veniebant per viam Edom, et repleta est terra aquis.		And it came to pass in the morning, when the meat offering was offered, that, behold, there came water by the way of Edom, and the country was filled with water.
2Kgs	3	21	וְכָל־מוֹאָב שָׁמְעוּ כִּי־עָלוּ הַמְּלָכִים לְהִלָּחֶם בָּם וַיִּצָּעֲקוּ מִכֹּל חֹגֵר חֲגֹרָה וָמַעְלָה וַיַּעַמְדוּ עַל־הַגְּבוּל ׃	καὶ πᾶσα Μωὰβ ἤκουσαν ὅτι ἀνέβησαν οἱ βασιλεῖς πολεαὐτούς· καὶ ἀνεβόησαν ἐ·κ παντὸς περιεζωσμένοι ζώνην καὶ Ὥ· καὶ ἔστησαν ἐπὶ τοῦ ὁρίου.	universi autem Moabitae audientes quod ascendissent reges ut pugnarent adversum eos convocaverunt omnes qui accincti erant balteo desuper et steterunt in terminis	Universi autem Moabitæ audientes quod ascendissent reges ut pugnarent adversum eos, convocaverunt omnes qui accincti erant balteo desuper, et steterunt in terminis.		And when all the Moabites heard that the kings were come up to fight against them, they gathered all that were able to put on armour, and upward, and stood in the border.
2Kgs	3	22	וַיַּשְׁכִּימוּ בַבֹּקֶר וְהַשֶּׁמֶשׁ זָרְחָה עַל־הַמָּיִם וַיִּרְאוּ מוֹאָב מִנֶּגֶד אֶת־הַמַּיִם אֲדֻמִּים כַּדָּם ׃	καὶ ὤρθρισαν τὸ πρωί, καὶ ὁ ἥλιος ἀνέτειλεν ἐπὶ τὰ ὕδατα· καὶ εἶδεν Μωὰβ ἐξ ἐναντίας τὰ ὕδατα πυρρὰ ὡσεὶ αἷμα,	primoque mane surgentes et orto iam sole ex adverso aquarum viderunt Moabitae contra aquas rubras quasi sanguinem	Primoque mane surgentes, et orto jam sole ex adverso aquarum, viderunt Moabitæ e contra aquas rubras quasi sanguinem,		And they rose up early in the morning, and the sun shone upon the water, and the Moabites saw the water on the other side as red as blood:
2Kgs	3	23	וַיֹּאמְרוּ דָּם זֶה הָחֳרֵב נֶחֶרְבוּ הַמְּלָכִים וַיַּכּוּ אִישׁ אֶת־רֵעֵהוּ וְעַתָּה לַשָּׁלָל מוֹאָב ׃	καὶ εἶπαν Αἷμα τοῦτο τῆς ῥομφαίας· οἱ βασιλεῖς, καὶ ἐπάταξεν ἀνὴρ τὸν πλησίον αὐτοῦ· καὶ νῦν ἐπὶ τὰ σκῦλα, Μωάβ.	dixeruntque sanguis est gladii pugnaverunt reges contra se et caesi sunt mutuo nunc perge ad praedam Moab	dixeruntque: Sanguis gladii est: pugnaverunt reges contra se, et cæsi sunt mutuo: nunc perge ad prædam, Moab.		And they said, This is blood: the kings are surely slain, and they have smitten one another: now therefore, Moab, to the spoil.
2Kgs	3	24	וַיָּבֹאוּ אֶל־מַחֲנֵה יִשְׂרָאֵל וַיָּקֻמוּ יִשְׂרָאֵל וַיַּכּוּ אֶת־מוֹאָב וַיָּנֻסוּ מִפְּנֵיהֶם וַיַּבּוּ־בָהּ וְהַכּוֹת אֶת־מוֹאָב ׃	καὶ Ισραήλ· καὶ Ἰσραὴλ ἀνέστησαν καὶ ἐπάταξαν τὴν Μωάβ, καὶ ἔφυγον ἀπὸ προσώπου αὐτλῶν. καὶ εἰσῆλθον εἰσπορευόμενοι καὶ τύπτοντες τὴν Μωάβ,	perrexeruntque in castra Israhel porro consurgens Israhel percussit Moab at illi fugerunt coram eis venerunt igitur qui vicerant et percusserunt Moab	Perrexeruntque in castra Israël: porro consurgens Israël, percussit Moab: at illi fugerunt coram eis. Venerunt igitur qui vicerant, et percusserunt Moab,		And when they came to the camp of Israel, the Israelites rose up and smote the Moabites, so that they fled before them: but they went forward smiting the Moabites, even in their country.
2Kgs	3	25	וְהֶעָרִים יַהֲרֹסוּ וְכָל־חֶלְקָה טוֹבָה יַשְׁלִיכוּ אִישׁ־אַבְנוֹ וּמִלְאוּהָ וְכָל־מַעְיַן־מַיִם יִסְתֹּמוּ וְכָל־עֵץ־טוֹב יַפִּילוּ עַד־הִשְׁאִיר אֲבָנֶיהָ בַּקִּיר חֲרָשֶׂת וַיָּסֹבּוּ הַקַּלָּעִים וַיַּכּוּהָ ׃	καὶ τὰς πόλεις καθεῖλον· καὶ πᾶσαν μερίδα ἀγαθήν, ἔρριψαν ἀνὴρ τὸν λίθον καὶ ἐνέπλησαν αὐτήν, καὶ πᾶσαν πηγὴν ἐνέφραξαν, καὶ πᾶν ξύλον ἀγαθὸν κατέβαλον ἕως τοῦ καταλιπεῖν τοὺς λίθους τοῦ τοίχου καθῃρημένους· καὶ ἐκύκλευσαν οἱ σφενδονῆται καὶ ἐπάταξαν αὐτήν.	et civitates destruxerunt et omnem agrum optimum mittentes singuli lapides repleverunt et universos fontes aquarum obturaverunt et omnia ligna fructifera succiderunt ita ut muri tantum fictiles remanerent et circumdata est civitas a fundibalariis et magna ex parte percussa	et civitates destruxerunt: et omnem agrum optimum, mittentes singuli lapides, repleverunt: et universos fontes aquarum obturaverunt: et omnia ligna fructifera succiderunt, ita ut muri tantum fictiles remanerent: et circumdata est civitas a fundibulariis, et magna ex parte percussa.		And they beat down the cities, and on every good piece of land cast every man his stone, and filled it; and they stopped all the wells of water, and felled all the good trees: only in Kirharaseth left they the stones thereof; howbeit the slingers went about it, and smote it.
2Kgs	3	26	וַיַּרְא מֶלֶךְ מוֹאָב כִּי־חָזַק מִמֶּנּוּ הַמִּלְחָמָה וַיִּקַּח אוֹתוֹ שְׁבַע־מֵאוֹת אִישׁ שֹׁלֵף חֶרֶב לְהַבְקִיעַ אֶל־מֶלֶךְ אֱדוֹם וְלֹא יָכֹלוּ ׃	καὶ εἶδεν ὁ βασιλεὺς Μωὰβ ὅτι ἐκραταίωσεν ὑπὲρ αὐτὸν ὁ πόλεμος, καὶ ἔλαβεν μεθ’ ἑαυτοῦ ἑπτακοσίους ἄνδρας ἐσπασμένους ῥομφαίαν διακόψαι πρὸς βασιλέα Ἐδώμ· καὶ οὐκ ἠδυνήθησαν. θησαν.	quod cum vidisset rex Moab praevaluisse scilicet hostes tulit secum septingentos viros educentes gladium ut inrumperet ad regem Edom et non potuerunt	Quod cum vidisset rex Moab, prævaluisse scilicet hostes, tulit secum septingentos viros educentes gladium, ut irrumperent ad regem Edom: et non potuerunt.		And when the king of Moab saw that the battle was too sore for him, he took with him seven hundred men that drew swords, to break through even unto the king of Edom: but they could not.
2Kgs	3	27	וַיִּקַּח אֶת־בְּנוֹ הַבְּכוֹר אֲשֶׁר־יִמְלֹךְ תַּחְתָּיו וַיַּעֲלֵהוּ עֹלָה עַל־הַחֹמָה וַיְהִי קֶצֶף־גָּדוֹל עַל־יִשְׂרָאֵל וַיִּסְעוּ מֵעָלָיו וַיָּשֻׁבוּ לָאָרֶץ ׃ פ	καὶ ἔλαβεν τὸν υἱὸν αὐτοῦ τὸν πρωτότοκον, ὃς ἐβασίλευσεν ἀντ’ αὐτοῦ, καὶ ἀνήνεγκεν αὐτὸν ὁλοκαύτωμα ἐπὶ τοῦ τείχους· καὶ ἐγένετο μετάμελος μέγας ἐπὶ Ἰσραήλ. καὶ ἀπῆραν ἀπ’ αὐτοῦ καὶ ἐπέστρεψαν εἰς τὴν γῆν.	arripiensque filium suum primogenitum qui regnaturus erat pro eo obtulit holocaustum super murum et facta est indignatio magna in Israhel statimque recesserunt ab eo et reversi sunt in terram suam	Arripiensque filium suum primogenitum, qui regnaturus erat pro eo, obtulit holocaustum super murum: et facta est indignatio magna in Israël, statimque recesserunt ab eo, et reversi sunt in terram suam.		Then he took his eldest son that should have reigned in his stead, and offered him for a burnt offering upon the wall. And there was great indignation against Israel: and they departed from him, and returned to their own land.
2Kgs	4	1	וְאִשָּׁה אַחַת מִנְּשֵׁי בְנֵי־הַנְּבִיאִים צָעֲקָה אֶל־אֱלִישָׁע לֵאמֹר עַבְדְּךָ אִישִׁי מֵת וְאַתָּה יָדַעְתָּ כִּי עַבְדְּךָ הָיָה יָרֵא אֶת־יְהוָה וְהַנֹּשֶׁה בָּא לָקַחַת אֶת־שְׁנֵי יְלָדַי לוֹ לַעֲבָדִים ׃	Καὶ γυνὴ μία ἀπὸ τῶν υἱῶν τῶν προφητῶν ἐβόα πρὸς Ἐλεισαῖς λέγουσα Ὁ δοῦλός σου ὁ ἀνήρ μου ἀπέθανεν, καὶ σὺ ἔγνως ὅτι δοῦλος ἦν φοβούμενος τὸν κύριον· καὶ ὁ δανειστὴς ἦλθε λαβεῖν τοὺς δύο υἱούς μου ἑαυτῷ εἰς δούλους.	mulier autem quaedam de uxoribus prophetarum clamabat ad Heliseum dicens servus tuus vir meus mortuus est et tu nosti quia servus tuus fuit timens Dominum et ecce creditor venit ut tollat duos filios meos ad serviendum sibi	Mulier autem quædam de uxoribus prophetarum clamabat ad Eliseum, dicens: Servus tuus vir meus mortuus est, et tu nosti quia servus tuus fuit timens Dominum: et ecce creditor venit ut tollat duos filios meos ad serviendum sibi.		Now there cried a certain woman of the wives of the sons of the prophets unto Elisha, saying, Thy servant my husband is dead; and thou knowest that thy servant did fear the Lord: and the creditor is come to take unto him my two sons to be bondmen.
2Kgs	4	2	וַיֹּאמֶר אֵלֶיהָ אֱלִישָׁע מָה אֶעֱשֶׂה־לָּךְ הַגִּידִי לִי מַה־יֶּשׁ־לְכִי בַּבָּיִת וַתֹּאמֶר אֵין לְשִׁפְחָתְךָ כֹל בַּבַּיִת כִּי אִם־אָסוּךְ שָׁמֶן ׃	καὶ εἶπεν Ἐλεισαῖε Τί ποιήσω σοι ; τί ἔστιν σοι ἐν τῷ οἴκῳ ; ἡ · δὲ εἶπεν Οὐκ έστιν τῇ δούλη σου οὐθὲν ὄτι ἁλλ’ ἢ ὃ ἀλείψομαι ἔλαιον.	cui dixit Heliseus quid vis ut faciam tibi dic mihi quid habes in domo tua at illa respondit non habeo ancilla tua quicquam in domo mea nisi parum olei quo unguear	Cui dixit Eliseus: Quid vis ut faciam tibi? dic mihi, quid habes in domo tua? At illa respondit: Non habeo ancilla tua quidquam in domo mea, nisi parum olei quo ungar.		And Elisha said unto her, What shall I do for thee? tell me, what hast thou in the house? And she said, Thine handmaid hath not any thing in the house, save a pot of oil.
2Kgs	4	3	וַיֹּאמֶר לְכִי שַׁאֲלִי־לָךְ כֵּלִים מִן־הַחוּץ מֵאֵת כָּל־שִׁכְנָכֵי כֵּלִים רֵקִים אַל־תַּמְעִיטִי ׃	καὶ εἶπεν πρὸς αὐτήν Δεῦρο αἴτησον σαυτῇ σκεύη ἔξωθεν παρὰ πάντων τῶν γειτόνων, σκεύη κενά· μὴ ὀλιγώσῃς.	cui ait vade pete mutuo ab omnibus vicinis tuis vasa vacua non pauca	Cui ait: Vade, pete mutuo ab omnibus vicinis tuis vasa vacua non pauca,		Then he said, Go, borrow thee vessels abroad of all thy neighbours, even empty vessels; borrow not a few.
2Kgs	4	4	וּבָאת וְסָגַרְתְּ הַדֶּלֶת בַּעֲדֵךְ וּבְעַד־בָּנַיִךְ וְיָצַקְתְּ עַל כָּל־הַכֵּלִים הָאֵלֶּה וְהַמָּלֵא תַּסִּיעִי ׃	καὶ εἰσελεύσῃ καὶ ἀποκλείσεις τὴν θύραν κατὰ σοῦ καὶ κατὰ τῶν υἱῶν σου, καὶ ἀποχεεῖς εἰς τὰ σκεύη ταῦτα· καὶ τὸ πληρωθὲν ἀρεῖς.	et ingredere et claude ostium cum intrinsecus fueris tu et filii tui et mitte inde in omnia vasa haec et cum plena fuerint tolles	et ingredere, et claude ostium tuum cum intrinsecus fueris tu, et filii tui: et mitte inde in omnia vasa hæc, et cum plena fuerint, tolles.		And when thou art come in, thou shalt shut the door upon thee and upon thy sons, and shalt pour out into all those vessels, and thou shalt set aside that which is full.
2Kgs	4	5	וַתֵּלֶךְ מֵאִתּוֹ וַתִּסְגֹּר הַדֶּלֶת בַּעֲדָהּ וּבְעַד בָּנֶיהָ הֵם מַגִּשִׁים אֵלֶיהָ וְהִיא מֵיצָקֶת ׃	καὶ ἀπῆλθεν παρ’ αὐτοῦ, καὶ ἀπέκλεισεν τὴν θύραν κατ’ αὐτῆς καὶ κατὰ τῶν υἱῶν αὐτοὶ προσήγγιζον πρὸς αὐτήν, καὶ αὐτὴ ἐπέχεεν ἔως ἐπλήσθησ τὰ σκεύη.	ivit itaque mulier et clusit ostium super se et super filios suos illi offerebant vasa et illa infundebat	Ivit itaque mulier, et clausit ostium super se, et super filios suos: illi offerebant vasa, et illa infundebat.		So she went from him, and shut the door upon her and upon her sons, who brought the vessels to her; and she poured out.
2Kgs	4	6	וַיְהִי כִּמְלֹאת הַכֵּלִים וַתֹּאמֶר אֶל־בְּנָהּ הַגִּישָׁה אֵלַי עוֹד כֶּלִי וַיֹּאמֶר אֵלֶיהָ אֵין עוֹד כֶּלִי וַיַּעֲמֹד הַשָּׁמֶן ׃	καὶ εἶπεν πρὸς τοὺς υἱοὺς αὐτῆς Ἐγγίσατε ἔτι πρὸς τὸ σκεῦος. καὶ εἶπον αὐτῇ Οὐκ ἔστιν ἔτι σκεῦος· καὶ ἔστη τὸ	cumque plena fuissent vasa dixit ad filium suum adfer mihi adhuc vas et ille respondit non habeo stetitque oleum	Cumque plena fuissent vasa, dixit ad filium suum: Affer mihi adhuc vas. Et ille respondit: Non habeo. Stetitque oleum.		And it came to pass, when the vessels were full, that she said unto her son, Bring me yet a vessel. And he said unto her, There is not a vessel more. And the oil stayed.
2Kgs	4	7	וַתָּבֹא וַתַּגֵּד לְאִישׁ הָאֱלֹהִים וַיֹּאמֶר לְכִי מִכְרִי אֶת־הַשֶּׁמֶן וְשַׁלְּמִי אֶת־נִשְׁיֵכְי וְאַתְּ ֻבָנַיִכְי תִחְיִי בַּנּוֹתָר ׃ פ	καὶ ἦλθεν καὶ ἀπήγγειλεν τῷ ἀνθρώπῳ τοῦ θεοῦ· καὶ εἶπεν Ἐλεισαῖε Δεῦρο καὶ ἀπόδου τὸ ἔλαιον καὶ ἀποτίσεις τοὺς τόκους σου, καὶ σὺ καὶ οἱ υἱοί σου ζήσεσθε ἐν τῷ ἐπιλοίπῳ ἐλαίῳ.	venit autem illa et indicavit homini Dei et ille vade inquit vende oleum et redde creditori tuo tu autem et filii tui vivite de reliquo	Venit autem illa, et indicavit homini Dei. Et ille: Vade, inquit, vende oleum, et redde creditori tuo: tu autem, et filii tui vivite de reliquo.		Then she came and told the man of God. And he said, Go, sell the oil, and pay thy debt, and live thou and thy children of the rest.
2Kgs	4	8	וַיְהִי הַיּוֹם וַיַּעֲבֹר אֱלִישָׁע אֶל־שׁוּנֵם וְשָׁם אִשָּׁה גְדוֹלָה וַתַּחֲזֶק־בּוֹ לֶאֱכָל־לָחֶם וַיְהִי מִדֵּי עָבְרוֹ יָסֻר שָׁמָּה לֶאֱכָל־לָחֶם ׃	Καὶ ἐγένετο ἡμέρα καὶ διέβη Ἐλεισαῖε εἰς Σουμάν, καὶ ἐκεῖ γυνὴ μεγάλη καὶ ἐκράτησεν αὐτὸν φαγεῖν ἄρτον· καὶ ἐγένετο ἀφ’ ἱκανοῦ τοῦ εἰσπορεύεσθαι αὐτὸν ἐξέκλινεν τοῦ ἐκεῖ φαγεῖν.	facta est autem quaedam dies et transiebat Heliseus per Sunam erat autem ibi mulier magna quae tenuit eum ut comederet panem cumque frequenter inde transiret devertebat ad eam ut comederet panem	Facta est autem quædam dies, et transibat Eliseus per Sunam: erat autem ibi mulier magna, quæ tenuit eum ut comederet panem: cumque frequenter inde transiret, divertebat ad eam ut comederet panem.		And it fell on a day, that Elisha passed to Shunem, where was a great woman; and she constrained him to eat bread. And so it was, that as oft as he passed by, he turned in thither to eat bread.
2Kgs	4	9	וַתֹּאמֶר אֶל־אִישָׁהּ הִנֵּה־נָא יָדַעְתִּי כִּי אִישׁ אֱלֹהִים קָדוֹשׁ הוּא עֹבֵר עָלֵינוּ תָּמִיד ׃	κα εἶπεν ἡ γυνὴ πρὸς τὸν ἄνδρα αὐτῆς Ἰδουὺ δὴ ἔγνων ὅτι ἄνθρωπος τοῦ θεοῦ ἄγιος οὗτος διαπορεύεται ἐφ’ ἡμᾶς διὰ παντός.	quae dixit ad virum suum animadverto quod vir Dei sanctus est iste qui transit per nos frequenter	Quæ dixit ad virum suum: Animadverto quod vir Dei sanctus est iste, qui transit per nos frequenter.		And she said unto her husband, Behold now, I perceive that this is an holy man of God, which passeth by us continually.
2Kgs	4	10	נַעֲשֶׂה־נָּא עֲלִיַּת־קִיר קְטַנָּה וְנָשִׂים לוֹ שָׁם מִטָּה וְשֻׁלְחָן וְכִסֵּא וּמְנוֹרָה וְהָיָה בְּבֹאוֹ אֵלֵינוּ יָסוּר שָׁמָּה ׃	ποιήσωμεν δὴ αὐτῷ ὑπερῷον, τόπον μικρόν, καὶ θῶμεν αὐτῷ ἐκεῖ κλίνην καὶ τράπεζαν καὶ δίφρον καὶ λυχνίαν· καὶ ἔσται ἐν τῷ εἰσπορεύεσθαι πρὸς ἡμᾶς . καὶ ἐκκλινεῖ ἐκεῖ.	faciamus ergo cenaculum parvum et ponamus ei in eo lectulum et mensam et sellam et candelabrum ut cum venerit ad nos maneat ibi	Faciamus ergo ei cœnaculum parvum, et ponamus ei in eo lectulum, et mensam, et sellam, et candelabrum, ut cum venerit ad nos, maneat ibi.		Let us make a little chamber, I pray thee, on the wall; and let us set for him there a bed, and a table, and a stool, and a candlestick: and it shall be, when he cometh to us, that he shall turn in thither.
2Kgs	4	11	וַיְהִי הַיּוֹם וַיָּבֹא שָׁמָּה וַיָּסַר אֶל־הָעֲלִיָּה וַיִּשְׁכַּב־שָׁמָּה ׃	καὶ ἐγένετο ἡμέρα καὶ εἰσῆλθεν ἐκεῖ, καὶ ἐξέκλινεν εἰς τὸ ὑπερῷον καὶ ἐκοιμήθη ἐκεῖ.	facta est igitur dies quaedam et veniens devertit in cenaculum et requievit ibi	Facta est ergo dies quædam, et veniens divertit in cœnaculum, et requievit ibi.		And it fell on a day, that he came thither, and he turned into the chamber, and lay there.
2Kgs	4	12	וַיֹּאמֶר אֶל־גֵּחֲזִי נַעֲרוֹ קְרָא לַשּׁוּנַמִּית הַזֹּאת וַיִּקְרָא־לָהּ וַתַּעֲמֹד לְפָנָיו ׃	καὶ εἶπεν πρὸς Γιεζεὶ τὸ παιδάριον αὐτοῦ Κάλεσόν μοι τὴν Σωμανεῖτιν ταύτην· καὶ ἐκάλεσεν αὐτήν, καὶ ἔστη ἐνώπιον αὐτοῦ.	dixitque ad Giezi puerum suum voca Sunamitin istam qui cum vocasset eam et illa stetisset coram eo	Dixitque ad Giezi puerum suum: Voca Sunamitidem istam. Qui cum vocasset eam, et illa stetisset coram eo,		And he said to Gehazi his servant, Call this Shunammite. And when he had called her, she stood before him.
2Kgs	4	13	וַיֹּאמֶר לוֹ אֱמָר־נָא אֵלֶיהָ הִנֵּה חָרַדְתְּ אֵלֵינוּ אֶת־כָּל־הַחֲרָדָה הַזֹּאת מֶה לַעֲשׂוֹת לָךְ הֲיֵשׁ לְדַבֶּר־לָךְ אֶל־הַמֶּלֶךְ אוֹ אֶל־שַׂר הַצָּבָא וַתֹּאמֶר בְּתוֹךְ עַמִּי אָנֹכִי יֹשָׁבֶת ׃	καὶ εἶπεν αὐτῷ Εἰπὸν δὴ πρὸς αὐτήν Ἰδοὺ ἐξέστησας ἡμῖν τὴν πᾶσαν ἔνκτησιν· τί δεῖ ποιῆσαί σοι ; εἰ ἔστιν λόγος σοι πρὸς τὸν βασιλέα ἢ πρὸς τὸν ἄρχοντα τῆς δυνάμεως ; ἡ δὲ εἶπεν Ἐν μέσῳ τοῦ λαοῦ ἐγώ εἰμι οἰκῶ.	dixit ad puerum loquere ad eam ecce sedule in omnibus ministrasti nobis quid vis ut faciam tibi numquid habes negotium et vis ut loquar regi sive principi militiae quae respondit in medio populi mei habito	dixit ad puerum suum: Loquere ad eam: Ecce, sedule in omnibus ministrasti nobis: quid vis ut faciam tibi? numquid habes negotium, et vis ut loquar regi, sive principi militiæ? Quæ respondit: In medio populi mei habito.		And he said unto him, Say now unto her, Behold, thou hast been careful for us with all this care; what is to be done for thee? wouldest thou be spoken for to the king, or to the captain of the host? And she answered, I dwell among mine own people.
2Kgs	4	14	וַיֹּאמֶר וּמֶה לַעֲשׂוֹת לָהּ וַיֹּאמֶר גֵּיחֲזִי אֲבָל בֵּן אֵין־לָהּ וְאִישָׁהּ זָקֵן ׃	καὶ εἶπεν Tt δεῖ ποιῆσαι αὐτῇ; καὶ εἶπεν Γιεζεὶ τὸ παιδάριον αὐτοῦ Καὶ μάλα υἱὸς οὐκ ἔστιν αὐτῇ, καὶ ὁ ἀνὴρ αὐτῆς πρεσβύτης.	et ait quid ergo vult ut faciam ei dixitque Giezi ne quaeras filium enim non habet et vir eius senex est	Et ait: Quid ergo vult ut faciam ei? Dixitque Giezi: Ne quæras: filium enim non habet, et vir ejus senex est.		And he said, What then is to be done for her? And Gehazi answered, Verily she hath no child, and her husband is old.
2Kgs	4	15	וַיֹּאמֶר קְרָא־לָהּ וַיִּקְרָא־לָהּ וַתַּעֲמֹד בַּפָּתַח ׃	καὶ ἐκάλεσεν αὐτήν, καὶ ἔστη παρὰ τὴν θύραν.	praecepit itaque ut vocaret eam quae cum vocata fuisset et stetisset ad ostium	Præcepit itaque ut vocaret eam: quæ cum vocata fuisset, et stetisset ante ostium,		And he said, Call her. And when he had called her, she stood in the door.
2Kgs	4	16	וַיֹּאמֶר לַמּוֹעֵד הַזֶּה כָּעֵת חַיָּה אַתִּי חֹבֶקֶת בֵּן וַתֹּאמֶר אַל־אֲדֹנִי אִישׁ הָאֱלֹהִים אַל־תְּכַזֵּב בְּשִׁפְחָתֶךָ ׃	καὶ εἶπεν Ἐλεισαῖε πρὸς αὐτήν Εἰς τὸν καιρὸν τοῦτον, ὡς ἢ ὥρα ζῶσα, σὺ περιειληφυῖα υἱόν· ἡ δὲ εἶπεν Μή, κύριε μου, μὴ διαψεύσῃ τὴν δούλην σου.	dixit ad eam in tempore isto et in hac eadem hora si vita comes fuerit habebis in utero filium at illa respondit noli quaeso domine mi vir Dei noli mentiri ancillae tuae	dixit ad eam: In tempore isto, et in hac eadem hora, si vita comes fuerit, habebis in utero filium. At illa respondit: Noli quæso, domine mi vir Dei, noli mentiri ancillæ tuæ.		And he said, About this season, according to the time of life, thou shalt embrace a son. And she said, Nay, my lord, thou man of God, do not lie unto thine handmaid.
2Kgs	4	17	וַתַּהַר הָאִשָּׁה וַתֵּלֶד בֵּן לַמּוֹעֵד הַזֶּה כָּעֵת חַיָּה אֲשֶׁר־דִּבֶּר אֵלֶיהָ אֱלִישָׁע ׃	καὶ ἐν γαστρὶ ἔλαβεν ἡ γυνή, καὶ ἔτεκεν υἱὸν εἰς τὸν καιρὸν τοῦτον ὡς ἡ ὤρα ζῶσα, ὡς ἐλάλησεν πρὸς αὐτὴν Ἐλεισαῖε.	et concepit mulier et peperit filium in tempore et in hora eadem quam dixerat Heliseus	Et concepit mulier, et peperit filium in tempore, et in hora eadem, qua dixerat Eliseus.		And the woman conceived, and bare a son at that season that Elisha had said unto her, according to the time of life.
2Kgs	4	18	וַיִּגְדַּל הַיָּלֶד וַיְהִי הַיּוֹם וַיֵּצֵא אֶל־אָבִיו אֶל־הַקֹּצְרִים ׃	καὶ ἡδρύνθη τὸ παιδάριον· καὶ ἐγένετο ἡνίκα ἐξῆλθεν πρὸς τὸν πατέρα αὐτοῦ πρὸς τοὺς θερίζοντας,	crevit autem puer et cum esset quaedam dies et egressus isset ad patrem suum ad messores	Crevit autem puer: et cum esset quædam dies, et egressus isset ad patrem suum, ad messores,		And when the child was grown, it fell on a day, that he went out to his father to the reapers.
2Kgs	4	19	וַיֹּאמֶר אֶל־אָבִיו רֹאשִׁי רֹאשִׁי וַיֹּאמֶר אֶל־הַנַּעַר שָׂאֵהוּ אֶל־אִמּוֹ ׃	καὶ εἶπεν πρὸς τὸν πατέρα αὐτοῦ Τὴν κεφαλήν μου, τὴν κεφαλήν μου· καὶ εἶπεν τῷ παιδαρίῳ Ἆρον αὐτὸν πρὸς τὴν μητέρα αὐτοῦ.	ait patri suo caput meum caput meum at ille dixit puero tolle et duc eum ad matrem suam	ait patri suo: Caput meum doleo, caput meum doleo. At ille dixit puero: Tolle, et duc eum ad matrem suam.		And he said unto his father, My head, my head. And he said to a lad, Carry him to his mother.
2Kgs	4	20	וַיִּשָּׂאֵהוּ וַיְבִיאֵהוּ אֶל־אִמּוֹ וַיֵּשֶׁב עַל־בִּרְכֶּיהָ עַד־הַצָּהֳרַיִם וַיָּמֹת ׃	καὶ ἐκοιμήθη ἐπὶ τῶν γονάτων αὐτῆς ἔως μεσημβρίας, καὶ ἀπέθανεν.	qui cum tulisset et adduxisset eum ad matrem suam posuit eum illa super genua sua usque ad meridiem et mortuus est	Qui cum tulisset, et duxisset eum ad matrem suam, posuit eum illa super genua sua usque ad meridiem, et mortuus est.		And when he had taken him, and brought him to his mother, he sat on her knees till noon, and then died.
2Kgs	4	21	וַתַּעַל וַתַּשְׁכִּבֵהוּ עַל־מִטַּת אִישׁ הָאֱלֹהִים וַתִּסְגֹּר בַּעֲדוֹ וַתֵּצֵא ׃	καὶ ἀνήνεγκεν αὐτὸν καὶ ἐκοίμισεν αὐτὸν ἐπὶ τὴν κλίνην τοῦ ἀνθρώπου τοῦ θεοῦ, καὶ ἀπέκλεισεν κατ’ αὐτοῦ καὶ ἐξῆλθεν.	ascendit autem et conlocavit eum super lectulum hominis Dei et clusit ostium et egressa	Ascendit autem, et collocavit eum super lectulum hominis Dei, et clausit ostium: et egressa,		And she went up, and laid him on the bed of the man of God, and shut the door upon him, and went out.
2Kgs	4	22	וַתִּקְרָא אֶל־אִישָׁהּ וַתֹּאמֶר שִׁלְחָה נָא לִי אֶחָד מִן־הַנְּעָרִים וְאַחַת הָאֲתֹנוֹת וְאָרוּצָה עַד־אִישׁ הָאֱלֹהִים וְאָשׁוּבָה ׃	καὶ ἐκάλεσεν τὸν ἄνδρα αὐτῆς καὶ εἶπεν Ἀπόστειλον δή μοι ἔν τῶν παιδαρίων καὶ μίαν τῶν ὄνων, καὶ δραμοῦμαι ἕως τοῦ ἀ τοῦ θεοῦ κοὶ ἐπιστρέψω.	vocavit virum suum et ait mitte mecum obsecro unum de pueris et asinam ut excurram usque ad hominem Dei et revertar	vocavit virum suum, et ait: Mitte mecum, obsecro, unum de pueris, et asinam, ut excurram usque ad hominem Dei, et revertar.		And she called unto her husband, and said, Send me, I pray thee, one of the young men, and one of the asses, that I may run to the man of God, and come again.
2Kgs	4	23	וַיֹּאמֶר מַדּוּעַ אַתְּי הֹלֶכֶתי אֵלָיו הַיּוֹם לֹא־חֹדֶשׁ וְלֹא שַׁבָּת וַתֹּאמֶר שָׁלוֹם ׃	καὶ εἶπεν Τί ὄτι σὺ πορεύῃ πρὸς αὐτὸν σήμερον; οὐ νεομηνία οὐδὲ σάββατον· ἡ δὲ εἶπεν Εἰρήνη.	qui ait illi quam ob causam vadis ad eum hodie non sunt kalendae neque sabbatum quae respondit vale	Qui ait illi: Quam ob causam vadis ad eum? hodie non sunt calendæ, neque sabbatum. Quæ respondit: Vadam.		And he said, Wherefore wilt thou go to him to day? it is neither new moon, nor sabbath. And she said, It shall be well.
2Kgs	4	24	וַתַּחֲבֹשׁ הָאָתוֹן וַתֹּאמֶר אֶל־נַעֲרָהּ נְהַג וָלֵךְ אַל־תַּעֲצָר־לִי לִרְכֹּב כִּי אִם־אָמַרְתִּי לָךְ ׃	καὶ ἐπέσαξεν τὴν ὄνον, καὶ εἶπεν πρὸς τὸ παιδάριον αὐτῆς Ἄγε πορεύου, μὴ ἐπίσχῃς μοι τοῦ ἐπιβῆναι, ὅτι ἐὰν εἴπω σοι	stravitque asinam et praecepit puero mina et propera ne mihi moram facias in eundo et hoc age quod praecipio tibi	Stravitque asinam, et præcepit puero: Mina, et propera: ne mihi moram facias in eundo: et hoc age quod præcipio tibi.		Then she saddled an ass, and said to her servant, Drive, and go forward; slack not thy riding for me, except I bid thee.
2Kgs	4	25	וַתֵּלֶךְ וַתָּבוֹא אֶל־אִישׁ הָאֱלֹהִים אֶל־הַר הַכַּרְמֶל וַיְהִי כִּרְאוֹת אִישׁ־הָאֱלֹהִים אֹתָהּ מִנֶּגֶד וַיֹּאמֶר אֶל־גֵּיחֲזִי נַעֲרוֹ הִנֵּה הַשּׁוּנַמִּית הַלָּז ׃	Δεῦρο καὶ πορεύσῃ, καὶ ἐλεύσῃ πρὸς τὸν ἄνθρωπον τοῦ θεοῦ εἰς τὸ ὄρος τὸ Καρμήλιον. καὶ ἐγένετο ὡς εἶδεν Ἐλεισῖε ἐρχομένην αὐτήν, καὶ εἶπεν π·ρὸς Γιεζεὶ τὸ παιδάριον αὐτοῦ Ἰδοὺ δὴ ἡ Σωμανεῖτις ἐκείνη.	profecta est igitur et venit ad virum Dei in montem Carmeli cumque vidisset eam vir Dei de contra ait ad Giezi puerum suum ecce Sunamitis illa	Profecta est igitur, et venit ad virum Dei in montem Carmeli: cumque vidisset eam vir Dei e contra, ait ad Giezi puerum suum: Ecce Sunamitis illa.		So she went and came unto the man of God to mount Carmel. And it came to pass, when the man of God saw her afar off, that he said to Gehazi his servant, Behold, yonder is that Shunammite:
2Kgs	4	26	עַתָּה רוּץ־נָא לִקְרָאתָהּ וֶאֱמָר־לָהּ הֲשָׁלוֹם לָךְ הֲשָׁלוֹם לְאִישֵׁךְ הֲשָׁלוֹם לַיָּלֶד וַתֹּאמֶר שָׁלוֹם ׃	νῦν δράμε εἰς ἀπαντὴν αὐτῆς καὶ ἐρεῖς Ἥ εἰρήνη σοι; ἢ εἰρήνη τῷ ἀνδρί σου; ἡ εἰρήνη τῷ παιδαρίῳ; ἡ δὲ εἶπεν Εἰρήνη.	vade ergo in occursum eius et dic ei rectene agitur circa te et circa virum tuum et circa filium tuum quae respondit recte	Vade ergo in occursum ejus, et dic ei: Recte ne agitur circa te, et circa virum tuum, et circa filium tuum? Quæ respondit: Recte.		Run now, I pray thee, to meet her, and say unto her, Is it well with thee? is it well with thy husband? is it well with the child? And she answered, It is well:
2Kgs	4	27	וַתָּבֹא אֶל־אִישׁ הָאֱלֹהִים אֶל־הָהָר וַתַּחֲזֵק בְּרַגְלָיו וַיִּגַּשׁ גֵּיחֲזִי לְהָדְפָהּ וַיֹּאמֶר אִישׁ הָאֱלֹהִים הַרְפֵּה־לָהּ כִּי־נַפְשָׁהּ מָרָה־לָהּ וַיהוָה הֶעְלִים מִמֶּנִּי וְלֹא הִגִּיד לִי ׃	καὶ ἦλθεν πρὸς Ἐλεισαῖε εἰς τὸ ὄρος καὶ ἐπελάβετο τῶν ποδῶν αὐτοῦ· καὶ ἤγγισεν Γιεζεὶ ἀπεώσασθαι αὐτήν. καὶ εἶπεν Ἐλεισαῖε Ἄφες αὐτήν· ὄτι ἡ ψυχὴ αὐτῆς κατώδυνος αὐτῇ, καὶ Κύριος ἀπέκρυψεν ἀπ’ ἐμοῦ καὶ σοῦ καὶ οὐκ ἀνήγγε3ιλέν μοι.	cumque venisset ad virum Dei in monte adprehendit pedes eius et accessit Giezi ut amoveret eam et ait homo Dei dimitte illam anima enim eius in amaritudine est et Dominus celavit me et non indicavit mihi	Cumque venisset ad virum Dei in montem, apprehendit pedes ejus: et accessit Giezi ut amoveret eam. Et ait homo Dei: Dimitte illam: anima enim ejus in amaritudine est, et Dominus celavit a me, et non indicavit mihi.		And when she came to the man of God to the hill, she caught him by the feet: but Gehazi came near to thrust her away. And the man of God said, Let her alone; for her soul is vexed within her: and the Lord hath hid it from me, and hath not told me.
2Kgs	4	28	וַתֹּאמֶר הֲשָׁאַלְתִּי בֵן מֵאֵת אֲדֹנִי הֲלֹא אָמַרְתִּי לֹא תַשְׁלֶה אֹתִי ׃	ἡ δὲ εἶπεν Μὴ ᾐτησάμην υἱὸν παρὰ τοῦ κυρίου μου; ὄτι οὐκ εἶπα Οὐ πλανήσεις μετ’ ἐμοῦ;	quae dixit illi numquid petivi filium a domino meo numquid non dixi tibi ne inludas me	Quæ dixit illi: Numquid petivi filium a domino meo? numquid non dixi tibi: Ne illudas me?		Then she said, Did I desire a son of my lord? did I not say, Do not deceive me?
2Kgs	4	29	וַיֹּאמֶר לְגֵיחֲזִי חֲגֹר מָתְנֶיךָ וְקַח מִשְׁעַנְתִּי בְיָדְךָ וָלֵךְ כִּי־תִמְצָא אִישׁ לֹא תְבָרְכֶנּוּ וְכִי־יְבָרֶכְךָ אִישׁ לֹא תַעֲנֶנּוּ וְשַׂמְתָּ מִשְׁעַנְתִּי עַל־פְּנֵי הַנָּעַר ׃	καὶ Ἐλεισῖε τῷ Γιεζεί Ζῶσαι τὴν ὀσφύν σου καὶ λάβε τὴν μου ἐν τῇ χειρί σου καὶ δεῦρο· ὄτι ἐὰν εὕρῃς ἄνδρα οὐκ αὐτόν, καὶ ἐὰν εὐλογήσῃ σε ἀνὴρ οὐκ ἀποκριθήσῃ αὐτῷ· καὶ ἐπιθήσεις θήσεις τὴν βακτηρίαν μου ἐπὶ πρόσωπον τοῦ παιδαρίου.	et ille ait ad Giezi accinge lumbos tuos et tolle baculum meum in manu tua et vade si occurrerit tibi homo non salutes eum et si salutaverit te quispiam non respondeas illi et pones baculum meum super faciem pueri	Et ille ait ad Giezi: Accinge lumbos tuos, et tolle baculum meum in manu tua, et vade. Si occurrerit tibi homo, non salutes eum: et si salutaverit te quispiam, non respondeas illi: et pones baculum meum super faciem pueri.		Then he said to Gehazi, Gird up thy loins, and take my staff in thine hand, and go thy way: if thou meet any man, salute him not; and if any salute thee, answer him not again: and lay my staff upon the face of the child.
2Kgs	4	30	וַתֹּאמֶר אֵם הַנַּעַר חַי־יְהוָה וְחֵי־נַפְשְׁךָ אִם־אֶעֶזְבֶךָּ וַיָּקָם וַיֵּלֶךְ אַחֲרֶיהָ ׃	καὶ εἶπεν ἡ μήτηρ τοῦ παιδαρίου Ζῇ Κύριος καὶ ζῇ ἡ ψυχή σου, εἰ ἐνκαταλείψω σε. καὶ ἀνέστη Ἐλεισαῖε καὶ ἐπορεύθη ὀπίσω αὐτῆς.	porro mater pueri ait vivit Dominus et vivit anima tua non dimittam te surrexit ergo et secutus est eam	Porro mater pueri ait: Vivit Dominus, et vivit anima tua, non dimittam te. Surrexit ergo, et secutus est eam.		And the mother of the child said, As the Lord liveth, and as thy soul liveth, I will not leave thee. And he arose, and followed her.
2Kgs	4	31	וְגֵחֲזִי עָבַר לִפְנֵיהֶם וַיָּשֶׂם אֶת־הַמִּשְׁעֶנֶת עַל־פְּנֵי הַנַּעַר וְאֵין קוֹל וְאֵין קָשֶׁב וַיָּשָׁב לִקְרָאתוֹ וַיַּגֶּד־לוֹ לֵאמֹר לֹא הֵקִיץ הַנָּעַר ׃	καὶ Γιεζεὶ διῆλθεν ἔμπροσθεν αὐτῆς, καὶ ἐπέθηκεν τὴν βακτηρίαν ἐπὶ ωπον τοῦ παιδαρίου, καὶ οὐκ ἦν φωνὴ καὶ οὐκ ἦν ἀκρόασις· καὶ στρεψεν εἰς ἀπαντὴν αὐτοῦ καὶ ἀπήγγειλεν αὐτῷ λέγων Οὐκ ἠ τὸ παιδάριον.	Giezi autem praecesserat eos et posuerat baculum super faciem pueri et non erat vox neque sensus reversusque est in occursum eius et nuntiavit ei dicens non surrexit puer	Giezi autem præcesserat ante eos, et posuerat baculum super faciem pueri, et non erat vox, neque sensus: reversusque est in occursum ejus, et nuntiavit ei, dicens: Non surrexit puer.		And Gehazi passed on before them, and laid the staff upon the face of the child; but there was neither voice, nor hearing. Wherefore he went again to meet him, and told him, saying, The child is not awaked.
2Kgs	4	32	וַיָּבֹא אֱלִישָׁע הַבָּיְתָה וְהִנֵּה הַנַּעַר מֵת מֻשְׁכָּב עַל־מִטָּתוֹ ׃	καὶ εἰσῆλθεν Ἐλεισαῖε εἰς τὸν οἶκον, καὶ ἰδοὺ τὸ παιδάριον τεθνηκώς, κεκοιμισμένον ἐπὶ τὴν κλίνην αὐτοῦ.	ingressus est ergo Heliseus domum et ecce puer mortuus iacebat in lectulo eius	Ingressus est ergo Eliseus domum, et ecce puer mortuus jacebat in lectulo ejus:		And when Elisha was come into the house, behold, the child was dead, and laid upon his bed.
2Kgs	4	33	וַיָּבֹא וַיִּסְגֹּר הַדֶּלֶת בְּעַד שְׁנֵיהֶם וַיִּתְפַּלֵּל אֶל־יְהוָה ׃	καὶ εἰσῆλθεν Ἐλεισαῖε εἰς τὸν οἶκον καὶ ἀπέκλεισεν τὴν θύραν κατὰ τῶν δύο ἑαυτῶν, καὶ προσηύξατο πρὸς Κύριον.	ingressusque clusit ostium super se et puerum et oravit ad Dominum	ingressusque clausit ostium super se et super puerum, et oravit ad Dominum.		He went in therefore, and shut the door upon them twain, and prayed unto the Lord.
2Kgs	4	34	וַיַּעַל וַיִּשְׁכַּב עַל־הַיֶּלֶד וַיָּשֶׂם פִּיו עַל־פִּיו וְעֵינָיו עַל־עֵינָיו וְכַפָּיו עַל־כַּפּוֹ וַיִּגְהַר עָלָיו וַיָּחָם בְּשַׂר הַיָּלֶד ׃	καὶ ἀνέβη καὶ ἐκοιμήθη ἐπὶ τὸ παιδάριον, καὶ ἔθηκεν τὸ στόμα αὐτοῦ ἐπὶ τὸ στόμα αὐτοῦ καὶ τοὺς ὀφθαλμοὺς αὐτοῦ ἐπὶ τοὺς ὀφθαλμοὺς αὐτοῦ καὶ τὰς χεῖρας αὐτοῦ ἐπὶ τὰς χεῖρας αὐτοῦ, καὶ διέκαμψεν ἐπ’ αὐτόν· καὶ διεθερμάνθη ἡ σὰρξ τοῦ παιδαρίου.	et ascendit et incubuit super puerum posuitque os suum super os eius et oculos suos super oculos eius et manus suas super manus eius et incurvavit se super eum et calefacta est caro pueri	Et ascendit, et incubuit super puerum: posuitque os suum super os ejus, et oculos suos super oculos ejus, et manus suas super manus ejus: et incurvavit se super eum, et calefacta est caro pueri.		And he went up, and lay upon the child, and put his mouth upon his mouth, and his eyes upon his eyes, and his hands upon his hands: and stretched himself upon the child; and the flesh of the child waxed warm.
2Kgs	4	35	וַיָּשָׁב וַיֵּלֶךְ בַּבַּיִת אַחַת הֵנָּה וְאַחַת הֵנָּה וַיַּעַל וַיִּגְהַר עָלָיו וַיְזוֹרֵר הַנַּעַר עַד־שֶׁבַע פְּעָמִים וַיִּפְקַח הַנַּעַר אֶת־עֵינָיו ׃	καὶ ἐπέστρεψεν καὶ ἐπορεύθη ἐν τῇ οἰκίᾳ ἔνθεν καὶ ἔνθεν, καὶ ἀνέβη καὶ συνέκαμψεν ἐπὶ τὸ παιδάριον ἑπτάκις· ἑπτάκις· καὶ ἤνοιξεν τὸ παιδάριον τοὺς ὀφθαλμοὺς αὐτοῦ.	at ille reversus deambulavit in domo semel huc et illuc et ascendit et incubuit super eum et oscitavit puer septies aperuitque oculos	At ille reversus, deambulavit in domo, semel huc atque illuc: et ascendit, et incubuit super eum: et oscitavit puer septies, aperuitque oculos.		Then he returned, and walked in the house to and fro; and went up, and stretched himself upon him: and the child sneezed seven times, and the child opened his eyes.
2Kgs	4	36	וַיִּקְרָא אֶל־גֵּיחֲזִי וַיֹּאמֶר קְרָא אֶל־הַשֻּׁנַמִּית הַזֹּאת וַיִּקְרָאֶהָ וַתָּבוֹא אֵלָיו וַיֹּאמֶר שְׂאִי בְנֵךְ ׃	καὶ ἐξεβόησεν Ἐλεισαῖε πρὸς Γιεζεὶ καὶ εἶπεν Κάλεσον τὴν Σωμανεῖτιν ταύτην· καὶ ἐκάλεσεν, καὶ εἰσῆλθεν πρὸς αὐτόν. καὶ εἶπεν Ἐλεισαῖε Λάβε τὸν υἱόν σου.	et ille vocavit Giezi et dixit ei voca Sunamitin hanc quae vocata ingressa est ad eum qui ait tolle filium tuum	At ille vocavit Giezi, et dixit ei: Voca Sunamitidem hanc. Quæ vocata, ingressa est ad eum. Qui ait: Tolle filium tuum.		And he called Gehazi, and said, Call this Shunammite. So he called her. And when she was come in unto him, he said, Take up thy son.
2Kgs	4	37	וַתָּבֹא וַתִּפֹּל עַל־רַגְלָיו וַתִּשְׁתַּחוּ אָרְצָה וַתִּשָּׂא אֶת־בְּנָהּ וַתֵּצֵא ׃ פ	καὶ εἰσῆλθεν ἡ γυνὴ καὶ ἔπεσεν ἐπὶ τοὺς πόδας αὐτοῦ καὶ προσεκύνησεν ἐπὶ τὴν γῆν, καὶ ἔλαβεν τὸν υἱὸν αὐτῆς καὶ ἐξῆλθεν.	venit illa et corruit ad pedes eius et adoravit super terram tulitque filium suum et egressa est	Venit illa, et corruit ad pedes ejus, et adoravit super terram: tulitque filium suum, et egressa est.		Then she went in, and fell at his feet, and bowed herself to the ground, and took up her son, and went out.
2Kgs	4	38	וֶאֱלִישָׁע שָׁב הַגִּלְגָּלָה וְהָרָעָב בָּאָרֶץ וּבְנֵי הַנְּבִיאִים יֹשְׁבִים לְפָנָיו וַיֹּאמֶר לְנַעֲרוֹ שְׁפֹת הַסִּיר הַגְּדוֹלָה וּבַשֵּׁל נָזִיד לִבְנֵי הַנְּבִיאִים ׃	Καὶ Ἐλεισαῖε ἐπέστρεψεν εἰς Γάλγαλα· καὶ ὁ λιμὸς ἐν τῇ γῇ, καὶ οἱ υἱοὶ τῶν προφητῶν ἐκάθηντο ἐνώπιον αὐτοῦ· καὶ εἰπεν Ἐλεισααῖε τῷ παιδαρίῳ αὐτοῦ Ἐπίστησον τὸν λέβητα, καὶ ἕψε ἕψεμα τοῖς υἱοῖς τῶν προφητῶν.	et Heliseus reversus est in Galgala erat autem fames in terra et filii prophetarum habitabant coram eo dixitque uni de pueris suis pone ollam grandem et coque pulmentum filiis prophetarum	Et Eliseus reversus est in Galgala. Erat autem fames in terra, et filii prophetarum habitabant coram eo. Dixitque uni de pueris suis: Pone ollam grandem, et coque pulmentum filiis prophetarum.		And Elisha came again to Gilgal: and there was a dearth in the land; and the sons of the prophets were sitting before him: and he said unto his servant, Set on the great pot, and seethe pottage for the sons of the prophets.
2Kgs	4	39	וַיֵּצֵא אֶחָד אֶל־הַשָּׂדֶה לְלַקֵּט אֹרֹת וַיִּמְצָא גֶּפֶן שָׂדֶה וַיְלַקֵּט מִמֶּנּוּ פַּקֻּעֹת שָׂדֶה מְלֹא בִגְדוֹ וַיָּבֹא וַיְפַלַּח אֶל־סִיר הַנָּזִיד כִּי־לֹא יָדָעוּ ׃	καὶ ἐξῆλθεν ἐξῆλθεν εἰς τὸν ἀγρὸν συνλέξαι ἀριώθ· καὶ εὗρεν ἄμπελου ἐν τῷ ἀγρῷ, καὶ συνέλεξεν ἀπ’ αὐτῆς τολύπην ἀγρίαν πλῆρες τὸ ἱμάτιον αὐτοῦ· καὶ ἐνέβαλεν εἰς τὸν λέβητα τοῦ ἑψέματος, ὄτι οὐκ ἔγνωσαν.	et egressus est unus in agrum ut colligeret herbas agrestes invenitque quasi vitem silvestrem et collegit ex ea colocyntidas agri et implevit pallium suum et reversus concidit in ollam pulmenti nesciebat enim quid esset	Et egressus est unus in agrum ut colligeret herbas agrestes: invenitque quasi vitem silvestrem, et collegit ex ea colocynthidas agri, et implevit pallium suum, et reversus concidit in ollam pulmenti: nesciebat enim quid esset.		And one went out into the field to gather herbs, and found a wild vine, and gathered thereof wild gourds his lap full, and came and shred them into the pot of pottage: for they knew them not.
2Kgs	4	40	וַיִּצְקוּ לַאֲנָשִׁים לֶאֱכוֹל וַיְהִי כְּאָכְלָם מֵהַנָּזִיד וְהֵמָּה צָעָקוּ וַיֹּאמְרוּ מָוֶת בַּסִּיר אִישׁ הָאֱלֹהִים וְלֹא יָכְלוּ לֶאֱכֹל ׃	καὶ ἐνέχει τοῖς ἀνδράσιν φαγεῖν· καὶ ἐγένετο ἐν τῷ ἐσθίειν αὐτοὺς ἐκ τοῦ ἑψέματος, καὶ ἰδοὺ ἀνεβόησαν καὶ εἶπαν Θάνατος ἐν τῷ λέβητι, ἄνθρωπε τοῦ θεοῦ· καὶ οὐκ ἠδύναντο φαγεῖν.	infuderunt ergo sociis ut comederent cumque gustassent de coctione exclamaverunt dicentes mors in olla vir Dei et non potuerunt comedere	Infuderunt ergo sociis ut comederent: cumque gustassent de coctione, clamaverunt, dicentes: Mors in olla, vir Dei. Et non potuerunt comedere.		So they poured out for the men to eat. And it came to pass, as they were eating of the pottage, that they cried out, and said, O thou man of God, there is death in the pot. And they could not eat thereof.
2Kgs	4	41	וַיֹּאמֶר וּקְחוּ־קֶמַח וַיַּשְׁלֵךְ אֶל־הַסִּיר וַיֹּאמֶר צַק לָעָם וְיֹאכֵלוּ וְלֹא הָיָה דָּבָר רָע בַּסִּיר ׃ ס	καὶ εἶπεν Λἀβετε αλευρον καὶ ἐμβάλετε εἰς τὸν λέβητα· καὶ εἶπεν Ἐλεισαῖε πρὸς Γιεζεὶ τὸ παιδάριον Ἕγχει τῷ λαῷ καὶ ἐσθιέτωσαν· καὶ οὐκ ἐγενήθη ἔτι ἐκεῖ ῥῆμα πονηρὸν ἐν τῷ λέβητι.	at ille adferte inquit farinam et misit in ollam et ait infunde turbae et comedat et non fuit amplius quicquam amaritudinis in olla	At ille: Afferte, inquit, farinam. Cumque tulissent, misit in ollam, et ait: Infunde turbæ, ut comedant. Et non fuit amplius quidquam amaritudinis in olla.		But he said, Then bring meal. And he cast it into the pot; and he said, Pour out for the people, that they may eat. And there was no harm in the pot.
2Kgs	4	42	וְאִישׁ בָּא מִבַּעַל שָׁלִשָׁה וַיָּבֵא לְאִישׁ הָאֱלֹהִים לֶחֶם בִּכּוּרִים עֶשְׂרִים־לֶחֶם שְׂעֹרִים וְכַרְמֶל בְּצִקְלֹנוֹ וַיֹּאמֶר תֵּן לָעָם וְיֹאכֵלוּ ׃	Καὶ ἀνὴρ διῆλθεν ἐκ Βαιθσαρεῖσα καὶ ἥνεγκεν πρὸς τὸν ἄνθρωπον τοῦ θεοῦ πρωτογενημάτων εἴκοσι ἄρτους κριθίνους καὶ παλάθας· καὶ εἶπεν Δότε τῷ λαῷ καὶ ἐσθιέτωσαν.	vir autem quidam venit de Balsalisa deferens viro Dei panes primitiarum et viginti panes hordiacios et frumentum novum in pera sua at ille dixit da populo ut comedat	Vir autem quidam venit de Baalsalisa deferens viro Dei panes primitiarum, viginti panes hordeaceos, et frumentum novum in pera sua. At ille dixit: Da populo, ut comedat.		And there came a man from Baalshalisha, and brought the man of God bread of the firstfruits, twenty loaves of barley, and full ears of corn in the husk thereof. And he said, Give unto the people, that they may eat.
2Kgs	4	43	וַיֹּאמֶר מְשָׁרְתוֹ מָה אֶתֵּן זֶה לִפְנֵי מֵאָה אִישׁ וַיֹּאמֶר תֵּן לָעָם וְיֹאכֵלוּ כִּי כֹה אָמַר יְהוָה אָכֹל וְהוֹתֵר ׃	καὶ εἶπεν ὁ λειτουργὸς αὐτοῦ Τί; δῶ τοῦτο ἐνώπιον ἑκατὸν ἀνδρῶν ; καὶ εἶπεν Δὸς τῷ λαῷ καὶ ἐσθιέτωσαν, ὄτι τάδε λέγει Φάγονται Φάγονται καὶ καταλείψουσιν.	responditque ei minister eius quantum est hoc ut adponam coram centum viris rursum ille da ait populo ut comedat haec enim dicit Dominus comedent et supererit	Responditque ei minister ejus: Quantum est hoc, ut apponam centum viris? Rursum ille ait: Da populo, ut comedat: hæc enim dicit Dominus: Comedent, et supererit.		And his servitor said, What, should I set this before an hundred men? He said again, Give the people, that they may eat: for thus saith the Lord, They shall eat, and shall leave thereof.
2Kgs	4	44	וַיִּתֵּן לִפְנֵיהֶם וַיֹּאכְלוּ וַיּוֹתִרוּ כִּדְבַר יְהוָה ׃ פ	καὶ ἔφαγον καὶ κατέλιπον κατὰ τὸ ῥῆμα Κυρίου.	posuit itaque coram eis qui comederunt et superfuit iuxta verbum Domini	Posuit itaque coram eis: qui comederunt, et superfuit juxta verbum Domini.		So he set it before them, and they did eat, and left thereof, according to the word of the Lord.
2Kgs	5	1	וְנַעֲמָן שַׂר־צְבָא מֶלֶךְ־אֲרָם הָיָה אִישׁ גָּדוֹל לִפְנֵי אֲדֹנָיו וּנְשֻׂא פָנִים כִּי־בוֹ נָתַן־יְהוָה תְּשׁוּעָה לַאֲרָם וְהָאִישׁ הָיָה גִּבּוֹר חַיִל מְצֹרָע ׃	Καὶ Ναιμὰν ὁ ἅρχων τῆς δυνάμεως Συρίας ἦν ἀνὴρ μέγας ἐνώπιον τοῦ κυρίου αὐτοῦ καὶ τεθαυμασμένος προσώπῳ, ὅτι ἐν αὐτῷ ἔδωκεν Κύριος σωτηρίαν Συρίᾳ· καὶ ὁ ἀνὴρ ἦν δυνατὸς ἰσχύι, λελεπρωμένος.	Naaman princeps militiae regis Syriae erat vir magnus apud dominum suum et honoratus per illum enim dedit Dominus salutem Syriae erat autem vir fortis et dives sed leprosus	Naaman princeps militiæ regis Syriæ erat vir magnus apud dominum suum, et honoratus: per illum enim dedit Dominus salutem Syriæ: erat autem vir fortis et dives, sed leprosus.		Now Naaman, captain of the host of the king of Syria, was a great man with his master, and honourable, because by him the Lord had given deliverance unto Syria: he was also a mighty man in valour, but he was a leper.
2Kgs	5	2	וַאֲרָם יָצְאוּ גְדוּדִים וַיִּשְׁבּוּ מֵאֶרֶץ יִשְׂרָאֵל נַעֲרָה קְטַנָּה וַתְּהִי לִפְנֵי אֵשֶׁת נַעֲמָן ׃	καὶ Συρία ἐξῆλθον μονόζωνοι καὶ ᾐχμαλώτευσαν ἐκ γῆς Ἰσραὴλ νεάνιδα μικράν, καὶ ἦν ἐνώπιον τῆς γυναικὸς Ναιμάν.	porro de Syria egressi fuerant latrunculi et captivam duxerant de terra Israhel puellam parvulam quae erat in obsequio uxoris Naaman	Porro de Syria egressi fuerant latrunculi, et captivam duxerant de terra Israël puellam parvulam, quæ erat in obsequio uxoris Naaman:		And the Syrians had gone out by companies, and had brought away captive out of the land of Israel a little maid; and she waited on Naaman's wife.
2Kgs	5	3	וַתֹּאמֶר אֶל־גְּבִרְתָּהּ אַחֲלֵי אֲדֹנִי לִפְנֵי הַנָּבִיא אֲשֶׁר בְּשֹׁמְרוֹן אָז יֶאֱסֹף אֹתוֹ מִצָּרַעְתּוֹ ׃	ἡ δὲ εἶπεν τῇ κυρίᾳ αὐτῆς Ὅφελον ὁ κύριός μου ἐνώπιον τοῦ προφήτου τοῦ θεοῦ τοῦ ἐν Σαμαρείᾳ, τότε ἀποσυνάξει αὐτὸν ἀπὸ τῆς λέπρας αὐτοῦ.	quae ait ad dominam suam utinam fuisset dominus meus ad prophetam qui est in Samaria profecto curasset eum a lepra quam habet	quæ ait ad dominam suam: Utinam fuisset dominus meus ad prophetam qui est in Samaria, profecto curasset eum a lepra quam habet.		And she said unto her mistress, Would God my lord were with the prophet that is in Samaria! for he would recover him of his leprosy.
2Kgs	5	4	וַיָּבֹא וַיַּגֵּד לַאדֹנָיו לֵאמֹר כָּזֹאת וְכָזֹאת דִּבְּרָה הַנַּעֲרָה אֲשֶׁר מֵאֶרֶץ יִשְׂרָאֵל ׃	καὶ εἰσῆλθεν καὶ ἀπήγγειλεν τῷ κυρίῳ ἑαυτῆς καὶ εἶπεν Οὔτως καὶ οὕτως ἐλά.λησεν ἡ νεᾶνις ἡ ἐκ γῆς Ἰσραήλ.	ingressus est itaque Naaman ad dominum suum et nuntiavit ei dicens sic et sic locuta est puella de terra Israhel	Ingressus est itaque Naaman ad dominum suum, et nuntiavit ei, dicens: Sic et sic locuta est puella de terra Israël.		And one went in, and told his lord, saying, Thus and thus said the maid that is of the land of Israel.
2Kgs	5	5	וַיֹּאמֶר מֶלֶךְ־אֲרָם לֶךְ־בֹּא וְאֶשְׁלְחָה סֵפֶר אֶל־מֶלֶךְ יִשְׂרָאֵל וַיֵּלֶךְ וַיִּקַּח בְּיָדוֹ עֶשֶׂר כִּכְּרֵי־כֶסֶף וְשֵׁשֶׁת אֲלָפִים זָהָב וְעֶשֶׂר חֲלִיפוֹת בְּגָדִים ׃	καὶ εἶπεν βασιλεὺς Συρίας πρὸς Ναιμάν Δεῦρο Δεῦρο καὶ ἐξαποστελῶ βιβλίον πρὸς βασιλέα Ἰσραήλ. καὶ ἐπορεύθη καὶ ἔλαβεν ἐν τῇ χειρὶ αὐτοῦ δέκα τάλαντα ἀργυρίου καὶ ἑξακισχιλίους χρυσοῦς καὶ δέκα ἀλλασσομένας στολάς.	dixitque ei rex Syriae vade et mittam litteras ad regem Israhel qui cum profectus esset et tulisset secum decem talenta argenti et sex milia aureos et decem mutatoria vestimentorum	Dixitque ei rex Syriæ: Vade, et mittam litteras ad regem Israël. Qui cum profectus esset, et tulisset secum decem talenta argenti, et sex millia aureos, et decem mutatoria vestimentorum,		And the king of Syria said, Go to, go, and I will send a letter unto the king of Israel. And he departed, and took with him ten talents of silver, and six thousand pieces of gold, and ten changes of raiment.
2Kgs	5	6	וַיָּבֵא הַסֵּפֶר אֶל־מֶלֶךְ יִשְׂרָאֵל לֵאמֹר וְעַתָּה כְּבוֹא הַסֵּפֶר הַזֶּה אֵלֶיךָ הִנֵּה שָׁלַחְתִּי אֵלֶיךָ אֶת־נַעֲמָן עַבְדִּי וַאֲסַפְתּוֹ מִצָּרַעְתּוֹ ׃	καὶ ἤνεγκεν τὸ βιβλίον πρὸς τὸν βασιλέα Ἰ λέγων Καὶ νῦν ὡς ἄν ἔλθῃ τὸ βιβλίον τοῦτο πρὸς σέ, ἰδο πρὸς σὲ Ναιμὰν τὸν δοῦλόν μου, καὶ ἀποσυνάξεις αὐτὸν ἀπὸ τῆς λέπρας αὐτοῦ.	detulit litteras ad regem Israhel in haec verba cum acceperis epistulam hanc scito quod miserim ad te Naaman servum meum ut cures eum a lepra sua	detulit litteras ad regem Israël in hæc verba: Cum acceperis epistolam hanc, scito quod miserim ad te Naaman servum meum, ut cures eum a lepra sua.		And he brought the letter to the king of Israel, saying, Now when this letter is come unto thee, behold, I have therewith sent Naaman my servant to thee, that thou mayest recover him of his leprosy.
2Kgs	5	7	וַיְהִי כִּקְרֹא מֶלֶךְ־יִשְׂרָאֵל אֶת־הַסֵּפֶר וַיִּקְרַע בְּגָדָיו וַיֹּאמֶר הַאֱלֹהִים אָנִי לְהָמִית וּלְהַחֲיוֹת כִּי־זֶה שֹׁלֵחַ אֵלַי לֶאֱסֹף אִישׁ מִצָּרַעְתּוֹ כִּי אַךְ־דְּעוּ־נָא וּרְאוּ כִּי־מִתְאַנֶּה הוּא לִי ׃	καὶ ἐγένετο ὡς ἀνέγνω βασιλεὺς Ἰσραὴλ τὸ βιβλίον, διέρρηξεν τὰ ἱμάτια αὐτοῦ καὶ εἶπεν ’O θεὸς ἐγὼ τοῦ θανατῶσαι καὶ ζωοποιῆσαι, ὅτι οὖτος ἀποστέλλει πρὸς μὲ ἀποσυνάξαι ἄνδρα ἀπὸ τῆς λέπρας αὐτοῦ; ὅτι πλὴν γνῶτε δὴ καὶ ἴδετε ὄτι προφασίζεται οὗτός μοι.	cumque legisset rex Israhel litteras scidit vestimenta sua et ait numquid Deus sum ut occidere possim et vivificare quia iste misit ad me ut curem hominem a lepra sua animadvertite et videte quod occasiones quaerat adversum me	Cumque legisset rex Israël litteras, scidit vestimenta sua, et ait: Numquid deus ego sum, ut occidere possim et vivificare, quia iste misit ad me ut curem hominem a lepra sua? animadvertite, et videte quod occasiones quærat adversum me.		And it came to pass, when the king of Israel had read the letter, that he rent his clothes, and said, Am I God, to kill and to make alive, that this man doth send unto me to recover a man of his leprosy? wherefore consider, I pray you, and see how he seeketh a quarrel against me.
2Kgs	5	8	וַיְהִי כִּשְׁמֹעַ אֱלִישָׁע אִישׁ־הָאֱלֹהִים כִּי־קָרַע מֶלֶךְ־יִשְׂרָאֵל אֶת־בְּגָדָיו וַיִּשְׁלַח אֶל־הַמֶּלֶךְ לֵאמֹר לָמָּה קָרַעְתָּ בְּגָדֶיךָ יָבֹא־נָא אֵלַי וְיֵדַע כִּי יֵשׁ נָבִיא בְּיִשְׂרָאֵל ׃	καὶ ἐγένετο ὡς ἤκουσεν Ἐλεισαῖε ὄτι διέρρηξεν ὁ βασιλεὺς Ἰσραὴλ τὰ ἱμάτια ἑαυτοῦ, καὶ ἀπέστειλεν πρὸς πρὸς βασιλέα Ἰσραὴλ λέγων Ἴνα τί διέρρηξας τὰ ἱμάτιά σου; ἐλθέτω δὴ πρὸς μὲ Ναμὰν καὶ γνώτω ὄτι έστιν προφήτης ἐν Ἰσραήλ.	quod cum audisset Heliseus vir Dei scidisse videlicet regem Israhel vestimenta sua misit ad eum dicens quare scidisti vestimenta tua veniat ad me et sciat esse prophetam in Israhel	Quod cum audisset Eliseus vir Dei, scidisse videlicet regem Israël vestimenta sua, misit ad eum, dicens: Quare scidisti vestimenta tua? veniat ad me, et sciat esse prophetam in Israël.		And it was so, when Elisha the man of God had heard that the king of Israel had rent his clothes, that he sent to the king, saying, Wherefore hast thou rent thy clothes? let him come now to me, and he shall know that there is a prophet in Israel.
2Kgs	5	9	וַיָּבֹא נַעֲמָן בְּסוּסוֹ וּבְרִכְבּוֹ וַיַּעֲמֹד פֶּתַח־הַבַּיִת לֶאֱלִישָׁע ׃	καὶ ἦλθεν Ναιμὰν ἐν ἴππῳ καὶ ἄρματι, καὶ ἔστη ἐπὶ θύρας οἴκου Ἐλεισαἴε.	venit ergo Naaman cum equis et curribus et stetit ad ostium domus Helisei	Venit ergo Naaman cum equis et curribus, et stetit ad ostium domus Elisei:		So Naaman came with his horses and with his chariot, and stood at the door of the house of Elisha.
2Kgs	5	10	וַיִּשְׁלַח אֵלָיו אֱלִישָׁע מַלְאָךְ לֵאמֹר הָלוֹךְ וְרָחַצְתָּ שֶׁבַע־פְּעָמִים בַּיַּרְדֵּן וְיָשֹׁב בְּשָׂרְךָ לְךָ וּטְהָר ׃	καὶ ἀπέστειλεν Ἐλεισαῖε ἄγγελον πρὸς αὐτὸν λέγων Πορευθεὶς λοῦσαι ἑπτάκις ἐν τῷ Ἰορδάνῃ, καὶ ἐπιστρέψει ἢ σάρξ σού σοι καὶ καθαρισθήσῃ.	misitque ad eum Heliseus nuntium dicens vade et lavare septies in Iordane et recipiet sanitatem caro tua atque mundaberis	misitque ad eum Eliseus nuntium, dicens: Vade, et lavare septies in Jordane, et recipiet sanitatem caro tua, atque mundaberis.		And Elisha sent a messenger unto him, saying, Go and wash in Jordan seven times, and thy flesh shall come again to thee, and thou shalt be clean.
2Kgs	5	11	וַיִּקְצֹף נַעֲמָן וַיֵּלַךְ וַיֹּאמֶר הִנֵּה אָמַרְתִּי אֵלַי יֵצֵא יָצוֹא וְעָמַד וְקָרָא בְּשֵׁם־יְהוָה אֱלֹהָיו וְהֵנִיף יָדוֹ אֶל־הַמָּקוֹם וְאָסַף הַמְּצֹרָע ׃	καὶ ἐθυμώθη Ναιμάν, καὶ ἀπῆλθεν καὶ εἶπεν Ἰδοὺ εἶπον Πρὸς μὲ πάντως ἐξελεύσεται καὶ ἐπικαλέσεται ἐν ὀνόματι θεοῦ αὐτοῦ, καὶ ἐπιθήσει τὴν χεῖρα αὐτοῦ ἐπὶ τὸν τόπον, καὶ ἀποσυνάξει τὸ λεπρόν.	iratus Naaman recedebat dicens putabam quod egrederetur ad me et stans invocaret nomen Domini Dei sui et tangeret manu sua locum leprae et curaret me	Iratus Naaman recedebat, dicens: Putabam quod egrederetur ad me, et stans invocaret nomen Domini Dei sui, et tangeret manu sua locum lepræ, et curaret me.		But Naaman was wroth, and went away, and said, Behold, I thought, He will surely come out to me, and stand, and call on the name of the Lord his God, and strike his hand over the place, and recover the leper.
2Kgs	5	12	הֲלֹא טוֹב אֲבָנָה וּפַרְפַּר נַהֲרוֹת דַּמֶּשֶׂק מִכֹּל מֵימֵי יִשְׂרָאֵל הֲלֹא־אֶרְחַץ בָּהֶם וְטָהָרְתִּי וַיִּפֶן וַיֵּלֶךְ בְּחֵמָה ׃	οὐχὶ ἀγαθὸς Ἀβανὰ καὶ Ἀφαρξὰ ποταμοὶ Δαμασκοῦ ὑπὲρ πάντα τὰ ὔδατα Ἰσραήλ ; οὐχὶ πορευθεὶς λούσομαι ἐν αὐτοῖς καὶ καθαρισθήσομαι ; καὶ ἐξέκλινεν καὶ ἀπῆλθεν ἐν θυμῷ.	numquid non meliores sunt Abana et Pharphar fluvii Damasci omnibus aquis Israhel ut laver in eis et munder cum ergo vertisset se et abiret indignans	Numquid non meliores sunt Abana et Pharphar fluvii Damasci, omnibus aquis Israël, ut laver in eis, et munder? Cum ergo vertisset se, et abiret indignans,		Are not Abana and Pharpar, rivers of Damascus, better than all the waters of Israel? may I not wash in them, and be clean? So he turned and went away in a rage.
2Kgs	5	13	וַיִּגְּשׁוּ עֲבָדָיו וַיְדַבְּרוּ אֵלָיו וַיֹּאמְרוּ אָבִי דָּבָר גָּדוֹל הַנָּבִיא דִּבֶּר אֵלֶיךָ הֲלוֹא תַעֲשֶׂה וְאַף כִּי־אָמַר אֵלֶיךָ רְחַץ וּטְהָר ׃	καὶ ἤγγισαν οἱ παῖδες αὐτοῦ καὶ ἐλάλησαν πρὸς αὐτόν Μέγαν λόγον ἐλάλησεν ὁ προφήτης πρὸς σέ, οὐχὶ ποιήσεις ; καὶ ὅτι εἶπεν πρὸς σέ λοῦσαι καὶ καθαρίσθητι.	accesserunt ad eum servi sui et locuti sunt ei pater si rem grandem dixisset tibi propheta certe facere debueras quanto magis quia nunc dixit tibi lavare et mundaberis	accesserunt ad eum servi sui, et locuti sunt ei: Pater, etsi rem grandem dixisset tibi propheta, certe facere debueras: quanto magis quia nunc dixit tibi: Lavare, et mundaberis?		And his servants came near, and spake unto him, and said, My father, if the prophet had bid thee do some great thing, wouldest thou not have done it? how much rather then, when he saith to thee, Wash, and be clean?
2Kgs	5	14	וַיֵּרֶד וַיִּטְבֹּל בַּיַּרְדֵּן שֶׁבַע פְּעָמִים כִּדְבַר אִישׁ הָאֱלֹהִים וַיָּשָׁב בְּשָׂרוֹ כִּבְשַׂר נַעַר קָטֹן וַיִּטְהָר ׃	καὶ κατέβη Ναιμὰν καὶ ἐβαπτίσατο ἐν τῷ Ἰορδάνῃ ἑπτάκι κατὰ τὸ ῥῆμα Ἐλεισαῖε· καὶ ἐπέστρεψεν ἡ σὰρξ αὐτοῦ ὡς σὰρξ παιδαρίου μικροῦ, καὶ ἐκαθαρίσθη.	descendit et lavit in Iordane septies iuxta sermonem viri Dei et restituta est caro eius sicut caro pueri parvuli et mundatus est	Descendit, et lavit in Jordane septies juxta sermonem viri Dei: et restituta est caro ejus sicut caro pueri parvuli, et mundatus est.		Then went he down, and dipped himself seven times in Jordan, according to the saying of the man of God: and his flesh came again like unto the flesh of a little child, and he was clean.
2Kgs	5	15	וַיָּשָׁב אֶל־אִישׁ הָאֱלֹהִים הוּא וְכָל־מַחֲנֵהוּ וַיָּבֹא וַיַּעֲמֹד לְפָנָיו וַיֹּאמֶר הִנֵּה־נָא יָדַעְתִּי כִּי אֵין אֱלֹהִים בְּכָל־הָאָרֶץ כִּי אִם־בְּיִשְׂרָאֵל וְעַתָּה קַח־נָא בְרָכָה מֵאֵת עַבְדֶּךָ ׃	καὶ ἐπέεν στρεψεν πρὸς Ἐλεισαῖε αὐτὸς καὶ πᾶσα ἡ παρεμβολὴ αὐτοῦ, κοὶ ἦλθεν καὶ ἔστη καὶ εἶπεν Ἰδοὺ ἔγνωκα ὄτι οὐκ ἔστιν θεὸς ἐν πάσῃ τῇ γῇ ὄτι ἀλλ’ ἢ ἐν τῷ Ἰσραήλ· καὶ νῦν λάβε τὴν εὐλογίαν παρὰ τοῦ δούλου σου.	reversusque ad virum Dei cum universo comitatu suo venit et stetit coram eo et ait vere scio quod non sit Deus in universa terra nisi tantum in Israhel obsecro itaque ut accipias benedictionem a servo tuo	Reversusque ad virum Dei cum universo comitatu suo, venit, et stetit coram eo, et ait: Vere scio quod non sit alius deus in universa terra, nisi tantum in Israël. Obsecro itaque ut accipias benedictionem a servo tuo.		And he returned to the man of God, he and all his company, and came, and stood before him: and he said, Behold, now I know that there is no God in all the earth, but in Israel: now therefore, I pray thee, take a blessing of thy servant.
2Kgs	5	16	וַיֹּאמֶר חַי־יְהוָה אֲשֶׁר־עָמַדְתִּי לְפָנָיו אִם־אֶקָּח וַיִּפְצַר־בּוֹ לָקַחַת וַיְמָאֵן ׃	καὶ εἶπεν Ἐλεσαῖε ῇ Κύριος ᾦ παρέστην ἐνώπιον αὐτοῦ, εἰ λήμψομαι· καὶ παρεβιάσατο αὐτὸν λαβεῖν, καὶ ἠπείθησεν.	at ille respondit vivit Dominus ante quem sto quia non accipiam cumque vim faceret penitus non adquievit	At ille respondit: Vivit Dominus, ante quem sto, quia non accipiam. Cumque vim faceret, penitus non acquievit.		But he said, As the Lord liveth, before whom I stand, I will receive none. And he urged him to take it; but he refused.
2Kgs	5	17	וַיֹּאמֶר נַעֲמָן וָלֹא יֻתַּן־נָא לְעַבְדְּךָ מַשָּׂא צֶמֶד־פְּרָדִים אֲדָמָה כִּי לוֹא־יַעֲשֶׂה עוֹד עַבְדְּךָ עֹלָה וָזֶבַח לֵאלֹהִים אֲחֵרִים כִּי אִם־לַיהוָה ׃	καὶ εἶπεν Ναιμάν Καὶ εἰ μή, δοθήτω δὴ τῷ δούλῳ σου γόπμορ, ζεύγη ἡμιόνων, ὅτι οὐ ποιήσει ἔτι ὁ δοῦλός σου ὁλοκαύτωμα καὶ θυσίασμα θεοῖς ἑτέροις ἀλλ’ ἢ τῷ κυρίῳ.	dixitque Naaman ut vis sed obsecro concede mihi servo tuo ut tollam onus duorum burdonum de terra non enim faciet ultra servus tuus holocaustum aut victimam diis alienis nisi Domino	Dixitque Naaman: Ut vis: sed, obsecro, concede mihi servo tuo ut tollam onus duorum burdonum de terra: non enim faciet ultra servus tuus holocaustum aut victimam diis alienis, nisi Domino.		And Naaman said, Shall there not then, I pray thee, be given to thy servant two mules' burden of earth? for thy servant will henceforth offer neither burnt offering nor sacrifice unto other gods, but unto the Lord.
2Kgs	5	18	לַדָּבָר הַזֶּה יִסְלַח יְהוָה לְעַבְדֶּךָ בְּבוֹא אֲדֹנִי בֵית־רִמּוֹן לְהִשְׁתַּחֲוֹת שָׁמָּה וְהוּא נִשְׁעָן עַל־יָדִי וְהִשְׁתַּחֲוֵיתִי בֵּית רִמֹּן בְּהִשְׁתַּחֲוָיָתִי בֵּית רִמֹּן יִסְלַח־נָא יְהוָה לְעַבְדְּךָ בַּדָּבָר הַזֶּה ׃	τῷ ῥήματι τούτῳ καὶ ἱλάσεται Κύριος τῷ δούλῳ σου, ἐν τῷ εἰσπορεύεσθαι τὸν κύριόν μου εἰς οἶκον Ρεμμὰν προσκυνῆσαι ἐκεῖ· καὶ αὐτὸς ἐπαναπαύσεται ἐπὶ τῆς χειρός μου, καὶ προσκυνήσω ἐν οἴκῳ Ῥεμμὰν ἐν τῷ αὐτὸν ἐν οἴκῳ Ῥεμμάν· καὶ ἱλασεται δὴ Κύριος τῷ δούλῳ σου ε λόγῳ τούτῳ.	hoc autem solum est de quo depreceris Dominum pro servo tuo quando ingreditur dominus meus templum Remmon ut adoret et illo innitente super manum meam si adoravero in templo Remmon adorante me in eodem loco ut ignoscat mihi Dominus servo tuo pro hac re	Hoc autem solum est, de quo depreceris Dominum pro servo tuo, quando ingredietur dominus meus templum Remmon ut adoret: et illo innitente super manum meam, si adoravero in templo Remmon, adorante eo in eodem loco, ut ignoscat mihi Dominus servo tuo pro hac re.		In this thing the Lord pardon thy servant, that when my master goeth into the house of Rimmon to worship there, and he leaneth on my hand, and I bow myself in the house of Rimmon: when I bow down myself in the house of Rimmon, the Lord pardon thy servant in this thing.
2Kgs	5	19	וַיֹּאמֶר לוֹ לֵךְ לְשָׁלוֹם וַיֵּלֶךְ מֵאִתּוֹ כִּבְרַת־אָרֶץ ׃ ס	καὶ εἶπεν Ἐλεισαῖε πρὸς Ναιμάν Δεῦρο εἰς εἰρήνην· καὶ ἀπῆλθεν παρ’ αὐτοῦ εἰς δεβραθὰ τῆς γῆς.	qui dixit ei vade in pace abiit ergo ab eo electo terrae tempore	Qui dixit ei: Vade in pace. Abiit ergo ab eo electo terræ tempore.		And he said unto him, Go in peace. So he departed from him a little way.
2Kgs	5	20	וַיֹּאמֶר גֵּיחֲזִי נַעַר אֱלִישָׁע אִישׁ־הָאֱלֹהִים הִנֵּה חָשַׂךְ אֲדֹנִי אֶת־נַעֲמָן הָאֲרַמִּי הַזֶּה מִקַּחַת מִיָּדוֹ אֵת אֲשֶׁר־הֵבִיא חַי־יְהוָה כִּי־אִם־רַצְתִּי אַחֲרָיו וְלָקַחְתִּי מֵאִתּוֹ מְאוּמָה ׃	Καὶ εἶπεν Γιεζεὶ τὸ παιδάριον Ἐλεισαῖε Ἰδοὺ ἐφείσατο ὁ κύριός μου τοῦ τοῦ Σύρου τούτου, τοῦ μὴ λαβεῖν ἐκ χειρὸς αὐτοῦ ἃ ἐνήνο Κύριος ὄτι εἰ μὴ δραμοῦμαι ὀπίσω αὐτοῦ καὶ λήμψομαι παρ τι.	dixitque Giezi puer viri Dei pepercit dominus meus Naaman Syro isti ut non acciperet ab eo quae adtulit vivit Dominus quia curram post eum et accipiam ab eo aliquid	Dixitque Giezi puer viri Dei: Pepercit dominus meus Naaman Syro isti, ut non acciperet ab eo quæ attulit: vivit Dominus, quia curram post eum, et accipiam ab eo aliquid.		But Gehazi, the servant of Elisha the man of God, said, Behold, my master hath spared Naaman this Syrian, in not receiving at his hands that which he brought: but, as the Lord liveth, I will run after him, and take somewhat of him.
2Kgs	5	21	וַיִּרְדֹּף גֵּיחֲזִי אַחֲרֵי נַעֲמָן וַיִּרְאֶה נַעֲמָן רָץ אַחֲרָיו וַיִּפֹּל מֵעַל הַמֶּרְכָּבָה לִקְרָאתוֹ וַיֹּאמֶר הֲשָׁלוֹם ׃	καὶ ἐδίωξε Γιεζεὶ ὀπίσω τοῦ Ναιμάν· καὶ εἶδεν αὐτὸν Ναιμὰν τρέχοντα ὀπίσω αὐτοῦ, καὶ ἐπέστρεψεν ἀπὸ τοῦ ἅρματος εἰς ἀπαντὴν αὐτοῦ.	et secutus est Giezi post tergum Naaman quem cum vidisset ille currentem ad se desilivit de curru in occursum eius et ait rectene sunt omnia	Et secutus est Giezi post tergum Naaman: quem cum vidisset ille currentem ad se, desiliit de curru in occursum ejus, et ait: Rectene sunt omnia?		So Gehazi followed after Naaman. And when Naaman saw him running after him, he lighted down from the chariot to meet him, and said, Is all well?
2Kgs	5	22	וַיֹּאמֶר שָׁלוֹם אֲדֹנִי שְׁלָחַנִי לֵאמֹר הִנֵּה עַתָּה זֶה בָּאוּ אֵלַי שְׁנֵי־נְעָרִים מֵהַר אֶפְרַיִם מִבְּנֵי הַנְּבִיאִים תְּנָה־נָּא לָהֶם כִּכַּר־כֶּסֶף וּשְׁתֵּי חֲלִפוֹת בְּגָדִים ׃	καὶ εἶπεν Εἰρήνη· ὁ κύριός μου ἀπέστειλέν με λέγων ’lδοὺ νῦν ἦλθον πρὸς μὲ δύο παιδάρια ἐξ ὄρους Ἐφράιμ ἀπὸ τῶν υἱῶν τῶν προφητῶν· δὸς δὴ αὐτοῖς τάλαντον ἀργυρίου καὶ δύο ἀλλασσομένας στολάς.	et ille ait recte dominus meus misit me dicens modo venerunt ad me duo adulescentes de monte Ephraim ex filiis prophetarum da eis talentum argenti et vestes mutatorias duplices	Et ille ait: Recte. Dominus meus misit me ad te dicens: Modo venerunt ad me duo adolescentes de monte Ephraim, ex filiis prophetarum: da eis talentum argenti, et vestes mutatorias duplices.		And he said, All is well. My master hath sent me, saying, Behold, even now there be come to me from mount Ephraim two young men of the sons of the prophets: give them, I pray thee, a talent of silver, and two changes of garments.
2Kgs	5	23	וַיֹּאמֶר נַעֲמָן הוֹאֵל קַח כִּכָּרָיִם וַיִּפְרָץ־בּוֹ וַיָּצַר כִּכְּרַיִם כֶּסֶף בִּשְׁנֵי חֲרִטִים וּשְׁתֵּי חֲלִפוֹת בְּגָדִים וַיִּתֵּן אֶל־שְׁנֵי נְעָרָיו וַיִּשְׂאוּ לְפָנָיו ׃	καὶ εἶπεν Ναιμάν Λάβε διτάλαντον ἀργυρίου· καὶ ἔλαβεν ἐν δυσὶ θυλάκοις, καὶ δύο ἀλλασσομένας στολάς· καὶ ἔδωκεν ἐπὶ δύο παιδάρια αύτοῦ, καὶ ᾖρον ἔμπροσθεν αὐτοῦ.	dixitque Naaman melius est ut accipias duo talenta et coegit eum ligavitque duo talenta argenti in duobus saccis et duplicia vestimenta et inposuit duobus pueris suis qui et portaverunt coram eo	Dixitque Naaman: Melius est ut accipias duo talenta. Et coëgit eum, ligavitque duo talenta argenti in duobus saccis, et duplicia vestimenta, et imposuit duobus pueris suis, qui et portaverunt coram eo.		And Naaman said, Be content, take two talents. And he urged him, and bound two talents of silver in two bags, with two changes of garments, and laid them upon two of his servants; and they bare them before him.
2Kgs	5	24	וַיָּבֹא אֶל־הָעֹפֶל וַיִּקַּח מִיָּדָם וַיִּפְקֹד בַּבָּיִת וַיְשַׁלַּח אֶת־הָאֲנָשִׁים וַיֵּלֵכוּ ׃	καὶ ἦλθον εἰς τὸ σκοτεινόν, καὶ ἔλαβεν ἐκ τῶν χειρῶν αὐτῶν καὶ παρέθετο ἐν οἴκῳ, καὶ ἐξαπέστειλεν τοὺς ἄνδρας.	cumque venisset iam vesperi tulit de manu eorum et reposuit in domo dimisitque viros et abierunt	Cumque venisset jam vesperi, tulit de manu eorum, et reposuit in domo, dimisitque viros, et abierunt.		And when he came to the tower, he took them from their hand, and bestowed them in the house: and he let the men go, and they departed.
2Kgs	5	25	וְהוּא־בָא וַיַּעֲמֹד אֶל־אֲדֹנָיו וַיֹּאמֶר אֵלָיו אֱלִישָׁע מֵאָן גֵּחֲזִי וַיֹּאמֶר לֹא־הָלַךְ עַבְדְּךָ אָנֶה וָאָנָה ׃	καὶ αὐτὸς εἰσῆλθεν καὶ παρειστήκει πρὸς τὸν κύριον αὐτοῦ· καὶ εἶπεν πρὸς αὐτὸν Ἐλεισαῖε Πόθεν Γιεζεί ; καὶ εἶπεν Γιεζεί Οὐ πεπόρευται ὁ δοῦλός σου ἔνθα καὶ ἔνθα.	ipse autem ingressus stetit coram domino suo et dixit Heliseus unde venis Giezi qui respondit non ivit servus tuus quoquam	Ipse autem ingressus, stetit coram domino suo. Et dixit Eliseus: Unde venis, Giezi? Qui respondit: Non ivit servus tuus quoquam.		But he went in, and stood before his master. And Elisha said unto him, Whence comest thou, Gehazi? And he said, Thy servant went no whither.
2Kgs	5	26	וַיֹּאמֶר אֵלָיו לֹא־לִבִּי הָלַךְ כַּאֲשֶׁר הָפַךְ־אִישׁ מֵעַל מֶרְכַּבְתּוֹ לִקְרָאתֶךָ הַעֵת לָקַחַת אֶת־הַכֶּסֶף וְלָקַחַת בְּגָדִים וְזֵיתִים וּכְרָמִים וְצֹאן וּבָקָר וַעֲבָדִים וּשְׁפָחוֹת ׃	καὶ εἶπεν πρὸς αὐτὸν Ἐλεισαῖε Οὐχὶ ἡ καρδία ἐπορεύθη μετὰ σοῦ ὄτε ἐπέστρεψεν ὁ ἀνὴρ ἀπὸ τοῦ ἅρματος εἰς συναντήν σοι; καὶ νῦν ἔλαβες τὸ ἀργύριον, καὶ νῦν ἔλαβες τὰ ἱμάτια καὶ ἐλαιῶνας καὶ ἀμπελῶνας καὶ πρόβατα καὶ βόας καὶ παῖδας καὶ παιδίσκας·	at ille nonne ait cor meum in praesenti erat quando reversus est homo de curru suo in occursum tui nunc igitur accepisti argentum et accepisti vestes ut emas oliveta et vineta et oves et boves et servos et ancillas	At ille ait: Nonne cor meum in præsenti erat, quando reversus est homo de curru suo in occursum tui? nunc igitur accepisti argentum, et accepisti vestes ut emas oliveta, et vineas, et oves, et boves, et servos, et ancillas.		And he said unto him, Went not mine heart with thee, when the man turned again from his chariot to meet thee? Is it a time to receive money, and to receive garments, and oliveyards, and vineyards, and sheep, and oxen, and menservants, and maidservants?
2Kgs	5	27	וְצָרַעַת נַעֲמָן תִּדְבַּק־בְּךָ וּבְזַרְעֲךָ לְעוֹלָם וַיֵּצֵא מִלְּפָנָיו מְצֹרָע כַּשָּׁלֶג ׃ ס	καὶ ἡ λέπρα Ναιμὰν κολληθήσεται ἐν σοὶ καὶ ἐν τῷ ί σου εἰς τὸν αἰῶνα. καὶ ἐξῆλθεν ἐκ προσώπου αὐτοῦ λελεωσει χιων.	sed et lepra Naaman adherebit tibi et semini tuo in sempiternum et egressus est ab eo leprosus quasi nix	Sed et lepra Naaman adhærebit tibi, et semini tuo usque in sempiternum. Et egressus est ab eo leprosus quasi nix.		The leprosy therefore of Naaman shall cleave unto thee, and unto thy seed for ever. And he went out from his presence a leper as white as snow.
2Kgs	6	1	וַיֹּאמְרוּ בְנֵי־הַנְּבִיאִים אֶל־אֱלִישָׁע הִנֵּה־נָא הַמָּקוֹם אֲשֶׁר אֲנַחְנוּ יֹשְׁבִים שָׁם לְפָנֶיךָ צַר מִמֶּנּוּ ׃	Καὶ εἶπον οἱ υἱοὶ τῶν προφητῶν πρὸς Ἐλεισαῖε Ἰδοὺ δὴ ὁ τόπος ἐν ᾧ ἡμεῖς οἰκοῦμεν ἐνώπιόν σου στενὸς ἀφ’ ἡμῶν·	dixerunt autem filii prophetarum ad Heliseum ecce locus in quo habitamus coram te angustus est nobis	Dixerunt autem filii prophetarum ad Eliseum: Ecce locus in quo habitamus coram te, angustus est nobis.		And the sons of the prophets said unto Elisha, Behold now, the place where we dwell with thee is too strait for us.
2Kgs	6	2	נֵלְכָה־נָּא עַד־הַיַּרְדֵּן וְנִקְחָה מִשָּׁם אִישׁ קוֹרָה אֶחָת וְנַעֲשֶׂה־לָּנוּ שָׁם מָקוֹם לָשֶׁבֶת שָׁם וַיֹּאמֶר לֵכוּ ׃	πορευθῶμεν δὴ ἕως τοῦ Ἰορδάνου καὶ λάβωμεν ἐκεῖθεν ἀνὴρ εἷς δοκὸν μίαν, καὶ ποιήσωμεν ἑαυτοῖς ἐκεῖ τοῦ οἰκεῖν ἐκεῖ. καὶ εἶπεν Δεῦτε.	eamus usque ad Iordanem et tollant singuli de silva materias singulas ut aedificemus nobis ibi locum ad habitandum qui dixit ite	Eamus usque ad Jordanem, et tollant singuli de silva materias singulas, ut ædificemus nobis ibi locum ad habitandum. Qui dixit: Ite.		Let us go, we pray thee, unto Jordan, and take thence every man a beam, and let us make us a place there, where we may dwell. And he answered, Go ye.
2Kgs	6	3	וַיֹּאמֶר הָאֶחָד הוֹאֶל נָא וְלֵךְ אֶת־עֲבָדֶיךָ וַיֹּאמֶר אֲנִי אֵלֵךְ ׃	καὶ εἶπεν ὁ εἷς Ἐπιεικῶς, δεῦρο μετὰ τῶν δούλων σου· καὶ εἶπεν ’Eγὼ πορεύσομαι.	et ait unus ex illis veni ergo et tu cum servis tuis respondit ego veniam	Et ait unus ex illis: Veni ergo et tu cum servis tuis. Respondit: Ego veniam.		And one said, Be content, I pray thee, and go with thy servants. And he answered, I will go.
2Kgs	6	4	וַיֵּלֶךְ אִתָּם וַיָּבֹאוּ הַיַּרְדֵּנָה וַיִּגְזְרוּ הָעֵצִים ׃	καὶ ἐπορεύθη μετ’ αὐτῶν, καὶ ἦλθον εἰς τὸν Ἰορδάνην καὶ ἔτεμνον τὰ ξύλα.	et abiit cum eis cumque venissent ad Iordanem caedebant ligna	Et abiit cum eis. Cumque venissent ad Jordanem, cædebant ligna.		So he went with them. And when they came to Jordan, they cut down wood.
2Kgs	6	5	וַיְהִי הָאֶחָד מַפִּיל הַקּוֹרָה וְאֶת־הַבַּרְזֶל נָפַל אֶל־הַמָּיִם וַיִּצְעַק וַיֹּאמֶר אֲהָהּ אֲדֹנִי וְהוּא שָׁאוּל ׃	καὶ ἰδοὺ ὁ εἷς καταβάλλων τὴν δοκόν, καὶ τὸ σιδήριον ἐξέπεσεν εἰς τὸ ὕδωρ· καὶ ἐβόησεν Ὤ, κύριε· καὶ αὐτὸ κεκρυμμένον .	accidit autem ut cum unus materiem succidisset caderet ferrum securis in aquam exclamavitque ille et ait eheu eheu eheu domine mi et hoc ipsum mutuo acceperam	Accidit autem ut cum unus materiam succidisset, caderet ferrum securis in aquam: exclamavitque ille, et ait: Heu! heu! heu! domine mi: et hoc ipsum mutuo acceperam.		But as one was felling a beam, the axe head fell into the water: and he cried, and said, Alas, master! for it was borrowed.
2Kgs	6	6	וַיֹּאמֶר אִישׁ־הָאֱלֹהִים אָנָה נָפָל וַיַּרְאֵהוּ אֶת־הַמָּקוֹם וַיִּקְצָב־עֵץ וַיַּשְׁלֶךְ־שָׁמָּה וַיָּצֶף הַבַּרְזֶל ׃	καὶ εἶπεν ὁ ἄνθρωπος τοῦ θεοῦ Ποῦ ἔπεσεν ; καὶ ἔδειξεν αὐτῶ τὸν τόπον· καὶ ἀπέκνισεν ξύλον καὶ ἔρριψεν ἐκεῖ, καὶ καὶ ἐπεπόλασεν τὸ σιδήριον.	dixit autem homo Dei ubi cecidit at ille monstravit ei locum praecidit ergo lignum et misit illuc natavitque ferrum	Dixit autem homo Dei: Ubi cecidit? At ille monstravit ei locum. Præcidit ergo lignum, et misit illuc: natavitque ferrum,		And the man of God said, Where fell it? And he shewed him the place. And he cut down a stick, and cast it in thither; and the iron did swim.
2Kgs	6	7	וַיֹּאמֶר הָרֶם לָךְ וַיִּשְׁלַח יָדוֹ וַיִּקָּחֵהוּ ׃ פ	καὶ εἴρηκεν Ὕψωσον σαυτῷ· καὶ ἐξέτεινεν τὴν χεῖρα καὶ ἔλαβεν αὐτό.	et ait tolle qui extendit manum et tulit illud	et ait: Tolle. Qui extendit manum, et tulit illud.		Therefore said he, Take it up to thee. And he put out his hand, and took it.
2Kgs	6	8	וּמֶלֶךְ אֲרָם הָיָה נִלְחָם בְּיִשְׂרָאֵל וַיִּוָּעַץ אֶל־עֲבָדָיו לֵאמֹר אֶל־מְקוֹם פְּלֹנִי אַלְמֹנִי תַּחֲנֹתִי ׃	Καὶ βασιλεὺς Συρίας ἦν πολεμῶν ἐν Ἰσραήλ, καὶ ἐβουλεύσατο πρὸς τοὺς παῖδας αὐτοῦ λέγων Εἰς τὸν τόπον τόνδε τινὰ ἐ παρεμβαλῶ.	rex autem Syriae pugnabat contra Israhel consiliumque iniit cum servis suis dicens in loco illo et illo ponamus insidias	Rex autem Syriæ pugnabat contra Israël, consiliumque iniit cum servis suis, dicens: In loco illo et illo ponamus insidias.		Then the king of Syria warred against Israel, and took counsel with his servants, saying, In such and such a place shall be my camp.
2Kgs	6	9	וַיִּשְׁלַח אִישׁ הָאֱלֹהִים אֶל־מֶלֶךְ יִשְׂרָאֵל לֵאמֹר הִשָּׁמֶר מֵעֲבֹר הַמָּקוֹם הַזֶּה כִּי־שָׁם אֲרָם נְחִתִּים ׃	καὶ ἀπέστειλεν Ἐλεισαῖε πρὸς βασιλέα Ἰσραὴλ Φύλαξαι μὴ παρελθεῖν ἐν τῷ τόπῳ τούτῳ, ὄτι ἐκεῖ Συρία	misit itaque vir Dei ad regem Israhel dicens cave ne transeas in loco illo quia ibi Syri in insidiis sunt	Misit itaque vir Dei ad regem Israël, dicens: Cave ne transeas in locum illum: quia ibi Syri in insidiis sunt.		And the man of God sent unto the king of Israel, saying, Beware that thou pass not such a place; for thither the Syrians are come down.
2Kgs	6	10	וַיִּשְׁלַח מֶלֶךְ יִשְׂרָאֵל אֶל־הַמָּקוֹם אֲשֶׁר אָמַר־לוֹ אִישׁ־הָאֱלֹהִים וְהִזְהִירָהּ וְנִשְׁמַר שָׁם לֹא אַחַת וְלֹא שְׁתָּיִם ׃	καὶ ἀπέστειλεν ὁ βασιλεὺς Ἰσραὴλ εἰς τὸν τόπον ὃν εἶπεν αὐτῶ Ἐλεισαῖε, καὶ ἐφυλάξατο ἐκεῖθεν οὐ μίαν οὐδὲ δύο.	misit rex Israhel ad locum quem dixerat ei vir Dei et praeoccupavit eum et observavit se ibi non semel neque bis	Misit itaque rex Israël ad locum quem dixerat ei vir Dei, et præoccupavit eum, et observavit se ibi non semel neque bis.		And the king of Israel sent to the place which the man of God told him and warned him of, and saved himself there, not once nor twice.
2Kgs	6	11	וַיִּסָּעֵר לֵב מֶלֶךְ־אֲרָם עַל־הַדָּבָר הַזֶּה וַיִּקְרָא אֶל־עֲבָדָיו וַיֹּאמֶר אֲלֵיהֶם הֲלוֹא תַּגִּידוּ לִי מִי מִשֶּׁלָּנוּ אֶל־מֶלֶךְ יִשְׂרָאֵל ׃	καὶ ιλέως Συρίας περὶ τοῦ λόγου τούτου, καὶ ἐ αὐτοῦ καὶ εἶπεν πρὸς αὐτούς Οὐκ ἀναγγελεῖτέ μοι τίς δωσίν με βασιλεῖ Ἰσραήλ;	conturbatumque est cor regis Syriae pro hac re et convocatis servis suis ait quare non indicastis mihi quis proditor mei sit apud regem Israhel	Conturbatumque est cor regis Syriæ pro hac re: et convocatis servis suis, ait: Quare non indicatis mihi quis proditor mei sit apud regem Israël?		Therefore the heart of the king of Syria was sore troubled for this thing; and he called his servants, and said unto them, Will ye not shew me which of us is for the king of Israel?
2Kgs	6	12	וַיֹּאמֶר אַחַד מֵעֲבָדָיו לוֹא אֲדֹנִי הַמֶּלֶךְ כִּי־אֱלִישָׁע הַנָּבִיא אֲשֶׁר בְּיִשְׂרָאֵל יַגִּיד לְמֶלֶךְ יִשְׂרָאֵל אֶת־הַדְּבָרִים אֲשֶׁר תְּדַבֵּר בַּחֲדַר מִשְׁכָּבֶךָ ׃	καὶ εἶπεν εἷς τῶν παίδων αὐτοῦ κύριε μου βασιλεῦ, ὄτι Ἐλεισαῖε ὁ προφήτης ὁ ἐν Ἰσραὴλ ἀναγγέλλει τῷ βασιλεῖ Ἰσραὴλ πάντας τοὺς λόγους οὺς ἐὰν λαλήσῃς ἐν τῷ ταμείῶ τοῦ κοιτῶνός σου.	dixitque unus servorum eius nequaquam domine mi rex sed Heliseus propheta qui est in Israhel indicat regi Israhel omnia verba quaecumque locutus fueris in conclavi tuo	Dixitque unus servorum ejus: Nequaquam, domine mi rex, sed Eliseus propheta qui est in Israël, indicat regi Israël omnia verba quæcumque locutus fueris in conclavi tuo.		And one of his servants said, None, my lord, O king: but Elisha, the prophet that is in Israel, telleth the king of Israel the words that thou speakest in thy bedchamber.
2Kgs	6	13	וַיֹּאמֶר לְכוּ וּרְאוּ אֵיכֹה הוּא וְאֶשְׁלַח וְאֶקָּחֵהוּ וַיֻּגַּד־לוֹ לֵאמֹר הִנֵּה בְדֹתָן ׃	καὶ ἐἶπεν Δεῦτε ἴδετε ποῦ οὗτος, κα ἀποστείλας λήμψομαι αὐτόν· καὶ ἀνήγγειλαν αὐτῷ λέγοντες Ἰδοὺ ἐν Δωθάειμ.	dixit eis ite et videte ubi sit ut mittam et capiam eum adnuntiaveruntque ei dicentes ecce in Dothan	Dixitque eis: Ite, et videte ubi sit, ut mittam, et capiam eum. Annuntiaveruntque ei, dicentes: Ecce in Dothan.		And he said, Go and spy where he is, that I may send and fetch him. And it was told him, saying, Behold, he is in Dothan.
2Kgs	6	14	וַיִּשְׁלַח־שָׁמָּה סוּסִים וְרֶכֶב וְחַיִל כָּבֵד וַיָּבֹאוּ לַיְלָה וַיַּקִּפוּ עַל־הָעִיר ׃	καὶ ἀπέστειλεν ἐκεὶ ἴππον καὶ ἅρμα κα δύναμιν βαρεῖαν, καὶ ἦλθον νυκτὸς καὶ περιεκύκλωσαν τὴν πόλιν.	misit ergo illuc equos et currus et robur exercitus qui cum venissent nocte circumdederunt civitatem	Misit ergo illuc equos et currus, et robur exercitus: qui cum venissent nocte, circumdederunt civitatem.		Therefore sent he thither horses, and chariots, and a great host: and they came by night, and compassed the city about.
2Kgs	6	15	וַיַּשְׁכֵּם מְשָׁרֵת אִישׁ הָאֱלֹהִים לָקוּם וַיֵּצֵא וְהִנֵּה־חַיִל סוֹבֵב אֶת־הָעִיר וְסוּס וָרָכֶב וַיֹּאמֶר נַעֲרוֹ אֵלָיו אֲהָהּ אֲדֹנִי אֵיכָה נַעֲשֶׂה ׃	καὶ ὤρθρισεν ὁ λειτουργὸς Ἐλεισαῖε ἀναστῆναι κα ἐξῆλθεν, καὶ ἰδοὺ κυκλοῦσα τὴν πόλιν καὶ ἴππος καὶ ἄρμα· καὶ εἰπεν τὸ πρὸς αὐτόν Ὥ, κύριε· πῶς ποιήσωμεν ;	consurgens autem diluculo minister viri Dei egressus est viditque exercitum in circuitu civitatis et equos et currus nuntiavitque ei dicens eheu eheu domine mi quid faciemus	Consurgens autem diluculo minister viri Dei, egressus vidit exercitum in circuitu civitatis, et equos et currus: nuntiavitque ei, dicens: Heu! heu! heu! domine mi: quid faciemus?		And when the servant of the man of God was risen early, and gone forth, behold, an host compassed the city both with horses and chariots. And his servant said unto him, Alas, my master! how shall we do?
2Kgs	6	16	וַיֹּאמֶר אַל־תִּירָא כִּי רַבִּים אֲשֶׁר אִתָּנוּ מֵאֲשֶׁר אוֹתָם ׃	καὶ εἶπεν Ἐλεισαῖε Μὴ φοβοῦ, ὄτι πλείους οἱ μεθ’ ἡμῶν ὑπὲρ τοὺς μετ’ αὐτῶν.	at ille respondit noli timere plures enim nobiscum sunt quam cum illis	At ille respondit: Noli timere: plures enim nobiscum sunt, quam cum illis.		And he answered, Fear not: for they that be with us are more than they that be with them.
2Kgs	6	17	וַיִּתְפַּלֵּל אֱלִישָׁע וַיֹּאמַר יְהוָה פְּקַח־נָא אֶת־עֵינָיו וְיִרְאֶה וַיִּפְקַח יְהוָה אֶת־עֵינֵי הַנַּעַר וַיַּרְא וְהִנֵּה הָהָר מָלֵא סוּסִים וְרֶכֶב אֵשׁ סְבִיבֹת אֱלִישָׁע ׃	καὶ προσεύξατο Ἐλεισαῖε καὶ εἶπεν κύριε, διάνοιξον τοὺς ὀφθαλμοὺς τοῦ παιδαρίου καὶ ἰδέτω· καὶ διήνοιξεν Κύριος τοὺς ὀφθαλμοὺς αὐτοῦ, καὶ εἶδεν· καὶ ἰδοὺ τὸ ὄρος πλῆρες ἵππων, καὶ ἄρμα πυρὸς περικύκλῳ Ἐλεισαῖε.	cumque orasset Heliseus ait Domine aperi oculos huius ut videat et aperuit Dominus oculos pueri et vidit et ecce mons plenus equorum et curruum igneorum in circuitu Helisei	Cumque orasset Eliseus, ait: Domine, aperi oculos hujus, ut videat. Et aperuit Dominus oculos pueri, et vidit: et ecce mons plenus equorum et curruum igneorum in circuitu Elisei.		And Elisha prayed, and said, Lord, I pray thee, open his eyes, that he may see. And the Lord opened the eyes of the young man; and he saw: and, behold, the mountain was full of horses and chariots of fire round about Elisha.
2Kgs	6	18	וַיֵּרְדוּ אֵלָיו וַיִּתְפַּלֵּל אֱלִישָׁע אֶל־יְהוָה וַיֹּאמַר הַךְ־נָא אֶת־הַגּוֹי־הַזֶּה בַּסַּנְוֵרִים וַיַּכֵּם בַּסַּנְוֵרִים כִּדְבַר אֱלִישָׁע ׃	καὶ κατέβησαν πρὸς αὐτόν· κα προσηύξατο πρὸς Κύριον καὶ εἶπεν Πάταξον δὴ τοῦτο τὸ ἔθνος ἀορασίᾳ· καὶ ἐπάταξεν αὐτοὺς ἀορασίᾳ κατὰ τὸ ῥῆμα Ἐλεισαῖε.	hostes vero descenderunt ad eum porro Heliseus oravit Dominum dicens percute obsecro gentem hanc caecitate percussitque eos Dominus ne viderent iuxta verbum Helisei	Hostes vero descenderunt ad eum: porro Eliseus oravit ad Dominum, dicens: Percute, obsecro, gentem hanc cæcitate. Percussitque eos Dominus ne viderent, juxta verbum Elisei.		And when they came down to him, Elisha prayed unto the Lord, and said, Smite this people, I pray thee, with blindness. And he smote them with blindness according to the word of Elisha.
2Kgs	6	19	וַיֹּאמֶר אֲלֵהֶם אֱלִישָׁע לֹא זֶה הַדֶּרֶךְ וְלֹא זֹה הָעִיר לְכוּ אַחֲרַי וְאוֹלִיכָה אֶתְכֶם אֶל־הָאִישׁ אֲשֶׁר תְּבַקֵּשׁוּן וַיֹּלֶךְ אוֹתָם שֹׁמְרוֹנָה ׃	καὶ εἰπεν πρὸς αὐτοὺς Ἐλεισαῖε Οὐκ αὕτη ἡ πόλις καὶ αὕτη ἡ ὁδός· δεῦτε ὀπίσω μου, καὶ ἄξω ὑμᾶς πρὸς τὸν ἄνδερα ὃν ζητεῖτε· κα ἀπήγαγεν αὐτοὺς πρὸς Σαμάρειαν.	dixit autem ad eos Heliseus non est haec via nec ista est civitas sequimini me et ostendam vobis virum quem quaeritis duxit ergo eos in Samariam	Dixit autem ad eos Eliseus: Non est hæc via, neque ista est civitas: sequimini me, et ostendam vobis virum quem quæritis. Duxit ergo eos in Samariam:		And Elisha said unto them, This is not the way, neither is this the city: follow me, and I will bring you to the man whom ye seek. But he led them to Samaria.
2Kgs	6	20	וַיְהִי כְּבֹאָם שֹׁמְרוֹן וַיֹּאמֶר אֱלִישָׁע יְהוָה פְּקַח אֶת־עֵינֵי־אֵלֶּה וְיִרְאוּ וַיִּפְקַח יְהוָה אֶת־עֵינֵיהֶם וַיִּרְאוּ וְהִנֵּה בְּתוֹךְ שֹׁמְרוֹן ׃	καὶ ἐγένετο ὡς εἰσῆλθον εἰς Σαμάρειαν, καὶ εἰπεν Ἐλεισαῖε Ἄνοιξον δή, Κύριε, τοὺς ὀφθαλμοὺς αὐτῶν καὶ ἰδέτωτσαν· καὶ διήνοιξεν τοὺς ὀφθαλμοὺς αὐτῶν, καὶ εἶδον· καὶ ἰδοὺ ἦσαν ἐν αμαρείας.	cumque ingressi fuissent in Samaria dixit Heliseus Domine aperi oculos istorum ut videant aperuitque Dominus oculos eorum et viderunt esse se in medio Samariae	cumque ingressi fuissent in Samariam, dixit Eliseus: Domine, aperi oculos istorum, ut videant. Aperuitque Dominus oculos eorum, et viderunt se esse in medio Samariæ.		And it came to pass, when they were come into Samaria, that Elisha said, Lord, open the eyes of these men, that they may see. And the Lord opened their eyes, and they saw; and, behold, they were in the midst of Samaria.
2Kgs	6	21	וַיֹּאמֶר מֶלֶךְ־יִשְׂרָאֵל אֶל־אֱלִישָׁע כִּרְאֹתוֹ אוֹתָם הַאַכֶּה אַכֶּה אָבִי ׃	καὶ εἶπεν ὁ βασιλεὺς Ἰσραήλ, ὡς εἶδεν αὐτούς Εἰ ς πατάξω, πάτερ,.	dixitque rex Israhel ad Heliseum cum vidisset eos numquid percutiam eos pater mi	Dixitque rex Israël ad Eliseum, cum vidisset eos: Numquid percutiam eos, pater mi?		And the king of Israel said unto Elisha, when he saw them, My father, shall I smite them? shall I smite them?
2Kgs	6	22	וַיֹּאמֶר לֹא תַכֶּה הַאֲשֶׁר שָׁבִיתָ בְּחַרְבְּךָ וּבְקַשְׁתְּךָ אַתָּה מַכֶּה שִׂים לֶחֶם וָמַיִם לִפְנֵיהֶם וְיֹאכְלוּ וְיִשְׁתּוּ וְיֵלְכוּ אֶל־אֲדֹנֵיהֶם ׃	καὶ εἶπεν Οὑ πατάξεις, εἰ μὴ οὑς ῄψμαλώἐν ῥομφαίᾳ σου καὶ τόξῳ σου σὺ τύπτες· παράθες ἄρτους καὶ ὕδωρ ἐνώπιον αὐτῶν, καὶ φαγέτωσαν καὶ πιέτωσαν, καὶ ἀπελθέτωσαν πρὸς τὸν κύριον αὐτῶν.	at ille ait non percuties neque enim cepisti eos gladio et arcu tuo ut percutias pone panem et aquam coram eis ut comedant et bibant et vadant ad dominum suum	At ille ait: Non percuties: neque enim cepisti eos gladio et arcu tuo, ut percutias: sed pone panem et aquam coram eis, ut comedant et bibant, et vadant ad dominum suum.		And he answered, Thou shalt not smite them: wouldest thou smite those whom thou hast taken captive with thy sword and with thy bow? set bread and water before them, that they may eat and drink, and go to their master.
2Kgs	6	23	וַיִּכְרֶה לָהֶם כֵּרָה גְדוֹלָה וַיֹּאכְלוּ וַיִּשְׁתּוּ וַיְשַׁלְּחֵם וַיֵּלְכוּ אֶל־אֲדֹנֵיהֶם וְלֹא־יָסְפוּ עוֹד גְּדוּדֵי אֲרָם לָבוֹא בְּאֶרֶץ יִשְׂרָאֵל ׃ פ	καὶ παρέθηκεν αὐτοῖς παράθεσιν μεγάλην, καὶ ἔφαγον καὶ ἔπιον· καὶ ἀπέστειλεν αὐτοὺς πρὸς τὸν κύριον αὐτῶν. καὶ οὐ προσέθεντο ἔτι μονόζωνοι Συρίας τοῦ ἐλθεῖν εἰς γῆν Ἰσραήλ.	adpositaque est eis ciborum magna praeparatio et comederunt et biberunt et dimisit eos abieruntque ad dominum suum et ultra non venerunt latrones Syriae in terram Israhel	Appositaque est eis ciborum magna præparatio, et comederunt et biberunt, et dimisit eos, abieruntque ad dominum suum, et ultra non venerunt latrones Syriæ in terram Israël.		And he prepared great provision for them: and when they had eaten and drunk, he sent them away, and they went to their master. So the bands of Syria came no more into the land of Israel.
2Kgs	6	24	וַיְהִי אַחֲרֵי־כֵן וַיִּקְבֹּץ בֶּן־הֲדַד מֶלֶךְ־אֲרָם אֶת־כָּל־מַחֲנֵהוּ וַיַּעַל וַיָּצַר עַל־שֹׁמְרוֹן ׃	ἐγένετο μετὰ ταῦτα καὶ ἤθροισεν υἱὸς Ἁδὲρ βασιλεὺς Συρίας πᾶσαν τὴν παρεμβολὴν αὐτοῦ κα ἀνέβη, κα περιεΣαμάρειαν.	factum est autem post haec congregavit Benadad rex Syriae universum exercitum suum et ascendit et obsidebat Samariam	Factum est autem post hæc, congregavit Benadad rex Syriæ universum exercitum suum, et ascendit, et obsidebat Samariam.		And it came to pass after this, that Benhadad king of Syria gathered all his host, and went up, and besieged Samaria.
2Kgs	6	25	וַיְהִי רָעָב גָּדוֹל בְּשֹׁמְרוֹן וְהִנֵּה צָרִים עָלֶיהָ עַד הֱיוֹת רֹאשׁ־חֲמוֹר בִּשְׁמֹנִים כֶּסֶף וְרֹבַע הַקַּב חֲרֵייוֹנִים בַּחֲמִשָּׁה־כָסֶף ׃	καὶ ἐγένετο λιμὸς μέγας ἐν Σαμαρείᾳ, κα ἰδοὺ ηντο ἐπ’ αὐτὴν ἕως οὗ ἐγενήθη κεφαλὴ ὄνου πεντήκοντα ἀργυρίου καὶ τέταρτον τοῦ κάβου κόπρου περιστερῶν πέντε ἀργυρίου.	factaque est fames magna in Samaria et tamdiu obsessa est donec venundaretur caput asini octoginta argenteis et quarta pars cabi stercoris columbarum quinque argenteis	Factaque est fames magna in Samaria: et tamdiu obsessa est, donec venundaretur caput asini octoginta argenteis, et quarta pars cabi stercoris columbarum quinque argenteis.		And there was a great famine in Samaria: and, behold, they besieged it, until an ass's head was sold for fourscore pieces of silver, and the fourth part of a cab of dove's dung for five pieces of silver.
2Kgs	6	26	וַיְהִי מֶלֶךְ יִשְׂרָאֵל עֹבֵר עַל־הַחֹמָה וְאִשָּׁה צָעֲקָה אֵלָיו לֵאמֹר הוֹשִׁיעָה אֲדֹנִי הַמֶּלֶךְ ׃	καὶ ἦν ὁ βασιλεὺς Ἰσραὴλ διαπορευόμενος ἐπὶ τοῦ τείχους, καὶ γυνὴ ἐβόησεν πρὸς αὐτὸν λέγουσα Σῶσον, κύριε βασιλεῦ.	cumque rex Israhel transiret per murum mulier exclamavit ad eum dicens salva me domine mi rex	Cumque rex Israël transiret per murum, mulier quædam exclamavit ad eum, dicens: Salva me, domine mi rex.		And as the king of Israel was passing by upon the wall, there cried a woman unto him, saying, Help, my lord, O king.
2Kgs	6	27	וַיֹּאמֶר אַל־יוֹשִׁעֵךְ יְהוָה מֵאַיִן אוֹשִׁיעֵךְ הֲמִן־הַגֹּרֶן אוֹ מִן־הַיָּקֶב ׃	καὶ εἶπεν αὐτῇ Μή σε σώσαι Κύριος· πόθεν σώσω σε; μὴ ἀπὸ ἄλωνος ἢ ἀπὸ ληνοῦ;	qui ait non te salvet Dominus unde salvare te possum de area an de torculari dixitque ad eam rex quid tibi vis quae respondit	Qui ait: Non te salvat Dominus: unde te possum salvare? de area, vel de torculari? Dixitque ad eam rex: Quid tibi vis? Quæ respondit:		And he said, If the Lord do not help thee, whence shall I help thee? out of the barnfloor, or out of the winepress?
2Kgs	6	28	וַיֹּאמֶר־לָהּ הַמֶּלֶךְ מַה־לָּךְ וַתֹּאמֶר הָאִשָּׁה הַזֹּאת אָמְרָה אֵלַי תְּנִי אֶת־בְּנֵךְ וְנֹאכְלֶנּוּ הַיּוֹם וְאֶת־בְּנִי נֹאכַל מָחָר ׃	καὶ εἶπεν αὐτῇ ὁ βασιλεύς Τί εστιν σοι ; καὶ εἶπεν ἡ Αὕτη εἶπεν πρὸς μέ Δὸς τὸν υἱόν σου, καὶ φαγόμεθα αὐτὸν καὶ τὸν υἱόν μου, καὶ φαγόμεθα αὐτὸν αὔριον.	mulier ista dixit mihi da filium tuum ut comedamus eum hodie et filium meum comedemus cras	Mulier ista dixit mihi: Da filium tuum, ut comedamus eum hodie, et filium meum comedemus cras.		And the king said unto her, What aileth thee? And she answered, This woman said unto me, Give thy son, that we may eat him to day, and we will eat my son to morrow.
2Kgs	6	29	וַנְּבַשֵּׁל אֶת־בְּנִי וַנֹּאכְלֵהוּ וָאֹמַר אֵלֶיהָ בַּיּוֹם הָאַחֵר תְּנִי אֶת־בְּנֵךְ וְנֹאכְלֶנּוּ וַתַּחְבִּא אֶת־בְּנָהּ ׃	καὶ ἡψήσαμεν τὸν υἱόν μου καὶ ἐφάγομεν αὐτόν, καὶ εἶπον πρὸς αὐτὴν τῇ ἡμέρᾳ τῇ δευτέρᾳ Δὸς τὸν υἱόν σου καὶ φάγωμεν αὐτόν· καὶ ἔκρυψεν τὸν υἱὸν αὐτῆς.	coximus ergo filium meum et comedimus dixique ei die altera da filium tuum ut comedamus eum quae abscondit filium suum	Coximus ergo filium meum, et comedimus. Dixique ei die altera: Da filium tuum, ut comedamus eum. Quæ abscondit filium suum.		So we boiled my son, and did eat him: and I said unto her on the next day, Give thy son, that we may eat him: and she hath hid her son.
2Kgs	6	30	וַיְהִי כִשְׁמֹעַ הַמֶּלֶךְ אֶת־דִּבְרֵי הָאִשָּׁה וַיִּקְרַע אֶת־בְּגָדָיו וְהוּא עֹבֵר עַל־הַחֹמָה וַיַּרְא הָעָם וְהִנֵּה הַשַּׂק עַל־בְּשָׂרוֹ מִבָּיִת ׃	καὶ ἐγένετο ὡς ἤκουσεν ὁ βασιλεὺς τοὺς λόγους τῆς γυναικός, διέρρηξεν τὰ ἱμάτια αὐτοῦ, καὶ αὐτὸς διεπορεύετο ἐπὶ τοῦ τείχους, καὶ εἶδεν ὁ λαὸς τὸν σάκκον ἐπὶ τῆς σαρκὸς αὐτοῦ ἔσωθεν	quod cum audisset rex scidit vestimenta sua et transiebat super murum viditque omnis populus cilicium quo vestitus erat ad carnem intrinsecus	Quod cum audisset rex, scidit vestimenta sua, et transibat per murum. Viditque omnis populus cilicium quo vestitus erat ad carnem intrinsecus.		And it came to pass, when the king heard the words of the woman, that he rent his clothes; and he passed by upon the wall, and the people looked, and, behold, he had sackcloth within upon his flesh.
2Kgs	6	31	וַיֹּאמֶר כֹּה־יַעֲשֶׂה־לִּי אֱלֹהִים וְכֹה יוֹסִף אִם־יַעֲמֹד רֹאשׁ אֱלִישָׁע בֶּן־שָׁפָט עָלָיו הַיּוֹם ׃	καὶ εἶπεν Τάδε ποιήσαι μοι ὁ θεὸς καὶ τάδε προσθείη, εἰ στήσεται ἢ κεφαλὴ Ἐλεισαῖε ἐπ’ αὐτῷ σήμερον.	et ait haec mihi faciat Deus et haec addat si steterit caput Helisei filii Saphat super eum hodie	Et ait rex: Hæc mihi faciat Deus, et hæc addat, si steterit caput Elisei filii Saphat super ipsum hodie.		Then he said, God do so and more also to me, if the head of Elisha the son of Shaphat shall stand on him this day.
2Kgs	6	32	וֶאֱלִישָׁע יֹשֵׁב בְּבֵיתוֹ וְהַזְּקֵנִים יֹשְׁבִים אִתּוֹ וַיִּשְׁלַח אִישׁ מִלְּפָנָיו בְּטֶרֶם יָבֹא הַמַּלְאָךְ אֵלָיו וְהוּא אָמַר אֶל־הַזְּקֵנִים הַרְּאִיתֶם כִּי־שָׁלַח בֶּן־הַמְרַצֵּחַ הַזֶּה לְהָסִיר אֶת־רֹאשִׁי רְאוּ כְּבֹא הַמַּלְאָךְ סִגְרוּ הַדֶּלֶת וּלְחַצְתֶּם אֹתוֹ בַּדֶּלֶת הֲלוֹא קוֹל רַגְלֵי אֲדֹנָיו אַחֲרָיו ׃	καὶ Ἐλεισαῖε ἐκάθητο ἐν τῷ οἴκῳ αὐτοῦ, καὶ οἱ πρεσβύτεροι ἐκάθηντο μετ’ αὐτοῦ· καὶ ἀπέστειλεν ἄνδρα πρὸ προσώπου αὐτοῦ πρὶν ἐλθεῖν τὸν ἄγγελον πρὸς αὐτόν· καὶ εἶπεν πρὸς τοὺς πρεσβυτέρους Εἰ ᾔδειτε ὅτι ἀπέστειλεν ὁ υἱὸς τοῦ φονευτοῦ ἀφελεῖν τὴν κεφαλήν μου; ἴδετε ὡς ἄν ἔλθῃ ὁ ἄγγελος, ἀποκλείσατε τὴν θύραν καὶ παραθλίψατε αὐτὸν ἐν τῇ θύρᾳ· οὐχὶ φωνὴ τῶν ποδῶν τοῦ κυρίου αὐτοῦ κατόπισθεν αὐτοῦ ;	Heliseus autem sedebat in domo sua et senes sedebant cum eo praemisit itaque virum et antequam veniret nuntius ille dixit ad senes numquid scitis quod miserit filius homicidae hic ut praecidatur caput meum videte ergo cum venerit nuntius cludite ostium et non sinatis eum introire ecce enim sonitus pedum domini eius post eum est	Eliseus autem sedebat in domo sua, et senes sedebant cum eo. Præmisit itaque virum: et antequam veniret nuntius ille, dixit ad senes: Numquid scitis quod miserit filius homicidæ hic, ut præcidatur caput meum? videte ergo: cum venerit nuntius, claudite ostium, et non sinatis eum introire: ecce enim sonitus pedum domini ejus post eum est.		But Elisha sat in his house, and the elders sat with him; and the king sent a man from before him: but ere the messenger came to him, he said to the elders, See ye how this son of a murderer hath sent to take away mine head? look, when the messenger cometh, shut the door, and hold him fast at the door: is not the sound of his master's feet behind him?
2Kgs	6	33	עוֹדֶנּוּ מְדַבֵּר עִמָּם וְהִנֵּה הַמַּלְאָךְ יֹרֵד אֵלָיו וַיֹּאמֶר הִנֵּה־זֹאת הָרָעָה מֵאֵת יְהוָה מָה־אוֹחִיל לַיהוָה עוֹד ׃ ס	ἔτι αὐτοῦ λαλοῦντος μετ’ αὐτῶν καὶ ἰδοὺ ἄγγελος κατέβη πρὸς αὐτὸν καὶ εἶπεν Ἰδοὺ αὕτη ἡ κακία παρὰ Κυρίου· τί ὑπομείνω τῷ κυρίῳ ἔτι; VII	et adhuc illo loquente eis apparuit nuntius qui veniebat ad eum et ait ecce tantum malum a Domino est quid amplius expectabo a Domino	Adhuc illo loquente eis, apparuit nuntius qui veniebat ad eum. Et ait: Ecce, tantum malum a Domino est: quid amplius expectabo a Domino?		And while he yet talked with them, behold, the messenger came down unto him: and he said, Behold, this evil is of the Lord; what should I wait for the Lord any longer?
2Kgs	7	1	וַיֹּאמֶר אֱלִישָׁע שִׁמְעוּ דְּבַר־יְהוָה כֹּה אָמַר יְהוָה כָּעֵת מָחָר סְאָה־סֹלֶת בְּשֶׁקֶל וְסָאתַיִם שְׂעֹרִים בְּשֶׁקֶל בְּשַׁעַר שֹׁמְרוֹן ׃	VIIἡ ὥρα αὔτη αὔριον, μέτρον σεμιδάλεως σίκλου ἐν ταῖς πύλαις Σαμαρείας.	dixit autem Heliseus audite verbum Domini haec dicit Dominus in tempore hoc cras modius similae uno statere erit et duo modii hordei statere uno in porta Samariae	Dixit autem Eliseus: Audite verbum Domini: Hæc dicit Dominus: In tempore hoc cras modius similæ uno statere erit, et duo modii hordei statere uno, in porta Samariæ.		Then Elisha said, Hear ye the word of the Lord; Thus saith the Lord, To morrow about this time shall a measure of fine flour be sold for a shekel, and two measures of barley for a shekel, in the gate of Samaria.
2Kgs	7	2	וַיַּעַן הַשָּׁלִישׁ אֲשֶׁר־לַמֶּלֶךְ נִשְׁעָן עַל־יָדוֹ אֶת־אִישׁ הָאֱלֹהִים וַיֹּאמַר הִנֵּה יְהוָה עֹשֶׂה אֲרֻבּוֹת בַּשָּׁמַיִם הֲיִהְיֶה הַדָּבָר הַזֶּה וַיֹּאמֶר הִנְּכָה רֹאֶה בְּעֵינֶיךָ וּמִשָּׁם לֹא תֹאכֵל ׃ ס	καὶ ἀπεκρίθη ὁ τριστάτης ἐφ’ ὃν ὁ βασιλεὺς ἐπανεπαύετο ἐπὶ τὴν χεῖρα αὐτοῦ τῷ Ἐλεισαῖε καὶ εἶπεν Ἰδοὺ ποιήσει Κύριος ας ἐν οὐρανῷ· μὴ ἔσται τὸ ῥῆμα τοῦτο; καὶ Ἐλεισαῖε εἶπεν Ἰδοὺ ὄψῃ τοῖς ὀφθαλμοῖς, καὶ ἐκεῖθεν οὐ φάγῃ.	respondens unus de ducibus super cuius manum rex incumbebat homini Dei ait si Dominus fecerit etiam cataractas in caelo numquid poterit esse quod loqueris qui ait videbis oculis tuis et inde non comedes	Respondens unus de ducibus, super cujus manum rex incumbebat, homini Dei, ait: Si Dominus fecerit etiam cataractas in cælo, numquid poterit esse quod loqueris? Qui ait: Videbis oculis tuis, et inde non comedes.		Then a lord on whose hand the king leaned answered the man of God, and said, Behold, if the Lord would make windows in heaven, might this thing be? And he said, Behold, thou shalt see it with thine eyes, but shalt not eat thereof.
2Kgs	7	3	וְאַרְבָּעָה אֲנָשִׁים הָיוּ מְצֹרָעִים פֶּתַח הַשָּׁעַר וַיֹּאמְרוּ אִישׁ אֶל־רֵעֵהוּ מָה אֲנַחְנוּ יֹשְׁבִים פֹּה עַד־מָתְנוּ ׃	Καὶ τέσσαρες ἄνδρες ἦσαν λεπροὶ παρὰ τὴν θύραν τῆς πόλεως, καὶ εἶπεν ἀνὴρ πρὸς τὸν πλησίον αὐτοῦ Τί ἡμεῖς καθήμεθα ὧδε ἔως ἀποθάνωμεν ;	quattuor ergo viri erant leprosi iuxta introitum portae qui dixerunt ad invicem quid hic esse volumus donec moriamur	Quatuor ergo viri erant leprosi juxta introitum portæ: qui dixerunt ad invicem: Quid hic esse volumus donec moriamur?		And there were four leprous men at the entering in of the gate: and they said one to another, Why sit we here until we die?
2Kgs	7	4	אִם־אָמַרְנוּ נָבוֹא הָעִיר וְהָרָעָב בָּעִיר וָמַתְנוּ שָׁם וְאִם־יָשַׁבְנוּ פֹה וָמָתְנוּ וְעַתָּה לְכוּ וְנִפְּלָה אֶל־מַחֲנֵה אֲרָם אִם־יְחַיֻּנוּ נִחְיֶה וְאִם־יְמִיתֻנוּ וָמָתְנוּ ׃	ἐὰν εἴπωμεν Εἰσέλθωμεν εἰς τὴν πόλιν, καὶ ὁ λιμὸς ἐν τῇ πόλει καὶ ἀποθανούμεθα ἐκεῖ· καὶ ἐὰνκαθίσωμεν ὧδε, καὶ ἀποθανούμεθα. καὶ νῦν δεῦτε καὶ ἐμπέσωμενεἰς τὴν παρεμβολὴν Συρίας· ἐὰν ζωογονήσωσιν ἡμᾶς, καὶ ζησόμεθα· καὶ ἐὰν θανατώσωσιν ἡμᾶς, καὶ ἀποθανούμεθα.	sive ingredi voluerimus civitatem fame moriemur sive manserimus hic moriendum nobis est venite igitur et transfugiamus ad castra Syriae si pepercerint nobis vivemus si autem occidere voluerint nihilominus moriemur	sive ingredi voluerimus civitatem, fame moriemur: sive manserimus hic, moriendum nobis est: venite ergo, et transfugiamus ad castra Syriæ: si pepercerint nobis, vivemus: si autem occidere voluerint, nihilominus moriemur.		If we say, We will enter into the city, then the famine is in the city, and we shall die there: and if we sit still here, we die also. Now therefore come, and let us fall unto the host of the Syrians: if they save us alive, we shall live; and if they kill us, we shall but die.
2Kgs	7	5	וַיָּקוּמוּ בַנֶּשֶׁף לָבוֹא אֶל־מַחֲנֵה אֲרָם וַיָּבֹאוּ עַד־קְצֵה מַחֲנֵה אֲרָם וְהִנֵּה אֵין־שָׁם אִישׁ ׃	καὶ ἀνέστησαν ἐν τῷ σκότει εἰσελθεῖν εἰς τὴν παρεμβολὴν Συρίας. καὶ ἦλθον εἰς μέσον τῆς παρεμβολῆς Συρας, κα ἰδοὺ οὐκ ἔστιν ἀνὴρ ἐκεῖ.	surrexerunt igitur vesperi ut venirent ad castra Syriae cumque venissent ad principium castrorum Syriae nullum ibidem reppererunt	Surrexerunt ergo vesperi, ut venirent ad castra Syriæ. Cumque venissent ad principium castrorum Syriæ, nullum ibidem repererunt.		And they rose up in the twilight, to go unto the camp of the Syrians: and when they were come to the uttermost part of the camp of Syria, behold, there was no man there.
2Kgs	7	6	וַאדֹנָי הִשְׁמִיעַ אֶת־מַחֲנֵה אֲרָם קוֹל רֶכֶב קוֹל סוּס קוֹל חַיִל גָּדוֹל וַיֹּאמְרוּ אִישׁ אֶל־אָחִיו הִנֵּה שָׂכַר־עָלֵינוּ מֶלֶךְ יִשְׂרָאֵל אֶת־מַלְכֵי הַחִתִּים וְאֶת־מַלְכֵי מִצְרַיִם לָבוֹא עָלֵינוּ ׃	καὶ Κύριος ἀκουστὴν ἐποίησεν τὴν παρεμβολὴν Συρίας φωνὴν ἅρματος καὶ φωνὴν ἵππου, φωνὴν δυνάμεως μεγάλης. καὶ εἶπεν ἀνὴρ πρὸς τὸν ἀδελφὸν αὐτοῦ Νῦν ἐμισθώσατο ἐφ’ ἡμᾶς βασιλεὺς Ἰσραὴλ τοὺς βασιλέας τῶν Χετταίων καὶ τοὺς βασιλέας Αἰγύπτου τοῦ ἐλθεῖν πρὸς ἡμᾶς.	siquidem Dominus sonitum audiri fecerat in castris Syriae curruum et equorum et exercitus plurimi dixeruntque ad invicem ecce mercede conduxit adversum nos rex Israhel reges Hettheorum et Aegyptiorum et venerunt super nos	Siquidem Dominus sonitum audiri fecerat in castris Syriæ, curruum, et equorum, et exercitus plurimi: dixeruntque ad invicem: Ecce mercede conduxit adversum nos rex Israël reges Hethæorum et Ægyptiorum, et venerunt super nos.		For the Lord had made the host of the Syrians to hear a noise of chariots, and a noise of horses, even the noise of a great host: and they said one to another, Lo, the king of Israel hath hired against us the kings of the Hittites, and the kings of the Egyptians, to come upon us.
2Kgs	7	7	וַיָּקוּמוּ וַיָּנוּסוּ בַנֶּשֶׁף וַיַּעַזְבוּ אֶת־אָהֳלֵיהֶם וְאֶת־סוּסֵיהֶם וְאֶת־חֲמֹרֵיהֶם הַמַּחֲנֶה כַּאֲשֶׁר־הִיא וַיָּנֻסוּ אֶל־נַפְשָׁם ׃	καὶ ἀνέστησαν κα ἀπέδρασαν ἐν τῷ σκότει· καὶ ἐνκατέλιπαν τὰς σκηνὰς αὐτῶν καὶ τοὺς ἴππους αὐτῶν καὶ τοὺς ὄνους αὐτῶν ἐν τῇ παρεμβολῇ ὡς ἔστιν, καὶ ἔφυγον πρὸς τὴν ψυχὴν ἑαυτῶν.	surrexerunt ergo et fugerunt in tenebris et dereliquerunt tentoria sua et equos et asinos in castris fugeruntque animas tantum suas salvare cupientes	Surrexerunt ergo, et fugerunt in tenebris, et dereliquerunt tentoria sua, et equos et asinos, in castris, fugeruntque animas tantum suas salvare cupientes.		Wherefore they arose and fled in the twilight, and left their tents, and their horses, and their asses, even the camp as it was, and fled for their life.
2Kgs	7	8	וַיָּבֹאוּ הַמְצֹרָעִים הָאֵלֶּה עַד־קְצֵה הַמַּחֲנֶה וַיָּבֹאוּ אֶל־אֹהֶל אֶחָד וַיֹּאכְלוּ וַיִּשְׁתּוּ וַיִּשְׂאוּ מִשָּׁם כֶּסֶף וְזָהָב וּבְגָדִים וַיֵּלְכוּ וַיַּטְמִנוּ וַיָּשֻׁבוּ וַיָּבֹאוּ אֶל־אֹהֶל אַחֵר וַיִּשְׂאוּ מִשָּׁם וַיֵּלְכוּ וַיַּטְמִנוּ ׃	καὶ εἰσῆλθον οἱ λεπροὶ οὗτοι ἔως μέρους τῆς παρεμβολῆς, καὶ εἰσῆλθον εἰς σκηνὴν μίαν κα ἔφαγον καὶ ἔπιον, καὶ ἦραν ἐκεῖθεν ἀργύριον καὶ χρυσίον κα ἱματισμόν· καὶ ἐπορεύθησαν καὶ ἐπέστρεψαν ἐκεῖθεν κα εἰσῆλθον εἰς σκηνὴν ἄλλην, καὶ ἔλαβον ἐκεῖθεν καὶ ἐπορεύθησαν κα κατέκρυψαν·	igitur cum venissent leprosi illi ad principium castrorum ingressi sunt unum tabernaculum et comederunt et biberunt tuleruntque inde argentum et aurum et vestes et abierunt et absconderunt et rursum reversi sunt ad aliud tabernaculum et inde similiter auferentes absconderunt	Igitur cum venissent leprosi illi ad principium castrorum, ingressi sunt unum tabernaculum, et comederunt et biberunt: tuleruntque inde argentum, et aurum, et vestes, et abierunt, et absconderunt: et rursum reversi sunt ad aliud tabernaculum, et inde similiter auferentes absconderunt.		And when these lepers came to the uttermost part of the camp, they went into one tent, and did eat and drink, and carried thence silver, and gold, and raiment, and went and hid it; and came again, and entered into another tent, and carried thence also, and went and hid it.
2Kgs	7	9	וַיֹּאמְרוּ אִישׁ אֶל־רֵעֵהוּ לֹא־כֵן אֲנַחְנוּ עֹשִׂים הַיּוֹם הַזֶּה יוֹם־בְּשֹׂרָה הוּא וַאֲנַחְנוּ מַחְשִׁים וְחִכִּינוּ עַד־אוֹר הַבֹּקֶר וּמְצָאָנוּ עָווֹן וְעַתָּה לְכוּ וְנָבֹאָה וְנַגִּידָה בֵּית הַמֶּלֶךְ ׃	κα εἶπεν ἀνὴρ πρὸς τὸν πλησίον αὐτοῦ Οὐχ οὕτως ἡμεῖς ποιοῦμεν· ἡ ἡμέρα αὕτη ἡμέρα εὐγαγγελίας ἐστίν, καὶ ἡμεῖς σιωπῶμεν· καὶ μένομεν ἕως φωτὸς τοῦ πρωί, καὶ εὑρήσομεν ἀνομίαν. καὶ νῦν δεῦρο καὶ εἰσέλθωμεν καὶ ἀναγγγείλωμεν εἰς τὸν οἶκον τοῦ βασιλέως.	dixeruntque ad invicem non recte facimus haec enim dies boni nuntii est si tacuerimus et noluerimus nuntiare usque mane sceleris arguemur venite eamus et nuntiemus in aula regis	Dixeruntque ad invicem: Non recte facimus: hæc enim dies boni nuntii est. Si tacuerimus et noluerimus nuntiare usque mane, sceleris arguemur: venite, eamus, et nuntiemus in aula regis.		Then they said one to another, We do not well: this day is a day of good tidings, and we hold our peace: if we tarry till the morning light, some mischief will come upon us: now therefore come, that we may go and tell the king's household.
2Kgs	7	10	וַיָּבֹאוּ וַיִּקְרְאוּ אֶל־שֹׁעֵר הָעִיר וַיַּגִּידוּ לָהֶם לֵאמֹר בָּאנוּ אֶל־מַחֲנֵה אֲרָם וְהִנֵּה אֵין־שָׁם אִישׁ וְקוֹל אָדָם כִּי אִם־הַסּוּס אָסוּר וְהַחֲמוֹר אָסוּר וְאֹהָלִים כַּאֲשֶׁר־הֵמָּה ׃	καὶ εἰσῆλθον κα ἐβόησαν πρὸς τὴν πύλην τῆς πόλεως, καὶ ἀνήγγειλαν αὐτοῖς λέγοντες Εἰσήλθομεν εἰς τὴν παρεμβολὴν Συρίας, καὶ ἰδοὺ οὐκ ἔστιν ἐκεῖ ἀνὴρ καὶ φωνὴ ἀνθρώπου, ὄτι εἰ μὴ ἴππος δεδεμένος κα ὄνος κα αἱ σκηναὶ αὐτῶν ὡς εἰσίν.	cumque venissent ad portam civitatis narraverunt eis dicentes ivimus ad castra Syriae et nullum ibidem repperimus hominum nisi equos et asinos alligatos et fixa tentoria	Cumque venissent ad portam civitatis, narraverunt eis, dicentes: Ivimus ad castra Syriæ, et nullum ibidem reperimus hominem, nisi equos et asinos alligatos, et fixa tentoria.		So they came and called unto the porter of the city: and they told them, saying, We came to the camp of the Syrians, and, behold, there was no man there, neither voice of man, but horses tied, and asses tied, and the tents as they were.
2Kgs	7	11	וַיִּקְרָא הַשֹּׁעֲרִים וַיַּגִּידוּ בֵּית הַמֶּלֶךְ פְּנִימָה ׃	καὶ ἐβόησαν οἱ θυρωροὶ καὶ ἀνήγγειλαν εἰς τὸν οἶκον τοῦ βασιλέως ἔσω.	ierunt ergo portarii et nuntiaverunt in palatio regis intrinsecus	Ierunt ergo portarii, et nuntiaverunt in palatio regis intrinsecus.		And he called the porters; and they told it to the king's house within.
2Kgs	7	12	וַיָּקָם הַמֶּלֶךְ לַיְלָה וַיֹּאמֶר אֶל־עֲבָדָיו אַגִּידָה־נָּא לָכֶם אֵת אֲשֶׁר־עָשׂוּ לָנוּ אֲרָם יָדְעוּ כִּי־רְעֵבִים אֲנַחְנוּ וַיֵּצְאוּ מִן־הַמַּחֲנֶה לְהֵחָבֵה בְהַשָּׂדֶה לֵאמֹר כִּי־יֵצְאוּ מִן־הָעִיר וְנִתְפְּשֵׂם חַיִּים וְאֶל־הָעִיר נָבֹא ׃	καὶ ἔστη ὁ βασιλεὺς νυκτὸς κα εἰπεν πρὸς τοὺς παῖδας αὐτοῦ Ἀναγγελῶν δὴ ὑμῖν ἃ ἐποίησεν ἡμῖν Συρία· ἔγνωσαν ὄτι πεινῶμεν ἡμεῖς, καὶ ἐξῆλθαν ἐκ τῆς παρεμβολῆς κα ἐκρύβησαν ἐν τῷ ἀγρῷ, λέγοντες ὅτι Ἐξελεύσονται ἐκ τῆς πόλεως, καὶ συλλημψόμεθα αὐτοὺς ζῶντας καὶ εἰς τὴν πόλιν εἰσελευσόμεθα.	qui surrexit nocte et ait ad servos suos dico vobis quid fecerint nobis Syri sciunt quia fame laboramus et idcirco egressi sunt de castris et latitant in agris dicentes cum egressi fuerint de civitate capiemus eos viventes et tunc civitatem ingredi poterimus	Qui surrexit nocte, et ait ad servos suos: Dico vobis quid fecerint nobis Syri: sciunt quia fame laboramus, et idcirco egressi sunt de castris, et latitant in agris, dicentes: Cum egressi fuerint de civitate, capiemus eos vivos, et tunc civitatem ingredi poterimus.		And the king arose in the night, and said unto his servants, I will now shew you what the Syrians have done to us. They know that we be hungry; therefore are they gone out of the camp to hide themselves in the field, saying, When they come out of the city, we shall catch them alive, and get into the city.
2Kgs	7	13	וַיַּעַן אֶחָד מֵעֲבָדָיו וַיֹּאמֶר וְיִקְחוּ־נָא חֲמִשָּׁה מִן־הַסּוּסִים הַנִּשְׁאָרִים אֲשֶׁר נִשְׁאֲרוּ־בָהּ הִנָּם כְּכָל־הֶהָמוֹן יִשְׂרָאֵל אֲשֶׁר נִשְׁאֲרוּ־בָהּ הִנָּם כְּכָל־הֲמוֹן יִשְׂרָאֵל אֲשֶׁר־תָּמּוּ וְנִשְׁלְחָה וְנִרְאֶה ׃	καὶ ἀπεκρίθη εἶς τῶν παίδων αὐτοῦ καὶ εἶπεν Λαβέτωσαν δὴ πέντε τῶν ἴππων τῶν ὑπολελιμμένων οἳ κατελείφθησαν ὦδε, ἰδού εἰσιν πρὸς πᾶν τὸ πλῆθος Ἰσραὴλ τὸ ἐκλεῖπον, καὶ ἀποστελοῦμεν ἐκεῖ καὶ ὀψόμεθα.	respondit autem unus servorum eius tollamus quinque equos qui remanserunt in urbe quia ipsi tantum sunt in universa multitudine Israhel alii enim consumpti sunt et mittentes explorare poterimus	Respondit autem unus servorum ejus: Tollamus quinque equos qui remanserunt in urbe (quia ipsi tantum sunt in universa multitudine Israël, alii enim consumpti sunt), et mittentes, explorare poterimus.		And one of his servants answered and said, Let some take, I pray thee, five of the horses that remain, which are left in the city, (behold, they are as all the multitude of Israel that are left in it: behold, I say, they are even as all the multitude of the Israelites that are consumed:) and let us send and see.
2Kgs	7	14	וַיִּקְחוּ שְׁנֵי רֶכֶב סוּסִים וַיִּשְׁלַח הַמֶּלֶךְ אַחֲרֵי מַחֲנֵה־אֲרָם לֵאמֹר לְכוּ וּרְאוּ ׃	καὶ ἔλαβον δύο ἐπιβάτας ἵππων, καὶ ἀπέστειλεν ὁ βασιλεὺς Ἰσραὴλ ὀπίσω τοῦ βασιλέως Συρίας λέγων Δεῦτε καὶ ἴδετε.	adduxerunt ergo duos equos misitque rex ad castra Syrorum dicens ite videte	Adduxerunt ergo duos equos, misitque rex in castra Syrorum, dicens: Ite, et videte.		They took therefore two chariot horses; and the king sent after the host of the Syrians, saying, Go and see.
2Kgs	7	15	וַיֵּלְכוּ אַחֲרֵיהֶם עַד־הַיַּרְדֵּן וְהִנֵּה כָל־הַדֶּרֶךְ מְלֵאָה בְגָדִים וְכֵלִים אֲשֶׁר־הִשְׁלִיכוּ אֲרָם בְּהֵחָפְזָם וַיָּשֻׁבוּ הַמַּלְאָכִים וַיַּגִּדוּ לַמֶּלֶךְ ׃	καὶ ἐπορεύθησαν ὀπίσω αὐτῶν ἕως τοῦ Ἰορδάνου, καὶ ἰδοὺ πᾶσα ἡ ὁδὸς πλήρης ἱματίων καὶ σκευῶν ὦν ἔρριψεν Συρία ἐν τῷ θαμβεῖθαι αὐτούς· καὶ ἐπέστρεψαν οἱ ἄγγελοι καὶ ἀνήγγειλαν τῷ βασιλεῖ.	qui abierunt post eos usque ad Iordanem ecce autem omnis via plena erat vestibus et vasis quae proiecerant Syri cum turbarentur reversique nuntii indicaverunt regi	Qui abierunt post eos usque ad Jordanem: ecce autem omnis via plena erat vestibus et vasis quæ projecerant Syri cum turbarentur: reversique nuntii indicaverunt regi.		And they went after them unto Jordan: and, lo, all the way was full of garments and vessels, which the Syrians had cast away in their haste. And the messengers returned, and told the king.
2Kgs	7	16	וַיֵּצֵא הָעָם וַיָּבֹזּוּ אֵת מַחֲנֵה אֲרָם וַיְהִי סְאָה־סֹלֶת בְּשֶׁקֶל וְסָאתַיִם שְׂעֹרִים בְּשֶׁקֶל כִּדְבַר יְהוָה ׃	καὶ ν ὁ λαὸς καὶ διήρπασεν τὴν παρεμβολὴν Συρίας· καὶ ἐγένετο σεμιδάλεως σίκλου, κατὰ τὸ ῥῆμα Κυρίου, καὶ δίμετρον κριθῶν σίκλου.	et egressus populus diripuit castra Syriae factusque est modius similae statere uno et duo modii hordei statere uno iuxta verbum Domini	Et egressus populus diripuit castra Syriæ: factusque est modius similæ statere uno, et duo modii hordei statere uno, juxta verbum Domini.		And the people went out, and spoiled the tents of the Syrians. So a measure of fine flour was sold for a shekel, and two measures of barley for a shekel, according to the word of the Lord.
2Kgs	7	17	וְהַמֶּלֶךְ הִפְקִיד אֶת־הַשָּׁלִישׁ אֲשֶׁר־נִשְׁעָן עַל־יָדוֹ עַל־הַשַּׁעַר וַיִּרְמְסֻהוּ הָעָם בַּשַּׁעַר וַיָּמֹת כַּאֲשֶׁר דִּבֶּר אִישׁ הָאֱלֹהִים אֲשֶׁר דִּבֶּר בְּרֶדֶת הַמֶּלֶךְ אֵלָיו ׃	Καὶ ὁ βασιλεὺς κατέστησεν τὸν τριστάτην ἐφ’ ὄν ὁ βασιλεὺς ἐπανεπαύετο τῇ χειρὶ αὐτοῦ ἐπὶ τῆς πύλης, καὶ συνεπάτησεν αὐτὸν ὁ λαὸς ἐν τῇ πύλη, καὶ ἀπέθανεν καθὰ ἐλάλησεν ὁ ἄνθρωπος τοῦ θεοῦ, ὄς ἐλάλησεν ἐν τῷ καταβῆναι τὸν ἄγγελον πρὸς αὐτόν.	porro rex ducem illum in cuius manu incubuerat constituit ad portam quem conculcavit turba in introitu et mortuus est iuxta quod locutus fuerat vir Dei quando descenderat rex ad eum	Porro rex ducem illum, in cujus manu incumbebat, constituit ad portam: quem conculcavit turba in introitu portæ, et mortuus est, juxta quod locutus fuerat vir Dei, quando descenderat rex ad eum.		And the king appointed the lord on whose hand he leaned to have the charge of the gate: and the people trode upon him in the gate, and he died, as the man of God had said, who spake when the king came down to him.
2Kgs	7	18	וַיְהִי כְּדַבֵּר אִישׁ הָאֱלֹהִים אֶל־הַמֶּלֶךְ לֵאמֹר סָאתַיִם שְׂעֹרִים בְּשֶׁקֶל וּסְאָה־סֹלֶת בְּשֶׁקֶל יִהְיֶה כָּעֵת מָחָר בְּשַׁעַר שֹׁמְרוֹן ׃	καὶ ἐγένετο καθὰ ἐλάλησεν Ἐλεισαῖε πρὸς τὸν βασιλέα λέγων Δίμετρον κριθῆς σίκλου καὶ μέτρον σεμιδάλεως σίκλου, καὶ έσται ὡς ἡ ὥρα αὔριον ἐν τῇ πύλη Σαμαρείας·	factumque est secundum sermonem viri Dei quem dixerat regi quando ait duo modii hordei statere uno erunt et modius similae statere uno hoc eodem tempore cras in porta Samariae	Factumque est secundum sermonem viri Dei quem dixerat regi, quando ait: Duo modii hordei statere uno erunt, et modius similæ statere uno, hoc eodem tempore cras in porta Samariæ:		And it came to pass as the man of God had spoken to the king, saying, Two measures of barley for a shekel, and a measure of fine flour for a shekel, shall be to morrow about this time in the gate of Samaria:
2Kgs	7	19	וַיַּעַן הַשָּׁלִישׁ אֶת־אִישׁ הָאֱלֹהִים וַיֹּאמַר וְהִנֵּה יְהוָה עֹשֶׂה אֲרֻבּוֹת בַּשָּׁמַיִם הֲיִהְיֶה כַּדָּבָר הַזֶּה וַיֹּאמֶר הִנְּךָ רֹאֶה בְּעֵינֶיךָ וּמִשָּׁם לֹא תֹאכֵל ׃	καὶ ἀπεκρίθη ὁ τριστάτης τῷ Ἐλεισαῖε καὶ εἶπεν Ἰδοὺ Κύριος ποιεῖ καταράκτας ἐν τῷ οὐρανῷ, οὐ μὴ ἔσται τὸ ῥῆμα τοῦτο· καὶ εἶπεν Ἐλεισαῖε Ἰδοὺ ὄψῃ τοῖς ὀφθαλμοῖς σου, καὶ ἐκεῖθεν οὐ μὴ φάγῃ.	quando responderat dux ille viro Dei et dixerat etiam si Dominus fecerit cataractas in caelo numquid fieri poterit quod loqueris et dixit ei videbis oculis tuis et inde non comedes	quando responderat dux ille viro Dei, et dixerat: Etiamsi Dominus fecerit cataractas in cælo, numquid poterit fieri quod loqueris? Et dixit ei: Videbis oculis tuis, et inde non comedes.		And that lord answered the man of God, and said, Now, behold, if the Lord should make windows in heaven, might such a thing be? And he said, Behold, thou shalt see it with thine eyes, but shalt not eat thereof.
2Kgs	7	20	וַיְהִי־לוֹ כֵּן וַיִּרְמְסוּ אֹתוֹ הָעָם בַּשַּׁעַר וַיָּמֹת ׃ ס	καὶ ἐγένετο οὕτως, καὶ συνεπάτησεν αὐτὸν ὁ λαὸς ἐν τῇ πύλη, καὶ ἀπέθανεν.	evenit ergo ei sicut praedictum erat et conculcavit eum populus in porta et mortuus est	Evenit ergo ei sicut prædictum fuerat, et conculcavit eum populus in porta, et mortuus est.		And so it fell out unto him: for the people trode upon him in the gate, and he died.
2Kgs	8	1	וֶאֱלִישָׁע דִּבֶּר אֶל־הָאִשָּׁה אֲשֶׁר־הֶחֱיָה אֶת־בְּנָהּ לֵאמֹר קוּמִי וּלְכִי אַתִּי וּבֵיתֵךְ וְגוּרִי בַּאֲשֶׁר תָּגוּרִי כִּי־קָרָא יְהוָה לָרָעָב וְגַם־בָּא אֶל־הָאָרֶץ שֶׁבַע שָׁנִים ׃	Καὶ Ἐλεισαῖε ἐλάλησεν πρὸς τὴν γυναῖκα ἦς ἐζωπύρησεν τὸν υἱὸν λέγων Ἀνάστηθι καὶ δεῦρο σὺ καὶ ὁ οἰκός σου καὶ παροίκει οὗ ἐὰν παροικήσῃς, ὄτι κέκληκεν Κύριος λιμὸν ἐπὶ τὴν γῆν, καί γε ἦλθεν ἐπὶ τὴν γῆν ἑπτὰ	Heliseus autem locutus est ad mulierem cuius vivere fecerat filium dicens surge vade tu et domus tua et peregrinare ubicumque reppereris vocavit enim Dominus famem et veniet super terram septem annis	Eliseus autem locutus est ad mulierem cujus vivere fecerat filium, dicens: Surge, vade tu et domus tua, et peregrinare ubicumque repereris: vocavit enim Dominus famem, et veniet super terram septem annis.		Then spake Elisha unto the woman, whose son he had restored to life, saying, Arise, and go thou and thine household, and sojourn wheresoever thou canst sojourn: for the Lord hath called for a famine; and it shall also come upon the land seven years.
2Kgs	8	2	וַתָּקָם הָאִשָּׁה וַתַּעַשׂ כִּדְבַר אִישׁ הָאֱלֹהִים וַתֵּלֶךְ הִיא וּבֵיתָהּ וַתָּגָר בְּאֶרֶץ־פְּלִשְׁתִּים שֶׁבַע שָׁנִים ׃	καὶ ἀνέστη ἡ γυνὴ καὶ ἐποίησεν κατὰ τὸ ῥῆμα Ἐλεισαῖε, καὶ ἐπορεύθη αὐτὴ καὶ ὁ οἶκος αὐτῆς· καὶ παρῴκει ἐν γῇ ἀλλοφύλων ἑπτὰ ἔτη.	quae surrexit et fecit iuxta verbum hominis Dei et vadens cum domo sua peregrinata est in terra Philisthim diebus multis	Quæ surrexit, et fecit juxta verbum hominis Dei: et vadens cum domo sua, peregrinata est in terra Philisthiim diebus multis.		And the woman arose, and did after the saying of the man of God: and she went with her household, and sojourned in the land of the Philistines seven years.
2Kgs	8	3	וַיְהִי מִקְצֵה שֶׁבַע שָׁנִים וַתָּשָׁב הָאִשָּׁה מֵאֶרֶץ פְּלִשְׁתִּים וַתֵּצֵא לִצְעֹק אֶל־הַמֶּלֶךְ אֶל־בֵּיתָהּ וְאֶל־שָׂדָהּ ׃	καὶ ἐγένετο μετὰ τὸ τέλος τῶν ἑπτὰ ἐτῶν καὶ ἐπέστρεψεν ἡ γυνὴ ἐκ γῆς ἀλλοφύλων εἰς τὴν πόλιν, καὶ ἦλθεν βοῆσαι πρὸς τὸν βασιλέα περὶ τοῦ οἴκου ἑαυτῆς καὶ περὶ τῶν ἀγρῶν ἑαυτῆς	cumque finiti essent anni septem reversa est mulier de terra Philisthim et egressa est ut interpellaret regem pro domo sua et agris suis	Cumque finiti essent anni septem, reversa est mulier de terra Philisthiim: et egressa est ut interpellaret regem pro domo sua, et pro agris suis.		And it came to pass at the seven years' end, that the woman returned out of the land of the Philistines: and she went forth to cry unto the king for her house and for her land.
2Kgs	8	4	וְהַמֶּלֶךְ מְדַבֵּר אֶל־גֵּחֲזִי נַעַר אִישׁ־הָאֱלֹהִים לֵאמֹר סַפְּרָה־נָּא לִי אֵת כָּל־הַגְּדֹלוֹת אֲשֶׁר־עָשָׂה אֱלִישָׁע ׃	καὶ ὁ βασιλεὺς ἐλάλει πρὸς Γιεζεὶ τὸ παιδάριον Ἐλεισαῖε τοῦ ἀνθρώπου τοῦ θεοῦ λέγων Διήγησαι δή μοι πάντα τὰ μεγάλα ἁ ἐποίησεν Ἐλεισαῖε.	rex autem loquebatur cum Giezi puero viri Dei dicens narra mihi omnia magnalia quae fecit Heliseus	Rex autem loquebatur cum Giezi puero viri Dei, dicens: Narra mihi omnia magnalia quæ fecit Eliseus.		And the king talked with Gehazi the servant of the man of God, saying, Tell me, I pray thee, all the great things that Elisha hath done.
2Kgs	8	5	וַיְהִי הוּא מְסַפֵּר לַמֶּלֶךְ אֵת אֲשֶׁר־הֶחֱיָה אֶת־הַמֵּת וְהִנֵּה הָאִשָּׁה אֲשֶׁר־הֶחֱיָה אֶת־בְּנָהּ צֹעֶקֶת אֶל־הַמֶּלֶךְ עַל־בֵּיתָהּ וְעַל־שָׂדָהּ וַיֹּאמֶר גֵּחֲזִי אֲדֹנִי הַמֶּלֶךְ זֹאת הָאִשָּׁה וְזֶה־בְּנָהּ אֲשֶׁר־הֶחֱיָה אֱלִישָׁע ׃	καὶ ἐγένετο αὐτοῦ ἐξηγουμένου τῷ βασιλεῖ ὡς ἐζωπύρησεν υἱὸν τεθνηκότα, καὶ ἰδοὺ ἡ γυνὴ ἧς ἐζωπύρησεν τὸν υἱὸν αὐτῆς Ἐλεισαῖε βοῶσα πρὸς τὸν έα τοῦ οἴκου ἑαυτῆς καὶ περὶ τῶν ἀγρῶν ἑαυτῆς· καὶ Κύριε βασιλεῦ, αὕτη ἡ γυνὴ καὶ οὗτος ὁ υἱὸς αὐτῆς ὄν Ἐλεισαῖε.	cumque ille narraret regi quomodo mortuum suscitasset apparuit mulier cuius vivificaverat filium clamans ad regem pro domo sua et pro agris suis dixitque Giezi domine mi rex haec est mulier et hic filius eius quem suscitavit Heliseus	Cumque ille narraret regi quomodo mortuum suscitasset, apparuit mulier cujus vivificaverat filium, clamans ad regem pro domo sua, et pro agris suis. Dixitque Giezi: Domine mi rex, hæc est mulier, et hic est filius ejus quem suscitavit Eliseus.		And it came to pass, as he was telling the king how he had restored a dead body to life, that, behold, the woman, whose son he had restored to life, cried to the king for her house and for her land. And Gehazi said, My lord, O king, this is the woman, and this is her son, whom Elisha restored to life.
2Kgs	8	6	וַיִּשְׁאַל הַמֶּלֶךְ לָאִשָּׁה וַתְּסַפֶּר־לוֹ וַיִּתֶּן־לָהּ הַמֶּלֶךְ סָרִיס אֶחָד לֵאמֹר הָשֵׁיב אֶת־כָּל־אֲשֶׁר־לָהּ וְאֵת כָּל־תְּבוּאֹת הַשָּׂדֶה מִיּוֹם עָזְבָה אֶת־הָאָרֶץ וְעַד־עָתָּה ׃ פ	καὶ ἐπηρώτησεν ὁ βασιλεὺς τὴν γυναῖκα, καὶ διηγήσατο αὐτῷ· καὶ ἔδωκεν αὐτῇ ὁ βασιλεὺς εὐνοῦχον ἕνα λέγων Επίστρεψον πάντα πάντα αὐτῆς τὰ γενήματα τοῦ ἀγροῦ, ἀπὸ τῆς ἡμέρας ἦς κατέλιπεν τὴν γῆν ἕως τοῦ νῦν.	et interrogavit rex mulierem quae narravit ei deditque ei rex eunuchum unum dicens restitue ei omnia quae sua sunt et universos reditus agrorum a die qua reliquit terram usque ad praesens	Et interrogavit rex mulierem: quæ narravit ei. Deditque ei rex eunuchum unum, dicens: Restitue ei omnia quæ sua sunt, et universos reditus agrorum, a die qua reliquit terram usque ad præsens.		And when the king asked the woman, she told him. So the king appointed unto her a certain officer, saying, Restore all that was hers, and all the fruits of the field since the day that she left the land, even until now.
2Kgs	8	7	וַיָּבֹא אֱלִישָׁע דַּמֶּשֶׂק וּבֶן־הֲדַד מֶלֶךְ־אֲרָם חֹלֶה וַיֻּגַּד־לוֹ לֵאמֹר בָּא אִישׁ הָאֱלֹהִים עַד־הֵנָּה ׃	Καὶ ἦλθεν Ἐλεισαῖε εἰς Δαμασκόν· καὶ υἱὸς Ἀδὲρ βασιλεὺς Συρίας ἠρρώστησεν· καὶ ἀνήγγειλαν αὐτῷ λέγοντες Ἤκει ὁ ἄνθρωπος τοῦ θεοῦ ἕως ὦδε.	venit quoque Heliseus Damascum et Benadad rex Syriae aegrotabat nuntiaveruntque ei dicentes venit vir Dei huc	Venit quoque Eliseus Damascum, et Benadad rex Syriæ ægrotabat: nuntiaveruntque ei, dicentes: Venit vir Dei huc.		And Elisha came to Damascus; and Benhadad the king of Syria was sick; and it was told him, saying, The man of God is come hither.
2Kgs	8	8	וַיֹּאמֶר הַמֶּלֶךְ אֶל־חֲזָהאֵל קַח בְּיָדְךָ מִנְחָה וְלֵךְ לִקְרַאת אִישׁ הָאֱלֹהִים וְדָרַשְׁתָּ אֶת־יְהוָה מֵאוֹתוֹ לֵאמֹר הַאֶחְיֶה מֵחֳלִי זֶה ׃	καὶ εἶπεν ὁ βασιλεὺς πρὸς Ἀζαήλ Λάβε ἐν τῇ χειρί σου μαανά, καὶ δεῦρο εἰς ἀπαντὴν τῷ ἀνθρώπῳ τοῦ θεοῦ, καὶ ἐπιζήτησον τὸν κύριον παρ’ αὐτοῦ λέγων Εἰ ζήσομαι ἐκ τῆς ἀρρωστίας μου ταύτης ;	et ait rex ad Azahel tolle tecum munera et vade in occursum viri Dei et consule Dominum per eum dicens si evadere potero de infirmitate mea hac	Et ait rex ad Hazaël: Tolle tecum munera, et vade in occursum viri Dei, et consule Dominum per eum, dicens: Si evadere potero de infirmitate mea hac?		And the king said unto Hazael, Take a present in thine hand, and go, meet the man of God, and enquire of the Lord by him, saying, Shall I recover of this disease?
2Kgs	8	9	וַיֵּלֶךְ חֲזָאֵל לִקְרָאתוֹ וַיִּקַּח מִנְחָה בְיָדוֹ וְכָל־טוּב דַּמֶּשֶׂק מַשָּׂא אַרְבָּעִים גָּמָל וַיָּבֹא וַיַּעֲמֹד לְפָנָיו וַיֹּאמֶר בִּנְךָ בֶן־הֲדַד מֶלֶךְ־אֲרָם שְׁלָחַנִי אֵלֶיךָ לֵאמֹר הַאֶחְיֶה מֵחֳלִי זֶה ׃	καὶ ἐπορεύθη Ἁζαὴλ εἰς ἀπαντὴν αὐτοῦ, καὶ ἔάβεμ μαανὰ ἐν τῇ χειρὶ αὐτοῦ καὶ πάντα τὰ ἀγαθὰ Δαμασκοῦ, ἄρσιν τεσσεράκοντα καμήλων, δῶρα· καὶ ἦλθεν καὶ ἔστη ἐνώπιον αὐτοῦ καὶ εἶπεν πρὸς Ἐλεισαῖε γἱός σου υἱὸς Ἁδὲρ βασιλεὺς Συρίας ἀπέστειλέν με πρὸς σὲ ἐπερωτῆσαι λέγων Εἰ ζήσομαι ἐκ τῆς ἀρρωστίας μου ταύτης;	ivit igitur Azahel in occursum eius habens secum munera et omnia bona Damasci onera quadraginta camelorum cumque stetisset coram eo ait filius tuus Benadad rex Syriae misit me ad te dicens si sanari potero de infirmitate mea hac	Ivit igitur Hazaël in occursum ejus, habens secum munera, et omnia bona Damasci, onera quadraginta camelorum. Cumque stetisset coram eo, ait: Filius tuus Benadad rex Syriæ misit me ad te, dicens: Si sanari potero de infirmitate mea hac?		So Hazael went to meet him, and took a present with him, even of every good thing of Damascus, forty camels' burden, and came and stood before him, and said, Thy son Benhadad king of Syria hath sent me to thee, saying, Shall I recover of this disease?
2Kgs	8	10	וַיֹּאמֶר אֵלָיו אֱלִישָׁע לֵךְ אֱמָר־לֹא חָיֹה תִחְיֶה וְהִרְאַנִי יְהוָה כִּי־מוֹת יָמוּת ׃	καὶ εἶπεν Ἐλεισαῖε Δεῦρο εἰπόν Ζωῇ ζήσῃ· καὶ ἔδειξέν μοι Κύριος ὄτι θανάτῳ ἀποθανῇ.	dixitque ei Heliseus vade dic ei sanaberis porro ostendit mihi Dominus quia morte morietur	Dixitque ei Eliseus: Vade, dic ei: Sanaberis: porro ostendit mihi Dominus quia morte morietur.		And Elisha said unto him, Go, say unto him, Thou mayest certainly recover: howbeit the Lord hath shewed me that he shall surely die.
2Kgs	8	11	וַיַּעֲמֵד אֶת־פָּנָיו וַיָּשֶׂם עַד־בֹּשׁ וַיֵּבְךְּ אִישׁ הָאֱלֹהִים ׃	καὶ παρέστη τῷ προσώπῳ αὐτοῦ, καὶ ἔθηκεν ἕως αἰσχύνης· καὶ ἔκλαυσεν ὁ ἄνθρωπος τοῦ θεοῦ.	stetitque cum eo et conturbatus est usque ad suffusionem vultus flevitque vir Dei	Stetique cum eo, et conturbatus est usque ad suffusionem vultus: flevitque vir Dei.		And he settled his countenance stedfastly, until he was ashamed: and the man of God wept.
2Kgs	8	12	וַיֹּאמֶר חֲזָאֵל מַדּוּעַ אֲדֹנִי בֹכֶה וַיֹּאמֶר כִּי־יָדַעְתִּי אֵת אֲשֶׁר־תַּעֲשֶׂה לִבְנֵי יִשְׂרָאֵל רָעָה מִבְצְרֵיהֶם תְּשַׁלַּח בָּאֵשׁ וּבַחֻרֵיהֶם בַּחֶרֶב תַּהֲרֹג וְעֹלְלֵיהֶם תְּרַטֵּשׁ וְהָרֹתֵיהֶם תְּבַקֵּעַ ׃	καὶ Ἁζαήλ Τί ὄτι ὁ κύριός μου κλαίει; καὶ εἶπεν Ὅτι οἶδα ὄσα υἱοῖς Ἰσραὴλ κακά· τὰ ὀχυρώματα αὐτῶν ἐξαποστελεῖς ἐν πυρί, καὶ τοὺς ἐκλεκτοὺς αὐτῶν ἐν ῥομφαίᾳ ἀποκτενεῖς, καὶ τὰ νήπια αὐτῶν ἐνσείσεις, καὶ τὰς ἐν γαστρὶ ἐχούσας αὐτῶν ἀναρήξεις.	cui Azahel ait quare dominus meus flet at ille respondit quia scio quae facturus sis filiis Israhel mala civitates eorum munitas igne succendes et iuvenes eorum interficies gladio et parvulos eorum elides et praegnantes divides	Cui Hazaël ait: Quare dominus meus flet? At ille dixit: Quia scio quæ facturus sis filiis Israël mala. Civitates eorum munitas igne succendes, et juvenes eorum interficies gladio, et parvulos eorum elides, et prægnantes divides.		And Hazael said, Why weepeth my lord? And he answered, Because I know the evil that thou wilt do unto the children of Israel: their strong holds wilt thou set on fire, and their young men wilt thou slay with the sword, and wilt dash their children, and rip up their women with child.
2Kgs	8	13	וַיֹּאמֶר חֲזָהאֵל כִּי מָה עַבְדְּךָ הַכֶּלֶב כִּי יַעֲשֶׂה הַדָּבָר הַגָּדוֹל הַזֶּה וַיֹּאמֶר אֱלִישָׁע הִרְאַנִי יְהוָה אֹתְךָ מֶלֶךְ עַל־אֲרָם ׃	καὶ εἶπεν Ἀζαήλ Τίς ἐστιν ὁ δοῦλός σου, ὁ κύων ὁ τεθνηκώς, ὄτι τὸ ῥῆμα τοῦτο; καὶ εἶπεν Ἐλεισαῖε Ἔδειξέν μοι Κύριός σε βασιλεύοντα ἐπὶ Ἰσραήλ.	dixitque Azahel quid enim sum servus tuus canis ut faciam rem istam magnam et ait Heliseus ostendit mihi Dominus te regem Syriae fore	Dixitque Hazaël: Quid enim sum servus tuus canis, ut faciam rem istam magnam? Et ait Eliseus: Ostendit mihi Dominus te regem Syriæ fore.		And Hazael said, But what, is thy servant a dog, that he should do this great thing? And Elisha answered, The Lord hath shewed me that thou shalt be king over Syria.
2Kgs	8	14	וַיֵּלֶךְ מֵאֵת אֱלִישָׁע וַיָּבֹא אֶל־אֲדֹנָיו וַיֹּאמֶר לוֹ מָה־אָמַר לְךָ אֱלִישָׁע וַיֹּאמֶר אָמַר לִי חָיֹה תִחְיֶה ׃	καὶ ἀπῆλθεν ἀπὸ Ἐλεισαῖε, καὶ εἰσῆλθεν πρὸς τὸν κύριον αὐτοῦ· καὶ εἶπεν αὐτῷ Ὄ τι εἶπέν σοι Ἐλεισαῖε ; καὶ εἶπεν Εἶπέν μοι Ζωῇ ζήσῃ.	qui cum recessisset ab Heliseo venit ad dominum suum qui ait ei quid tibi dixit Heliseus at ille respondit dixit mihi recipiet sanitatem	Qui cum recessisset ab Eliseo, venit ad dominum suum. Qui ait ei: Quid dixit tibi Eliseus? At ille respondit: Dixit mihi: Recipies sanitatem.		So he departed from Elisha, and came to his master; who said to him, What said Elisha to thee? And he answered, He told me that thou shouldest surely recover.
2Kgs	8	15	וַיְהִי מִמָּחֳרָת וַיִּקַּח הַמַּכְבֵּר וַיִּטְבֹּל בַּמַּיִם וַיִּפְרֹשׂ עַל־פָּנָיו וַיָּמֹת וַיִּמְלֹךְ חֲזָהאֵל תַּחְתָּיו ׃ פ	καὶ ἐγένετο τῇ ἐπαύριον καὶ ἔλαβεν τὸν χαββὰ καὶ ἔβαψεν τῷ ὕδατι καὶ περιέβαλεν ἐπὶ τὸ πρόσωπον αὐτοῦ, καὶ ἀπέθανεν· καὶ ἐβασίλευσεν Ἁζαὴλ ἀντ’ αὐτοῦ.	cumque venisset dies altera tulit sagulum et infudit aqua et expandit super faciem eius quo mortuo regnavit Azahel pro eo	Cumque venisset dies altera, tulit stragulum, et infudit aquam, et expandit super faciem ejus: quo mortuo, regnavit Hazaël pro eo.		And it came to pass on the morrow, that he took a thick cloth, and dipped it in water, and spread it on his face, so that he died: and Hazael reigned in his stead.
2Kgs	8	16	וּבִשְׁנַת חָמֵשׁ לְיוֹרָם בֶּן־אַחְאָב מֶלֶךְ יִשְׂרָאֵל וִיהוֹשָׁפָט מֶלֶךְ יְהוּדָה מָלַךְ יְהוֹרָם בֶּן־יְהוֹשָׁפָט מֶלֶךְ יְהוּדָה ׃	Ἐν ἔτει πέμπτῳ τῷ Ἰωρὰμ υἱῷ Ἀχαὰβ βασιλε Ἰωσαφὰθ βασιλεῖ Ἰούδα ἐβασίλευσεν Ἰωρὰμ υἱὸς Ἰωσαφὰθ Ἰούδα.	anno quinto Ioram filii Ahab regis Israhel et Iosaphat regis Iuda regnavit Ioram filius Iosaphat rex Iuda	Anno quinto Joram filii Achab regis Israël, et Josaphat regis Juda, regnavit Joram filius Josaphat rex Juda.		And in the fifth year of Joram the son of Ahab king of Israel, Jehoshaphat being then king of Judah, Jehoram the son of Je hoshaphat king of Judah began to reign.
2Kgs	8	17	בֶּן־שְׁלֹשִׁים וּשְׁתַּיִם שָׁנָה הָיָה בְמָלְכוֹ וּשְׁמֹנֶה שָׁנָה מָלַךְ בִּירוּשָׁלָםִ ׃	υἱὸς τριάκοντα καὶ δύο ἐτῶν ἦν ἐν τῷ βασιλεύειν αὐτόν, καὶ τεσσεράκοντα ἔτη ἐβασίλευσεν ἐν Ἰερουσαλἠμ.	triginta duorum erat annorum cum regnare coepisset et octo annis regnavit in Hierusalem	Triginta duorum annorum erat cum regnare cœpisset, et octo annis regnavit in Jerusalem.		Thirty and two years old was he when he began to reign; and he reigned eight years in Jerusalem.
2Kgs	8	18	וַיֵּלֶךְ בְּדֶרֶךְ מַלְכֵי יִשְׂרָאֵל כַּאֲשֶׁר עָשׂוּ בֵּית אַחְאָב כִּי בַּת־אַחְאָב הָיְתָה־לּוֹ לְאִשָּׁה וַיַּעַשׂ הָרַע בְּעֵינֵי יְהוָה ׃	καὶ ἐπορεύθη ἐν σραὴλ καθὼς ἐποίησεν οἶκος Ἀχαάβ, ὄτι θυγάτηρ αὐτῷ εἰς γυναῖκα· καὶ ἐποίησεν τὸ πονηρὸν ἐνώπιον Κυρίου.	ambulavitque in viis regum Israhel sicut ambulaverat domus Ahab filia enim Ahab erat uxor eius et fecit quod malum est coram Domino	Ambulavitque in viis regum Israël, sicut ambulaverat domus Achab: filia enim Achab erat uxor ejus: et fecit quod malum est in conspectu Domini.		And he walked in the way of the kings of Israel, as did the house of Ahab: for the daughter of Ahab was his wife: and he did evil in the sight of the Lord.
2Kgs	8	19	וְלֹא־אָבָה יְהוָה לְהַשְׁחִית אֶת־יְהוּדָה לְמַעַן דָּוִד עַבְדּוֹ כַּאֲשֶׁר אָמַר־לוֹ לָתֵת לוֹ נִיר לְבָנָיו כָּל־הַיָּמִים ׃	καὶ οὐκ ἠθέλησεν Κύριος διαφθεῖραι τὸν Ἰούδαν διὰ Δαυεὶδ τὸν δοῦλον αὐτοῦ, καθὼς εἶπεν δοῦναι αὐτῷ λύχνον πάσας τὰς ἡμέρας.	noluit autem Dominus disperdere Iudam propter David servum suum sicut promiserat ei ut daret illi lucernam et filiis eius cunctis diebus	Noluit autem Dominus disperdere Judam, propter David servum suum, sicut promiserat ei, ut daret illi lucernam, et filiis ejus cunctis diebus.		Yet the Lord would not destroy Judah for David his servant's sake, as he promised him to give him alway a light, and to his children.
2Kgs	8	20	בְּיָמָיו פָּשַׁע אֱדוֹם מִתַּחַת יַד־יְהוּדָה וַיַּמְלִכוּ עֲלֵיהֶם מֶלֶךְ ׃	ἐν ταῖς ἡμέραις αὐτοῦ ἠθέτησεν Ἐδὼμ ὑποκάτωθεν χειρὸς Ἰούδα, καὶ ἐβασίλευσαν ἐφ’ ἑαυτοὺς βασιλέα.	in diebus eius recessit Edom ne esset sub Iuda et constituit sibi regem	In diebus ejus recessit Edom ne esset sub Juda, et constituit sibi regem.		In his days Edom revolted from under the hand of Judah, and made a king over themselves.
2Kgs	8	21	וַיַּעֲבֹר יוֹרָם צָעִירָה וְכָל־הָרֶכֶב עִמּוֹ וַיְהִי־הוּא קָם לַיְלָה וַיַּכֶּה אֶת־אֱדוֹם הַסֹּבֵיב אֵלָיו וְאֵת שָׂרֵי הָרֶכֶב וַיָּנָס הָעָם לְאֹהָלָיו ׃	καὶ ἀνέβη Ἰωρὰμ εἰς Σειὼρ καὶ πάντα τὰ ἅρματα μετ’ αὐτοῦ· καὶ ἐγένετο αὐτοῦ ἀναστάντος, καὶ ἐπάταξεν τὸν Ἐδὼμ τὸν κυκλώσαντα ἐπ’ αὐτὸν καὶ τοὺς ἄρχοντας τῶν ἁρμάτων, καὶ ἔφυγεν ὁ λαὸς εἰ ς τὰ σκηνώματα αὐτῶν.	venitque Ioram Seira et omnis currus cum eo et surrexit nocte percussitque Idumeos qui eum circumdederant et principes curruum populus autem fugit in tabernacula sua	Venitque Joram Seira, et omnes currus cum eo: et surrexit nocte, percussitque Idumæos qui eum circumdederant, et principes curruum: populus autem fugit in tabernacula sua.		So Joram went over to Zair, and all the chariots with him: and he rose by night, and smote the Edomites which compassed him about, and the captains of the chariots: and the people fled into their tents.
2Kgs	8	22	וַיִּפְשַׁע אֱדוֹם מִתַּחַת יַד־יְהוּדָה עַד הַיּוֹם הַזֶּה אָז תִּפְשַׁע לִבְנָה בָּעֵת הַהִיא ׃	καὶ ἠθέτησεν Εδὼμ ὑποκάτω τῆς χειρὸς Ἰούδα ἕως τῆς ἡμέρας ταύτης. τότε ἠθέτησεν Σεννὰ ἐν τῷ καιρῷ ἐκείνῳ.	recessit ergo Edom ne esset sub Iuda usque ad diem hanc tunc recessit et Lobna in tempore illo	Recessit ergo Edom ne esset sub Juda, usque ad diem hanc. Tunc recessit et Lobna in tempore illo.		Yet Edom revolted from under the hand of Judah unto this day. Then Libnah revolted at the same time.
2Kgs	8	23	וְיֶתֶר דִּבְרֵי יוֹרָם וְכָל־אֲשֶׁר עָשָׂה הֲלוֹא־הֵם כְּתוּבִים עַל־סֵפֶר דִּבְרֵי הַיָּמִים לְמַלְכֵי יְהוּדָה ׃	καὶ τὰ λοιπὰ τῶν λόγων Ἰωρὰμ καὶ πάντα ὄσα ἐποίησεν, οὐκ ἰδοὺ ταῦτα γέγραπται ἐπὶ βιβλίῳ λόγων τῶν ἡμερῶν τοῖς βασιλεῦσιν Ἰούδα ;	reliqua autem sermonum Ioram et universa quae fecit nonne haec scripta sunt in libro verborum dierum regum Iuda	Reliqua autem sermonum Joram, et universa quæ fecit, nonne hæc scripta sunt in libro verborum dierum regum Juda?		And the rest of the acts of Joram, and all that he did, are they not written in the book of the chronicles of the kings of Judah?
2Kgs	8	24	וַיִּשְׁכַּב יוֹרָם עִם־אֲבֹתָיו וַיִּקָּבֵר עִם־אֲבֹתָיו בְּעִיר דָּוִד וַיִּמְלֹךְ אֲחַזְיָהוּ בְנוֹ תַּחְתָּיו ׃ פ	καὶ ἐκοιμήθη Ἰωρὰμ μετὰ τῶν πατέρων αὐτοῦ, καὶ ἐτάφη μετὰ τῶν πατέρων αὐτοῦ ἐν πόλει Δαυεὶδ τοῦ πατρὸς αὐτοῦ· καὶ ἐβασίλευσεν Ὀχοζείας υἱὸς αὐτοῦ ἀντ’ αὐτοῦ.	et dormivit Ioram cum patribus suis sepultusque est cum eis in civitate David et regnavit Ahazias filius eius pro eo	Et dormivit Joram cum patribus suis, sepultusque est cum eis in civitate David, et regnavit Ochozias filius ejus pro eo.		And Joram slept with his fathers, and was buried with his fathers in the city of David: and Ahaziah his son reigned in his stead.
2Kgs	8	25	בִּשְׁנַת שְׁתֵּים־עֶשְׂרֵה שָׁנָה לְיוֹרָם בֶּן־אַחְאָב מֶלֶךְ יִשְׂרָאֵל מָלַךְ אֲחַזְיָהוּ בֶן־יְהוֹרָם מֶלֶךְ יְהוּדָה ׃	Ἑν ἔτει δωδεκάτῳ τῷ Ἰωρὰμ υἱῷ Ἀχαὰβ βασιλεῖ Ἰσραὴλ ἐβασίλευσεν Ὀχοζείας υἱὸς Ιωράμ.	anno duodecimo Ioram filii Ahab regis Israhel regnavit Ahazias filius Ioram regis Iudae	Anno duodecimo Joram filii Achab regis Israël regnavit Ochozias filius Joram regis Judæ.		In the twelfth year of Joram the son of Ahab king of Israel did Ahaziah the son of Jehoram king of Judah begin to reign.
2Kgs	8	26	בֶּן־עֶשְׂרִים וּשְׁתַּיִם שָׁנָה אֲחַזְיָהוּ בְמָלְכוֹ וְשָׁנָה אַחַת מָלַךְ בִּירוּשָׁלָםִ וְשֵׁם אִמּוֹ עֲתַלְיָהוּ בַּת־עָמְרִי מֶלֶךְ יִשְׂרָאֵל ׃	υἱὸς εἴκοσι καὶ δύο ἐτῶν Ὀχοξείας ἐν τῷ βασιλεύειν αὐτόν, καὶ ἐνιαυτὸν ἔνα ἐβασίλευσεν ἐν καὶ ὄνομα τῆς μητρὸς αὐτοῦ Γοθολία θυγάτηρ Ἀμβρεὶ Ἰσραήλ.	viginti duorum annorum erat Ahazias cum regnare coepisset et uno anno regnavit in Hierusalem nomen matris eius Athalia filia Amri regis Israhel	Viginti duorum annorum erat Ochozias cum regnare cœpisset, et uno anno regnavit in Jerusalem: nomen matris ejus Athalia filia Amri regis Israël.		Two and twenty years old was Ahaziah when he began to reign; and he reigned one year in Jerusalem. And his mother's name was Athaliah, the daughter of Omri king of Israel.
2Kgs	8	27	וַיֵּלֶךְ בְּדֶרֶךְ בֵּית אַחְאָב וַיַּעַשׂ הָרַע בְּעֵינֵי יְהוָה כְּבֵית אַחְאָב כִּי חֲתַן בֵּית־אַחְאָב הוּא ׃	καὶ ἐπορεύθη ἐν ὁδῷ οἴκου Ἀχαάβ, καὶ ἐποίησεν τὸ πονηρὸν ἐνώπιον Κυρίου κοθὼς ὁ οἶκος Ἀχαάβ.	et ambulavit in viis domus Ahab et fecit quod malum est coram Domino sicut domus Ahab gener enim domus Ahab fuit	Et ambulavit in viis domus Achab: et fecit quod malum est coram Domino, sicut domus Achab: gener enim domus Achab fuit.		And he walked in the way of the house of Ahab, and did evil in the sight of the Lord, as did the house of Ahab: for he was the son in law of the house of Ahab.
2Kgs	8	28	וַיֵּלֶךְ אֶת־יוֹרָם בֶּן־אַחְאָב לַמִּלְחָמָה עִם־חֲזָהאֵל מֶלֶךְ־אֲרָם בְּרָמֹת גִּלְעָד וַיַּכּוּ אֲרַמִּים אֶת־יוֹרָם ׃	καὶ ἐπορεύθη μετὰ Ἰωρὰμ υἱοῦ Ἀχαὰβ εἰς πόλεμον μετὰ Ἀζαὴλ βασιλέως ἀλλοφύλων ἐν Ῥεμμὼθ Γαλαάδ, καὶ ἐπάταξαν οἱ Σύροι τὸν Ἰωράμ.	abiit quoque cum Ioram filio Ahab ad proeliandum contra Azahel regem Syriae in Ramoth Galaad et vulneraverunt Syri Ioram	Abiit quoque cum Joram filio Achab ad præliandum contra Hazaël regem Syriæ in Ramoth Galaad, et vulneraverunt Syri Joram.		And he went with Joram the son of Ahab to the war against Hazael king of Syria in Ramothgilead; and the Syrians wounded Joram.
2Kgs	8	29	וַיָּשָׁב יוֹרָם הַמֶּלֶךְ לְהִתְרַפֵּא בְיִזְרְעֶאל מִן־הַמַּכִּים אֲשֶׁר יַכֻּהוּ אֲרַמִּים בָּרָמָה בְּהִלָּחֲמוֹ אֶת־חֲזָהאֵל מֶלֶךְ אֲרָם וַאֲחַזְיָהוּ בֶן־יְהוֹרָם מֶלֶךְ יְהוּדָה יָרַד לִרְאוֹת אֶת־יוֹרָם בֶּן־אַחְאָב בְּיִזְרְעֶאל כִּי־חֹלֶה הוּא ׃ פ	καὶ ἐπέστρεψεν ὁ βασιλεὺς Ἰωρὰμ τοῦ ἰατρευθῆναι ἐν Ἰσραὴλ ἀπὸ τῶν ν ἐπάταξαν αὐτὸν ἐν Ῥεμμὼθ ἐν τῷ πολεμεῖν αὐτὸν μετὰ βασιλέως Συρίας· καὶ Ὀχοζεὶ υἱὸς Ἰωρὰμ κατέβη τοῦ ἰδεῖν τὸν υἱὸν Ἀχαὰβ ἐν Ἰσραήλ, ὄτι ἠρρώστει αὐτός.	qui reversus est ut curaretur in Hiezrahel quia vulneraverant eum Syri in Rama proeliantem contra Azahel regem Syriae porro Ahazias filius Ioram rex Iuda descendit invisere Ioram filium Ahab in Hiezrahel quia aegrotabat	Qui reversus est ut curaretur in Jezrahel, quia vulneraverant eum Syri in Ramoth præliantem contra Hazaël regem Syriæ. Porro Ochozias filius Joram rex Juda descendit invisere Joram filium Achab in Jezrahel, quia ægrotabat ibi.		And king Joram went back to be healed in Jezreel of the wounds which the Syrians had given him at Ramah, when he fought against Hazael king of Syria. And Ahaziah the son of Jehoram king of Judah went down to see Joram the son of Ahab in Jezreel, because he was sick.
2Kgs	9	1	וֶאֱלִישָׁע הַנָּבִיא קָרָא לְאַחַד מִבְּנֵי הַנְּבִיאִים וַיֹּאמֶר לוֹ חֲגֹר מָתְנֶיךָ וְקַח פַּךְ הַשֶּׁמֶן הַזֶּה בְּיָדֶךָ וְלֵךְ רָמֹת גִּלְעָד ׃	καὶ Ἐλεισαῖε ὁ προφήτης ἐκάλεσεν ἔνα τῶν υἱῶν τῶν προφητῶν καὶ εἶπεν αὐτῷ Σῶσαι τὴν ὀσφύν σου, καὶ λάβε τὸν φακὸν τοῦ ἐλαίου τούτου ἐν τῇ χειρί σου, καὶ δεῦρο εἰς Ῥεμμὼθ Γαλαάδ.	Heliseus autem prophetes vocavit unum de filiis prophetarum et ait illi accinge lumbos tuos et tolle lenticulam olei hanc in manu tua et vade in Ramoth Galaad	Eliseus autem prophetes vocavit unum de filiis prophetarum, et ait illi: Accinge lumbos tuos, et tolle lenticulam olei hanc in manu tua, et vade in Ramoth Galaad.		And Elisha the prophet called one of the children of the prophets, and said unto him, Gird up thy loins, and take this box of oil in thine hand, and go to Ramothgilead:
2Kgs	9	2	וּבָאתָ שָׁמָּה וּרְאֵה־שָׁם יֵהוּא בֶן־יְהוֹשָׁפָט בֶּן־נִמְשִׁי וּבָאתָ וַהֲקֵמֹתוֹ מִתּוֹך אֶחָיו וְהֵבֵיאתָ אֹתוֹ חֶדֶר בְּחָדֶר ׃	καὶ εἰσελεύσῃ ἐκεῖ, καὶ ὄψῃ ἐκει υἱὸν Ἰωσαφὰθ Εἰοὺ υἱοῦ Ναμεσσεί, καὶ εἰσελεύσῃ κοὶ ἀναστήσεις αὐτὸν ἐκ μέσου τῶν ἀδελφῶν αὐτοῦ, καὶ εἰσάξεις αὐτὸν εἰς τὸ ταμεῖον ἐν ταμείῳ.	cumque veneris illuc videbis Hieu filium Iosaphat filii Namsi et ingressus suscitabis eum de medio fratrum suorum et introduces interius cubiculum	Cumque veneris illuc, videbis Jehu filium Josaphat filii Namsi: et ingressus suscitabis eum de medio fratrum suorum, et introduces in interius cubiculum.		And when thou comest thither, look out there Jehu the son of Jehoshaphat the son of Nimshi, and go in, and make him arise up from among his brethren, and carry him to an inner chamber;
2Kgs	9	3	וְלָקַחְתָּ פַךְ־הַשֶּׁמֶן וְיָצַקְתָּ עַל־רֹאשׁוֹ וְאָמַרְתָּ כֹּה־אָמַר יְהוָה מְשַׁחְתִּיךָ לְמֶלֶךְ אֶל־יִשְׂרָאֵל וּפָתַחְתָּ הַדֶּלֶת וְנַסְתָּה וְלֹא תְחַכֶּה ׃	καὶ λήμψῃ τὸν φακὸν τοῦ ἐλαίου καὶ ἐπιχεεῖς ἐπὶ τὴν κεφαλὴν αὐτοῦ, καὶ εἰπον Τάδε λέγει Κύριος Κέχρικά σε εἰς βασιλέα ἐπὶ Ἰσραήλ· καὶ ἀνοίξεις τὴν θύραν, καὶ φεύξῃ καὶ οὐ μενεῖς.	tenensque lenticulam olei fundes super caput eius et dices haec dicit Dominus unxi te regem super Israhel aperiesque ostium et fugies et non ibi subsistes	Tenensque lenticulam olei, fundes super caput ejus, et dices: Hæc dicit Dominus: Unxi te regem super Israël. Aperiesque ostium, et fugies, et non ibi subsistes.		Then take the box of oil, and pour it on his head, and say, Thus saith the Lord, I have anointed thee king over Israel. Then open the door, and flee, and tarry not.
2Kgs	9	4	וַיֵּלֶךְ הַנַּעַר הַנַּעַר הַנָּבִיא רָמֹת גִּלְעָד ׃	καὶ ἐπορεύθη ὁ προφήτης τὸ παιδάριον εἰς Ῥεμμὰθ Γαλαάδ.	abiit ergo adulescens puer prophetae Ramoth Galaad	Abiit ergo adolescens puer prophetæ in Ramoth Galaad,		So the young man, even the young man the prophet, went to Ramothgilead.
2Kgs	9	5	וַיָּבֹא וְהִנֵּה שָׂרֵי הַחַיִל יֹשְׁבִים וַיֹּאמֶר דָּבָר לִי אֵלֶיךָ הַשָּׂר וַיֹּאמֶר יֵהוּא אֶל־מִי מִכֻּלָּנוּ וַיֹּאמֶר אֵלֶיךָ הַשָּׂר ׃	καὶ εἰσῆλθεν καὶ ἰδοὺ οἱ ἄρχοντες τῆς δυνάμεως ἐκάθηντο, καὶ εἶπεν Λόγος μοι πρὸς σέ, ὁ ἄρχων· καὶ εἶπεν Εἰού Πρὸς τίνα ἐκ πάντων ἡμῶν ; καὶ εἶπεν Πρὸς σέ, ὁ ἄρχων.	et ingressus est ecce autem principes exercitus sedebant et ait verbum mihi ad te princeps dixitque Hieu ad quem ex omnibus nobis at ille dixit ad te o princeps	et ingressus est illuc: ecce autem principes exercitus sedebant: et ait: Verbum mihi ad te, o princeps. Dixitque Jehu: Ad quem ex omnibus nobis? At ille dixit: Ad te, o princeps.		And when he came, behold, the captains of the host were sitting; and he said, I have an errand to thee, O captain. And Jehu said, Unto which of all us? And he said, To thee, O captain.
2Kgs	9	6	וַיָּקָם וַיָּבֹא הַבַּיְתָה וַיִּצֹק הַשֶּׁמֶן אֶל־רֹאשׁוֹ וַיֹּאמֶר לוֹ כֹּה־אָמַר יְהוָה אֱלֹהֵי יִשְׂרָאֵל מְשַׁחְתִּיךָ לְמֶלֶךְ אֶל־עַם יְהוָה אֶל־יִשְׂרָאֵל ׃	καὶ ἀνέστη καὶ εἰσῆλθεν εἰς τὸν οἶκον, καὶ ἐπέχεεν τὸ ἔλαιον ἐπι τὴν κεφαλὴν αὐτοῦ καὶ εἶπεν αὐτῷ Τάδε λέγει Κύριος ὁ θεὸς Ἰσραήλ Κέχρικά σε εἰς βασιλέα ἐπὶ λαὸν Κυρίου, ἐπὶ τὸν Ἰσραήλ.	et surrexit et ingressus est cubiculum at ille fudit oleum super caput eius et ait haec dicit Dominus Deus Israhel unxi te regem super populum Domini Israhel	Et surrexit, et ingressus est cubiculum: at ille fudit oleum super caput ejus, et ait: Hæc dicit Dominus Deus Israël: Unxi te regem super populum Domini Israël,		And he arose, and went into the house; and he poured the oil on his head, and said unto him, Thus saith the Lord God of Israel, I have anointed thee king over the people of the Lord, even over Israel.
2Kgs	9	7	וְהִכִּיתָה אֶת־בֵּית אַחְאָב אֲדֹנֶיךָ וְנִקַּמְתִּי דְּמֵי עֲבָדַי הַנְּבִיאִים וּדְמֵי כָּל־עַבְדֵי יְהוָה מִיַּד אִיזָבֶל ׃	καὶ ἐξολεθρεύσεις τὸν οἶκον Ἀχαὰβ τοῦ κυρίου σου ἐκ προσώπου σου, καὶ ἐκδικήσεις τὰ αἵματα τῶν δούλων μου τῶν τῶν προφητῶν καὶ τὰ αἵματα πάντων τῶν δούλων Κυρίου ἐκ χειρὸς Ἰεζάβελ	et percuties domum Ahab domini tui ut ulciscar sanguinem servorum meorum prophetarum et sanguinem omnium servorum Domini de manu Hiezabel	et percuties domum Achab domini tui, et ulciscar sanguinem servorum meorum prophetarum, et sanguinem omnium servorum Domini de manu Jezabel.		And thou shalt smite the house of Ahab thy master, that I may avenge the blood of my servants the prophets, and the blood of all the servants of the Lord, at the hand of Jezebel.
2Kgs	9	8	וְאָבַד כָּל־בֵּית אַחְאָב וְהִכְרַתִּי לְאַחְאָב מַשְׁתִּין בְּקִיר וְעָצוּר וְעָזוּב בְּיִשְׂרָאֵל ׃	καὶ ἐκ χειρὸς ὄλου τοῦ οἴκου Ἀχαάβ, καὶ ἐξολεθρεύσεις τῷ οἴκῳ Ἀχαὰβ οὐροῦντα πρὸς τοῖχον καὶ συνεχόμενον καὶ ἐνκαταλελειμμένον εν	perdamque omnem domum Ahab et interficiam de Ahab mingentem ad parietem et clausum et novissimum in Israhel	Perdamque omnem domum Achab: et interficiam de Achab mingentem ad parietem, et clausum et novissimum in Israël.		For the whole house of Ahab shall perish: and I will cut off from Ahab him that pisseth against the wall, and him that is shut up and left in Israel:
2Kgs	9	9	וְנָתַתִּי אֶת־בֵּית אַחְאָב כְּבֵית יָרָבְעָם בֶּן־נְבָט וּכְבֵית בַּעְשָׁא בֶן־אֲחִיָּה ׃	καὶ δώσω τὸν οἶκον Ἀχαὰβ ὡς τὸν οἶκον Ἰεροβοὰμ υἱοῦ Ναβὰτ καὶ ὡς τὸν οἶκον Βαασὰ υἱοῦ Ἀχειἀ·	et dabo domum Ahab sicut domum Hieroboam filii Nabath et sicut domum Baasa filii Ahia	Et dabo domum Achab sicut domum Jeroboam filii Nabat, et sicut domum Baasa filii Ahia.		And I will make the house of Ahab like the house of Jeroboam the son of Nebat, and like the house of Baasha the son of Ahijah:
2Kgs	9	10	וְאֶת־אִיזֶבֶל יֹאכְלוּ הַכְּלָבִים בְּחֵלֶק יִזְרְעֶאל וְאֵין קֹבֵר וַיִּפְתַּח הַדֶּלֶת וַיָּנֹס ׃	καὶ τὴν Ἰεξάβαλ καταφάγονται οἱ κύνες ἐν τῇ μερίδι τοῦ Ἰσραήλ, καὶ οὐκ ἔστιν ὁ θάπτων. καὶ ἤνοιξεν τὴν θύραν καὶ ἔφυγεν.	Hiezabel quoque comedent canes in agro Hiezrahel nec erit qui sepeliat eam aperuitque ostium et fugit	Jezabel quoque comedent canes in agro Jezrahel, nec erit qui sepeliat eam. Aperuitque ostium, et fugit.		And the dogs shall eat Jezebel in the portion of Jezreel, and there shall be none to bury her. And he opened the door, and fled.
2Kgs	9	11	וְיֵהוּא יָצָא אֶל־עַבְדֵי אֲדֹנָיו וַיֹּאמֶר לוֹ הֲשָׁלוֹם מַדּוּעַ בָּא־הַמְשֻׁגָּע הַזֶּה אֵלֶיךָ וַיֹּאמֶר אֲלֵיהֶם אַתֶּם יְדַעְתֶּם אֶת־הָאִישׁ וְאֶת־שִׂיחוֹ ׃	καὶ Εἱοὺ ἐξῆλθεν πρὸς τοὺς παῖδας τοῦ κυρίου αὐτοῦ, καὶ εἶπον αὐτῷ Εἰρήνη ; τί ὄτι εἰσῆλθεν ὁ ἐπίλημπτος οὗτος πρὸς σέ ; καὶ εἶπεν αὐτοῖς Ὑμεῖς οἴδατε τὸν ἄνδρα καὶ τὴν ἀδολεσχίαν αὐτοῦ.	Hieu autem egressus est ad servos domini sui qui dixerunt ei rectene sunt omnia quid venit insanus iste ad te qui ait eis nostis hominem et quid locutus sit	Jehu autem egressus est ad servos domini sui: qui dixerunt ei: Rectene sunt omnia? quid venit insanus iste ad te? Qui ait eis: Nostis hominem, et quid locutus sit.		Then Jehu came forth to the servants of his lord: and one said unto him, Is all well? wherefore came this mad fellow to thee? And he said unto them, Ye know the man, and his communication.
2Kgs	9	12	וַיֹּאמְרוּ שֶׁקֶר הַגֶּד־נָא לָנוּ וַיֹּאמֶר כָּזֹאת וְכָזֹאת אָמַר אֵלַי לֵאמֹר כֹּה אָמַר יְהוָה מְשַׁחְתִּיךָ לְמֶלֶךְ אֶל־יִשְׂרָאֵל ׃	καὶ εἶπεν Ἄδικον· ἀπάγγειλον δὴ ἡμῖν. καὶ εἶπεν Εἰοὺ πρὸς αὐτούς Οὔτως καὶ οὕτως ἐλάλησεν πρὸς μὲ λέγων· καὶ Τάδε λέγει λέγει Κύριος Κέχρικά σε εἰς βασιλέα ἐπὶ Ἰσραήλ.	at illi responderunt falsum est sed magis narra nobis qui ait eis haec et haec locutus est mihi et ait haec dicit Dominus unxi te regem super Israhel	At ille responderunt: Falsum est, sed magis narra nobis. Qui ait eis: Hæc et hæc locutus est mihi, et ait: Hæc dicit Dominus: Unxi te regem super Israël.		And they said, It is false; tell us now. And he said, Thus and thus spake he to me, saying, Thus saith the Lord, I have anointed thee king over Israel.
2Kgs	9	13	וַיְמַהֲרוּ וַיִּקְחוּ אִישׁ בִּגְדוֹ וַיָּשִׂימוּ תַחְתָּיו אֶל־גֶּרֶם הַמַּעֲלוֹת וַיִּתְקְעוּ בַּשּׁוֹפָר וַיֹּאמְרוּ מָלַךְ יֵהוּא ׃	καὶ ἀκούσαντες ἔσπευσαν, καὶ ἔλαβεν ἕκαστος τὸ ἱμάτιον αὐτοῦ καὶ ἔθηκαν ὑποκάτω αὐτοῦ ἐπὶ τὸ γάρεμ τῶν ἀναβαθμῶν, καὶ ἐσάλπισαν ἐν κερατίνη καὶ εἶπον Ἐβασίλευσεν Εἰού.	festinaverunt itaque et unusquisque tollens pallium suum posuerunt sub pedibus eius in similitudinem tribunalis et cecinerunt tuba atque dixerunt regnavit Hieu	Festinaverunt itaque, et unusquisque tollens pallium suum posuerunt sub pedibus ejus in similitudinem tribunalis, et cecinerunt tuba, atque dixerunt: Regnavit Jehu.		Then they hasted, and took every man his garment, and put it under him on the top of the stairs, and blew with trumpets, saying, Jehu is king.
2Kgs	9	14	וַיִּתְקַשֵּׁר יֵהוּא בֶּן־יְהוֹשָׁפָט בֶּן־נִמְשִׁי אֶל־יוֹרָם וְיוֹרָם הָיָה שֹׁמֵר בְּרָמֹת גִּלְעָד הוּא וְכָל־יִשְׂרָאֵל מִפְּנֵי חֲזָאֵל מֶלֶךְ־אֲרָם ׃	καὶ συνεστράφη Εἰοὺ υἱὸς Ἰωσαφὰθ υἱοῦ Ναμεσσεὶ πρὸς Ἰωράμ· καὶ Ιωρὰμ αὐτὸς ἐφύλασσεν ἐν Ῥεμμὼθ Γαλαὰδ καὶ πᾶς Ἰσραὴλ ἀπὸ προσώπου Ἁζαὴλ βασιλέως Συρίας.	coniuravit ergo Hieu filius Iosaphat filii Namsi contra Ioram porro Ioram obsederat Ramoth Galaad ipse et omnis Israhel contra Azahel regem Syriae	Conjuravit ergo Jehu filius Josaphat filii Namsi contra Joram: porro Joram obsederat Ramoth Galaad, ipse et omnis Israël contra Hazaël regem Syriæ:		So Jehu the son of Jehoshaphat the son of Nimshi conspired against Joram. (Now Joram had kept Ramothgilead, he and all Israel, because of Hazael king of Syria.
2Kgs	9	15	וַיָּשָׁב יְהוֹרָם הַמֶּלֶךְ לְהִתְרַפֵּא בִיְזְרְעֶאל מִן־הַמַּכִּים אֲשֶׁר יַכֻּהוּ אֲרַמִּים בְּהִלָּחֲמוֹ אֶת־חֲזָאֵל מֶלֶךְ אֲרָם וַיֹּאמֶר יֵהוּא אִם־יֵשׁ נַפְשְׁכֶם אַל־יֵצֵא פָלִיט מִן־הָעִיר לָלֶכֶת לַגִּיד בְּיִזְרְעֶאל ׃	καὶ ἀπέστρεψεν βασιλεὺς ἰατρευθῆναι ἐν Ἰσραὴλ ἀπὸ τῶν πληγῶν ὦν ἔπαισαν οἱ Σύροι ἐν τῷ πολεμεῖν αὐτοὺς μετὰ Ἁζαὴλ βασιλέως Συρίας. εἶπεν Εἰού Εἰ ἔστιν ἡ ψυχὴ ὑμῶν μετ’ ἐμοῦ, μὴ ἐξελθέτω ἐ πόλεως διαπεφευγὼς τοῦ πορευθῆναι καὶ ἀπαγγεῖλαι ἐν ’	et reversus fuerat ut curaretur in Hiezrahel propter vulnera quia percusserant eum Syri proeliantem contra Azahel regem Syriae dixitque Hieu si placet vobis nemo egrediatur profugus de civitate ne vadat et nuntiet in Hiezrahel	et reversus fuerat ut curaretur in Jezrahel propter vulnera, quia percusserant eum Syri præliantem contra Hazaël regem Syriæ. Dixitque Jehu: Si placet vobis, nemo egrediatur profugus de civitate, ne vadat, et nuntiet in Jezrahel.		But king Joram was returned to be healed in Jezreel of the wounds which the Syrians had given him, when he fought with Hazael king of Syria.) And Jehu said, If it be your minds, then let none go forth nor escape out of the city to go to tell it in Jezreel.
2Kgs	9	16	וַיִּרְכַּב יֵהוּא וַיֵּלֶךְ יִזְרְעֶאלָה כִּי יוֹרָם שֹׁכֵב שָׁמָּה וַאֲחַזְיָה מֶלֶךְ יְהוּדָה יָרַד לִרְאוֹת אֶת־יוֹרָם ׃	καὶ ἵππευσεν καὶ ἐπορεύθη Εἰού, καὶ κατέβη ἐν Ἰσραήλ, ὅτι Ἰσραὴλ ἐθεραπεύετο ἐν τῷ Ἰσραὴλ ἀπὸ τῶν τοξευμάτων ὧν αὐτὸν οἱ Ἀραμιεὶν ἐν τῇ Ῥαμμὰθ ἐν τῷ πολέμῳ βασιλέως Συρίας, ὄτι δυνατὸς καὶ ἀνὴρ δυνάμεως· καὶ Ὀχοζείας βασιλεὺς Ἰούδα κατέβη ἰξεῖν τὸν Ἰωράμ.	et ascendit et profectus est in Hiezrahel Ioram enim aegrotabat ibi et Ahazia rex Iuda descenderat ad visitandum Ioram	Et ascendit, et profectus est in Jezrahel: Joram enim ægrotabat ibi, et Ochozias rex Juda descenderat ad visitandum Joram.		So Jehu rode in a chariot, and went to Jezreel; for Joram lay there. And Ahaziah king of Judah was come down to see Joram.
2Kgs	9	17	וְהַצֹּפֶה עֹמֵד עַל־הַמִּגְדָּל בְּיִזְרְעֶאל וַיַּרְא אֶת־שִׁפְעַת יֵהוּא בְּבֹאוֹ וַיֹּאמֶר שִׁפְעַת אֲנִי רֹאֶה וַיֹּאמֶר יְהוֹרָם קַח רַכָּב וּשְׁלַח לִקְרָאתָם וְיֹאמַר הֲשָׁלוֹם ׃	καὶ ὁ σκοπὸς ἀνέβη ἐπὶ τὸν πύργον Ἰσραήλ, καὶ εἶδεν τὸν κονιορτὸν Εἰοὺ ἐν τῷ παραγίνεσθαι αὐτόν, καὶ εἶπεν Κονιορτὸν ἐγὼ βλέπω· καὶ εἶπεν Ἰωράμ Λάβε ἐπιβάτην καὶ ἀπόστειλον ἔμπροσθεν αὐτῶν, καὶ εἰπάτω Ἧ εἰρήνη ;	igitur speculator qui stabat super turrem Hiezrahel vidit globum Hieu venientis et ait video ego globum dixitque Ioram tolle currum et mitte in occursum eorum et dicat vadens rectene sunt omnia	Igitur speculator qui stabat super turrim Jezrahel, vidit globum Jehu venientis, et ait: Video ego globum. Dixitque Joram: Tolle currum, et mitte in occursum eorum, et dicat vadens: Rectene sunt omnia?		And there stood a watchman on the tower in Jezreel, and he spied the company of Jehu as he came, and said, I see a company. And Joram said, Take an horseman, and send to meet them, and let him say, Is it peace?
2Kgs	9	18	וַיֵּלֶךְ רֹכֵב הַסּוּס לִקְרָאתוֹ וַיֹּאמֶר כֹּה־אָמַר הַמֶּלֶךְ הֲשָׁלוֹם וַיֹּאמֶר יֵהוּא מַה־לְּךָ וּלְשָׁלוֹם סֹב אֶל־אַחֲרָי וַיַּגֵּד הַצֹּפֶה לֵאמֹר בָּא־הַמַּלְאָךְ עַד־הֵם וְלֹא־שָׁב ׃	καὶ ἐπορεύθη ἐπιβάτης ἵππου εἰς αὐτῶν καὶ εἶπεν άδε λέγει ὁ βασιλεὺς Ἧ εἰρήνη ; καὶ εἶπεν Εἰού Τί σοι και εἰρήνῃ ; ἐπίστρεφε εἰς τὰ ὀπίσω μου. καὶ ἀπή ὁ σκοπὸς λέγων Ἦλθεν ὁ ἄηελος ἕως αὐτῶν καὶ οὐκ	abiit igitur qui ascenderat currum in occursum eius et ait haec dicit rex pacata sunt omnia dixitque ei Hieu quid tibi et paci transi et sequere me nuntiavit quoque speculator dicens venit nuntius ad eos et non revertitur	Abiit ergo qui ascenderat currum, in occursum ejus, et ait: Hæc dicit rex: Pacatane sunt omnia? Dixitque Jehu: Quid tibi et paci? transi, et sequere me. Nuntiavit quoque speculator, dicens: Venit nuntius ad eos, et non revertitur.		So there went one on horseback to meet him, and said, Thus saith the king, Is it peace? And Jehu said, What hast thou to do with peace? turn thee behind me. And the watchman told, saying, The messenger came to them, but he cometh not again.
2Kgs	9	19	וַיִּשְׁלַח רֹכֵב סוּס שֵׁנִי וַיָּבֹא אֲלֵהֶם וַיֹּאמֶר כֹּה־אָמַר הַמֶּלֶךְ שָׁלוֹם וַיֹּאמֶר יֵהוּא מַה־לְּךָ וּלְשָׁלוֹם סֹב אֶל־אַחֲרָי ׃	καὶ ἀπέστειλεν ἐπιβάτην ἵππου δεύτερον, καὶ ἦλθεν πρὸς αὐτὸν καὶ εἶπεν Τάδε λέγει ὁ βασιλεύς Ἧ εἰρήνη; καὶ εἶπεν Εἰού Τί σοι καὶ εἰρήνῃ; ἐπιστρέφου εἰς τὰ ὀπίσω μου.	misit etiam currum equorum secundum venitque ad eos et ait haec dicit rex num pax est et ait Hieu quid tibi et paci transi et sequere me	Misit etiam currum equorum secundum: venitque ad eos, et ait: Hæc dicit rex: Numquid pax est? Et ait Jehu: Quid tibi et paci? transi, et sequere me.		Then he sent out a second on horseback, which came to them, and said, Thus saith the king, Is it peace? And Jehu answered, What hast thou to do with peace? turn thee behind me.
2Kgs	9	20	וַיַגֵּד הַצֹּפֶה לֵאמֹר בָּא עַד־אֲלֵיהֶם וְלֹא־שָׁב וְהַמִּנְהָג כְּמִנְהַג יֵהוּא בֶן־נִמְשִׁי כִּי בְשִׁגָּעוֹן יִנְהָג ׃	καὶ ἀπήγγειλεν ὁ σκοπὸς λέγων Ἧλθεν ἕως αὐτῶν καὶ οὐκ ἀνέστρεψεν· καὶ ὁ ἄγων ἦγεν τὸν Εἰοὐ υἱὸν Ναμεσσείου, ὄτι ἐν παραλλαγῇ ἐγένετο.	nuntiavit autem speculator dicens venit usque ad eos et non revertitur est autem incessus quasi incessus Hieu filii Namsi praeceps enim graditur	Nuntiavit autem speculator, dicens: Venit usque ad eos, et non revertitur: est autem incessus quasi incessus Jehu filii Namsi, præceps enim graditur.		And the watchman told, saying, He came even unto them, and cometh not again: and the driving is like the driving of Jehu the son of Nimshi; for he driveth furiously.
2Kgs	9	21	וַיֹּאמֶר יְהוֹרָם אֱסֹר וַיֶּאְסֹר רִכְבּוֹ וַיֵּצֵא יְהוֹרָם מֶלֶךְ־יִשְׂרָאֵל וַאֲחַזְיָהוּ מֶלֶךְ־יְהוּדָה אִישׁ בְּרִכְבּוֹ וַיֵּצְאוּ לִקְרַאת יֵהוּא וַיִּמְצָאֻהוּ בְּחֶלְקַת נָבוֹת הַיִּזְרְעֵאלִי ׃	καὶ εἶπεν Ἰωράμ Ζαῦξον· καὶ ἔζευξεν ἄρμα. καὶ ἐξῆλθεν Ἰωρὰμ βασιλεὺς Ἰσραὴλ καὶ Ὀχοζεὶ βασιλεὺς Ἰούδα, ἀνὴρ ἐν τῷ ἄρματι αὐτοῦ, καὶ ἐξῆλθον εἰς ἀπαντὴν Εἱού, καὶ Εὖρον αὐτὸν ἐν τῇ μερίδι Ναβουθαὶ τοῦ Ἰσραηλείτου.	et ait Ioram iunge currum iunxeruntque currum eius et egressus est Ioram rex Israhel et Ahazias rex Iuda singuli in curribus suis egressique sunt in occursum Hieu et invenerunt eum in agro Naboth Hiezrahelitis	Et ait Joram: Junge currum. Junxeruntque currum ejus, et egressus est Joram rex Israël, et Ochozias rex Juda, singuli in curribus suis, egressique sunt in occursum Jehu, et invenerunt eum in agro Naboth Jezrahelitæ.		And Joram said, Make ready. And his chariot was made ready. And Joram king of Israel and Ahaziah king of Judah went out, each in his chariot, and they went out against Jehu, and met him in the portion of Naboth the Jezreelite.
2Kgs	9	22	וַיְהִי כִּרְאוֹת יְהוֹרָם אֶת־יֵהוּא וַיֹּאמֶר הֲשָׁלוֹם יֵהוּא וַיֹּאמֶר מָה הַשָּׁלוֹם עַד־זְנוּנֵי אִיזֶבֶל אִמְּךָ וּכְשָׁפֶיהָ הָרַבִּים ׃	καὶ ἐγένετο ὡς εἶδεν Ἰωρὰμ τὸν Εἰού, καὶ εἶπεν Ἧ εἰρήνη, Εἰού; καὶ εἶπεν Εἰού Τί εἰρήνη ; ἔτι αἱ πορνεῖαι Ἰεζάβελ τῆς μητρός σου καὶ τὰ φάρμακα αὐτῆς τὰ πολλά.	cumque vidisset Ioram Hieu dixit pax est Hieu at ille respondit quae pax adhuc fornicationes Hiezabel matris tuae et veneficia eius multa vigent	Cumque vidisset Joram Jehu, dixit: Pax est, Jehu? At ille respondit: Quæ pax? adhuc fornicationes Jezabel matris tuæ, et veneficia ejus multa, vigent.		And it came to pass, when Joram saw Jehu, that he said, Is it peace, Jehu? And he answered, What peace, so long as the whoredoms of thy mother Jezebel and her witchcrafts are so many?
2Kgs	9	23	וַיַּהֲפֹךְ יְהוֹרָם יָדָיו וַיָּנֹס וַיֹּאמֶר אֶל־אֲחַזְיָהוּ מִרְמָה אֲחַזְיָה ׃	καὶ ἐπέστρεψεν τὰς τὰς αὐτοῦ καὶ ἔφυγεν, καὶ εἶπεν πρὸς Ὀχοζείαν Δόλος, Ὀχοζεία.	convertit autem Ioram manum suam et fugiens ait ad Ahaziam insidiae Ahazia	Convertit autem Joram manum suam, et fugiens ait ad Ochoziam: Insidiæ, Ochozia.		And Joram turned his hands, and fled, and said to Ahaziah, There is treachery, O Ahaziah.
2Kgs	9	24	וְיֵהוּא מִלֵּא יָדוֹ בַקֶּשֶׁת וַיַּךְ אֶת־יְהוֹרָם בֵּין זְרֹעָיו וַיֵּצֵא הַחֵצִי מִלִּבּוֹ וַיִּכְרַע בְּרִכְבּוֹ ׃	καὶ ἔπλησεν Εἰοὺ τὴν χεῖρα αὐτοῦ ἐν τῷ τόξῳ καὶ ἀνὰ μέσον τῶν βραχιόνων αὐτοῦ, καὶ ἐξῆλθεν τὸ βέλος αὐτοῦ διὰ τῆς καρδίας αὐτοῦ, καὶ ἔκαμψεν ἐπὶ τὰ γόνατα αὐτοῦ.	porro Hieu tetendit arcum manu et percussit Ioram inter scapulas et egressa est sagitta per cor eius statimque corruit in curru suo	Porro Jehu tetendit arcum manu, et percussit Joram inter scapulas: et egressa est sagitta per cor ejus, statimque corruit in curru suo.		And Jehu drew a bow with his full strength, and smote Jehoram between his arms, and the arrow went out at his heart, and he sunk down in his chariot.
2Kgs	9	25	וַיֹּאמֶר אֶל־בִּדְקַר שְׁלֹשָׁה שָׂא הַשְׁלִכֵהוּ בְּחֶלְקַת שְׂדֵה נָבוֹת הַיִּזְרְעֵאלִי כִּי־זְכֹר אֲנִי וָאַתָּה אֵת רֹכְבִים צְמָדִים אַחֲרֵי אַחְאָב אָבִיו וַיהוָה נָשָׂא עָלָיו אֶת־הַמַּשָּׂא הַזֶּה ׃	καὶ εἶπεν πρὸς Βαδεκὰ τὸν τριστάτην αὐτοῦ Ῥίψαι αὐτὸν ἐν τῇ μερίδι ἀγροῦ Ναβουθαὶ τοῦ Ἰσρανλείτου· ὄτι μνημονεύω, ἐγὼ καὶ σὺ ἐπιβεβηκότες ἐπὶ ζεύγη ὀπίσω Ἀχαὰβ τοῦ πατρὸς αὐτοῦ, καὶ Κύριος ἔλαβεν ἐπ’ αὐτὸν τὸ λῆμμα τοῦτο	dixitque Hieu ad Baddacer ducem tolle proice eum in agro Naboth Hiezrahelitae memini enim quando ego et tu sedentes in curru sequebamur Ahab patrem huius quod Dominus onus hoc levaverit super eum dicens	Dixitque Jehu ad Badacer ducem: Tolle, projice eum in agro Naboth Jezrahelitæ: memini enim quando ego et tu sedentes in curru sequebamur Achab patrem hujus, quod Dominus onus hoc levaverit super eum, dicens:		Then said Jehu to Bidkar his captain, Take up, and cast him in the portion of the field of Naboth the Jezreelite: for remember how that, when I and thou rode together after Ahab his father, the Lord laid this burden upon him;
2Kgs	9	26	אִם־לֹא אֶת־דְּמֵי נָבוֹת וְאֶת־דְּמֵי בָנָיו רָאִיתִי אֶמֶשׁ נְאֻם־יְהוָה וְשִׁלַּמְתִּי לְךָ בַּחֶלְקָה הַזֹּאת נְאֻם־יְהוָה וְעַתָּה שָׂא הַשְׁלִכֵהוּ בַּחֶלְקָה כִּדְבַר יְהוָה ׃	Εἰ μὴ τὰ αἴματα Ναβουθαὶ καὶ τὰ αἴματα τῶν υἱῶν αὐτοῦ εἶδον ἐχθές, φησὶν Κύριος· καὶ ἀνταποδώσω αὐτῷ ἐν τῇ μερίδι ταύτῃ, φησὶν Κύριος. κα νῦν ἄρας δὴ ῥίψον αὐτὸν ἐν τῇ μερίδι κατὰ τὸ ῥῆμα Κυρίου.	si non pro sanguine Naboth et pro sanguine filiorum eius quem vidi heri ait Dominus reddam tibi in agro isto dicit Dominus nunc igitur tolle proice eum in agro iuxta verbum Domini	Si non pro sanguine Naboth, et pro sanguine filiorum ejus, quem vidi heri, ait Dominus, reddam tibi in agro isto, dicit Dominus. Nunc ergo tolle, et projice eum in agrum juxta verbum Domini.		Surely I have seen yesterday the blood of Naboth, and the blood of his sons, saith the Lord; and I will requite thee in this plat, saith the Lord. Now therefore take and cast him into the plat of ground, according to the word of the Lord.
2Kgs	9	27	וַאֲחַזְיָה מֶלֶךְ־יְהוּדָה רָאָה וַיָּנָס דֶּרֶךְ בֵּית הַגָּן וַיִּרְדֹּף אַחֲרָיו יֵהוּא וַיֹּאמֶר גַּם־אֹתוֹ הַכֻּהוּ אֶל־הַמֶּרְכָּבָה בְּמַעֲלֵה־גוּר אֲשֶׁר אֶת־יִבְלְעָם וַיָּנָס מְגִדּוֹ וַיָּמָת שָׁם ׃	καὶ Ὀχοζείας βασιλεὺς Ἰούδα εἶδεν, καὶ ἔφυγεν ὁδὸν Βαιθάν· καὶ ἐδίωξεν ὀπίσω αὐτοῦ Εἰοὺ καὶ εἶπεν Καί γε αὐτόν· καὶ ἐπάταξεν αὐτὸν πρὸς τῷ ἅρματι ἐν τῷ ἀναβαίνειν Γαί, ἥ ἐστιν Ἐκβλαάμ· καὶ ἔφυγεν εἰς μαγεδαών, καὶ ἀπέθανεν ἐκεῖ.	Ahazias autem rex Iuda videns hoc fugit per viam domus horti persecutusque est eum Hieu et ait etiam hunc percutite in curru suo in ascensu Gaber qui est iuxta Ieblaam qui fugit in Mageddo et mortuus est ibi	Ochozias autem rex Juda videns hoc, fugit per viam domus horti: persecutusque est eum Jehu, et ait: Etiam hunc percutite in curru suo. Et percusserunt eum in ascensu Gaver, qui est juxta Jeblaam: qui fugit in Mageddo, et mortuus est ibi.		But when Ahaziah the king of Judah saw this, he fled by the way of the garden house. And Jehu followed after him, and said, Smite him also in the chariot. And they did so at the going up to Gur, which is by Ibleam. And he fled to Megiddo, and died there.
2Kgs	9	28	וַיַּרְכִּבוּ אֹתוֹ עֲבָדָיו יְרוּשָׁלְָמָה וַיִּקְבְּרוּ אֹתוֹ בִקְבֻרָתוֹ עִם־אֲבֹתָיו בְּעִיר דָּוִד ׃ פ	καὶ ἐπεβίβασαν αὐτὸν οἱ παῖδες αὐτοῦ ἐπὶ τὸ ἄρμα καὶ ἤγαγον αὐτὸν εἰς Ἰερουσαλήμ, καὶ ἔθαψαν αὐτὸν ἐν τῷ τάφῳ αὐτοῦ ἐν πόλει Δαυείδ.	et inposuerunt eum servi eius super currum suum et tulerunt Hierusalem sepelieruntque in sepulchro cum patribus suis in civitate David	Et imposuerunt eum servi ejus super currum suum, et tulerunt in Jerusalem: sepelieruntque eum in sepulchro cum patribus suis in civitate David.		And his servants carried him in a chariot to Jerusalem, and buried him in his sepulchre with his fathers in the city of David.
2Kgs	9	29	וּבִשְׁנַת אַחַת עֶשְׂרֵה שָׁנָה לְיוֹרָם בֶּן־אַחְאָב מָלַךְ אֲחַזְיָה עַל־יְהוּדָה ׃	Καὶ ἐν ἔτει ἑνδεκάτω Ἰωρὰμ βασιλεῖ Ἰσραὴλ ἐβασίλευσεν Ὀχοζείας ἐπὶ Ἰούδαν.	anno undecimo Ioram filii Ahab rege Ahazia super Iudam	Anno undecimo Joram filii Achab, regnavit Ochozias super Judam,		And in the eleventh year of Joram the son of Ahab began Ahaziah to reign over Judah.
2Kgs	9	30	וַיָּבוֹא יֵהוּא יִזְרְעֶאלָה וְאִיזֶבֶל שָׁמְעָה וַתָּשֶׂם בַּפּוּךְ עֵינֶיהָ וַתֵּיטֶב אֶת־רֹאשָׁהּ וַתַּשְׁקֵף בְּעַד הַחַלּוֹן ׃	Καὶ ἦλθεν Εἰοὺ ἐπὶ Ἰσραή· καὶ Ἰεζάβελ ἤκουσεν καὶ ἐστιμίσατο τοὺς ὀφθαλμοὺς αὐτῆς καὶ ἠγάθυνεν τὴν κεφαλὴν αὐτῆς, καὶ διέκυψεν διὰ τῆς θυρίδος.	venit Hieu Hiezrahel porro Hiezabel introitu eius audito depinxit oculos suos stibio et ornavit caput suum et respexit per fenestram	venitque Jehu in Jezrahel. Porro Jezabel, introitu ejus audito, depinxit oculos suos stibio, et ornavit caput suum, et respexit per fenestram		And when Jehu was come to Jezreel, Jezebel heard of it; and she painted her face, and tired her head, and looked out at a window.
2Kgs	9	31	וְיֵהוּא בָּא בַשָּׁעַר וַתֹּאמֶר הֲשָׁלוֹם זִמְרִי הֹרֵג אֲדֹנָיו ׃	καὶ Εἰοὺ εἰσεπορεύετο ἐν τῇ πόλει, καὶ εἶπεν Ἧ εἰρήνη, Ζαμβρεί, ὁ φονευτὴς τοῦ κυρίου αὐτοῦ ;	ingredientem Hieu per portam et ait numquid pax esse potest Zamri qui interfecit dominum suum	ingredientem Jehu per portam, et ait: Numquid pax potest esse Zambri, qui interfecit dominum suum?		And as Jehu entered in at the gate, she said, Had Zimri peace, who slew his master?
2Kgs	9	32	וַיִּשָּׂא פָנָיו אֶל־הַחַלּוֹן וַיֹּאמֶר מִי אִתִּי מִי וַיַּשְׁקִיפוּ אֵלָיו שְׁנַיִם שְׁלֹשָׁה סָרִיסִים ׃	καὶ ἐπῆρεν τὸ πρόσωπον αὐτοῦ εἰς τὴν θυρίδα καὶ εἶδεν αὐτήν, καὶ εἶπεν Τίς εἶ σύ; κατάβηθι μετ’ ἐμοῦ· καὶ κατέκυψαν πρὸς αὐτὸν δύο εὐνοῦχοι.	levavitque Hieu faciem suam ad fenestram et ait quae est ista et inclinaverunt se ad eum duo vel tres eunuchi	Levavitque Jehu faciem suam ad fenestram, et ait: Quæ est ista? et inclinaverunt se ad eum duo vel tres eunuchi.		And he lifted up his face to the window, and said, Who is on my side? who? And there looked out to him two or three eunuchs.
2Kgs	9	33	וַיֹּאמֶר שִׁמְטֻהוּ וַיִּשְׁמְטוּהָ וַיִּז מִדָּמָהּ אֶל־הַקִּיר וְאֶל־הַסּוּסִים וַיִּרְמְסֶנָּה ׃	καὶ εἰπεν Κυλίσατε αὐτήν· καὶ ἐκύλισαν αὐτήν, καὶ ἐραντίσθη τοῦ αἵματος αὐτῆς πρὸς τὸν τοῖχον καὶ πρὸς τοὺς ἵππους, καὶ συνεπάτησαν αὐτήν.	at ille dixit eis praecipitate eam deorsum et praecipitaverunt eam aspersusque est sanguine paries et equorum ungulae qui conculcaverunt eam	At ille dixit eis: Præcipitate eam deorsum: et præcipitaverunt eam, aspersusque est sanguine paries, et equorum ungulæ conculcaverunt eam.		And he said, Throw her down. So they threw her down: and some of her blood was sprinkled on the wall, and on the horses: and he trode her under foot.
2Kgs	9	34	וַיָּבֹא וַיֹּאכַל וַיֵּשְׁתְּ וַיֹּאמֶר פִּקְדוּ־נָא אֶת־הָאֲרוּרָה הַזֹּאת וְקִבְרוּהָ כִּי בַת־מֶלֶךְ הִיא ׃	καὶ εἰσῆλθεν καὶ ἔφαγεν καὶ ἔπιεν, καὶ εἶπεν Ἐπισκέψασθε δὴ τὴν κατηραμένην ταύτην καὶ θάψατε αὐτήν, ὅτι βασιλέως ἐστίν.	cumque ingressus esset et comederet bibissetque ait ite videte maledictam illam et sepelite eam quia filia regis est	Cumque introgressus esset ut comederet biberetque, ait: Ite, et videte maledictam illam, et sepelite eam: quia filia regis est.		And when he was come in, he did eat and drink, and said, Go, see now this cursed woman, and bury her: for she is a king's daughter.
2Kgs	9	35	וַיֵּלְכוּ לְקָבְרָהּ וְלֹא־מָצְאוּ בָהּ כִּי אִם־הַגֻּלְגֹּלֶת וְהָרַגְלַיִם וְכַפּוֹת הַיָּדָיִם ׃	καὶ ἐπορεύθησαν θάψαι αὐτήν, καὶ οὐ ἐν αὐτῇ ἄλλο τι ἢ τὸ κρανίον καὶ οἱ πόδες καὶ τὰ ἴχνη τῶν	cumque issent ut sepelirent eam non invenerunt nisi calvariam et pedes et summas manus	Cumque issent ut sepelirent eam, non invenerunt nisi calvariam, et pedes, et summas manus.		And they went to bury her: but they found no more of her than the skull, and the feet, and the palms of her hands.
2Kgs	9	36	וַיָּשֻׁבוּ וַיַּגִּידוּ לוֹ וַיֹּאמֶר דְּבַר־יְהוָה הוּא אֲשֶׁר דִּבֶּר בְּיַד־עַבְדּוֹ אֵלִיָּהוּ הַתִּשְׁבִּי לֵאמֹר בְּחֵלֶק יִזְרְעֶאל יֹאכְלוּ הַכְּלָבִים אֶת־בְּשַׂר אִיזָבֶל ׃	καὶ ἐπέστρεψαν καὶ ἀνήγγειλαν αὐτῷ, καὶ εἶπεν Λόγος Κυρίου ὄν ἐλάλησεν ἐν χειρὶ Ἠλειοὺ τοῦ θεσβείτου λέγων Ἐν τῇ μερίδι Ἰσραὴλ καταφάγονται οἱ κύνες τὰς σάρκας Ἰεζάβελ.	reversique nuntiaverunt ei et ait Hieu sermo Domini est quem locutus est per servum suum Heliam Thesbiten dicens in agro Hiezrahel comedent canes carnes Hiezabel	Reversique nuntiaverunt ei. Et ait Jehu: Sermo Domini est, quem locutus est per servum suum Eliam Thesbiten, dicens: In agro Jezrahel comedent canes carnes Jezabel,		Wherefore they came again, and told him. And he said, This is the word of the Lord, which he spake by his servant Elijah the Tishbite, saying, In the portion of Jezreel shall dogs eat the flesh of Jezebel:
2Kgs	9	37	וְהָיָת נִבְלַת אִיזֶבֶל כְּדֹמֶן עַל־פְּנֵי הַשָּׂדֶה בְּחֵלֶק יִזְרְעֶאל אֲשֶׁר לֹא־יֹאמְרוּ זֹאת אִיזָבֶל ׃ פ	καὶ ἔσται τὸ θνησιμαῖον Ἰεζάβελ ὡς κοπρία ἐπὶ προσώπου τοῦ ἀγροῦ ἐν τῇ μερίδι Ἰσραήλ, ὥστε μὴ εἰπεῖν αὐτούς Ἰεζάβελ.	et erunt carnes Hiezabel sicut stercus super faciem terrae in agro Hiezrahel ita ut praetereuntes dicant haecine est illa Hiezabel	et erunt carnes Jezabel sicut stercus super faciem terræ in agro Jezrahel, ita ut prætereuntes dicant: Hæccine est illa Jezabel?		And the carcase of Jezebel shall be as dung upon the face of the field in the portion of Jezreel; so that they shall not say, This is Jezebel.
2Kgs	10	1	וּלְאַחְאָב שִׁבְעִים בָּנִים בְּשֹׁמְרוֹן וַיִּכְתֹּב יֵהוּא סְפָרִים וַיִּשְׁלַח שֹׁמְרוֹן אֶל־שָׂרֵי יִזְרְעֶאל הַזְּקֵנִים וְאֶל־הָאֹמְנִים אַחְאָב לֵאמֹר ׃	Καὶ τῷ Ἀχαὰβ ἑβδομήκοντα υἱοὶ ἐν Σαμαρείᾳ. καὶ ἔγραψεν Εἰοὺ βιβλίον καὶ ἀπέστειλεν ἐν Σαμαρείᾳ πρὸς τοὺς ἄρχοντας Σαμαρείας κα πρὸς τοὺς πρεσβυτέρους καὶ πρὸς τοὺς τιθηνοὺς Ἀχαὰβ λέγων	erant autem Ahab septuaginta filii in Samaria scripsit ergo Hieu litteras et misit in Samariam ad optimates civitatis et ad maiores natu et ad nutricios Ahab dicens	Erant autem Achab septuaginta filii in Samaria: scripsit ergo Jehu litteras, et misit in Samariam, ad optimates civitatis, et ad majores natu, et ad nutritios Achab, dicens:		And Ahab had seventy sons in Samaria. And Jehu wrote letters, and sent to Samaria, unto the rulers of Jezreel, to the elders, and to them that brought up Ahab's children, saying,
2Kgs	10	2	וְעַתָּה כְּבֹא הַסֵּפֶר הַזֶּה אֲלֵיכֶם וְאִתְּכֶם בְּנֵי אֲדֹנֵיכֶם וְאִתְּכֶם הָרֶכֶב וְהַסּוּסִים וְעִיר מִבְצָר וְהַנָּשֶׁק ׃	Καὶ νῦν ὡς ἐὰν ἔλθῃ τὸ βιβλίον τοῦτο πρὸς ὑμᾶς, καὶ μεΘ' ὑμῶν οἱ υἱοὶ τοῦ κυρίου ὑμῶν, καὶ μεθ’ ὑμῶν τὸ ἅρμα καὶ ἵπποι κα πόλεις ὀχυραὶ καὶ τὰ ὄπλα·	statim ut acceperitis litteras has qui habetis filios domini vestri et currus et equos et civitates firmas et arma	Statim ut acceperitis litteras has, qui habetis filios domini vestri, et currus, et equos, et civitates firmas, et arma,		Now as soon as this letter cometh to you, seeing your master's sons are with you, and there are with you chariots and horses, a fenced city also, and armour;
2Kgs	10	3	וּרְאִיתֶם הַטּוֹב וְהַיָּשָׁר מִבְּנֵי אֲדֹנֵיכֶם וְשַׂמְתֶּם עַל־כִּסֵּא אָבִיו וְהִלָּחֲמוּ עַל־בֵּית אֲדֹנֵיכֶם ׃	καὶ ὄψεσθε τὸν ἀγαθὸν καὶ τὸν εὐθῆ ἐν τοῖς υἱοῖς τοῦ κυρίου ὑμῶν καὶ καταστήσετε αὐτὸν ἐπὶ τὸν θρόνον τοῦ πατρὸς αὐτοῦ, καὶ πολεμεῖτε ὑπὲρ τοῦ οἴκου τοῦ κυρίου ὑμῶν.	eligite meliorem et eum qui vobis placuerit de filiis domini vestri et ponite eum super solium patris sui et pugnate pro domo domini vestri	eligite meliorem, et eum qui vobis placuerit de filiis domini vestri, et eum ponite super solium patris sui, et pugnate pro domo domini vestri.		Look even out the best and meetest of your master's sons, and set him on his father's throne, and fight for your master's house.
2Kgs	10	4	וַיִּרְאוּ מְאֹד מְאֹד וַיֹּאמְרוּ הִנֵּה שְׁנֵי הַמְּלָכִים לֹא עָמְדוּ לְפָנָיו וְאֵיךְ נַעֲמֹד אֲנָחְנוּ ׃	καὶ ἐφοβήθησαν σφόδρα, καὶ εἶπον Ἰδοὺ οἱ δύο ουκ εστησαν κατα προσωπον αὐτου, καὶ πως	timuerunt illi vehementer et dixerunt ecce duo reges non potuerunt stare coram eo et quomodo nos valebimus resistere	Timuerunt illi vehementer, et dixerunt: Ecce duo reges non potuerunt stare coram eo, et quomodo nos valebimus resistere?		But they were exceedingly afraid, and said, Behold, two kings stood not before him: how then shall we stand?
2Kgs	10	5	וַיִּשְׁלַח אֲשֶׁר־עַל־הַבַּיִת וַאֲשֶׁר עַל־הָעִיר וְהַזְּקֵנִים וְהָאֹמְנִים אֶל־יֵהוּא לֵאמֹר עֲבָדֶיךָ אֲנַחְנוּ וְכֹל אֲשֶׁר־תֹּאמַר אֵלֵינוּ נַעֲשֶׂה לֹא־נַמְלִיךְ אִישׁ הַטּוֹב בְּעֵינֶיךָ עֲשֵׂה ׃	καὶ ἀπέστειλαν οἱ ἐπὶ τοῦ οἴκου καὶ οἱ ἐπὶ τῆς πόλεως καὶ οἱ πρεσβύτεροι καὶ οἱ τιθηνοὶ πρὸς Εἰοὺ λέγοντες Παῖδές σου ἡμεῖς, καὶ ὄσα ἐὰν πρὸς πρὸς ἡμᾶς ποιήσομεν· οὐ βασιλεύσομεν ἄνδρα, τὸ ἀγαθὸν ἐν ὀφθαλμοῖς σου ποιήσομεν.	miserunt ergo praepositus domus et praefectus civitatis et maiores natu et nutricii ad Hieu dicentes servi tui sumus quaecumque iusseris faciemus nec constituemus regem quodcumque tibi placet fac	Miserunt ergo præpositi domus, et præfecti civitatis, et majores natu, et nutritii, ad Jehu, dicentes: Servi tui sumus: quæcumque jusseris faciemus, nec constituemus nobis regem: quæcumque tibi placent, fac.		And he that was over the house, and he that was over the city, the elders also, and the bringers up of the children, sent to Jehu, saying, We are thy servants, and will do all that thou shalt bid us; we will not make any king: do thou that which is good in thine eyes.
2Kgs	10	6	וַיִּכְתֹּב אֲלֵיהֶם סֵפֶר שֵׁנִית לֵאמֹר אִם־לִי אַתֶּם וּלְקֹלִי אַתֶּם שֹׁמְעִים קְחוּ אֶת־רָאשֵׁי אַנְשֵׁי בְנֵי־אֲדֹנֵיכֶם וּבֹאוּ אֵלַי כָּעֵת מָחָר יִזְרְעֶאלָה וּבְנֵי הַמֶּלֶךְ שִׁבְעִים אִישׁ אֶת־גְּדֹלֵי הָעִיר מְגַדְּלִים אוֹתָם ׃	καὶ ἔγραψεν πρὸς αὐτοὺς βιβλίον δεύτερον λέγων Εἱ ἐμοὶ ὑμεῖς καὶ τῆς φωνῆς μου ὑμεῖς εἰσακούετε, λάβετε τὴν κεφαλὴν ἀνδρῶν τῶν υἱῶν τοῦ κυρίου ὑμῶν καὶ ἐνέγκατε πρὸς μὲ ὡς ἡ ὥρα αὔριον εἰς Ἰσραήλ. καὶ οἱ υἱοὶ τοῦ βασιλέως ἦσαν ἑβδομήκοντα ἄνδρες· οὗτοι ἁδροὶ τῆς πόλεως ἐξέτρεφον αὐτούς.	rescripsit autem eis litteras secundo dicens si mei estis et oboeditis mihi tollite capita filiorum domini vestri et venite ad me hac eadem hora cras in Hiezrahel porro filii regis septuaginta viri apud optimates civitatis nutriebantur	Rescripsit autem eis litteras secundo, dicens: Si mei estis, et obeditis mihi, tollite capita filiorum domini vestri, et venite ad me hac eadem hora cras in Jezrahel. Porro filii regis, septuaginta viri, apud optimates civitates nutriebantur.		Then he wrote a letter the second time to them, saying, If ye be mine, and if ye will hearken unto my voice, take ye the heads of the men your master's sons, and come to me to Jezreel by to morrow this time. Now the king's sons, being seventy persons, were with the great men of the city, which brought them up.
2Kgs	10	7	וַיְהִי כְּבֹא הַסֵּפֶר אֲלֵיהֶם וַיִּקְחוּ אֶת־בְּנֵי הַמֶּלֶךְ וַיִּשְׁחֲטוּ שִׁבְעִים אִישׁ וַיָּשִׂימוּ אֶת־רָאשֵׁיהֶם בַּדּוּדִים וַיִּשְׁלְחוּ אֵלָיו יִזְרְעֶאלָה ׃	καὶ ἐγένετο ὡς ἦλθεν τὸ βιβλίον πρὸς αὐτούς, καὶ ἔλαβον τοὺς υἱοὺς τοῦ βασιλέως καὶ ἔσφαξαν αὐτούς, ἑβδομήκοντα ἄνδρας· καὶ ἔθηκαν τὰς κεφαλὰς αὐτῶν ἐν καρτάλλοις καὶ ἀπέστειλαν αὐτὰς πρὸς αὐτὸν εἰς Ἰσραήλ.	cumque venissent litterae ad eos tulerunt filios regis et occiderunt septuaginta viros et posuerunt capita eorum in cofinis et miserunt ad eum in Hiezrahel	Cumque venissent litteras ad eos, tulerunt filios regis, et occiderunt septuaginta viros, et posuerunt capita eorum in cophinis, et miserunt ad eum in Jezrahel.		And it came to pass, when the letter came to them, that they took the king's sons, and slew seventy persons, and put their heads in baskets, and sent him them to Jezreel.
2Kgs	10	8	וַיָּבֹא הַמַּלְאָךְ וַיַּגֶּד־לוֹ לֵאמֹר הֵבִיאוּ רָאשֵׁי בְנֵי־הַמֶּלֶךְ וַיֹּאמֶר שִׂימוּ אֹתָם שְׁנֵי צִבֻּרִים פֶּתַח הַשַּׁעַר עַד־הַבֹּקֶר ׃	καὶ ἦλθεν ὁ ἄγγελος καὶ ἀπήγγειλεν λέγων Ἤνεγκα τὰς κεφαλὰς τῶν υἱῶν τοῦ βασιλέως· καὶ εἶπεν Θέτε αὐτὰς βουνοὺς δύο παρὰ τὴν θύραν τῆς πύλης πόλεως εἰς πρωί.	venit autem nuntius et indicavit ei dicens adtulerunt capita filiorum regis qui respondit ponite ea duos acervos iuxta introitum portae usque mane	Venit autem nuntius, et indicavit ei, dicens: Attulerunt capita filiorum regis. Qui respondit: Ponite ea ad duos acervos juxta introitum portæ usque mane.		And there came a messenger, and told him, saying, They have brought the heads of the king's sons. And he said, Lay ye them in two heaps at the entering in of the gate until the morning.
2Kgs	10	9	וַיְהִי בַבֹּקֶר וַיֵּצֵא וַיַּעֲמֹד וַיֹּאמֶר אֶל־כָּל־הָעָם צַדִּקִים אַתֶּם הִנֵּה אֲנִי קָשַׁרְתִּי עַל־אֲדֹנִי וָאֶהְרְגֵהוּ וּמִי הִכָּה אֶת־כָּל־אֵלֶּה ׃	καὶ ἐγένετο πρωὶ καὶ ἐξῆλθεν καὶ ἔστη, καὶ εἶπεν πρὸς πάντα τὸν λαόν ὑμεῖς, ἰδοὺ ἐγώ εἰμι συνεστράφην ἐπὶ τὸν κύριόν μου κα αὐτόν· καὶ τίς ἐπάταξεν πάντας τούτους ;	cumque diluxisset egressus est et stans dixit ad omnem populum iusti estis si ego coniuravi contra dominum meum et interfeci eum quis percussit omnes hos	Cumque diluxisset, egressus est, et stans dixit ad omnem populum: Justi estis: si ego conjuravi contra dominum meum et interfeci eum, quis percussit omnes hos?		And it came to pass in the morning, that he went out, and stood, and said to all the people, Ye be righteous: behold, I conspired against my master, and slew him: but who slew all these?
2Kgs	10	10	דְּעוּ אֵפוֹא כִּי לֹא יִפֹּל מִדְּבַר יְהוָה אַרְצָה אֲשֶׁר־דִּבֶּר יְהוָה עַל־בֵּית אַחְאָב וַיהוָה עָשָׂה אֵת אֲשֶׁר דִּבֶּר בְּיַד עַבְדּוֹ אֵלִיָּהוּ ׃	ἴδετε ἀφφώ, ὅτι οὐ πεσεῖται ἀπὸ τοῦ ῥήματος Κυρίου εἰς τὴν γῆν οὗ ἐλάλησεν Κύριος ἐπὶ τὸν οἶκον Ἀχαάβ· καὶ Κύριος ἐποίησεν ὄσα ἐλάλησεν ἐν χειρὶ δούλου δούλου Ἠλειού.	videte ergo nunc quoniam non cecidit de sermonibus Domini in terram quos locutus est Dominus super domum Ahab et Dominus fecit quod locutus est in manu servi sui Heliae	videte ergo nunc quoniam non cecidit de sermonibus Domini in terram, quos locutus est Dominus super domum Achab: et Dominus fecit quod locutus est in manu servi sui Eliæ.		Know now that there shall fall unto the earth nothing of the word of the Lord, which the Lord spake concerning the house of Ahab: for the Lord hath done that which he spake by his servant Elijah.
2Kgs	10	11	וַיַּךְ יֵהוּא אֵת כָּל־הַנִּשְׁאָרִים לְבֵית־אַחְאָב בְּיִזְרְעֶאל וְכָל־גְּדֹלָיו וּמְיֻדָּעָיו וְכֹהֲנָיו עַד־בִּלְתִּי הִשְׁאִיר־לוֹ שָׂרִיד ׃	καὶ ἐπάταξεν Εἰοὺ πάντας τοὺς ἐν τῷ οἴκῳ Ἀχαὰβ καταλειφθέντας ἐν Ἰσραήλ, καὶ πάντας τοὺς ἁδροὺς αὐτοῦ καὶ τοὺς γνωστοὺς αὐτοῦ καὶ τοὺς ἱερεῖς αὐτοῦ, ὤστε μὴ καταλιπεῖν αὐτοὺς κατάλιμμα.	percussit igitur Hieu omnes qui reliqui erant de domo Ahab in Hiezrahel et universos optimates eius et notos et sacerdotes donec non remanerent ex eo reliquiae	Percussit igitur Jehu omnes qui reliqui erant de domo Achab in Jezrahel, et universos optimates ejus, et notos, et sacerdotes, donec non remanerent ex eo reliquiæ.		So Jehu slew all that remained of the house of Ahab in Jezreel, and all his great men, and his kinsfolks, and his priests, until he left him none remaining.
2Kgs	10	12	וַיָּקָם וַיָּבֹא וַיֵּלֶךְ שֹׁמְרוֹן הוּא בֵּית־עֵקֶד הָרֹעִים בַּדָּרֶךְ ׃	καὶ ἀνέστη καὶ ἐπορεύθη εἰς Αὐτὸς ἐν Βαιθάκαθ τῶν ποιμένων ἐν τῇ ὁδῷ,	et surrexit et venit in Samariam cumque venisset ad Camaram pastorum in via	Et surrexit, et venit in Samariam: cumque venisset ad Cameram pastorum in via,		And he arose and departed, and came to Samaria. And as he was at the shearing house in the way,
2Kgs	10	13	וְיֵהוּא מָצָא אֶת־אֲחֵי אֲחַזְיָהוּ מֶלֶךְ־יְהוּדָה וַיֹּאמֶר מִי אַתֶּם וַיֹּאמְרוּ אֲחֵי אֲחַזְיָהוּ אֲנַחְנוּ וַנֵּרֶד לִשְׁלוֹם בְּנֵי־הַמֶּלֶךְ וּבְנֵי הַגְּבִירָה ׃	καὶ Εἰοὺ τοὺς ἀδελφοὺς ὁχοζείου βασιλέως Ἰούδα καὶ εἶπεν Τίνες ὑ καὶ εἶπον Οἱ ἀδελφοὶ Ὀχοζείου ἡμεῖς, καὶ κατέβημεν εἰς τῶν υἱῶν τοῦ βασιλέως καὶ τῶν υἱῶν τῆς δυναστευούσης.	invenit fratres Ahaziae regis Iuda dixitque ad eos quinam estis vos at illi responderunt fratres Ahaziae sumus et descendimus ad salutandos filios regis et filios reginae	invenit fratres Ochoziæ regis Juda: dixitque ad eos: Quinam estis vos? Qui responderunt: Fratres Ochoziæ sumus, et descendimus ad salutandos filios regis, et filios reginæ.		Jehu met with the brethren of Ahaziah king of Judah, and said, Who are ye? And they answered, We are the brethren of Ahaziah; and we go down to salute the children of the king and the children of the queen.
2Kgs	10	14	וַיֹּאמֶר תִּפְשׂוּם חַיִּים וַיִּתְפְּשׂוּם חַיִּים וַיִּשְׁחָטוּם אֶל־בּוֹר בֵּית־עֵקֶד אַרְבָּעִים וּשְׁנַיִם אִישׁ וְלֹא־הִשְׁאִיר אִישׁ מֵהֶם ׃ ס	καὶ εἶπεν Συλλάβετε αὐτοὺς ζῶντας· καὶ ἔσφαξαν αὐτοὺς εἰς Βαιθάκαθ τεσσεράκοντα καὶ δύο ἄνδρας· οὐ κατέλιπεν ἄνδρα ἐξ αὐτῶν.	qui ait conprehendite eos vivos quos cum conprehendissent vivos iugulaverunt eos in cisterna iuxta Camaram quadraginta duos viros et non reliquit ex eis quemquam	Qui ait: Comprehendite eos vivos. Quos cum comprehendissent vivos, jugulaverunt eos in cisterna juxta Cameram, quadraginta duos viros: et non reliquit ex eis quemquam.		And he said, Take them alive. And they took them alive, and slew them at the pit of the shearing house, even two and forty men; neither left he any of them.
2Kgs	10	15	וַיֵּלֶךְ מִשָּׁם וַיִּמְצָא אֶת־יְהוֹנָדָב בֶּן־רֵכָב לִקְרָאתוֹ וַיְבָרְכֵהוּ וַיֹּאמֶר אֵלָיו הֲיֵשׁ אֶת־לְבָבְךָ יָשָׁר כַּאֲשֶׁר לְבָבִי עִם־לְבָבֶךָ וַיֹּאמֶר יְהוֹנָדָב יֵשׁ וָיֵשׁ תְּנָה אֶת־יָדֶךָ וַיִּתֵּן יָדוֹ וַיַּעֲלֵהוּ אֵלָיו אֶל־הַמֶּרְכָּבָה ׃	Καὶ ἐπορεύθη ἐκεῖθεν καὶ ἔλαβεν τὸν Ἰωναδὰβ υἱὸν Ῥηχὰβ εἰς αὐτοῦ, καὶ εὐλόγησεν αὐτόν· καὶ εἶπεν πρὸς αὐτὸν ἰού Εἰ ἔστιν καρδία σου μετὰ καρδίας μου εὐθεῖα καθὼς ἡ καρδία μου μετὰ τῆς καρδίας σου ; καὶ εἶπεν Ἰωναδάβ Ἕστιν· καὶ εἶπεν Εἰού Καὶ εἰ ἔστιν, δὸς τὴν χεῖρά σου· καὶ ἔδωκεν τὴν χεῖρα αὐτοῦ· καὶ ἀνεβίβασεν αὐτὸν πρὸς αὐτὸν ἐπὶ τὸ ἄρμα,	cumque abisset inde invenit Ionadab filium Rechab in occursum sibi et benedixit ei et ait ad eum numquid est cor tuum rectum sicut cor meum cum corde tuo et ait Ionadab est si est inquit da manum tuam qui dedit manum suam at ille levavit eum ad se in curru	Cumque abiisset inde, invenit Jonadab filium Rechab in occursum sibi, et benedixit ei. Et ait ad eum: Numquid est cor tuum rectum, sicut cor meum cum corde tuo? Et ait Jonadab: Est. Si est, inquit, da manum tuam. Qui dedit ei manum suam. At ille levavit eum ad se in currum:		And when he was departed thence, he lighted on Jehonadab the son of Rechab coming to meet him: and he saluted him, and said to him, Is thine heart right, as my heart is with thy heart? And Jehonadab answered, It is. If it be, give me thine hand. And he gave him his hand; and he took him up to him into the chariot.
2Kgs	10	16	וַיֹּאמֶר לְכָה אִתִּי וּרְאֵה בְּקִנְאָתִי לַיהוָה וַיַּרְכִּבוּ אֹתוֹ בְּרִכְבּוֹ ׃	καὶ εἶπεν πρὸς αὐτόν Δεῦρο μετ’ ἐμοῦ καὶ ἴδε ἐν τῷ ζηλῶσαί με τῷ κυρίῳ· καὶ ἐπεκάθισεν αὐτὸν ἐν τῷ ἅρματι αὐτοῦ.	dixitque ad eum veni mecum et vide zelum meum pro Domino et inpositum currui suo	dixitque ad eum: Veni mecum, et vide zelum meum pro Domino. Et impositum in curru suo		And he said, Come with me, and see my zeal for the Lord. So they made him ride in his chariot.
2Kgs	10	17	וַיָּבֹא שֹׁמְרוֹן וַיַּךְ אֶת־כָּל־הַנִּשְׁאָרִים לְאַחְאָב בְּשֹׁמְרוֹן עַד־הִשְׁמִידוֹ כִּדְבַר יְהוָה אֲשֶׁר דִּבֶּר אֶל־אֵלִיָּהוּ ׃ פ	καὶ εἰσῆλθεν εἰς Σαμάρειαν, καὶ ἐπάταξεν πάντας τοὺς καταλειφθέντας τοῦ Ἀχαὰβ ἐν Σαμαρείᾳ ἕως τοῦ ἀφανίσαι αὐτόν, κατὰ τὸ ῥῆμα Κυρίου ὃ ἐλάλησεν πρὸς ’	duxit in Samariam et percussit omnes qui reliqui fuerant de Ahab in Samaria usque ad unum iuxta verbum Domini quod locutus est per Heliam	duxit in Samariam. Et percussit omnes qui reliqui fuerant de Achab in Samaria usque ad unum, juxta verbum Domini quod locutus est per Eliam.		And when he came to Samaria, he slew all that remained unto Ahab in Samaria, till he had destroyed him, according to the saying of the Lord, which he spake to Elijah.
2Kgs	10	18	וַיִּקְבֹּץ יֵהוּא אֶת־כָּל־הָעָם וַיֹּאמֶר אֲלֵהֶם אַחְאָב עָבַד אֶת־הַבַּעַל מְעָט יֵהוּא יַעַבְדֶנּוּ הַרְבֵּה ׃	καὶ ἐζήλωσεν Εἰοὺ πάντα τὸν λαὸν καὶ εἶπεν πρὸς αὐτούς ’ ἐδούλευσεν τῷ Βάαλ ὀλίγα, Εἰοὺ δουλεύσει αὐτῷ πολλά.	congregavit ergo Hieu omnem populum et dixit ad eos Ahab coluit Baal parum ego autem colam eum amplius	Congregavit ergo Jehu omnem populum, et dixit ad eos: Achab coluit Baal parum, ego autem colam eum amplius.		And Jehu gathered all the people together, and said unto them, Ahab served Baal a little; but Jehu shall serve him much.
2Kgs	10	19	וְעַתָּה כָל־נְבִיאֵי הַבַּעַל כָּל־עֹבְדָיו וְכָל־כֹּהֲנָיו קִרְאוּ אֵלַי אִישׁ אַל־יִפָּקֵד כִּי זֶבַח גָּדוֹל לִי לַבַּעַל כֹּל אֲשֶׁר־יִפָּקֵד לֹא יִחְיֶה וְיֵהוּא עָשָׂה בְעָקְבָּה לְמַעַן הַאֲבִיד אֶת־עֹבְדֵי הַבָּעַל ׃	καὶ νῦν, πάντες οἱ προφῆται τοῦ Βάαλ, πάντας τοὺς δούλους αὐτοῦ καὶ τοὺς ἱερεῖς αὐτοῦ καλέσατε πρὸς μέ· ἀνὴρ μὴ ἐπισκεπήτω, ὄτι θυσία μεγάλη μοι τῷ Βάαλ· πᾶς ὃς ἐὰν ἐπισκεπῇ οὐ ζήσεται. καὶ Εἰοὺ ἐποίησεν ἐν πτερνισμῷ, ἴνα ἀπολέσῃ τοὺς δούλους τοῦ Βάαλ.	nunc igitur omnes prophetas Baal et universos servos eius et cunctos sacerdotes ipsius vocate ad me nullus sit qui non veniat sacrificium enim grande est mihi Baal quicumque defuerit non vivet porro Hieu faciebat hoc insidiose ut disperderet cultores Baal	Nunc igitur omnes prophetas Baal, et universos servos ejus, et cunctos sacerdotes ipsius vocate ad me: nullus sit qui non veniat: sacrificium enim grande est mihi Baal: quicumque defuerit, non vivet. Porro Jehu faciebat hoc insidiose, ut disperderet cultores Baal.		Now therefore call unto me all the prophets of Baal, all his servants, and all his priests; let none be wanting: for I have a great sacrifice to do to Baal; whosoever shall be wanting, he shall not live. But Jehu did it in subtilty, to the intent that he might destroy the worshippers of Baal.
2Kgs	10	20	וַיֹּאמֶר יֵהוּא קַדְּשׁוּ עֲצָרָה לַבַּעַל וַיִּקְרָאוּ ׃	καὶ εἶπεν Εἰού Ἀγιάσατε ἱερείαν τῷ Βάαλ· καὶ ἐκήρυξεν.	dixit sanctificate diem sollemnem Baal vocavitque	Et dixit: Sanctificate diem solemnem Baal. Vocavitque,		And Jehu said, Proclaim a solemn assembly for Baal. And they proclaimed it.
2Kgs	10	21	וַיִּשְׁלַח יֵהוּא בְּכָל־יִשְׂרָאֵל וַיָּבֹאוּ כָּל־עֹבְדֵי הַבַּעַל וְלֹא־נִשְׁאַר אִישׁ אֲשֶׁר לֹא־בָא וַיָּבֹאוּ בֵּית הַבַּעַל וַיִּמָּלֵא בֵית־הַבַּעַל פֶּה לָפֶה ׃	καὶ ἀπέστειλεν Εἰοὺ ἐν παντὶ Ἰσραὴλ λέγων Καὶ νῦν πάντες οἱ δοῦλοι αὐτοῦ καὶ πάντες οἱ ἱερεῖς αὐτοῦ αὐτοῦ καὶ πάντες οἱ προφῆται αὐτοῦ, μηδεὶς ἀπολειπέσθω, ὄτι θυσίαν μεγάλην ποιῶ· ὄς ἄν ἀπολειφθῇ οὐ ζήσεται. καὶ ἦλθον πάντες οἱ δοῦλοι τοῦ Βάαλ καὶ πάντες οἱ ἱερεῖς αὐτοῦ καὶ πάντες οἱ προφῆται αὐτοῦ· οὐ κατελείφθη ἀνὴρ ὃς οὐ παρεγένετο· καὶ εἰσῆλθον εἰς τὸν οἶκον τοῦ Βάαλ, καὶ ἐπλήσθη ὁ οἶκος τοῦ Βάαλ στόμα εἰς στόμα.	et misit in universos terminos Israhel et venerunt cuncti servi Baal non fuit residuus ne unus quidem qui non veniret et ingressi sunt templum Baal et repleta est domus Baal a summo usque ad summum	et misit in universos terminos Israël, et venerunt cuncti servi Baal: non fuit residuus ne unus quidem qui non veniret. Et ingressi sunt templum Baal: et repleta est domus Baal, a summo usque ad summum.		And Jehu sent through all Israel: and all the worshippers of Baal came, so that there was not a man left that came not. And they came into the house of Baal; and the house of Baal was full from one end to another.
2Kgs	10	22	וַיֹּאמֶר לַאֲשֶׁר עַל־הַמֶּלְתָּחָה הוֹצֵא לְבוּשׁ לְכֹל עֹבְדֵי הַבָּעַל וַיֹּצֵא לָהֶם הַמַּלְבּוּשׁ ׃	καὶ εἶπεν τῷ ἐπὶ τοῦ οἴκου μεσθαάλ ’ ἔνδυμα πᾶσι τοῖς δούλοις τοῦ Βάαλ· καὶ ἐξήνεγκεν αὐτοῖς ὁ	dixitque his qui erant super vestes proferte vestimenta universis servis Baal et protulerunt eis vestes	Dixitque his qui erant super vestes: Proferte vestimenta universis servis Baal. Et protulerunt eis vestes.		And he said unto him that was over the vestry, Bring forth vestments for all the worshippers of Baal. And he brought them forth vestments.
2Kgs	10	23	וַיָּבֹא יֵהוּא וִיהוֹנָדָב בֶּן־רֵכָב בֵּית הַבָּעַל וַיֹּאמֶר לְעֹבְדֵי הַבַּעַל חַפְּשׂוּ וּרְאוּ פֶּן־יֶשׁ־פֹּה עִמָּכֶם מֵעַבְדֵי יְהוָה כִּי אִם־עֹבְדֵי הַבַּעַל לְבַדָּם ׃	καὶ εἰσῆλθεν Εἰοὺ καὶ Ἰωναδὰβ υἱὸς Ῥηχὰβ εἰς οἶκον τοῦ Βάαλ· καὶ εἶπεν τοῖς δούλοις τοῦ Βάαλ Ἐρευνήσατε καὶ ἴδετε εἰ ἔστιν μεθ’ ὑμῶν τῶν δούλων Κυρίου, ὄτι ἀλλ’ ἢ οἱ δοῦλοι τοῦ Βάαλ μονώτατοι.	ingressusque Hieu et Ionadab filius Rechab templum Baal et ait cultoribus Baal perquirite et videte ne quis forte vobiscum sit de servis Domini sed ut sint soli servi Baal	Ingressusque Jehu, et Jonadab filius Rechab, templum Baal, ait cultoribus Baal: Perquirite, et videte, ne quis forte vobiscum sit de servis Domini, sed ut sint servi Baal soli.		And Jehu went, and Jehonadab the son of Rechab, into the house of Baal, and said unto the worshippers of Baal, Search, and look that there be here with you none of the servants of the Lord, but the worshippers of Baal only.
2Kgs	10	24	וַיָּבֹאוּ לַעֲשׂוֹת זְבָחִים וְעֹלוֹת וְיֵהוּא שָׂם־לוֹ בַחוּץ שְׁמֹנִים אִישׁ וַיֹּאמֶר הָאִישׁ אֲשֶׁר־יִמָּלֵט מִן־הָאֲנָשִׁים אֲשֶׁר אֲנִי מֵבִיא עַל־יְדֵיכֶם נַפְשׁוֹ תַּחַת נַפְשׁוֹ ׃	καὶ εἰσῆλλθεν τοῦ ποιῆσαι τὰ θύματα καὶ τὰ ὁλοκαυτώματα· καὶ Εἰοὺ ἔταξεν ἑαυτῷ ἔξω ὀγδοήκοντα ἄνδρας καὶ εἶπεν Ἀνὴρ ὃς ἐὰν διασωθῇ ἀπὸ τῶν ἀνδρῶν ὦν ἐγὼ ἀνάγω ἐπὶ χεῖρας ὑμῶν, ἡ ψυχὴ α ψυχῆς αὐτοῦ.	ingressi sunt igitur ut facerent victimas et holocausta Hieu autem praeparaverat sibi foris octoginta viros et dixerat eis quicumque fugerit de hominibus his quos ego adduxero in manus vestras anima eius erit pro anima illius	Ingressi sunt igitur ut facerent victimas et holocausta: Jehu autem præparaverat sibi foris octoginta viros, et dixerat eis: Quicumque fugerit de hominibus his, quos ego adduxero in manus vestras, anima ejus erit pro anima illius.		And when they went in to offer sacrifices and burnt offerings, Jehu appointed fourscore men without, and said, If any of the men whom I have brought into your hands escape, he that letteth him go, his life shall be for the life of him.
2Kgs	10	25	וַיְהִי כְּכַלֹּתוֹ לַעֲשׂוֹת הָעֹלָה וַיֹּאמֶר יֵהוּא לָרָצִים וְלַשָּׁלִשִׁים בֹּאוּ הַכּוּם אִישׁ אַל־יֵצֵא וַיַּכּוּם לְפִי־חָרֶב וַיַּשְׁלִכוּ הָרָצִים וְהַשָּׁלִשִׁים וַיֵּלְכוּ עַד־עִיר בֵּית־הַבָּעַל ׃	καὶ ἐγένετο ὡς συνετίλεσεν ποιῶν τὴν καὶ εἶπεν Εἰοὺ τοῖς παρατρέχουσιν καὶ τοῖς τριστάταις Εἰσελθόντες πατάξατε αὐτούς, ἀνὴρ μὴ ἐξελθάτω ἐξ αὐτῶν· καὶ ἐπάταξαν αὐτοὺς ἐν στόματι ῥομφαίας, καὶ ἔρριψαν οἱ παρατρέχοντες καὶ οἱ τριστάται, καὶ ἐπορεύθησαν ἕως πόλεως οἴκου τοῦ Βάαλ.	factum est ergo cum conpletum esset holocaustum praecepit Hieu militibus et ducibus suis ingredimini et percutite eos nullus evadat percusseruntque eos ore gladii et proiecerunt milites et duces et ierunt in civitatem templi Baal	Factum est autem, cum completum esset holocaustum, præcepit Jehu militibus et ducibus suis: Ingredimini, et percutite eos: nullus evadat. Percusseruntque eos in ore gladii, et projecerunt milites et duces: et ierunt in civitatem templi Baal,		And it came to pass, as soon as he had made an end of offering the burnt offering, that Jehu said to the guard and to the captains, Go in, and slay them; let none come forth. And they smote them with the edge of the sword; and the guard and the captains cast them out, and went to the city of the house of Baal.
2Kgs	10	26	וַיֹּצִאוּ אֶת־מַצְּבוֹת בֵּית־הַבַּעַל וַיִּשְׂרְפוּהָ ׃	καὶ ἐξήνεγκαν τὴν στολὴν τοῦ Βάαλ καὶ ἐνέπρησαν αὐτήν.	et protulerunt statuam de fano Baal et conbuserunt	et protulerunt statuam de fano Baal, et combusserunt,		And they brought forth the images out of the house of Baal, and burned them.
2Kgs	10	27	וַיִּתְּצוּ אֵת מַצְּבַת הַבָּעַל וַיִּתְּצוּ אֶת־בֵּית הַבַּעַל וַיְשִׂמֻהוּ לְמַחֲרָאוֹת עַד־הַיּוֹם ׃	καὶ κατέσπασαν τὰς στήλας τοῦ Βάαλ, καὶ ἐπάταξεν αὐτὸν εἰς λυτρῶνας ἕως τῆς ταύτης.	et comminuerunt eam destruxerunt quoque aedem Baal et fecerunt pro ea latrinas usque ad diem hanc	et comminuerunt eam. Destruxerunt quoque ædem Baal, et fecerunt pro ea latrinas usque in diem hanc.		And they brake down the image of Baal, and brake down the house of Baal, and made it a draught house unto this day.
2Kgs	10	28	וַיַּשְׁמֵד יֵהוּא אֶת־הַבַּעַל מִיִּשְׂרָאֵל ׃	καὶ ἠφάνισεν Εἰοὺ τὸν Βάαλ ἐξ Ἰσραήλ.	delevit itaque Hieu Baal de Israhel	Delevit itaque Jehu Baal de Israël:		Thus Jehu destroyed Baal out of Israel.
2Kgs	10	29	רַק חֲטָאֵי יָרָבְעָם בֶּן־נְבָט אֲשֶׁר הֶחֱטִיא אֶת־יִשְׂרָאֵל לֹא־סָר יֵהוּא מֵאַחֲרֵיהֶם עֶגְלֵי הַזָּהָב אֲשֶׁר בֵּית־אֵל וַאֲשֶׁר בְּדָן ׃ ס	πλ Ἰεροβοὰμ υἱοῦ Ναβὰτ ὄς ἐξήμαρτεν τὸν Ἰσραήλ, οὐκ Εἰοὺ ἔμπροσθεν αὐτῶν, αἱ δαμάλεις αἱ χρυσαῖ ἐν Βαιθὴλ καὶ ἐν Δάν.	verumtamen a peccatis Hieroboam filii Nabath qui peccare fecerat Israhel non recessit nec dereliquit vitulos aureos qui erant in Bethel et in Dan	verumtamen a peccatis Jeroboam filii Nabat, qui peccare fecit Israël, non recessit, nec dereliquit vitulos aureos qui erant in Bethel et in Dan.		Howbeit from the sins of Jeroboam the son of Nebat, who made Israel to sin, Jehu departed not from after them, to wit, the golden calves that were in Bethel, and that were in Dan.
2Kgs	10	30	וַיֹּאמֶר יְהוָה אֶל־יֵהוּא יַעַן אֲשֶׁר־הֱטִיבֹתָ לַעֲשׂוֹת הַיָּשָׁר בְּעֵינַי כְּכֹל אֲשֶׁר בִּלְבָבִי עָשִׂיתָ לְבֵית אַחְאָב בְּנֵי רְבִעִים יֵשְׁבוּ לְךָ עַל־כִּסֵּא יִשְׂרָאֵל ׃	Καὶ εἶπεν Κύριος πρὸς Εἰού Ἀνθ’ ὧν ὄσα ἠγάθυνας τὸ εὐθὲς ἐν ὀφθαλμοῖς μου κατὰ πάντα ὄσα ἐν τῇ καρδίᾳ τῷ οἴκῳ Αχαάβ, υἱοὶ τέταρτοι καθήσονταί σοι ἐπὶ θρόνου Ἰσραήλ.	dixit autem Dominus ad Hieu quia studiose fecisti quod rectum erat et placebat in oculis meis et omnia quae erant in corde meo fecisti contra domum Ahab filii tui usque ad quartam generationem sedebunt super thronum Israhel	Dixit autem Dominus ad Jehu: Quia studiose egisti quod rectum erat, et placebat in oculis meis, et omnia quæ erant in corde meo fecisti contra domum Achab: filii tui usque ad quartam generationem sedebunt super thronum Israël.		And the Lord said unto Jehu, Because thou hast done well in executing that which is right in mine eyes, and hast done unto the house of Ahab according to all that was in mine heart, thy children of the fourth generation shall sit on the throne of Israel.
2Kgs	10	31	וְיֵהוּא לֹא שָׁמַר לָלֶכֶת בְּתוֹרַת־יְהוָה אֱלֹהֵי־יִשְׂרָאֵל בְּכָל־לְבָבוֹ לֹא סָר מֵעַל חַטֹּאות יָרָבְעָם אֲשֶׁר הֶחֱטִיא אֶת־יִשְׂרָאֵל ׃	καὶ Εἰοὺ οὐκ ἐφύλαξεν πορεύεσθαι ἐν νόμῳ Κυρίου θεοῦ Ἰσραὴλ ἐν ὄλῃ καρδίᾳ αὐτοῦ, οὐκ ἀπέστη ἐπάνωθεν ἁμαρτιῶν Ἰεροβοὰμ ὄς ἐξήμαρτεν τὸν Ἰσραήλ.	porro Hieu non custodivit ut ambularet in lege Domini Dei Israhel in toto corde suo non enim recessit a peccatis Hieroboam qui peccare fecerat Israhel	Porro Jehu non custodivit ut ambularet in lege Domini Dei Israël in toto corde suo: non enim recessit a peccatis Jeroboam, qui peccare fecerat Israël.		But Jehu took no heed to walk in the law of the Lord God of Israel with all his heart: for he departed not from the sins of Jeroboam, which made Israel to sin.
2Kgs	10	32	בַּיָּמִים הָהֵם הֵחֵל יְהוָה לְקַצּוֹת בְּיִשְׂרָאֵל וַיַּכֵּם חֲזָאֵל בְּכָל־גְּבוּל יִשְׂרָאֵל ׃	Ἐν ταῖς ἡμέραις ἐκείναις ἤρξατο Κύριος συνκόπτειν ἐν τῷ Ἰσραήλ, καὶ ἐπάταξεν αὐτοὺς Ἁζαὴλ καὶ ἐν παντὶ ὁρίῳ Ἰσραήλ,	in diebus illis coepit Dominus taedere super Israhel percussitque eos Azahel in universis finibus Israhel	In diebus illis cœpit Dominus tædere super Israël: percussitque eos Hazaël in universis finibus Israël,		In those days the Lord began to cut Israel short: and Hazael smote them in all the coasts of Israel;
2Kgs	10	33	מִן־הַיַּרְדֵּן מִזְרַח הַשֶּׁמֶשׁ אֵת כָּל־אֶרֶץ הַגִּלְעָד הַגָּדִי וְהָרֻאובֵנִי וְהַמְנַשִּׁי מֵעֲרֹעֵר אֲשֶׁר עַל־נַחַל אַרְנֹן וְהַגִּלְעָד וְהַבָּשָׁן ׃	ἀπὸ τοῦ Ἰορδάνου κατ’ ἀνατολὰς ἡλίου πᾶσαν τὴν Γαλαάδ, τοῦ Γαδδεὶ καὶ τοῦ καὶ τοῦ Μανασσή, ἀπὸ Ἀροὴρ ἤ ἐστιν ἐπὶ τοῦ χείλου Ἀρνών, καὶ τὴν Γαλαὰδ καὶ τὴν Βασάν.	a Iordane contra orientalem plagam omnem terram Galaad et Gad et Ruben et Manasse ab Aroer quae est super torrentem Arnon et Galaad et Basan	a Jordane contra orientalem plagam, omnem terram Galaad, et Gad, et Ruben, et Manasse, ab Aroër, quæ est super torrentem Arnon, et Galaad, et Basan.		From Jordan eastward, all the land of Gilead, the Gadites, and the Reubenites, and the Manassites, from Aroer, which is by the river Arnon, even Gilead and Bashan.
2Kgs	10	34	וְיֶתֶר דִּבְרֵי יֵהוּא וְכָל־אֲשֶׁר עָשָׂה וְכָל־גְּבוּרָתוֹ הֲלוֹא־הֵם כְּתוּבִים עַל־סֵפֶר דִּבְרֵי הַיָּמִים לְמַלְכֵי יִשְׂרָאֵל ׃	καὶ τὰ λοιπὰ τῶν λόγων Εἰοὺ καὶ πάντα ὄσα ἐποίησεν καὶ πᾶσα ἡ δυναστεία αὐτοῦ καὶ τὰς συνάψεις ἃς συνῆψεν, οὐχὶ ταῦτα γεγραμμένα ἐπὶ βιβλίῳ λόγων τῶν ἡμερῶν τοῖς βασιλεῦσιν Ἰσραήλ ;	reliqua autem verborum Hieu et universa quae fecit et fortitudo eius nonne haec scripta sunt in libro verborum dierum regum Israhel	Reliqua autem verborum Jehu, et universa quæ fecit, et fortitudo ejus, nonne hæc scripta sunt in libro verborum dierum regum Israël?		Now the rest of the acts of Jehu, and all that he did, and all his might, are they not written in the book of the chronicles of the kings of Israel?
2Kgs	10	35	וַיִּשְׁכַּב יֵהוּא עִם־אֲבֹתָיו וַיִּקְבְּרוּ אֹתוֹ בְּשֹׁמְרוֹן וַיִּמְלֹךְ יְהוֹאָחָז בְּנוֹ תַּחְתָּיו ׃	καὶ ἐκοιμήθη Εἰοὺ μετὰ τῶν πατέρων αὐτοῦ, καὶ ἔθαψαν αὐτὸν ἐν Σαμαρείᾳ· καὶ ἐβασίλευσεν Ἰωαχὰς υἱὸς αὐτοῦ ἀντ’ αὐτοῦ.	et dormivit Hieu cum patribus suis sepelieruntque eum in Samaria et regnavit Ioachaz filius eius pro eo	Et dormivit Jehu cum patribus suis, sepelieruntque eum in Samaria: et regnavit Joachaz filius ejus pro eo.		And Jehu slept with his fathers: and they buried him in Samaria. And Jehoahaz his son reigned in his stead.
2Kgs	10	36	וְהַיָּמִים אֲשֶׁר מָלַךְ יֵהוּא עַל־יִשְׂרָאֵל עֶשְׂרִים וּשְׁמֹנֶה־שָׁנָה בְּשֹׁמְרוֹן ׃ פ	καὶ αἱ ἡμέραι ἄς ἐβασίλευσεν Εἰοὺ ἐπὶ Ἰσραὴλ εἴκοσι εἴκοσι ὀκτὼ ἔτη ἐν Σαμαρείᾳ.	dies autem quos regnavit Hieu super Israhel viginti et octo anni sunt in Samaria	Dies autem quos regnavit Jehu super Israël, viginti et octo anni sunt in Samaria.		And the time that Jehu reigned over Israel in Samaria was twenty and eight years.
2Kgs	11	1	וַעֲתַלְיָה אֵם אֲחַזְיָהוּ וּרָאֲתָה כִּי מֵת בְּנָהּ וַתָּקָם וַתְּאַבֵּד אֵת כָּל־זֶרַע הַמַּמְלָכָה ׃	καὶ Γοθολία ἡ μήτηρ Ὀχοζείου εἶδεν ὄτι ἀπέθανεν ὁ υἱὸς αὐτῆς, καὶ ἀπώλεσεν πᾶν τὸ σπέρμα τῆς βασιλείας.	Athalia vero mater Ahaziae videns mortuum filium suum surrexit et interfecit omne semen regium	Athalia vero mater Ochoziæ, videns mortuum filium suum, surrexit, et interfecit omne semen regium.		And when Athaliah the mother of Ahaziah saw that her son was dead, she arose and destroyed all the seed royal.
2Kgs	11	2	וַתִּקַּח יְהוֹשֶׁבַע בַּת־הַמֶּלֶךְ־יוֹרָם אֲחוֹת אֲחַזְיָהוּ אֶת־יוֹאָשׁ בֶּן־אֲחַזְיָה וַתִּגְנֹב אֹתוֹ מִתּוֹךְ בְּנֵי־הַמֶּלֶךְ הַמַּמוֹתְתִים אֹתוֹ וְאֶת־מֵינִקְתּוֹ בַּחֲדַר הַמִּטּוֹת וַיַּסְתִּרוּ אֹתוֹ מִפְּנֵי עֲתַלְיָהוּ וְלֹא הוּמָת ׃	καὶ ἔλαβεν Ἰωσάβεε θυγάτηρ τοῦ βασιλέως Ἰωρὰμ ἀδελφὴ Ὀχοζείου τὸν Ἰωὰς υἱὸν ἀδελφοῦ καὶ ἔκλεψεν αὐτὸν ἐκ μέσου τῶν υἱῶν τοῦ βασιλέως τῶν θανατουμένων, αὐτὸν καὶ τὴν τροφὸν αὐτοῦ, ἐν τῷ ταμείῳ τὼν κλινῶν, καὶ ένων, αὐτὸν καὶ τὴν τροφὸν αὐτοῦ, ἐν τῷ ταμείῳ τῶν κλινῶν, καὶ Β ν αὐτὸν ἀπὸ προσώπου Γοθολίας καὶ οὐκ ἐθανατώθη.	tollens autem Iosaba filia regis Ioram soror Ahaziae Ioas filium Ahaziae furata est eum de medio filiorum regis qui interficiebantur et nutricem eius de triclinio et abscondit eum a facie Athaliae ut non interficeretur	Tollens autem Josaba filia regis Joram, soror Ochoziæ, Joas filium Ochoziæ, furata est eum de medio filiorum regis qui interficiebantur, et nutricem ejus de triclinio: et abscondit eum a facie Athaliæ ut non interficeretur.		But Jehosheba, the daughter of king Joram, sister of Ahaziah, took Joash the son of Ahaziah, and stole him from among the king's sons which were slain; and they hid him, even him and his nurse, in the bedchamber from Athaliah, so that he was not slain.
2Kgs	11	3	וַיְהִי אִתָּהּ בֵּית יְהוָה מִתְחַבֵּא שֵׁשׁ שָׁנִים וַעֲתַלְיָה מֹלֶכֶת עַל־הָאָרֶץ ׃ פ	καὶ ἢν μετ’ αὐτῆς ἐν οἴκῳ κρυβόμενος ἔξ ἔτη· καὶ Γοθολία βασιλεύουσα ἐπὶ τῆς γῆς.	eratque cum ea in domo Domini clam sex annis porro Athalia regnavit super terram	Eratque cum ea sex annis clam in domo Domini: porro Athalia regnavit super terram.		And he was with her hid in the house of the Lord six years. And Athaliah did reign over the land.
2Kgs	11	4	וּבַשָּׁנָה הַשְּׁבִיעִית שָׁלַח יְהוֹיָדָע וַיִּקַּח אֶת־שָׂרֵי הַמֵּאיוֹת לַכָּרִי וְלָרָצִים וַיָּבֵא אֹתָם אֵלָיו בֵּית יְהוָה וַיִּכְרֹת לָהֶם בְּרִית וַיַּשְׁבַּע אֹתָם בְּבֵית יְהוָה וַיַּרְא אֹתָם אֶת־בֶּן־הַמֶּלֶךְ ׃	Καὶ ἐν τῷ ἔτει τῷ ἑβδόμῳ ἀπέστειλεν Ἰωδᾶε καὶ ἔλαβεν τοὺς ἑκατοντάρχους, τὸν Χορρεὶ καὶ τὸν Ῥασείν, καὶ ἀπήγαγεν αὐτοὺς πρὸς αὐτὸν εἰς οἶκον Κυρίου, καὶ διέθετο αὐτοῖς διαθήκην Κυρίου καὶ ὤρκωσεν. καὶ ἔδειξεν αὐτοῖς Ἰωδᾶε τὸν υἱὸν τοῦ βασιλέως,	anno autem septimo misit Ioiada et adsumens centuriones et milites introduxit ad se in templum Domini pepigitque cum eis foedus et adiurans eos in domo Domini ostendit eis filium regis	Anno autem septimo misit Jojada, et assumens centuriones et milites, introduxit ad se in templum Domini, pepigitque cum eis fœdus: et adjurans eos in domo Domini, ostendit eis filium regis:		And the seventh year Jehoiada sent and fetched the rulers over hundreds, with the captains and the guard, and brought them to him into the house of the Lord, and made a covenant with them, and took an oath of them in the house of the Lord, and shewed them the king's son.
2Kgs	11	5	וַיְצַוֵּם לֵאמֹר זֶה הַדָּבָר אֲשֶׁר תַּעֲשׂוּן הַשְּׁלִשִׁית מִכֶּם בָּאֵי הַשַּׁבָּת וְשֹׁמְרֵי מִשְׁמֶרֶת בֵּית הַמֶּלֶךְ ׃	καὶ ἐνετείλατο αὐτοῖς λέγων Οὖτος ὁ λόγος ὄν ποιήσετε· τὸ τρίτον ἐξ ὑμῶν εἰσελθέτω τὸ σάββατον καὶ φυλάξετε φυλακὴν Φυλακὴν τοῦ βασιλέως ἐν τῷ πυλῶνι,	et praecepit illis dicens iste sermo quem facere debetis	et præcepit illis, dicens: Iste est sermo, quem facere debetis:		And he commanded them, saying, This is the thing that ye shall do; A third part of you that enter in on the sabbath shall even be keepers of the watch of the king's house;
2Kgs	11	6	וְהַשְּׁלִשִׁית בְּשַׁעַר סוּר וְהַשְּׁלִשִׁית בַּשַּׁעַר אַחַר הָרָצִים וּשְׁמַרְתֶּם אֶת־מִשְׁמֶרֶת הַבַּיִת מַסָּח ׃	καὶ τὸ τρίτον ἐν τῇ πύλη τῶν ὁδῶν, καὶ τὸ τρίτον τῆς πύλης ὀπίσω τῶν παρατρεχόντων· καὶ φυλάξετε τὴν φυλακὴν τοῦ οἴκου.	tertia pars vestrum introeat sabbato et observet excubitum domus regis tertia autem pars sit ad portam Sir et tertia pars ad portam quae est post habitaculum scutariorum et custodietis excubitum domus Messa	tertia pars vestrum introëat sabbato, et observet excubias domus regis. Tertia autem pars sit ad portam Sur, et tertia pars sit ad portam quæ est post habitaculum scutariorum: et custodietis excubias domus Messa.		And a third part shall be at the gate of Sur; and a third part at the gate behind the guard: so shall ye keep the watch of the house, that it be not broken down.
2Kgs	11	7	וּשְׁתֵּי הַיָּדוֹת בָּכֶם כֹּל יֹצְאֵי הַשַּׁבָּת וְשָׁמְרוּ אֶת־מִשְׁמֶרֶת בֵּית־יְהוָה אֶל־הַמֶּלֶךְ ׃	καὶ καὶ δύο χεῖρες ἐν ὑμῖν, πᾶς ὁ ἐκπορευόμενος τὸ σάββατον, καὶ φυλάξουσιν τὴν φυλακὴν οἴκου Κυρίου πρὸς τὸν βασιλέα.	duae vero partes e vobis omnes egredientes sabbato custodiant excubias domus Domini circum regem	Duæ vero partes e vobis, omnes egredientes sabbato, custodiant excubias domus Domini circa regem.		And two parts of all you that go forth on the sabbath, even they shall keep the watch of the house of the Lord about the king.
2Kgs	11	8	וְהִקַּפְתֶּם עַל־הַמֶּלֶךְ סָבִיב אִישׁ וְכֵלָיו בְּיָדוֹ וְהַבָּא אֶל־הַשְּׂדֵרוֹת יוּמָת וִהְיוּ אֶת־הַמֶּלֶךְ בְּצֵאתוֹ וּבְבֹאוֹ ׃	καὶ κυκλώσατε ἐπὶ τὸν βασιλέα κύκλῳ ἀνὴρ καὶ τὸ αὐτοῦ ἐν χειρὶ αὐτοῦ, καὶ ὁ εἰσπορευόμενος εἰς ἀηδὼθ ἀποκαὶ ι. καὶ ἐγένετο μετὰ τοῦ βασιλέως ἐν τῷ ἐκπορεύεσθαι αὐτὸν καὶ ἐν τῷ εἰσπορεύεσθαι αὐτόν.	et vallabitis eum habentes arma in manibus vestris si quis autem ingressus fuerit septum templi interficiatur eritisque cum rege introeunte et egrediente	Et vallabitis eum, habentes arma in manibus vestris: si quis autem ingressus fuerit septum templi, interficiatur: eritisque cum rege introëunte et egrediente.		And ye shall compass the king round about, every man with his weapons in his hand: and he that cometh within the ranges, let him be slain: and be ye with the king as he goeth out and as he cometh in.
2Kgs	11	9	וַיַּעֲשׂוּ שָׂרֵי הַמֵּאיוֹת כְּכֹל אֲשֶׁר־צִוָּה יְהוֹיָדָע הַכֹּהֵן וַיִּקְחוּ אִישׁ אֶת־אֲנָשָׁיו בָּאֵי הַשַּׁבָּת עִם יֹצְאֵי הַשַּׁבָּת וַיָּבֹאוּ אֶל־יְהוֹיָדָע הַכֹּהֵן ׃	καὶ ἐποίησον οἱ ἑκατόνταρχοι πάντα ὄσα ἐνετείλατο Ἰωδᾶε ὁ συνετός· καὶ ἔλαβεν ἀνὴρ τοὺς ἄνδρας αὐτοῦ καὶ τοὺς εἰσπορευομένους τὸ σάββατον καὶ εἰσῆλθεν πρὸς Ἰ τὸν ἱερέα.	et fecerunt centuriones iuxta omnia quae praeceperat eis Ioiada sacerdos et adsumentes singuli viros suos qui ingrediebantur sabbatum cum his qui egrediebantur e sabbato venerunt ad Ioiada sacerdotem	Et fecerunt centuriones juxta omnia quæ præceperat eis Jojada sacerdos: et assumentes singuli viros suos qui ingrediebantur sabbato, cum his qui egrediebantur sabbato, venerunt ad Jojadam sacerdotem.		And the captains over the hundreds did according to all things that Jehoiada the priest commanded: and they took every man his men that were to come in on the sabbath, with them that should go out on the sabbath, and came to Jehoiada the priest.
2Kgs	11	10	וַיִּתֵּן הַכֹּהֵן לְשָׂרֵי הַמֵּאיוֹת אֶת־הַחֲנִית וְאֶת־הַשְּׁלָטִים אֲשֶׁר לַמֶּלֶךְ דָּוִד אֲשֶׁר בְּבֵית יְהוָה ׃	καὶ ἔδωκεν ὁ ἱερεὺς τοῖς ἑκατοντάρχαις τοὺς καὶ τοὺς τρισσοὺς τοῦ βασιλέως Δαυεὶδ τοὺς ἐν οἴκῳ Κυρίου.	qui dedit eis hastas et arma regis David quae erant in domo Domini	Qui dedit eis hastas et arma regis David, quæ erant in domo Domini.		And to the captains over hundreds did the priest give king David's spears and shields, that were in the temple of the Lord.
2Kgs	11	11	וַיַּעַמְדוּ הָרָצִים אִישׁ וְכֵלָיו בְּיָדוֹ מִכֶּתֶף הַבַּיִת הַיְמָנִית עַד־כֶּתֶף הַבַּיִת הַשְּׂמָאלִית לַמִּזְבֵּחַ וְלַבָּיִת עַל־הַמֶּלֶךְ סָבִיב ׃	καὶ ἔστησαν οἱ παρατρέχοντες ἀνὴρ καὶ τὸ σκεῦος αὐτοῦ ἐν τῇ χειρὶ αὐτοῦ, ἀπὸ τῆς ὠμίας τοῦ οἴκου τῆς δεξιᾶς ἔως τῆς ὠμίας τοῦ οἴκου τῆς εὐωνύμου τοῦ θυσιαστηρίου καὶ τοῦ οἴκου ἐπὶ τὸν βασιλέα κύκλῳ.	et steterunt singuli habentes arma in manu sua a parte templi dextra usque ad partem sinistram altaris et aedis circum regem	Et steterunt singuli habentes arma in manu sua, a parte templi dextera usque ad partem sinistram altaris et ædis, circum regem.		And the guard stood, every man with his weapons in his hand, round about the king, from the right corner of the temple to the left corner of the temple, along by the altar and the temple.
2Kgs	11	12	וַיּוֹצִא אֶת־בֶּן־הַמֶּלֶךְ וַיִּתֵּן עָלָיו אֶת־הַנֵּזֶר וְאֶת־הָעֵדוּת וַיַּמְלִכוּ אֹתוֹ וַיִּמְשָׁחֻהוּ וַיַּכּוּ־כָף וַיֹּאמְרוּ יְחִי הַמֶּלֶךְ ׃ ס	καὶ ἐξαπέστειλεν τὸν ἐξαπέστειλεν τοῦ βασιλέως, καὶ ἔδωκεν ἐπ’ αὐτὸν ἰέζερ καὶ τὸ μαρτύριον, καὶ ἐβασίλευσεν αὐτὸν καὶ ἔχρισεν αὐτόν· καὶ ἐκράτησεν τῇ χειρὶ καὶ εἶπεν Ζήτω ὁ βασιλεύς.	produxitque filium regis et posuit super eum diadema et testimonium feceruntque eum regem et unxerunt et plaudentes manu dixerunt vivat rex	Produxitque filium regis, et posuit super eum diadema et testimonium: feceruntque eum regem, et unxerunt: et plaudentes manu, dixerunt: Vivat rex.		And he brought forth the king's son, and put the crown upon him, and gave him the testimony; and they made him king, and anointed him; and they clapped their hands, and said, God save the king.
2Kgs	11	13	וַתִּשְׁמַע עֲתַלְיָה אֶת־קוֹל הָרָצִין הָעָם וַתָּבֹא אֶל־הָעָם בֵּית יְהוָה ׃	καὶ ἤκουσεν Γοθολία τὴν φωνὴν τῶν τρεχόντων τοῦ λαοῦ, καὶ εἰσῆλθεν πρὸς τὸν λαὸν εἰς οἶκον Κυρίου.	audivit Athalia vocem currentis populi et ingressa ad turbas in templum Domini	Audivit autem Athalia vocem populi currentis: et ingressa ad turbas in templum Domini,		And when Athaliah heard the noise of the guard and of the people, she came to the people into the temple of the Lord.
2Kgs	11	14	וַתֵּרֶא וְהִנֵּה הַמֶּלֶךְ עֹמֵד עַל־הָעַמּוּד כַּמִּשְׁפָּט וְהַשָּׂרִים וְהַחֲצֹצְרוֹת אֶל־הַמֶּלֶךְ וְכָל־עַם הָאָרֶץ שָׂמֵחַ וְתֹקֵעַ בַּחֲצֹצְרוֹת וַתִּקְרַע עֲתַלְיָה אֶת־בְּגָדֶיהָ וַתִּקְרָא קֶשֶׁר קָשֶׁר ׃ ס	καὶ εἶδεν, καὶ ἰδοὺ ὁ βασιλεὺς εἱστήκει ἐπὶ τοῦ στύλου κατὰ τὸ κρίμα, καὶ οἱ ᾠδοὶ καὶ αἱ σάλπιγγες πρὸς τὸν βασιλέα, καὶ πᾶς ὁ λαὸς τῆς γῆς χαίρων καὶ σαλπίζων ἐν σάλπιγξιν· καὶ διέρρηξεν Γοθολία τὰ ἱμάτια ἑαυτῆς, καὶ ἐβόησεν Σύνδεσμος, σύνδεσμος.	vidit regem stantem super tribunal iuxta morem et cantores et tubas propter eum omnemque populum terrae laetantem et canentem tubis et scidit vestimenta sua clamavitque coniuratio coniuratio	vidit regem stantem super tribunal juxta morem, et cantores, et tubas prope eum, omnemque populum terræ lætantem, et canentem tubis: et scidit vestimenta sua, clamavitque: Conjuratio, conjuratio.		And when she looked, behold, the king stood by a pillar, as the manner was, and the princes and the trumpeters by the king, and all the people of the land rejoiced, and blew with trumpets: and Athaliah rent her clothes, and cried, Treason, Treason.
2Kgs	11	15	וַיְצַו יְהוֹיָדָע הַכֹּהֵן אֶת־שָׂרֵי הַמֵּיאוֹת פְּקֻדֵי הַחַיִל וַיֹּאמֶר אֲלֵיהֶם הוֹצִיאוּ אֹתָהּ אֶל־מִבֵּית לַשְּׂדֵרֹת וְהַבָּא אַחֲרֶיהָ הָמֵת בֶּחָרֶב כִּי אָמַר הַכֹּהֵן אַל־תּוּמַת בֵּית יְהוָה ׃	καὶ ἐνετείλατο Ἰωδᾶε ὁ ἱερεὺς τοῖς ἑκατοντάρχαις τοῖς ἐπισκόποις τῆς δυνάμεως καὶ εἶπεν πρὸς αὐτούς Ἐξάγαγε αὐτοὺς ἔσωθεν τὸν ἀσηρώθ, καὶ ὁ εἰσπορευόμενος ὀπίσω αὐτῆς θανάτῳ θανατωθήσεται ῥομφαίᾳ· ὄτι εἶπεν ὁ ἱερεύς Καὶ μὴ ἀποθάνῃ ἐν οἴκῳ Κυρίου.	praecepit autem Ioiada centurionibus qui erant super exercitum et ait eis educite eam extra consepta templi et quicumque secutus eam fuerit feriatur gladio dixerat enim sacerdos non occidatur in templo Domini	Præcepit autem Jojada centurionibus qui erant super exercitum, et ait eis: Educite eam extra septa templi, et quicumque eam secutus fuerit, feriatur gladio. Dixerat enim sacerdos: Non occidatur in templo Domini.		But Jehoiada the priest commanded the captains of the hundreds, the officers of the host, and said unto them, Have her forth without the ranges: and him that followeth her kill with the sword. For the priest had said, Let her not be slain in the house of the Lord.
2Kgs	11	16	וַיָּשִׂמוּ לָהּ יָדַיִם וַתָּבוֹא דֶּרֶךְ־מְבוֹא הַסּוּסִים בֵּית הַמֶּלֶךְ וַתּוּמַת שָׁם ׃ ס	καὶ ἐπέθηκαν αὐτῇ χεῖρας, καὶ εἰσῆλθον ὁδὸν εἰσόδου πων οἴκου τοῦ βασιλέως, καὶ ἀπέθανεν ἐκεῖ.	inposueruntque ei manus et inpegerunt eam per viam introitus equorum iuxta palatium et interfecta est ibi	Imposueruntque ei manus, et impegerunt eam per viam introitus equorum, juxta palatium, et interfecta est ibi.		And they laid hands on her; and she went by the way by the which the horses came into the king's house: and there was she slain.
2Kgs	11	17	וַיִּכְרֹת יְהוֹיָדָע אֶת־הַבְּרִית בֵּין יְהוָה וּבֵין הַמֶּלֶךְ וּבֵין הָעָם לִהְיוֹת לְעָם לַיהוָה וּבֵין הַמֶּלֶךְ וּבֵין הָעָם ׃	Καὶ Ἰωδᾶε διαθήκην ἀνὰ μέσον Κυρίου καὶ ἀνὰ μέσον τοῦ βασιλέως καὶ ἀνὰ μέσον τοῦ λαοῦ τοῦ εἶναι εἰς λαὸν τῷ κυρίῳ, καὶ ἀνὰ μέσον τοῦ βασιλέως καὶ ἀνὰ μέσον τοῦ λαοῦ.	pepigit igitur Ioiada foedus inter Dominum et inter regem et inter populum ut esset populus Domini et inter regem et populum	Pepigit ergo Jojada fœdus inter Dominum, et inter regem, et inter populum, ut esset populus Domini: et inter regem et populum.		And Jehoiada made a covenant between the Lord and the king and the people, that they should be the Lord's people; between the king also and the people.
2Kgs	11	18	וַיָּבֹאוּ כָל־עַם הָאָרֶץ בֵּית־הַבַּעַל וַיִּתְּצֻהוּ אֶת־מִזְבְּחֹתוֹ וְאֶת־צְלָמָיו שִׁבְּרוּ הֵיטֵב וְאֵת מַתָּן כֹּהֵן הַבַּעַל הָרְגוּ לִפְנֵי הַמִּזְבְּחוֹת וַיָּשֶׂם הַכֹּהֵן פְּקֻדּוֹת עַל־בֵּית יְהוָה ׃	καὶ εἰσῆλθεν πᾶς ὁ λαὸς τῆς γῆς εἰς οἶκον τοῦ Βάαλ καὶ κατέσπασεν αὐτόν, καὶ τὰ θυσιαστήρια αὐτοῦ καὶ τὰς εἰκόνας αὐτοῦ συνέτριψαν ἀγαθῶς· καὶ τὸν Μαγθὰν τὸν ἱερέα τοῦ ἀπέκτειναν ἀπέκτειναν κατὰ πρόσωπον τῶν θυσιαστηρίων· καὶ ἔθηκεν ὁ ἱερεὺς ἐπισκόπους εἰς τὸν οἶκον κυρίου.	ingressusque est omnis populus terrae templum Baal et destruxerunt aras eius et imagines contriverunt valide Matthan quoque sacerdotem Baal occiderunt coram altari et posuit sacerdos custodias in domo Domini	Ingressusque est omnis populus terræ templum Baal, et destruxerunt aras ejus, et imagines contriverunt valide: Mathan quoque sacerdotem Baal occiderunt coram altari. Et posuit sacerdos custodias in domo Domini.		And all the people of the land went into the house of Baal, and brake it down; his altars and his images brake they in pieces thoroughly, and slew Mattan the priest of Baal before the altars. And the priest appointed officers over the house of the Lord.
2Kgs	11	19	וַיִּקַּח אֶת־שָׂרֵי הַמֵּאוֹת וְאֶת־הַכָּרִי וְאֶת־הָרָצִים וְאֵת כָּל־עַם הָאָרֶץ וַיֹּרִידוּ אֶת־הַמֶּלֶךְ מִבֵּית יְהוָה וַיָּבוֹאוּ דֶּרֶךְ־שַׁעַר הָרָצִים בֵּית הַמֶּלֶךְ וַיֵּשֶׁב עַל־כִּסֵּא הַמְּלָכִים ׃	καὶ ἔλαβεν τοὐς ἑκατοντάρχους καὶ τὸν Χορρεὶ καὶ τὸν Ῥασσεὶμ καὶ πάντα τὸν λαὸν τῆς γῆς, καὶ κατήγαγον τὸν βασιλέα ἐξ οἴκου Κυρίου, καὶ εἰσῆλθεν ὁδὸν πύλης τῶν παρατρεχόντων οἴκου τοῦ βα καὶ ἐκάθισαν αὐτὸν ἐπὶ τοῦ θρόνου τῶν βασιλέων.	tulitque centuriones et Cherethi et Felethi legiones et omnem populum terrae deduxeruntque regem de domo Domini et venerunt per viam portae scutariorum in palatium et sedit super thronum regum	Tulitque centuriones, et Cerethi et Phelethi legiones, et omnem populum terræ, deduxeruntque regem de domo Domini: et venerunt per viam portæ scutariorum in palatium, et sedit super thronum regum.		And he took the rulers over hundreds, and the captains, and the guard, and all the people of the land; and they brought down the king from the house of the Lord, and came by the way of the gate of the guard to the king's house. And he sat on the throne of the kings.
2Kgs	11	20	וַיִּשְׂמַח כָּל־עַם־הָאָרֶץ וְהָעִיר שָׁקָטָה וְאֶת־עֲתַלְיָהוּ הֵמִיתוּ בַחֶרֶב בֵּית מֶלֶךְ ׃ ס	καὶ πᾶς ὁ λαὸς τῆς γῆς, καὶ ἡ πόλις ἡσύχασεν· καὶ τὴν Γοθολίαν ἐθανάτωσαν ἐν ῥομφαία ἐν οἴκω τοῦ βασιλέως.	laetatusque est omnis populus terrae et civitas conquievit Athalia autem occisa est gladio in domo regis	Lætatusque est omnis populus terræ, et civitas conquievit: Athalia autem occisa est gladio in domo regis.		And all the people of the land rejoiced, and the city was in quiet: and they slew Athaliah with the sword beside the king's house.
2Kgs	11	21		Υἱὸς ἐτῶν Ἰωὰς ἐν τῷ βασιλεύειν.	septemque annorum erat Ioas cum regnare coepisset	Septemque annorum erat Joas, cum regnare cœpisset.		Seven years old was Jehoash when he began to reign.
2Kgs	12	1	בֶּן־שֶׁבַע שָׁנִים יְהוֹאָשׁ בְּמָלְכוֹ ׃ פ	ἐν ἔτει ἑβδόμῳ τῷ Εἰοὺ ἐβασίλευσεν Ἰωάς, καὶ τεσσεράκοντα ἔτη ἐβασίλευσεν ἐν Ἰερουσαλήν, καὶ ὄνομα τῆς μητρὸς αὐτοῦ Ἀβιὰ ἐκ γῆς Βηρσάβεε.	anno septimo Hieu regnavit Ioas quadraginta annis regnavit in Hierusalem nomen matris eius Sebia de Bersabee	Anno septimo Jehu, regnavit Joas: et quadraginta annis regnavit in Jerusalem. Nomen matris ejus Sebia de Bersabee.		In the seventh year of Jehu Jehoash began to reign; and forty years reigned he in Jerusalem. And his mother's name was Zibiah of Beersheba.
2Kgs	12	2	בִּשְׁנַת־שֶׁבַע לְיֵהוּא מָלַךְ יְהוֹאָשׁ וְאַרְבָּעִים שָׁנָה מָלַךְ בִּירוּשָׁלָםִ וְשֵׁם אִמּוֹ צִבְיָה מִבְּאֵר שָׁבַע ׃	καὶ ἐποίησεν Ἰωὰς τὸ εὐθὲς ἐνώπιον Κυρίου πάσας τὰς ἡμέρας ἄς ἐφώτισεν αὐτὸν Ἰωδᾶε ὁ ἱερεύς.	fecitque Ioas rectum coram Domino cunctis diebus quibus docuit eum Ioiada sacerdos	Fecitque Joas rectum coram Domino cunctis diebus quibus docuit eum Jojada sacerdos.		And Jehoash did that which was right in the sight of the Lord all his days wherein Jehoiada the priest instructed him.
2Kgs	12	3	וַיַּעַשׂ יְהוֹאָשׁ הַיָּשָׁר בְּעֵינֵי יְהוָה כָּל־יָמָיו אֲשֶׁר הוֹרָהוּ יְהוֹיָדָע הַכֹּהֵן ׃	πλὴν τῶν ὑψηλῶν οὐ μετεστάθησαν, καὶ ἐκεῖ ἔτι ὁ λαὸς ἐθυσίασαν καὶ ἐθυμίων ἐν τοῖς ὑψηλοῖς.	verumtamen excelsa non abstulit adhuc populus immolabat et adolebat in excelsis incensum	Verumtamen excelsa non abstulit: adhuc enim populus immolabat, et adolebat in excelsis incensum.		But the high places were not taken away: the people still sacrificed and burnt incense in the high places.
2Kgs	12	4	רַק הַבָּמוֹת לֹא־סָרוּ עוֹד הָעָם מְזַבְּחִים וּמְקַטְּרִים בַּבָּמוֹת ׃	Καὶ εἶπεν Ἰωὰς πρὸς τοὺς ἱερεῖς Πᾶν τὸ ἀργύριον τῶν ἁγίων τὸ εἰσοδιαζόμενον ἐν τῷ οἴκῳ Κυρίου ἀργύριον συντιμήσεως, ἀνὴρ ἀργύριον λαβὼν συντιμήσεως, πᾶν ἀργύριον ὅ ἐὰν λάβη ἐπὶ καρδίαν ἀνδρὸς ἐνεγκεῖν ἐν οἴκῳ Κυρίου,	dixitque Ioas ad sacerdotes omnem pecuniam sanctorum quae inlata fuerit in templum Domini a praetereuntibus quae offertur pro pretio animae et quam sponte et arbitrio cordis sui inferunt in templum Domini	Dixitque Joas ad sacerdotes: Omnem pecuniam sanctorum, quæ illata fuerit in templum Domini a prætereuntibus, quæ offertur pro pretio animæ, et quam sponte et arbitrio cordis sui inferunt in templum Domini:		And Jehoash said to the priests, All the money of the dedicated things that is brought into the house of the Lord, even the money of every one that passeth the account, the money that every man is set at, and all the money that cometh into any man's heart to bring into the house of the Lord,
2Kgs	12	5	וַיֹּאמֶר יְהוֹאָשׁ אֶל־הַכֹּהֲנִים כֹּל כֶּסֶף הַקֳּדָשִׁים אֲשֶׁר־יוּבָא בֵית־יְהוָה כֶּסֶף עוֹבֵר אִישׁ כֶּסֶף נַפְשׁוֹת עֶרְכּוֹ כָּל־כֶּסֶף אֲשֶׁר יַעֲלֶה עַל לֶב־אִישׁ לְהָבִיא בֵּית יְהוָה ׃	λαβέτωσαν ἑαυτοῖς οἱ ἱερεῖς ἀνὴρ ἀνὴρ ἀπὸ τῆς πράσεως αὐτοῦ, καὶ αὐτοὶ κρατήσουσιν τὸ βέδεκ τοῦ οἴκου εἰς πάντα οὗ ἐὰν εὑρεθῇ ἐκεῖ βέδεκ.	accipiant illam sacerdotes iuxta ordinem suum et instaurent sarta tecta domus si quid necessarium viderint instauratione	accipiant illam sacerdotes juxta ordinem suum, et instaurent sartatecta domus, si quid necessarium viderint instauratione.		Let the priests take it to them, every man of his acquaintance: and let them repair the breaches of the house, wheresoever any breach shall be found.
2Kgs	12	6	יִקְחוּ לָהֶם הַכֹּהֲנִים אִישׁ מֵאֵת מַכָּרוֹ וְהֵם יְחַזְּקוּ אֶת־בֶּדֶק הַבַּיִת לְכֹל אֲשֶׁר־יִמָּצֵא שָׁם בָּדֶק ׃ פ	καὶ ἐγενήθη ἐν τῷ εἰκοστῷ καὶ τρίτῳ ἔτει τῷ βασιλεῖ Ἰωὰς οὐκ ἐκραταίωσαν οἱ ἱερεῖς τὸ βέδεκ τοῦ οἴκου.	igitur usque ad vicesimum tertium annum regis Ioas non instauraverunt sacerdotes sarta tecta templi	Igitur usque ad vigesimum tertium annum regis Joas, non instauraverunt sacerdotes sartatecta templi.		But it was so, that in the three and twentieth year of king Jehoash the priests had not repaired the breaches of the house.
2Kgs	12	7	וַיְהִי בִּשְׁנַת עֶשְׂרִים וְשָׁלֹשׁ שָׁנָה לַמֶּלֶךְ יְהוֹאָשׁ לֹא־חִזְּקוּ הַכֹּהֲנִים אֶת־בֶּדֶק הַבָּיִת ׃	καὶ ἐκάλεσεν Ἰωὰς ὁ βασιλεὺς Ἰωδᾶε τὸν ἱερέα καὶ τοὺς ἱερεῖς, καὶ εἶπεν πρὸς αὐτούς Τί ὅτι οὐκ ἐκραταιοῦτε τὸ βέδεκ τοῦ οἴκου ; καὶ νῦν μὴ λάβητε ἀργύριον ἀπὸ τῶν πράσεων ὑμῶν, ὅτι εἰς τὸ οἴκου τοῦ οἴκου δώσετε αὐτό.	vocavitque rex Ioas Ioiada pontificem et sacerdotes dicens eis quare sarta tecta non instaurastis templi nolite ergo amplius accipere pecuniam iuxta ordinem vestrum sed ad instaurationem templi reddite eam	Vocavitque rex Joas Jojadam pontificem et sacerdotes, dicens eis: Quare sartatecta non instauratis templi? nolite ergo amplius accipere pecuniam juxta ordinem vestrum, sed ad instaurationem templi reddite eam.		Then king Jehoash called for Jehoiada the priest, and the other priests, and said unto them, Why repair ye not the breaches of the house? now therefore receive no more money of your acquaintance, but deliver it for the breaches of the house.
2Kgs	12	8	וַיִּקְרָא הַמֶּלֶךְ יְהוֹאָשׁ לִיהוֹיָדָע הַכֹּהֵן וְלַכֹּהֲנִים וַיֹּאמֶר אֲלֵהֶם מַדּוּעַ אֵינְכֶם מְחַזְּקִים אֶת־בֶּדֶק הַבָּיִת וְעַתָּה אַל־תִּקְחוּ־כֶסֶף מֵאֵת מַכָּרֵיכֶם כִּי־לְבֶדֶק הַבַּיִת תִּתְּנֻהוּ ׃	καὶ συνεφώνησαν οἱ ἱερεῖς τοῦ μὴ λαβεῖν ἀργύριον παρὰ τοῦ λαοῦ καὶ τοῦ μὴ ἐνισχῦσαι τὸ βδέλυγμα τοῦ οἴκου.	prohibitique sunt sacerdotes ultra accipere pecuniam a populo et instaurare sarta tecta domus	Prohibitique sunt sacerdotes ultra accipere pecuniam a populo, et instaurare sartatecta domus.		And the priests consented to receive no more money of the people, neither to repair the breaches of the house.
2Kgs	12	9	וַיֵּאֹתוּ הַכֹּהֲנִים לְבִלְתִּי קְחַת־כֶּסֶף מֵאֵת הָעָם וּלְבִלְתִּי חַזֵּק אֶת־בֶּדֶק הַבָּיִת ׃	καὶ ἔλαβεν Ἰωδᾶε ὁ ἱερεὺς κιβωτὸν μίαν, καὶ ἔτρησεν τρώγλην ἐν τῇ τρώγλη αὐτῆς, καὶ ἔδωκεν αὐτὴν παρὰ ἰαμειβεὶν ἐν τῷ οἴκῳ ἀνδρός, οἴκῳ Κυρίου· καὶ ἔδωκαν οἱ ἱερεῖς οἱ φυλάσσοντες τὸν σταθμὸν πᾶν τὸ ἀργύριον τὸ εὑρεθὲν ἐν οἴκῳ Κυρίου.	et tulit Ioiada pontifex gazofilacium unum aperuitque foramen desuper et posuit illud iuxta altare ad dexteram ingredientium domum Domini mittebantque in eo sacerdotes qui custodiebant ostia omnem pecuniam quae deferebatur ad templum Domini	Et tulit Jojada pontifex gazophylacium unum, aperuitque foramen desuper, et posuit illud juxta altare ad dexteram ingredientium domum Domini: mittebantque in eo sacerdotes qui custodiebant ostia, omnem pecuniam quæ deferebatur ad templum Domini.		But Jehoiada the priest took a chest, and bored a hole in the lid of it, and set it beside the altar, on the right side as one cometh into the house of the Lord: and the priests that kept the door put therein all the money that was brought into the house of the Lord.
2Kgs	12	10	וַיִּקַּח יְהוֹיָדָע הַכֹּהֵן אֲרוֹן אֶחָד וַיִּקֹּב חֹר בְּדַלְתּוֹ וַיִּתֵּן אֹתוֹ אֵצֶל הַמִּזְבֵּחַ בַּיָּמִין בְּבוֹא־אִישׁ בֵּית יְהוָה וְנָתְנוּ־שָׁמָּה הַכֹּהֲנִים שֹׁמְרֵי הַסַּף אֶת־כָּל־הַכֶּסֶף הַמּוּבָא בֵית־יְהוָה ׃	καὶ ἐγένετο ὡς εἶδεν ὅτι πολὺ τὸ ἀργύριον ἐν τῇ κιβωτῷ, καὶ ἀνέβη ὁ γραμματεὺς τοῦ βασιλέως καὶ ὁ ἱερεὺς ὁ μέγας, καὶ ἔσφιγξαν καὶ ἠρίθμησαν τὸ ἀργύριον τὸ εὑρεθὲν ἐν οἴκῳ Κυρίου.	cumque viderent nimiam pecuniam esse in gazofilacio ascendebat scriba regis et pontifex effundebantque et numerabant pecuniam quae inveniebatur in domo Domini	Cumque viderent nimiam pecuniam esse in gazophylacio, ascendebat scriba regis, et pontifex, effundebantque et numerabant pecuniam quæ inveniebatur in domo Domini:		And it was so, when they saw that there was much money in the chest, that the king's scribe and the high priest came up, and they put up in bags, and told the money that was found in the house of the Lord.
2Kgs	12	11	וַיְהִי כִּרְאוֹתָם כִּי־רַב הַכֶּסֶף בָּאָרוֹן וַיַּעַל סֹפֵר הַמֶּלֶךְ וְהַכֹּהֵן הַגָּדוֹל וַיָּצֻרוּ וַיִּמְנוּ אֶת־הַכֶּסֶף הַנִּמְצָא בֵית־יְהוָה ׃	καὶ ἔδωκεν τὸ ἀργύριον τὸ ἑτοιμασθὲν ἐπὶ χεῖρας ποιούντων τὰ ἐργα τῶν έπισκόπων οἴκου Κυρίου· καὶ ἐξέδοσαν τοῖς τέκτοσιν τῶν ξύλων καὶ τοῖς οἰκοδόμοις τοῖς ποιοῦσιν ἐν οἴκῳ Κυρίου	et dabant eam iuxta numerum atque mensuram in manu eorum qui praeerant cementariis domus Domini qui inpendebant eam in fabris lignorum et in cementariis his qui operabantur in domo Domini	et dabant eam juxta numerum atque mensuram in manu eorum qui præerant cæmentariis domus Domini: qui impendebant eam in fabris lignorum et in cæmentariis, iis qui operabantur in domo Domini,		And they gave the money, being told, into the hands of them that did the work, that had the oversight of the house of the Lord: and they laid it out to the carpenters and builders, that wrought upon the house of the Lord,
2Kgs	12	12	וְנָתְנוּ אֶת־הַכֶּסֶף הַמְתֻכָּן עַל־יְדֵי עֹשֵׂי הַמְּלָאכָה הַֻפְקָדִים בֵּית יְהוָה וַיּוֹצִיאֻהוּ לְחָרָשֵׁי הָעֵץ וְלַבֹּנִים הָעֹשִׂים בֵּית יְהוָה ׃	καὶ τοῖς τειχισταῖς καὶ τοῖς λατόμοις τῶν λίθων, τοῦ κτήσασθαι ξύλα καὶ λίθους λίθους λατομητοὺς τοῦ κατασχεῖν τὸ βέδεκ οἴκου Κυρίου, εἰς πάντα ὅσα ἐξωδιάσθη ἐπὶ τὸν οἶκον τοῦ κραταιῶσαι.	et sarta tecta faciebant et in his qui caedebant saxa et ut emerent ligna et lapides qui excidebantur ita ut impleretur instauratio domus Domini in universis quae indigebant expensa ad muniendam domum	et sartatecta faciebant: et in iis qui cædebant saxa, et ut emerent ligna, et lapides, qui excidebantur, ita ut impleretur instauratio domus Domini in universis quæ indigebant expensa ad muniendam domum.		And to masons, and hewers of stone, and to buy timber and hewed stone to repair the breaches of the house of the Lord, and for all that was laid out for the house to repair it.
2Kgs	12	13	וְלַגֹּדְרִים וּלְחֹצְבֵי הָאֶבֶן וְלִקְנוֹת עֵצִים וְאַבְנֵי מַחְצֵב לְחַזֵּק אֶת־בֶּדֶק בֵּית־יְהוָה וּלְכֹל אֲשֶׁר־יֵצֵא עַל־הַבַּיִת לְחָזְקָה ׃	πλὴν οὐ ποιηθήσεται οἴκῳ Κυρίου θύραι ἀργυραῖ, ἧλοι, φιάλαι καὶ σάλπιγγες, πᾶν σκεῦος χρυσοῦν καὶ σκεῦος ἀργυροῦν, ἐκ τοῦ ἀργυρίου τοῦ εἰσενεχθέντος ἐν οἴκῳ Κυρίου·	verumtamen non fiebant ex eadem pecunia hydriae templi Domini et fuscinulae et turibula et tubae omne vas aureum et argenteum de pecunia quae inferebatur in templum Domini	Verumtamen non fiebant ex eadem pecunia hydriæ templi Domini, et fuscinulæ, et thuribula, et tubæ, et omne vas aureum et argenteum, de pecunia quæ inferebatur in templum Domini.		Howbeit there were not made for the house of the Lord bowls of silver, snuffers, basons, trumpets, any vessels of gold, or vessels of silver, of the money that was brought into the house of the Lord:
2Kgs	12	14	אַךְ לֹא יֵעָשֶׂה בֵּית יְהוָה סִפּוֹת כֶּסֶף מְזַמְּרוֹת מִזְרָקוֹת חֲצֹצְרוֹת כָּל־כְּלִי זָהָב וּכְלִי־כָסֶף מִן־הַכֶּסֶף הַמּוּבָא בֵית־יְהוָה ׃	ὄτι τοῖς ποιοῦσιν τὰ ἔργα δώσουσιν αὐτό. καὶ ἐκραταίωσαν ἐν αὐτῷ τὸν οἶκον Κυρίου.	his enim qui faciebant opus dabatur ut instauraretur templum Domini	Iis enim qui faciebant opus, dabatur ut instauraretur templum Domini:		But they gave that to the workmen, and repaired therewith the house of the Lord.
2Kgs	12	15	כִּי־לְעֹשֵׂי הַמְּלָאכָה יִתְּנֻהוּ וְחִזְּקוּ־בוֹ אֶת־בֵּית יְהוָה ׃	καὶ οὐκ ἐξελογίζοντο τοὺς ἄνδρας οἷς ἐδίδουν τὸ ἀργύριον ἐπὶ χεῖρας αὐτῶν δοῦναι τοῖς ποιοῦσιν τὰ ἔργα, ὄτι ἐν πίστει αὐτῶν ποιοῦσιν.	et non fiebat ratio his hominibus qui accipiebant pecuniam ut distribuerent eam artificibus sed in fide tractabant eam	et non fiebat ratio iis hominibus qui accipiebant pecuniam ut distribuerent eam artificibus, sed in fide tractabant eam.		Moreover they reckoned not with the men, into whose hand they delivered the money to be bestowed on workmen: for they dealt faithfully.
2Kgs	12	16	וְלֹא יְחַשְּׁבוּ אֶת־הָאֲנָשִׁים אֲשֶׁר יִתְּנוּ אֶת־הַכֶּסֶף עַל־יָדָם לָתֵת לְעֹשֵׂי הַמְּלָאכָה כִּי בֶאֱמֻנָה הֵם עֹשִׂים ׃	ἀργύριον ἀργύριον περὶ ἁμαρτίας καὶ ἀργύριον περὶ πλημμελείας, ὅ τι εἰσηνέχθη ἐν οἴκῳ Κυρίου, τοῖς ἱερεῦσιν ἐγένετο.	pecuniam vero pro delicto et pecuniam pro peccatis non inferebant in templum Domini quia sacerdotum erat	Pecuniam vero pro delicto, et pecuniam pro peccatis non inferebant in templum Domini, quia sacerdotum erat.		The trespass money and sin money was not brought into the house of the Lord: it was the priests'.
2Kgs	12	17	כֶּסֶף אָשָׁם וְכֶסֶף חַטָּאוֹת לֹא יוּבָא בֵּית יְהוָה לַכֹּהֲנִים יִהְיוּ ׃ פ	Τότε ἀνέβη Ἁζαὴλ βασιλεὺς Συρίας καὶ ἐπολέμησεν ἐπὶ Γέθ, καὶ προκατελάβετο ἔταξεν Ἁζαὴλ τὸ πρόσωπον αὐτοῦ ἀναβῆναι ἐπὶ Ἰερουσαλήμ.	tunc ascendit Azahel rex Syriae et pugnabat contra Geth cepitque eam et direxit faciem suam ut ascenderet in Hierusalem	Tunc ascendit Hazaël rex Syriæ, et pugnabat contra Geth, cepitque eam: et direxit faciem suam ut ascenderet in Jerusalem.		Then Hazael king of Syria went up, and fought against Gath, and took it: and Hazael set his face to go up to Jerusalem.
2Kgs	12	18	אָז יַעֲלֶה חֲזָאֵל מֶלֶךְ אֲרָם וַיִּלָּחֶם עַל־גַּת וַיִּלְכְּדָהּ וַיָּשֶׂם חֲזָאֵל פָּנָיו לַעֲלוֹת עַל־יְרוּשָׁלִָם ׃	καὶ ἔλαβεν Ἰωὰς βασιλεὺς Ἰούδα πάντα τὰ ἄγια ὅσα ἡγίασεν καὶ Ἰωρὰμ καὶ Ὀχοζείας, οἱ πατέρες αὐτοῦ καὶ βασιλεῖς καὶ τὰ ἅγια αὐτοῦ καὶ πᾶν τὸ χρυσίον τὸ εὑρεθὲν ἐν οἴκου Κυρίου καὶ οἴκου τοῦ βασιλέως, καὶ ἀπέστειλεν βασιλεῖ Συρίας· καὶ ἀνέβη ἀπὸ Ἰερουσαλήμ.	quam ob rem tulit Ioas rex Iuda omnia sanctificata quae consecraverant Iosaphat et Ioram et Ahazia patres eius reges Iuda et quae ipse obtulerat et universum argentum quod inveniri potuit in thesauris templi Domini et in palatio regis misitque Azaheli regi Syriae et recessit ab Hierusalem	Quam ob rem tulit Joas rex Juda omnia sanctificata quæ consecraverant Josaphat, et Joram, et Ochozias, patres ejus reges Juda, et quæ ipse obtulerat: et universum argentum quod inveniri potuit in thesauris templi Domini et in palatio regis: misitque Hazaëli regi Syriæ, et recessit ab Jerusalem.		And Jehoash king of Judah took all the hallowed things that Jehoshaphat, and Jehoram, and Ahaziah, his fathers, kings of Judah, had dedicated, and his own hallowed things, and all the gold that was found in the treasures of the house of the Lord, and in the king's house, and sent it to Hazael king of Syria: and he went away from Jerusalem.
2Kgs	12	19	וַיִּקַּח יְהוֹאָשׁ מֶלֶךְ־יְהוּדָה אֵת כָּל־הַקֳּדָשִׁים אֲשֶׁר־הִקְדִּישׁוּ יְהוֹשָׁפָט וִיהוֹרָם וַאֲחַזְיָהוּ אֲבֹתָיו מַלְכֵי יְהוּדָה וְאֶת־קֳדָשָׁיו וְאֵת כָּל־הַזָּהָב הַנִּמְצָא בְּאֹצְרוֹת בֵּית־יְהוָה וּבֵית הַמֶּלֶךְ וַיִּשְׁלַח לַחֲזָאֵל מֶלֶךְ אֲרָם וַיַּעַל מֵעַל יְרוּשָׁלִָם ׃	καὶ τὰ λοιπὰ τῶν λόγων Ἰωὰς καὶ πάντα ὅσα ἐποίησεν, οὐκ ἰδοὺ ταῦτα γεγραμμένα ἐπὶ βιβλίῳ λόγων τῶν ἡμερῶν τοῖς βασιλεῦσιν Ἰούδα,	reliqua autem sermonum Ioas et universa quae fecit nonne haec scripta sunt in libro verborum dierum regum Iuda	Reliqua autem sermonum Joas, et universa quæ fecit, nonne hæc scripta sunt in libro verborum dierum regum Juda?		And the rest of the acts of Joash, and all that he did, are they not written in the book of the chronicles of the kings of Judah?
2Kgs	12	20	וְיֶתֶר דִּבְרֵי יוֹאָשׁ וְכָל־אֲשֶׁר עָשָׂה הֲלוֹא־הֵם כְּתוּבִים עַל־סֵפֶר דִּבְרֵי הַיָּמִים לְמַלְכֵי יְהוּדָה ׃	καὶ ἀνέστησαν οἱ δοῦλοι αὐτοῦ καὶ ἔδησαν πάντα δεσμόν, καὶ ἐπάταξαν τὸν Ἰωὰς ἐν οἴκῳ Μααλὼ τὸν Γααλλά.	surrexerunt autem servi eius et coniuraverunt inter se percusseruntque Ioas in domo Mello in descensu Sela	Surrexerunt autem servi ejus, et conjuraverunt inter se, percusseruntque Joas in domo Mello in descensu Sella.		And his servants arose, and made a conspiracy, and slew Joash in the house of Millo, which goeth down to Silla.
2Kgs	12	21	וַיָּקֻמוּ עֲבָדָיו וַיִּקְשְׁרוּ־קָשֶׁר וַיַּכּוּ אֶת־יוֹאָשׁ בֵּית מִלֹּא הַיּוֹרֵד סִלָּא ׃	καὶ υἱὸς Ἰεμουὰθ καὶ Ἰεζεβοὺθ ὁ υἱὸς αὐτοῦ Σωμὴρ οἱ δοῦλοι ἐπάταξαν αὐτόν, καὶ ἀπέθανέν· καὶ ἔθαψαν αὐτὸν μετὰ τῶν πατέρων αὐτοῦ ἐν πὁλει Δαυείδ· καὶ ἐβασίλευσεν Ἀμεσσείας υἱὸς αὐτοῦ ἀντ’ αὐτοῦ.	Iozachar namque filius Semath et Iozabad filius Somer servi eius percusserunt eum et mortuus est et sepelierunt eum cum patribus suis in civitate David regnavitque Amasias filius eius pro eo	Josachar namque filius Semaath, et Jozabad filius Somer servi ejus, percusserunt eum, et mortuus est: et sepelierunt eum cum patribus suis in civitate David: regnavitque Amasias filius ejus pro eo.		For Jozachar the son of Shimeath, and Jehozabad the son of Shomer, his servants, smote him, and he died; and they buried him with his fathers in the city of David: and Amaziah his son reigned in his stead.
2Kgs	12	22	וְיוֹזָבָד בֶּן־שִׁמְעָת וִיהוֹזָבָד בֶּן־שֹׁמֵר עֲבָדָיו הִכֻּהוּ וַיָּמֹת וַיִּקְבְּרוּ אֹתוֹ עִם־אֲבֹתָיו בְּעִיר דָּוִד וַיִּמְלֹךְ אֲמַצְיָה בְנוֹ תַּחְתָּיו ׃ פ					
2Kgs	13	1	בִּשְׁנַת עֶשְׂרִים וְשָׁלֹשׁ שָׁנָה לְיוֹאָשׁ בֶּן־אֲחַזְיָהוּ מֶלֶךְ יְהוּדָה מָלַךְ יְהוֹאָחָז בֶּן־יֵהוּא עַל־יִשְׂרָאֵל בְּשֹׁמְרוֹן שְׁבַע עֶשְׂרֵה שָׁנָה ׃	Ἐν ἔτει εἰκοστῷ καὶ τρίτῳ ἔτει τῷ Ἰωὰς υἱῷ Ὁχοζείου βασιλεῖ Ἰούδα ἐβασίλευσεν Ἰωαχὰς υἱὸς Εἰοὺ ἐν Σαμαρείᾳ ἑπτὰ ἔτη καὶ δέκα ἔτη.	anno vicesimo tertio Ioas filii Ahaziae regis Iudae regnavit Ioachaz filius Hieu super Israhel in Samaria decem et septem annis	Anno vigesimo tertio Joas filii Ochoziæ regis Juda, regnavit Joachaz filius Jehu super Israël in Samaria decem et septem annis.		In the three and twentieth year of Joash the son of Ahaziah king of Judah Jehoahaz the son of Jehu began to reign over Israel in Samaria, and reigned seventeen years.
2Kgs	13	2	וַיַּעַשׂ הָרַע בְּעֵינֵי יְהוָה וַיֵּלֶךְ אַחַר חַטֹּאת יָרָבְעָם בֶּן־נְבָט אֲשֶׁר־הֶחֱטִיא אֶת־יִשְׂרָאֵל לֹא־סָר מִמֶּנָּה ׃	καὶ ἐποίησεν τὸ πονηρὸν ἐν ὀφθαλμοῖς Κυρίου, καὶ ἐπορεύθη ὀπίσω ἁμαρτιῶν Ἰεροβοὰμ υἱοῦ Ναβὰτ ὃς ἐξήμαρτεν τὸν οὐκ ἀπέστη ἀπ’ αὐτῆς.	et fecit malum coram Domino secutusque est peccata Hieroboam filii Nabath qui peccare fecit Israhel non declinavit ab eis	Et fecit malum coram Domino, secutusque est peccata Jeroboam filii Nabat, qui peccare fecit Israël, et non declinavit ab eis.		And he did that which was evil in the sight of the Lord, and followed the sins of Jeroboam the son of Nebat, which made Israel to sin; he departed not therefrom.
2Kgs	13	3	וַיִּחַר־אַף יְהוָה בְּיִשְׂרָאֵל וַיִּתְּנֵם בְּיַד חֲזָאֵל מֶלֶךְ־אֲרָם וּבְיַד בֶּן־הֲדַד בֶּן־חֲזָאֵל כָּל־הַיָּמִים ׃	καὶ ὠργίσθη θυμῷ Κύριος ἐν τῷ καὶ ἔδωκεν αὐτοὺς ἐν χειρὶ Ἁζαὴλ βασιλέως Συρίας καὶ ἐν υἱοῦ Ἀδὲρ υἱοῦ Ἁζαὴλ πάσας τὰς ἡμέρας.	iratusque est furor Domini contra Israhel et tradidit eos in manu Azahelis regis Syriae et in manu Benadad filii Azahel cunctis diebus	Iratusque est furor Domini contra Israël, et tradidit eos in manu Hazaël regis Syriæ, et in manu Benadad filii Hazaël, cunctis diebus.		And the anger of the Lord was kindled against Israel, and he delivered them into the hand of Hazael king of Syria, and into the hand of Benhadad the son of Hazael, all their days.
2Kgs	13	4	וַיְחַל יְהוֹאָחָז אֶת־פְּנֵי יְהוָה וַיִּשְׁמַע אֵלָיו יְהוָה כִּי רָאָה אֶת־לַחַץ יִשְׂרָאֵל כִּי־לָחַץ אֹתָם מֶלֶךְ אֲרָם ׃	καὶ ἐδεήθη Ἰωαχὰς τοῦ προσώπου Κυρίου, καὶ ἐπήκουσεν αὐτοῦ Κύριος, ὅτι εἶδεν τὴν θλίψιν Ἰσραἠλ, ὅτι ἔθλιψεν αὐτοὺς βασιλεὺς Συρίας.	deprecatus est autem Ioachaz faciem Domini et audivit eum Dominus vidit enim angustiam Israhel qua adtriverat eos rex Syriae	Deprecatus est autem Joachaz faciem Domini, et audivit eum Dominus: vidit enim angustiam Israël, quia attriverat eos rex Syriæ:		And Jehoahaz besought the Lord, and the Lord hearkened unto him: for he saw the oppression of Israel, because the king of Syria oppressed them.
2Kgs	13	5	וַיִּתֵּן יְהוָה לְיִשְׂרָאֵל מוֹשִׁיעַ וַיֵּצְאוּ מִתַּחַת יַד־אֲרָם וַיֵּשְׁבוּ בְנֵי־יִשְׂרָאֵל בְּאָהֳלֵיהֶם כִּתְמוֹל שִׁלְשׁוֹם ׃	καὶ ἔδωκεν Κύριος σωτηρίαν Ἰσραήλ, καὶ ἐξῆλθεν ὑποκάτωθεν χειρὸς Συρίας· καὶ ἐκάθισαν οἱ υἱοὶ Ἰσραὴλ ἐν τοῖς σκηνώμασιν αὐτῶν καθὼς ἐχθὲς καὶ τρίτης.	et dedit Dominus Israheli salvatorem et liberatus est de manu Syriae habitaveruntque filii Israhel in tabernaculis suis sicut heri et nudius tertius	et dedit Dominus salvatorem Israëli, et liberatus est de manu regis Syriæ: habitaveruntque filii Israël in tabernaculis suis sicut heri et nudiustertius.		(And the Lord gave Israel a saviour, so that they went out from under the hand of the Syrians: and the children of Israel dwelt in their tents, as beforetime.
2Kgs	13	6	אַךְ לֹא־סָרוּ מֵחַטֹּאות בֵּית־יָרָבְעָם אֲשֶׁר־הֶחֱטִי אֶת־יִשְׂרָאֵל בָּהּ הָלָךְ וְגַם הָאֲשֵׁרָה עָמְדָה בְּשֹׁמְרוֹן ׃	πλὴν οὐκ ἀπέστησαν ἀπὸ ἁμαρτιῶν οἴκου Ἰεροβοὰμ ὃς ἐξήμαρτεν τὸν Ἰσραήλ, ἐν αὐτῇ ἐπορεύθη· καί γε τὸ ἄλσος ἐστάθη ἐν Σαμαρείᾳ,	verumtamen non recesserunt a peccatis domus Hieroboam qui peccare fecit Israhel in ipsis ambulaverunt siquidem et lucus permansit in Samaria	Verumtamen non recesserunt a peccatis domus Jeroboam, qui peccare fecit Israël, sed in ipsis ambulaverunt: siquidem et lucus permansit in Samaria.		Nevertheless they departed not from the sins of the house of Jeroboam, who made Israel sin, but walked therein: and there remained the grove also in Samaria.)
2Kgs	13	7	כִּי לֹא הִשְׁאִיר לִיהוֹאָחָז עָם כִּי אִם־חֲמִשִּׁים פָּרָשִׁים וַעֲשָׂרָה רֶכֶב וַעֲשֶׂרֶת אֲלָפִים רַגְלִי כִּי אִבְּדָם מֶלֶךְ אֲרָם וַיְשִׂמֵם כֶּעָפָר לָדֻשׁ ׃	οὐχ οὐχ ὑπελείφθη τῷ Ἰωαχὰς λαὸς ἀλλ’ ἢ πεντήκοντα ἱππεῖς καὶ ἅρματα καὶ δέκα χιλιάδες πεζῶν, ὅτι ἀπώλεσεν αὐτοὺς βασιλεὺς Συρίας, καὶ ἔθετντο αὐτοῦς ὡς χοῦν εἰς καταπάτησιν.	et non sunt derelicti Ioachaz de populo nisi quinquaginta equites et decem currus et decem milia peditum interfecerat enim eos rex Syriae et redegerat quasi pulverem in tritura areae	Et non sunt derelicti Joachaz de populo nisi quinquaginta equites, et decem currus, et decem millia peditum: interfecerat enim eos rex Syriæ, et redegerat quasi pulverem in tritura areæ.		Neither did he leave of the people to Jehoahaz but fifty horsemen, and ten chariots, and ten thousand footmen; for the king of Syria had destroyed them, and had made them like the dust by threshing.
2Kgs	13	8	וְיֶתֶר דִּבְרֵי יְהוֹאָחָז וְכָל־אֲשֶׁר עָשָׂה וּגְבוּרָתוֹ הֲלוֹא־הֵם כְּתוּבִים עַל־סֵפֶר דִּבְרֵי הַיָּמִים לְמַלְכֵי יִשְׂרָאֵל ׃	καὶ τὰ λοιπὰ τῶν λόγων Ἰωαχὰς καὶ πάντα ὅσα ἐποίησεν καὶ αἱ συναστεῖαι αὐτοῦ, οὐχὶ ταῦτα γεγραμμένα ἐπὶ βιβλίῳ λόγων τῶν ἡμερῶν τοῖς βασιλεῦσιν Ἰσραήλ ;	reliqua autem sermonum Ioachaz et universa quae fecit sed et fortitudo eius nonne haec scripta sunt in libro sermonum dierum regum Israhel	Reliqua autem sermonum Joachaz, et universa quæ fecit, et fortitudo ejus, nonne hæc scripta sunt in libro sermonum dierum regum Israël?		Now the rest of the acts of Jehoahaz, and all that he did, and his might, are they not written in the book of the chronicles of the kings of Israel?
2Kgs	13	9	וַיִּשְׁכַּב יְהוֹאָחָז עִם־אֲבֹתָיו וַיִּקְבְּרֻהוּ בְּשֹׁמְרוֹן וַיִּמְלֹךְ יוֹאָשׁ בְּנוֹ תַּחְתָּיו ׃ פ	καὶ ἐκοιμήθη Ἰωαχὰς μετὰ τῶν πατέρων αὐτοῦ, καὶ ἔθαψαν αὐτὸν ἐν Σαμαρείᾳ· καὶ ἐβασίλευσεν Ἰωὰς υἱὸς αὐτοῦ.	dormivitque Ioachaz cum patribus suis et sepelierunt eum in Samaria regnavitque Ioas filius eius pro eo	Dormivitque Joachaz cum patribus suis, et sepelierunt eum in Samaria: regnavitque Joas filius ejus pro eo.		And Jehoahaz slept with his fathers; and they buried him in Samaria: and Joash his son reigned in his stead.
2Kgs	13	10	בִּשְׁנַת שְׁלֹשִׁים וָשֶׁבַע שָׁנָה לְיוֹאָשׁ מֶלֶךְ יְהוּדָה מָלַךְ יְהוֹאָשׁ בֶּן־יְהוֹאָחָז עַל־יִשְׂרָאֵל בְּשֹׁמְרוֹן שֵׁשׁ עֶשְׂרֵה שָׁנָה ׃	Ἐν ἔτει τριακοστῷ καὶ ἑβδόμῳ ἔτει τῷ Ἰωὰς βασιλεῖ Ἰούδα ἐβασίλευσεν Ἰωὰς υἱὸς Ἰωαχὰς ἐπὶ Ἰσρὴλ ἐν Σαμαρείᾳ ἑκκαίδεκα ἔτη.	anno tricesimo septimo Ioas regis Iuda regnavit Ioas filius Ioachaz super Israhel in Samaria sedecim annis	Anno trigesimo septimo Joas regis Juda, regnavit Joas filius Joachaz super Israël in Samaria sedecim annis.		In the thirty and seventh year of Joash king of Judah began Jehoash the son of Jehoahaz to reign over Israel in Samaria, and reigned sixteen years.
2Kgs	13	11	וַיַּעֲשֶׂה הָרַע בְּעֵינֵי יְהוָה לֹא סָר מִכָּל־חַטֹּאות יָרָבְעָם בֶּן־נְבָט אֲשֶׁר־הֶחֱטִיא אֶת־יִשְׂרָאֵל בָּהּ הָלָךְ ׃	καὶ ἐποίησεν τὸ ονηρὸν ἐν ὀφθαλμοῖς Κυρίου· οὐκ ἀπέστη ἀπὸ πάσης Ἰεροβοὰμ υἱοῦ Ναβὰτ ἁμαρτίας ὅς ἐξήμαρτεν τὸν Ἰσραήλ, ἐν αὐτῇ ἐπορεύθη.	et fecit quod malum est in conspectu Domini non declinavit ab omnibus peccatis Hieroboam filii Nabath qui peccare fecit Israhel in ipsis ambulavit	Et fecit quod malum est in conspectu Domini: non declinavit ab omnibus peccatis Jeroboam filii Nabat, qui peccare fecit Israël, sed in ipsis ambulavit.		And he did that which was evil in the sight of the Lord; he departed not from all the sins of Jeroboam the son of Nebat, who made Israel sin: but he walked therein.
2Kgs	13	12	וְיֶתֶר דִּבְרֵי יוֹאָשׁ וְכָל־אֲשֶׁר עָשָׂה וּגְבוּרָתוֹ אֲשֶׁר נִלְחַם עִם אֲמַצְיָה מֶלֶךְ־יְהוּדָה הֲלוֹא־הֵם כְּתוּבִים עַל־סֵפֶר דִּבְרֵי הַיָּמִים לְמַלְכֵי יִשְׂרָאֵל ׃	καὶ τὰ λοιπὰ τῶν λόγων Ἰωὰς καὶ πάντα ὅσα ἐποίησεν καὶ αἱ δυναστεῖαι αὐτοῦ ἅς ἐποίησεν μετὰ Ἀμεσσείου βασιλέως Ἰούδα, οὐχὶ ταῦτα γεγραμμένα ἐπὶ βιβλίῳ λόγων τῶν ἡμερῶν τοῖς βασιλεῦσιν Ἰσραήλ ;	reliqua autem sermonum Ioas et universa quae fecit sed et fortitudo eius quomodo pugnaverit contra Amasiam regem Iuda nonne haec scripta sunt in libro sermonum regum Israhel	Reliqua autem sermonum Joas, et universa quæ fecit, et fortitudo ejus, quomodo pugnaverit contra Amasiam regem Juda, nonne hæc scripta sunt in libro sermonum dierum regum Israël?		And the rest of the acts of Joash, and all that he did, and his might wherewith he fought against Amaziah king of Judah, are they not written in the book of the chronicles of the kings of Israel?
2Kgs	13	13	וַיִּשְׁכַּב יוֹאָשׁ עִם־אֲבֹתָיו וְיָרָבְעָם יָשַׁב עַל־כִּסְאוֹ וַיִּקָּבֵר יוֹאָשׁ בְּשֹׁמְרוֹן עִם מַלְכֵי יִשְׂרָאֵל ׃ פ	καὶ ἐκοιμήθη Ἰωὰς μετὰ τῶν πατέρων αὐτοῦ, καὶ ἰεροβοὰμ ἐκάθισεν μετὰ τῶν πατέρων αὐτοῦ καὶ ἐν Σαμαρείᾳ μετὰ τῶν ἀδελφῶν Ἰσραήλ.	et dormivit Ioas cum patribus suis Hieroboam autem sedit super solium eius porro Ioas sepultus est in Samaria cum regibus Israhel	Et dormivit Joas cum patribus suis: Jeroboam autem sedit super solium ejus. Porro Joas sepultus est in Samaria cum regibus Israël.		And Joash slept with his fathers; and Jeroboam sat upon his throne: and Joash was buried in Samaria with the kings of Israel.
2Kgs	13	14	וֶאֱלִישָׁע חָלָה אֶת־חָלְיוֹ אֲשֶׁר יָמוּת בּוֹ וַיֵּרֶד אֵלָיו יוֹאָשׁ מֶלֶךְ־יִשְׂרָאֵל וַיֵּבְךְּ עַל־פָּנָיו וַיֹּאמַר אָבִי אָבִי רֶכֶב יִשְׂרָאֵל וּפָרָשָׁיו ׃	Καὶ Ἐλεισαῖε ἠρρώστησεν τὴν ἀρρωστίαν ἑαυτοῦ δι’ ἥν ἀπέθανεν· καὶ κατέβη πρὸς αὐτὸν Ἰωὰς βασιλεύς Ἰσραὴλ καὶ ἔκλαυσεν ἐπὶ προσώπου αὐτοῦ καὶ εἶπεν Πάτερ, πάτεερ, ἅρμα Ἰσπαὴλ καὶ ἱππεὺς αὐτοῦ.	Heliseus autem aegrotabat infirmitate qua et mortuus est descenditque ad eum Ioas rex Israhel et flebat coram eo dicebatque pater mi pater mi currus Israhel et auriga eius	Eliseus autem ægrotabat infirmitate, qua et mortuus est: descenditque ad eum Joas rex Israël, et flebat coram eo, dicebatque: Pater mi, pater mi, currus Israël et auriga ejus.		Now Elisha was fallen sick of his sickness whereof he died. And Joash the king of Israel came down unto him, and wept over his face, and said, O my father, my father, the chariot of Israel, and the horsemen thereof.
2Kgs	13	15	וַיֹּאמֶר לוֹ אֱלִישָׁע קַח קֶשֶׁת וְחִצִּים וַיִּקַּח אֵלָיו קֶשֶׁת וְחִצִּים ׃	καὶ εἶπεν αὐτῷ Ἐλεισαῖς Λάβε τόξον καὶ βέλη· καὶ ἔλαβεν πρὸς αὐτὸν τόξον καὶ βέλη.	et ait illi Heliseus adfer arcum et sagittas cumque adtulisset ad eum arcum et sagittas	Et ait illi Eliseus: Affer arcum et sagittas. Cumque attulisset ad eum arcum et sagittas,		And Elisha said unto him, Take bow and arrows. And he took unto him bow and arrows.
2Kgs	13	16	וַיֹּאמֶר לְמֶלֶךְ יִשְׂרָאֵל הַרְכֵּב יָדְךָ עַל־הַקֶּשֶׁת וַיַּרְכֵּב יָדוֹ וַיָּשֶׂם אֱלִישָׁע יָדָיו עַל־יְדֵי הַמֶּלֶךְ ׃	καὶ εἶπεν τῷ βασιλεῖ Ἐπιβίβασον τὴν χεῖρά σου ἐπὶ τὸ τόξον· καὶ ἐπεβίβασεν Ἰωὰς τὴν χεῖρα αὐτοῦ, καὶ ἐπέθηκεν Ἐλεισαῖε τὰς χεῖρας αὐτοῦ ἐπὶ τὰς χεῖρας τοξῦ βασιλέως	dixit ad regem Israhel pone manum tuam super arcum et cum posuisset ille manum suam superposuit Heliseus manus suas manibus regis	dixit ad regem Israël: Pone manum tuam super arcum. Et cum posuisset ille manum suam, superposuit Eliseus manus suas manibus regis,		And he said to the king of Israel, Put thine hand upon the bow. And he put his hand upon it: and Elisha put his hands upon the king's hands.
2Kgs	13	17	וַיֹּאמֶר פְּתַח הַחַלּוֹן קֵדְמָה וַיִּפְתָּח וַיֹּאמֶר אֱלִישָׁע יְרֵה וַיּוֹר וַיֹּאמֶר חֵץ־תְּשׁוּעָה לַיהוָה וְחֵץ תְּשׁוּעָה בַאֲרָם וְהִכִּיתָ אֶת־אֲרָם בַּאֲפֵק עַד־כַּלֵּה ׃	καὶ εἶπεν Ἄνοιξον τὴν θυρίδα κατ’ ἀνατολάς· καὶ ἤνοιξεν. καὶ εἶπεν Βέλος σωτηρίας τῷ κυρίῳ καὶ βέλος σωτηρίας ἐν Συρίᾳ, καὶ πατέξει τὴν Συρίαν ἐν ἀφὲκ ἕως συντελείας.	et ait aperi fenestram orientalem cumque aperuisset dixit Heliseus iace sagittam et iecit et ait Heliseus sagitta salutis Domini et sagitta salutis contra Syriam percutiesque Syriam in Afec donec consumas eam	et ait: Aperi fenestram orientalem. Cumque aperuisset, dixit Eliseus: Jace sagittam. Et jecit. Et ait Eliseus: Sagitta salutis Domini, et sagitta salutis contra Syriam: percutiesque Syriam in Aphec, donec consumas eam.		And he said, Open the window eastward. And he opened it. Then Elisha said, Shoot. And he shot. And he said, The arrow of the Lord's deliverance, and the arrow of deliverance from Syria: for thou shalt smite the Syrians in Aphek, till thou have consumed them.
2Kgs	13	18	וַיֹּאמֶר קַח הַחִצִּים וַיִּקָּח וַיֹּאמֶר לְמֶלֶךְ־יִשְׂרָאֵל הַךְ־אַרְצָה וַיַּךְ שָׁלֹשׁ־פְּעָמִים וַיַּעֲמֹד ׃	καὶ εἶπεν αὐτῷ ἐλεισαῖε Λάβε τόξα· καὶ ἔλαβεν. καὶ εἶπεν τῷ βασιλεῖ Ἰσραήλ Πάταξον εἰς τὴν γῆν· καὶ ἐπάταξεν ὁ βασιλεὺς τρὶς καὶ ἔστη.	et ait tolle sagittas qui cum tulisset rursum dixit ei percute iaculo terram et cum percussisset tribus vicibus et stetisset	Et ait: Tolle sagittas. Qui cum tulisset, rursum dixit ei: Percute jaculo terram. Et cum percussisset tribus vicibus, et stetisset,		And he said, Take the arrows. And he took them. And he said unto the king of Israel, Smite upon the ground. And he smote thrice, and stayed.
2Kgs	13	19	וַיִּקְצֹף עָלָיו אִישׁ הָאֱלֹהִים וַיֹּאמֶר לְהַכּוֹת חָמֵשׁ אוֹ־שֵׁשׁ פְּעָמִים אָז הִכִּיתָ אֶת־אֲרָם עַד־כַּלֵּה וְעַתָּה שָׁלֹשׁ פְּעָמִים תַּכֶּה אֶת־אֲרָם ׃ ס	καὶ ἐλυπἠθη ἐπ’ αὐτῷ ὁ ἄνθρωπος τοῦ θεοῦ καὶ εἶπεν Εἰ ἐπάταξας πεντάκις ἢ ἑξάκις, τότε ἂν ἐπάταξας τὴν Συρίαν ἕως συντελείας· καὶ νῦν τρὶς πατάξεις τὴν Συρίαν.	iratus est contra eum vir Dei et ait si percussisses quinquies aut sexies sive septies percussisses Syriam usque ad consummationem nunc autem tribus vicibus percuties eam	iratus est vir Dei contra eum, et ait: Si percussisses quinquies, aut sexies, sive septies, percussisses Syriam usque ad consumptionem: nunc autem tribus vicibus percuties eam.		And the man of God was wroth with him, and said, Thou shouldest have smitten five or six times; then hadst thou smitten Syria till thou hadst consumed it: whereas now thou shalt smite Syria but thrice.
2Kgs	13	20	וַיָּמָת אֱלִישָׁע וַיִּקְבְּרֻהוּ וּגְדוּדֵי מוֹאָב יָבֹאוּ בָאָרֶץ בָּא שָׁנָה ׃	Καὶ ἀπέθανεν Ἐλεισαῖε, καὶ ἔθαψαν αὐτόν. καὶ μονόξωνοι Μωὰβ ἦλθον ἐν τῇ γῇ ἐλθόντος τοῦ ἐνιαυτοῦ.	mortuus est ergo Heliseus et sepelierunt eum latrunculi quoque de Moab venerunt in terra in ipso anno	Mortuus est ergo Eliseus, et sepelierunt eum. Latrunculi autem de Moab venerunt in terram in ipso anno.		And Elisha died, and they buried him. And the bands of the Moabites invaded the land at the coming in of the year.
2Kgs	13	21	וַיְהִי הֵם קֹבְרִים אִישׁ וְהִנֵּה רָאוּ אֶת־הַגְּדוּד וַיַּשְׁלִיכוּ אֶת־הָאִישׁ בְּקֶבֶר אֱלִישָׁע וַיֵּלֶךְ וַיִּגַּע הָאִישׁ בְּעַצְמוֹת אֱלִישָׁע וַיְחִי וַיָּקָם עַל־רַגְלָיו ׃ פ	κα ἐγένετο αὐτῶν θαπιόντων τὸν ἄνδρα, καὶ ἰδοὺ ἴδον τὸν μονόζωνον, κα ἔρριψαν τὸν ἄνδρα ἐν τῷ τάφω Ἐλεσαῖε· καὶ ἐπορεύθη καὶ ἥψατο τῶν ὀστέων Ἐλεισαῖε, καὶ ἔξησεν καὶ ἀνέστη ἐπὶ τοὺς πόδας αὐτοῦ.	quidam autem sepelientes hominem viderunt latrunculos et proiecerunt cadaver in sepulchro Helisei quod ambulavit et tetigit ossa Helisei et revixit homo et stetit super pedes suos	Quidam autem sepelientes hominem, viderunt latrunculos, et projecerunt cadaver in sepulchro Elisei. Quod cum tetigisset ossa Elisei, revixit homo, et stetit super pedes suos.		And it came to pass, as they were burying a man, that, behold, they spied a band of men; and they cast the man into the sepulchre of Elisha: and when the man was let down, and touched the bones of Elisha, he revived, and stood up on his feet.
2Kgs	13	22	וַחֲזָאֵל מֶלֶךְ אֲרָם לָחַץ אֶת־יִשְׂרָאֵל כֹּל יְמֵי יְהוֹאָחָז ׃	Καὶ Ἁζαὴλ ἔξέθλιψεν τὸν Ἰσραὴλ πάσας τὰς ἡμέρας Ἰωαχάς.	igitur Azahel rex Syriae adflixit Israhel cunctis diebus Ioachaz	Igitur Hazaël rex Syriæ afflixit Israël cunctis diebus Joachaz:		But Hazael king of Syria oppressed Israel all the days of Jehoahaz.
2Kgs	13	23	וַיָּחָן יְהוָה אֹתָם וַיְרַחֲמֵם וַיִּפֶן אֲלֵיהֶם לְמַעַן בְּרִיתוֹ אֶת־אַבְרָהָם יִצְחָק וְיַעֲקֹב וְלֹא אָבָה הַשְׁחִיתָם וְלֹא־הִשְׁלִיכָם מֵעַל־פָּנָיו עַד־עָתָּה ׃	καὶ ἠλέησεν Κύριος αὐτοὺς καὶ οἰκτείρησεν αὐτούς, καὶ ἐπέβλεψεν ἐπ’ αὐτοὺς διὰ τὴν διαθήκην αὐτοῦ τὴν μετὰ Ἀβραὰμ καὶ Ἰσαὰκ κα Ἰακώβ, καὶ οὐκ ἠθέλησεν Κύριος διαφθεῖραι αὐτούς, καὶ οὐκ ἀπέρριψεν αὐτοὺς ἀπὸ τοῦ προσώπου αὐτοῦ.	et misertus est Dominus eorum et reversus est ad eos propter pactum suum quod habebat cum Abraham Isaac et Iacob et noluit disperdere eos neque proicere penitus usque in praesens tempus	et misertus est Dominus eorum, et reversus est ad eos propter pactum suum, quod habebat cum Abraham, et Isaac, et Jacob: et noluit disperdere eos, neque projicere penitus usque in præsens tempus.		And the Lord was gracious unto them, and had compassion on them, and had respect unto them, because of his covenant with Abraham, Isaac, and Jacob, and would not destroy them, neither cast he them from his presence as yet.
2Kgs	13	24	וַיָּמָת חֲזָאֵל מֶלֶךְ־אֲרָם וַיִּמְלֹךְ בֶּן־הֲדַד בְּנוֹ תַּחְתָּיו ׃	καὶ ἀπέθανεν Ἁζαὴλ βασιλεὺς Συρίας, καὶ ἐβασίλευσεν υἱὸς Αδερ υἱὸς αὐτοῦ ἀντ᾽ αὐτοῦ.	mortuus est autem Azahel rex Syriae et regnavit Benadad filius eius pro eo	Mortuus est autem Hazaël rex Syriæ, et regnavit Benadad filius ejus pro eo.		So Hazael king of Syria died; and Benhadad his son reigned in his stead.
2Kgs	13	25	וַיָּשָׁב יְהוֹאָשׁ בֶּן־יְהוֹאָחָז וַיִּקַּח אֶת־הֶעָרִים מִיַּד בֶּן־הֲדַד בֶּן־חֲזָאֵל אֲשֶׁר לָקַח מִיַּד יְהוֹאָחָז אָבִיו בַּמִּלְחָמָה שָׁלֹשׁ פְּעָמִים הִכָּהוּ יוֹאָשׁ וַיָּשֶׁב אֶת־עָרֵי יִשְׂרָאֵל ׃ פ	καὶ ἐπέστρεψεν Ιωας υἱὸς Ιωαχας καὶ ἔλαβεν τὰς πόλεις ἐκ χειρὸς υἱοῦ Αδερ υἱοῦ Αζαηλ, ἃς ἔλαβεν ἐκ χειρὸς Ιωαχας τοῦ πατρὸς αὐτοῦ ἐν τῷ πολέμῳ· τρὶς ἐπάταξεν αὐτὸν Ιωας καὶ ἐπέστρεψεν τὰς πόλεις Ισραηλ.	porro Ioas filius Ioachaz tulit urbes de manu Benadad filii Azahel quas tulerat de manu Ioachaz patris sui iure proelii tribus vicibus percussit eum Ioas et reddidit civitates Israheli	Porro Joas filius Joachaz tulit urbes de manu Benadad filii Hazaël, quas tulerat de manu Joachaz patris sui jure prælii: tribus vicibus percussit eum Joas, et reddidit civitates Israël.		And Jehoash the son of Jehoahaz took again out of the hand of Benhadad the son of Hazael the cities, which he had taken out of the hand of Jehoahaz his father by war. Three times did Joash beat him, and recovered the cities of Israel.
2Kgs	14	1	בִּשְׁנַת שְׁתַּיִם לְיוֹאָשׁ בֶּן־יוֹאָחָז מֶלֶךְ יִשְׂרָאֵל מָלַךְ אֲמַצְיָהוּ בֶן־יוֹאָשׁ מֶלֶךְ יְהוּדָה ׃	Ἐν ἔτει δευτέρῳ τῷ Ἰωὰς υἱῷ Ἰωαχὰς βασιλεῖ Ἰσραὴλ καὶ ἐβασίλευσεν Ἀμασσείας υἱὸς Ἰωὰς βασιλεὺς Ἰούδα.	anno secundo Ioas filii Ioachaz regis Israhel regnavit Amasias filius Ioas regis Iuda	In anno secundo Joas filii Joachaz regis Israël, regnavit Amasias filius Joas regis Juda.		In the second year of Joash son of Jehoahaz king of Israel reigned Amaziah the son of Joash king of Judah.
2Kgs	14	2	בֶּן־עֶשְׂרִים וְחָמֵשׁ שָׁנָה הָיָה בְמָלְכוֹ וְעֶשְׂרִים וָתֵשַׁע שָׁנָה מָלַךְ בִּירוּשָׁלָםִ וְשֵׁם אִמּוֹ יְהוֹעַדִּין מִן־יְרוּשָׁלִָם ׃	υἱὸς εἴκοσι ἐβασίλευσεν ἢν ἐν τῷ βασιλεύειν αὐτόν, καὶ εἴκοσι καὶ ἐννέα ἔτη ἐβασίλευσεν ἐξ Ἰερουσαλήμ, καὶ ὄνομα τῆς μητρὸς αὐτοῦ Ἰωαδεὶμ ἐξ Ἰερουσαλήμ.	viginti quinque annorum erat cum regnare coepisset viginti autem et novem annis regnavit in Hierusalem nomen matris eius Ioaden de Hierusalem	Viginti quinque annorum erat cum regnare cœpisset: viginti autem et novem annis regnavit in Jerusalem. Nomen matris ejus Joadan de Jerusalem.		He was twenty and five years old when he began to reign, and reigned twenty and nine years in Jerusalem. And his mother's name was Jehoaddan of Jerusalem.
2Kgs	14	3	וַיַּעַשׂ הַיָּשָׁר בְּעֵינֵי יְהוָה רַק לֹא כְּדָוִד אָבִיו כְּכֹל אֲשֶׁר־עָשָׂה יוֹאָשׁ אָבִיו עָשָׂה ׃	καὶ ἐποίησεν τὸ εὐθὲς ἐν ὀφθαλμοῖς Κυρίου, πλὴν οὐχ, ὡς Δαυεὶδ ὁ πατὴρ αὐτοῦ· κατὰ πάντα ὅσα ἐποίησεν Ἰωὰς ὁ πατὴρ αὐτοῦ ἐποίησεν.	et fecit rectum coram Domino verumtamen non ut David pater eius iuxta omnia quae fecit Ioas pater suus fecit	Et fecit rectum coram Domino, verumtamen non ut David pater ejus. Juxta omnia quæ fecit Joas pater suus, fecit:		And he did that which was right in the sight of the Lord, yet not like David his father: he did according to all things as Joash his father did.
2Kgs	14	4	רַק הַבָּמוֹת לֹא־סָרוּ עוֹד הָעָם מְזַבְּחִים וּמְקַטְּרִים בַּבָּמוֹת ׃	πλὴν τὰ ὑψηλὰ οὐκ ἐξῆρεν· ἔτι ὁ λαὸς ἐθυσίασεν καὶ ἐθυμίων ἐν τοῖς ὑψηλοῖς.	nisi hoc tantum quod excelsa non abstulit adhuc enim populus immolabat et adolebat in excelsis	nisi hoc tantum, quod excelsa non abstulit: adhuc enim populus immolabat, et adolebat incensum in excelsis.		Howbeit the high places were not taken away: as yet the people did sacrifice and burnt incense on the high places.
2Kgs	14	5	וַיְהִי כַּאֲשֶׁר חָזְקָה הַמַּמְלָכָה בְּיָדוֹ וַיַּךְ אֶת־עֲבָדָיו הַמַּכִּים אֶת־הַמֶּלֶךְ אָבִיו ׃	καὶ ἐγένετο ὅτε κατίσχυσεν ἡ βασιλεία ἐν χειρὶ αὐτοῦ, καὶ ἐπάταξεν τοὺς δούλους αὐτοῦ τοὺς πατάξαντας τὸν πατέρα αὐτοῦ.	cumque obtinuisset regnum percussit servos suos qui interfecerant regem patrem suum	Cumque obtinuisset regnum, percussit servos suos, qui interfecerant regem patrem suum:		And it came to pass, as soon as the kingdom was confirmed in his hand, that he slew his servants which had slain the king his father.
2Kgs	14	6	וְאֶת־בְּנֵי הַמַּכִּים לֹא הֵמִית כַּכָּתוּב בְּסֵפֶר תּוֹרַת־מֹשֶׁה אֲשֶׁר־צִוָּה יְהוָה לֵאמֹר לֹא־יוּמְתוּ אָבוֹת עַל־בָּנִים וּבָנִים לֹא־יוּמְתוּ עַל־אָבוֹת כִּי אִם־אִישׁ בְּחֶטְאוֹ יָמוּת ׃	καὶ τοὺς υἱοὺς τῶν παταξάντων οὐκ ἐθανάτωσεν, καθὼς γέγραπται ἐν βιβλίῳ νόμων Μωυσῆ, ὡς ἐνετείλατο Κύριος λέγων Οὐκ ἀποθανοῦνται πατέρες ὑπὲρ υἱῶν, καὶ υἱοὶ οὐκ ἀποθανοῦνται ὑπὲρ πατέρων, ὅτι ἀλλ’ ἢ ἐν ταῖς ἁμαρτίαις αὐτοῦ ἀποθανεῖται.	filios autem eorum qui occiderant non occidit iuxta quod scriptum est in libro legis Mosi sicut praecepit Dominus dicens non morientur patres pro filiis neque filii morientur pro patribus sed unusquisque in peccato suo morietur	filios autem eorum qui occiderant, non occidit, juxta quod scriptum est in libro legis Moysi, sicut præcepit Dominus, dicens: Non morientur patres pro filiis, neque filii morientur pro patribus: sed unusquisque in peccato suo morietur.		But the children of the murderers he slew not: according unto that which is written in the book of the law of Moses, wherein the Lord commanded, saying, The fathers shall not be put to death for the children, nor the children be put to death for the fathers; but every man shall be put to death for his own sin.
2Kgs	14	7	הוּא־הִכָּה אֶת־אֱדוֹם בְּגֵיא־הַמֶּלַח עֲשֶׂרֶת אֲלָפִים וְתָפַשׂ אֶת־הַסֶּלַע בַּמִּלְחָמָה וַיִּקְרָא אֶת־שְׁמָהּ יָקְתְאֵל עַד הַיּוֹם הַזֶּה ׃ פ	αὐτὸς ἐπάταξεν τὴν Ἐδὼμ ἐν Ῥεμέλε δέκα χιλιάδας, καὶ συνέλαβε τὴν πέτραν ἐν τῳ πολέμῳ, κα, ἐκάλεσεν τὸ ὄνομα αὐτῆς Καθοὴλ ἕως τῆς ἡμέρας ταύτης.	ipse percussit Edom in valle Salinarum decem milia et adprehendit Petram in proelio vocavitque nomen eius Iecethel usque in praesentem diem	Ipse percussit Edom in valle Salinarum decem millia, et apprehendit petram in prælio, vocavitque nomen ejus Jectehel usque in præsentem diem.		He slew of Edom in the valley of salt ten thousand, and took Selah by war, and called the name of it Joktheel unto this day.
2Kgs	14	8	אָז שָׁלַח אֲמַצְיָה מַלְאָכִים אֶל־יְהוֹאָשׁ בֶּן־יְהוֹאָחָז בֶּן־יֵהוּא מֶלֶךְ יִשְׂרָאֵל לֵאמֹר לְכָה נִתְרָאֶה פָנִים ׃	Τότε ἀπέστειλεν πρὸς Ἰωὰς υἱὸν Ἰωαχὰς υἱοῦ Εἰοὺ Ἰσραὴλ λέγων Δεῦρο ὀφθῶμεν προσώποις.	tunc misit Amasias nuntios ad Ioas filium Ioachaz filii Hieu regis Israhel dicens veni et videamus nos	Tunc misit Amasias nuntios ad Joas filium Joachaz filii Jehu regis Israël, dicens: Veni, et videamus nos.		Then Amaziah sent messengers to Jehoash, the son of Jehoahaz son of Jehu, king of Israel, saying, Come, let us look one another in the face.
2Kgs	14	9	וַיִּשְׁלַח יְהוֹאָשׁ מֶלֶךְ־יִשְׂרָאֵל אֶל־אֲמַצְיָהוּ מֶלֶךְ־יְהוּדָה לֵאמֹר הַחוֹחַ אֲשֶׁר בַּלְּבָנוֹן שָׁלַח אֶל־הָאֶרֶז אֲשֶׁר בַּלְּבָנוֹן לֵאמֹר תְּנָה־אֶת־בִּתְּךָ לִבְנִי לְאִשָּׁה וַתַּעֲבֹר חַיַּת הַשָּׂדֶה אֲשֶׁר בַּלְּבָנוֹן וַתִּרְמֹס אֶת־הַחוֹחַ ׃	καὶ ἀπέστειλεν Ἰωὰς βασιλεὺς Ἰσραὴλ πρὸς Ἀμεσσείαν βασιλέα Ἰούδα λέγων Ὁ ἀκὰν ὁ ἐν τῷ Λιβάνῳ ἀπέστειλεν πρὸς τὴν κέδρον τὴν ἐν τῷ Λιβάνῳ λέγων Δὸς τὴν θυγατέρα σου τῷ υἱῷ μου εἰς γυναῖκα· καὶ διῆλθον τὰ τοῦ ἀγροῦ τὰ ἐν τῷ Λιβάνῳ καὶ συνεπάτησαν τὸν ἀκάνα.	remisitque Ioas rex Israhel ad Amasiam regem Iuda dicens carduus Libani misit ad cedrum quae est in Libano dicens da filiam tuam filio meo uxorem transieruntque bestiae saltus quae sunt in Libano et conculcaverunt carduum	Remisitque Joas rex Israël ad Amasiam regem Juda, dicens: Carduus Libani misit ad cedrum quæ est in Libano, dicens: Da filiam tuam filio meo uxorem. Transieruntque bestiæ saltus quæ sunt in Libano, et conculcaverunt carduum.		And Jehoash the king of Israel sent to Amaziah king of Judah, saying, The thistle that was in Lebanon sent to the cedar that was in Lebanon, saying, Give thy daughter to my son to wife: and there passed by a wild beast that was in Lebanon, and trode down the thistle.
2Kgs	14	10	הַכֵּה הִכִּיתָ אֶת־אֱדוֹם וּנְשָׂאֲךָ לִבֶּךָ הִכָּבֵד וְשֵׁב בְּבֵיתֶךָ וְלָמָּה תִתְגָּרֶה בְּרָעָה וְנָפַלְתָּה אַתָּה וִיהוּדָה עִמָּךְ ׃	τύπτων ἐπάταξας τὴν Ἰουμαίαν, καὶ ἐπῆρέν σε καρδία σου. ἐνδοξά καθήμενος ἐν τῷ οἴκῳ σου. καὶ ἵνα τί ἐρίζεις ἐν κακίᾳ σου ; καὶ σὺ καὶ Ἰούδας μετὰ σοῦ.	percutiens invaluisti super Edom et sublevavit te cor tuum contentus esto gloria et sede in domo tua quare provocas malum ut cadas tu et Iuda tecum	Percutiens invaluisti super Edom, et sublevavit te cor tuum: contentus esto gloria, et sede in domo tua: quare provocas malum, ut cadas tu et Judas tecum?		Thou hast indeed smitten Edom, and thine heart hath lifted thee up: glory of this, and tarry at home: for why shouldest thou meddle to thy hurt, that thou shouldest fall, even thou, and Judah with thee?
2Kgs	14	11	וְלֹא־שָׁמַע אֲמַצְיָהוּ וַיַּעַל יְהוֹאָשׁ מֶלֶךְ־יִשְׂרָאֵל וַיִּתְרָאוּ פָנִים הוּא וַאֲמַצְיָהוּ מֶלֶךְ־יְהוּדָה בְּבֵית שֶׁמֶשׁ אֲשֶׁר לִיהוּדָה ׃	καὶ οὐκ ἤκουσεν Ἀμεσσείας· καὶ ἀνέβη ὁ βασιλεὺς Ἰσραήλ, καὶ ὤφθη προσώποις αὐτὸς καὶ Ἀμεσσείας βασιλεὺς Ἰούδα, ἐν Βαιθσάμυς γῇ τοῦ Ἰούδα·	et non adquievit Amasias ascenditque Ioas rex Israhel et viderunt se ipse et Amasias rex Iuda in Bethsames oppido Iudae	Et non acquievit Amasias. Ascenditque Joas rex Israël, et viderunt se, ipse et Amasias rex Juda, in Bethsames oppido Judæ.		But Amaziah would not hear. Therefore Jehoash king of Israel went up; and he and Amaziah king of Judah looked one another in the face at Bethshemesh, which belongeth to Judah.
2Kgs	14	12	וַיִּנָּגֶף יְהוּדָה לִפְנֵי יִשְׂרָאֵל וַיָּנֻסוּ אִישׁ לְאָהֳלוֹ ׃	καὶ ἔπταισεν Ἰούδας ἀπὸ προσώπου Ἰσραήλ, καὶ ἔφυγεν ἀνὴρ εἰς τὸ σκήνωμα αὐτοῦ.	percussusque est Iuda coram Israhel et fugerunt unusquisque in tabernacula sua	Percussusque est Juda coram Israël, et fugerunt unusquisque in tabernacula sua.		And Judah was put to the worse before Israel; and they fled every man to their tents.
2Kgs	14	13	וְאֵת אֲמַצְיָהוּ מֶלֶךְ־יְהוּדָה בֶּן־יְהוֹאָשׁ בֶּן־אֲחַזְיָהוּ תָּפַשׂ יְהוֹאָשׁ מֶלֶךְ־יִשְׂרָאֵל בְּבֵית שָׁמֶשׁ וַיָּבֹאוּ יְרוּשָׁלַםִ וַיִּפְרֹץ בְּחוֹמַת יְרוּשָׁלַםִ בְּשַׁעַר אֶפְרַיִם עַד־שַׁעַר הַפִּנָּה אַרְבַּע מֵאוֹת אַמָּה ׃	καὶ τὸν Ἀμεσσείαν υἱὸν Ἰωὰς υἱοῦ Ἰωαχὰς συνέλαβεν Ἰωὰς βασιλεὺς Ἰσραὴλ ἐν Βαιθσάμυς· καὶ ἦλθεν εἰς Ἰερουσαλήμ, καὶ καθεῖλεν ἐν τῷ τείχει Ἰερουσαλὴμ ἐν τῇ πύλῃ Ἐφράιμ ἕως πύλης τῆς γωνίας τετρακοσίους πήχεις.	Amasiam vero regem Iuda filium Ioas filii Ahaziae cepit Ioas rex Israhel in Bethsames et adduxit eum in Hierusalem et interrupit murum Hierusalem a porta Ephraim usque ad portam Anguli quadringentis cubitis	Amasiam vero regem Juda, filium Joas filii Ochoziæ, cepit Joas rex Israël in Bethsames, et adduxit eum in Jerusalem: et interrupit murum Jerusalem, a porta Ephraim usque ad portam anguli, quadringentis cubitis.		And Jehoash king of Israel took Amaziah king of Judah, the son of Jehoash the son of Ahaziah, at Bethshemesh, and came to Jerusalem, and brake down the wall of Jerusalem from the gate of Ephraim unto the corner gate, four hundred cubits.
2Kgs	14	14	וְלָקַח אֶת־כָּל־הַזָּהָב־וְהַכֶּסֶף וְאֵת כָּל־הַכֵּלִים הַנִּמְצְאִים בֵּית־יְהוָה וּבְאֹצְרוֹת בֵּית הַמֶּלֶךְ וְאֵת בְּנֵי הַתַּעֲרֻבוֹת וַיָּשָׁב שֹׁמְרוֹנָה ׃	καὶ ἔλαβεν τὸ χρυσίον καὶ τὸ ἀργύριον καὶ πάντα τὰ σκεύη τὰ εὑρεθέντα ἐν οἴκῳ Κυρίου καὶ ἐν θησαυροῖς οἴκου τοῦ βασιλέως καὶ τοὺς υἱοὺς τῶν συμμίξεων, καὶ ἀπέστρεψεν εἰς Σαμάρειαν.	tulitque omne aurum et argentum et universa vasa quae inventa sunt in domo Domini et in thesauris regis et obsides et reversus est Samariam	Tulitque omne aurum et argentum, et universa vasa quæ inventa sunt in domo Domini et in thesauris regis, et obsides, et reversus est in Samariam.		And he took all the gold and silver, and all the vessels that were found in the house of the Lord, and in the treasures of the king's house, and hostages, and returned to Samaria.
2Kgs	14	15	וְיֶתֶר דִּבְרֵי יְהוֹאָשׁ אֲשֶׁר עָשָׂה וּגְבוּרָתוֹ וַאֲשֶׁר נִלְחַם עִם אֲמַצְיָהוּ מֶלֶךְ־יְהוּדָה הֲלֹא־הֵם כְּתוּבִים עַל־סֵפֶר דִּבְרֵי הַיָּמִים לְמַלְכֵי יִשְׂרָאֵל ׃	καὶ τὰ λοιπὰ τῶν λόγων Ἰωὰς ὅσα ἐποίησεν ἐν δυναστείᾳ αὐτοῦ, ἃ ἐπολέμησεν μετὰ Ἀμεσσείου βασιλέως Ἰούδα, οὐχὶ ταῦτα γεγραμμένα ἐπὶ βιβλίῳ λόγων τῶν ἡμερῶν τοῖς βασιλεῦσιν Ἰσραήλ ;	reliqua autem verborum Ioas quae fecit et fortitudo eius qua pugnavit contra Amasiam regem Iuda nonne haec scripta sunt in libro sermonum dierum regum Israhel	Reliqua autem verborum Joas quæ fecit, et fortitudo ejus qua pugnavit contra Amasiam regem Juda, nonne hæc scripta sunt in libro sermonum dierum regum Israël?		Now the rest of the acts of Jehoash which he did, and his might, and how he fought with Amaziah king of Judah, are they not written in the book of the chronicles of the kings of Israel?
2Kgs	14	16	וַיִּשְׁכַּב יְהוֹאָשׁ עִם־אֲבֹתָיו וַיִּקָּבֵר בְּשֹׁמְרוֹן עִם מַלְכֵי יִשְׂרָאֵל וַיִּמְלֹךְ יָרָבְעָם בְּנוֹ תַּחְתָּיו ׃ פ	καὶ ἐκοιμήθη Ἰωὰς μετὰ τῶν πατέρων αὐτοῦ, καὶ ἐτάφη ἐν Σαμαρείᾳ μετὰ τῶν βασιλέων Ἰσραήλ· καὶ ἐβασίλευσεν Ἰεροβοὰμ υἱὸς αὐτοῦ ἀντ’ αὐτοῦ.	dormivitque Ioas cum patribus suis et sepultus est in Samaria cum regibus Israhel et regnavit Hieroboam filius eius pro eo	Dormivitque Joas cum patribus suis, et sepultus est in Samaria cum regibus Israël, et regnavit Jeroboam filius ejus pro eo.		And Jehoash slept with his fathers, and was buried in Samaria with the kings of Israel; and Jeroboam his son reigned in his stead.
2Kgs	14	17	וַיְחִי אֲמַצְיָהוּ בֶן־יוֹאָשׁ מֶלֶךְ יְהוּדָה אַחֲרֵי מוֹת יְהוֹאָשׁ בֶּן־יְהוֹאָחָז מֶלֶךְ יִשְׂרָאֵל חֲמֵשׁ עֶשְׂרֵה שָׁנָה ׃	Καὶ ἔζησεν Ἀμεσσείας υἱὸς Ἰωὰς βασιλεὺς Ἰούδα μετὰ τὸ ἀποθανεῖν Ἰωὰς υἱὸν Ἰωαχὰς βασιλέα Ἰσραὴλ πέντε καὶ δέκα ἔτη.	vixit autem Amasias filius Ioas rex Iuda postquam mortuus est Ioas filius Ioachaz regis Israhel viginti quinque annis	Vixit autem Amasias filius Joas rex Juda postquam mortuus est Joas filius Joachaz regis Israël, quindecim annis.		And Amaziah the son of Joash king of Judah lived after the death of Jehoash son of Jehoahaz king of Israel fifteen years.
2Kgs	14	18	וְיֶתֶר דִּבְרֵי אֲמַצְיָהוּ הֲלֹא־הֵם כְּתוּבִים עַל־סֵפֶר דִּבְרֵי הַיָּמִים לְמַלְכֵי יְהוּדָה ׃	καὶ τὰ λοιπὰ τῶν λόγων Ἀμεσσείου καὶ πάντα ἃ ἐποίησεν, οὐχὶ ταῦτα γεγραμμένα ἐπὶ βιβλίῳ λόγων τῶν ἡμερῶν τοῖς βασιλεῦσιν Ἰούδα	reliqua autem sermonum Amasiae nonne haec scripta sunt in libro sermonum dierum regum Iuda	Reliqua autem sermonum Amasiæ, nonne hæc scripta sunt in libro sermonum dierum regum Juda?		And the rest of the acts of Amaziah, are they not written in the book of the chronicles of the kings of Judah?
2Kgs	14	19	וַיִּקְשְׁרוּ עָלָיו קֶשֶׁר בִּירוּשָׁלַםִ וַיָּנָס לָכִישָׁה וַיִּשְׁלְחוּ אַחֲרָיו לָכִישָׁה וַיְמִתֻהוּ שָׁם ׃	καὶ συνεστράφησαν ἐπ’ αὐτὸν σύστρεμμα ἐν Ἰερουδαλήμ, καὶ ἔφυγεν εἰς Λαχείς· καὶ ἀπέστειλεν ὀπίσω αὐτοῦ εἰς Λαχείς, καὶ ἐθανάτωσεν αὐτὸν ἐκεῖ.	factaque est contra eum coniuratio in Hierusalem at ille fugit in Lachis miseruntque post eum in Lachis et interfecerunt eum ibi	Factaque est contra eum conjuratio in Jerusalem: at ille fugit in Lachis. Miseruntque post eum in Lachis, et interfecerunt eum ibi:		Now they made a conspiracy against him in Jerusalem: and he fled to Lachish; but they sent after him to Lachish, and slew him there.
2Kgs	14	20	וַיִּשְׂאוּ אֹתוֹ עַל־הַסּוּסִים וַיִּקָּבֵר בִּירוּשָׁלַםִ עִם־אֲבֹתָיו בְּעִיר דָּוִד ׃	καὶ ἦραν αὐτὸν ἐφ’ ἵππων, καὶ ἐτάφη ἐν Ἰερουσολὴμ μετὰ τῶν πατέρων αὐτοῦ ἐν πόλει	et asportaverunt in equis sepultusque est in Hierusalem cum patribus suis in civitate David	et asportaverunt in equis, sepultusque est in Jerusalem cum patribus suis in civitate David.		And they brought him on horses: and he was buried at Jerusalem with his fathers in the city of David.
2Kgs	14	21	וַיִּקְחוּ כָּל־עַם יְהוּדָה אֶת־עֲזַרְיָה וְהוּא בֶּן־שֵׁשׁ עֶשְׂרֵה שָׁנָה וַיַּמְלִכוּ אֹתוֹ תַּחַת אָבִיו אֲמַצְיָהוּ ׃	καὶ ἔλαβεν πᾶς ὁ λαὸς Ἰούδα τὸν Ἀζαρίαν, καὶ ἑκκαίδεκα ἐτῶν, καὶ ἐβασίλευσεν αὐτὸς ἀντὶ τοῦ πατρὸς αὐτοῦ Ἀμεσσείου.	tulit autem universus populus Iudae Azariam annos natum sedecim et constituerunt eum regem pro patre eius Amasia	Tulit autem universus populus Judæ Azariam annos natum sedecim, et constituerunt eum regem pro patre ejus Amasia.		And all the people of Judah took Azariah, which was sixteen years old, and made him king instead of his father Amaziah.
2Kgs	14	22	הוּא בָּנָה אֶת־אֵילַת וַיְשִׁבֶהָ לִיהוּדָה אַחֲרֵי שְׁכַב־הַמֶּלֶךְ עִם־אֲבֹתָיו ׃ פ	αὐτὸς ᾠκοδόμησεν τὴν Αἰλώμ, καὶ ἐπέστρεψεν αὐτὴν τῷ Ἰούδᾳ μετὰ τὸ κοιμηθῆναι τὸν βασιλέα μετὰ τῶν πατέρων αὐτοῦ.	ipse aedificavit Ahilam et restituit eam Iudae postquam dormivit rex cum patribus suis	Ipse ædificavit Ælath, et restituit eam Judæ, postquam dormivit rex cum patribus suis.		He built Elath, and restored it to Judah, after that the king slept with his fathers.
2Kgs	14	23	בִּשְׁנַת חֲמֵשׁ־עֶשְׂרֵה שָׁנָה לַאֲמַצְיָהוּ בֶן־יוֹאָשׁ מֶלֶךְ יְהוּדָה מָלַךְ יָרָבְעָם בֶּן־יוֹאָשׁ מֶלֶךְ־יִשְׂרָאֵל בְּשֹׁמְרוֹן אַרְבָּעִים וְאַחַת שָׁנָה ׃	Ἐν ἔτει πεντεκαιδεκάτῳ τοῦ Ἀμεσσείου υἱῷ Ἰωὰς Βασιλεῖ Ἰούδα ἐβασίλευσεν Ἰεροβοὰμ υἱὸς ’lωὰς ἐπὶ Ἰσραὴλ ἐν Σαμαρείᾳ τεσσεράκοντα καὶ ἔν ἔτος.	anno quintodecimo Amasiae filii Ioas regis Iuda regnavit Hieroboam filius Ioas regis Israhel in Samaria quadraginta et uno anno	Anno quintodecimo Amasiæ filii Joas regis Juda, regnavit Jeroboam filius Joas regis Israël in Samaria, quadraginta et uno anno.		In the fifteenth year of Amaziah the son of Joash king of Judah Jeroboam the son of Joash king of Israel began to reign in Samaria, and reigned forty and one years.
2Kgs	14	24	וַיַּעַשׂ הָרַע בְּעֵינֵי יְהוָה לֹא סָר מִכָּל־חַטֹּאות יָרָבְעָם בֶּן־נְבָט אֲשֶׁר הֶחֱטִיא אֶת־יִשְׂרָאֵל ׃	καὶ ἐποίησεν τὸ πονηρὸν ἐνώπιον Κυρίου· οὐκ ἀπέστη ἀπὸ πασῶν ἁμαρτιῶν Ἰεροβοὰμ υἱοῦ Ναβὰτ ὅς ἐξήμαρτεν τὸν Ἰσραήλ.	et fecit quod malum est coram Domino non recessit ab omnibus peccatis Hieroboam filii Nabath qui peccare fecit Israhel	Et fecit quod malum est coram Domino: non recessit ab omnibus peccatis Jeroboam filii Nabat, qui peccare fecit Israël.		And he did that which was evil in the sight of the Lord: he departed not from all the sins of Jeroboam the son of Nebat, who made Israel to sin.
2Kgs	14	25	הוּא הֵשִׁיב אֶת־גְּבוּל יִשְׂרָאֵל מִלְּבוֹא חֲמָת עַד־יָם הָעֲרָבָה כִּדְבַר יְהוָה אֱלֹהֵי יִשְׂרָאֵל אֲשֶׁר דִּבֶּר בְּיַד־עַבְדּוֹ יוֹנָה בֶן־אֲמִתַּי הַנָּבִיא אֲשֶׁר מִגַּת הַחֵפֶר ׃	αὐτὸς ἀπέστησεν τὸ τὸ ὅριον ἀπὸ εἰσόδου Αἱμὰθ ἕως τῆς θαλάσσης τῆς Ἀραβά, κατὰ τὸ ῥῆμα Κυρίου θεοῦ Ἰσραὴλ ὅ ἐλάλησεν ἐν χειρὶ δούλου αὐτοῦ Ἰωνᾶ υἱοῦ ὶ τοῦ προφήτου τοῦ ἐκ Γεθχόβερ.	ipse restituit terminos Israhel ab introitu Emath usque ad mare Solitudinis iuxta sermonem Domini Dei Israhel quem locutus est per servum suum Ionam filium Amathi prophetam qui erat de Geth quae est in Opher	Ipse restituit terminos Israël ab introitu Emath usque ad mare solitudinis, juxta sermonem Domini Dei Israël quem locutus est per servum suum Jonam filium Amathi prophetam, qui erat de Geth, quæ est in Opher.		He restored the coast of Israel from the entering of Hamath unto the sea of the plain, according to the word of the Lord God of Israel, which he spake by the hand of his servant Jonah, the son of Amittai, the prophet, which was of Gathhepher.
2Kgs	14	26	כִּי־רָאָה יְהוָה אֶת־עֳנִי יִשְׂרָאֵל מֹרֶה מְאֹד וְאֶפֶס עָצוּר וְאֶפֶס עָזוּב וְאֵין עֹזֵר לְיִשְׂרָאֵל ׃	ὄτι εἶδεν Κύριος τὴν Ἰσραὴλ πικρὰν σφόδρα καὶ ὀλίγους τοὺς συνεχομένους καὶ ἐσπανισμένους καὶ ἐγκαταλελειμμένους, καὶ οὐκ ἦν ὁ βοηθῶν τῷ Ἰσραήλ.	vidit enim Dominus adflictionem Israhel amaram nimis et quod consumpti essent usque ad clausos carcere et extremos et non esset qui auxiliaretur Israhel	Vidit enim Dominus afflictionem Israël amaram nimis, et quod consumpti essent usque ad clausos carcere et extremos, et non esset qui auxiliaretur Israëli.		For the Lord saw the affliction of Israel, that it was very bitter: for there was not any shut up, nor any left, nor any helper for Israel.
2Kgs	14	27	וְלֹא־דִבֶּר יְהוָה לִמְחוֹת אֶת־שֵׁם יִשְׂרָאֵל מִתַּחַת הַשָּׁמָיִם וַיּוֹשִׁיעֵם בְּיַד יָרָבְעָם בֶּן־יוֹאָשׁ ׃	καὶ οὐκ ἐλάλησεν Κύριος ἐξαλεῖψαι τὸ σπέρμα ὑποκάτωθεν τοῦ οὐρανοῦ, καὶ ἔσωσεν αὐτοὺς ἐκ υἱοῦ Ἰωάς.	nec locutus est Dominus ut deleret nomen Israhel sub caelo sed salvavit eos in manu Hieroboam filii Ioas	Nec locutus est Dominus ut deleret nomen Israël de sub cælo, sed salvavit eos in manu Jeroboam filii Joas.		And the Lord said not that he would blot out the name of Israel from under heaven: but he saved them by the hand of Jeroboam the son of Joash.
2Kgs	14	28	וְיֶתֶר דִּבְרֵי יָרָבְעָם וְכָל־אֲשֶׁר עָשָׂה וּגְבוּרָתוֹ אֲשֶׁר־נִלְחָם וַאֲשֶׁר הֵשִׁיב אֶת־דַּמֶּשֶׂק וְאֶת־חֲמָת לִיהוּדָה בְּיִשְׂרָאֵל הֲלֹא־הֵם כְּתוּבִים עַל־סֵפֶר דִּבְרֵי הַיָּמִים לְמַלְכֵי יִשְׂרָאֵל ׃	καὶ τὰ λοιπὰ τῶν λόγων Ἰεροβοὰμ καὶ ὅσα ἐποίησεν καὶ αἱ δυναστεῖαι αὐτοῦ, ὅσα ἐπολέμησεν καὶ ὅσα τὴν Δαμασκὸν καὶ τὴν Ἑμμὰθ τῷ Ἰούδᾳ ἐν Ἰσραήλ, ταῦτα γεγραμμένα ἐπὶ βιβλίῳ λόγων τῶν ἡμερῶν τοῖς βασιλεῦσιν μήθη Ἰεροβοὰμ μετὰ τῶν πατέρων αὐτοῦ μετὰ ήλ, καὶ ἐβασίλευσεν Ἀζαρίας υἱὸς Ἀμεσσείου ἀντὶ του πατρος αυτου.	reliqua autem sermonum Hieroboam et universa quae fecit et fortitudo eius qua proeliatus est et quomodo restituit Damascum et Emath Iudae in Israhel nonne haec scripta sunt in libro sermonum dierum regum Israhel	Reliqua autem sermonum Jeroboam, et universa quæ fecit, et fortitudo ejus qua præliatus est, et quomodo restituit Damascum et Emath Judæ in Israël, nonne hæc scripta sunt in libro sermonum dierum regum Israël?		Now the rest of the acts of Jeroboam, and all that he did, and his might, how he warred, and how he recovered Damascus, and Hamath, which belonged to Judah, for Israel, are they not written in the book of the chronicles of the kings of Israel?
2Kgs	14	29	וַיִּשְׁכַּב יָרָבְעָם עִם־אֲבֹתָיו עִם מַלְכֵי יִשְׂרָאֵל וַיִּמְלֹךְ זְכַרְיָה בְנוֹ תַּחְתָּיו ׃ פ		dormivitque Hieroboam cum patribus suis regibus Israhel et regnavit Zaccharias filius eius pro eo	Dormivitque Jeroboam cum patribus suis regibus Israël, et regnavit Zacharias filius ejus pro eo.		And Jeroboam slept with his fathers, even with the kings of Israel; and Zachariah his son reigned in his stead.
2Kgs	15	1	בִּשְׁנַת עֶשְׂרִים וָשֶׁבַע שָׁנָה לְיָרָבְעָם מֶלֶךְ יִשְׂרָאֵל מָלַךְ עֲזַרְיָה בֶן־אֲמַצְיָה מֶלֶךְ יְהוּדָה ׃	Ἐν ἔτει εἰκοστῷ καὶ ἑβδόμῳ τῷ Ἰεροβοὰμ Βασιλεῖ Ἰσραὴλ ἐβασίλευσεν Ἀζαρίας υἱὸς Ἀμεσσείου βασιλέως Ἰούδα.	anno vicesimo septimo Hieroboam regis Israhel regnavit Azarias filius Amasiae regis Iudae	Anno vigesimo septimo Jeroboam regis Israël, regnavit Azarias filius Amasiæ regis Juda.		In the twenty and seventh year of Jeroboam king of Israel began Azariah son of Amaziah king of Judah to reign.
2Kgs	15	2	בֶּן־שֵׁשׁ עֶשְׂרֵה שָׁנָה הָיָה בְמָלְכוֹ וַחֲמִשִּׁים וּשְׁתַּיִם שָׁנָה מָלַךְ בִּירוּשָׁלָםִ וְשֵׁם אִמּוֹ יְכָלְיָהוּ מִירוּשָׁלִָם ׃	υἱὸς ἑκκαίδεκα ἐτῶν ἦν ἐν τῷ βασιλεύειν αὐτόν, καὶ πεντήκοντα κα δύο ἔτη ἐβασίδευσεν ἐν Ἰερουσαλήμ, καὶ ὄνομα τῇ μητρὶ αὐτοῦ Χαλειὰ ἐξ Ἰερουσαλήμ.	sedecim annorum erat cum regnare coepisset et quinquaginta duobus annis regnavit in Hierusalem nomen matris eius Iecelia de Hierusalem	Sedecim annorum erat cum regnare cœpisset, et quinquaginta duobus annis regnavit in Jerusalem: nomen matris ejus Jechelia de Jerusalem.		Sixteen years old was he when he began to reign, and he reigned two and fifty years in Jerusalem. And his mother's name was Jecholiah of Jerusalem.
2Kgs	15	3	וַיַּעַשׂ הַיָּשָׁר בְּעֵינֵי יְהוָה כְּכֹל אֲשֶׁר־עָשָׂה אֲמַצְיָהוּ אָבִיו ׃	καὶ ἐποίησεν τὸ εὐθὲς ἐν ὀφθαλμοῖς Κυρίου κατὰ πάντα ὅσα ἐποίησεν Ἀμεσσείας ὁ πατὴρ αὐτοῦ.	fecitque quod erat placitum coram Domino iuxta omnia quae fecit Amasias pater eius	Fecitque quod erat placitum coram Domino, juxta omnia quæ fecit Amasias pater ejus.		And he did that which was right in the sight of the Lord, according to all that his father Amaziah had done;
2Kgs	15	4	רַק הַבָּמוֹת לֹא־סָרוּ עוֹד הָעָם מְזַבְּחִים וּמְקַטְּרִים בַּבָּמוֹת ׃	πλὴν τῶν ὑψηλῶν οὐκ ἐξῆρεν· ἔτι ὁ λαὸς ἐθυσίαζεν καὶ ἐθυμίων ἐν τοῖς ὑψηλοῖς.	verumtamen excelsa non est demolitus adhuc populus sacrificabat et adolebat incensum in excelsis	Verumtamen excelsa non est demolitus: adhuc populus sacrificabat, et adolebat incensum in excelsis.		Save that the high places were not removed: the people sacrificed and burnt incense still on the high places.
2Kgs	15	5	וַיְנַגַּע יְהוָה אֶת־הַמֶּלֶךְ וַיְהִי מְצֹרָע עַד־יוֹם מֹתוֹ וַיֵּשֶׁב בְּבֵית הַחָפְשִׁית וְיוֹתָם בֶּן־הַמֶּלֶךְ עַל־הַבַּיִת שֹׁפֵט אֶת־עַם הָאָרֶץ ׃	καὶ Κύριος τὸν βασιλέα, καὶ ἦν λελεπρωμένος ἕως ἡμέρας θανάτου αὐτοῦ, καὶ ἐβασίλευσεν ἐν οἴκῳ ἁφφουσώθ. καὶ Ἰωναθὰν υἱὸς τοῦ βασιλέως ἐπὶ τῷ οἴκῳ, κρίνων τὸν λαὸν τῆς γῆς.	percussit autem Dominus regem et fuit leprosus usque in diem mortis suae et habitabat in domo libera seorsum Ioatham vero filius regis gubernabat palatium et iudicabat populum terrae	Percussit autem Dominus regem, et fuit leprosus usque in diem mortis suæ, et habitabat in domo libera seorsum: Joatham vero filius regis gubernabat palatium, et judicabit populum terræ.		And the Lord smote the king, so that he was a leper unto the day of his death, and dwelt in a several house. And Jotham the king's son was over the house, judging the people of the land.
2Kgs	15	6	וְיֶתֶר דִּבְרֵי עֲזַרְיָהוּ וְכָל־אֲשֶׁר עָשָׂה הֲלֹא־הֵם כְּתוּבִים עַל־סֵפֶר דִּבְרֵי הַיָּמִים לְמַלְכֵי יְהוּדָה ׃	καὶ τὰ λοιπὰ τῶν λόγων Ἀζαρίου καὶ πάντα ὅσα ἐποίησεν, οὐκ ἰδοὺ ταῦτα γεγραμμένα ἐπὶ βιβλίου λόγων τῶν ἡμερῶν τοῖς βασιλεῦσιν Ἰούδα ;	reliqua autem sermonum Azariae et universa quae fecit nonne haec scripta sunt in libro verborum dierum regum Iuda	Reliqua autem sermonum Azariæ, et universa quæ fecit, nonne hæc scripta sunt in libro verborum dierum regum Juda?		And the rest of the acts of Azariah, and all that he did, are they not written in the book of the chronicles of the kings of Judah?
2Kgs	15	7	וַיִּשְׁכַּב עֲזַרְיָה עִם־אֲבֹתָיו וַיִּקְבְּרוּ אֹתוֹ עִם־אֲבֹתָיו בְּעִיר דָּוִד וַיִּמְלֹךְ יוֹתָם בְּנוֹ תַּחְתָּיו ׃	καὶ ἐκοιμήθη Αζαρίας μετὰ τῶν πατέρων αὐτοῦ, καὶ ἔθαψαν αὐτὸν μετὰ τῶν πατέρων αὐτοῦ ἐν πόλει Δαυείδ· καὶ ἐβασίλευσεν Ἰωναθὰν υἱὸς αὐτοῦ αντ αυτου.	et dormivit Azarias cum patribus suis sepelieruntque eum cum maioribus suis in civitate David et regnavit Ioatham filius eius pro eo	Et dormivit Azarias cum patribus suis: sepelieruntque eum cum majoribus suis in civitate David, et regnavit Joatham filius ejus pro eo.		So Azariah slept with his fathers; and they buried him with his fathers in the city of David: and Jotham his son reigned in his stead.
2Kgs	15	8	פ בִּשְׁנַת שְׁלֹשִׁים וּשְׁמֹנֶה שָׁנָה לַעֲזַרְיָהוּ מֶלֶךְ יְהוּדָה מָלַךְ זְכַרְיָהוּ בֶן־יָרָבְעָם עַל־יִשְׂרָאֵל בְּשֹׁמְרוֹן שִׁשָּׁה חֳדָשִׁים ׃	Ἐν ἔτει τριακοστῷ καὶ ὀγδόῳ τῷ Ἄζαρίᾳ βασιλεῖ Ἰούδα ἐβασίλευσεν Ζαχαρίας υἱὸς Ἰεροβοὰμ ἐπὶ Ἰσραὴλ ἐν Σαμαρείᾳ ἑξάμηνον.	anno tricesimo octavo Azariae regis Iudae regnavit Zaccharias filius Hieroboam super Israhel in Samaria sex mensibus	Anno trigesimo octavo Azariæ regis Juda, regnavit Zacharias filius Jeroboam super Israël in Samaria sex mensibus.		In the thirty and eighth year of Azariah king of Judah did Zachariah the son of Jeroboam reign over Israel in Samaria six months.
2Kgs	15	9	וַיַּעַשׂ הָרַע בְּעֵינֵי יְהוָה כַּאֲשֶׁר עָשׂוּ אֲבֹתָיו לֹא סָר מֵחַטֹּאות יָרָבְעָם בֶּן־נְבָט אֲשֶׁר הֶחֱטִיא אֶת־יִשְׂרָאֵל ׃	καὶ ἐποίησεν τὸ πονηρὸν ἐν ὀφθαλμοῖς Κυρίου καθὰ ἐποίησαν οἱ πατέρες αὐτοῦ· οὐκ ἀπέστη ἀπὸ ἁμαρτιῶν Ἰεροβοὰμ υἱοῦ Ναβὰτ ὃς ἐξήμαρτεν τὸν Ἰσραήλ.	et fecit quod malum est coram Domino sicut fecerant patres eius non recessit a peccatis Hieroboam filii Nabath qui peccare fecit Israhel	Et fecit quod malum est coram Domino, sicut fecerant patres ejus: non recessit a peccatis Jeroboam filii Nabat, qui peccare fecit Israël.		And he did that which was evil in the sight of the Lord, as his fathers had done: he departed not from the sins of Jeroboam the son of Nebat, who made Israel to sin.
2Kgs	15	10	וַיִּקְשֹׁר עָלָיו שַׁלֻּם בֶּן־יָבֵשׁ וַיַּכֵּהוּ קָבָלְ־עָם וַיְמִיתֵהוּ וַיִּמְלֹךְ תַּחְתָּיו ׃	καὶ καὶ συνεστράφησαν ἐπ’ αὐτὸν υἱὸς Ἰαβείς, καὶ ἐπάταξαν αὐτὸν Κεβλαὰμ καὶ ἐθανάτωσαν αὐτόν. καὶ ἐβασίλευσεν ἀντ’ αὐτοῦ.	coniuravit autem contra eum Sellum filius Iabes percussitque eum palam et interfecit regnavitque pro eo	Conjuravit autem contra eum Sellum filius Jabes: percussitque eum palam, et interfecit, regnavitque pro eo.		And Shallum the son of Jabesh conspired against him, and smote him before the people, and slew him, and reigned in his stead.
2Kgs	15	11	וְיֶתֶר דִּבְרֵי זְכַרְיָה הִנָּם כְּתוּבִים עַל־סֵפֶר דִּבְרֵי הַיָּמִים לְמַלְכֵי יִשְׂרָאֵל ׃	καὶ τὰ λοιπὰ τῶν λόγων Ζαχαρίου ἰδού εἰσιν γεγραμμένα ἐπὶ βιβλίῳ λόγων τῶν ἡμερῶν τοῖς βασιλεῦσιν Ἰσραήλ.	reliqua autem verborum Zacchariae nonne haec scripta sunt in libro sermonum dierum regum Israhel	Reliqua autem verborum Zachariæ, nonne hæc scripta sunt in libro sermonum dierum regum Israël?		And the rest of the acts of Zachariah, behold, they are written in the book of the chronicles of the kings of Israel.
2Kgs	15	12	הוּא דְבַר־יְהוָה אֲשֶׁר דִּבֶּר אֶל־יֵהוּא לֵאמֹר בְּנֵי רְבִיעִים יֵשְׁבוּ לְךָ עַל־כִּסֵּא יִשְׂרָאֵל וַיְהִי־כֵן ׃ פ	ὁ λόγος Κυρίου ὃν ἐλάλησεν πρὸς Εἰοὺ λέγων Υἱοὶ τέταρτοι καθήσονταί σοι ἐπὶ θρόνου Ἰσραήλ· καὶ ἐγένετο οὕτως.	ipse est sermo Domini quem locutus est ad Hieu dicens filii usque ad quartam generationem sedebunt de te super thronum Israhel factumque est ita	Iste est sermo Domini quem locutus est ad Jehu, dicens: Filii tui usque ad quartam generationem sedebunt super thronum Israël. Factumque est ita.		This was the word of the Lord which he spake unto Jehu, saying, Thy sons shall sit on the throne of Israel unto the fourth generation. And so it came to pass.
2Kgs	15	13	שַׁלּוּם בֶּן־יָבֵישׁ מָלַךְ בִּשְׁנַת שְׁלֹשִׁים וָתֵשַׁע שָׁנָה לְעֻזִיָּה מֶלֶךְ יְהוּדָה וַיִּמְלֹךְ יֶרַח־יָמִים בְּשֹׁמְרוֹן ׃	Καὶ Σελλοὺμ υἱὸς Ἰαβεὶς ἐβασίλευσεν· καὶ ἐν ἔτει τριακοστῷ καὶ ἐνάτῳ Ἀζαρίᾳ βασιλεῖ Ἰούδα ἐβασίλευσεν Σελλοὺμ ἡμέρας ἐν Σαμαρείᾳ.	Sellum filius Iabes regnavit tricesimo nono anno Azariae regis Iudae regnavit autem uno mense in Samaria	Sellum filius Jabes regnavit trigesimo novo anno Azariæ regis Juda: regnavit autem uno mense in Samaria.		Shallum the son of Jabesh began to reign in the nine and thirtieth year of Uzziah king of Judah; and he reigned a full month in Samaria.
2Kgs	15	14	וַיַּעַל מְנַחֵם בֶּן־גָּדִי מִתִּרְצָה וַיָּבֹא שֹׁמְרוֹן וַיַּךְ אֶת־שַׁלּוּם בֶּן־יָבֵישׁ בְּשֹׁמְרוֹן וַיְמִיתֵהוּ וַיִּמְלֹךְ תַּחְתָּיו ׃	καὶ ἀνέβη Μαναὴμ υἱὸς Γαδδεὶ ἐκ Θαρσειλὰ καὶ ἦλθεν εἰς Σαμάρειαν, καὶ ἐπάταξεν τὸν Σελλοὺμ υἱὸν Ἰαβεὶς ἐν Σαμαρείᾳ καὶ ἐθανάτωσεν αὐτόν.	et ascendit Manahem filius Gaddi de Thersa venitque Samariam et percussit Sellum filium Iabes in Samaria et interfecit eum regnavitque pro eo	Et ascendit Manahem filius Gadi de Thersa, venitque in Samariam, et percussit Sellum filium Jabes in Samaria, et interfecit eum: regnavitque pro eo.		For Menahem the son of Gadi went up from Tirzah, and came to Samaria, and smote Shallum the son of Jabesh in Samaria, and slew him, and reigned in his stead.
2Kgs	15	15	וְיֶתֶר דִּבְרֵי שַׁלּוּם וְקִשְׁרוֹ אֲשֶׁר קָשָׁר הִנָּם כְּתֻבִים עַל־סֵפֶר דִּבְרֵי הַיָּמִים לְמַלְכֵי יִשְׂרָאֵל ׃ ס	καὶ τὰ λοιπὰ τῶν λόγων Σελλοὺμ καὶ ἡ συστροφὴ αὐτοῦ ᾗ συνεστράφη, ἰδού εἰσιν γεγραμμένα ἐπὶ βιβλίῳ λόγων τῶν ἡμερῶν τοῖς βασιλεῦσιν Ἰσραήλ.	reliqua autem verborum Sellum et coniuratio eius per quam tetendit insidias nonne haec scripta sunt in libro sermonum dierum regum Israhel	Reliqua autem verborum Sellum, et conjuratio ejus, per quam tetendit insidias, nonne hæc scripta sunt in libro sermonum dierum regum Israël?		And the rest of the acts of Shallum, and his conspiracy which he made, behold, they are written in the book of the chronicles of the kings of Israel.
2Kgs	15	16	אָז יַכֶּה־מְנַחֵם אֶת־תִּפְסַח וְאֶת־כָּל־אֲשֶׁר־בָּהּ וְאֶת־גְּבוּלֶיהָ מִתִּרְצָה כִּי לֹא פָתַח וַיַּךְ אֵת כָּל־הֶהָרוֹתֶיהָ בִּקֵּעַ ׃ פ	τότε ἐπάταξεν καὶ τὴν Θερσὰ καὶ πάντα τὰ ἐν αὐτῇ καὶ τὰ ὅρια αὐτῆς ἀπὸ Θερσά, ὅτι οὐκ ἤνοιξαν αὐτῷ· καὶ ἐπάταξεν αὐτήν, καὶ τὰς ἐν γαστρὶ ἐχούσας ἀνέρρηξεν.	tunc percussit Manahem Thapsam et omnes qui erant in ea et terminos eius de Thersa noluerant enim aperire ei et interfecit omnes praegnantes eius et scidit eas	Tunc percussit Manahem Thapsam, et omnes qui erant in ea, et terminos ejus de Thersa: noluerant enim aperire ei: et interfecit omnes prægnantes ejus, et scidit eas.		Then Menahem smote Tiphsah, and all that were therein, and the coasts thereof from Tirzah: because they opened not to him, therefore he smote it; and all the women therein that were with child he ripped up.
2Kgs	15	17	בִּשְׁנַת שְׁלֹשִׁים וָתֵשַׁע שָׁנָה לַעֲזַרְיָה מֶלֶךְ יְהוּדָה מָלַךְ מְנַחֵם בֶּן־גָּדִי עַל־יִשְׂרָאֵל עֶשֶׂר שָׁנִים בְּשֹׁמְרוֹן ׃	Ἐν ἔτει τριακοστῷ καὶ ἐνάτῳ Ἀζαρίᾳ βασιλεῖ Ἰούδα ἐβασίΜαναὴμ υἱὸς Γοδδεὶ ἐπὶ Ἰσραὴλ δέκα ἔτη ἐν Σαμαρείᾳ.	anno tricesimo nono Azariae regis Iuda regnavit Manahem filius Gaddi super Israhel decem annis in Samaria	Anno trigesimo nono Azariæ regis Juda, regnavit Manahem filius Gadi super Israël decem annis in Samaria.		In the nine and thirtieth year of Azariah king of Judah began Menahem the son of Gadi to reign over Israel, and reigned ten years in Samaria.
2Kgs	15	18	וַיַּעַשׂ הָרַע בְּעֵינֵי יְהוָה לֹא סָר מֵעַל חַטֹּאות יָרָבְעָם בֶּן־נְבָט אֲשֶׁר־הֶחֱטִיא אֶת־יִשְׂרָאֵל כָּל־יָמָיו ׃	κα τὸ πονηρὸν ἐν ὀφθαλμοῖς Κυρίου· οὐκ ἀπέστη ἀπὸ πασῶν Ἰεροβοὰμ υἱοῦ Ναβὰτ ὃς ἐξήμαρτεν τὸν Ἰσραήλ.	fecitque quod erat malum coram Domino non recessit a peccatis Hieroboam filii Nabath qui peccare fecit Israhel cunctis diebus eius	Fecitque quod erat malum coram Domino: non recessit a peccatis Jeroboam filii Nabat, qui peccare fecit Israël, cunctis diebus ejus.		And he did that which was evil in the sight of the Lord: he departed not all his days from the sins of Jeroboam the son of Nebat, who made Israel to sin.
2Kgs	15	19	בָּא פוּל מֶלֶךְ־אַשּׁוּר עַל־הָאָרֶץ וַיִּתֵּן מְנַחֵם לְפוּל אֶלֶף כִּכַּר־כָּסֶף לִהְיוֹת יָדָיו אִתּוֹ לְהַחֲזִיק הַמַּמְלָכָה בְּיָדוֹ ׃	ἐν ταῖς ἡμέραις αὐτοῦ ἀνέβη Φουὰ βασιλεὺς Ἀσσυρίων ἐπὶ τὴν γῆν, Μαναὴμ ἔδωκεν τῷ φουὰ χἱλια τάλαντα ἀργυρίου, εἶναι τὴν χεῖρα αὐτοῦ μετ’ αὐτοῦ.	veniebat Phul rex Assyriorum in terram et dabat Manahem Phul mille talenta argenti ut esset ei in auxilio et firmaret regnum eius	Veniebat Phul rex Assyriorum in terram, et dabat Manahem Phul mille talenta argenti, ut esset ei in auxilium, et firmaret regnum ejus.		And Pul the king of Assyria came against the land: and Menahem gave Pul a thousand talents of silver, that his hand might be with him to confirm the kingdom in his hand.
2Kgs	15	20	וַיֹּצֵא מְנַחֵם אֶת־הַכֶּסֶף עַל־יִשְׂרָאֵל עַל כָּל־גִּבּוֹרֵי הַחַיִל לָתֵת לְמֶלֶךְ אַשּׁוּר חֲמִשִּׁים שְׁקָלִים כֶּסֶף לְאִישׁ אֶחָד וַיָּשָׁב מֶלֶךְ אַשּׁוּר וְלֹא־עָמַד שָׁם בָּאָרֶץ ׃	καὶ ἐξήνεγκεν Μαναὴμ τὸ ἀργύριον ἐπὶ τὸν Ἰσραήλ, ἐπὶ πᾶν δυνατὸν ἰσχύι, δοῦναι τῷ βασιλεῖ τῶν Ἀσσυρίων, πεντήκοντα σίκλους τῷ ἀνδρὶ τῷ ἑνί· καὶ ἀπέστρεψεν βασιλεὺς Ἀσσυρίων, καὶ οὐκ ἔστη ἐκεῖ ἐν τῇ γῇ.	indixitque Manahem argentum super Israhel cunctis potentibus et divitibus ut daret regi Assyriorum quinquaginta siclos argenti per singulos reversusque est rex Assyriorum et non est moratus in terra	Indixitque Manahem argentum super Israël cunctis potentibus et divitibus, ut daret regi Assyriorum quinquaginta siclos argenti per singulos: reversusque est rex Assyriorum, et non est moratus in terra.		And Menahem exacted the money of Israel, even of all the mighty men of wealth, of each man fifty shekels of silver, to give to the king of Assyria. So the king of Assyria turned back, and stayed not there in the land.
2Kgs	15	21	וְיֶתֶר דִּבְרֵי מְנַחֵם וְכָל־אֲשֶׁר עָשָׂה הֲלוֹא־הֵם כְּתוּבִים עַל־סֵפֶר דִּבְרֵי הַיָּמִים לְמַלְכֵי יִשְׂרָאֵל ׃	καὶ τὰ λοιπὰ τῶν λόγων πάντα ὄσα ἐποίησεν, οὐκ ἰδοὺ ταῦτα γεγραμμένα ἐπὶ λόγων τῶν ἡμερῶν τοῖς βασιλεῦσιν Ἰσραήλ;	reliqua autem sermonum Manahem et universa quae fecit nonne haec scripta sunt in libro sermonum dierum regum Israhel	Reliqua autem sermonum Manahem, et universa quæ fecit, nonne hæc scripta sunt in libro sermonum dierum regum Israël?		And the rest of the acts of Menahem, and all that he did, are they not written in the book of the chronicles of the kings of Israel?
2Kgs	15	22	וַיִּשְׁכַּב מְנַחֵם עִם־אֲבֹתָיו וַיִּמְלֹךְ פְּקַחְיָה בְנוֹ תַּחְתָּיו ׃ פ	καὶ ἐκοιμήθη Μαναὴμ μετὰ τῶν πατέρων αὐτοῦ, καὶ ἐβασίλευσεν Φακεσίας υἱὸς αὐτοῦ ἀντ’ αὐτοῦ.	et dormivit Manahem cum patribus suis regnavitque Phaceia filius eius pro eo	Et dormivit Manahem cum patribus suis: regnavitque Phaceia filius ejus pro eo.		And Menahem slept with his fathers; and Pekahiah his son reigned in his stead.
2Kgs	15	23	בִּשְׁנַת חֲמִשִּׁים שָׁנָה לַעֲזַרְיָה מֶלֶךְ יְהוּדָה מָלַךְ פְּקַחְיָה בֶן־מְנַחֵם עַל־יִשְׂרָאֵל בְּשֹׁמְרוֹן שְׁנָתָיִם ׃	Ἐν ἔτει πεντηκοστῷ τοῦ Ἀζαρίου βασιλεῖ ’Iούδα ἐβασλευσεν Φακεσίας υἱὸς Μαναὴμ ἐπὶ ’Iσραὴλ ἐν Σαμαρείᾳ δύο ἔτη.	anno quinquagesimo Azariae regis Iudae regnavit Phaceia filius Manahem super Israhel in Samaria biennio	Anno quinquagesimo Azariæ regis Juda, regnavit Phaceia filius Manahem super Israël in Samaria biennio.		In the fiftieth year of Azariah king of Judah Pekahiah the son of Menahem began to reign over Israel in Samaria, and reigned two years.
2Kgs	15	24	וַיַּעַשׂ הָרַע בְּעֵינֵי יְהוָה לֹא סָר מֵחַטֹּאות יָרָבְעָם בֶּן־נְבָט אֲשֶׁר הֶחֱטִיא אֶת־יִשְׂרָאֵל ׃	καὶ ἐποίησεν τὸ πονηρὸν ἐν ὀφθαλμοῖς Κυρίου, οὐκ ἀπέστη ἀπὸ ἁμαρτιῶν Ἰεροβοὰμ υἱοῦ Ναβὰτ ὅς ἐξήμαρτεν τὸν Ἰσραήλ.	et fecit quod erat malum coram Domino non recessit a peccatis Hieroboam filii Nabath qui peccare fecit Israhel	Et fecit quod erat malum coram Domino: non recessit a peccatis Jeroboam filii Nabat, qui peccare fecit Israël.		And he did that which was evil in the sight of the Lord: he departed not from the sins of Jeroboam the son of Nebat, who made Israel to sin.
2Kgs	15	25	וַיִּקְשֹׁר עָלָיו פֶּקַח בֶּן־רְמַלְיָהוּ שָׁלִישׁוֹ וַיַּכֵּהוּ בְשֹׁמְרוֹן בְּאַרְמוֹן בֵּית־מֶלֶךְ אֶת־אַרְגֹּב וְאֶת־הָאַרְיֵה וְעִמּוֹ חֲמִשִּׁים אִישׁ מִבְּנֵי גִלְעָדִים וַיְמִיתֵהוּ וַיִּמְלֹךְ תַּחְתָּיו ׃	καὶ συνεστράφη ἐπ’ αὐτὸν Φάκεε υἱὸς Ῥομελίου ὁ τριστάτης αὐτοῦ, καὶ ἐπάταξεν αὐτὸν ἐν Σαμαρείᾳ ἐναντίον οἴκου τοῦ βασιλέως μετὰ τοῦ Ἀργβ κοὶ μετ’ αὐτοῦ Ἀρειά· καὶ μετ’ αὐτοῦ πεντήκοντα ἄνδρες ἀπὸ τῶν τετρακοσίων· καὶ ἐθανάτωσεν αὐτόν, καὶ ἐβασίλευσεν ἀντ’ αὐτοῦ.	coniuravit autem adversum eum Phacee filius Romeliae dux eius et percussit eum in Samaria in turre domus regiae iuxta Argob et iuxta Ari et cum eo quinquaginta viros de filiis Galaaditarum et interfecit eum regnavitque pro eo	Conjuravit autem adversus eum Phacee filius Romeliæ, dux ejus, et percussit eum in Samaria in turre domus regiæ, juxta Argob et juxta Arie, et cum eo quinquaginta viros de filiis Galaaditarum: et interfecit eum, regnavitque pro eo.		But Pekah the son of Remaliah, a captain of his, conspired against him, and smote him in Samaria, in the palace of the king's house, with Argob and Arieh, and with him fifty men of the Gileadites: and he killed him, and reigned in his room.
2Kgs	15	26	וְיֶתֶר דִּבְרֵי פְקַחְיָה וְכָל־אֲשֶׁר עָשָׂה הִנָּם כְּתוּבִים עַל־סֵפֶר דִּבְרֵי הַיָּמִים לְמַלְכֵי יִשְׂרָאֵל ׃ פ	καὶ τὰ λοιπὰ τῶν λόγων Φακεσίου καὶ πάντα ὅσα ἐποίησεν ἰδού εἰσιν γεγραμμένα ἐπὶ βιβλίῳ λόγων τῶν ἡμερῶν τοῖς βασιλεῦσιν Ἰσραήλ.	reliqua autem sermonum Phaceia et universa quae fecit nonne haec scripta sunt in libro sermonum dierum regum Israhel	Reliqua autem sermonum Phaceia, et universa quæ fecit, nonne hæc scripta sunt in libro sermonum dierum regum Israël?		And the rest of the acts of Pekahiah, and all that he did, behold, they are written in the book of the chronicles of the kings of Israel.
2Kgs	15	27	בִּשְׁנַת חֲמִשִּׁים וּשְׁתַּיִם שָׁנָה לַעֲזַרְיָה מֶלֶךְ יְהוּדָה מָלַךְ פֶּקַח בֶּן־רְמַלְיָהוּ עַל־יִשְׂרָאֵל בְּשֹׁמְרוֹן עֶשְׂרִים שָׁנָה ׃	Ἐν ἐτει πεντηκοστῷ πεντηκοστῷ καὶ δευτέρῳ τοῦ Ἀζαρίου βασιλεῖ Ἰούδα ἐβασίλευσεν Φάκεε υἱὸς Ῥομελίου ἐπὶ Ἰσραὴλ ἐν Σαμαρείᾳ εἴκοσι ἔτη.	anno quinquagesimo secundo Azariae regis Iudae regnavit Phacee filius Romeliae super Israhel in Samaria viginti annis	Anno quinquagesimo secundo Azariæ regis Juda, regnavit Phacee filius Romeliæ super Israël in Samaria viginti annis.		In the two and fiftieth year of Azariah king of Judah Pekah the son of Remaliah began to reign over Israel in Samaria, and reigned twenty years.
2Kgs	15	28	וַיַּעַשׂ הָרַע בְּעֵינֵי יְהוָה לֹא סָר מִן־חַטֹּאות יָרָבְעָם בֶּן־נְבָט אֲשֶׁר הֶחֱטִיא אֶת־יִשְׂרָאֵל ׃	καὶ ἐποίησεν τὸ πονηρὸν ἐν ἀφθαλμοῖς Κυρίου· οὐκ ἀπέστη ἀπὸ πασῶν ἁμαρτιῶν Ἰεροβοὰμ υἱοῦ Ναβὰτ ὅς ἐξήμαρτεν τὸν Ἰσραήλ.	et fecit quod malum erat coram Domino non recessit a peccatis Hieroboam filii Nabath qui peccare fecit Israhel	Et fecit quod erat malum coram Domino: non recessit a peccatis Jeroboam filii Nabat, qui peccare fecit Israël.		And he did that which was evil in the sight of the Lord: he departed not from the sins of Jeroboam the son of Nebat, who made Israel to sin.
2Kgs	15	29	בִּימֵי פֶּקַח מֶלֶךְ־יִשְׂרָאֵל בָּא תִּגְלַת פִּלְאֶסֶר מֶלֶךְ אַשּׁוּר וַיִּקַּח אֶת־עִיּוֹן וְאֶת־אָבֵל בֵּית־מַעֲכָה וְאֶת־יָנוֹחַ וְאֶת־קֶדֶשׁ וְאֶת־חָצוֹר וְאֶת־הַגִּלְעָד וְאֶת־הַגָּלִילָה כֹּל אֶרֶץ נַפְתָּלִי וַיַּגְלֵם אַשּׁוּרָה ׃	ἐν ταῖς ἡμέραις Φάκεε βασιλέως Ἰσραὴλ ἦλθεν Ἀλγαθφελλασὰρ Ἀσσυρίων καὶ ἔλαβεν τὴν Ἀὶν καὶ τὴν Ἀβὲλ καὶ τὴν Θαμααχὰ καὶ τὴν Ἀνίωχ καὶ τὴν Kένεζ καὶ τὴν Ἁσὼρ καὶ Γαλαὰδ καὶ τὴν Γαλειλαίαν, πᾶσαν γῆν Νεφθαλεί, καὶ ἀπῴκισεν αὐτοὺς εἰς Ἀσσυρίους.	in diebus Phacee regis Israhel venit Theglathfalassar rex Assur et cepit Aiom et Abel domum Maacha et Ianoe et Cedes et Asor et Galaad et Galileam universam terram Nepthalim et transtulit eos in Assyrios	In diebus Phacee regis Israël, venit Theglathphalasar rex Assur, et cepit Ajon, et Abel-Domum, Maacha et Janoë, et Cedes, et Asor, et Galaad, et Galilæam, et universam terram Nephthali: et transtulit eos in Assyrios.		In the days of Pekah king of Israel came Tiglathpileser king of Assyria, and took Ijon, and Abelbethmaachah, and Janoah, and Kedesh, and Hazor, and Gilead, and Galilee, all the land of Naphtali, and carried them captive to Assyria.
2Kgs	15	30	וַיִּקְשָׁר־קֶשֶׁר הוֹשֵׁעַ בֶּן־אֵלָה עַל־פֶּקַח בֶּן־רְמַלְיָהוּ וַיַּכֵּהוּ וַיְמִיתֵהוּ וַיִּמְלֹךְ תַּחְתָּיו בִּשְׁנַת עֶשְׂרִים לְיוֹתָם בֶּן־עֻזִיָּה ׃	καὶ συνέστρεψεν στρέμμα Ὡσῆε υἱὸς Ἠλὰ ἐπὶ Φάκεε υἱὸν Ῥομελίου, καὶ ἐπάταξεν αὐτὸν καὶ ἐθανάτωσεν, καὶ ἐβασἱλευσεν ἀντ’ αὐτοῦ ἐν ἔτει εἰκοστῷ Ἰωαθὰμ υἱῴ Ἀχάς.	coniuravit autem et tetendit insidias Osee filius Hela contra Phacee filium Romeliae et percussit eum et interfecit regnavitque pro eo vicesimo anno Ioatham filii Oziae	Conjuravit autem et tetendit insidias Osee filius Ela contra Phacee filium Romeliæ, et percussit eum, et interfecit: regnavitque pro eo vigesimo anno Joatham filii Oziæ.		And Hoshea the son of Elah made a conspiracy against Pekah the son of Remaliah, and smote him, and slew him, and reigned in his stead, in the twentieth year of Jotham the son of Uzziah.
2Kgs	15	31	וְיֶתֶר דִּבְרֵי־פֶקַח וְכָל־אֲשֶׁר עָשָׂה הִנָּם כְּתוּבִים עַל־סֵפֶר דִּבְרֵי הַיָּמִים לְמַלְכֵי יִשְׂרָאֵל ׃ פ	καὶ τὰ λοιπὰ τῶν λόγων Φάκεε καὶ πάντα ὅσα ἐποίησεν, γεγραμμένα ἐπὶ βιβλίῳ λόγων τῶν ἡμερῶν τοῖς βασιλεῦσιν Ἰσραήλ.	reliqua autem sermonum Phacee et universa quae fecit nonne haec scripta sunt in libro sermonum dierum regum Israhel	Reliqua autem sermonum Phacee, et universa quæ fecit, nonne hæc scripta sunt in libro sermonum dierum regum Israël?		And the rest of the acts of Pekah, and all that he did, behold, they are written in the book of the chronicles of the kings of Israel.
2Kgs	15	32	בִּשְׁנַת שְׁתַּיִם לְפֶקַח בֶּן־רְמַלְיָהוּ מֶלֶךְ יִשְׂרָאֵל מָלַךְ יוֹתָם בֶּן־עֻזִיָּהוּ מֶלֶךְ יְהוּדָה ׃	Ἐν ἔτει δευτέρῳ Φάκεε υἱοῦ Ῥομελίου βασιλεῖ Ἰσραὴλ ἐβασίλευσεν Ἰωναθὰν υἱὸς Ἀζαρίου βασιλέως Ἰούδα. Ἰούδα.	anno secundo Phacee filii Romeliae regis Israhel regnavit Ioatham filius Oziae regis Iuda	Anno secundo Phacee filii Romeliæ regis Israël, regnavit Joatham filius Oziæ regis Juda.		In the second year of Pekah the son of Remaliah king of Israel began Jotham the son of Uzziah king of Judah to reign.
2Kgs	15	33	בֶּן־עֶשְׂרִים וְחָמֵשׁ שָׁנָה הָיָה בְמָלְכוֹ וְשֵׁשׁ־עֶשְׂרֵה שָׁנָה מָלַךְ בִּירוּשָׁלָםִ וְשֵׁם אִמּוֹ יְרוּשָׁא בַּת־צָדוֹק ׃	υἱὸς εἴκοσι καὶ πέντε ἦν ἐτῶν ἐν τῷ βασιλεύειν αὐτόν, καὶ ἑκκαίδεκα ἔτη ἐν Ἰερουσαλήμ, καὶ ὄνομα τῆς μητρὸς αὐτοῦ Ἐροὺς θυγάτηρ	viginti quinque annorum erat cum regnare coepisset et sedecim annis regnavit in Hierusalem nomen matris eius Hierusa filia Sadoc	Viginti quinque annorum erat cum regnare cœpisset, et sedecim annis regnavit in Jerusalem: nomen matris ejus Jerusa filia Sadoc.		Five and twenty years old was he when he began to reign, and he reigned sixteen years in Jerusalem. And his mother's name was Jerusha, the daughter of Zadok.
2Kgs	15	34	וַיַּעַשׂ הַיָּשָׁר בְּעֵינֵי יְהוָה כְּכֹל אֲשֶׁר־עָשָׂה עֻזִיָּהוּ אָבִיו עָשָׂה ׃	καὶ ἐποίησεν τὸ εὐθὲς ἐν ὀφθαλμοῖς Κυρίου κατὰ πάντα ὅσα ἐπ σεν Ὀζείας ὁ ποτὴρ αὐτοῦ.	fecitque quod erat placitum coram Domino iuxta omnia quae fecerat Ozias pater suus operatus est	Fecitque quod erat placitum coram Domino: juxta omnia quæ fecerat Ozias pater suus, operatus est.		And he did that which was right in the sight of the Lord: he did according to all that his father Uzziah had done.
2Kgs	15	35	רַק הַבָּמוֹת לֹא סָרוּ עוֹד הָעָם מְזַבְּחִים וּמְקַטְּרִים בַּבָּמוֹת הוּא בָּנָה אֶת־שַׁעַר בֵּית־יְהוָה הָעֶלְיוֹן ׃	πλὴν τὰ ὑψηλὰ οὐκ ἐξῆρεν· ἔτι ὁ λαὸς ἐθυσίαζεν καὶ ἐθυμία ἐν τοῖς ὑψηλοῖς. αὐτὸς ᾠκοδόμησεν τὴν πύλην Κυρίου τὴν ἐπάνω. τὴν ἐπάνω.	verumtamen excelsa non abstulit adhuc populus immolabat et adolebat incensum in excelsis ipse aedificavit portam domus Domini sublimissimam	Verumtamen excelsa non abstulit: adhuc populus immolabat, et adolebat incensum in excelsis. Ipse ædificavit portam domus Domini sublimissimam.		Howbeit the high places were not removed: the people sacrificed and burned incense still in the high places. He built the higher gate of the house of the Lord.
2Kgs	15	36	וְיֶתֶר דִּבְרֵי יוֹתָם אֲשֶׁר עָשָׂה הֲלֹא־הֵם כְּתוּבִים עַל־סֵפֶר דִּבְרֵי הַיָּמִים לְמַלְכֵי יְהוּדָה ׃	καὶ τὰ λοιπὰ τῶν λόγων Ἰωαθὰμ καὶ πάντα ὅσα ἐποίησεν, οὐχὶ ταῦτα γεγραμμένα ἐπὶ βιβλίῳ λόγων τῶν ἡμερῶν βασιλεῦσιν βασιλεῦσιν Ἰούδα;	reliqua autem sermonum Ioatham et universa quae fecit nonne haec scripta sunt in libro verborum dierum regum Iuda	Reliqua autem sermonum Joatham, et universa quæ fecit, nonne hæc scripta sunt in libro verborum dierum regum Juda?		Now the rest of the acts of Jotham, and all that he did, are they not written in the book of the chronicles of the kings of Judah?
2Kgs	15	37	בַּיָּמִים הָהֵם הֵחֵל יְהוָה לְהַשְׁלִיחַ בִּיהוּדָה רְצִין מֶלֶךְ אֲרָם וְאֵת פֶּקַח בֶּן־רְמַלְיָהוּ ׃	ἐν ταῖς ἡμέραις ἐκείναις ἤρξατο Κύριος ἐξαποστέλλειν τὸν Ῥαασσὼν βασιλέα Συρίας καὶ τὸν Φάκεε υἱὸν Ῥομελίου.	in diebus illis coepit Dominus mittere in Iudam Rasin regem Syriae et Phacee filium Romeliae	In diebus illis cœpit Dominus mittere in Judam Rasin regem Syriæ, et Phacee filium Romeliæ.		In those days the Lord began to send against Judah Rezin the king of Syria, and Pekah the son of Remaliah.
2Kgs	15	38	וַיִּשְׁכַּב יוֹתָם עִם־אֲבֹתָיו וַיִּקָּבֵר עִם־אֲבֹתָיו בְּעִיר דָּוִד אָבִיו וַיִּמְלֹךְ אָחָז בְּנוֹ תַּחְתָּיו ׃ פ	καὶ ἐκοιμήθη Ἰωαθὰμ μετὰ τῶν πατέρων αὐτοῦ, καὶ ἐτάφη μετὰ τῶν πατέρων αὐτοῦ ἐν πόλει Δαυεὶδ τοῦ πατρὸς αὐτοῦ· καὶ ἐβασίλευσεν Ἀχὰζ υἱὸς αὐτοῦ ἀντ’ αὐτοῦ.	et dormivit Ioatham cum patribus suis sepultusque est cum eis in civitate David patris sui et regnavit Ahaz filius eius pro eo	Et dormivit Joatham cum patribus suis, sepultusque est cum eis in civitate David patris sui: et regnavit Achaz filius ejus pro eo.		And Jotham slept with his fathers, and was buried with his fathers in the city of David his father: and Ahaz his son reigned in his stead.
2Kgs	16	1	בִּשְׁנַת שְׁבַע־עֶשְׂרֵה שָׁנָה לְפֶקַח בֶּן־רְמַלְיָהוּ מָלַךְ אָחָז בֶּן־יוֹתָם מֶלֶךְ יְהוּדָה ׃	Ἐν ἔτει ἑπτακαιδεκάτῳ Φάκεε υἱοῦ Ῥομελίου ἐβασίλευσεν Ἀχὰζ υἱὸς Ἰωαθὰμ βασιλέως Ἰούδα.	anno septimodecimo Phacee filii Romeliae regnavit Ahaz filius Ioatham regis Iuda	Anno decimoseptimo Phacee filii Romeliæ, regnavit Achaz filius Joatham regis Juda.		In the seventeenth year of Pekah the son of Remaliah Ahaz the son of Jotham king of Judah began to reign.
2Kgs	16	2	בֶּן־עֶשְׂרִים שָׁנָה אָחָז בְּמָלְכוֹ וְשֵׁשׁ־עֶשְׂרֵה שָׁנָה מָלַךְ בִּירוּשָׁלָםִ וְלֹא־עָשָׂה הַיָּשָׁר בְּעֵינֵי יְהוָה אֱלֹהָיו כְּדָוִד אָבִיו ׃	υἱὸς εἴκοσι ἐτῶν ἦν Ἀχὰς ἐν τῷ βασιλεύειν αὐτόν, καὶ ἑκκαίδεκα ἔτη ἐβασίλευσεν ἐν Ἰερουσαλήμ· καὶ οὐκ ἐποίησεν τὸ εὐθὲς ἐν ὀφθαλμοῖς Κυρίου θεοῦ πιστῶς ὡς Δαυεὶδ ὁ πατὴρ αὐτοῦ.	viginti annorum erat Ahaz cum regnare coepisset et sedecim annis regnavit in Hierusalem non fecit quod erat placitum in conspectu Domini Dei sui sicut David pater eius	Viginti annorum erat Achaz cum regnare cœpisset, et sedecim annis regnavit in Jerusalem. Non fecit quod erat placitum in conspectu Domini Dei sui sicut David pater ejus,		Twenty years old was Ahaz when he began to reign, and reigned sixteen years in Jerusalem, and did not that which was right in the sight of the Lord his God, like David his father.
2Kgs	16	3	וַיֵּלֶךְ בְּדֶרֶךְ מַלְכֵי יִשְׂרָאֵל וְגַם אֶת־בְּנוֹ הֶעֱבִיר בָּאֵשׁ כְּתֹעֲבוֹת הַגּוֹיִם אֲשֶׁר הוֹרִישׁ יְהוָה אֹתָם מִפְּנֵי בְּנֵי יִשְׂרָאֵל ׃	καὶ ἐπορεύθη ἐν ὁδῷ βασιλέως Ἰσραήλ, καί γε τὸν υἱὸν αὐτοῦ διῆγεν πυρὶ καὶ τὰ βδελύγματα τῶν ἐθνῶν ὧν ἐξῆρεν Κύριος ἀπὸ προσώπου τῶν υἱῶν Ἰσραήλ.	sed ambulavit in via regum Israhel insuper et filium suum consecravit transferens per ignem secundum idola gentium quae dissipavit Dominus coram filiis Israhel	sed ambulavit in via regum Israël: insuper et filium suum consecravit, transferens per ignem secundum idola gentium, quæ dissipavit Dominus coram filiis Israël.		But he walked in the way of the kings of Israel, yea, and made his son to pass through the fire, according to the abominations of the heathen, whom the Lord cast out from before the children of Israel.
2Kgs	16	4	וַיְזַבֵּחַ וַיְקַטֵּר בַּבָּמוֹת וְעַל־הַגְּבָעוֹת וְתַחַת כָּל־עֵץ רַעֲנָן ׃	καὶ ἐθυσίαζεν καὶ εθυμία ἐν τοῖς ὑψηλοῖς καὶ ἐπὶ τῶν βουνῶν καὶ ὑποκάτω παντὸς ξύλου ἀλσώδους.	immolabat quoque victimas et adolebat incensum in excelsis et in collibus et sub omni ligno frondoso	Immolabat quoque victimas, et adolebat incensum in excelsis, et in collibus, et sub omni ligno frondoso.		And he sacrificed and burnt incense in the high places, and on the hills, and under every green tree.
2Kgs	16	5	אָז יַעֲלֶה רְצִין מֶלֶךְ־אֲרָם וּפֶקַח בֶּן־רְמַלְיָהוּ מֶלֶךְ־יִשְׂרָאֵל יְרוּשָׁלַםִ לַמִּלְחָמָה וַיָּצֻרוּ עַל־אָחָז וְלֹא יָכְלוּ לְהִלָּחֵם ׃	Τότε ἀνέβη Ῥαασσὼν βασιλεὺς Συρίας καὶ Φάκεε υἱὸς Ῥομελίου βασιλεὺς Ἰσραὴλ εἰς Ἰερουσαλὴμ εἰς πόλεμον καὶ έπολιόρκουν ἐπὶ Ἀχάζ, καὶ οὐκ ἐδύναντο πολεμεῖν.	tunc ascendit Rasin rex Syriae et Phacee filius Romeliae rex Israhel in Hierusalem ad proeliandum cumque obsiderent Ahaz non valuerunt superare eum	Tunc ascendit Rasin rex Syriæ, et Phacee filius Romeliæ rex Israël, in Jerusalem ad præliandum: cumque obsiderent Achaz, non valuerunt superare eum.		Then Rezin king of Syria and Pekah son of Remaliah king of Israel came up to Jerusalem to war: and they besieged Ahaz, but could not overcome him.
2Kgs	16	6	בָּעֵת הַהִיא הֵשִׁיב רְצִין מֶלֶךְ־אֲרָם אֶת־אֵילַת לַאֲרָם וַיְנַשֵּׁל אֶת־הַיְהוּדִים מֵאֵילוֹת וַאֲרַמִּים בָּאוּ אֵילַת וַיֵּשְׁבוּ שָׁם עַד הַיּוֹם הַזֶּה ׃ פ	ἐν τῷ καιρῷ ἐκείνῳ 'Ραασσὼν βασιλεὺς Συρίας τὴν Αἰλὰθ τῇ Συρίᾳ, καὶ Ἰουδαίους ἐξ Αἰλάθ, καὶ Ἰδουμαῖοι ἦλθον καὶ ἐκεῖ ἕως τῆς ἡμέρας ταύτης.	in tempore illo restituit Rasin rex Syriae Ahilam Syriae et eiecit Iudaeos de Ahilam et Idumei venerunt in Ahilam et habitaverunt ibi usque in diem hanc	In tempore illo restituit Rasin rex Syriæ, Ailam Syriæ, et ejecit Judæos de Aila: et Idumæi venerunt in Ailam, et habitaverunt ibi usque in diem hanc.		At that time Rezin king of Syria recovered Elath to Syria, and drave the Jews from Elath: and the Syrians came to Elath, and dwelt there unto this day.
2Kgs	16	7	וַיִּשְׁלַח אָחָז מַלְאָכִים אֶל־תִּגְלַת פְּלֶסֶר מֶלֶךְ־אַשּׁוּר לֵאמֹר עַבְדְּךָ וּבִנְךָ אָנִי עֲלֵה וְהוֹשִׁעֵנִי מִכַּף מֶלֶךְ־אֲרָם וּמִכַּף מֶלֶךְ יִשְׂרָאֵל הַקּוֹמִים עָלָי ׃	καὶ ἀπέστειλεν ἀχὰζ πρὸς Θαλγαθφελλασὰρ βασιλέα Ἀσσυρίων λέγων Δοῦλός σου καὶ υἱός σου ἐγώ· ἀνάβηθι, σῶσόν με ἐκ χειρὸς βασιλέως Συρίας καὶ ἐκ χειρὸς βασιλέως Ἰσραὴλ τῶν ἐπανισταμένων ἐπ’ ἐμέ.	misit autem Ahaz nuntios ad Theglathfalassar regem Assyriorum dicens servus tuus et filius tuus ego sum ascende et salvum me fac de manu regis Syriae et de manu regis Israhel qui consurrexerunt adversum me	Misit autem Achaz nuntios ad Theglathphalasar regem Assyriorum, dicens: Servus tuus, et filius tuus ego sum: ascende, et salvum me fac de manu regis Syriæ, et de manu regis Israël, qui consurrexerunt adversum me.		So Ahaz sent messengers to Tiglathpileser king of Assyria, saying, I am thy servant and thy son: come up, and save me out of the hand of the king of Syria, and out of the hand of the king of Israel, which rise up against me.
2Kgs	16	8	וַיִּקַּח אָחָז אֶת־הַכֶּסֶף וְאֶת־הַזָּהָב הַנִּמְצָא בֵּית יְהוָה וּבְאֹצְרוֹת בֵּית הַמֶּלֶךְ וַיִּשְׁלַח לְמֶלֶךְ־אַשּׁוּר שֹׁחַד ׃	καὶ ἔλαβεν Ἀχὰζ ἀργύριον καὶ χρυσίον τὸ εὑρεθὲν ἐν θησαυροῖς οἴκου Κυρίου καὶ οἴκου τοῦ βασιλέως καὶ ἀπέστειλεν τῷ βασιλεῖ δῶρα·	et cum collegisset argentum et aurum quod invenire potuit in domo Domini et in thesauris regis misit regi Assyriorum munera	Et cum collegisset argentum et aurum quod inveniri potuit in domo Domini et in thesauris regis, misit regi Assyriorum munera.		And Ahaz took the silver and gold that was found in the house of the Lord, and in the treasures of the king's house, and sent it for a present to the king of Assyria.
2Kgs	16	9	וַיִּשְׁמַע אֵלָיו מֶלֶךְ אַשּׁוּר וַיַּעַל מֶלֶךְ אַשּׁוּר אֶל־דַּמֶּשֶׂק וַיִּתְפְּשֶׂהָ וַיַּגְלֶהָ קִירָה וְאֶת־רְצִין הֵמִית ׃	καὶ ἤκουσεν αὐτοῦ βασιλεὺς Ἀσσυρίων· καὶ ἀνέβη βασιλεὺς Ασσυρίων εἰς Δαμασκόν, καὶ συνέλαβεν αὐτὴν καὶ α καὶ τὸν Ῥαασσὼν ἐθανάτωσεν.	qui et adquievit voluntati eius ascendit enim rex Assyriorum in Damascum et vastavit eam et transtulit habitatores eius Cyrenen Rasin autem interfecit	Qui et acquievit voluntati ejus: ascendit enim rex Assyriorum in Damascum, et vastavit eam, et transtulit habitatores ejus Cyrenen: Rasin autem interfecit.		And the king of Assyria hearkened unto him: for the king of Assyria went up against Damascus, and took it, and carried the people of it captive to Kir, and slew Rezin.
2Kgs	16	10	וַיֵּלֶךְ הַמֶּלֶךְ אָחָז לִקְרַאת תִּגְלַת פִּלְאֶסֶר מֶלֶךְ־אַשּׁוּר דּוּמֶּשֶׂק וַיַּרְא אֶת־הַמִּזְבֵּחַ אֲשֶׁר בְּדַמָּשֶׂק וַיִּשְׁלַח הַמֶּלֶךְ אָחָז אֶל־אוּרִיָּה הַכֹּהֵן אֶת־דְּמוּת הַמִּזְבֵּחַ וְאֶת־תַּבְנִיתוֹ לְכָל־מַעֲשֵׂהוּ ׃	Καὶ ἐπορεύθη εἰς ἀπαντὴν αὐτοῦ τῷ Θαλγαλφελλασὰρ βασιλεῖ Ἀσσυρίων εἰς Δαμασκόν· καὶ εἶδεν τὸ θυσιαστήριον ἐν Δαμασκῷ· κα ἀπέστειλεν ὁ βασιλεὺς Ἀχὰζ πρὸς Οὐρείαν τὸν ἱερέα τὸ ὁμοίωμα τοῦ θυσιαστηρίου καὶ τὸν ῥυθμὸν αὐτοῦ εἰς πᾶσαν ποίησιν αὐτοῦ.	perrexitque rex Ahaz in occursum Theglathfalassar regis Assyriorum in Damascum cumque vidisset altare Damasci misit rex Ahaz ad Uriam sacerdotem exemplar eius et similitudinem iuxta omne opus eius	Perrexitque rex Achaz in occursum Theglathphalasar regis Assyriorum in Damascum: cumque vidisset altare Damasci, misit rex Achaz ad Uriam sacerdotem exemplar ejus, et similitudinem juxta omne opus ejus.		And king Ahaz went to Damascus to meet Tiglathpileser king of Assyria, and saw an altar that was at Damascus: and king Ahaz sent to Urijah the priest the fashion of the altar, and the pattern of it, according to all the workmanship thereof.
2Kgs	16	11	וַיִּבֶן אוּרִיָּה הַכֹּהֵן אֶת־הַמִּזְבֵּחַ כְּכֹל אֲשֶׁר־שָׁלַח הַמֶּלֶךְ אָחָז מִדַּמֶּשֶׂק כֵּן עָשָׂה אוּרִיָּה הַכֹּהֵן עַד־בּוֹא הַמֶּלֶךְ־אָחָז מִדַּמָּשֶׂק ׃	καὶ ᾠκοδόμησεν Οὐρείας ὁ ἱερεὺς τὸ θυσιαστήριον κατὰ πάντα ὅσα ἀπέστειλεν ὁ Ἀχὰζ ἐκ Δαμασκοῦ.	extruxitque Urias sacerdos altare iuxta omnia quae praeceperat rex Ahaz de Damasco ita fecit Urias sacerdos donec veniret rex Ahaz de Damasco	Exstruxitque Urias sacerdos altare: juxta omnia quæ præceperat rex Achaz de Damasco, ita fecit sacerdos Urias donec veniret rex Achaz de Damasco.		And Urijah the priest built an altar according to all that king Ahaz had sent from Damascus: so Urijah the priest made it against king Ahaz came from Damascus.
2Kgs	16	12	וַיָּבֹא הַמֶּלֶךְ מִדַּמֶּשֶׂק וַיַּרְא הַמֶּלֶךְ אֶת־הַמִּזְבֵּחַ וַיִּקְרַב הַמֶּלֶךְ עַל־הַמִּזְבֵּחַ וַיַּעַל עָלָיו ׃	καὶ εἶδεν ὁ βασιλεὺς τὸ θυσιακαὶ ἀνέβη ἐπ’ αὐτό,	cumque venisset rex de Damasco vidit altare et veneratus est illud ascenditque et immolavit holocausta et sacrificium suum	Cumque venisset rex de Damasco, vidit altare, et veneratus est illud: ascenditque et immolavit holocausta et sacrificium suum,		And when the king was come from Damascus, the king saw the altar: and the king approached to the altar, and offered thereon.
2Kgs	16	13	וַיַּקְטֵר אֶת־עֹלָתוֹ וְאֶת־מִנְחָתוֹ וַיַּסֵּךְ אֶת־נִסְכּוֹ וַיִּזְרֹק אֶת־דַּם־הַשְּׁלָמִים אֲשֶׁר־לוֹ עַל־הַמִּזְבֵּחַ ׃	καὶ ἐθυμίασεν τὴν ὁλοκαύτωσιν αὐτοῦ ὶ τὴν θυσίαν αὐτοῦ καὶ τὴν σπονδὴν αὐτοῦ, κα προσέχεεν τὸ αἱμα εἰρηνικῶν τῶν αὐτοῦ ἐπὶ τὸ θυσιαστήριον	et libavit libamina et fudit sanguinem pacificorum quae obtulerat super altare	et libavit libamina, et fudit sanguinem pacificorum quæ obtulerat super altare.		And he burnt his burnt offering and his meat offering, and poured his drink offering, and sprinkled the blood of his peace offerings, upon the altar.
2Kgs	16	14	וְאֵת הַמִּזְבַּח הַנְּחֹשֶׁת אֲשֶׁר לִפְנֵי יְהוָה וַיַּקְרֵב מֵאֵת פְּנֵי הַבַּיִת מִבֵּין הַמִּזְבֵּחַ וּמִבֵּין בֵּית יְהוָה וַיִּתֵּן אֹתוֹ עַל־יֶרֶךְ הַמִּזְבֵּחַ צָפוֹנָה ׃	τὸ χαλκοῦν τὸ Κυρίου καὶ προσήγαγεν τὸ πρόσωπον τοῦ οἴκου Κυρίου, ἀπὸ τοῦ ἀνὰ μέσον τοῦ θυσιαστηρίου καὶ ἀπὸ τοῦ ἀνὰ μέσον τοῦ οἴκου Κυρίου, καὶ ἔδειξεν αὐτὸ ἐπὶ μηρὸν τοῦ θυσιαστηρίου κατὰ βορρᾶν.	porro altare aeneum quod erat coram Domino transtulit de facie templi et de loco altaris et de loco templi Domini posuitque illud ex latere altaris ad aquilonem	Porro altare æreum quod erat coram Domino, transtulit de facie templi, et de loco altaris, et de loco templi Domini: posuitque illud ex latere altaris ad aquilonem.		And he brought also the brasen altar, which was before the Lord, from the forefront of the house, from between the altar and the house of the Lord, and put it on the north side of the altar.
2Kgs	16	15	וַיְצַוֵּהוּ הַמֶּלֶךְ־אָחָז אֶת־אוּרִיָּה הַכֹּהֵן לֵאמֹר עַל הַמִּזְבֵּחַ הַגָּדוֹל הַקְטֵר אֶת־עֹלַת־הַבֹּקֶר וְאֶת־מִנְחַת הָעֶרֶב וְאֶת־עֹלַת הַמֶּלֶךְ וְאֶת־מִנְחָתוֹ וְאֵת עֹלַת כָּל־עַם הָאָרֶץ וּמִנְחָתָם וְנִסְכֵּיהֶם וְכָל־דַּם עֹלָה וְכָל־דַּם־זֶבַח עָלָיו תִּזְרֹק וּמִזְבַּח הַנְּחֹשֶׁת יִהְיֶה־לִּי לְבַקֵּר ׃	καὶ ἐνετείλατο ὁ βασιλεὺς Ἀχὰζ τῷ Οὐρείᾳ τῷ ἱερεῖ λέγων Ἐπὶ τὸ θυσιαστήριον τὸ μέγα πρόσφερε τὴν ὁλοκαύτωσιν τὴν πρωινὴν καὶ τὴν θυσίαν τὴν ἑσπερινήν, κα τὴν ὁλοκαύτωσιν τοῦ βασιλέως καὶ τὴν θυσίαν αὐτοῦ, καὶ τὴν ὁλοκαύτωσιν παντὸς τοῦ λαοῦ καὶ τὴν θυσίαν αὐτῶν καὶ τὴν σπονδὴν αὐτῶν, καὶ πᾶν αἷμα ὁλοκαυτώσεως καὶ πᾶν αἷμα θυσίας ἐπ’ αὐτὸ προσχεεῖς· ἐπὶ τὸ θυσιαστήριον τὸ χαλκοῦν ἔσται μοι εἰς τὸ πρωί.	praecepit quoque rex Ahaz Uriae sacerdoti dicens super altare maius offer holocaustum matutinum et sacrificium vespertinum et holocaustum regis et sacrificium eius et holocaustum universi populi terrae et sacrificia eorum et libamina eorum et omnem sanguinem holocausti et universum sanguinem victimae super illud effundes altare vero aeneum erit paratum ad voluntatem meam	Præcepit quoque rex Achaz Uriæ sacerdoti, dicens: Super altare majus offer holocaustum matutinum, et sacrificium vespertinum, et holocaustum regis, et sacrificium ejus, et holocaustum universi populi terræ, et sacrificia eorum, et libamina eorum: et omnem sanguinem holocausti, et universum sanguinem victimæ super illud effundes: altare vero æreum erit paratum ad voluntatem meam.		And king Ahaz commanded Urijah the priest, saying, Upon the great altar burn the morning burnt offering, and the evening meat offering, and the king's burnt sacrifice, and his meat offering, with the burnt offering of all the people of the land, and their meat offering, and their drink offerings; and sprinkle upon it all the blood of the burnt offering, and all the blood of the sacrifice: and the brasen altar shall be for me to enquire by.
2Kgs	16	16	וַיַּעַשׂ אוּרִיָּה הַכֹּהֵן כְּכֹל אֲשֶׁר־צִוָּה הַמֶּלֶךְ אָחָז ׃	κ Οὐρείας ὁ ἱερεὺς κατὰ πάντα ὄσα ἐνετείλατο αὐτῷ ὁ βασιλεὺς ’	fecit igitur Urias sacerdos iuxta omnia quae praeceperat rex Ahaz	Fecit igitur Urias sacerdos juxta omnia quæ præceperat rex Achaz.		Thus did Urijah the priest, according to all that king Ahaz commanded.
2Kgs	16	17	וַיְקַצֵּץ הַמֶּלֶךְ אָחָז אֶת־הַמִּסְגְּרוֹת הַמְּכֹנוֹת וַיָּסַר מֵעֲלֵיהֶם וְאֶת־הַכִּיֹּר וְאֶת־הַיָּם הוֹרִד מֵעַל הַבָּקָר הַנְּחֹשֶׁת אֲשֶׁר תַּחְתֶּיהָ וַיִּתֵּן אֹתוֹ עַל מַרְצֶפֶת אֲבָנִים ׃	καὶ συνέκοψεν ὁ βασιλεὺς τὰ συνκλείσματα τῶν μεχωνὼθ καὶ μετῆρεν ἀπ’ αὐτῶν τὸν λουτῆρα, καὶ τὴν θάλασσαν καθεῖλεν ἀπὸ τῶν βοῶν τῶν χαλκῶν τῶν ὑποκάτω αὐτῆς καὶ ἔδωκεν αὐτὴν ἐπὶ βάσιν λιθίνην.	tulit autem rex Ahaz celatas bases et luterem qui erat desuper et mare deposuit de bubus aeneis qui sustentabant illud et posuit super pavimentum stratum lapide	Tulit autem rex Achaz cælatas bases, et luterem qui erat desuper: et mare deposuit de bobus æreis qui sustentabant illud, et posuit super pavimentum stratum lapide.		And king Ahaz cut off the borders of the bases, and removed the laver from off them; and took down the sea from off the brasen oxen that were under it, and put it upon the pavement of stones.
2Kgs	16	18	וְאֶת־מִיסַךְ הַשַּׁבָּת אֲשֶׁר־בָּנוּ בַבַּיִת וְאֶת־מְבוֹא הַמֶּלֶךְ הַחִיצוֹנָה הֵסֵב בֵּית יְהוָה מִפְּנֵי מֶלֶךְ אַשּׁוּר ׃	καὶ τὸν θεμέλιον τῆς καθέδρας ᾠκοδόμησεν ἐν οἴκῳ Κυρίου, καὶ τὴν εἴσοδον τοῦ βασιλέως τὴν ἔξω ἐπέστρεψεν οἴκῳ Κυρίου προσώτου προσώπου βασιλέως Ἀσσυρίων.	Musach quoque sabbati quod aedificaverat in templo et ingressum regis exterius convertit in templo Domini propter regem Assyriorum	Musach quoque sabbati quod ædificaverat in templo: et ingressum regis exterius convertit in templum Domini propter regem Assyriorum.		And the covert for the sabbath that they had built in the house, and the king's entry without, turned he from the house of the Lord for the king of Assyria.
2Kgs	16	19	וְיֶתֶר דִּבְרֵי אָחָז אֲשֶׁר עָשָׂה הֲלֹא־הֵם כְּתוּבִים עַל־סֵפֶר דִּבְרֵי הַיָּמִים לְמַלְכֵי יְהוּדָה ׃	Καὶ τὰ λοιπὰ τῶν λόγων Ἀχὰζ ὅσα ἐποίησεν, οὐχὶ ταῦτα γεγραμμένα ἐπὶ βιβλίῳ ν ἡμερῶν τοῖς βασιλεῦσιν Ἰούδα;	reliqua autem verborum Ahaz quae fecit nonne haec scripta sunt in libro sermonum dierum regum Iuda	Reliqua autem verborum Achaz quæ fecit, nonne hæc scripta sunt in libro sermonum dierum regum Juda?		Now the rest of the acts of Ahaz which he did, are they not written in the book of the chronicles of the kings of Judah?
2Kgs	16	20	וַיִּשְׁכַּב אָחָז עִם־אֲבֹתָיו וַיִּקָּבֵר עִם־אֲבֹתָיו בְּעִיר דָּוִד וַיִּמְלֹךְ חִזְקִיָּהוּ בְנוֹ תַּחְתָּיו ׃ פ	καὶ ἐκοιμήθη Ἀχὰζ τῶν πατέρων αὐτοῦ, καὶ ἐτάφη ἐν πόλει Δαυείδ· καὶ ἐβασίλευσεν υἱὸς αὐτοῦ ἀντ’ αὐτοῦ.	dormivitque Ahaz cum patribus suis et sepultus est cum eis in civitate David et regnavit Ezechias filius eius pro eo	Dormivitque Achaz cum patribus suis, et sepultus est cum eis in civitate David: et regnavit Ezechias filius ejus pro eo.		And Ahaz slept with his fathers, and was buried with his fathers in the city of David: and Hezekiah his son reigned in his stead.
2Kgs	17	1	בִּשְׁנַת שְׁתֵּים עֶשְׂרֵה לְאָחָז מֶלֶךְ יְהוּדָה מָלַךְ הוֹשֵׁעַ בֶּן־אֵלָה בְשֹׁמְרוֹן עַל־יִשְׂרָאֵל תֵּשַׁע שָׁנִים ׃	Ἐν ἔτει δωδεκάτῳ τῷ Ἀχὰζ βασιλέως Ἰούδα Ἰούδα ἐβασίλευσεν Ὡσῆε υἱὸς Ἡλὰ ἐν Σαμαρείᾳ ἐπὶ Ἰσραὴλ ἐννέα ἔτη.	anno duodecimo Ahaz regis Iuda regnavit Osee filius Hela in Samaria super Israhel novem annis	Anno duodecimo Achaz regis Juda, regnavit Osee filius Ela in Samaria super Israël novem annis.		In the twelfth year of Ahaz king of Judah began Hoshea the son of Elah to reign in Samaria over Israel nine years.
2Kgs	17	2	וַיַּעַשׂ הָרַע בְּעֵינֵי יְהוָה רַק לֹא כְּמַלְכֵי יִשְׂרָאֵל אֲשֶׁר הָיוּ לְפָנָיו ׃	καὶ ἐποίησεν τὸ πονηρὸν ἐν ὀφθαλμοῖς Κυρίου, πλὴν οὐχ ὡς οἱ βασιλεῖς Ἰσραὴλ οἳ ἦσαν ἔμπροσθεν αὐτοῦ.	fecitque malum coram Domino sed non sicut reges Israhel qui ante eum fuerant	Fecitque malum coram Domino, sed non sicut reges Israël qui ante eum fuerant.		And he did that which was evil in the sight of the Lord, but not as the kings of Israel that were before him.
2Kgs	17	3	עָלָיו עָלָה שַׁלְמַנְאֶסֶר מֶלֶךְ אַשּׁוּר וַיְהִי־לוֹ הוֹשֵׁעַ עֶבֶד וַיָּשֶׁב לוֹ מִנְחָה ׃	ἐπ’ αὐτὸν ἀνέβη Σαμεννάσαρ βασιλεὺς Ἀσσυρίων· καὶ ἐγενήθη αὐτῷ Ὡσῆε δοῦλος καὶ ἐπέστρεψεν αὐτῷ μανάχ.	contra hunc ascendit Salmanassar rex Assyriorum et factus est ei Osee servus reddebatque illi tributa	Contra hunc ascendit Salmanasar rex Assyriorum, et factus est ei Osee servus, reddebatque illi tributa.		Against him came up Shalmaneser king of Assyria; and Hoshea became his servant, and gave him presents.
2Kgs	17	4	וַיִּמְצָא מֶלֶךְ־אַשּׁוּר בְּהוֹשֵׁעַ קֶשֶׁר אֲשֶׁר שָׁלַח מַלְאָכִים אֶל־סוֹא מֶלֶךְ־מִצְרַיִם וְלֹא־הֶעֱלָה מִנְחָה לְמֶלֶךְ אַשּׁוּר כְּשָׁנָה בְשָׁנָה וַיַּעַצְרֵהוּ מֶלֶךְ אַשּׁוּר וַיַּאַסְרֵהוּ בֵּית כֶּלֶא ׃	καὶ εὗρεν βασιλεὺς Ἀσσυρίων ἐν τῷ τῷ Ὡσῆε ἀδικίαν, ὅτι ἀπέστειλεν ἀγγέλους πρὸς Σηγὼρ βασιλέα Αἰγύπτου, καὶ οὐκ ἤνεγκεν μαναὰ τῷ βασιλεῖ Ἀσσυρίων ἐν τῷ ἐνιαυτῷ ἐκείνῳ· καὶ ἐπολιόρκησεν αὐτὸν ὁ βασιλεὺς Ἀσσυρίων, καὶ ἔδησεν αὐτὸν οἰκῳ οἴκῳ φυλακῆς.	cumque deprehendisset rex Assyriorum Osee quod rebellare nitens misisset nuntios ad Sua regem Aegypti ne praestaret tributa regi Assyriorum sicut singulis annis solitus erat obsedit eum et vinctum misit in carcerem	Cumque deprehendisset rex Assyriorum Osee, quod rebellare nitens misisset nuntios ad Sua regem Ægypti ne præstaret tributa regi Assyriorum sicut singulis annis solitus erat, obsedit eum, et vinctum misit in carcerem.		And the king of Assyria found conspiracy in Hoshea: for he had sent messengers to So king of Egypt, and brought no present to the king of Assyria, as he had done year by year: therefore the king of Assyria shut him up, and bound him in prison.
2Kgs	17	5	וַיַּעַל מֶלֶךְ־אַשּׁוּר בְּכָל־הָאָרֶץ וַיַּעַל שֹׁמְרוֹן וַיָּצַר עָלֶיהָ שָׁלֹשׁ שָׁנִים ׃	καὶ ἀνέβη ὁ βασιλεὺς Ἀσσυρίων ἐν πάσῃ τῇ γῇ, καὶ ἀνέβη εἰς Σαμάρειαν καὶ ἐπολιόρκησεν ἐπ’ αὐτὴν τρία ἔτη.	pervagatusque est omnem terram et ascendens Samariam obsedit eam tribus annis	Pervagatusque est omnem terram: et ascendens Samariam, obsedit eam tribus annis.		Then the king of Assyria came up throughout all the land, and went up to Samaria, and besieged it three years.
2Kgs	17	6	בִּשְׁנַת הַתְּשִׁיעִית לְהוֹשֵׁעַ לָכַד מֶלֶךְ־אַשּׁוּר אֶת־שֹׁמְרוֹן וַיֶּגֶל אֶת־יִשְׂרָאֵל אַשּׁוּרָה וַיֹּשֶׁב אֹתָם בַּחְלַח וּבְחָבוֹר נְהַר גּוֹזָן וְעָרֵי מָדָי ׃ פ	ἐν ἔτει ἐνάτῳ Ὡσῆε συνέλαβεν βασιλεὺς Ἀσσυρίων τὴν Σαμάρειαν, κα ἀπῴκισεν τὸν Ἰσραὴλ εἰς Ἀσσυρίους, καὶ κατῴκισεν αὐτοὺς ἐν Ἁλάε καὶ ἐν Ἁβώρ, ποταμοῖς Γωζάρ, καὶ Ὁρὴ Μήδων.	anno autem nono Osee cepit rex Assyriorum Samariam et transtulit Israhel in Assyrios posuitque eos in Ala et in Habor iuxta fluvium Gozan in civitatibus Medorum	Anno autem nono Osee, cepit rex Assyriorum Samariam, et transtulit Israël in Assyrios: posuitque eos in Hala et in Habor juxta fluvium Gozan, in civitatibus Medorum.		In the ninth year of Hoshea the king of Assyria took Samaria, and carried Israel away into Assyria, and placed them in Halah and in Habor by the river of Gozan, and in the cities of the Medes.
2Kgs	17	7	וַיְהִי כִּי־חָטְאוּ בְנֵי־יִשְׂרָאֵל לַיהוָה אֱלֹהֵיהֶם הַמַּעֲלֶה אֹתָם מֵאֶרֶץ מִצְרַיִם מִתַּחַת יַד פַּרְעֹה מֶלֶךְ־מִצְרָיִם וַיִּירְאוּ אֱלֹהִים אֲחֵרִים ׃	Καὶ ἐγένετο ὅτι οἱ υἱοὶ Ἰσραὴλ τῷ κυρίῳ θεῷ αὐτῶν τῷ ἀναγαγόντι αὐτοὺς Αἰγύπτου ὑποκάτωθεν χειρὸς Φαραὼ βασιλέως Αἰγύπτου, κα ἐφοβήθησαν θεοὺς ἑτέρους,	factum est enim cum peccassent filii Israhel Domino Deo suo qui eduxerat eos de terra Aegypti de manu Pharaonis regis Aegypti coluerunt deos alienos	Factum est enim, cum peccassent filii Israël Domino Deo suo, qui eduxerat eos de terra Ægypti, de manu Pharaonis regis Ægypti, coluerunt deos alienos.		For so it was, that the children of Israel had sinned against the Lord their God, which had brought them up out of the land of Egypt, from under the hand of Pharaoh king of Egypt, and had feared other gods,
2Kgs	17	8	וַיֵּלְכוּ בְּחֻקּוֹת הַגּוֹיִם אֲשֶׁר הוֹרִישׁ יְהוָה מִפְּנֵי בְּנֵי יִשְׂרָאֵל וּמַלְכֵי יִשְׂרָאֵל אֲשֶׁר עָשׂוּ ׃	καὶ ἐπορεύθησαν τοῖς ἐθνῶν ὧν ἐξῆρεν κύριος ἐκ προσώπου υἱῶν Ἰσραήλ, καὶ οἱ ὅσοι ἐποίησαν,	et ambulaverunt iuxta ritum gentium quas consumpserat Dominus in conspectu filiorum Israhel et regum Israhel quia similiter fecerant	Et ambulaverunt juxta ritum gentium quas consumpserat Dominus in conspectu filiorum Israël et regum Israël, quia similiter fecerant.		And walked in the statutes of the heathen, whom the Lord cast out from before the children of Israel, and of the kings of Israel, which they had made.
2Kgs	17	9	וַיְחַפְּאוּ בְנֵי־יִשְׂרָאֵל דְּבָרִים אֲשֶׁר לֹא־כֵן עַל־יְהוָה אֱלֹהֵיהֶם וַיִּבְנוּ לָהֶם בָּמוֹת בְּכָל־עָרֵיהֶם מִמִּגְדַּל נוֹצְרִים עַד־עִיר מִבְצָר ׃	καὶ ὅσοι ἠμφιέσαντο οἱ υἱοὶ Ἰσραὴλ λόγους οὕτως κατὰ Κυρίου θεοῦ αὐτῶν· καὶ ὧν ᾠκοδόμησαν ἑαυτοῖς ὰ ἐν πάσαις ταῖς πόλεσιν αὐτῶν, ἀπὸ πύργου φυλασσόντων ἕως πόλεως ὀχυρᾶς.	et operuerunt filii Israhel verbis non rectis Dominum Deum suum et aedificaverunt sibi excelsa in cunctis urbibus suis a turre custodum usque ad civitatem munitam	Et offenderunt filii Israël verbis non rectis Dominum Deum suum: et ædificaverunt sibi excelsa in cunctis urbibus suis, a turre custodum usque ad civitatem munitam.		And the children of Israel did secretly those things that were not right against the Lord their God, and they built them high places in all their cities, from the tower of the watchmen to the fenced city.
2Kgs	17	10	וַיַּצִּבוּ לָהֶם מַצֵּבוֹת וַאֲשֵׁרִים עַל כָּל־גִּבְעָה גְבֹהָה וְתַחַת כָּל־עֵץ רַעֲנָן ׃	καὶ ἐστήλωσαν ἑαυτοῖς στήλας καὶ ἄλση ἐπὶ παντὶ βουνῷ ὑψηλῷ καὶ ὑποκάτω παντὸς ξύλου ἀλσώδους·	feceruntque sibi statuas et lucos in omni colle sublimi et subter omne lignum nemorosum	Feceruntque sibi statuas et lucos in omni colle sublimi, et subter omne lignum nemorosum:		And they set them up images and groves in every high hill, and under every green tree:
2Kgs	17	11	וַיְקַטְּרוּ־שָׁם בְּכָל־בָּמוֹת כַּגּוֹיִם אֲשֶׁר־הֶגְלָה יְהוָה מִפְּנֵיהֶם וַיַּעֲשׂוּ דְּבָרִים רָעִים לְהַכְעִיס אֶת־יְהוָה ׃	καὶ ἐθυμίασαν ἐκεῖ ἐν πᾶσιν ὑψηλοῖς, καθὼς τὰ ἔθνη ἀπῴκισεν Κύριος ἐκ προσώπου αὐτῶν, καὶ ἐποίησαν κοινωνοὺς καὶ ἐχάραξαν τοῦ παροργίσαι τὸν κύριον·	et adolebant ibi incensum super aras in more gentium quas transtulerat Dominus a facie eorum feceruntque verba pessima inritantes Dominum	et adolebant ibi incensum super aras in morem gentium quas transtulerat Dominus a facie eorum: feceruntque verba pessima irritantes Dominum.		And there they burnt incense in all the high places, as did the heathen whom the Lord carried away before them; and wrought wicked things to provoke the Lord to anger:
2Kgs	17	12	וַיַּעַבְדוּ הַגִּלֻּלִים אֲשֶׁר אָמַר יְהוָה לָהֶם לֹא תַעֲשׂוּ אֶת־הַדָּבָר הַזֶּה ׃	καὶ ἐλάτευσαν τοῖς εἰδώλοις οἷς εἶπεν Κύριος αὐτοῖς Οὐ ποιήσετε τὸ ῥῆμα τοῦτο Κυρίῳ.	et coluerunt inmunditias de quibus praecepit Dominus eis ne facerent verbum hoc	Et coluerunt immunditias de quibus præcepit eis Dominus ne facerent verbum hoc.		For they served idols, whereof the Lord had said unto them, Ye shall not do this thing.
2Kgs	17	13	וַיָּעַד יְהוָה בְּיִשְׂרָאֵל וּבִיהוּדָה בְּיַד כָּל־נְבִיאוֹ כָל־חֹזֶה לֵאמֹר שֻׁבוּ מִדַּרְכֵיכֶם הָרָעִים וְשִׁמְרוּ מִצְוֹתַי חֻקּוֹתַי כְּכָל־הַתּוֹרָה אֲשֶׁר צִוִּיתִי אֶת־אֲבֹתֵיכֶם וַאֲשֶׁר שָׁלַחְתִּי אֲלֵיכֶם בְּיַד עֲבָדַי הַנְּבִיאִים ׃	καὶ διεμαρτύρατο Κύριος ἐν τῷ Ἰσραὴλ καὶ ἐν τῷ Ἰούδᾳ ἐν χειρὶ Φητῶν αὐτοῦ παντὸς ὁρῶντος λόγον Ἀποστράφητε ἀπὸ τῶν ὁ ὑμῶν τῶν πονηρῶν, καὶ φυλάξατε τὰς ἐντολάς μου καὶ τὰ δικαιώματά μου καὶ πάντα τὸν νόμον ὃν ἐνετειλάμην τοῖς πατράσιν ὑμῶν, ὅσα ἀπέστειλα ἀπέστειλα ἐν χειρὶ τῶν δούλων μου τῶν προφητῶν.	et testificatus est Dominus in Israhel et in Iuda per manum omnium prophetarum et videntum dicens revertimini a viis vestris pessimis et custodite praecepta mea et caerimonias iuxta omnem legem quam praecepi patribus vestris et sicut misi ad vos in manu servorum meorum prophetarum	Et testificatus est Dominus in Israël et in Juda per manum omnium prophetarum et videntium, dicens: Revertimini a viis vestris pessimis, et custodite præcepta mea et cæremonias, juxta omnem legem quam præcepi patribus vestris, et sicut misi ad vos in manu servorum meorum prophetarum.		Yet the Lord testified against Israel, and against Judah, by all the prophets, and by all the seers, saying, Turn ye from your evil ways, and keep my commandments and my statutes, according to all the law which I commanded your fathers, and which I sent to you by my servants the prophets.
2Kgs	17	14	וְלֹא שָׁמֵעוּ וַיַּקְשׁוּ אֶת־עָרְפָּם כְּעֹרֶף אֲבוֹתָם אֲשֶׁר לֹא הֶאֱמִינוּ בַּיהוָה אֱלֹהֵיהֶם ׃	καὶ οὐκ ἥκουσαν, καὶ ἐσκλήρυναν τὸν νῶτον αὐτῶν ὑπὲρ τὸν νῶτον τῶν πατέρων αὐτῶν·	qui non audierunt sed induraverunt cervicem suam iuxta cervicem patrum suorum qui noluerunt oboedire Domino Deo suo	Qui non audierunt, sed induraverunt cervicem suam juxta cervicem patrum suorum, qui noluerunt obedire Domino Deo suo.		Notwithstanding they would not hear, but hardened their necks, like to the neck of their fathers, that did not believe in the Lord their God.
2Kgs	17	15	וַיִּמְאֲסוּ אֶת־חֻקָּיו וְאֶת־בְּרִיתוֹ אֲשֶׁר כָּרַת אֶת־אֲבוֹתָם וְאֵת עֵדְוֹתָיו אֲשֶׁר הֵעִיד בָּם וַיֵּלְכוּ אַחֲרֵי הַהֶבֶל וַיֶּהְבָּלוּ וְאַחֲרֵי הַגּוֹיִם אֲשֶׁר סְבִיבֹתָם אֲשֶׁר צִוָּה יְהוָה אֹתָם לְבִלְתִּי עֲשׂוֹת כָּהֶם ׃	καὶ τὰ μαρτύρια αὐτοῦ ὅσα διεμαρτύρατο αὐτοῖς, καὶ ἐπορεύθησαν ὀπίσω τῶν ματαίων , καὶ ἐματαιώθησαν καὶ ὀπίσω τῶν ἐθνῶν τῶν περικύκλῳ αὐτῶν, ὧν ἐνετείλατο αὐτοῖς μὴ ποιῆσαι κατὰ ταῦτα.	et abiecerunt legitima eius et pactum quod pepigit cum patribus eorum et testificationes quibus contestatus est eos secutique sunt vanitates et vane egerunt et secuti sunt gentes quae erant per circuitum eorum super quibus praeceperat Dominus eis ut non facerent sicut et illae faciebant	Et abjecerunt legitima ejus, et pactum quod pepigit cum patribus eorum, et testificationes quibus contestatus est eos: secutique sunt vanitates, et vane egerunt: et secuti sunt gentes quæ erant per circuitum eorum, super quibus præceperat Dominus eis ut non facerent sicut et illæ faciebant.		And they rejected his statutes, and his covenant that he made with their fathers, and his testimonies which he testified against them; and they followed vanity, and became vain, and went after the heathen that were round about them, concerning whom the Lord had charged them, that they should not do like them.
2Kgs	17	16	וַיַּעַזְבוּ אֶת־כָּל־מִצְוֹת יְהוָה אֱלֹהֵיהֶם וַיַּעֲשׂוּ לָהֶם מַסֵּכָה שְׁנֵים עֲגָלִים וַיַּעֲשׂוּ אֲשֵׁירָה וַיִּשְׁתַּחֲווּ לְכָל־צְבָא הַשָּׁמַיִם וַיַּעַבְדוּ אֶת־הַבָּעַל ׃	ἐνκατέλιπον τὰς ἐντολὰς Κυρίου θεοῦ αὐτῶν, καὶ ἐποίησαν ἑαυτοῖς χώνευμα δύο δαμάλεις, καὶ ἐποίησαν ἐποίησαν καὶ προσεκύνησαν πάσῃ τῇ δυνάμει τοῦ οὐρανοῦ καὶ ἐλάτρευσαν τῷ Βάαλ·	et dereliquerunt omnia praecepta Domini Dei sui feceruntque sibi conflatiles duos vitulos et lucos et adoraverunt universam militiam caeli servieruntque Baal	Et dereliquerunt omnia præcepta Domini Dei sui: feceruntque sibi conflatiles duos vitulos, et lucos, et adoraverunt universam militiam cæli: servieruntque Baal,		And they left all the commandments of the Lord their God, and made them molten images, even two calves, and made a grove, and worshipped all the host of heaven, and served Baal.
2Kgs	17	17	וַיַּעֲבִירוּ אֶת־בְּנֵיהֶם וְאֶת־בְּנוֹתֵיהֶם בָּאֵשׁ וַיִּקְסְמוּ קְסָמִים וַיְנַחֵשׁוּ וַיִּתְמַכְּרוּ לַעֲשׂוֹת הָרַע בְּעֵינֵי יְהוָה לְהַכְעִיסוֹ ׃	καὶ διῆγον τοὺς υἱοὺς αὐτῶν καὶ τὰς θυγατέρας αὐτῶν ἐν πυρί, ἐμαντεύοντο μαντείας καὶ οἰωνίζοντο· καὶ ἐπράθησαν τοῦ ποιῆσαι τὸ πονηρὸν ἐν ὀφθαλμοῖς Κυρίου παροργίσαι αὐτόν.	et consecrabant ei filios suos et filias suas per ignem et divinationibus inserviebant et auguriis et tradiderunt se ut facerent malum coram Domino et inritarent eum	et consecraverunt filios suos et filias suas per ignem: et divinationibus inserviebant, et auguriis: et tradiderunt se ut facerent malum coram Domino, ut irritarent eum.		And they caused their sons and their daughters to pass through the fire, and used divination and enchantments, and sold themselves to do evil in the sight of the Lord, to provoke him to anger.
2Kgs	17	18	וַיִּתְאַנַּף יְהוָה מְאֹד בְּיִשְׂרָאֵל וַיְסִרֵם מֵעַל פָּנָיו לֹא נִשְׁאַר רַק שֵׁבֶט יְהוּדָה לְבַדּוֹ ׃	καὶ ἐθυμώθη Κύριος σφόδρα ἐν τῷ Ἰσραήλ, καὶ ἀπέστησεν αὐτοὺς ἀπὸ τοῦ προσώπου αὐτοῦ, καὶ οὐχ ὑπελείφθη πλὴν φυλὴ Ἰούδα μονωτάτη.	iratusque est Dominus vehementer Israhel et abstulit eos de conspectu suo et non remansit nisi tribus Iuda tantummodo	Iratusque est Dominus vehementer Israëli, et abstulit eos a conspectu suo, et non remansit nisi tribus Juda tantummodo.		Therefore the Lord was very angry with Israel, and removed them out of his sight: there was none left but the tribe of Judah only.
2Kgs	17	19	גַּם־יְהוּדָה לֹא שָׁמַר אֶת־מִצְוֹת יְהוָה אֱלֹהֵיהֶם וַיֵּלְכוּ בְּחֻקּוֹת יִשְׂרָאֵל אֲשֶׁר עָשׂוּ ׃	καί γε Ἰούδας οὐκ ἐφύλαξεν τὰς ἐντολὰς τοῦ θεοῦ, καὶ ἐπορεύθησαν ἐν τοῖς δικαιῶμασιν Ἰσραὴλ οἷς ἐποίησαν.	sed nec ipse Iuda custodivit mandata Domini Dei sui verum ambulavit in erroribus Israhel quos operatus fuerat	Sed nec ipse Juda custodivit mandata Domini Dei sui: verum ambulavit in erroribus Israël, quos operatus fuerat.		Also Judah kept not the commandments of the Lord their God, but walked in the statutes of Israel which they made.
2Kgs	17	20	וַיִּמְאַס יְהוָה בְּכָל־זֶרַע יִשְׂרָאֵל וַיְעַנֵּם וַיִּתְּנֵם בְּיַד־שֹׁסִים עַד אֲשֶׁר הִשְׁלִיכָם מִפָּנָיו ׃	καὶ ἀπεώσαντο τὸν κύριον ἐν παντὶ σπέρματι Ἰσραήλ. κοὶ ἐσάλευσεν αὐτοὺς καὶ ἔδωκεν αὐτοὺς ἐν χερὶ διαρπαζόντων αὐτούς, ἕως οὗ ἀπέρριψεν αὐτοὺς ἀπὸ προσώπου αὐτοῦ.	proiecitque Dominus omne semen Israhel et adflixit eos et tradidit in manu diripientium donec proiceret eos a facie sua	Projecitque Dominus omne semen Israël, et afflixit eos, et tradidit eos in manu diripientium, donec projiceret eos a facie sua:		And the Lord rejected all the seed of Israel, and afflicted them, and delivered them into the hand of spoilers, until he had cast them out of his sight.
2Kgs	17	21	כִּי־קָרַע יִשְׂרָאֵל מֵעַל בֵּית דָּוִד וַיַּמְלִיכוּ אֶת־יָרָבְעָם בֶּן־נְבָט וַיַּדֵּא יָרָבְעָם אֶת־יִשְׂרָאֵל מֵאַחֲרֵי יְהוָה וְהֶחֱטֵיאָם חֲטָאָה גְדוֹלָה ׃	ὄτι πλὴν Ἰσραὴλ ἐπάνωθεν οἴκου Δαυείδ, καὶ ἐβασίλευσαν τὸν Ἰεροβοὰμ υἱὸν Ναβάτ· καὶ ἐξέωσεν Ἰεροβοὰμ τὸν Ἰσραὴλ ἐξόπισθεν Κυρίου καὶ ἐξήμαρτεν αὐτοὺς ἁμαρτίαν μεγάλην.	ex eo iam tempore quo scissus est Israhel a domo David et constituerunt sibi regem Hieroboam filium Nabath separavit enim Hieroboam Israhel a Domino et peccare eos fecit peccatum magnum	ex eo jam tempore quo scissus est Israël a domo David, et consituerunt sibi regem Jeroboam filium Nabat: separavit enim Jeroboam Israël a Domino, et peccare eos fecit peccatum magnum.		For he rent Israel from the house of David; and they made Jeroboam the son of Nebat king: and Jeroboam drave Israel from following the Lord, and made them sin a great sin.
2Kgs	17	22	וַיֵּלְכוּ בְּנֵי יִשְׂרָאֵל בְּכָל־חַטֹּאות יָרָבְעָם אֲשֶׁר עָשָׂה לֹא־סָרוּ מִמֶּנָּה ׃	καὶ ἐπορεύθησαν οἱ υἱοὶ Ἰσραὴλ ἐν πάσῃ ἁμαρτίᾳ ’Iεροβοὰμ ἧς ἑποίησεν· οὐκ ἀπέστησαν ἀπ’ αὐτης	et ambulaverunt filii Israhel in universis peccatis Hieroboam quae fecerat non recesserunt ab eis	Et ambulaverunt filii Israël in universis peccatis Jeroboam quæ fecerat: et non recesserunt ab eis,		For the children of Israel walked in all the sins of Jeroboam which he did; they departed not from them;
2Kgs	17	23	עַד אֲשֶׁר־הֵסִיר יְהוָה אֶת־יִשְׂרָאֵל מֵעַל פָּנָיו כַּאֲשֶׁר דִּבֶּר בְּיַד כָּל־עֲבָדָיו הַנְּבִיאִים וַיִּגֶל יִשְׂרָאֵל מֵעַל אַדְמָתוֹ אַשּׁוּרָה עַד הַיּוֹם הַזֶּה ׃ פ	ἕως οὗ μετέστησεν Κύριος τὸν Ἰσραὴλ ἀπὸ προσώπου αὐτοῦ, καθὼς ἐλάλησεν Κύριος ἐν χειρὶ πάντων τῶν δούλων αὐτοῦ τῶν προφητῶν· καὶ ἀπῳκίσθη Ἰσραὴλ ἐπάνωθεν τῆς γῆς αὐτοῦ εἰς Ἀσσυρίους ἕως τῆς ἡμέρας ταύτης.	usquequo auferret Dominus Israhel a facie sua sicut locutus fuerat in manu omnium servorum suorum prophetarum translatusque est Israhel de terra sua in Assyrios usque in diem hanc	usquequo Dominus auferret Israël a facie sua, sicut locutus fuerat in manu omnium servorum suorum prophetarum: translatusque est Israël de terra sua in Assyrios, usque in diem hanc.		Until the Lord removed Israel out of his sight, as he had said by all his servants the prophets. So was Israel carried away out of their own land to Assyria unto this day.
2Kgs	17	24	וַיָּבֵא מֶלֶךְ־אַשּׁוּר מִבָּבֶל וּמִכּוּתָה וּמֵעַוָּא וּמֵחֲמָת וּסְפַרְוַיִם וַיֹּשֶׁב בְּעָרֵי שֹׁמְרוֹן תַּחַת בְּנֵי יִשְׂרָאֵל וַיִּרְשׁוּ אֶת־שֹׁמְרוֹן וַיֵּשְׁבוּ בְּעָרֶיהָ ׃	Καὶ ἤγαγεν βασιλεὺς Ἀσσυρίων ἐκ Βαβυλῶνος τὸν ἐκ Χουνθά, ἀπὸ Αιὰ καὶ ἀπὸ Αἱμὰθ καὶ Σεπφαρουάιν· καὶ κατῳκίσθησαν ἐν πόλεσιν Σαμαρείας ἀντὶ τῶν υἱῶν Ἰσραήλ, καὶ ἐκληρονόμησαν τὴν Σαμάρειαν κα κατῴκησαν ἐν ταῖς πόλεσιν αὐτῆς.	adduxit autem rex Assyriorum de Babylone et de Chutha et de Haiath et de Emath et de Sepharvaim et conlocavit eos in civitatibus Samariae pro filiis Israhel qui possederunt Samariam et habitaverunt in urbibus eius	Adduxit autem rex Assyriorum de Babylone, et de Cutha, et de Avah, et de Emath, et de Sepharvaim: et collocavit eos in civitatibus Samariæ pro filiis Israël: qui possederunt Samariam, et habitaverunt in urbibus ejus.		And the king of Assyria brought men from Babylon, and from Cuthah, and from Ava, and from Hamath, and from Sepharvaim, and placed them in the cities of Samaria instead of the children of Israel: and they possessed Samaria, and dwelt in the cities thereof.
2Kgs	17	25	וַיְהִי בִּתְחִלַּת שִׁבְתָּם שָׁם לֹא יָרְאוּ אֶת־יְהוָה וַיְשַׁלַּח יְהוָה בָּהֶם אֶת־הָאֲרָיוֹת וַיִּהְיוּ הֹרְגִים בָּהֶם ׃	καὶ ἐγένετο ἐν ἀρχῇ τῆς καθέδρας αὐτῶν οὐκ ἐφοβήθησαν τὸν κύριον, καὶ άπέστειλεν Κύριος ἐν αὐτοῖς τοὐς λέοντας, καὶ ἦσαν ἀποκτέννοντες ἐν αὐτοῖς.	cumque ibi habitare coepissent non timebant Dominum et inmisit eis Dominus leones qui interficiebant eos	Cumque ibi habitare cœpissent, non timebant Dominum: et immisit in eos Dominus leones, qui interficiebant eos.		And so it was at the beginning of their dwelling there, that they feared not the Lord: therefore the Lord sent lions among them, which slew some of them.
2Kgs	17	26	וַיֹּאמְרוּ לְמֶלֶךְ אַשּׁוּר לֵאמֹר הַגּוֹיִם אֲשֶׁר הִגְלִיתָ וַתּוֹשֶׁב בְּעָרֵי שֹׁמְרוֹן לֹא יָדְעוּ אֶת־מִשְׁפַּט אֱלֹהֵי הָאָרֶץ וַיְשַׁלַּח־בָּם אֶת־הָאֲרָיוֹת וְהִנָּם מְמִיתִים אוֹתָם כַּאֲשֶׁר אֵינָם יֹדְעִים אֶת־מִשְׁפַּט אֱלֹהֵי הָאָרֶץ ׃	καὶ εἶπον τῷ βασιλεῖ Ἀσσυρίων λέγοντες Τὰ ἔθνη ἄ ἀπῴκισας καὶ ἀντεκάθισας ἐν πόλεσιν Σαμαρείας οὐκ ἔγνωσαν τὸ κρίμα τοῦ θεοῦ τῆς γῆς, καὶ ἀπέστειλεν εἰς αὐτοὺς τοὺς λέοντας· καὶ ἰδού εἰσιν θανατοῦντες αὐτούς, καθότι οὐκ οἴδασιν τὸ κρίμα τοῦ θεοῦ τῆς γῆς.	nuntiatumque est regi Assyriorum et dictum gentes quas transtulisti et habitare fecisti in civitatibus Samariae ignorant legitima Dei terrae et inmisit in eos Dominus leones et ecce interficiunt eos eo quod ignorent ritum Dei terrae	Nuntiatumque est regi Assyriorum, et dictum: Gentes quas transtulisti, et habitare fecisti in civitatibus Samariæ, ignorant legitima Dei terræ: et immisit in eos Dominus leones, et ecce interficiunt eos, eo quod ignorent ritum Dei terræ.		Wherefore they spake to the king of Assyria, saying, The nations which thou hast removed, and placed in the cities of Samaria, know not the manner of the God of the land: therefore he hath sent lions among them, and, behold, they slay them, because they know not the manner of the God of the land.
2Kgs	17	27	וַיְצַו מֶלֶךְ־אַשּׁוּר לֵאמֹר הֹלִיכוּ שָׁמָּה אֶחָד מֵהַכֹּהֲנִים אֲשֶׁר הִגְלִיתֶם מִשָּׁם וְיֵלְכוּ וְיֵשְׁבוּ שָׁם וְיֹרֵם אֶת־מִשְׁפַּט אֱלֹהֵי הָאָרֶץ ׃	καὶ ἐνετείλατο ὁ βασιλεὺς Ἀσσυρίων λέγων Ἀπάγετε ἐκεῖθεν, καὶ πορευέσθωσαν καὶ κατοικείτωσαν ἐκεῖ, καὶ φωτιοῦσιν αὐτοὺς τὸ κρίμα τῆς γῆς.	praecepit autem rex Assyriorum dicens ducite illuc unum de sacerdotibus quos inde captivos adduxistis et vadat et habitet cum eis et doceat eos legitima Dei terrae	Præcepit autem rex Assyriorum, dicens: Ducite illuc unum de sacerdotibus quos inde captivos adduxistis, et vadat, et habitet cum eis: et doceat eos legitima Dei terræ.		Then the king of Assyria commanded, saying, Carry thither one of the priests whom ye brought from thence; and let them go and dwell there, and let him teach them the manner of the God of the land.
2Kgs	17	28	וַיָּבֹא אֶחָד מֵהַכֹּהֲנִים אֲשֶׁר הִגְלוּ מִשֹּׁמְרוֹן וַיֵּשֶׁב בְּבֵית־אֵל וַיְהִי מוֹרֶה אֹתָם אֵיךְ יִירְאוּ אֶת־יְהוָה ׃	καὶ ἤγαγον ἕνα τῶν ἱερέων ὧν ἀπῴκισαν ἀπὸ Σαμαρείας, καὶ ἐκάθισεν ἐν Βαιθήλ, καὶ ἦν φωτίζων αὐτοὺς πῶς φοβηθῶσιν τὸν κύριον.	igitur cum venisset unus de sacerdotibus his qui captivi ducti fuerant de Samaria habitavit in Bethel et docebat eos quomodo colerent Dominum	Igitur cum venisset unus de sacerdotibus his qui captivi ducti fuerant de Samaria, habitavit in Bethel, et docebat eos quomodo colerent Dominum.		Then one of the priests whom they had carried away from Samaria came and dwelt in Bethel, and taught them how they should fear the Lord.
2Kgs	17	29	וַיִּהְיוּ עֹשִׂים גּוֹי גּוֹי אֱלֹהָיו וַיַּנִּיחוּ בְּבֵית הַבָּמוֹת אֲשֶׁר עָשׂוּ הַשֹּׁמְרֹנִים גּוֹי גּוֹי בְּעָרֵיהֶם אֲשֶׁר הֵם יֹשְׁבִים שָׁם ׃	καὶ ἦσαν ποιοῦντες ἔθνη ἔθνη θεοὺς αὐτῶν, καὶ ἔθηκαν ἐν οἴκῳ τῶν ὑψηλῶν ὧν ἐποίησαν οἱ Σαμαρεῖται, ἔθνη ἐν ταῖς πόλεσιν αὐτῶν ἐν αἷς κατῴκουν ἐν αὐταῖς·	et unaquaeque gens fabricata est deum suum posueruntque eos in fanis excelsis quae fecerant Samaritae gens et gens in urbibus suis in quibus habitabant	Et unaquæque gens fabricata est deum suum: posueruntque eos in fanis excelsis quæ fecerant Samaritæ, gens et gens in urbibus suis, in quibus habitabat.		Howbeit every nation made gods of their own, and put them in the houses of the high places which the Samaritans had made, every nation in their cities wherein they dwelt.
2Kgs	17	30	וְאַנְשֵׁי בָבֶל עָשׂוּ אֶת־סֻכּוֹת בְּנוֹת וְאַנְשֵׁי־כוּת עָשׂוּ אֶת־נֵרְגַל וְאַנְשֵׁי חֲמָת עָשׂוּ אֶת־אֲשִׁימָא ׃	καὶ οἱ ἄνδρες Βαβθλῶνος ἐποίησαν τὴν Ῥοοἱ ἄνδρες Χοὺθ ἐποίησαν τὴν Ἐργέλ, καὶ οἱ ἄνδρες Ἑμὰθ τὴν Ἀσειμάθ,	viri enim babylonii fecerunt Socchothbenoth viri autem chutheni fecerunt Nergel et viri de Emath fecerunt Asima	Viri enim Babylonii fecerunt Sochothbenoth: viri autem Cuthæi fecerunt Nergel: et viri de Emath fecerunt Asima.		And the men of Babylon made Succothbenoth, and the men of Cuth made Nergal, and the men of Hamath made Ashima,
2Kgs	17	31	וְהָעַוִּים עָשׂוּ נִבְחַז וְאֶת־תַּרְתָּק וְהַסְפַרְוִים שֹׂרְפִים אֶת־בְּנֵיהֶם בָּאֵשׁ לְאַדְרַמֶּלֶךְ וַעֲנַמֶּלֶךְ אֱלֹהֵ סְפַרְיִָם ׃	καὶ οἱ Εὐαῖοι ἐποίησαν τὴν Ἐβλαζὲρ καὶ τὴν Θαρθὰκ καὶ τὴν Σεπφαρούν, ἡνίκα κατέκαιον τοὺς υἱοὺς αὐτῶν ἐν πυρὶ τῷ Ἀδραμέλεχ καὶ Ἀνημέλεχ Σεφφαρούν.	porro Evei fecerunt Nebaaz et Tharthac hii autem qui erant de Sepharvaim conburebant filios suos igni Adramelech et Anamelech diis Sepharvaim	Porro Hevæi fecerunt Nebahaz et Tharthac. Hi autem qui erant de Sepharvaim, comburebant filios suos igni, Adramelech et Anamelech diis Sepharvaim,		And the Avites made Nibhaz and Tartak, and the Sepharvites burnt their children in fire to Adrammelech and Anammelech, the gods of Sepharvaim.
2Kgs	17	32	וַיִּהְיוּ יְרֵאִים אֶת־יְהוָה וַיַּעֲשׂוּ לָהֶם מִקְצוֹתָם כֹּהֲנֵי בָמוֹת וַיִּהְיוּ עֹשִׂים לָהֶם בְּבֵית הַבָּמוֹת ׃	καὶ ἦσαν φοβούμενοι τὸν κύριον, καὶ κατᾠ κισαν τὰ βδελύγματα αὐτῶν ἐν τοῖς οἴκοις τῶν ὑψηλῶν ἃ ἐποίησαν ἐν Σαμαρείᾳ, ἔθνος ἔθνος ἐν πόλει ἐν ᾖ κατᾠκουν ἐν αὐτῇ· καὶ ἦσαν φοβούμενοι τὸν κύριον, καὶ ἐποίησαν ἱερεῖς τῶν ὑψηλῶν, καὶ ἐποίησαν ἑαυτοῖς ἐν οἴκῳ τῶν ὑψηλῶν.	et nihilominus colebant Dominum fecerunt autem sibi de novissimis sacerdotes excelsorum et ponebant eos in fanis sublimibus	et nihilominus colebant Dominum. Fecerunt autem sibi de novissimis sacerdotes excelsorum, et ponebant eos in fanis sublimibus.		So they feared the Lord, and made unto themselves of the lowest of them priests of the high places, which sacrificed for them in the houses of the high places.
2Kgs	17	33	אֶת־יְהוָה הָיוּ יְרֵאִים וְאֶת־אֱלֹהֵיהֶם הָיוּ עֹבְדִים כְּמִשְׁפַּט הַגּוֹיִם אֲשֶׁר־הִגְלוּ אֹתָם מִשָּׁם ׃	τὸν κύριον ἐφοβοῦντο, καὶ τοῖς θεοῖς αὐτῶν ἐλάτγρευον κατὰ τὸ κρίμα τῶν ἐθνῶν ὅθεν ἀπὠκισεν αὐτοὺς ἐκεῖθεν.	et cum Dominum colerent diis quoque suis serviebant iuxta consuetudinem gentium de quibus translati fuerant Samariam	Et cum Dominum colerent, diis quoque suis serviebant juxta consuetudinem gentium, de quibus translati fuerant Samariam.		They feared the Lord, and served their own gods, after the manner of the nations whom they carried away from thence.
2Kgs	17	34	עַד הַיּוֹם הַזֶּה הֵם עֹשִׂים כַּמִּשְׁפָּטִים הָרִאשֹׁנִים אֵינָם יְרֵאִים אֶת־יְהוָה וְאֵינָם עֹשִׂים כְּחֻקֹּתָם וּכְמִשְׁפָּטָם וְכַתּוֹרָה וְכַמִּצְוָה אֲשֶׁר צִוָּה יְהוָה אֶת־בְּנֵי יַעֲקֹב אֲשֶׁר־שָׂם שְׁמוֹ יִשְׂרָאֵל ׃	"ἕως τῆς ἡμέρας ταύτης αὐτοὶ ""/ > ἐποίουν κατὰ τὸ κρίμα αὐτῶν· αὐτοὶ φοβοῦνται, καὶ αὐτοὶ ποιοῦσιν κατὰ τὰ δικαιώματα αὐτῶν καὶ κατὰ τὴν κρίσιν αὐτῶν, καὶ κατὰ τὸν νόμον καὶ κατὰ τῆν ἐντολὴν ἣν ἐνετείλατο Κύριος τοῖς υἱοῖς Ἰακὼβ οὖ ἔθηκεν τὸ ὄνομα αὐτοῦ Ἰσραήλ."	usque in praesentem diem morem sequuntur antiquum non timent Dominum neque custodiunt caerimonias eius et iudicia et legem et mandatum quod praeceperat Dominus filiis Iacob quem cognominavit Israhel	Usque in præsentem diem morem sequuntur antiquum: non timent Dominum, neque custodiunt cæremonias ejus, judicia, et legem, et mandatum, quod præceperat Dominus filiis Jacob, quem cognominavit Israël:		Unto this day they do after the former manners: they fear not the Lord, neither do they after their statutes, or after their ordinances, or after the law and commandment which the Lord commanded the children of Jacob, whom he named Israel;
2Kgs	17	35	וַיִּכְרֹת יְהוָה אִתָּם בְּרִית וַיְצַוֵּם לֵאמֹר לֹא תִירְאוּ אֱלֹהִים אֲחֵרִים וְלֹא־תִשְׁתַּחֲווּ לָהֶם וְלֹא תַעַבְדוּם וְלֹא תִזְבְּחוּ לָהֶם ׃	καὶ διέθετο Κύριος μετ’ αὐτῶν διαθήκη, καὶ ἐνετείλατο αὐτοῖς λέγων Οὐ φοβηθήσεσθε θεοὺς ἑτέρους καὶ προσκυνήσετε αὐτοῖς, καὶ οὐ λατρεύσετε αὐτοῖς καὶ οὐ θυσιάσετε αὐτοῖς·	et percusserat cum eis pactum et mandaverat eis dicens nolite timere deos alienos et non adoretis eos neque colatis et non immoletis eis	et percusserat cum eis pactum, et mandaverat eis, dicens: Nolite timere deos alienos, et non adoretis eos, neque colatis eos, et non immoletis eis:		With whom the Lord had made a covenant, and charged them, saying, Ye shall not fear other gods, nor bow yourselves to them, nor serve them, nor sacrifice to them:
2Kgs	17	36	כִּי אִם־אֶת־יְהוָה אֲשֶׁר הֶעֱלָה אֶתְכֶם מֵאֶרֶץ מִצְרַיִם בְּכֹחַ גָּדוֹל וּבִזְרוֹעַ נְטוּיָה אֹתוֹ תִירָאוּ וְלוֹ תִשְׁתַּחֲווּ וְלוֹ תִזְבָּחוּ ׃	ὅτι ἀλλ' ἢ τῷ κυρίῳ ὂς ἀνήγαγεν ὑμᾶς ἐκ τῆς Αἰγύπτου ἐν ἰσχύι μεγάλῃ καὶ ἐν βραχίονι ὑψηλῷ· αὐτὸν καὶ οὐ θυσιάσετε αὐτῷ προσκυνήσετε, αὐτῷ θύσετε.	sed Dominum Deum vestrum qui eduxit vos de terra Aegypti in fortitudine magna et in brachio extento ipsum timete illum adorate et ipsi immolate	sed Dominum Deum vestrum, qui eduxit vos de terra Ægypti in fortitudine magna et in brachio extento, ipsum timete, et illum adorate, et ipsi immolate.		But the Lord, who brought you up out of the land of Egypt with great power and a stretched out arm, him shall ye fear, and him shall ye worship, and to him shall ye do sacrifice.
2Kgs	17	37	וְאֶת־הַחֻקִּים וְאֶת־הַמִּשְׁפָּטִים וְהַתּוֹרָה וְהַמִּצְוָה אֲשֶׁר כָּתַב לָכֶם תִּשְׁמְרוּן לַעֲשׂוֹת כָּל־הַיָּמִים וְלֹא תִירְאוּ אֱלֹהִים אֲחֵרִים ׃	καὶ τὰ δικαιώματα καὶ τὰ κρίματα καὶ τὸν νόμον καὶ τὰς ἐντολὰς ἃς ἔγραψεν ὑμῖν ποιεῖν φυλάσσεσθε πάσας τὰς ἡμέρας, καὶ οὐ φοβηθήσεσθε θεοὺς ἑτέρους.	caerimonias quoque et iudicia et legem et mandatum quod scripsit vobis custodite ut faciatis cunctis diebus et non timeatis deos alienos	Cæremonias quoque, et judicia, et legem, et mandatum, quod scripsit vobis, custodite ut faciatis cunctis diebus: et non timeatis deos alienos.		And the statutes, and the ordinances, and the law, and the commandment, which he wrote for you, ye shall observe to do for evermore; and ye shall not fear other gods.
2Kgs	17	38	וְהַבְּרִית אֲשֶׁר־כָּרַתִּי אִתְּכֶם לֹא תִשְׁכָּחוּ וְלֹא תִירְאוּ אֱלֹהִים אֲחֵרִים ׃	καὶ τὴν διαθήκην ἣν διέθετο μεθ’ ὑμῶν οὐκ ἐπιλήσεσθε· καὶ οὐ φοβηθήσεσθε θεοὺς ἑτέρους,	et pactum quod percussi vobiscum nolite oblivisci nec colatis deos alienos	Et pactum quod percussit vobiscum, nolite oblivisci: nec colatis deos alienos,		And the covenant that I have made with you ye shall not forget; neither shall ye fear other gods.
2Kgs	17	39	כִּי אִם־אֶת־יְהוָה אֱלֹהֵיכֶם תִּירָאוּ וְהוּא יַצִּיל אֶתְכֶם מִיַּד כָּל־אֹיְבֵיכֶם ׃	ἀλλ’ ἢ τὸν κύριον θεὸν ὑμῶν φοβηθήσεσθε, καὶ αὐτὸς ἐξελεῖται ὑμᾶς ἐκ πάντων τῶν ἐχθρῶν ὑμῶν·	sed Dominum Deum vestrum timete et ipse eruet vos de manu omnium inimicorum vestrorum	sed Dominum Deum vestrum timete, et ipse eruet vos de manu omnium inimicorum vestrorum.		But the Lord your God ye shall fear; and he shall deliver you out of the hand of all your enemies.
2Kgs	17	40	וְלֹא שָׁמֵעוּ כִּי אִם־כְּמִשְׁפָּטָם הָרִאשׁוֹן הֵם עֹשִׂים ׃	καὶ οὐκ ἀκούσεσθε ἔτι τῷ κρίματι αὐτῶν ὃ αὐτοὶ ποιοῦσιν.	illi vero non audierunt sed iuxta consuetudinem suam pristinam perpetrabant	Illi vero non audierunt, sed juxta consuetudinem suam pristinam perpetrabant.		Howbeit they did not hearken, but they did after their former manner.
2Kgs	17	41	וַיִּהְיוּ הַגּוֹיִם הָאֵלֶּה יְרֵאִים אֶת־יְהוָה וְאֶת־פְּסִילֵיהֶם הָיוּ עֹבְדִים גַּם־בְּנֵיהֶם וּבְנֵי בְנֵיהֶם כַּאֲשֶׁר עָשׂוּ אֲבֹתָם הֵם עֹשִׂים עַד הַיּוֹם הַזֶּה ׃ פ	καὶ ἦσαν τὰ ἔθνη ταῦτα φοβούμενοι τὸν κύριον, καὶ τοῖς γλυπτοῖς αὐτῶν ἦσαν δουλεύοντες· καί γε οἱ υἱοὶ καὶ οἱ υἱοὶ τῶν υἱῶν αὐτῶν καθὰ ἐποίησαν οἱ πατέρες αὐτῶν ποιοῦσιν ἕως τῆς ημέρας ταύτης.	fuerunt igitur gentes istae timentes quidem Dominum sed nihilominus et idolis suis servientes nam et filii eorum et nepotes sicut fecerunt parentes sui ita faciunt usque in praesentem diem	Fuerunt igitur gentes istæ timentes quidem Dominum, sed nihilominus et idolis suis servientes: nam et filii eorum, et nepotes, sicut fecerunt patres sui, ita faciunt usque in præsentem diem.		So these nations feared the Lord, and served their graven images, both their children, and their children's children: as did their fathers, so do they unto this day.
2Kgs	18	1	וַיְהִי בִּשְׁנַת שָׁלֹשׁ לְהוֹשֵׁעַ בֶּן־אֵלָה מֶלֶךְ יִשְׂרָאֵל מָלַךְ חִזְקִיָּה בֶן־אָחָז מֶלֶךְ יְהוּדָה ׃	Καὶ ἐγένετο ἐν ἔτει τρίτῳ τῷ Ὡσῆε υἱῷ Ἠλὰ βασιλεῖ Ἰσραὴλ ἐβασίλευσεν Ἐζεκίας υἱὸς Ἀχὰζ βασιλέως Ἰούδα.	anno tertio Osee filii Hela regis Israhel regnavit Ezechias filius Ahaz regis Iuda	Anno tertio Osee filii Ela regis Israël, regnavit Ezechias filius Achaz regis Juda.		Now it came to pass in the third year of Hoshea son of Elah king of Israel, that Hezekiah the son of Ahaz king of Judah began to reign.
2Kgs	18	2	בֶּן־עֶשְׂרִים וְחָמֵשׁ שָׁנָה הָיָה בְמָלְכוֹ וְעֶשְׂרִים וָתֵשַׁע שָׁנָה מָלַךְ בִּירוּשָׁלָםִ וְשֵׁם אִמּוֹ אֲבִי בַּת־זְכַרְיָה ׃	υἱὸς εἵκοσι καὶ πέντε ἐτῶν ἐν τῷ βασιλεύειον αὐτόν, καὶ εἴκοσι καὶ ἐννέα ἔτη ἐβασίλευσεν ἐν Ἰερουσαλήμ, καὶ ὄνομα τῇ μητρὶ αὐτοῦ Ἀβού, θυγάτηρ Ζαχαρίου.	viginti quinque annorum erat cum regnare coepisset et viginti et novem annis regnavit in Hierusalem nomen matris eius Abi filia Zacchariae	Viginti quinque annorum erat cum regnare cœpisset, et viginti novem annis regnavit in Jerusalem: nomen matris ejus Abi filia Zachariæ.		Twenty and five years old was he when he began to reign; and he reigned twenty and nine years in Jerusalem. His mother's name also was Abi, the daughter of Zachariah.
2Kgs	18	3	וַיַּעַשׂ הַיָּשָׁר בְּעֵינֵי יְהוָה כְּכֹל אֲשֶׁר־עָשָׂה דָּוִד אָבִיו ׃	καὶ ἐποίησεν τὸ εὐθὲς ἐν ὀφθαλμοῖς Κυρίου κατὰ πάντα ὅσα ἐποίησεν Δαυεὶε ὁ πατὴρ αὐτοῦ.	fecitque quod erat bonum coram Domino iuxta omnia quae fecerat David pater suus	Fecitque quod erat bonum coram Domino, juxta omnia quæ fecerat David pater ejus.		And he did that which was right in the sight of the Lord, according to all that David his father did.
2Kgs	18	4	הוּא הֵסִיר אֶת־הַבָּמוֹת וְשִׁבַּר אֶת־הַמַּצֵּבֹת וְכָרַת אֶת־הָאֲשֵׁרָה וְכִתַּת נְחַשׁ הַנְּחֹשֶׁת אֲשֶׁר־עָשָׂה מֹשֶׁה כִּי עַד־הַיָּמִים הָהֵמָּה הָיוּ בְנֵי־יִשְׂרָאֵל מְקַטְּרִים לוֹ וַיִּקְרָא־לוֹ נְחֻשְׁתָּן ׃	αὐτὸς ἐξῆρεν τὰ ὑψηλά, καὶ συνέτριψεν τὰς στήλας, καὶ ἐξωλέθρευσεν τὰ ἀλση καὶ τὸν ὄφιν τὸν χαλκοῦν ὃν ἐποίησεν Μωυςῆς, ὅτι ἕως τῶν ἡμερῶν ἐκείνων ἦσαν οἱ υἱοὶ Ἰσραὴλ θυμιῶντες αὐτῷ. καὶ ἐκάλεσεν αὐτὸν Νεσθαλεί.	ipse dissipavit excelsa et contrivit statuas et succidit lucos confregitque serpentem aeneum quem fecerat Moses siquidem usque ad illud tempus filii Israhel adolebant ei incensum vocavitque eum Naasthan	Ipse dissipavit excelsa, et contrivit statuas, et succidit lucos, confregitque serpentem æneum quem fecerat Moyses: siquidem usque ad illud tempus filii Israël adolebant ei incensum: vocavitque nomen ejus Nohestan.		He removed the high places, and brake the images, and cut down the groves, and brake in pieces the brasen serpent that Moses had made: for unto those days the children of Israel did burn incense to it: and he called it Nehushtan.
2Kgs	18	5	בַּיהוָה אֱלֹהֵי־יִשְׂרָאֵל בָּטָח וְאַחֲרָיו לֹא־הָיָה כָמֹהוּ בְּכֹל מַלְכֵי יְהוּדָה וַאֲשֶׁר הָיוּ לְפָנָיו ׃	ἐν κυρίῳ θεῷ Ἰσραὴλ ἢλπισεν, καὶ μετ’αὐτὸν οὐκ ἐγενήθη ὄμοιος αὐτῷ ἐν βασιλεῦσιν Ἰούδα καὶ ἐν τοῖς γενομένοις ἔμπροσθεν αὐτοῦ.	in Domino Deo Israhel speravit itaque post eum non fuit similis ei de cunctis regibus Iuda sed neque in his qui ante eum fuerunt	In Domino Deo Israël speravit: itaque post eum non fuit similis ei de cunctis regibus Juda, sed neque in his qui ante eum fuerunt:		He trusted in the Lord God of Israel; so that after him was none like him among all the kings of Judah, nor any that were before him.
2Kgs	18	6	וַיִּדְבַּק בַּיהוָה לֹא־סָר מֵאַחֲרָיו וַיִּשְׁמֹר מִצְוֹתָיו אֲשֶׁר־צִוָּה יְהוָה אֶת־מֹשֶׁה ׃	καὶ ἐκολλήθη τῷ κυρίῳ, οὑκ ἀπέστη ὅπισθεν αὐτοῦ, καὶ ἐφύλαξεν τὰς ἐντολὰς αὐτοῦ ὅσας ἐνετείλατο Μωυςῇ.	et adhesit Domino et non recessit a vestigiis eius fecitque mandata eius quae praeceperat Dominus Mosi	et adhæsit Domino, et non recessit a vestigiis ejus, fecitque mandata ejus, quæ præceperat Dominus Moysi.		For he clave to the Lord, and departed not from following him, but kept his commandments, which the Lord commanded Moses.
2Kgs	18	7	וְהָיָה יְהוָה עִמּוֹ בְּכֹל אֲשֶׁר־יֵצֵא יַשְׂכִּיל וַיִּמְרֹד בְּמֶלֶךְ־אַשּׁוּר וְלֹא עֲבָדוֹ ׃	καὶ ἦν Κύριος μετ’αὐτοῦ, καὶ ἐν πᾶσιν οἶς ἐποίει συνῆκεν. καὶ ἡθέτησεν ἐν τῷ βασιλεῖ Ἀσσυρίων, καὶ οὐκ ἐδούλευσεν αὐτῷ.	unde et erat Dominus cum eo et in cunctis ad quae procedebat sapienter se agebat rebellavit quoque contra regem Assyriorum et non servivit ei	Unde et erat Dominus cum eo, et in cunctis ad quæ procedebat, sapienter se agebat. Rebellavit quoque contra regem Assyriorum, et non servivit ei.		And the Lord was with him; and he prospered whithersoever he went forth: and he rebelled against the king of Assyria, and served him not.
2Kgs	18	8	הוּא־הִכָּה אֶת־פְּלִשְׁתִּים עַד־עַזָּה וְאֶת־גְּבוּלֶיהָ מִמִּגְדַּל נוֹצְרִים עַד־עִיר מִבְצָר ׃ פ	αὐτὸς ἐπάταξεν τοὺς ἀλλοφύλους ἕως Γάξης καὶ ἕως ὁρίου αὐτῆς, ἀπὸ πύργου Φθλασσόντων καὶ ἕως πόλεως ὀχυρᾶς.	ipse percussit Philistheos usque Gazam et omnes terminos eorum a turre custodum usque ad civitatem muratam	Ipse percussit Philisthæos usque ad Gazam, et omnes terminos eorum, a turre custodum usque ad civitatem munitam.		He smote the Philistines, even unto Gaza, and the borders thereof, from the tower of the watchmen to the fenced city.
2Kgs	18	9	וַיְהִי בַּשָּׁנָה הָרְבִיעִית לַמֶּלֶךְ חִזְקִיָּהוּ הִיא הַשָּׁנָה הַשְּׁבִיעִית לְהוֹשֵׁעַ בֶּן־אֵלָה מֶלֶךְ יִשְׂרָאֵל עָלָה שַׁלְמַנְאֶסֶר מֶלֶךְ־אַשּׁוּר עַל־שֹׁמְרוֹן וַיָּצַר עָלֶיהָ ׃	καὶ ἐγένετο ἐν τῷ ἔτει τῷ τετάρτῳ βασιλεῖ Ἐξεκίᾳ, αὐτὸς ἐνιαυτὸς ὁ ἕβδομος τῷ Ὡσῆε υἱῷ Ἠλὰ βασιλεῖ Ἰσραήλ, ἀνέβη Σαλαμανάσσαρ βασιλεὺς Ἀσσυρίων ἐπὶ Σαμάρειαν καὶ ἐπολιόρκει ἐπ’αὐτήν.	anno quarto regis Ezechiae qui erat annus septimus Osee filii Hela regis Israhel ascendit Salmanassar rex Assyriorum Samariam et obpugnavit eam	Anno quarto regis Ezechiæ, qui erat annus septimus Osee filii Ela regis Israël, ascendit Salmanasar rex Assyriorum in Samariam, et oppugnavit eam,		And it came to pass in the fourth year of king Hezekiah, which was the seventh year of Hoshea son of Elah king of Israel, that Shalmaneser king of Assyria came up against Samaria, and besieged it.
2Kgs	18	10	וַיִּלְכְּדֻהָ מִקְצֵה שָׁלֹשׁ שָׁנִים בִּשְׁנַת־שֵׁשׁ לְחִזְקִיָּה הִיא שְׁנַת־תֵּשַׁע לְהוֹשֵׁעַ מֶלֶךְ יִשְׂרָאֵל נִלְכְּדָה שֹׁמְרוֹן ׃	καὶ κατελάβετο αὐτὴν ἀπὸ τἐλους τριῶν ἐτῶν ἐν ἔτει ἕκτῳ τῷ Ἑξεκίᾳ, αὐτὸς ἐνιαυτὸς ἔνατος τῷ Ὡσῆε βασιλεῖ Ἰσραήλ, καὶ συνελήμφθη Σαμάρεια.	et cepit nam post annos tres anno sexto Ezechiae id est nono anno Osee regis Israhel capta est Samaria	et cepit. Nam post annos tres, anno sexto Ezechiæ, id est nono anno Osee regis Israël, capta est Samaria:		And at the end of three years they took it: even in the sixth year of Hezekiah, that is in the ninth year of Hoshea king of Israel, Samaria was taken.
2Kgs	18	11	וַיֶּגֶל מֶלֶךְ־אַשּׁוּר אֶת־יִשְׂרָאֵל אַשּׁוּרָה וַיַּנְחֵם בַּחְלַח וּבְחָבוֹר נְהַר גּוֹזָן וְעָרֵי מָדָי ׃	καὶ ἀπᾠκισεν βασιλεὺς Ἀσσυρίων τὴν Σαμάρειαν εἰς Ἀσσυρίους, καὶ ἔθηκεν αὐτοὺς ἐν Ἁλάε καὶ ἐν Ἀβιὼρ ποταμῷ Γωξὰν καὶ Ὀρὴ Μήδων.	et transtulit rex Assyriorum Israhel in Assyrios conlocavitque eos in Ala et in Habor fluviis Gozan in civitatibus Medorum	et transtulit rex Assyriorum Israël in Assyrios, collocavitque eos in Hala et in Habor fluviis Gozan in civitatibus Medorum:		And the king of Assyria did carry away Israel unto Assyria, and put them in Halah and in Habor by the river of Gozan, and in the cities of the Medes:
2Kgs	18	12	עַל אֲשֶׁר לֹא־שָׁמְעוּ בְּקוֹל יְהוָה אֱלֹהֵיהֶם וַיַּעַבְרוּ אֶת־בְּרִיתוֹ אֵת כָּל־אֲשֶׁר צִוָּה מֹשֶׁה עֶבֶד יְהוָה וְלֹא שָׁמְעוּ וְלֹא עָשׂוּ ׃ פ	ἀνθ’ ὧν ὅτι οὐκ ἤκουσαν τῆς Φωνῆς Κυρίου Θεοῦ αὐτῶν, καὶ παρέβησαν τὴν διαθήκην αὐτοῦ πάντα ὅσα ἐνετείλατο Μωςῆς ὁ δοῦλος Κυρίου, καὶ οὑκ ἥκουσαν καὶ οὐκ ἐποίησαν.	quia non audierunt vocem Domini Dei sui sed praetergressi sunt pactum eius omnia quae praeceperat Moses servus Domini non audierunt neque fecerunt	quia non audierunt vocem Domini Dei sui, sed prætergressi sunt pactum ejus: omnia quæ præceperat Moyses servus Domini non audierunt, neque fecerunt.		Because they obeyed not the voice of the Lord their God, but transgressed his covenant, and all that Moses the servant of the Lord commanded, and would not hear them, nor do them.
2Kgs	18	13	וּבְאַרְבַּע עֶשְׂרֵה שָׁנָה לַמֶּלֶךְ חִזְקִיָּה עָלָה סַנְחֵרִיב מֶלֶךְ־אַשּׁוּר עַל כָּל־עָרֵי יְהוּדָה הַבְּצֻרוֹת וַיִּתְפְּשֵׂם ׃	Καὶ τῷ τεσσαρεσκαιδεκάῳ ἔτει βασιλεῖ Ἑζεκιοὺ ἀνέβη Σενναχηρεὶμ βασιλεὺς Ἀσσυρίων ἐπὶ τὰς πόλεις Ἰούδα τὰς ὀχυρὰς καὶ συνέλαβεν αὐτάς.	anno quartodecimo regis Ezechiae ascendit Sennacherib rex Assyriorum ad universas civitates Iuda munitas et cepit eas	Anno quartodecimo regis Ezechiæ, ascendit Sennacherib rex Assyriorum ad universas civitates Juda munitas, et cepit eas.		Now in the fourteenth year of king Hezekiah did Sennacherib king of Assyria come up against all the fenced cities of Judah, and took them.
2Kgs	18	14	וַיִּשְׁלַח חִזְקִיָּה מֶלֶךְ־יְהוּדָה אֶל־מֶלֶךְ־אַשּׁוּר לָכִישָׁה לֵאמֹר חָטָאתִי שׁוּב מֵעָלַי אֵת אֲשֶׁר־תִּתֵּן עָלַי אֶשָּׂא וַיָּשֶׂם מֶלֶךְ־אַשּׁוּר עַל־חִזְקִיָּה מֶלֶךְ־יְהוּדָה שְׁלֹשׁ מֵאוֹת כִּכַּר־כֶּסֶף וּשְׁלֹשִׁים כִּכַּר זָהָב ׃	καὶ ἀπέστελιεν Ἑζεκίας βασιλεὺς Ἰούδα ἀγγέ λους πρὸς βασιλέα Ἀσσυρίων εἰς Δαχεὶς λέγων Ἡμάρτηκα, ἁποστράΦητι ἀπ’ἐμοῦ. ὃ ἐὰν ἐπιθῇς ἐπ’ἐμὲ βαστάσω. καὶ ἐπέθηκεν ὁ βασιλεὺς Ἀσσυρίων ἐπὶ Ἑξεκίαν βασιλέα Ἰούδα τριακόσια τάλαντα ἀργυρίου καὶ τριάκοντα τάλαντα χρυσίου.	tunc misit Ezechias rex Iuda nuntios ad regem Assyriorum Lachis dicens peccavi recede a me et omne quod inposueris mihi feram indixit itaque rex Assyriorum Ezechiae regi Iudae trecenta talenta argenti et triginta talenta auri	Tunc misit Ezechias rex Juda nuntios ad regem Assyriorum in Lachis, dicens: Peccavi: recede a me, et omne quod imposueris mihi, feram. Indixit itaque rex Assyriorum Ezechiæ regi Judæ trecenta talenta argenti, et triginta talenta auri.		And Hezekiah king of Judah sent to the king of Assyria to Lachish, saying, I have offended; return from me: that which thou puttest on me will I bear. And the king of Assyria appointed unto Hezekiah king of Judah three hundred talents of silver and thirty talents of gold.
2Kgs	18	15	וַיִּתֵּן חִזְקִיָּה אֶת־כָּל־הַכֶּסֶף הַנִּמְצָא בֵית־יְהוָה וּבְאֹצְרוֹת בֵּית הַמֶּלֶךְ ׃	καὶ ἔδωκεν Ἑξεκίας πᾶν τὸ ἀργύριον	deditque Ezechias omne argentum quod reppertum fuerat in domo Domini et in thesauris regis	Deditque Ezechias omne argentum quod repertum fuerat in domo Domini et in thesauris regis.		And Hezekiah gave him all the silver that was found in the house of the Lord, and in the treasures of the king's house.
2Kgs	18	16	בָּעֵת הַהִיא קִצַּץ חִזְקִיָּה אֶת־דַּלְתוֹת הֵיכַל יְהוָה וְאֶת־הָאֹמְנוֹת אֲשֶׁר צִפָּה חִזְקִיָּה מֶלֶךְ יְהוּדָה וַיִּתְּנֵם לְמֶלֶךְ אַשּׁוּר ׃ פ	ἐν τῷ καιρῷ ἐκείνῳ συνέκοψεν Ἑζεκίας τὰς θύρας ναοῦ καὶ τὰ ἐστηριγμένα ἃ ἐχρύσωσεν Ἑζεκίας βασιλεὺς Ἰούδα, καὶ ἔδωκεν αὐτὰ βασιλεῖ Ἀσσυῤίων.	in tempore illo confregit Ezechias valvas templi Domini et lamminas auri quas ipse adfixerat et dedit eas regi Assyriorum	In tempore illo confregit Ezechias valvas templi Domini, et laminas auri quas ipse affixerat, et dedit eas regi Assyriorum.		At that time did Hezekiah cut off the gold from the doors of the temple of the Lord, and from the pillars which Hezekiah king of Judah had overlaid, and gave it to the king of Assyria.
2Kgs	18	17	וַיִּשְׁלַח מֶלֶךְ־אַשּׁוּר אֶת־תַּרְתָּן וְאֶת־רַב־סָרִיס וְאֶת־רַב־שָׁקֵה מִן־לָכִישׁ אֶל־הַמֶּלֶךְ חִזְקִיָּהוּ בְּחֵיל כָּבֵד יְרוּשָׁלִָם וַיַּעֲלוּ וַיָּבֹאוּ יְרוּשָׁלַםִ וַיַּעֲלוּ וַיָּבֹאוּ וַיַּעַמְדוּ בִּתְעָלַת הַבְּרֵכָה הָעֶלְיוֹנָה אֲשֶׁר בִּמְסִלַּת שְׂדֵה כוֹבֵס ׃	Καὶ ἀπέστειλεν βασιλεὺς Ἀσσυρίων τὸν θανθὰν καὶ τὸν Ῥαφεὶς καὶ τὸν Ῥαψάκην ἐκ Λαχεὶς πρὸς τὸν βασιλέα Ἑζεκίαν ἐν δυνάμει βαρείᾳ ἐπὶ Ἰερουσαλήμ· καὶ ἀνέβησαν καὶ ἦλθον εἰς Ἰερουσαλήμ, καὶ ἔστησαν ἐν τῷ ὑδραγωγῷ τῆς κολυμβήθρας τῆς ἄνω ἥ ἐστιν ἐν τῇ ὁδῷ τοῦ ἀγροῦ τοῦ γναφέως.	misit autem rex Assyriorum Tharthan et Rabsaris et Rabsacen de Lachis ad regem Ezechiam cum manu valida Hierusalem qui cum ascendissent venerunt in Hierusalem et steterunt iuxta aquaeductum piscinae superioris quae est in via agri Fullonis	Misit autem rex Assyriorum Tharthan, et Rabsaris, et Rabsacen de Lachis ad regem Ezechiam cum manu valida Jerusalem: qui cum ascendissent, venerunt Jerusalem, et steterunt juxta aquæductum piscinæ superioris, quæ est in via Agrifullonis.		And the king of Assyria sent Tartan and Rabsaris and Rabshakeh from Lachish to king Hezekiah with a great host against Jerusalem. And they went up and came to Jerusalem. And when they were come up, they came and stood by the conduit of the upper pool, which is in the highway of the fuller's field.
2Kgs	18	18	וַיִּקְרְאוּ אֶל־הַמֶּלֶךְ וַיֵּצֵא אֲלֵהֶם אֶלְיָקִים בֶּן־חִלְקִיָּהוּ אֲשֶׁר עַל־הַבָּיִת וְשֶׁבְנָה הַסֹּפֵר וְיוֹאָח בֶּן־אָסָף הַמַּזְכִּיר ׃	καὶ ἐβόησαν πρὸς Ἑζεκίαν, καὶ ἦλθον πρὸς αὐτὸν Ἐλιακεὶμ νἰὸς Χελκίου ὁ οἰκονόμος καὶ Σόμνας ὁ γραμματεὺς καὶ Ἰωσαφὰτ ὁ ἀναμιμνήσκων.	vocaveruntque regem egressus est autem ad eos Eliachim filius Helciae praepositus domus et Sobna scriba et Ioahe filius Asaph a commentariis	Vocaveruntque regem: egressus est autem ad eos Eliacim filius Helciæ præpositus domus, et Sobna scriba, et Joahe filius Asaph a commentariis.		And when they had called to the king, there came out to them Eliakim the son of Hilkiah, which was over the household, and Shebna the scribe, and Joah the son of Asaph the recorder.
2Kgs	18	19	וַיֹּאמֶר אֲלֵהֶם רַב־שָׁקֵה אִמְרוּ־נָא אֶל־חִזְקִיָּהוּ כֹּה־אָמַר הַמֶּלֶךְ הַגָּדוֹל מֶלֶךְ אַשּׁוּר מָה הַבִּטָּחוֹן הַזֶּה אֲשֶׁר בָּטָחְתָּ ׃	καὶ εἶπεν πρὸς αὐτοὺς Ῥαψάκης Εἴπατε δὴ πρὸς Ἑζεκίαν Τάδε λέγει ὀ βασιλεὺς ὀ μεγας βασιλεὺς Ἀσσυρίων Τί ἡ πεποίθησις αὕτη ἣν πέποιθας;	dixitque ad eos Rabsaces loquimini Ezechiae haec dicit rex magnus rex Assyriorum quae est ista fiducia qua niteris	Dixitque ad eos Rabsaces: Loquimini Ezechiæ: Hæc dicit rex magnus, rex Assyriorum: Quæ est ista fiducia, qua niteris?		And Rabshakeh said unto them, Speak ye now to Hezekiah, Thus saith the great king, the king of Assyria, What confidence is this wherein thou trustest?
2Kgs	18	20	אָמַרְתָּ אַךְ־דְּבַר־שְׂפָתַיִם עֵצָה וּגְבוּרָה לַמִּלְחָמָה עַתָּה עַל־מִי בָטַחְתָּ כִּי מָרַדְתָּ בִּי ׃	εἶπας, πλὴν λόγοι χειλέων Βουλὴ καὶ δύναμις εὶς πόλεμον· νῦν οὖν τίνι πεποιθὼς ἠθέτησας ἐν ἐμοί;	forsitan inisti consilium ut praepares te ad proelium in quo confidis ut audeas rebellare	forsitan inisti consilium, ut præpares te ad prælium. In quo confidis, ut audeas rebellare?		Thou sayest, (but they are but vain words,) I have counsel and strength for the war. Now on whom dost thou trust, that thou rebellest against me?
2Kgs	18	21	עַתָּה הִנֵּה בָטַחְתָּ לְּךָ עַל־מִשְׁעֶנֶת הַקָּנֶה הָרָצוּץ הַזֶּה עַל־מִצְרַיִם אֲשֶׁר יִסָּמֵךְ אִישׁ עָלָיו וּבָא בְכַפּוֹ וּנְקָבָהּ כֵּן פַּרְעֹה מֶלֶךְ־מִצְרַיִם לְכָל־הַבֹּטְחִים עָלָיו ׃	νῦν ἰδοὺ πέποιθας σαυτῷ ἐπὶ τὴν ῥάβδον τὴν καλαμίνην τὴν τεθλασμένην ταύτην, ἐπ’ Αἴγυπτον· ὃς ἂν στηριχθῇ ἀνὴρ ἐπ’ αὐτήν, καὶ εἰσελεύσεται εἰς τὴν χεὶρα αὐτοῦ, καὶ τρήσει αὐτήν· οὕτως Φαραὼ βασιλεὺς Αἰγύπτου πᾶσιν τοῖς πεποιθόσιν ἐπ’ αὐτόν.	an speras in baculo harundineo atque confracto Aegypto super quem si incubuerit homo comminutus ingreditur manum eius et perforabit eam sic est Pharao rex Aegypti omnibus qui confidunt in se	an speras in baculo arundineo atque confracto Ægypto, super quem, si incubuerit homo, comminutus ingredietur manum ejus, et perforabit eam? sic est Pharao rex Ægypti omnibus qui confidunt in se.		Now, behold, thou trustest upon the staff of this bruised reed, even upon Egypt, on which if a man lean, it will go into his hand, and pierce it: so is Pharaoh king of Egypt unto all that trust on him.
2Kgs	18	22	וְכִי־תֹאמְרוּן אֵלַי אֶל־יְהוָה אֱלֹהֵינוּ בָּטָחְנוּ הֲלוֹא־הוּא אֲשֶׁר הֵסִיר חִזְקִיָּהוּ אֶת־בָּמֹתָיו וְאֶת־מִזְבְּחֹתָיו וַיֹּאמֶר לִיהוּדָה וְלִירוּשָׁלִַם לִפְנֵי הַמִּזְבֵּחַ הַזֶּה תִּשְׁתַּחֲווּ בִּירוּשָׁלָםִ ׃	καὶ ὅτι εἶπας πρὸς μέ Ἐπὶ Κύριον θεὸν πεποίθαμεν· οὐχὶ αὐτὸς οὖτος ἀπέστησεν Ἑζεκίας τὰ ὑψηλὰ αὐτοῦ καὶ τὰ θυσιαστήρια αὐτοῦ, καὶ εἶπεν τῷ Ἰούδᾳ καὶ τῇ Ἰερουσαλήμ Ἐνώπιον τοῦ θυσιαστηρίου τούτου προσκυνήσετε ἐν Ἰερουσαλήμ;	quod si dixeritis mihi in Domino Deo nostro habemus fiduciam nonne iste est cuius abstulit Ezechias excelsa et altaria et praecepit Iudae et Hierusalem ante altare hoc adorabitis in Hierusalem	Quod si dixeritis mihi: In Domino Deo nostro habemus fiduciam: nonne iste est, cujus abstulit Ezechias excelsa et altaria, et præcepit Judæ et Jerusalem: Ante altare hoc adorabitis in Jerusalem?		But if ye say unto me, We trust in the Lord our God: is not that he, whose high places and whose altars Hezekiah hath taken away, and hath said to Judah and Jerusalem, Ye shall worship before this altar in Jerusalem?
2Kgs	18	23	וְעַתָּה הִתְעָרֶב נָא אֶת־אֲדֹנִי אֶת־מֶלֶךְ אַשּׁוּר וְאֶתְּנָה לְךָ אַלְפַּיִם סוּסִים אִם־תּוּכַל לָתֶת לְךָ רֹכְבִים עֲלֵיהֶם ׃	καὶ νῦν μίχθητε δὴ τῷ κυρίῳ μου βασιλεῖ Ἀσσυρίων, καὶ δώσω σοι δισχιλίους ἵππους, εἰ δυνήσῃ δοῦναι σεαυτῷ ἐπιβάτας ἐπ’ αὐτούς.	nunc igitur transite ad dominum meum regem Assyriorum et dabo vobis duo milia equorum et videte an habere valeatis ascensores eorum	Nunc igitur transite ad dominum meum regem Assyriorum, et dabo vobis duo millia equorum, et videte an habere valeatis ascensores eorum.		Now therefore, I pray thee, give pledges to my lord the king of Assyria, and I will deliver thee two thousand horses, if thou be able on thy part to set riders upon them.
2Kgs	18	24	וְאֵיךְ תָּשִׁיב אֵת פְּנֵי פַחַת אַחַד עַבְדֵי אֲדֹנִי הַקְּטַנִּים וַתִּבְטַח לְךָ עַל־מִצְרַיִם לְרֶכֶב וּלְפָרָשִׁים ׃	καὶ πῶς ἀποστρέψετε τὸ πρόσωπον τοπάρχου ἑνὸς τῶν δούλων τοῦ κυρίου μου τῶν ἐλαχίστων; καὶ ἤλπισας σαυτῷ ἐπ’ Αἴγυπτον εἰς ἅρματα καὶ ἱππεῖς.	et quomodo potestis resistere ante unum satrapam de servis domini mei minimis an fiduciam habes in Aegypto propter currus et equites	Et quomodo potestis resistere ante unum satrapam de servis domini mei minimis? an fiduciam habes in Ægypto propter currus et equites?		How then wilt thou turn away the face of one captain of the least of my master's servants, and put thy trust on Egypt for chariots and for horsemen?
2Kgs	18	25	עַתָּה הֲמִבַּלְעֲדֵי יְהוָה עָלִיתִי עַל־הַמָּקוֹם הַזֶּה לְהַשְׁחִתוֹ יְהוָה אָמַר אֵלַי עֲלֵה עַל־הָאָרֶץ הַזֹּאת וְהַשְׁחִיתָהּ ׃	καὶ νῦν μὴ ἄνευ Κυρίου ἀνέβημεν ἐπὶ τὸν τόπον τοῦτον διαφθεῖραι αὐτόν; Κύριος εἶπεν πρὸς μέ Ἀνάβηθι ἐπὶ τὴν γὴν ταύτην καὶ διάφθειρον αὐτήν.	numquid sine Domini voluntate ascendi ad locum istum ut demolirer eum Dominus dixit mihi ascende ad terram hanc et demolire eam	Numquid sine Domini voluntate ascendi ad locum istum, ut demolirer eum? Dominus dixit mihi: Ascende ad terram hanc, et demolire eam.		Am I now come up without the Lord against this place to destroy it? The Lord said to me, Go up against this land, and destroy it.
2Kgs	18	26	וַיֹּאמֶר אֶלְיָקִים בֶּן־חִלְקִיָּהוּ וְשֶׁבְנָה וְיוֹאָח אֶל־רַב־שָׁקֵה דַּבֶּר־נָא אֶל־עֲבָדֶיךָ אֲרָמִית כִּי שֹׁמְעִים אֲנָחְנוּ וְאַל־תְּדַבֵּר עִמָּנוּ יְהוּדִית בְּאָזְנֵי הָעָם אֲשֶׁר עַל־הַחֹמָה ׃	καὶ εἶπεν Ἐλιακεὶμ οἱὸς Χελκείου καὶ Σόμνας καὶ Ἰώας πρὸς Ῥαψάκην Λάλησον δὴ πρὸς τοὺς τοὺς παῖδάς σου Συριστί· ἀκούομεν ἡμεῖς, καὶ οὐ λαλήσεις μεθ’ ἡμῶν Ἰουδαιστί· καὶ ἵνα τί λαλεῖς ἐν τοῖς ὠσὶν τοῦ λαοῦ τοῦ ἐπὶ τοῦ τείχους;	dixerunt autem Eliachim filius Helciae et Sobna et Ioahe Rabsaci precamur ut loquaris nobis servis tuis syriace siquidem intellegimus hanc linguam et non loquaris nobis iudaice audiente populo qui est super murum	Dixerunt autem Eliacim filius Helciæ, et Sobna, et Joahe Rabsaci: Precamur ut loquaris nobis servis tuis syriace: siquidem intelligimus hanc linguam: et non loquaris nobis judaice, audiente populo qui est super murum.		Then said Eliakim the son of Hilkiah, and Shebna, and Joah, unto Rabshakeh, Speak, I pray thee, to thy servants in the Syrian language; for we understand it: and talk not with us in the Jews' language in the ears of the people that are on the wall.
2Kgs	18	27	וַיֹּאמֶר אֲלֵיהֶם רַב־שָׁקֵה הַעַל אֲדֹנֶיךָ וְאֵלֶיךָ שְׁלָחַנִי אֲדֹנִי לְדַבֵּר אֶת־הַדְּבָרִים הָאֵלֶּה הֲלֹא עַל־הָאֲנָשִׁים הַיֹּשְׁבִים עַל־הַחֹמָה לֶאֱכֹל אֶת חֹרַיהָם וְלִשְׁתּוֹת אֶת־שֵׁיַנְיֵהֶם עִמָּכֶם ׃	καὶ εἶπεν πρὸς αὐτοὺς Ῥαψακης Μὴ ἐπὶ τὸν κύριόν σου καὶ πρὸς σὲ ἀπέστειλέν με ὁ κύριός μου λαλῆσαι τοὺς λόγους τούτους; οὐχὶ ἐπὶ τοὺς ανδρας τοὺς καθημένους ἐπὶ τοῦ τείχους, τοῦ Φαγεῖν τὴν κόπρον αἠτῶν καὶ πιεὶν τὸ οὖρον αὐτῶν μεθ’ ὑμῶν ἅμα;	responditque eis Rabsaces numquid ad dominum tuum et ad te misit me dominus meus ut loquerer sermones hos et non ad viros qui sedent super murum ut comedant stercora sua et bibant urinam suam vobiscum	Responditque eis Rabsaces, dicens: Numquid ad dominum tuum, et ad te misit me dominus meus, ut loquerer sermones hos, et non potius ad viros qui sedent super murum, ut comedant stercora sua, et bibant urinam suam vobiscum?		But Rabshakeh said unto them, Hath my master sent me to thy master, and to thee, to speak these words? hath he not sent me to the men which sit on the wall, that they may eat their own dung, and drink their own piss with you?
2Kgs	18	28	וַיַּעֲמֹד רַב־שָׁקֵה וַיִּקְרָא בְקוֹל־גָּדוֹל יְהוּדִית וַיְדַבֵּר וַיֹּאמֶר שִׁמְעוּ דְּבַר־הַמֶּלֶךְ הַגָּדוֹל מֶלֶךְ אַשּׁוּר ׃	καὶ .ἔστη Ῥαψάκης καὶ ἐβόησεν μεγάλῃ Ἰουδαιστί· καὶ ἐλάλησεν καὶ εἶπεν Ἀκούσατε τοὺς λόγους τοῦ μεγάλου βασιλέως Ἀσσυρίων	stetit itaque Rabsaces et clamavit voce magna iudaice et ait audite verba regis magni regis Assyriorum	Stetit itaque Rabsaces, et exclamavit voce magna judaice, et ait: Audite verba regis magni, regis Assyriorum.		Then Rabshakeh stood and cried with a loud voice in the Jews' language, and spake, saying, Hear the word of the great king, the king of Assyria:
2Kgs	18	29	כֹּה אָמַר הַמֶּלֶךְ אַל־יַשִּׁיא לָכֶם חִזְקִיָּהוּ כִּי־לֹא יוּכַל לְהַצִּיל אֶתְכֶם מִיָּדוֹ ׃	Τάδε λέγει ὁ βασιλεύς Μὴ ἐπαιρέτω ὑμᾶς Ἑζεκίας λόγοις, ὅτι οὐ μὴ δύνηται ὑμᾶς ἐξελέσθαι ἐκ χειρὸς αὐτοῦ.	haec dicit rex non vos seducat Ezechias non enim poterit eruere vos de manu mea	Hæc dicit rex: Non vos seducat Ezechias: non enim poterit eruere vos de manu mea:		Thus saith the king, Let not Hezekiah deceive you: for he shall not be able to deliver you out of his hand:
2Kgs	18	30	וְאַל־יַבְטַח אֶתְכֶם חִזְקִיָּהוּ אֶל־יְהוָה לֵאמֹר הַצֵּל יַצִּילֵנוּ יְהוָה וְלֹא תִנָּתֵן אֶת־הָעִיר הַזֹּאת בְּיַד מֶלֶךְ אַשּׁוּר ׃	καὶ μὴ ἐπελπιζέτω ὑμᾶς Ἐςεκίας πρὸς Κύριον λέγων Ἐξαιρούμενος ἐξελεῖται Κύριος· οὐ μὴ παραδοθῇ ἡ πόλις αὔτη ἐν χειρὶ βασιλέως Ἀσσυρίων.	neque fiduciam vobis tribuat super Domino dicens eruens liberabit nos Dominus et non tradetur civitas haec in manu regis Assyriorum	neque fiduciam vobis tribuat super Dominum, dicens: Eruens liberabit nos Dominus, et non tradetur civitas hæc in manu regis Assyriorum.		Neither let Hezekiah make you trust in the Lord, saying, The Lord will surely deliver us, and this city shall not be delivered into the hand of the king of Assyria.
2Kgs	18	31	אַל־תִּשְׁמְעוּ אֶל־חִזְקִיָּהוּ כִּי כֹה אָמַר מֶלֶךְ אַשּׁוּר עֲשׂוּ־אִתִּי בְרָכָה וּצְאוּ אֵלַי וְאִכְלוּ אִישׁ־גַּפְנוֹ וְאִישׁ תְּאֵנָתוֹ וּשְׁתוּ אִישׁ מֵי־בוֹרוֹ ׃	μὴ ἀκούετε Ἑζεκίου, ὅτι τάδε λέγει ὁ βασιλεὺς Ἀσσυρίων Ποιήσατε μετ’ ἐμοῦ εὐλογίαν καὶ ἐξέλθατε πρὸς μέ, καὶ πίεται ἀνὴρ τὴν ἄμπελον αὐτοῦ, καὶ ἀνὴρ τὴν συκὴν αὐτοῦ Φάγεται, καὶ πίεται ὕδωρ τοῦ λάκκου αὐτοῦ,	nolite audire Ezechiam haec enim dicit rex Assyriorum facite mecum quod vobis est utile et egredimini ad me et comedet unusquisque de vinea sua et de ficu sua et bibetis aquas de cisternis vestris	Nolite audire Ezechiam. Hæc enim dicit rex Assyriorum: Facite mecum quod vobis est utile, et egredimini ad me: et comedet unusquisque de vinea sua, et de ficu sua: et bibetis aquas de cisternis vestris,		Hearken not to Hezekiah: for thus saith the king of Assyria, Make an agreement with me by a present, and come out to me, and then eat ye every man of his own vine, and every one of his fig tree, and drink ye every one the waters of his cistern:
2Kgs	18	32	עַד־בֹּאִי וְלָקַחְתִּי אֶתְכֶם אֶל־אֶרֶץ כְּאַרְצְכֶם אֶרֶץ דָּגָן וְתִירוֹשׁ אֶרֶץ לֶחֶם וּכְרָמִים אֶרֶץ זֵית יִצְהָר וּדְבַשׁ וִחְיוּ וְלֹא תָמֻתוּ וְאַל־תִּשְׁמְעוּ אֶל־חִזְקִיָּהוּ כִּי־יַסִּית אֶתְכֶם לֵאמֹר יְהוָה יַצִּילֵנוּ ׃	ἕως ἔλθω καὶ λάβω ὑμᾶς εἰς γῆν ὡς γῆ ὑμῶν, σίτου καὶ οἴνου καὶ ἄρτου καὶ ἀμπελώνων, γῆ έλαίας ἐλαίου καὶ μέλιτος· καὶ ζήσετε καὶ οὐ μὴ ἀποθάνητε. καὶ μὴ ἀκούετε Ἑζεκίου, ὅτι ἀπατᾷ ὑμᾶς λέγων Κύριος ῥύσεται ὑμᾶς.	donec veniam et transferam vos in terram quae similis terrae vestrae est in terram fructiferam et fertilem vini terram panis et vinearum terram olivarum et olei ac mellis et vivetis et non moriemini nolite audire Ezechiam qui vos decipit dicens Dominus liberabit nos	donec veniam, et transferam vos in terram quæ similis est terræ vestræ, in terram fructiferam, et fertilem vini, terram panis et vinearum, terram olivarum et olei ac mellis: et vivetis, et non moriemini. Nolite audire Ezechiam, qui vos decipit, dicens: Dominus liberabit nos.		Until I come and take you away to a land like your own land, a land of corn and wine, a land of bread and vineyards, a land of oil olive and of honey, that ye may live, and not die: and hearken not unto Hezekiah, when he persuadeth you, saying, The Lord will deliver us.
2Kgs	18	33	הַהַצֵּל הִצִּילוּ אֱלֹהֵי הַגּוֹיִם אִישׁ אֶת־אַרְצוֹ מִיַּד מֶלֶךְ אַשּׁוּר ׃	μὴ ῥυόμενοι ἐρύσαντο οἱ θεοὶ τῶν ἐθνῶν ἕκαστιος τὴν ἑαυτοῦ χώραν ἐκ χειρός βασιλέως Ἀσσυρίων;	numquid liberaverunt dii gentium terram suam de manu regis Assyriorum	Numquid liberaverunt dii gentium terram suam de manu regis Assyriorum?		Hath any of the gods of the nations delivered at all his land out of the hand of the king of Assyria?
2Kgs	18	34	אַיֵּה אֱלֹהֵי חֲמָת וְאַרְפָּד אַיֵּה אֱלֹהֵי סְפַרְוַיִם הֵנַע וְעִוָּה כִּי־הִצִּילוּ אֶת־שֹׁמְרוֹן מִיָּדִי ׃	ποῦ ἐστιν ὁ θεὸς Αἱμὰθ καὶ Ἀρφάλ ; ποῦ ἔστιν ὁ θεὸς Σεπφαρουμάιν ; καὶ ὅτι ἐξείλαντο Σαμάρειαν ἐκ χειρός μου ;	ubi est deus Emath et Arfad ubi est deus Sepharvaim Ana et Ava numquid liberaverunt Samariam de manu mea	ubi est deus Emath, et Arphad? ubi est deus Sepharvaim, Ana, et Ava? numquid liberaverunt Samariam de manu mea?		Where are the gods of Hamath, and of Arpad? where are the gods of Sepharvaim, Hena, and Ivah? have they delivered Samaria out of mine hand?
2Kgs	18	35	מִי בְּכָל־אֱלֹהֵי הָאֲרָצוֹת אֲשֶׁר־הִצִּילוּ אֶת־אַרְצָם מִיָּדִי כִּי־יַצִּיל יְהוָה אֶת־יְרוּשָׁלִַם מִיָּדִי ׃	τίς ἐν πᾶσιν τοῖς θεοῖς τῶν γαιῶν οἳ ἐξεἰλαντο τὰς γᾶς αὐτῶν ἐκ χειρός μου, ὄτι ἐξελεῖται Κύριος τὴν Ἰερουσαλὴμ ἐκ χειρός μου ;	quinam illi sunt in universis diis terrarum qui eruerunt regionem suam de manu mea ut possit eruere Dominus Hierusalem de manu mea	Quinam illi sunt in universis diis terrarum, qui eruerunt regionem suam de manu mea, ut possit eruere Dominus Jerusalem de manu mea?		Who are they among all the gods of the countries, that have delivered their country out of mine hand, that the Lord should deliver Jerusalem out of mine hand?
2Kgs	18	36	וְהֶחֱרִישׁוּ הָעָם וְלֹא־עָנוּ אֹתוֹ דָּבָר כִּי־מִצְוַת הַמֶּלֶךְ הִיא לֵאמֹר לֹא תַעֲנֻהוּ ׃	καὶ ἐκώφευσαν καὶ οὐκ ἀπεκρίθησαν αὐτῷ λόγον, ὄτι ἐντολὴ τοῦ βασιλέως λέγων Οὐκ ἀποκριθήσεσθε αὐτῷ.	tacuit itaque populus et non respondit ei quicquam siquidem praeceptum regis acceperant ut non responderent ei	Tacuit itaque populus, et non respondit ei quidquam: siquidem præceptum regis acceperant ut non responderent ei.		But the people held their peace, and answered him not a word: for the king's commandment was, saying, Answer him not.
2Kgs	18	37	וַיָּבֹא אֶלְיָקִים בֶּן־חִלְקִיָּה אֲשֶׁר־עַל־הַבַּיִת וְשֶׁבְנָא הַסֹּפֵר וְיוֹאָח בֶּן־אָסָף הַמַּזְכִּיר אֶל־חִזְקִיָּהוּ קְרוּעֵי בְגָדִים וַיַּגִּדוּ לוֹ דִּבְרֵי רַב־שָׁקֵה ׃	καὶ εἰσῆλθεν Ἐλιακεὶμ υἱὸς χελκείου ὁ οἰκονόμος καὶ Σόμνας ὁ γραμματεὺς καὶ Ἰώας υἱὸς Σαφὰν ὁ ἀναμιμνήσκων πρὸς τὸν Ἑζεκίαν διερρηχότες τὰ ἱμάτια, καὶ XIX	venitque Eliachim filius Helciae praepositus domus et Sobna scriba et Ioahe filius Asaph a commentariis ad Ezechiam scissis vestibus et nuntiaverunt ei verba Rabsacis	Venitque Eliacim filius Helciæ, præpositus domus, et Sobna scriba, et Joahe filius Asaph a commentariis ad Ezechiam scissis vestibus, et nuntiaverunt ei verba Rabsacis.		Then came Eliakim the son of Hilkiah, which was over the household, and Shebna the scribe, and Joah the son of Asaph the recorder, to Hezekiah with their clothes rent, and told him the words of Rabshakeh.
2Kgs	19	1	וַיְהִי כִּשְׁמֹעַ הַמֶּלֶךְ חִזְקִיָּהוּ וַיִּקְרַע אֶת־בְּגָדָיו וַיִּתְכַּס בַּשָּׂק וַיָּבֹא בֵּית יְהוָה ׃	XIXβασιλεὺς Ἑζεκίας, καὶ διέρρξεν τὰ ἱμάτια ἑαυτοῦ καὶ περιεβάλετο σάκκον, καὶ εἰσῆλθεν εἰς οἶκον Κυρίου.	quae cum audisset rex Ezechias scidit vestimenta sua et opertus est sacco ingressusque est domum Domini	Quæ cum audisset Ezechias rex, scidit vestimenta sua, et opertus est sacco, ingressusque est domum Domini.		And it came to pass, when king Hezekiah heard it, that he rent his clothes, and covered himself with sackcloth, and went into the house of the Lord.
2Kgs	19	2	וַיִּשְׁלַח אֶת־אֶלְיָקִים אֲשֶׁר־עַל־הַבַּיִת וְשֶׁבְנָא הַסֹּפֵר וְאֵת זִקְנֵי הַכֹּהֲנִים מִתְכַּסִּים בַּשַּׂקִּים אֶל־יְשַׁעְיָהוּ הַנָּבִיא בֶּן־אָמוֹץ ׃	καὶ ἀπέστειλεν Ἐλιακεὶμ τὸν οἰκονόμον καὶ Σόμναν τὸν γραμματέα καὶ τοὺς πρεσβυτέρους τῶν ἱερέων περιβεβλημένους σάκκους πρὸς Ἠσαίαν τὸν προφήτην υἱὸν Ἀμώς,	et misit Eliachim praepositum domus et Sobnam scribam et senes de sacerdotibus opertos saccis ad Esaiam prophetam filium Amos	Et misit Eliacim præpositum domus, et Sobnam scribam, et senes de sacerdotibus, opertos saccis, ad Isaiam prophetam filium Amos.		And he sent Eliakim, which was over the household, and Shebna the scribe, and the elders of the priests, covered with sackcloth, to Isaiah the prophet the son of Amoz.
2Kgs	19	3	וַיֹּאמְרוּ אֵלָיו כֹּה אָמַר חִזְקִיָּהוּ יוֹם־צָרָה וְתוֹכֵחָה וּנְאָצָה הַיּוֹם הַזֶּה כִּי בָאוּ בָנִים עַד־מַשְׁבֵּר וְכֹחַ אַיִן לְלֵדָה ׃	καὶ εἶπεν πρὸς αὐτόν Τάδε λέγει Ἑζεκίας Ἡμέρα θλίψεως καὶ ἐλεγμοῦ καὶ παροργισμοῦ ἡ ἡμέρα αὔτη, ὄτι ἦλθον υἱοὶ ἔως ὠδίνων, καὶ ἰσχὺς οὐκ ἔστιν τῇ τικτούςῃ.	qui dixerunt haec dicit Ezechias dies tribulationis et increpationis et blasphemiae dies iste venerunt filii usque ad partum et vires non habet parturiens	Qui dixerunt: Hæc dicit Ezechias: Dies tribulationis, et increpationis, et blasphemiæ dies iste: venerunt filii usque ad partum, et vires non habet parturiens.		And they said unto him, Thus saith Hezekiah, This day is a day of trouble, and of rebuke, and blasphemy; for the children are come to the birth, and there is not strength to bring forth.
2Kgs	19	4	אוּלַי יִשְׁמַע יְהוָה אֱלֹהֶיךָ אֵת כָּל־דִּבְרֵי רַב־שָׁקֵה אֲשֶׁר שְׁלָחוֹ מֶלֶךְ־אַשּׁוּר אֲדֹנָיו לְחָרֵף אֱלֹהִים חַי וְהוֹכִיחַ בַּדְּבָרִים אֲשֶׁר שָׁמַע יְהוָה אֱלֹהֶיךָ וְנָשָׂאתָ תְפִלָּה בְּעַד הַשְּׁאֵרִית הַנִּמְצָאָה ׃	εἴ πως εἰσακούσεται Κύριος ὁ θεός σου πάντας τοὺς λόγους Ῥαψάκου, ὅν ἀτέστειλεν αὐτὸν βασιλεὺς Ἀσσυρίων ὁ κύριος αὐτοῦ ὀνειδίζειν θεὸν ζῶντα καὶ βλασφημεῖν ἐν λόγοις οἷς ἤκουσεν Κύριος ὁ θεός σου, καὶ λήμψῃ προσευχὴν περὶ τοῦ λήμματος τοῦ εὐρισκομένου.	si forte audiat Dominus Deus tuus universa verba Rabsacis quem misit rex Assyriorum dominus suus ut exprobraret Deum viventem et argueret verbis quae audivit Dominus Deus tuus et fac orationem pro reliquiis quae reppertae sunt	Si forte audiat Dominus Deus tuus universa verba Rabsacis, quem misit rex Assyriorum dominus suus ut exprobraret Deum viventem et argueret verbis, quæ audivit Dominus Deus tuus: et fac orationem pro reliquiis quæ repertæ sunt.		It may be the Lord thy God will hear all the words of Rabshakeh, whom the king of Assyria his master hath sent to reproach the living God; and will reprove the words which the Lord thy God hath heard: wherefore lift up thy prayer for the remnant that are left.
2Kgs	19	5	וַיָּבֹאוּ עַבְדֵי הַמֶּלֶךְ חִזְקִיָּהוּ אֶל־יְשַׁעַיָהוּ ׃	καὶ ἦλθον οἱ παῖες τοῦ βασιλέως Ἑζεκόυ τρὸς Ἠσαίαν,	venerunt ergo servi regis Ezechiae ad Esaiam	Venerunt ergo servi regis Ezechiæ ad Isaiam.		So the servants of king Hezekiah came to Isaiah.
2Kgs	19	6	וַיֹּאמֶר לָהֶם יְשַׁעְיָהוּ כֹּה תֹאמְרוּן אֶל־אֲדֹנֵיכֶם כֹּה אָמַר יְהוָה אַל־תִּירָא מִפְּנֵי הַדְּבָרִים אֲשֶׁר שָׁמַעְתָּ אֲשֶׁר גִּדְּפוּ נַעֲרֵי מֶלֶךְ־אַשּׁוּר אֹתִי ׃	καὶ εἶπεν αὐτοῖς Ἠσαίας Τάδε ἐρεῖτε πρὸς τὸν κύριον ὑμῶν Τάδε λέγει Κύριος Μὴ φοβηθῇς ἀπὸ τῶν λόγων ὧν ἤκουσας, ὧν ἐβλασφ΄μσαν τὰ παικάρια βασιλεως Ἀσσυρίων.	dixitque eis Esaias haec dicetis domino vestro haec dicit Dominus noli timere a facie sermonum quos audisti quibus blasphemaverunt pueri regis Assyriorum me	Dixitque eis Isaias: Hæc dicetis domino vestro: Hæc dicit Dominus: Noli timere a facie sermonum quos audisti, quibus blasphemaverunt pueri regis Assyriorum me.		And Isaiah said unto them, Thus shall ye say to your master, Thus saith the Lord, Be not afraid of the words which thou hast heard, with which the servants of the king of Assyria have blasphemed me.
2Kgs	19	7	הִנְנִי נֹתֵן בּוֹ רוּחַ וְשָׁמַע שְׁמוּעָה וְשָׁב לְאַרְצוֹ וְהִפַּלְתִּיו בַּחֶרֶב בְּאַרְצוֹ ׃	ἰδοὺ ἐγὼ δίδωμι ἐν αὐτῷ πωεῦμα, καὶ ἀκούσεται ἀγγείαν καὶ ἀποστραφήσεται εἰς τὴν γῆν αὐτοῦ· καὶ καταβαλῶ αὐτὸν ἐν ῥομφαίᾳ ἐν τῇ υῇ αὐτοῦ.	ecce ego inmittam ei spiritum et audiet nuntium et revertetur in terram suam et deiciam eum gladio in terra sua	Ecce ego immittam ei spiritum, et audiet nuntium, et revertetur in terram suam, et dejiciam eum gladio in terra sua.		Behold, I will send a blast upon him, and he shall hear a rumour, and shall return to his own land; and I will cause him to fall by the sword in his own land.
2Kgs	19	8	וַיָּשָׁב רַב־שָׁקֵה וַיִּמְצָא אֶת־מֶלֶךְ אַשּׁוּר נִלְחָם עַל־לִבְנָה כִּי שָׁמַע כִּי נָסַע מִלָּכִישׁ ׃	Καὶ ἐπέστρεψεν Ῥαψάκης, καὶ εὗρεν τὸν βασιλέα Ἀσσυρίων πολεμοῦντα ἐπὶ Λομνά, ὅτι ἤκουσεν ὅτι ἀπῆρεν ὰπὸ Λαχείς.	reversus est igitur Rabsaces et invenit regem Assyriorum expugnantem Lobnam audierat enim quod recessisset de Lachis	Reversus est ergo Rabsaces, et invenit regem Assyriorum expugnantem Lobnam: audierat enim quod recessisset de Lachis.		So Rabshakeh returned, and found the king of Assyria warring against Libnah: for he had heard that he was departed from Lachish.
2Kgs	19	9	וַיִּשְׁמַע אֶל־תִּרְהָקָה מֶלֶךְ־כּוּשׁ לֵאמֹר הִנֵּה יָצָא לְהִלָּחֵם אִתָּךְ וַיָּשָׁב וַיִּשְׁלַח מַלְאָכִים אֶל־חִזְקִיָּהוּ לֵאמֹר ׃	καὶ ἤκουσεν περὶ Θαρὰ ἐπέστρεψεν καὶ ἀπέστειλεν ἀγγέλους πρὸς Ἑζεκίαν λέγων	cumque audisset de Tharaca rege Aethiopiae dicentes ecce egressus est ut pugnet adversum te et iret contra eum misit nuntios ad Ezechiam dicens	Cumque audisset de Tharaca rege Æthiopiæ, dicentes: Ecce egressus est ut pugnet adversum te: et iret contra eum, misit nuntios ad Ezechiam, dicens:		And when he heard say of Tirhakah king of Ethiopia, Behold, he is come out to fight against thee: he sent messengers again unto Hezekiah, saying,
2Kgs	19	10	כֹּה תֹאמְרוּן אֶל־חִזְקִיָּהוּ מֶלֶךְ־יְהוּדָה לֵאמֹר אַל־יַשִּׁאֲךָ אֱלֹהֶיךָ אֲשֶׁר אַתָּה בֹּטֵחַ בּוֹ לֵאמֹר לֹא תִנָּתֵן יְרוּשָׁלַםִ בְּיַד מֶלֶךְ אַשּׁוּר ׃	Μὴ ἐπαιρέτω σε ὁ θεός σου, ἐφ’ ᾧ σὺ πέποιθας ἐν αὐτῷ λέγων Οὑ μὴ παραδοθῇ Ἰερουσαλὴμ εἰς χεῖρας βασιλέως Ἀσσυρίων.	haec dicite Ezechiae regi Iudae non te seducat Deus tuus in quo habes fiduciam neque dicas non tradetur Hierusalem in manu regis Assyriorum	Hæc dicite Ezechiæ regi Juda: Non te seducat Deus tuus in quo habes fiduciam, neque dicas: Non tradetur Jerusalem in manus regis Assyriorum.		Thus shall ye speak to Hezekiah king of Judah, saying, Let not thy God in whom thou trustest deceive thee, saying, Jerusalem shall not be delivered into the hand of the king of Assyria.
2Kgs	19	11	הִנֵּה אַתָּה שָׁמַעְתָּ אֵת אֲשֶׁר עָשׂוּ מַלְכֵי אַשּׁוּר לְכָל־הָאֲרָצוֹת לְהַחֲרִימָם וְאַתָּה תִּנָּצֵל ׃	ἰδοὺ σὺ ἤκουσας πάωτα ὅσα ἐποίησαν βασιλεῖς Ἀσσυρίων πάσαις ταῖς γαῖς, τοῦ ἀναθεματίασαι αὐτάς· καὶ σὺ ῥυσθὴσῃ;	tu enim ipse audisti quae fecerint reges Assyriorum universis terris quomodo vastaverint eas num ergo solus poteris liberari	Tu enim ipse audisti quæ fecerunt reges Assyriorum universis terris, quomodo vastaverunt eas: num ergo solus poteris liberari?		Behold, thou hast heard what the kings of Assyria have done to all lands, by destroying them utterly: and shalt thou be delivered?
2Kgs	19	12	הַהִצִּילוּ אֹתָם אֱלֹהֵי הַגּוֹיִם אֲשֶׁר שִׁחֲתוּ אֲבוֹתַי אֶת־גּוֹזָן וְאֶת־חָרָן וְרֶצֶף וּבְנֵי־עֶדֶן אֲשֶׁר בִּתְלַאשָּׂר ׃	μὴ ἐξείλαντο αὐτοὺς οἱ θεοὶ τῶν ἐθνῶν ; οὐ διέφθειραν οἱ πατέρες μου τὴν τε Γωζὰν καὶ τὴν Χαρρὰν καὶ Ῥάφεις καὶ υἱοὺς Ἔδεμ τοὺς ἐν Θαεσθέν;	numquid liberaverunt dii gentium singulos quos vastaverunt patres mei Gozan videlicet et Aran et Reseph et filios Eden qui erant in Thelassar	Numquid liberaverunt dii gentium singulos quos vastaverunt patres mei, Gozan videlicet, et Haran, et Reseph, et filios Eden qui erant in Thelassar?		Have the gods of the nations delivered them which my fathers have destroyed; as Gozan, and Haran, and Rezeph, and the children of Eden which were in Thelasar?
2Kgs	19	13	אַיּוֹ מֶלֶךְ־חֲמָת וּמֶלֶךְ אַרְפָּד וּמֶלֶךְ לָעִיר סְפַרְוָיִם הֵנַע וְעִוָּה ׃	ποῦ ἐστιν ὁ βασιλεὺς Μὰθ καὶ ὁ βασιλεὺς Ἀρφάθ; καὶ ποῦ Σεφφαρουάιν, Ἁνὲς καὶ Οὐδού;	ubi est rex Emath et rex Arfad et rex civitatis Sepharvaim Ana et Ava	ubi est rex Emath, et rex Arphad, et rex civitatis Sepharvaim, Ana, et Ava?		Where is the king of Hamath, and the king of Arpad, and the king of the city of Sepharvaim, of Hena, and Ivah?
2Kgs	19	14	וַיִּקַּח חִזְקִיָּהוּ אֶת־הַסְּפָרִים מִיַּד הַמַּלְאָכִים וַיִּקְרָאֵם וַיַּעַל בֵּית יְהוָה וַיִּפְרְשֵׂהוּ חִזְקִיָּהוּ לִפְנֵי יְהוָה ׃ פ	καὶ ἔλαβεν Ἑζεκίας τὰ βιβλία ἐκ χειρὸς τῶν ἀγγέλων καὶ ἀνέγνω αὐτά· καὶ ἀνέβη εἰς οἶκον κυρίου καὶ ἀνέπτυξεν ἀυτὰ Ἑζεκίας ἐναντίον Κυρίου,	itaque cum accepisset Ezechias litteras de manu nuntiorum et legisset eas ascendit in domum Domini et expandit eas coram Domino	Itaque cum accepisset Ezechias litteras de manu nuntiorum, et legisset eas, ascendit in domum Domini, et expandit eas coram Domino,		And Hezekiah received the letter of the hand of the messengers, and read it: and Hezekiah went up into the house of the Lord, and spread it before the Lord.
2Kgs	19	15	וַיִּתְפַּלֵּל חִזְקִיָּהוּ לִפְנֵי יְהוָה וַיֹּאמַר יְהוָה אֱלֹהֵי יִשְׂרָאֵל יֹשֵׁב הַכְּרֻבִים אַתָּה־הוּא הָאֱלֹהִים לְבַדְּךָ לְכֹל מַמְלְכוֹת הָאָרֶץ אַתָּה עָשִׂיתָ אֶת־הַשָּׁמַיִם וְאֶת־הָאָרֶץ ׃	καὶ εἶπεν Κύριε ὁ θεὸς Ἰσραὴλ ὁ καθήμενος ἐπὶ τῶν χερουβείν, σὺ εἶ ὁ θεὸς μένος ἐν πάσαις ταῖς βασιλείαις τῆς γῆς, σὺ ἐποίησας τὸν οὐρανόν καὶ τὴν γῆν.	et oravit in conspectu eius dicens Domine Deus Israhel qui sedes super cherubin tu es Deus solus regum omnium terrae tu fecisti caelum et terram	et oravit in conspectu ejus, dicens: Domine Deus Israël, qui sedes super cherubim, tu es Deus solus regum omnium terræ: tu fecisti cælum et terram.		And Hezekiah prayed before the Lord, and said, O Lord God of Israel, which dwellest between the cherubims, thou art the God, even thou alone, of all the kingdoms of the earth; thou hast made heaven and earth.
2Kgs	19	16	הַטֵּה יְהוָה אָזְנְךָ וּשֲׁמָע פְּקַח יְהוָה עֵינֶיךָ וּרְאֵה וּשְׁמַע אֵת דִּבְרֵי סַנְחֵרִיב אֲשֶׁר שְׁלָחוֹ לְחָרֵף אֱלֹהִים חָי ׃	κλῖνον, Κύριε, τὸ οὖς σου καὶ ἄκουσου· ἄνοικον, Κύριε, τοὺς ὀφθαλμούς σου καὶ ἴδε, καὶ ἄκουσον τοὺς λόγους Σενναχηρεὶμ οὕς ἀπέστειλεν ὀνειδίζειν θεὸν ζῶντα.	inclina aurem tuam et audi aperi Domine oculos tuos et vide et audi omnia verba Sennacherib qui misit ut exprobraret nobis Deum viventem	Inclina aurem tuam, et audi: aperi, Domine, oculos tuos, et vide: audi omnia verba Sennacherib, qui misit ut exprobraret nobis Deum viventem.		Lord, bow down thine ear, and hear: open, Lord, thine eyes, and see: and hear the words of Sennacherib, which hath sent him to reproach the living God.
2Kgs	19	17	אָמְנָם יְהוָה הֶחֱרִיבוּ מַלְכֵי אַשּׁוּר אֶת־הַגּוֹיִם וְאֶת־אַרְצָם ׃	ὅτι ἀληθείᾳ, Κύριε, ἠρήμωσαν βασιλεῖς Ἀσσυρίων τὰ ἔθνη,	vere Domine dissipaverunt reges Assyriorum gentes et terras omnium	Vere, Domine, dissipaverunt reges Assyriorum gentes, et terras omnium.		Of a truth, Lord, the kings of Assyria have destroyed the nations and their lands,
2Kgs	19	18	וְנָתְנוּ אֶת־אֱלֹהֵיהֶם בָּאֵשׁ כִּי לֹא אֱלֹהִים הֵמָּה כִּי אִם־מַעֲשֵׂה יְדֵי־אָדָם עֵץ וָאֶבֶן וַיְאַבְּדוּם ׃	καὶ ἔδωκαν τοὺς θεοὺς αὐτῶν εἰς τὸ πῦρ, ὅτι οὐ θεοί εἰσιν ἀλλ᾿ ἢ ἔργα χειρῶν ἀνθρώπων, ξύλα καὶ λίθος, καὶ ἀπώλεσαν αὐτούς.	et miserunt deos eorum in ignem non enim erant dii sed opera manuum hominum e ligno et lapide et perdiderunt eos	Et miserunt deos eorum in ignem: non enim erant dii, sed opera manuum hominum, ex ligno et lapide: et perdiderunt eos.		And have cast their gods into the fire: for they were no gods, but the work of men's hands, wood and stone: therefore they have destroyed them.
2Kgs	19	19	וְעַתָּה יְהוָה אֱלֹהֵינוּ הוֹשִׁיעֵנוּ נָא מִיָּדוֹ וְיֵדְעוּ כָּל־מַמְלְכוֹת הָאָרֶץ כִּי אַתָּה יְהוָה אֱלֹהִים לְבַדֶּךָ ׃ ס	καὶ νῦν, Κύριε ὀ θεὸς ἡμῶν, σῶσον ἡμᾶς ἐκ χειρὸς αὐτοῦ, καὶ γνώσονται πῶσαι αἱ βασιλεῖαι τῆς γῆς ὅτι σὺ Κύριος ὁ θεὸς μόνος.	nunc igitur Domine Deus noster salvos nos fac de manu eius ut sciant omnia regna terrae quia tu es Dominus Deus solus	Nunc igitur Domine Deus noster, salvos nos fac de manu ejus, ut sciant omnia regna terræ quia tu es Dominus Deus solus.		Now therefore, O Lord our God, I beseech thee, save thou us out of his hand, that all the kingdoms of the earth may know that thou art the Lord God, even thou only.
2Kgs	19	20	וַיִּשְׁלַח יְשַׁעְיָהוּ בֶן־אָמוֹץ אֶל־חִזְקִיָּהוּ לֵאמֹר כֹּה־אָמַר יְהוָה אֱלֹהֵי יִשְׂרָאֵל אֲשֶׁר הִתְפַּלַּלְתָּ אֵלַי אֶל־סַנְחֵרִב מֶלֶךְ־אַשּׁוּר שָׁמָעְתִּי ׃	Καὶ ἀπέστειλεν Ἠσαίας υἱὸς Ἀμὼς πρὸς Ἑζεκίαν λέγων Τάδε λέγει Κύριος ὁ θεὸς τῶν δυνάμεων θεὸς Ἰσραήλ Ἅ προσηύξω πρὸς μὲ περὶ Σενναχηρεὶμ βασιλέως Ἀσσυρίων ἤκουσα.	misit autem Esaias filius Amos ad Ezechiam dicens haec dicit Dominus Deus Israhel quae deprecatus es me super Sennacherib rege Assyriorum audivi	Misit autem Isaias filius Amos ad Ezechiam, dicens: Hæc dicit Dominus Deus Israël: Quæ deprecatus es me super Sennacherib rege Assyriorum, audivi.		Then Isaiah the son of Amoz sent to Hezekiah, saying, Thus saith the Lord God of Israel, That which thou hast prayed to me against Sennacherib king of Assyria I have heard.
2Kgs	19	21	זֶה הַדָּבָר אֲשֶׁר־דִּבֶּר יְהוָה עָלָיו בָּזָה לְךָ לָעֲגָה לְךָ בְּתוּלַת בַּת־צִיּוֹן אַחֲרֶיךָ רֹאשׁ הֵנִיעָה בַּת יְרוּשָׁלִָם ׃	οὗτος ὁ λόγος ὃν ἐλάλησεν Κύριος ἐπ᾿ αὐτόν Ἐξουδένηςέν σε καὶ ἐμυκτήριςέν σε παρθένος θυγάτηρ Σειών· ἐπὶ σοὶ κεφαλὴν αὐτῆς ἐκίνησεν θυγάτηρ Ἰερουσαλήμ.	iste est sermo quem locutus est Dominus de eo sprevit te et subsannavit virgo filia Sion post tergum tuum caput movit filia Hierusalem	Iste est sermo, quem locutus est Dominus de eo: [Sprevit te, et subsannavit te, virgo filia Sion: post tergum tuum caput movit, filia Jerusalem.		This is the word that the Lord hath spoken concerning him; The virgin the daughter of Zion hath despised thee, and laughed thee to scorn; the daughter of Jerusalem hath shaken her head at thee.
2Kgs	19	22	אֶת־מִי חֵרַפְתָּ וְגִדַּפְתָּ וְעַל־מִי הֲרִימוֹתָ קּוֹל וַתִּשָּׂא מָרוֹם עֵינֶיךָ עַל־קְדוֹשׁ יִשְׂרָאֵל ׃	τίνα ὠνείδισας καὶ ἐβλασφήμησας; καὶ ἐπὶ τίνα ὕψωσας φωνὴν καὶ ἦρας εἰς ὕψος τοὺς ὀφθαλμόύς σου; εἰς τὸν ἅγιον τοῦ Ἰσραήλ.	cui exprobrasti et quem blasphemasti contra quem exaltasti vocem et elevasti in excelsum oculos tuos contra Sanctum Israhel	Cui exprobrasti, et quem blasphemasti? contra quem exaltasti vocem tuam, et elevasti in excelsum oculos tuos? Contra Sanctum Israël.		Whom hast thou reproached and blasphemed? and against whom hast thou exalted thy voice, and lifted up thine eyes on high? even against the Holy One of Israel.
2Kgs	19	23	בְּיַד מַלְאָכֶיךָ חֵרַפְתָּ אֲדֹנָי וַתֹּאמֶר בְּרֶכֶב רִכְבִּי אֲנִי עָלִיתִי מְרוֹם הָרִים יַרְכְּתֵי לְבָנוֹן וְאֶכְרֹת קוֹמַת אֲרָזָיו מִבְחוֹר בְּרֹשָׁיו וְאָבוֹאָה מְלוֹן קִצֹּה יַעַר כַּרְמִלּוֹ ׃	ἐν χειρὶ ἀγγέλων σου ὠνείδισας κύριόν σου καὶ εἶπας Ἐν τῷ πλήθει τῶν ἁρμάτων μου ἐγὼ ἀναβήσομαι εἰς ὕψος ὁρέων, μηροὺς τοῦ Λιβάνου· καὶ ἔκοψα τὸ μέγεθος τῆς κέδρου αὐτοῦ, τὰ ἐκλεκτὰ κυπαρίσσων αὐτοῦ· καὶ ἦλθεν εἰς μέσον δρυμοῦ καὶ Καρμήλου.	per manum servorum tuorum exprobrasti Domino et dixisti in multitudine curruum meorum ascendi excelsa montium in summitate Libani et succidi sublimes cedros eius electas abietes eius et ingressus sum usque ad terminos eius saltum Carmeli eius	Per manum servorum tuorum exprobrasti Domino, et dixisti: In multitudine curruum meorum ascendi excelsa montium in summitate Libani, et succidi sublimes cedros ejus, et electas abietes illius. Et ingressus sum usque ad terminos ejus, et saltum Carmeli ejus		By thy messengers thou hast reproached the Lord, and hast said, With the multitude of my chariots I am come up to the height of the mountains, to the sides of Lebanon, and will cut down the tall cedar trees thereof, and the choice fir trees thereof: and I will enter into the lodgings of his borders, and into the forest of his Carmel.
2Kgs	19	24	אֲנִי קַרְתִּי וְשָׁתִיתִי מַיִם זָרִים וְאַחְרִב בְּכַף־פְּעָמַי כֹּל יְאֹרֵי מָצוֹר ׃	ἐγὼ ἔψυξα καὶ ἔπιον ὕδατα ἀλλότρια, καὶ ἐξηρήμωσα τῷ ἴχνει τοῦ ποδός μου παντας ποταμοὺς περιοχῆς.	ego succidi et bibi aquas alienas et siccavi vestigiis pedum meorum omnes aquas clausas	ego succidi. Et bibi aquas alienas, et siccavi vestigiis pedum meorum omnes aquas clausas.		I have digged and drunk strange waters, and with the sole of my feet have I dried up all the rivers of besieged places.
2Kgs	19	25	הֲלֹא־שָׁמַעְתָּ לְמֵרָחוֹק אֹתָהּ עָשִׂיתִי לְמִימֵי קֶדֶם וִיצַרְתִּיהָ עַתָּה הֲבֵיאתִיהָ וּתְהִי לַהְשׁוֹת גַּלִּים נִצִּים עָרִים בְּצֻרוֹת ׃	ἔπλασα αὐτήν, συνήγαγον αὐτήν· καὶ ἐγενήθη εἰς ἐπάρσεις ἀπὸ οἰκεσιῶν μαχίμων, πόλεις ὁχυράς.	numquid non audisti quid ab initio fecerim ex diebus antiquis plasmavi illud et nunc adduxi eruntque in ruinam collium pugnantium civitates munitae	Numquid non audisti quid ab initio fecerim? ex diebus antiquis plasmavi illud, et nunc adduxi: eruntque in ruinam collium pugnantium civitates munitæ.		Hast thou not heard long ago how I have done it, and of ancient times that I have formed it? now have I brought it to pass, that thou shouldest be to lay waste fenced cities into ruinous heaps.
2Kgs	19	26	וְיֹשְׁבֵיהֶן קִצְרֵי־יָד חַתּוּ וַיֵּבֹשׁוּ הָיוּ עֵשֶׂב שָׂדֶה וִירַק דֶּשֶׁא חֲצִיר גַּגּוֹת וּשְׁדֵפָה לִפְנֵי קָמָה ׃	καὶ οἱ ῤνοικοῦντες ἐν αὐταῖς ἠσθένησαν τῇ χειρί, ἔπταισαν καὶ κατῃσχύνθησαν· ἐγένοντο χόρτος ἀγροῦ ἢ χλωρὰ βοτάνη, χλόη δωμάτων καὶ πάτημα ἀπέναντι έστηκότος.	et qui sedent in eis humiles manu contremuerunt et confusi sunt facti sunt quasi faenum agri et virens herba tectorum quae arefacta est antequam veniret ad maturitatem	Et qui sedent in eis, humiles manu, contremuerunt et confusi sunt: facti sunt velut fœnum agri, et virens herba tectorum, quæ arefacta est antequam veniret ad maturitatem.		Therefore their inhabitants were of small power, they were dismayed and confounded; they were as the grass of the field, and as the green herb, as the grass on the house tops, and as corn blasted before it be grown up.
2Kgs	19	27	וְשִׁבְתְּךָ וְצֵאתְךָ וּבֹאֲךָ יָדָעְתִּי וְאֵת הִתְרַגֶּזְךָ אֵלָי ׃	καὶ τὴν καθέδραν σου καὶ τὴν ἔξοδόν σου καὶ τὴν εἴσοδόν σ εγνων, καὶ τὸν θυμόν σου ἐπ' ἐμέ.	habitaculum tuum et egressum tuum et viam tuam ego praescivi et furorem tuum contra me	Habitaculum tuum, et egressum tuum, et introitum tuum, et viam tuam ego præscivi, et furorem tuum contra me.		But I know thy abode, and thy going out, and thy coming in, and thy rage against me.
2Kgs	19	28	יַעַן הִתְרַגֶּזְךָ אֵלַי וְשַׁאֲנַנְךָ עָלָה בְאָזְנָי וְשַׂמְתִּי חַחִי בְּאַפֶּךָ וּמִתְגִּי בִּשְׂפָתֶיךָ וַהֲשִׁבֹתִיךָ בַּדֶּרֶךְ אֲשֶׁר־בָּאתָ בָּהּ ׃	τὸ ὀργισθηναι σε επ εμε, καὶ τὸ στρῆνός σου ἀνέβη ἐν τοῖς ὠσίν καὶ θήσω τὰ ἄγκιστρά μου ἐν το καὶ ἀποστρέψω σε ἐν τῇ ὁδῷ	insanisti in me et superbia tua ascendit in aures meas ponam itaque circulum in naribus tuis et camum in labris tuis et reducam te in viam per quam venisti	Insanisti in me, et superbia tua ascendit in aures meas: ponam itaque circulum in naribus tuis, et camum in labiis tuis, et reducam te in viam per quam venisti.		Because thy rage against me and thy tumult is come up into mine ears, therefore I will put my hook in thy nose, and my bridle in thy lips, and I will turn thee back by the way by which thou camest.
2Kgs	19	29	וְזֶה־לְּךָ הָאוֹת אָכוֹל הַשָּׁנָה סָפִיחַ וּבַשָּׁנָה הַשֵּׁנִית סָחִישׁ וּבַשָּׁנָה הַשְּׁלִישִׁית זִרְעוּ וְקִצְרוּ וְנִטְעוּ כְרָמִים וְאִכְלוּ פִרְיָם ׃	τουτο σοι το φάγε τοῦτον τὸν ἐνιαυτὸν αυτοματα, καὶ τῷ ἔτει τῷ δευτέρῳ τὰ άνατε καὶ ἔτει τρίτῳ σπορὰ καὶ ἄμητος κα καὶ φάγεσθε τὸν καρπὸν αὐτῶν·	tibi autem Ezechia hoc erit signum comede hoc anno quod reppereris in secundo autem anno quae sponte nascuntur porro in anno tertio seminate et metite plantate vineas et comedite fructum earum	Tibi autem, Ezechia, hoc erit signum: comede hoc anno quæ repereris: in secundo autem anno, quæ sponte nascuntur: porro in tertio anno seminate et metite: plantate vineas, et comedite fructum earum.		And this shall be a sign unto thee, Ye shall eat this year such things as grow of themselves, and in the second year that which springeth of the same; and in the third year sow ye, and reap, and plant vineyards, and eat the fruits thereof.
2Kgs	19	30	וְיָסְפָה פְּלֵיטַת בֵּית־יְהוּדָה הַנִּשְׁאָרָה שֹׁרֶשׁ לְמָטָּה וְעָשָׂה פְרִי לְמָעְלָה ׃	καὶ προσθήσει τὸν διασεσωσμένον οἴκου Ἰούδα τὸ ὑπολειφθὲν ῥίζαν κάτω, καὶ ποιήσει καρπὸν ἄνω.	et quodcumque reliquum fuerit de domo Iuda mittet radicem deorsum et faciet fructum sursum	Et quodcumque reliquum fuerit de domo Juda, mittet radicem deorsum, et faciet fructum sursum.		And the remnant that is escaped of the house of Judah shall yet again take root downward, and bear fruit upward.
2Kgs	19	31	כִּי מִירוּשָׁלִַם תֵּצֵא שְׁאֵרִית וּפְלֵיטָה מֵהַר צִיּוֹן קִנְאַת יְהוָה ְָ תַּעֲשֶׂה־זֹּאת ׃ ס	ὄτι ἐξ Ἰερουσαλὴμ ἐξελεύσεται καὶ ἀνασωζόμενος ἐξ ὄρους ὁ ζῆλος Κυρίου τῶν δυνάμεων ποιήσει τοῦτο·	de Hierusalem quippe egredientur reliquiae et quod salvetur de monte Sion zelus Domini exercituum faciet hoc	De Jerusalem quippe egredientur reliquiæ, et quod salvetur de monte Sion: zelus Domini exercituum faciet hoc.		For out of Jerusalem shall go forth a remnant, and they that escape out of mount Zion: the zeal of the Lord of hosts shall do this.
2Kgs	19	32	לָכֵן כֹּה־אָמַר יְהוָה אֶל־מֶלֶךְ אַשּׁוּר לֹא יָבֹא אֶל־הָעִיר הַזֹּאת וְלֹא־יוֹרֶה שָׁם חֵץ וְלֹא־יְקַדְּמֶנָּה מָגֵן וְלֹא־יִשְׁפֹּךְ עָלֶיהָ סֹלְלָה ׃	οὐχ οὕτως. τάδε λέγει Κύριος πρὸς βασιλέα Ἀσσυρίων Οὐκ εἰσελεύσεται εἰς τὴν πὁλιν ταύτην, καὶ οὐ τοξεύσει ἐκεῖ βέλος, καὶ οὐ προφθάσει αὐτὸν θυρεός, καὶ οὐ μὴ ἐκχέῃ πρὸς	quam ob rem haec dicit Dominus de rege Assyriorum non ingredietur urbem hanc nec mittet in eam sagittam nec occupabit eam clypeus nec circumdabit eam munitio	Quam ob rem hæc dicit Dominus de rege Assyriorum: Non ingredietur urbem hanc, nec mittet in eam sagittam, nec occupabit eam clypeus, nec circumdabit eam munitio.		Therefore thus saith the Lord concerning the king of Assyria, He shall not come into this city, nor shoot an arrow there, nor come before it with shield, nor cast a bank against it.
2Kgs	19	33	בַּדֶּרֶךְ אֲשֶׁר־יָבֹא בָּהּ יָשׁוּב וְאֶל־הָעִיר הַזֹּאת לֹא יָבֹא נְאֻם־יְהוָה ׃	τῇ ὁδῷ ᾗ ἦλθεν, ἐν αὐτῇ ἀποστραφήσεται· καὶ εἰς τὴν πόλιν ταύτην οὐκ εἰσελεύσεται, λέγει Κύριος.	per viam qua venit revertetur et civitatem hanc non ingredietur dicit Dominus	Per viam qua venit, revertetur: et civitatem hanc non ingredietur, dicit Dominus.		By the way that he came, by the same shall he return, and shall not come into this city, saith the Lord.
2Kgs	19	34	וְגַנּוֹתִי אֶל־הָעִיר הַזֹּאת לְהוֹשִׁיעָהּ לְמַעֲנִי וּלְמַעַן דָּוִד עַבְדִּי ׃	καὶ ὑπερασπιῶ ὑπὲρ τῆς πόλεως ταύτης δι’ ἐμὲ καὶ διὰ Δαυεὶδ τὸν δοῦλόν	protegamque urbem hanc et salvabo eam propter me et propter David servum meum	Protegamque urbem hanc, et salvabo eam propter me, et propter David servum meum.]		For I will defend this city, to save it, for mine own sake, and for my servant David's sake.
2Kgs	19	35	וַיְהִי בַּלַּיְלָה הַהוּא וַיֵּצֵא מַלְאַךְ יְהוָה וַיַּךְ בְּמַחֲנֵה אַשּׁוּר מֵאָה שְׁמוֹנִים וַחֲמִשָּׁה אָלֶף וַיַּשְׁכִּימוּ בַבֹּקֶר וְהִנֵּה כֻלָּם פְּגָרִים מֵתִים ׃	Καὶ ἐγένετο νυκτὸς καὶ ἐξῆλθεν ἄγγελος Κυρίου καὶ ἐπάταξεν ἐν τῇ παρεμβολῇ τῶν Ἀσσυρίων ἑκατὸν ὀγδοή καὶ ὤρθρισαν τὸ πρωί, καὶ ἰδοὺ σώματα νεκρά.	factum est igitur in nocte illa venit angelus Domini et percussit castra Assyriorum centum octoginta quinque milia cumque diluculo surrexisset vidit omnia corpora mortuorum et recedens abiit	Factum est igitur in nocte illa, venit angelus Domini, et percussit in castris Assyriorum centum octoginta quinque millia. Cumque diluculo surrexisset, vidit omnia corpora mortuorum: et recedens abiit,		And it came to pass that night, that the angel of the Lord went out, and smote in the camp of the Assyrians an hundred fourscore and five thousand: and when they arose early in the morning, behold, they were all dead corpses.
2Kgs	19	36	וַיִּסַּע וַיֵּלֶךְ וַיָּשָׁב סַנְחֵרִיב מֶלֶךְ־אַשּׁוּר וַיֵּשֶׁב בְּנִינְוֵה ׃	καὶ ρίων, καὶ ᾤκησεν ἐν Νινευή.	et reversus est Sennacherib rex Assyriorum et mansit in Nineve	et reversus est Sennacherib rex Assyriorum, et mansit in Ninive.		So Sennacherib king of Assyria departed, and went and returned, and dwelt at Nineveh.
2Kgs	19	37	וַיְהִי הוּא מִשְׁתַּחֲוֶה בֵּית נִסְרֹךְ אֱלֹהָיו וְאַדְרַמֶּלֶךְ וְשַׂרְאֶצֶר ָָ הִכֻּהוּ בַחֶרֶב וְהֵמָּה נִמְלְטוּ אֶרֶץ אֲרָרָט וַיִּמְלֹךְ אֵסַר־חַדֹּן בְּנוֹ תַּחְתָּיו ׃ פ	καὶ ἐγένετο αὐτοῦ προσκυνοῦντος ἐν οἴκῳ ’Eσδρὰχ θεοῦ αὐτοῦ, καὶ Ἀδραμέλεχ καὶ Σαράσαρ οἱ υἱοὶ αὐτοῦ B ἐπάταξαν αὐτὸν ἐν μαχαφᾳ· καὶ αὐτοὶ ἐσώθησαν εἰς γῆν Ἀραράθ· καὶ ἐβασίλευσεν Ἀσορδὰν ὁ υἱὸς αὐτοῦ ἀντ’ αὐτοῦ.	cumque adoraret in templo Neserach deum suum Adramelech et Sarasar filii eius percusserunt eum gladio fugeruntque in terram Armeniorum et regnavit Eseraddon filius eius pro eo	Cumque adoraret in templo Nesroch deum suum, Adramelech et Sarasar filii ejus percusserunt eum gladio, fugeruntque in terram Armeniorum: et regnavit Asarhaddon filius ejus pro eo.		And it came to pass, as he was worshipping in the house of Nisroch his god, that Adrammelech and Sharezer his sons smote him with the sword: and they escaped into the land of Armenia. And Esarhaddon his son reigned in his stead.
2Kgs	20	1	בַּיָּמִים הָהֵם חָלָה חִזְקִיָּהוּ לָמוּת וַיָּבֹא אֵלָיו יְשַׁעְיָהוּ בֶן־אָמוֹץ הַנָּבִיא וַיֹּאמֶר אֵלָיו כֹּה־אָמַר יְהוָה צַו לְבֵיתֶךָ כִּי מֵת אַתָּה וְלֹא תִחְיֶה ׃	Ἐν ταῖς ἡμέραις ἐκείναις ἠρρώστησεν Ἑζεκίας εἰς θάνατον. καὶ εἰσῆλθεν πρὸς αὐτὸν Ἠσαίας υἱὸς Ἀμὼς ὁ προφήτης καὶ εἶπεν πρὸς αὐτόν Τάδε λέγει Κύριος Ἔντειλαι τῷ οἴκῳ σου· ἀποθνήσκεις σὺ καὶ οὐ ζήσῃ.	in diebus illis aegrotavit Ezechias usque ad mortem et venit ad eum Esaias filius Amos prophetes dixitque ei haec dicit Dominus Deus praecipe domui tuae morieris enim et non vives	In diebus illis ægrotavit Ezechias usque ad mortem: et venit ad eum Isaias filius Amos propheta, dixitque ei: Hæc dicit Dominus Deus: Præcipe domui tuæ: morieris enim tu, et non vives.		In those days was Hezekiah sick unto death. And the prophet Isaiah the son of Amoz came to him, and said unto him, Thus saith the Lord, Set thine house in order; for thou shalt die, and not live.
2Kgs	20	2	וַיַּסֵּב אֶת־פָּנָיו אֶל־הַקִּיר וַיִּתְפַּלֵּל אֶל־יְהוָה לֵאמֹר ׃	καὶ ἐπέστρεψεν Ἑζεκίας πρὸς τὸν τοῖχον, καὶ ηὔξατο πρὸς Κύριον λέγων	qui convertit faciem suam ad parietem et oravit Dominum dicens	Qui convertit faciem suam ad parietem, et oravit Dominum, dicens:		Then he turned his face to the wall, and prayed unto the Lord, saying,
2Kgs	20	3	אָנָּה יְהוָה זְכָר־נָא אֵת אֲשֶׁר הִתְהַלַּכְתִּי לְפָנֶיךָ בֶּאֱמֶת וּבְלֵבָב שָׁלֵם וְהַטּוֹב בְּעֵינֶיךָ עָשִׂיתִי וַיֵּבְךְּ חִזְקִיָּהוּ בְּכִי גָדוֹל ׃	Ὤ δὴ Κύριε, μνήσθητι δὴ ὅσα περιεπάτησα ἐνώπιόν σου ἐν ἀληθείᾳ καὶ καρδίᾳ πλήρει, καὶ τὸ ἀγαθόν σου ἐν ὀφθαλμοῖς σου ἐποίησα. καὶ ἔκλαυσεν Ἑζεκίας κλαυθμῷ μεγάλῳ.	obsecro Domine memento quomodo ambulaverim coram te in veritate et in corde perfecto et quod placitum est coram te fecerim flevit itaque Ezechias fletu magno	Obsecro, Domine: memento, quæso, quomodo ambulaverim coram te in veritate, et in corde perfecto, et quod placitum est coram te fecerim. Flevit itaque Ezechias fletu magno.		I beseech thee, O Lord, remember now how I have walked before thee in truth and with a perfect heart, and have done that which is good in thy sight. And Hezekiah wept sore.
2Kgs	20	4	ס וַיְהִי יְשַׁעְיָהוּ לֹא יָצָא הָעִיר הַתִּיכֹנָה וּדְבַר־יְהוָה הָיָה אֵלָיו לֵאמֹר ׃	καὶ ἦν Ἠσαίας ἐν τῇ αὐλῇ τῇ ῥῆμα καὶ ῥῆμα Κυρίου ἐγένετο πρὸς αὐτὸν λέγων	et antequam egrederetur Esaias mediam partem atrii factus est sermo Domini ad eum dicens	Et antequam egrederetur Isaias mediam partem atrii, factus est sermo Domini ad eum, dicens:		And it came to pass, afore Isaiah was gone out into the middle court, that the word of the Lord came to him, saying,
2Kgs	20	5	שׁוּב וְאָמַרְתָּ אֶל־חִזְקִיָּהוּ נְגִיד־עַמִּי כֹּה־אָמַר יְהוָה אֱלֹהֵי דָּוִד אָבִיךָ שָׁמַעְתִּי אֶת־תְּפִלָּתֶךָ רָאִיתִי אֶת־דִּמְעָתֶךָ הִנְנִי רֹפֶא לָךְ בַּיּוֹם הַשְּׁלִישִׁי תַּעֲלֶה בֵּית יְהוָה ׃	Ἐπίστρεψον καὶ καὶ ἐρεῖς πρὸς Ἑζεκίαν τὸν ἡγούμενον τοῦ λαοῦ μου Τάδε λέγει Κύριος ὁ θεὸς Δαυεὶδ τοῦ πατρός σου Ἤκουσα τ σου, είδον τὰ δάκρυά σου. ἰδοὺ ἐγὼ ἰάσομαί σε, τῇ ἡμέρᾳ τῇ ἀναβήσῃ εἰς οἶκον Κυρίου.	revertere et dic Ezechiae duci populi mei haec dicit Dominus Deus David patris tui audivi orationem tuam vidi lacrimam tuam et ecce sanavi te die tertio ascendes templum Domini	Revertere, et dic Ezechiæ duci populi mei: Hæc dicit Dominus Deus David patris tui: Audivi orationem tuam, et vidi lacrimas tuas, et ecce sanavi te: die tertio ascendes templum Domini.		Turn again, and tell Hezekiah the captain of my people, Thus saith the Lord, the God of David thy father, I have heard thy prayer, I have seen thy tears: behold, I will heal thee: on the third day thou shalt go up unto the house of the Lord.
2Kgs	20	6	וְהֹסַפְתִּי עַל־יָמֶיךָ חֲמֵשׁ עֶשְׂרֵה שָׁנָה וּמִכַּף מֶלֶךְ־אַשּׁוּר אַצִּילְךָ וְאֵת הָעִיר הַזֹּאת וְגַנּוֹתִי עַל־הָעִיר הַזֹּאת לְמַעֲנִי וּלְמַעַן דָּוִד עַבְדִּי ׃	καὶ προσθήσω επὶ τὰς ἡμέρας σου πέντε καὶ δέκα καὶ ἐκ χειρὸς χειρὸς βασιλέων Ἀσσυρίων σώσω σε καὶ τὴν ταύτην· ταύτην· καὶ ὑπερασπιῶ ὑπὲρ τῆς πόλεως ταύτης δι’ ἐμὲ καὶ διὰ Δαυεὶδ τὸν δοῦλόν μου.	et addam diebus tuis quindecim annos sed et de manu regis Assyriorum liberabo te et civitatem hanc et protegam urbem istam propter me et propter David servum meum	Et addam diebus tuis quindecim annos: sed et de manu regis Assyriorum liberabo te, et civitatem hanc: et protegam urbem istam propter me, et propter David servum meum.		And I will add unto thy days fifteen years; and I will deliver thee and this city out of the hand of the king of Assyria; and I will defend this city for mine own sake, and for my servant David's sake.
2Kgs	20	7	וַיֹּאמֶר יְשַׁעְיָהוּ קְחוּ דְּבֶלֶת תְּאֵנִים וַיִּקְחוּ וַיָּשִׂימוּ עַל־הַשְּׁחִין וַיֶּחִי ׃	καὶ εἶπεν Λαβέτωσαν παλάθην σύκων καὶ ἐπιθέτωσαν ἐπὶ τὸ ἕλκος, καὶ ὑγιάσει.	dixitque Esaias adferte massam ficorum quam cum adtulissent et posuissent super ulcus eius curatus est	Dixitque Isaias: Afferte massam ficorum. Quam cum attulissent, et posuissent super ulcus ejus, curatus est.		And Isaiah said, Take a lump of figs. And they took and laid it on the boil, and he recovered.
2Kgs	20	8	וַיֹּאמֶר חִזְקִיָּהוּ אֶל־יְשַׁעְיָהוּ מָה אוֹת כִּי־יִרְפָּא יְהוָה לִי וְעָלִיתִי בַּיּוֹם הַשְּׁלִישִׁי בֵּית יְהוָה ׃	καὶ εἶπεν Ἑζεκίας πρὸς Ἠσαίαν Τί τὸ σημεῖον ὅτι ἰάσεται Κύριός με, καὶ ἀναβήσομαι εἰς οἶκον Κυρίου τῇ ἡμέρᾳ τῇ τρίτῃ;	dixerat autem Ezechias ad Esaiam quod erit signum quia Dominus me sanabit et quia ascensurus sum die tertio templum Domini	Dixerat autem Ezechias ad Isaiam: Quod erit signum, quia Dominus me sanabit, et quia ascensurus sum die tertia templum Domini?		And Hezekiah said unto Isaiah, What shall be the sign that the Lord will heal me, and that I shall go up into the house of the Lord the third day?
2Kgs	20	9	וַיֹּאמֶר יְשַׁעְיָהוּ זֶה־לְּךָ הָאוֹת מֵאֵת יְהוָה כִּי יַעֲשֶׂה יְהוָה אֶת־הַדָּבָר אֲשֶׁר דִּבֵּר הָלַךְ הַצֵּל עֶשֶׂר מַעֲלוֹת אִם־יָשׁוּב עֶשֶׂר מַעֲלוֹת ׃	καὶ εἶπεν Ἠσαίας Τοῦτο τὸ σημεῖον παρὰ Κυρίου ὅτι ποιήσει Κύριος τὸν λόγον ὅν ἐλάλησεν· πορεύσεται ἡ σκιὰ δέκα βαθμούς, ἐὰν ἐπιστρέφῃ δέκα βαθμούς.	cui ait Esaias hoc erit signum a Domino quod facturus sit Dominus sermonem quem locutus est vis ut accedat umbra decem lineis an ut revertatur totidem gradibus	Cui ait Isaias: Hoc erit signum a Domino quod facturus sit Dominus sermonem quem locutus est: vis ut ascendat umbra decem lineis, an ut revertatur totidem gradibus?		And Isaiah said, This sign shalt thou have of the Lord, that the Lord will do the thing that he hath spoken: shall the shadow go forward ten degrees, or go back ten degrees?
2Kgs	20	10	וַיֹּאמֶר יְחִזְקִיָּהוּ נָקֵל לַצֵּל לִנְטוֹת עֶשֶׂר מַעֲלוֹת לֹא כִי יָשׁוּב הַצֵּל אֲחֹרַנִּית עֶשֶׂר מַעֲלוֹת ׃	καὶ εἶπεν Ἑζεκίας Κοῦφον τὴν σκιὰν κλῖναι δέκα βαθμούς· οὐχί, ἀλλ’ ἐπιστραφήτω ἡ σκιὰ ἐν τοῖς ἀναβαθμοῖς δέκα βαθμοὺς εἰς τὰ ὀπίσω.	et ait Ezechias facile est umbram crescere decem lineis nec hoc volo ut fiat sed ut revertatur retrorsum decem gradibus	Et ait Ezechias: Facile est umbram crescere decem lineis: nec hoc volo ut fiat, sed ut revertatur retrorsum decem gradibus.		And Hezekiah answered, It is a light thing for the shadow to go down ten degrees: nay, but let the shadow return backward ten degrees.
2Kgs	20	11	וַיִּקְרָא יְשַׁעְיָהוּ הַנָּבִיא אֶל־יְהוָה וַיָּשֶׁב אֶת־הַצֵּל בַּמַּעֲלוֹת אֲשֶׁר יָרְדָה בְּמַעֲלוֹת אָחָז אֲחֹרַנִּית עֶשֶׂר מַעֲלוֹת ׃ פ	καὶ ἐβόησεν Ἠσαίας ὁ προφήτης πρὸς Κύριον, καὶ ἐπέστρεψεν ἢ σκιὰ ἐν τοῖς ἀναβαθμοῖς εἰς τὰ ὀπίσω δέκα βαθμούς.	invocavit itaque Esaias propheta Dominum et reduxit umbram per lineas quibus iam descenderat in horologio Ahaz retrorsum decem gradibus	Invocavit itaque Isaias propheta Dominum, et reduxit umbram per lineas quibus jam descenderat in horologio Achaz, retrorsum decem gradibus.		And Isaiah the prophet cried unto the Lord: and he brought the shadow ten degrees backward, by which it had gone down in the dial of Ahaz.
2Kgs	20	12	בָּעֵת הַהִיא שָׁלַח בְּרֹאדַךְ בַּלְאֲדָן בֶּן־בַּלְאֲדָן מֶלֶךְ־בָּבֶל סְפָרִים וּמִנְחָה אֶל־חִזְקִיָּהוּ כִּי שָׁמַע כִּי חָלָה חִזְקִיָּהוּ ׃	Ἐν τῷ καιρῷ ἐκείνῳ ἀπέστειλεν Μαρωδαχβαλδὰν υἱὸς Βαλαὰν βασιλεὺς βαβυλῶνος βιβλία καὶ μαναὰν πρὸς Ἑζεκίαν, ὅτι ἤκουσεν ὅτι ἠρρώστησεν Ἑζεκίας.	in tempore illo misit Berodach Baladan filius Baladan rex Babyloniorum litteras et munera ad Ezechiam audierat enim quod aegrotasset Ezechias	In tempore illo misit Berodach Baladan, filius Baladan, rex Babyloniorum, litteras et munera ad Ezechiam: audierat enim quod ægrotasset Ezechias.		At that time Berodachbaladan, the son of Baladan, king of Babylon, sent letters and a present unto Hezekiah: for he had heard that Hezekiah had been sick.
2Kgs	20	13	וַיִּשְׁמַע עֲלֵיהֶם חִזְקִיָּהוּ וַיַּרְאֵם אֶת־כָּל־בֵּית נְכֹתֹה אֶת־הַכֶּסֶף וְאֶת־הַזָּהָב וְאֶת־הַבְּשָׂמִים וְאֵת שֶׁמֶן הַטּוֹב וְאֵת בֵּית כֵּלָיו וְאֵת כָּל־אֲשֶׁר נִמְצָא בְּאוֹצְרֹתָיו לֹא־הָיָה דָבָר אֲשֶׁר לֹא־הֶרְאָם חִזְקִיָּהוּ בְּבֵיתוֹ וּבְכָל־מֶמְשַׁלְתּוֹ ׃	καὶ ἐχάρη ἐπ’ αὐτοῖς Ἑζεκίας, καὶ ἔδειξεν ἀυτοῖς ὅλον τὸν οἶκον τοῦ νεχωθά, τὸ ἀργύριον καὶ τὸ σίον, τὰ ἀρώματα καὶ τὸ ἔλαιον τὸ ἀγαθόν, καὶ τὸν οἰκον τῶν καὶ ὅσα ηὑρέθη ἐν τοῖς θησαυροῖς αὐτοῦ· οὐκ ἧν λόγος ὃν οὐκ ἔδειξεν αὐτοῖς Ἑζεκίας ἐν τῷ οἴκῳ αὐτοῦ καὶ ἐν πάσῃ τῇ ἐξουσίᾳ αὐτοῦ.	laetatus est autem in adventum eorum Ezechias et ostendit eis domum aromatum et aurum et argentum et pigmenta varia unguenta quoque et domum vasorum suorum et omnia quae habere potuerat in thesauris suis non fuit quod non monstraret eis Ezechias in domo sua et in omni potestate sua	Lætatus est autem in adventu eorum Ezechias, et ostendit eis domum aromatum, et aurum et argentum, et pigmenta varia, unguenta quoque, et domum vasorum suorum, et omnia quæ habere poterat in thesauris suis. Non fuit quod non monstraret eis Ezechias in domo sua, et in omni potestate sua.		And Hezekiah hearkened unto them, and shewed them all the house of his precious things, the silver, and the gold, and the spices, and the precious ointment, and all the house of his armour, and all that was found in his treasures: there was nothing in his house, nor in all his dominion, that Hezekiah shewed them not.
2Kgs	20	14	וַיָּבֹא יְשַׁעְיָהוּ הַנָּבִיא אֶל־הַמֶּלֶךְ חִזְקִיָּהוּ וַיֹּאמֶר אֵלָיו מָה אָמְרוּ הָאֲנָשִׁים הָאֵלֶּה וּמֵאַיִן יָבֹאוּ אֵלֶיךָ וַיֹּאמֶר חִזְקִיָּהוּ מֵאֶרֶץ רְחוֹקָה בָּאוּ מִבָּבֶל ׃	καὶ εἰσῆλθεν Ἠσαίας ὁ προφήτης πρὸς τὸν βασιλέα Εζεκίαν καὶ εἶπεν πρὸς αὐτόν Τί ἐλάλησαν οἱ ἄνδρες οὗτοι, καὶ πόθεν ἥκασιν πρὸς σέ; καὶ εἶπεν Ἑζεκίας Ἐκ γῆς πόρρωθεν ἥκασιν πρὸς μέ, ἐκ Βαβυλῶνος.	venit autem Esaias propheta ad regem Ezechiam dixitque ei quid dixerunt viri isti aut unde venerunt ad te cui ait Ezechias de terra longinqua venerunt de Babylone	Venit autem Isaias propheta ad regem Ezechiam, dixitque ei: Quid dixerunt viri isti? aut unde venerunt ad te? Cui ait Ezechias: De terra longinqua venerunt ad me, de Babylone.		Then came Isaiah the prophet unto king Hezekiah, and said unto him, What said these men? and from whence came they unto thee? And Hezekiah said, They are come from a far country, even from Babylon.
2Kgs	20	15	וַיֹּאמֶר מָה רָאוּ בְּבֵיתֶךָ וַיֹּאמֶר חִזְקִיָּהוּ אֵת כָּל־אֲשֶׁר בְּבֵיתִי רָאוּ לֹא־הָיָה דָבָר אֲשֶׁר לֹא־הִרְאִיתִם בְּאֹצְרֹתָי ׃	καὶ εἶπεν Τί εἶδον ἐν τῷ οἴκω σου; καὶ εἶπεν Πάντα ὅσα ἐν τῷ οἴκῳ μου εἰδον· οὐκ ἦν ἐν τῷ οἴκῳ μου ὃ οὐκ ἔδειξα αὐτοῖς, ἁλλὰ καὶ τὰ ἐν τοῖς θησαυροῖς μου.	at ille respondit quid viderunt in domo tua ait Ezechias omnia quae sunt in domo mea viderunt nihil est quod non monstraverim eis in thesauris meis	At ille respondit: Quid viderunt in domo tua? Ait Ezechias: Omnia quæcumque sunt in domo mea, viderunt: nihil est quod non monstraverim eis in thesauris meis.		And he said, What have they seen in thine house? And Hezekiah answered, All the things that are in mine house have they seen: there is nothing among my treasures that I have not shewed them.
2Kgs	20	16	וַיֹּאמֶר יְשַׁעְיָהוּ אֶל־חִזְקִיָּהוּ שְׁמַע דְּבַר־יְהוָה ׃	καὶ εἶπεν Ἠσαίας πρὸς Ἑζεκίαν Ἅκουσον λόγον Κυρίου·	dixit itaque Esaias Ezechiae audi sermonem Domini	Dixit itaque Isaias Ezechiæ: Audi sermonem Domini:		And Isaiah said unto Hezekiah, Hear the word of the Lord.
2Kgs	20	17	הִנֵּה יָמִים בָּאִים וְנִשָּׂא כָּל־אֲשֶׁר בְּבֵיתֶךָ וַאֲשֶׁר אָצְרוּ אֲבֹתֶיךָ עַד־הַיּוֹם הַזֶּה בָּבֶלָה לֹא־יִוָּתֵר דָּבָר אָמַר יְהוָה ׃	ἰδοὺ ἡμέραι ἔρχονται καὶ λημφθήσεται πάντα τὰ ἐν τῷ οἴκῳ σου καὶ ὄσα ἐθησαύρισαν οἱ πατέρες σου ἕως τῆς ἡμέρας ταύτης εἰς Βαβυλῶνα· καὶ οὐχ ὑπολειφθήσεται ῥῆμα ὃ εἶπεν Κύριος·	ecce dies venient et auferentur omnia quae sunt in domo tua et quae condiderunt patres tui usque in diem hanc in Babylone non remanebit quicquam ait Dominus	Ecce dies venient, et auferentur omnia quæ sunt in domo tua, et quæ condiderunt patres tui usque in diem hanc, in Babylonem: non remanebit quidquam, ait Dominus.		Behold, the days come, that all that is in thine house, and that which thy fathers have laid up in store unto this day, shall be carried into Babylon: nothing shall be left, saith the Lord.
2Kgs	20	18	וּמִבָּנֶיךָ אֲשֶׁר יֵצְאוּ מִמְּךָ אֲשֶׁר תּוֹלִיד יִקָּח וְהָיוּ סָרִיסִים בְּהֵיכַל מֶלֶךְ בָּבֶל ׃	καὶ οἱ υἱοί σου οἳ ἐξελεύσονται ἐκ σοῦ οὓς γεννήσεις λήμψεται, καὶ ἔσονται εὐνοῦχοι ἐν τῷ οἴκῳ τοῦ βασιλέως Βαβυλῶνος.	sed et de filiis tuis qui egredientur ex te quos generabis tollentur et erunt eunuchi in palatio regis Babylonis	Sed et de filiis tuis qui egredientur ex te, quos generabis, tollentur, et erunt eunuchi in palatio regis Babylonis.		And of thy sons that shall issue from thee, which thou shalt beget, shall they take away; and they shall be eunuchs in the palace of the king of Babylon.
2Kgs	20	19	וַיֹּאמֶר חִזְקִיָּהוּ אֶל־יְשַׁעְיָהוּ טוֹב דְּבַר־יְהוָה אֲשֶׁר דִּבַּרְתָּ וַיֹּאמֶר הֲלוֹא אִם־שָׁלוֹם וֶאֱמֶת יִהְיֶה בְיָמָי ׃	καὶ εἶπεν Ἑζεκίας πρὸς εὐνοῦχοι Ἠσαίαν ὁ λόγος Κυρίου ὃν ἐλάλησεν.	dixit Ezechias ad Esaiam bonus sermo Domini quem locutus est sit pax et veritas in diebus meis	Dixit Ezechias ad Isaiam: Bonus sermo Domini quem locutus es: sit pax et veritas in diebus meis.		Then said Hezekiah unto Isaiah, Good is the word of the Lord which thou hast spoken. And he said, Is it not good, if peace and truth be in my days?
2Kgs	20	20	וְיֶתֶר דִּבְרֵי חִזְקִיָּהוּ וְכָל־גְּבוּרָתוֹ וַאֲשֶׁר עָשָׂה אֶת־הַבְּרֵכָה וְאֶת־הַתְּעָלָה וַיָּבֵא אֶת־הַמַּיִם הָעִירָה הֲלֹא־הֵם כְּתוּבִים עַל־סֵפֶר דִּבְרֵי הַיָּמִים לְמַלְכֵי יְהוּדָה ׃	καὶ τὰ λοιπὰ τῶν λόγων Ἑζεκίου καὶ πᾶσα ἡ δυναστεία αὐτοῦ καὶ ὅσα ἐποίησεν, τὴν κρήνην καὶ τὸν ὑδραγωγόν, καὶ εἰσήνεγκεν τὸ ὕδωρ εἰς τὴν πόλιν, οὐχὶ ταῦτα γεγραμμένα ῳ λόγων τῶν ἡμερὼν τοῖς βασιλεῦσιν Ἰούδα ;	reliqua autem sermonum Ezechiae et omnis fortitudo eius et quomodo fecerit piscinam et aquaeductum et introduxerit aquas in civitatem nonne haec scripta sunt in libro sermonum dierum regum Iuda	Reliqua autem sermonum Ezechiæ, et omnis fortitudo ejus, et quomodo fecerit piscinam et aquæductum, et introduxerit aquas in civitatem, nonne hæc scripta sunt in libro sermonum dierum regum Juda?		And the rest of the acts of Hezekiah, and all his might, and how he made a pool, and a conduit, and brought water into the city, are they not written in the book of the chronicles of the kings of Judah?
2Kgs	20	21	וַיִּשְׁכַּב חִזְקִיָּהוּ עִם־אֲבֹתָיו וַיִּמְלֹךְ מְנַשֶּׁה בְנוֹ תַּחְתָּיו ׃ פ	καὶ ἐκοιμήθη μετὰ τῶν πατέρων αὐτοῦ, καὶ ἐβασίλευσεν Μανασσὴ υἱὸς αὐτοῦ ἀντ’ αὐτοῦ.	dormivitque Ezechias cum patribus suis et regnavit Manasses filius eius pro eo	Dormivitque Ezechias cum patribus suis, et regnavit Manasses filius ejus pro eo.		And Hezekiah slept with his fathers: and Manasseh his son reigned in his stead.
2Kgs	21	1	בֶּן־שְׁתֵּים עֶשְׂרֵה שָׁנָה מְנַשֶּׁה בְמָלְכוֹ וַחֲמִשִּׁים וְחָמֵשׁ שָׁנָה מָלַךְ בִּירוּשָׁלָםִ וְשֵׁם אִמּוֹ חֶפְצִי־בָהּ ׃	Υἱὸς δώδεκα ἐτῶν Μανασσὴ ἐν τῷ βασιλεύειν αὐτόν, καὶ πεντήκουτα κοντα καὶ πέντε ἔτη ἐβασίλευσεν ἐν Ἰερουσαλήμ, καὶ ὄνομα τῇ μητρὶ αὐτοῦ Ὁψειβά.	duodecim annorum erat Manasses cum regnare coepisset et quinquaginta quinque annis regnavit in Hierusalem nomen matris eius Aphsiba	Duodecim annorum erat Manasses cum regnare cœpisset, et quinquaginta quinque annis regnavit in Jerusalem: nomen matris ejus Haphsiba.		Manasseh was twelve years old when he began to reign, and reigned fifty and five years in Jerusalem. And his mother's name was Hephzibah.
2Kgs	21	2	וַיַּעַשׂ הָרַע בְּעֵינֵי יְהוָה כְּתוֹעֲבֹת הַגּוֹיִם אֲשֶׁר הוֹרִישׁ יְהוָה מִפְּנֵי בְּנֵי יִשְׂרָאֵל ׃	καὶ ἐποίησεν τὸ πονηρὸν ἐν ὀφθαλμοῖς Κυρίου κατὰ τὰ βδελύγματα τῶν ἐθνῶν ὧν ἐξῆρεν Κύριος ἀπὸ προσώπου τῶν υἱῶν Ἰσραήλ.	fecitque malum in conspectu Domini iuxta idola gentium quas delevit Dominus a facie filiorum Israhel	Fecitque malum in conspectu Domini, juxta idola gentium quas delevit Dominus a facie filiorum Israël.		And he did that which was evil in the sight of the Lord, after the abominations of the heathen, whom the Lord cast out before the children of Israel.
2Kgs	21	3	וַיָּשָׁב וַיִּבֶן אֶת־הַבָּמוֹת אֲשֶׁר אִבַּד חִזְקִיָּהוּ אָבִיו וַיָּקֶם מִזְבְּחֹת לַבַּעַל וַיַּעַשׂ אֲשֵׁרָה כַּאֲשֶׁר עָשָׂה אַחְאָב מֶלֶךְ יִשְׂרָאֵל וַיִּשְׁתַּחוּ לְכָל־צְבָא הַשָּׁמַיִם וַיַּעֲבֹד אֹתָם ׃	καὶ ἐπέστρεψεν καὶ ᾠκοδόμησεν τὰ ὑψηλὰ ἁκατέσπασεν Ἑζεκίας ὁ πατὴρ αὐτοῦ, καὶ ἀνέστησεν θυσιαστήριον τῇ Βάαλ, καὶ ἐποίησεν ἄλση καθὼς ἐποίησεν Ἀχαὰβ βασιλεὺς Ἰσραήλ, καὶ προσεκύνησεν πάσῃ τῇ δυνάμει τοῦ οὐρανοῦ καὶ ἐδούλευσεν αὐτοῖς.	conversusque est et aedificavit excelsa quae dissipaverat Ezechias pater eius et erexit aras Baal et fecit lucos sicut fecerat Ahab rex Israhel et adoravit omnem militiam caeli et coluit eam	Conversusque est, et ædificavit excelsa quæ dissipaverat Ezechias pater ejus: et erexit aras Baal, et fecit lucos sicut fecerat Achab rex Israël, et adoravit omnem militiam cæli, et coluit eam.		For he built up again the high places which Hezekiah his father had destroyed; and he reared up altars for Baal, and made a grove, as did Ahab king of Israel; and worshipped all the host of heaven, and served them.
2Kgs	21	4	וּבָנָה מִזְבְּחֹת בְּבֵית יְהוָה אֲשֶׁר אָמַר יְהוָה בִּירוּשָׁלַםִ אָשִׂים אֶת־שְׁמִי ׃	καὶ θυσιαστήριον ἐν οἴκῳ Κυρίου, ὡς εἶπεν Ἐν Ἰερουσαλὴμ θήσω τὸ ὄνομά μου.	extruxitque aras in domo Domini de qua dixit Dominus in Hierusalem ponam nomen meum	Exstruxitque aras in domo Domini, de qua dixit Dominus: In Jerusalem ponam nomen meum.		And he built altars in the house of the Lord, of which the Lord said, In Jerusalem will I put my name.
2Kgs	21	5	וַיִּבֶן מִזְבְּחוֹת לְכָל־צְבָא הַשָּׁמָיִם בִּשְׁתֵּי חַצְרוֹת בֵּית־יְהוָה ׃	καὶ ᾠκοδόμησεν θυσιαστήριον πάσῃ τῇ δυνάμει τοῦ οὐρανοῦ ἐν ταῖς δυσὶν αὐλαῖς οἴκου Κυρίου.	et extruxit altaria universae militiae caeli in duobus atriis templi Domini	Et exstruxit altaria universæ militiæ cæli in duobus atriis templi Domini.		And he built altars for all the host of heaven in the two courts of the house of the Lord.
2Kgs	21	6	וְהֶעֱבִיר אֶת־בְּנוֹ בָּאֵשׁ וְעוֹנֵן וְנִחֵשׁ וְעָשָׂה אוֹב וְיִדְּעֹנִים הִרְבָּה לַעֲשׂוֹת הָרַע בְּעֵינֵי יְהוָה לְהַכְעִיס ׃	καὶ διῆγεν τοὺς υἱοὺς αὐτοῦ ἐν πυρί, καὶ ἐκληδονίζετο καὶ οἰωνίζετο, καὶ ἐποίνσεν ἐλλὴν καὶ γνώστας ἐπλήθυνεν, τοῦ ποιεῖν τὸ πονηρὸν ἐν ὀφθαλμοῖς Κυρίου παροργίσαι αὐτόν.	et transduxit filium suum per ignem et ariolatus est et observavit auguria et fecit pythones et aruspices multiplicavit ut faceret malum coram Domino et inritaret eum	Et traduxit filium suum per ignem: et ariolatus est, et observavit auguria, et fecit pythones, et aruspices multiplicavit, ut faceret malum coram Domino, et irritaret eum.		And he made his son pass through the fire, and observed times, and used enchantments, and dealt with familiar spirits and wizards: he wrought much wickedness in the sight of the Lord, to provoke him to anger.
2Kgs	21	7	וַיָּשֶׂם אֶת־פֶּסֶל הָאֲשֵׁרָה אֲשֶׁר עָשָׂה בַּבַּיִת אֲשֶׁר אָמַר יְהוָה אֶל־דָּוִד וְאֶל־שְׁלֹמֹה בְנוֹ בַּבַּיִת הַזֶּה וּבִירוּשָׁלִַם אֲשֶׁר בָּחַרְתִּי מִכֹּל שִׁבְטֵי יִשְׂרָאֵל אָשִׂים אֶת־שְׁמִי לְעוֹלָם ׃	καὶ ἔθηκεν τὸ γλυπτὸν τοῦ ἄλσους ἐν τῷ οἴκῳ ᾧ εἶπεν Κύριος πρὸς Δαυεὶδ καὶ πρὸς Σαλωμὼν τὸν υἱὸν αὐτοῦ Ἐν τῷ τούτῳ τούτῳ ἐν Ἰερουσαλὴμ ἐξελεξάμην ἐκ πασῶν φυλῶν Ἰσραὴλ καὶ θήσω τὸ ὄνομά μου εἰς τὸν αἰῶνα,	posuit quoque idolum luci quem fecerat in templo Domini super quo locutus est Dominus ad David et ad Salomonem filium eius in templo hoc et in Hierusalem quam elegi de cunctis tribubus Israhel ponam nomen meum in sempiternum	Posuit quoque idolum luci quem fecerat, in templo Domini, super quod locutus est Dominus ad David, et ad Salomonem filium ejus: In templo hoc, et in Jerusalem quam elegi de cunctis tribubus Israël, ponam nomen meum in sempiternum.		And he set a graven image of the grove that he had made in the house, of which the Lord said to David, and to Solomon his son, In this house, and in Jerusalem, which I have chosen out of all tribes of Israel, will I put my name for ever:
2Kgs	21	8	וְלֹא אֹסִיף לְהָנִיד רֶגֶל יִשְׂרָאֵל מִן־הָאֲדָמָה אֲשֶׁר נָתַתִּי לַאֲבוֹתָם רַק אִם־יִשְׁמְרוּ לַעֲשׂוֹת כְּכֹל אֲשֶׁר צִוִּיתִים וּלְכָל־הַתּוֹרָה אֲשֶׁר־צִוָּה אֹתָם עַבְדִּי מֹשֶׁה ׃	καὶ οὐ προσθήσω τοῦ σαλεῦσαι τὸν πόδα Ἰσραὴλ ἀπὸ τῆς γῆς ἧς ἔδωκα τοῖς πατράσιν αὐτῶν, φυλάξουσιν φυλάξουσιν πάντα ὅσα ἐνετειλάμην κατὰ πᾶσαν τὴν ἐντολὴν ἣν ἐνετείλατο ὁ δοῦλός μου Μωυσῆς.	et ultra non faciam commoveri pedem Israhel de terra quam dedi patribus eorum sic tamen si custodierint opere omnia quae praecepi eis et universam legem quam mandavit eis servus meus Moses	Et ultra non faciam commoveri pedem Israël de terra quam dedi patribus eorum: si tamen custodierint opere omnia quæ præcepi eis, et universam legem quam mandavit eis servus meus Moyses.		Neither will I make the feet of Israel move any more out of the land which I gave their fathers; only if they will observe to do according to all that I have commanded them, and according to all the law that my servant Moses commanded them.
2Kgs	21	9	וְלֹא שָׁמֵעוּ וַיַּתְעֵם מְנַשֶּׁה לַעֲשׂוֹת אֶת־הָרָע מִן־הַגּוֹיִם אֲשֶׁר הִשְׁמִיד יְהוָה מִפְּנֵי בְּנֵי יִשְׂרָאֵל ׃	καὶ οὐκ ἤκουσαν, καὶ ἐπλάνησεν αὐτοὺς Μανασσῆς τοῦ ποιῆσαι τὸ πονηρὸν ἐν ὀφθαλμοῖς Κυρίου ὑπὲρ τὰ ἔθνη ἃ ἠφάνισεν Κύριος ἐκ προσώπου υἱῶν Ἰσραήλ.	illi vero non audierunt sed seducti sunt a Manasse ut facerent malum super gentes quas contrivit Dominus a facie filiorum Israhel	Illi vero non audierunt: sed seducti sunt a Manasse, ut facerent malum super gentes quas contrivit Dominus a facie filiorum Israël.		But they hearkened not: and Manasseh seduced them to do more evil than did the nations whom the Lord destroyed before the children of Israel.
2Kgs	21	10	וַיְדַבֵּר יְהוָה בְּיַד־עֲבָדָיו הַנְּבִיאִים לֵאמֹר ׃	καὶ ἐλάλησεν Κύριος ἐν χειρὶ δούλων αὐτοῦ τῶν προφητῶν λέγων.	locutusque est Dominus in manu servorum suorum prophetarum dicens	Locutusque est Dominus in manu servorum suorum prophetarum, dicens:		And the Lord spake by his servants the prophets, saying,
2Kgs	21	11	יַעַן אֲשֶׁר עָשָׂה מְנַשֶּׁה מֶלֶךְ־יְהוּדָה הַתֹּעֵבוֹת הָאֵלֶּה הֵרַע מִכֹּל אֲשֶׁר־עָשׂוּ הָאֱמֹרִי אֲשֶׁר לְפָנָיו וַיַּחֲטִא גַם־אֶת־יְהוּדָה בְּגִלּוּלָיו ׃ פ	ἄνθ' ὧν ὅσα ἐποίησεν Μανασσῆς ὁ βασιλεὺς Ἰούδα τὰ βδελύγματα ταῦτα τὰ πονηρὰ ἀπὸ πάντων ὧν ἐποίησεν ὁ Ἀμορραῖος ὁ ἔμπροσθεν, καὶ ἐξήμαρτεν καί γε Ἰουδὰ ἐν τοῖς εἰδώλοις αὐτῶν·	quia fecit Manasses rex Iuda abominationes istas pessimas super omnia quae fecerunt Amorrei ante eum et peccare fecit etiam Iudam in inmunditiis suis	Quia fecit Manasses rex Juda abominationes istas pessimas, super omnia quæ fecerunt Amorrhæi ante eum, et peccare fecit etiam Judam in immunditiis suis:		Because Manasseh king of Judah hath done these abominations, and hath done wickedly above all that the Amorites did, which were before him, and hath made Judah also to sin with his idols:
2Kgs	21	12	לָכֵן כֹּה־אָמַר יְהוָה אֱלֹהֵי יִשְׂרָאֵל הִנְנִי מֵבִיא רָעָה עַל־יְרוּשָׁלִַם וִיהוּדָה אֲשֶׁר כָּל־שֹׁמְעָיו תִּצַּלְנָה שְׁתֵּי אָזְנָיו ׃	οὐχ οὕτως· τάδε λέγει Κύριος ὁ θεὸς Ἰσραήλ Ἰδοὺ ἐγὼ φέρω κακὰ ἐπὶ Ἰερουσαλὴμ καὶ ἐπὶ Ἰουδά, ὥστε παντὸς ἀκούοντος ἠχή ἀμφότερα τὰ ὦτα αὐτοῦ·	propterea haec dicit Dominus Deus Israhel ecce ego inducam mala super Hierusalem et Iudam ut quicumque audierit tinniant ambae aures eius	propterea hæc dicit Dominus Deus Israël: Ecce ego inducam mala super Jerusalem et Judam, ut quicumque audierit, tinniant ambæ aures ejus.		Therefore thus saith the Lord God of Israel, Behold, I am bringing such evil upon Jerusalem and Judah, that whosoever heareth of it, both his ears shall tingle.
2Kgs	21	13	וְנָטִיתִי עַל־יְרוּשָׁלִַם אֵת קָו שֹׁמְרוֹן וְאֶת־מִשְׁקֹלֶת בֵּית אַחְאָב וּמָחִיתִי אֶת־יְרוּשָׁלִַם כַּאֲשֶׁר־יִמְחֶה אֶת־הַצַּלַּחַת מָחָה וְהָפַךְ עַל־פָּנֶיהָ ׃	καὶ ἐκτενῶ ἐπὶ Ἰερουσαλὴμ τὸ Σαμαρείας καὶ τὸ στάθμιον οἴκου Ἀχαάβ, καὶ ἀπαλείψω τὴν Ἰερουσαλὴμ καθὼς ἀπαλείφεται ὁ ἀλάβαστρος ἀπαλειφόμενος καὶ καταστρέφεται ἐπὶ πρόσωπον αὐτοῦ·	et extendam super Hierusalem funiculum Samariae et pondus domus Ahab et delebo Hierusalem sicut deleri solent tabulae delens vertam et ducam crebrius stilum super faciem eius	Et extendam super Jerusalem funiculum Samariæ, et pondus domus Achab: et delebo Jerusalem, sicut deleri solent tabulæ: et delens vertam, et ducam crebrius stylum super faciem ejus.		And I will stretch over Jerusalem the line of Samaria, and the plummet of the house of Ahab: and I will wipe Jerusalem as a man wipeth a dish, wiping it, and turning it upside down.
2Kgs	21	14	וְנָטַשְׁתִּי אֵת שְׁאֵרִית נַחֲלָתִי וּנְתַתִּים בְּיַד אֹיְבֵיהֶם וְהָיוּ לְבַז וְלִמְשִׁסָּה לְכָל־אֹיְבֵיהֶם ׃	καὶ ἀπεώσομαι τὸ ὑπόλειμμα τῆς κληρονομίας μου, καὶ παραδώσω αὐτοὺς εἰς χεῖρας ἐχθρῶν αὐτῶν, καὶ ἔσονται εἰς διαρπαγὴν καὶ εἰς προνομὴν πᾶσιν ἐχθροῖς αὐτῶν·	dimittam vero reliquias hereditatis meae et tradam eas in manu inimicorum eius eruntque in vastitate et rapina cunctis adversariis suis	Dimittam vero reliquias hæreditatis meæ, et tradam eas in manus inimicorum ejus, eruntque in vastitatem, et in rapinam cunctis adversariis suis:		And I will forsake the remnant of mine inheritance, and deliver them into the hand of their enemies; and they shall become a prey and a spoil to all their enemies;
2Kgs	21	15	יַעַן אֲשֶׁר עָשׂוּ אֶת־הָרַע בְּעֵינַי וַיִּהְיוּ מַכְעִסִים אֹתִי מִן־הַיּוֹם אֲשֶׁר יָצְאוּ אֲבוֹתָם מִמִּצְרַיִם וְעַד הַיּוֹם הַזֶּה ׃	ἀνθ’ ὧν ὅσα ἐποίησεν τὸ πονηρὸν ἐν ὀφθαλμοῖς μου, καὶ ἦσαν παροργίζοντές με ἀπὸ τῆς ἡμέρας ἧς ἐξήγαγον τοὺς πατέρας ἀυτῶν ἐξ Αἰγύπτου καὶ ἕως τῆς ἡμέρας ταύτης.	eo quod fecerint malum coram me et perseveraverint inritantes me ex die qua egressi sunt patres eorum ex Aegypto usque ad diem hanc	eo quod fecerint malum coram me, et perseveraverint irritantes me, ex die qua egressi sunt patres eorum ex Ægypto usque ad hanc diem.		Because they have done that which was evil in my sight, and have provoked me to anger, since the day their fathers came forth out of Egypt, even unto this day.
2Kgs	21	16	וְגַם דָּם נָקִי שָׁפַךְ מְנַשֶּׁה הַרְבֵּה מְאֹד עַד אֲשֶׁר־מִלֵּא אֶת־יְרוּשָׁלִַם פֶּה לָפֶה לְבַד מֵחַטָּאתוֹ אֲשֶׁר הֶחֱטִיא אֶת־יְהוּדָה לַעֲשׂוֹת הָרַע בְּעֵינֵי יְהוָה ׃	καὶ γε αἷμα ἀθῷον ἐξέχεεν πολὺ σφόδρα ἕως οὗ ἔπλησεν τὴν Ἰερουσαλὴμ στόμα εἰς στόμα, πλὴν ἀπὸ τῶν ἁμαρτιῶν αὐτῶν ὧν ἐξήμαρτεν τὸν Ἰούδαν τοῦ ποιῆσαι τὸ πονηρὸν ἐν ὀφθαλμοῖς Κυρίου.	insuper et sanguinem innoxium fudit Manasses multum nimis donec impleret Hierusalem usque ad os absque peccatis suis quibus peccare fecit Iudam ut faceret malum coram Domino	Insuper et sanguinem innoxium fudit Manasses multum nimis, donec impleret Jerusalem usque ad os: absque peccatis suis quibus peccare fecit Judam, ut faceret malum coram Domino.		Moreover Manasseh shed innocent blood very much, till he had filled Jerusalem from one end to another; beside his sin wherewith he made Judah to sin, in doing that which was evil in the sight of the Lord.
2Kgs	21	17	וְיֶתֶר דִּבְרֵי מְנַשֶּׁה וְכָל־אֲשֶׁר עָשָׂה וְחַטָּאתוֹ אֲשֶׁר חָטָא הֲלֹא־הֵם כְּתוּבִים עַל־סֵפֶר דִּבְרֵי הַיָּמִים לְמַלְכֵי יְהוּדָה ׃	καὶ τὰ λοιπὰ τῶν λόγων Μανασσὴ καὶ πάντα ὅσα ἐποίησεν καὶ ἡ ἁμαρτία αὐτοῦ ἢν ἥ οὐχὶ ταῦτα γεγραμμένα ἐπὶ βιβλίῳ λόγων τῶν ἡμερῶν τοῖς Ἰούδα;	reliqua autem sermonum Manasse et universa quae fecit et peccatum eius quod peccavit nonne haec scripta sunt in libro sermonum dierum regum Iuda	Reliqua autem sermonum Manasse, ut universa quæ fecit, et peccatum ejus quod peccavit, nonne hæc scripta sunt in libro sermonum dierum regum Juda?		Now the rest of the acts of Manasseh, and all that he did, and his sin that he sinned, are they not written in the book of the chronicles of the kings of Judah?
2Kgs	21	18	וַיִּשְׁכַּב מְנַשֶּׁה עִם־אֲבֹתָיו וַיִּקָּבֵר בְּגַן־בֵּיתוֹ בְּגַן־עֻזָּא וַיִּמְלֹךְ אָמוֹן בְּנוֹ תַּחְתָּיו ׃ פ	καὶ ἐκοιμήθη Μανασσὴ μετὰ τῶν πατέρων αὐτοῦ, καὶ ἐτάφη ἐν τῷ κήπῳ τοῦ οἴκου αὐτοῦ, ἐν κήπῳ Ὀζά· καὶ ἐβασίλευσεν Ἀμὼς υιος αυτου αντ αυτου.	dormivitque Manasses cum patribus suis et sepultus est in horto domus suae in horto Aza et regnavit Amon filius eius pro eo	Dormivitque Manasses cum patribus suis, et sepultus est in horto domus suæ, in horto Oza: et regnavit Amon filius ejus pro eo.		And Manasseh slept with his fathers, and was buried in the garden of his own house, in the garden of Uzza: and Amon his son reigned in his stead.
2Kgs	21	19	בֶּן־עֶשְׂרִים וּשְׁתַּיִם שָׁנָה אָמוֹן בְּמָלְכוֹ וּשְׁתַּיִם שָׁנִים מָלַךְ בִּירוּשָׁלָםִ וְשֵׁם אִמּוֹ מְשֻׁלֶּמֶת בַּת־חָרוּץ מִן־יָטְבָה ׃	γἱὸς εἴκοσι καὶ δύο ἐτῶν Ἀμὼς ἐν τῷ βασιλεύειν αὐτόν, καὶ δύο ἔτη ἐβασίλευσεν ἐν Ἰερουσαλήμ, καὶ ὄνομα τῇ μητρὶ αὐτοῦ Μεσολλάμ, θυγάτηρ Ἁροὺς ἐξ Ἰεσεβάλ.	viginti et duo annorum erat Amon cum regnare coepisset duobusque annis regnavit in Hierusalem nomen matris eius Mesallemeth filia Arus de Iethba	Viginti duorum annorum erat Amon cum regnare cœpisset: duobus quoque annis regnavit in Jerusalem: nomen matris ejus Messalemeth filia Harus de Jeteba.		Amon was twenty and two years old when he began to reign, and he reigned two years in Jerusalem. And his mother's name was Meshullemeth, the daughter of Haruz of Jotbah.
2Kgs	21	20	וַיַּעַשׂ הָרַע בְּעֵינֵי יְהוָה כַּאֲשֶׁר עָשָׂה מְנַשֶּׁה אָבִיו ׃	καὶ ἐποίησεν τὸ πονηρὸν ἐν ὀφθαλμοῖς Κυρίου καθὼς ἐποίησεν Μανασσὴ ὁ πατὴρ αὐτοῦ.	fecitque malum in conspectu Domini sicut fecerat Manasses pater eius	Fecitque malum in conspectu Domini, sicut fecerat Manasses pater ejus.		And he did that which was evil in the sight of the Lord, as his father Manasseh did.
2Kgs	21	21	וַיֵּלֶךְ בְּכָל־הַדֶּרֶךְ אֲשֶׁר־הָלַךְ אָבִיו וַיַּעֲבֹד אֶת־הַגִּלֻּלִים אֲשֶׁר עָבַד אָבִיו וַיִּשְׁתַּחוּ לָהֶם ׃	καὶ ἐπορεύθη ἐν πάσῃ ὁδῷ ᾗ ἐπορεύθη ὁ πατὴρ αὐτοῦ, καὶ ἐλάτρευσεν τοῖς εἰδώλοις οἷς ἐλάτρευσεν ὁ πατὴρ αὐτοῦ καὶ προσεκύνησεν αὐτοῖς.	et ambulavit in omni via per quam ambulaverat pater eius servivitque inmunditiis quibus servierat pater suus et adoravit eas	Et ambulavit in omni via per quam ambulaverat pater ejus, servivitque immunditiis quibus servierat pater ejus, et adoravit eas:		And he walked in all the way that his father walked in, and served the idols that his father served, and worshipped them:
2Kgs	21	22	וַיַּעֲזֹב אֶת־יְהוָה אֱלֹהֵי אֲבֹתָיו וְלֹא הָלַךְ בְּדֶרֶךְ יְהוָה ׃	καὶ ἐγκατέλιπεν τὸν κύριον θεὸν τῶν πατέρων αὐτοῦ, κα οὐκ ἐπορεύθη ἐν ὁδῷ Κυρίου.	et dereliquit Dominum Deum patrum suorum et non ambulavit in via Domini	et dereliquit Dominum Deum patrum suorum, et non ambulavit in via Domini.		And he forsook the Lord God of his fathers, and walked not in the way of the Lord.
2Kgs	21	23	וַיִּקְשְׁרוּ עַבְדֵי־אָמוֹן עָלָיו וַיָּמִיתוּ אֶת־הַמֶּלֶךְ בְּבֵיתוֹ ׃	καὶ συνεστράφησαν οἱ παῖδες Ἀμὼς πρὸς αὐτόν, καὶ ἐθανάτωσαν αὐτὸν βασιλέα ἐν τῷ οἴκῳ αὐτοῦ.	tetenderuntque ei insidias servi sui et interfecerunt regem in domo sua	Tetenderuntque ei insidias servi sui, et interfecerunt regem in domo sua.		And the servants of Amon conspired against him, and slew the king in his own house.
2Kgs	21	24	וַיַּךְ עַם־הָאָרֶץ אֵת כָּל־הַקֹּשְׁרִים עַל־הַמֶּלֶךְ אָמוֹן וַיַּמְלִיכוּ עַם־הָאָרֶץ אֶת־יֹאשִׁיָּהוּ בְנוֹ תַּחְתָּיו ׃	καὶ εν ὁ λαὸς τῆς γῆς πάντας τοὺς συστραφέντας ἐπὶ τὸν καὶ ἐβασίλευσεν ὁ λαὸς τῆς γῆς τὸν Ἰωσείαν υἱὸν ἀντ’ αὐτοῦ.	percussit autem populus terrae omnes qui coniuraverant contra regem Amon et constituerunt sibi regem Iosiam filium eius pro eo	Percussit autem populus terræ omnes qui conjuraverant contra regem Amon, et constituerunt sibi regem Josiam filium ejus pro eo.		And the people of the land slew all them that had conspired against king Amon; and the people of the land made Josiah his son king in his stead.
2Kgs	21	25	וְיֶתֶר דִּבְרֵי אָמוֹן אֲשֶׁר עָשָׂה הֲלֹא־הֵם כְּתוּבִים עַל־סֵפֶר דִּבְרֵי הַיָּמִים לְמַלְכֵי יְהוּדָה ׃	καὶ τὰ λοιπὰ τῶν λόγων Ἀμὼς ὅσα ἐποίησεν, οὐκ ἰδοὺ ταῦτα γεγραμμένα ἐπὶ βιβλίῳ λόγων τῶν ἡμερῶν τοῖς βασιλεῦσιν Ἰούδα ;	reliqua autem sermonum Amon quae fecit nonne haec scripta sunt in libro sermonum dierum regum Iuda	Reliqua autem sermonum Amon quæ fecit, nonne hæc scripta sunt in libro sermonum dierum regum Juda?		Now the rest of the acts of Amon which he did, are they not written in the book of the chronicles of the kings of Judah?
2Kgs	21	26	וַיִּקְבֹּר אֹתוֹ בִּקְבֻרָתוֹ בְּגַן־עֻזָּא וַיִּמְלֹךְ יֹאשִׁיָּהוּ בְנוֹ תַּחְתָּיו ׃ פ	καὶ ἔθαψαν αὐτὸν ἐν τῷ τάφῳ αὐτοῦ ἐν τῷ κήπῳ Ὀζά· καὶ ἐβασίλευσεν Ἰωσείας υἱὸς αὐτοῦ ἀντ’ αὐτοῦ.	sepelieruntque eum in sepulchro suo in horto Aza et regnavit Iosias filius eius pro eo	Sepelieruntque eum in sepulchro suo, in horto Oza: et regnavit Josias filius ejus pro eo.		And he was buried in his sepulchre in the garden of Uzza: and Josiah his son reigned in his stead.
2Kgs	22	1	בֶּן־שְׁמֹנֶה שָׁנָה יֹאשִׁיָּהוּ בְמָלְכוֹ וּשְׁלֹשִׁים וְאַחַת שָׁנָה מָלַךְ בִּירוּשָׁלָםִ וְשֵׁם אִמּוֹ יְדִידָה בַת־עֲדָיָה מִבָּצְקַת ׃	Υἱὸς ὀκτὼ ἐτῶν Ἰωσείας ἐν τῷ βασιλεύειν αὐτόν, καὶ τριάκοντα καὶ ἐν ἔτος ἐβασίλευσεν ἐν Ἰερουσαλήμ, καὶ ὄνομα τῇ μητρὶ αὐτοῦ Ἰεδειὰ θυγάτηρ Ἐδεινὰ ἐκ Βασουρώθ.	octo annorum erat Iosias cum regnare coepisset et triginta uno anno regnavit in Hierusalem nomen matris eius Idida filia Phadaia de Besecath	Octo annorum erat Josias cum regnare cœpisset: triginta et uno anno regnavit in Jerusalem: nomen matris ejus Idida filia Hadaia de Besecath.		Josiah was eight years old when he began to reign, and he reigned thirty and one years in Jerusalem. And his mother's name was Jedidah, the daughter of Adaiah of Boscath.
2Kgs	22	2	וַיַּעַשׂ הַיָּשָׁר בְּעֵינֵי יְהוָה וַיֵּלֶךְ בְּכָל־דֶּרֶךְ דָּוִד אָבִיו וְלֹא־סָר יָמִין וּשְׂמֹאול ׃ פ	καὶ ἐποίησεν τὸ εὐθὲς εὐθὲς ὀφθαλμοῖς Κυρίου, καὶ ἐπορεύθη ἐν πάσῃ ὁδῷ Δαυεὶδ τοῦ πατρὸς αὐτοῦ· οὐκ ἀπέστη δεξιὰ καὶ ἀριστερά.	fecitque quod placitum erat coram Domino et ambulavit per omnes vias David patris sui non declinavit ad dextram sive ad sinistram	Fecitque quod placitum erat coram Domino, et ambulavit per omnes vias David patris sui: non declinavit ad dexteram, sive ad sinistram.		And he did that which was right in the sight of the Lord, and walked in all the way of David his father, and turned not aside to the right hand or to the left.
2Kgs	22	3	וַיְהִי בִּשְׁמֹנֶה עֶשְׂרֵה שָׁנָה לַמֶּלֶךְ יֹאשִׁיָּהוּ שָׁלַח הַמֶּלֶךְ אֶת־שָׁפָן בֶּן־אֲצַלְיָהוּ בֶן־מְשֻׁלָּם הַסֹּפֵר בֵּית יְהוָה לֵאמֹר ׃	Καὶ ἐν τῷ ὀκτωκαιδεκάτῳ ἔτει τῷ βασιλεῖ Ἰωσείἁ, ἐν τῷ μηνὶ τῷ ὀγδόῳ, ἀπέστειλεν ὁ βασιλεὺς τὸν Σαφφὰν υἱὸν Ἐλίου υἱοῦ Μεσολλὰμ τὸν γραμματέα οἴκου Κυρίου λέγων	anno autem octavodecimo regis Iosiae misit rex Saphan filium Aslia filii Mesullam scribam templi Domini dicens ei	Anno autem octavodecimo regis Josiæ, misit rex Saphan filium Aslia filii Messulam scribam templi Domini, dicens ei:		And it came to pass in the eighteenth year of king Josiah, that the king sent Shaphan the son of Azaliah, the son of Meshullam, the scribe, to the house of the Lord, saying,
2Kgs	22	4	עֲלֵה אֶל־חִלְקִיָּהוּ הַכֹּהֵן הַגָּדוֹל וְיַתֵּם אֶת־הַכֶּסֶף הַמּוּבָא בֵּית יְהוָה אֲשֶׁר אָסְפוּ שֹׁמְרֵי הַסַּף מֵאֵת הָעָם ׃	Ἀνάβηθι πρὸς ἱερέα τὸν μέγαν καὶ σφράγισον τὸ ἀργύριον τὸ εἰσενεχθεν ἐν οἴκῳ Κυρίου, ὅ συνήγαγον οἱ φυλάσσοντες τὸν σταθμὸν παρὰ τοῦ , λαοῦ,	vade ad Helciam sacerdotem magnum ut confletur pecunia quae inlata est in templum Domini quam collegerunt ianitores a populo	Vade ad Helciam sacerdotem magnum, ut confletur pecunia quæ illata est in templum Domini, quam collegerunt janitores templi a populo:		Go up to Hilkiah the high priest, that he may sum the silver which is brought into the house of the Lord, which the keepers of the door have gathered of the people:
2Kgs	22	5	וְיִתְּנֹה עַל־יַד עֹשֵׂי הַמְּלָאכָה הַמֻּפְקָדִים בבֵּית יְהוָה וְיִתְּנוּ אֹתוֹ לְעֹשֵׂי הַמְּלָאכָה אֲשֶׁר בְּבֵית יְהוָה לְחַזֵּק בֶּדֶק הַבָּיִת ׃	καὶ δότωσαν αὐτὸ ἐπὶ χεῖρα ποιούντων τὰ ἔργα τῶν καθεσταμένων ἐν οἴκῳ Κυρίου. καὶ ἔδωκεν αὐτὸ τοῖς ποιοῦσιν τὰ ἔργα τοῖς ἐν οἴκῳ Κυρίου, τοῦ κατισχῦσαι τὸ βέσεκ τοῦ οἴκου,	deturque fabris per praepositos in domo Domini qui et distribuent eam his qui operantur in templo Domini ad instauranda sarta tecta templi	deturque fabris per præpositos domus Domini, qui et distribuant eam his qui operantur in templo Domini, ad instauranda sartatecta templi:		And let them deliver it into the hand of the doers of the work, that have the oversight of the house of the Lord: and let them give it to the doers of the work which is in the house of the Lord, to repair the breaches of the house,
2Kgs	22	6	לֶחָרָשִׁים וְלַבֹּנִים וְלַגֹּדְרִים וְלִקְנוֹת עֵצִים וְאַבְנֵי מַחְצֵב לְחַזֵּק אֶת־הַבָּיִת ׃	τοῖς τέκτοσιν καὶ τοῖς οἰκοδόμοις καὶ τοῖς τειχισταῖς, καὶ τοῦ κτήσασθαι ξ́ύλα καὶ λίθους λατομητοὺς τοῦ κραταιῶσαι τὸ βέδεκ τοῦ οἴκου	tignariis videlicet et cementariis et his qui interrupta conponunt et ut emantur ligna et lapides de lapidicinis ad instaurandum templum	tignariis videlicet et cæmentariis, et iis qui interrupta componunt: et ut emantur ligna, et lapides de lapicidinis, ad instaurandum templum Domini.		Unto carpenters, and builders, and masons, and to buy timber and hewn stone to repair the house.
2Kgs	22	7	אַךְ לֹא־יֵחָשֵׁב אִתָּם הַכֶּסֶף הַנִּתָּן עַל־יָדָם כִּי בֶאֱמוּנָה הֵם עֹשִׂים ׃	πλὴν οὐκ ἐξελογίζοντο αὐτοὺς τὸ ἀργύριον τὸ διδόμενον αὐτοῖς, ὅτι ἐν πίστει αὐτοὶ ποιοῦσιν.	verumtamen non supputetur eis argentum quod accipiunt sed in potestate habeant et in fide	Verumtamen non supputetur eis argentum quod accipiunt, sed in potestate habeant, et in fide.		Howbeit there was no reckoning made with them of the money that was delivered into their hand, because they dealt faithfully.
2Kgs	22	8	וַיֹּאמֶר חִלְקִיָּהוּ הַכֹּהֵן הַגָּדוֹל עַל־שָׁפָן הַסֹּפֵר סֵפֶר הַתּוֹרָה מָצָאתִי בְּבֵית יְהוָה וַיִּתֵּן חִלְקִיָּה אֶת־הַסֵּפֶר אֶל־שָׁפָן וַיִּקְרָאֵהוּ ׃	Καὶ εἶπεν Χελκείας ὁ ἱερεὺς ὁ μέγας πρὸς Σαφφὰν τὸν γραμματέα Βιβλίον τοῦ νόμου εὗρον ἐν οἴκῳ Κυρίου· καὶ ἔδωκεν Χελκείας τὸ βιβλίον πρὸς Σαφφάν, καὶ ἀνέγνω αὐτό.	dixit autem Helcias pontifex ad Saphan scribam librum legis repperi in domo Domini deditque Helcias volumen Saphan qui et legit illud	Dixit autem Helcias pontifex ad Saphan scribam: Librum legis reperi in domo Domini. Deditque Helcias volumen Saphan, qui et legit illud.		And Hilkiah the high priest said unto Shaphan the scribe, I have found the book of the law in the house of the Lord. And Hilkiah gave the book to Shaphan, and he read it.
2Kgs	22	9	וַיָּבֹא שָׁפָן הַסֹּפֵר אֶל־הַמֶּלֶךְ וַיָּשֶׁב אֶת־הַמֶּלֶךְ דָּבָר וַיֹּאמֶר הִתִּיכוּ עֲבָדֶיךָ אֶת־הַכֶּסֶף הַנִּמְצָא בַבַּיִת וַיִּתְּנֻהוּ עַל־יַד עֹשֵׂי הַמְּלָאכָה הַמֻּפְקָדִים בֵּית יְהוָה ׃	καὶ εἰσῆλθεν ἐν οἴκῳ Κυρίου πρὸς τὸν βασιλέα, καὶ ἀπέστρεψεν τῷ βασιλεῖ ῥῆμα καὶ εἶπεν Ἐχώνευσαν οἱ δοῦλοί σου τὸ ἀργύριον τὸ εὑρεθὲν ἐν τῷ οἴκῳ Κυρίου, καὶ ἔδωκαν αὐτὸ ἐπὶ ποιούντων ποιούντων τὰ ἔργα καθεσταμένων ἐν οἴκῳ Κυρίου.	venit quoque Saphan scriba ad regem et renuntiavit ei quod praeceperat et ait conflaverunt servi tui pecuniam quae repperta est in domo Domini et dederunt ut distribueretur fabris a praefectis operum templi Domini	Venit quoque Saphan scriba ad regem, et renuntiavit ei quod præceperat, et ait: Conflaverunt servi tui pecuniam quæ reperta est in domo Domini, et dederunt ut distribueretur fabris a præfectis operum templi Domini.		And Shaphan the scribe came to the king, and brought the king word again, and said, Thy servants have gathered the money that was found in the house, and have delivered it into the hand of them that do the work, that have the oversight of the house of the Lord.
2Kgs	22	10	וַיַּגֵּד שָׁפָן הַסֹּפֵר לַמֶּלֶךְ לֵאמֹר סֵפֶר נָתַן לִי חִלְקִיָּה הַכֹּהֵן וַיִּקְרָאֵהוּ שָׁפָן לִפְנֵי הַמֶּלֶךְ ׃	καὶ εἶπεν Σαφφὰν ὀ γραμματεὺς πρὸς τὸν βασιλέα λέγων Βιβλίον ἔδωκέν μοι Χελκείας ὁ ἱερεύς· καὶ ἀνέγνω αὐτὸ Σαφφὰν ἐνώπιον τοῦ βασιλέως.	narravitque Saphan scriba regi dicens librum dedit mihi Helcias sacerdos quem cum legisset Saphan coram rege	Narravit quoque Saphan scriba regi, dicens: Librum dedit mihi Helcias sacerdos. Quem cum legisset Saphan coram rege,		And Shaphan the scribe shewed the king, saying, Hilkiah the priest hath delivered me a book. And Shaphan read it before the king.
2Kgs	22	11	וַיְהִי כִּשְׁמֹעַ הַמֶּלֶךְ אֶת־דִּבְרֵי סֵפֶר הַתּוֹרָה וַיִּקְרַע אֶת־בְּגָדָיו ׃	καὶ έγένετο ὡς ἤκουσεν ὁ βασιλεὺς τοὺς λόγους βιβλίου τοῦ νόμου, καὶ διέρρηξεν τὰ ἱμάτια ἑαυτοῦ.	et audisset rex verba libri legis Domini scidit vestimenta sua	et audisset rex verba libri legis Domini, scidit vestimenta sua.		And it came to pass, when the king had heard the words of the book of the law, that he rent his clothes.
2Kgs	22	12	וַיְצַו הַמֶּלֶךְ אֶת־חִלְקִיָּה הַכֹּהֵן וְאֶת־אֲחִיקָם בֶּן־שָׁפָן וְאֶת־עַכְבּוֹר בֶּן־מִיכָיָה וְאֵת שָׁפָן הַסֹּפֵר וְאֵת עֲשָׂיָה עֶבֶד־הַמֶּלֶךְ לֵאמֹר ׃	καὶ ἐνετείλατο ὁ βασιλεὺς τῷ τῷ ἱερεῖ καὶ τῷ ’Aχεικὰμ υἱῷ Σαφφὰν καὶ τῷ Ἀχοβὼρ υἱῷ καὶ τῷ Σαφφὰν τῷ γραμματεῖ καὶ τῷ Ἀσαίᾳ δούλω τοῦ λέγων	et praecepit Helciae sacerdoti et Ahicham filio Saphan et Achobor filio Micha et Saphan scribae et Asaiae servo regis dicens	Et præcepit Helciæ sacerdoti, et Ahicam filio Saphan, et Achobor filio Micha, et Saphan scribæ, et Asaiæ servo regis, dicens:		And the king commanded Hilkiah the priest, and Ahikam the son of Shaphan, and Achbor the son of Michaiah, and Shaphan the scribe, and Asahiah a servant of the king's, saying,
2Kgs	22	13	לְכוּ דִרְשׁוּ אֶת־יְהוָה בַּעֲדִי וּבְעַד־הָעָם וּבְעַד כָּל־יְהוּדָה עַל־דִּבְרֵי הַסֵּפֶר הַנִּמְצָא הַזֶּה כִּי־גְדוֹלָה חֲמַת יְהוָה אֲשֶׁר־הִיא נִצְּתָה בָנוּ עַל אֲשֶׁר לֹא־שָׁמְעוּ אֲבֹתֵינוּ עַל־דִּבְרֵי הַסֵּפֶר הַזֶּה לַעֲשׂוֹת כְּכָל־הַכָּתוּב עָלֵינוּ ׃	Δεῦτε καὶ ἐκζητήσατε τὸν κύριον περὶ ἐμοῦ καὶ περὶ παντὸς τοῦ λαοῦ καὶ περὶ παντὸς τοῦ Ἰούδα καὶ περὶ τῶν λόγων τοῦ βιβλίου τοῦ εὑρεθέντος τούτου, ὅτι μεγάλη ἡ ὀργὴ Κυρίου ἡ ἡμῖν ὑπὲρ οὗ οὐκ ἤκουσαν οἱ πατέρες ἡμῶν τῶν λόγων τοῦ τοῦ ποιεῖν κατὰ πάντα τὰ γεγραμμένα καθ’ ἡμῶν.	ite et consulite Dominum super me et super populo et super omni Iuda de verbis voluminis istius quod inventum est magna enim ira Domini succensa est contra nos quia non audierunt patres nostri verba libri huius ut facerent omne quod scriptum est nobis	Ite et consulite Dominum super me, et super populo, et super omni Juda, de verbis voluminis istius, quod inventum est: magna enim ira Domini succensa est contra nos, quia non audierunt patres nostri verba libri hujus, ut facerent omne quod scriptum est nobis.		Go ye, enquire of the Lord for me, and for the people, and for all Judah, concerning the words of this book that is found: for great is the wrath of the Lord that is kindled against us, because our fathers have not hearkened unto the words of this book, to do according unto all that which is written concerning us.
2Kgs	22	14	וַיֵּלֶךְ חִלְקִיָּהוּ הַכֹּהֵן וַאֲחִיקָם וְעַכְבּוֹר וְשָׁפָן וַעֲשָׂיָה אֶל־חֻלְדָּה הַנְּבִיאָה אֵשֶׁת שַׁלֻּם בֶּן־תִּקְוָה בֶּן־חַרְחַס שֹׁמֵר הַבְּגָדִים וְהִיא יֹשֶׁבֶת בִּירוּשָׁלַםִ בַּמִּשְׁנֶה וַיְדַבְּרוּ אֵלֶיהָ ׃	καὶ ἐπορεύθη Χελκείας ὁ ἱερεὺς καὶ Ἀχεικὰθ καὶ Ἀχοβὼρ καὶ Σαφφὰθ καὶ Ἀσαίας πρὸς Ὅλδαν τὴν προφῆτιν μητέρα Σελλὴμ υἱοῦ Θεκκουαὺ υἱοῦ ‘Aραὰς τοῦ ἱματιοφύλακος· καὶ αὕτη κατῴκει ἐν Ἰερουσαλὴμ ἐν τῇ μασενά· καὶ ἐλάλησαν πρὸς αὐτήν.	ierunt itaque Helcias sacerdos et Ahicham et Achobor et Saphan et Asaia ad Oldam propheten uxorem Sellum filii Thecue filii Araas custodis vestium quae habitabat in Hierusalem in secunda locutique sunt ad eam	Ierunt itaque Helcias sacerdos, et Ahicam, et Achobor, et Sapham, et Asaia, ad Holdam prophetidem, uxorem Sellum filii Thecuæ filii Araas custodis vestium, quæ habitabat in Jerusalem in Secunda: locutique sunt ad eam.		So Hilkiah the priest, and Ahikam, and Achbor, and Shaphan, and Asahiah, went unto Huldah the prophetess, the wife of Shallum the son of Tikvah, the son of Harhas, keeper of the wardrobe; (now she dwelt in Jerusalem in the college;) and they communed with her.
2Kgs	22	15	וַתֹּאמֶר אֲלֵיהֶם כֹּה־אָמַר יְהוָה אֱלֹהֵי יִשְׂרָאֵל אִמְרוּ לָאִישׁ אֲשֶׁר־שָׁלַח אֶתְכֶם אֵלָי ׃	καὶ εἶπεν Τάδε λέγει Κύριος ὁ θεὸς Ἰσραήλ Εἴπατε τῷ ἀνδρὶ τῷ ἀποστείλαντι ὑμᾶς πρὸς μέ	et illa respondit eis haec dicit Dominus Deus Israhel dicite viro qui misit vos ad me	Et illa respondit eis: Hæc dicit Dominus Deus Israël: Dicite viro qui misit vos ad me:		And she said unto them, Thus saith the Lord God of Israel, Tell the man that sent you to me,
2Kgs	22	16	כֹּה אָמַר יְהוָה הִנְנִי מֵבִיא רָעָה אֶל־הַמָּקוֹם הַזֶּה וְעַל־יֹשְׁבָיו אֵת כָּל־דִּבְרֵי הַסֵּפֶר אֲשֶׁר קָרָא מֶלֶךְ יְהוּדָה ׃	Tάδε λέγει Κύριος ’Iδοὺ ἐγὼ ἐπάγω κακὰ ἐπὶ τὸν τόπον τοῦτον καὶ ἐπὶ τοὺς ἐνοικοῦντας αὐτόν, πάντας τοὺς λόγους τοῦ βιβλίου οὓς ἀνέγνω βασιλεὺς Ἰούδα,	haec dicit Dominus ecce ego adducam mala super locum hunc et super habitatores eius omnia verba legis quae legit rex Iuda	Hæc dicit Dominus: Ecce ego adducam mala super locum istum, et super habitatores ejus, omnia verba legis quæ legit rex Juda:		Thus saith the Lord, Behold, I will bring evil upon this place, and upon the inhabitants thereof, even all the words of the book which the king of Judah hath read:
2Kgs	22	17	תַּחַת אֲשֶׁר עֲזָבוּנִי וַיְקַטְּרוּ לֵאלֹהִים אֲחֵרִים לְמַעַן הַכְעִיסֵנִי בְּכֹל מַעֲשֵׂה יְדֵיהֶם וְנִצְּתָה חֲמָתִי בַּמָּקוֹם הַזֶּה וְלֹא תִכְבֶּה ׃	ἀνθ’ ὧν ἐνκατέλιπόν με καὶ ἐθυμίων θεοῖς ἑτέροις, ὅπως παροργίσωσίν με ἐν τοῖς ἔργοις τῶν χειρῶν αὐτῶν, κοὶ ἐκκαυθήσεται ὁ θυμός μου ἐν τῷ τόπῳ τούτῳ καὶ οὐ σβεσθήσεται.	quia dereliquerunt me et sacrificaverunt diis alienis inritantes me in cunctis operibus manuum suarum et succendetur indignatio mea in loco hoc et non extinguetur	quia dereliquerunt me, et sacrificaverunt diis alienis, irritantes me in cunctis operibus manuum suarum: et succendetur indignatio mea in loco hoc, et non extinguetur.		Because they have forsaken me, and have burned incense unto other gods, that they might provoke me to anger with all the works of their hands; therefore my wrath shall be kindled against this place, and shall not be quenched.
2Kgs	22	18	וְאֶל־מֶלֶךְ יְהוּדָה הַשֹּׁלֵחַ אֶתְכֶם לִדְרֹשׁ אֶת־יְהוָה כֹּה תֹאמְרוּ אֵלָיו כֹּה־אָמַר יְהוָה אֱלֹהֵי יִשְׂרָאֵל הַדְּבָרִים אֲשֶׁר שָׁמָעְתָּ ׃	καὶ πρὸς βασιλέα Ἰούδα τὸν ἀποστείλαντα ὑμᾶς ἐπιζητῆσαι τὸν κύριον, τάδε ἐρεῖτε πρὸς αὐτόν Τάδε λέγει Κύριος ὁ θεὸς Ἰσραήλ Οἰ λόγοι οὓς ἤκουσας,	regi autem Iuda qui misit vos ut consuleretis Dominum sic dicetis haec dicit Dominus Deus Israhel pro eo quod audisti verba voluminis	Regi autem Juda, qui misit vos ut consuleretis Dominum, sic dicetis: Hæc dicit Dominus Deus Israël: Pro eo quod audisti verba voluminis,		But to the king of Judah which sent you to enquire of the Lord, thus shall ye say to him, Thus saith the Lord God of Israel, As touching the words which thou hast heard;
2Kgs	22	19	יַעַן רַךְ־לְבָבְךָ וַתִּכָּנַע מִפְּנֵי יְהוָה בְּשָׁמְעֲךָ אֲשֶׁר דִּבַּרְתִּי עַל־הַמָּקוֹם הַזֶּה וְעַל־יֹשְׁבָיו לִהְיוֹת לְשַׁמָּה וְלִקְלָלָה וַתִּקְרַע אֶת־בְּגָדֶיךָ וַתִּבְכֶּה לְפָנָי וְגַם אָנֹכִי שָׁמַעְתִּי נְאֻם־יְהוָה ׃	ἀνθ’ ὧν ὅτι ἡπαλύνθη ἡ καρδία σου καὶ ἐνετράπης ἄν τὸ πρόσωπον Κυρίου, ὡς ἤκουσας ὅσα ἐλάλησα ἐπὶ τὸν τόπον τοῦτον καὶ ἐπὶ τοὺς ἐνοικοῦντας αὐτὸν τοῦ εἶναι εἰς ἀφανισμὸν καὶ εἰς κατάραν, καὶ διέρρηξας τὰ ἱμάτιά σου καὶ ἔκλαυσας ἐνώπιον ἐμοῦ· καί γε ἐγὼ ἤκουσα, λέγει Κύριος.	et perterritum est cor tuum et humiliatus es coram Domino auditis sermonibus contra locum istum et habitatores eius quo videlicet fierent in stuporem et in maledictum et scidisti vestimenta tua et flevisti coram me et ego audivi ait Dominus	et perterritum est cor tuum, et humiliatus es coram Domino, auditis sermonibus contra locum istum et habitatores ejus, quod videlicet fierent in stuporem et in maledictum: et scidisti vestimenta tua, et flevisti coram me, et ego audivi, ait Dominus:		Because thine heart was tender, and thou hast humbled thyself before the Lord, when thou heardest what I spake against this place, and against the inhabitants thereof, that they should become a desolation and a curse, and hast rent thy clothes, and wept before me; I also have heard thee, saith the Lord.
2Kgs	22	20	לָכֵן הִנְנִי אֹסִפְךָ עַל־אֲבֹתֶיךָ וְנֶאֱסַפְתָּ אֶל־קִבְרֹתֶיךָ בְּשָׁלוֹם וְלֹא־תִרְאֶינָה עֵינֶיךָ בְּכֹל הָרָעָה אֲשֶׁר־אֲנִי מֵבִיא עַל־הַמָּקוֹם הַזֶּה וַיָּשִׁיבוּ אֶת־הַמֶּלֶךְ דָּבָר ׃	οὐχ οὕτως· ἰδοὺ προστίθημί σε πρὸς τοὺς πατέρας σου, καὶ συναχθήσῃ εἰς τὸν τάφον σου ἐν εἰρήνῃ, καὶ οὐκ ὀφθήσεται ἐν τοῖς ὀφθαλμοῖς σου πᾶσιν πᾶσιν τοῖς κακοῖς οἷς ἐγώ εἰμι ἐπάγω ἐπὶ τὸν τόπον τοῦτον. Καὶ XXIII	idcirco colligam te ad patres tuos et colligeris ad sepulchrum tuum in pace ut non videant oculi tui omnia mala quae inducturus sum super locum istum	idcirco colligam te ad patres tuos, et colligeris ad sepulchrum tuum in pace, ut non videant oculi tui omnia mala quæ inducturus sum super locum istum.		Behold therefore, I will gather thee unto thy fathers, and thou shalt be gathered into thy grave in peace; and thine eyes shall not see all the evil which I will bring upon this place. And they brought the king word again.
2Kgs	23	1	וַיִּשְׁלַח הַמֶּלֶךְ וַיַּאַסְפוּ אֵלָיו כָּל־זִקְנֵי יְהוּדָה וִירוּשָׁלִָם ׃	XXIIIἐπέστρεψαν οἱ βασιλεῖς τὸ ῥῆμα· καὶ ἀπέστειλεν ὁ βασιλεὺς καὶ συνήγαγεν πρὸς ἑαυτὸν πάντας τοὺς πρεσβυτέρους Ἰούδα καὶ Ἰερουσαλήμ.	et renuntiaverunt regi quod dixerat qui misit et congregati sunt ad eum omnes senes Iuda et Hierusalem	Et renuntiaverunt regi quod dixerat. Qui misit: et congregati sunt ad eum omnes senes Juda et Jerusalem.		And the king sent, and they gathered unto him all the elders of Judah and of Jerusalem.
2Kgs	23	2	וַיַּעַל הַמֶּלֶךְ בֵּית־יְהוָה וְכָל־אִישׁ יְהוּדָה וְכָל־יֹשְׁבֵי יְרוּשָׁלַםִ אִתּוֹ וְהַכֹּהֲנִים וְהַנְּבִיאִים וְכָל־הָעָם לְמִקָּטֹן וְעַד־גָּדוֹל וַיִּקְרָא בְאָזְנֵיהֶם אֶת־כָּל־דִּבְרֵי סֵפֶר הַבְּרִית הַנִּמְצָא בְּבֵית יְהוָה ׃	καὶ ἀνέβη ὁ βασιλεὺς εἰς οἶκον Κυρίου, καὶ πᾶς ἀνὴρ Ἰούδα καὶ οἱ κατοικοῦντες ἐν Ἰερουσαλὴμ μετ’ αὐτοῦ καὶ οἱ ἱερεῖς καὶ οἱ προφῆται καὶ πᾶς ὁ λαὸς ἀπὸ μικροῦ καὶ ἕως μεγάλου, κοὶ ἀνέγνω ἐνώπιον αὐτῶν πάντας τοὺς λόγους τοῦ βιβλίου τῆς διαθήκης τοῦ εὑρεθέντος ἐν οἴκῳ Κυρίου.	ascenditque rex templum Domini et omnes viri Iuda universique qui habitant in Hierusalem cum eo sacerdotes et prophetae et omnis populus a parvo usque ad magnum legitque cunctis audientibus omnia verba libri foederis qui inventus est in domo Domini	Ascenditque rex templum Domini, et omnes viri Juda, universique qui habitabant in Jerusalem cum eo sacerdotes et prophetæ, et omnis populus a parvo usque ad magnum: legitque, cunctis audientibus, omnia verba libri fœderis, qui inventus est in domo Domini.		And the king went up into the house of the Lord, and all the men of Judah and all the inhabitants of Jerusalem with him, and the priests, and the prophets, and all the people, both small and great: and he read in their ears all the words of the book of the covenant which was found in the house of the Lord.
2Kgs	23	3	וַיַּעֲמֹד הַמֶּלֶךְ עַל־הָעַמּוּד וַיִּכְרֹת אֶת־הַבְּרִית לִפְנֵי יְהוָה לָלֶכֶת אַחַר יְהוָה וְלִשְׁמֹר מִצְוֹתָיו וְאֶת־עֵדְוֹתָיו וְאֶת־חֻקֹּתָיו בְּכָל־לֵב וּבְכָל־נֶפֶשׁ לְהָקִים אֶת־דִּבְרֵי הַבְּרִית הַזֹּאת הַכְּתֻבִים עַל־הַסֵּפֶר הַזֶּה וַיַּעֲמֹד כָּל־הָעָם בַּבְּרִית ׃	καὶ ἔστη ὁ βασιλεὺς πρὸς τὸν στύλον, καὶ διέθετο διαθήκην ἐνώπιον Κυρίου, τοῦ πορεύεσθαι ὀπίσω Κυρίου, τοῦ φυλάσσειν τὰς ἐντολὰς αὐτοῦ καὶ τὰ μαρτύρια αὐτοῦ καὶ τὰ δικαιώματα αὐτοῦ ἐν πάσῃ καρδίᾳ καὶ ἐν πάση ψυχῇ, τοῦ ἀναστῆσαι τοὺς λόγους τῆς διαθήκης ταύτης, τὰ γεγραμμένα ἐπὶ τὸ βιβλίον τοῦτο· καὶ ἔστη πᾶς ὁ λαὸς ἐν τῇ διαθήκη.	stetitque rex super gradum et percussit foedus coram Domino ut ambularent post Dominum et custodirent praecepta eius et testimonia et caerimonias in omni corde et in tota anima et suscitarent verba foederis huius quae scripta erant in libro illo adquievitque populus pacto	Stetitque rex super gradum: et fœdus percussit coram Domino, ut ambularent post Dominum, et custodirent præcepta ejus, et testimonia, et cæremonias in omni corde, et in tota anima, et suscitarent verba fœderis hujus, quæ scripta erant in libro illo: acquievitque populus pacto.		And the king stood by a pillar, and made a covenant before the Lord, to walk after the Lord, and to keep his commandments and his testimonies and his statutes with all their heart and all their soul, to perform the words of this covenant that were written in this book. And all the people stood to the covenant.
2Kgs	23	4	וַיְצַו הַמֶּלֶךְ אֶת־חִלְקִיָּהוּ הַכֹּהֵן הַגָּדוֹל וְאֶת־כֹּהֲנֵי הַמִּשְׁנֶה וְאֶת־שֹׁמְרֵי הַסַּף לְהוֹצִיא מֵהֵיכַל יְהוָה אֵת כָּל־הַכֵּלִים הָעֲשׂוּיִם לַבַּעַל וְלָאֲשֵׁרָה וּלְכֹל צְבָא הַשָּׁמָיִם וַיִּשְׂרְפֵם מִחוּץ לִירוּשָׁלִַם בְּשַׁדְמוֹת קִדְרוֹן וְנָשָׂא אֶת־עֲפָרָם בֵּית־אֵל ׃	καὶ ἐνετείλατο ὁ βασιλεὺς τῷ Χελεκίᾳ τῷ ἱερεῖ τῷ μεγάλῳ καὶ τοῖς ἱερεῦσιν τῆς δευτερώσεως καὶ τοῖς φυλάσσουσιν τὸν σταθμὸν ἐξαγαγεῖν ἐκ τοῦ ναοῦ Κυρίου πάντα τὰ σκεύη τὰ πεποιημένα τῷ Βάαλ καὶ τῷ ἄλσει κα πάσῃ τῇ δυνάμει τοῦ οὐρανοῦ· καὶ κατέκαυσεν αὐτὰ ἔξω Ἰερουσαλὴμ ἐν σαλημὼθ Κεδρών, καὶ ἔλαβεν τὸν χοῦν αὐτῶν εἰς Βαιθήλ.	et praecepit rex Helciae pontifici et sacerdotibus secundi ordinis et ianitoribus ut proicerent de templo Domini omnia vasa quae facta fuerant Baal et in luco et universae militiae caeli et conbusit ea foris Hierusalem in convalle Cedron et tulit pulverem eorum in Bethel	Et præcepit rex Helciæ pontifici, et sacerdotibus secundi ordinis, et janitoribus, ut projicerent de templo Domini omnia vasa quæ facta fuerant Baal, et in luco, et universæ militiæ cæli: et combussit ea foris Jerusalem in convalle Cedron, et tulit pulverem eorum in Bethel.		And the king commanded Hilkiah the high priest, and the priests of the second order, and the keepers of the door, to bring forth out of the temple of the Lord all the vessels that were made for Baal, and for the grove, and for all the host of heaven: and he burned them without Jerusalem in the fields of Kidron, and carried the ashes of them unto Bethel.
2Kgs	23	5	וְהִשְׁבִּית אֶת־הַכְּמָרִים אֲשֶׁר נָתְנוּ מַלְכֵי יְהוּדָה וַיְקַטֵּר בַּבָּמוֹת בְּעָרֵי יְהוּדָה וּמְסִבֵּי יְרוּשָׁלִָם וְאֶת־הַמְקַטְּרִים לַבַּעַל לַשֶּׁמֶשׁ וְלַיָּרֵחַ וְלַמַּזָּלוֹת וּלְכֹל צְבָא הַשָּׁמָיִם ׃	καὶ κατέκαυσεν τοὺς χωμαρεὶμ οὓς ἔδωκαν βασιλεῖ Ἰούδα, καὶ ἐθυμίων ἐν τοῖς ὑψηλοῖς καὶ ἐν ταῖς πόλεσιν Ἰούδα καὶ τοῖς περικύκλῳ Ἰερουσαλήμ, καὶ τοὺς θυμιῶντας τῷ Βάαλ καὶ τῶ ἡλίῳ καὶ τῇ σελήνῃ καὶ τοῖς μαζουρὼθ καὶ πάσῃ τῇ δυνάμει τοῦ οὐρανοῦ.	et delevit aruspices quos posuerant reges Iuda ad sacrificandum in excelsis per civitates Iuda et in circuitu Hierusalem et eos qui adolebant incensum Baal et soli et lunae et duodecim signis et omni militiae caeli	Et delevit aruspices quos posuerant reges Juda ad sacrificandum in excelsis per civitates Juda, et in circuitu Jerusalem: et eos qui adolebant incensum Baal, et soli, et lunæ, et duodecim signis, et omni militiæ cæli.		And he put down the idolatrous priests, whom the kings of Judah had ordained to burn incense in the high places in the cities of Judah, and in the places round about Jerusalem; them also that burned incense unto Baal, to the sun, and to the moon, and to the planets, and to all the host of heaven.
2Kgs	23	6	וַיֹּצֵא אֶת־הָאֲשֵׁרָה מִבֵּית יְהוָה מִחוּץ לִירוּשָׁלִַם אֶל־נַחַל קִדְרוֹן וַיִּשְׂרֹף אֹתָהּ בְּנַחַל קִדְרוֹן וַיָּדֶק לְעָפָר וַיַּשְׁלֵךְ אֶת־עֲפָרָהּ עַל־קֶבֶר בְּנֵי הָעָם ׃	καὶ ἐξήνεγκεν τὸ ἄλσος ἐξ οἴκου Κυρίου ἔξωθεν Ἰερουσαλὴμ εἰς τὸν χειμάρρουν Κεδρών, καὶ κατέκαυσεν κατέκαυσεν ἐν τῶ Χειμάρρῳ Κεδρὼν καὶ ἐλέπτυνεν εἰς χοῦν , καὶ ἔριψεν τὸν χοῦν αὐτοῦ εἰς τάφον τάφον τῶν υἱῶν τοῦ λαοῦ.	et efferri fecit lucum de domo Domini foras Hierusalem in convalle Cedron et conbusit eum ibi et redegit in pulverem et proiecit super sepulchrum vulgi	Et efferri fecit lucum de domo Domini foras Jerusalem in convalle Cedron, et combussit eum ibi, et redegit in pulverem, et projecit super sepulchra vulgi.		And he brought out the grove from the house of the Lord, without Jerusalem, unto the brook Kidron, and burned it at the brook Kidron, and stamped it small to powder, and cast the powder thereof upon the graves of the children of the people.
2Kgs	23	7	וַיִּתֹּץ אֶת־בָּתֵּי הַקְּדֵשִׁים אֲשֶׁר בְּבֵית יְהוָה אֲשֶׁר הַנָּשִׁים אֹרְגוֹת שָׁם בָּתִּים לָאֲשֵׁרָה ׃	καὶ καθεῖλεν τὸν οἶκον τῶν καδησεὶμ τῶν ἐν τῷ οἴκῳ Κυρίου, οὗ αἱ γυναῖκες ὕφαινον ἐκεῖ χεττιεὶν τῷ ἄλσει.	destruxit quoque aediculas effeminatorum quae erant in domo Domini pro quibus mulieres texebant quasi domunculas luci	Destruxit quoque ædiculas effeminatorum quæ erant in domo Domini, pro quibus mulieres texebant quasi domunculas luci.		And he brake down the houses of the sodomites, that were by the house of the Lord, where the women wove hangings for the grove.
2Kgs	23	8	וַיָּבֵא אֶת־כָּל־הַכֹּהֲנִים מֵעָרֵי יְהוּדָה וַיְטַמֵּא אֶת־הַבָּמוֹת אֲשֶׁר קִטְּרוּ־שָׁמָּה הַכֹּהֲנִים מִגֶּבַע עַד־בְּאֵר שָׁבַע וְנָתַץ אֶת־בָּמוֹת הַשְּׁעָרִים אֲשֶׁר־פֶּתַח שַׁעַר יְהוֹשֻׁעַ שַׂר־הָעִיר אֲשֶׁר־עַל־שְׂמֹאול אִישׁ בְּשַׁעַר הָעִיר ׃	καὶ ἀνήγαγεν πάντας τοὺς ἱερεῖς ἐκ πόλεων Ἰούδα, καὶ ἐμίανεν τὰ ὑψηλὰ οὗ ἐθυμίασαν ἐκεῖ οἱ ἱερεῖς ἀπὸ Γαιβὰλ καὶ ἕως Βηρσάβεε· καὶ καθεῖλεν τὸν οἶκον τῶν πυλῶν τὸν παρὰ τὴν θύραν τῆς πύλης Ἰησοῦ ἄρχοντος τῆς πύλης, τῶν ἐξ ἀριστερῶν ἀνδρὸς ἐν τῇ πύλη τῆς πόλεως.	congregavitque omnes sacerdotes de civitatibus Iuda et contaminavit excelsa ubi sacrificabant sacerdotes de Gabaa usque Bersabee et destruxit aras portarum in introitu ostii Iosue principis civitatis quod erat ad sinistram portae civitatis	Congregavitque omnes sacerdotes de civitatibus Juda, et contaminavit excelsa ubi sacrificabant sacerdotes de Gabaa usque Bersabee, et destruxit aras portarum in introitu ostii Josue principis civitatis, quod erat ad sinistram portæ civitatis.		And he brought all the priests out of the cities of Judah, and defiled the high places where the priests had burned incense, from Geba to Beersheba, and brake down the high places of the gates that were in the entering in of the gate of Joshua the governor of the city, which were on a man's left hand at the gate of the city.
2Kgs	23	9	אַךְ לֹא יַעֲלוּ כֹּהֲנֵי הַבָּמוֹת אֶל־מִזְבַּח יְהוָה בִּירוּשָׁלָםִ כִּי אִם־אָכְלוּ מַצּוֹת בְּתוֹךְ אֲחֵיהֶם ׃	πλὴν οὐκ ἀνέβησαν οἱ ἱερεῖς τῶν ὑψηλῶν πρὸς τὸ θυσιαστήριον Κυρίου ἐν Ἰερουσαλήμ, ὅτι εἰ μὴ ἔφαγον ἄζυμα ἐν μέσῳ τῶν ἀδελφῶν αὐτῶν.	verumtamen non ascendebant sacerdotes excelsorum ad altare Domini in Hierusalem sed tantum comedebant azyma in medio fratrum suorum	Verumtamen non ascendebant sacerdotes excelsorum ad altare Domini in Jerusalem: sed tantum comedebant azyma in medio fratrum suorum.		Nevertheless the priests of the high places came not up to the altar of the Lord in Jerusalem, but they did eat of the unleavened bread among their brethren.
2Kgs	23	10	וְטִמֵּא אֶת־הַתֹּפֶת אֲשֶׁר בְּגֵי בֶני־הִנֹּם לְבִלְתִּי לְהַעֲבִיר אִישׁ אֶת־בְּנוֹ וְאֶת־בִּתּוֹ בָּאֵשׁ לַמֹּלֶךְ ׃	καὶ μιανεῖτε τὸν Τάφεθ ἐν φάραγγι υἱοῦ Ἑννόμ, τοῦ διαγαγεῖν ἄνδρα τὸν υἱὸν αὐτοῦ καὶ ἄνδρα τὴν θυγατέρα αὐτοῦ τῷ Μόλοχ ἐν πυρί.	contaminavit quoque Thafeth quod est in convalle filii Ennom ut nemo consecraret filium suum aut filiam per ignem Moloch	Contaminavit quoque Topheth, quod est in convalle filii Ennom, ut nemo consecraret filium suum aut filiam per ignem, Moloch.		And he defiled Topheth, which is in the valley of the children of Hinnom, that no man might make his son or his daughter to pass through the fire to Molech.
2Kgs	23	11	וַיַּשְׁבֵּת אֶת־הַסּוּסִים אֲשֶׁר נָתְנוּ מַלְכֵי יְהוּדָה לַשֶּׁמֶשׁ מִבֹּא בֵית־יְהוָה אֶל־לִשְׁכַּת נְתַן־מֶלֶךְ הַסָּרִיס אֲשֶׁר בַּפַּרְוָרִים וְאֶת־מַרְכְּבוֹת הַשֶּׁמֶשׁ שָׂרַף בָּאֵשׁ ׃	καὶ κατέκαυσεν τοὺς ἵππους οὑς ἔδωκαν βασιλεῖς Ἰούδα τῷ ἡλίῳ ἐν τῇ εἰόδῳ οἴκου Κυρίου εἰς τὸ γαζοφυλάκιον Ναθὰν βασιλέως τοῦ εὐνούχου ἐν φαρουρείμ· καὶ τὸ ἅρμα τοῦ ἡλίου κατέκαυσεν πυρί.	abstulit quoque equos quos dederant reges Iudae soli in introitu templi Domini iuxta exedram Nathanmelech eunuchi qui erat in Farurim currus autem solis conbusit igni	Abstulit quoque equos quos dederant reges Juda soli in introitu templi Domini juxta exedram Nathanmelech eunuchi, qui erat in Pharurim: currus autem solis combussit igni.		And he took away the horses that the kings of Judah had given to the sun, at the entering in of the house of the Lord, by the chamber of Nathanmelech the chamberlain, which was in the suburbs, and burned the chariots of the sun with fire.
2Kgs	23	12	וְאֶת־הַמִּזְבְּחוֹת אֲשֶׁר עַל־הַגָּג עֲלִיַּת אָחָז אֲשֶׁר־עָשׂוּ מַלְכֵי יְהוּדָה וְאֶת־הַמִּזְבְּחוֹת אֲשֶׁר־עָשָׂה מְנַשֶּׁה בִּשְׁתֵּי חַצְרוֹת בֵּית־יְהוָה נָתַץ הַמֶּלֶךְ וַיָּרָץ מִשָּׁם וְהִשְׁלִיךְ אֶת־עֲפָרָם אֶל־נַחַל קִדְרוֹן ׃	καὶ τὰ θυσιαστήρια τὰ ἐπὶ τοῦ δώματος τοῦ ὑπερῴου Ἀχάξ, ἃ ἐποίησεν βασιλεὺς Ἰούδα, καὶ τὰ θυσιαστήρια ἃ ἐποίησεν Μανασσῆς ἐν ταίς δυσὶν αὐλαῖς οἴκου Κυρίου, καὶ καθεῖλεν ὁ βασιλεὺς καὶ κατέσπασεν ἐκεῖθεν, καὶ ἔρριψεν τὸν χοῦν αὐτῶν εἰς τὸν χειμάρρουν Κεδρών.	altaria quoque quae erant super tecta cenaculi Ahaz quae fecerant reges Iuda et altaria quae fecerat Manasses in duobus atriis templi Domini destruxit rex et cucurrit inde et dispersit cinerem eorum in torrentem Cedron	Altaria quoque quæ erant super tecta cœnaculi Achaz, quæ fecerant reges Juda, et altaria quæ fecerat Manasses in duobus atriis templi Domini, destruxit rex, et cucurrit inde, et dispersit cinerem eorum in torrentem Cedron.		And the altars that were on the top of the upper chamber of Ahaz, which the kings of Judah had made, and the altars which Manasseh had made in the two courts of the house of the Lord, did the king beat down, and brake them down from thence, and cast the dust of them into the brook Kidron.
2Kgs	23	13	וְאֶת־הַבָּמוֹת אֲשֶׁר עַל־פְּנֵי יְרוּשָׁלַםִ אֲשֶׁר מִימִין לְהַר־הַמַּשְׁחִית אֲשֶׁר בָּנָה שְׁלֹמֹה מֶלֶךְ־יִשְׂרָאֵל לְעַשְׁתֹּרֶת שִׁקֻּץ צִידֹנִים וְלִכְמוֹשׁ שִׁקֻּץ מוֹאָב וּלְמִלְכֹּם תּוֹעֲבַת בְּנֵי־עַמּוֹן טִמֵּא הַמֶּלֶךְ ׃	καὶ τὸν οἶκον τὸν ἐπὶ πρόσωπον Ἰερουσαλὴμ τὸν ἐκ δεξιῶν τοῦ ὄρους τοῦ ὄν ᾠκοδόμησεν Σαλωμὼν βασιλεὺς Ἰσραὴλ τῇ ’ προσοχθίσματι Σιδωνίων καὶ τῷ Χαμὼς προσοχθίσματι Μωὰβ καὶ τῷ Moλχὸν βδελύγματι υἱῶν Ἀμμών, ἐμίανεν ὁ βασιλεύς.	excelsa quoque quae erant in Hierusalem ad dexteram partem montis Offensionis quae aedificaverat Salomon rex Israhel Astharoth idolo Sidoniorum et Chamos offensioni Moab et Melchom abominationi filiorum Ammon polluit rex	Excelsa quoque, quæ erant in Jerusalem ad dexteram partem montis offensionis, quæ ædificaverat Salomon rex Israël Astaroth idolo Sidoniorum, et Chamos offensioni Moab, et Melchom abominationi filiorum Ammon, polluit rex.		And the high places that were before Jerusalem, which were on the right hand of the mount of corruption, which Solomon the king of Israel had builded for Ashtoreth the abomination of the Zidonians, and for Chemosh the abomination of the Moabites, and for Milcom the abomination of the children of Ammon, did the king defile.
2Kgs	23	14	וְשִׁבַּר אֶת־הַמַּצֵּבוֹת וַיִּכְרֹת אֶת־הָאֲשֵׁרִים וַיְמַלֵּא אֶת־מְקוֹמָם עַצְמוֹת אָדָם ׃	καὶ συνέτριψεν τὰς στήλας καὶ ἐξωλέθρευσεν τὰ ἄλση καὶ ἔπλησεν τοὺς τόπους αὐτῶν ὀστέων ἀνθρώπων.	et contrivit statuas et succidit lucos replevitque loca eorum ossibus mortuorum	Et contrivit statuas, et succidit lucos: replevitque loca eorum ossibus mortuorum.		And he brake in pieces the images, and cut down the groves, and filled their places with the bones of men.
2Kgs	23	15	וְגַם אֶת־הַמִּזְבֵּחַ אֲשֶׁר בְּבֵית־אֵל הַבָּמָה אֲשֶׁר עָשָׂה יָרָבְעָם בֶּן־נְבָט אֲשֶׁר הֶחֱטִיא אֶת־יִשְׂרָאֵל גַּם אֶת־הַמִּזְבֵּחַ הַהוּא וְאֶת־הַבָּמָה נָתָץ וַיִּשְׂרֹף אֶת־הַבָּמָה הֵדַק לְעָפָר וְשָׂרַף אֲשֵׁרָה ׃	Καί γε τὸ θυσιαστήριον τὸ ἐν Βαιθὴλ τὸ ὑψηλὸν ὃ ἐποίησεν ’Iεροβοὰμ υἱὸς Ναβὰτ ὅς ἐξήμαρτεν τὸν Ἰσραήλ, καί γε τὸ θυσιαστήριον ἐκεῖνο τὸ ὑψηλὸν κατέσπασεν, καὶ συνέτριψεν τοὺς λίθους αὐτοῦ καὶ ἐλέπτυνεν εἰς χοῦν, καὶ κατέκαυσεν τὸ ἄλσος.	insuper et altare quod erat in Bethel excelsum quod fecerat Hieroboam filius Nabath qui peccare fecit Israhel et altare illud et excelsum destruxit atque conbusit et comminuit in pulverem succenditque etiam lucum	Insuper et altare quod erat in Bethel, et excelsum quod fecerat Jeroboam filius Nabat, qui peccare fecit Israël: et altare illud, et excelsum destruxit, atque combussit, et comminuit in pulverem, succenditque etiam lucum.		Moreover the altar that was at Bethel, and the high place which Jeroboam the son of Nebat, who made Israel to sin, had made, both that altar and the high place he brake down, and burned the high place, and stamped it small to powder, and burned the grove.
2Kgs	23	16	וַיִּפֶן יֹאשִׁיָּהוּ וַיַּרְא אֶת־הַקְּבָרִים אֲשֶׁר־שָׁם בָּהָר וַיִּשְׁלַח וַיִּקַּח אֶת־הָעֲצָמוֹת מִן־הַקְּבָרִים וַיִּשְׂרֹף עַל־הַמִּזְבֵּחַ וַיְטַמְּאֵהוּ כִּדְבַר יְהוָה אֲשֶׁר קָרָא אִישׁ הָאֱלֹהִים אֲשֶׁר קָרָא אֶת־הַדְּבָרִים הָאֵלֶּה ׃	καὶ ἐξένευσεν ’Iωσείας καὶ εἰδεν τοὺς τάφους ἐκεῖ ἐν τῇ πόλει, καὶ ἀπέστειλεν καὶ ἔλαβεν τὰ ὀστᾶ ἐκ τῶν και κατεκαυσεν επι το θυσιαστηριον, και εμιανεν αυτο κοτα το Κυρίου ὃ ἐλάλησεν ὁ ἄνθρωπος τοῦ θεοῦ ἐν τῷ ἑστάναι Ἰ ἐν τῇ ἑορτῇ ἐπὶ τὸ θυσιαστήριον . καὶ ἐπιστρέψας ἦρεν τοὺς ὀφθαλμοὺς αὐτοῦ ἐπὶ τὸν τάφον τοῦ ἀνθρώπου τοῦ θεοῦ τοῦ λαλήσαντος τοὺς λόγους τούτους,	et conversus Iosias vidit ibi sepulchra quae erant in monte misitque et tulit ossa de sepulchris et conbusit ea super altare et polluit illud iuxta verbum Domini quod locutus est vir Dei qui praedixerat verba haec	Et conversus Josias, vidit ibi sepulchra quæ erant in monte: misitque et tulit ossa de sepulchris, et combussit ea super altare, et polluit illud juxta verbum Domini quod locutus est vir Dei, qui prædixerat verba hæc.		And as Josiah turned himself, he spied the sepulchres that were there in the mount, and sent, and took the bones out of the sepulchres, and burned them upon the altar, and polluted it, according to the word of the Lord which the man of God proclaimed, who proclaimed these words.
2Kgs	23	17	וַיֹּאמֶר מָה הַצִּיּוּן הַלָּז אֲשֶׁר אֲנִי רֹאֶה וַיֹּאמְרוּ אֵלָיו אַנְשֵׁי הָעִיר הַקֶּבֶר אִישׁ־הָאֱלֹהִים אֲשֶׁר־בָּא מִיהוּדָה וַיִּקְרָא אֶת־הַדְּבָרִים הָאֵלֶּה אֲשֶׁר עָשִׂיתָ עַל הַמִּזְבַּח בֵּית־אֵל ׃	καὶ εἶπεν Τί τὸ σκόπελον ἐκεῖνο ὃ ἐγὼ ὁρῶ ; καἰ εἶπον αὐτῷ οἱ ἄνδρες τῆς πόλεως Ὁ ἄνθρωπος τοῦ θεοῦ ὁ ἐξ Ἰούδα Ἰούδα καὶ ἐπικαλεσάμενος τοὺς λόγους τούτους οὑς ἐτ ἐπὶ τὸ θυσιαστήριον Βαιθήλ.	et ait quis est titulus ille quem video responderuntque ei cives illius urbis sepulchrum est hominis Dei qui venit de Iuda et praedixit verba haec quae fecisti super altare Bethel	Et ait: Quis est titulus ille, quem video? Responderuntque ei cives urbis illius: Sepulchrum est hominis Dei, qui venit de Juda, et prædixit verba hæc, quæ fecisti super altare Bethel.		Then he said, What title is that that I see? And the men of the city told him, It is the sepulchre of the man of God, which came from Judah, and proclaimed these things that thou hast done against the altar of Bethel.
2Kgs	23	18	וַיֹּאמֶר הַנִּיחוּ לוֹ אִישׁ אַל־יָנַע עַצְמֹתָיו וַיְמַלְּטוּ עַצְמֹתָיו אֵת עַצְמוֹת הַנָּבִיא אֲשֶׁר־בָּא מִשֹּׁמְרוֹן ׃	καὶ εἶπεν Ἄφετε αὐτό, ἀνὴρ μὴ κινησάτωσαν τὰ ὀστᾶ αὐτοῦ· κοὶ ἐρύσθησαν τὰ ὀστᾶ αὐτοῦ μετὰ τῶν ὀστῶν τοῦ προφήτου τοῦ ἥκοντος ἐκ Σαμαρείας.	et ait dimittite eum nemo commoveat ossa eius et intacta manserunt ossa illius cum ossibus prophetae qui venerat de Samaria	Et ait: Dimitte eum: nemo commoveat ossa ejus. Et intacta manserunt ossa illius cum ossibus prophetæ qui venerat de Samaria.		And he said, Let him alone; let no man move his bones. So they let his bones alone, with the bones of the prophet that came out of Samaria.
2Kgs	23	19	וְגַם אֶת־כָּל־בָּתֵּי הַבָּמוֹת אֲשֶׁר בְּעָרֵי שֹׁמְרוֹן אֲשֶׁר עָשׂוּ מַלְכֵי יִשְׂרָאֵל לְהַכְעִיס הֵסִיר יֹאשִׁיָּהוּ וַיַּעַשׂ לָהֶם כְּכָל־הַמַּעֲשִׂים אֲשֶׁר עָשָׂה בְּבֵית־אֵל ׃	καί γε πάντας τοὺς οἴκους τῶν ὑψηλῶν τοὐς ἐν ταῖς πόλεσιν Σαμαρείας, οὕς ἐποίησαν βασιλεῖς Ἰσραὴλ παροργίζειν Κύριον, ἀπέστησεν Ἰωσείας, καὶ ἐποίησεν ἐν αὐτοῖς πάντα τὰ ἔργα ἄ ἐποίησεν ἐν Βαιθήλ.	insuper et omnia fana excelsorum quae erant in civitatibus Samariae quae fecerant reges Israhel ad inritandum Dominum abstulit Iosias et fecit eis secundum omnia opera quae fecerat in Bethel	Insuper et omnia fana excelsorum quæ erant in civitatibus Samariæ, quæ fecerant reges Israël ad irritandum Dominum, abstulit Josias: et fecit eis secundum omnia opera quæ fecerat in Bethel.		And all the houses also of the high places that were in the cities of Samaria, which the kings of Israel had made to provoke the Lord to anger, Josiah took away, and did to them according to all the acts that he had done in Bethel.
2Kgs	23	20	וַיִּזְבַּח אֶת־כָּל־כֹּהֲנֵי הַבָּמוֹת אֲשֶׁר־שָׁם עַל־הַמִּזְבְּחוֹת וַיִּשְׂרֹף אֶת־עַצְמוֹת אָדָם עֲלֵיהֶם וַיָּשָׁב יְרוּשָׁלִָם ׃	καὶ ἐθυσάασεν πάντας τοὺς ἱερεῖς τῶν ὑψηλῶν τοὺς ὄντας ἐκεῖ ἐπὶ τῶν θυσιαστηρίων, καὶ κατέκαυσεν τὰ ὀστᾶ τῶν ἀνθρώπων ἐπ' αὐτα, καὶ ἐπεστράφη εἰς Ἰερουσαλήμ.	et occidit universos sacerdotes excelsorum qui erant ibi super altaria et conbusit ossa humana super ea reversusque est Hierusalem	Et occidit universos sacerdotes excelsorum qui erant ibi super altaria, et combussit ossa humana super ea: reversusque est Jerusalem.		And he slew all the priests of the high places that were there upon the altars, and burned men's bones upon them, and returned to Jerusalem.
2Kgs	23	21	וַיְצַו הַמֶּלֶךְ אֶת־כָּל־הָעָם לֵאמֹר עֲשׂוּ פֶסַח לַיהוָה אֱלֹהֵיכֶם כַּכָּתוּב עַל סֵפֶר הַבְּרִית הַזֶּה ׃	Καὶ ἐνετείλατο ὁ βασιλεὺς παντὶ τῷ λαῷ λέγων Ποιήσατε πάσχα τῷ κυρίῳ θεῷ ἡμῶν, καθὼς γέγραπται ἐπὶ βιβλίου τῆς διαθήκης ταύτης.	et praecepit omni populo dicens facite phase Domino Deo vestro secundum quod scriptum est in libro foederis huius	Et præcepit omni populo, dicens: Facite Phase Domino Deo vestro, secundum quod scriptum est in libro fœderis hujus.		And the king commanded all the people, saying, Keep the passover unto the Lord your God, as it is written in the book of this covenant.
2Kgs	23	22	כִּי לֹא נַעֲשָׂה כַּפֶּסַח הַזֶּה מִימֵי הַשֹּׁפְטִים אֲשֶׁר שָׁפְטוּ אֶת־יִשְׂרָאֵל וְכֹל יְמֵי מַלְכֵי יִשְׂרָאֵל וּמַלְכֵי יְהוּדָה ׃	ὅτι οὐκ ἐγενήθη τὸ πάσχα τοῦτο ἀφ’ ἡμερῶν τῶν κριτῶν οἳ ἔκρινον τὸν Ἰσραὴλ καὶ πάσας τὰς ἡμέρας βασιλέων Ἰσραὴλ καὶ βασιλέων Ἰούδα·	nec enim factum est phase tale a diebus iudicum qui iudicaverunt Israhel et omnium dierum regum Israhel et regum Iuda	Nec enim factum est Phase tale a diebus judicum qui judicaverunt Israël, et omnium dierum regum Israël et regum Juda,		Surely there was not holden such a passover from the days of the judges that judged Israel, nor in all the days of the kings of Israel, nor of the kings of Judah;
2Kgs	23	23	כִּי אִם־בִּשְׁמֹנֶה עֶשְׂרֵה שָׁנָה לַמֶּלֶךְ יֹאשִׁיָּהוּ נַעֲשָׂה הַפֶּסַח הַזֶּה לַיהוָה בִּירוּשָׁלָםִ ׃	ὅτι ἀλλ' ἢ τῷ ὀκτωκαιδεκάτῳ ἔτει τοῦ βασιλέως Ἰωσεία ἐγενήθη τὸ πάσχα τῷ κυρίῳ ἐν Ἰερουσαλήμ.	sicut in octavodecimo anno regis Iosiae factum est phase istud Domino in Hierusalem	sicut in octavodecimo anno regis Josiæ factum est Phase istud Domino in Jerusalem.		But in the eighteenth year of king Josiah, wherein this passover was holden to the Lord in Jerusalem.
2Kgs	23	24	וְגַם אֶת־הָאֹבוֹת וְאֶת־הַיִּדְּעֹנִים וְאֶת־הַתְּרָפִים וְאֶת־הַגִּלֻּלִים וְאֵת כָּל־הַשִּׁקֻּצִים אֲשֶׁר נִרְאוּ בְּאֶרֶץ יְהוּדָה וּבִירוּשָׁלִַם בִּעֵר יֹאשִׁיָּהוּ לְמַעַן הָקִים אֶת־דִּבְרֵי הַתּוֹרָה הַכְּתֻבִים עַל־הַסֵּפֶר אֲשֶׁר מָצָא חִלְקִיָּהוּ הַכֹּהֵן בֵּית יְהוָה ׃	καί γε τοὺς θελητὰς καὶ τοὺς γνωριστὰς καὶ τὰ θεραφεὶν καὶ τὰ εἴδωλα καὶ πάντα τὰ προσοχθίσματα τὰ γεγονότα ἐν γῇ Ἰούδα καὶ ἐν Ἰερουσαλὴμ ἐξῆρεν Ἰωσείας, ἵνα στήσῃ τοὺς λόγους τοῦ νόμου τοὺς γεγραμμένους ἐπὶ τῷ βιβλίῳ οὗ εὗρεν Χελκείας ἱερεὺς ἐν οἴκῳ Κυρίου.	sed et pythones et ariolos et figuras idolorum et inmunditias abominationesque quae fuerant in terra Iuda et in Hierusalem abstulit Iosias ut statueret verba legis quae scripta sunt in libro quem invenit Helcias sacerdos in templo Domini	Sed et pythones, et ariolos, et figuras idolorum, et immunditias, et abominationes, quæ fuerant in terra Juda et Jerusalem, abstulit Josias: ut statueret verba legis quæ scipta sunt in libro quem invenit Helcias sacerdos in templo Domini.		Moreover the workers with familiar spirits, and the wizards, and the images, and the idols, and all the abominations that were spied in the land of Judah and in Jerusalem, did Josiah put away, that he might perform the words of the law which were written in the book that Hilkiah the priest found in the house of the Lord.
2Kgs	23	25	וְכָמֹהוּ לֹא־הָיָה לְפָנָיו מֶלֶךְ אֲשֶׁר־שָׁב אֶל־יְהוָה בְּכָל־לְבָבוֹ וּבְכָל־נַפְשׁוֹ וּבְכָל־מְאֹדוֹ כְּכֹל תּוֹרַת מֹשֶׁה וְאַחֲרָיו לֹא־קָם כָּמֹהוּ ׃	ὄμοιος αὐτῷ οὐκ ἐγενήθη ἔμπροσθεν αὐτοῦ βασιλεὺς ὃς ἐπέστρεψεν πρὸς Κύριον ἐν ὅλῃ καρδίᾳ αὐτοῦ κα ἐν ὅλῃ ἰσχύι αὐτοῦ καὶ ἐν ὅλῃ ψυχῇ αὐτοῦ κατὰ πάντα τὸν νόμον Μωυσῆ, κα μετ’ αὐτὸν οὐκ ἀνέστη ὅμοιος αὐτῷ.	similis illi non fuit ante eum rex qui reverteretur ad Dominum in omni corde suo et in tota anima sua et in universa virtute sua iuxta omnem legem Mosi neque post eum surrexit similis illi	Similis illi non fuit ante eum rex, qui reverteretur ad Dominum in omni corde suo, et in tota anima sua, et in universa virtute sua juxta omnem legem Moysi: neque post eum surrexit similis illi.		And like unto him was there no king before him, that turned to the Lord with all his heart, and with all his soul, and with all his might, according to all the law of Moses; neither after him arose there any like him.
2Kgs	23	26	אַךְ לֹא־שָׁב יְהוָה מֵחֲרוֹן אַפּוֹ הַגָּדוֹל אֲשֶׁר־חָרָה אַפּוֹ בִּיהוּדָה עַל כָּל־הַכְּעָסִים אֲשֶׁר הִכְעִיסוֹ מְנַשֶּׁה ׃	πλὴν οὐκ ἀπεστράφη Κύριος ἀπὸ θυμοῦ τῆς ὀργῆς αὐτοῦ τοῦ μεγάλου οὗ ἐθυμώθη ὁργῇ αὐτοῦ ἐν τῷ Ἰούδᾳ ἐπὶ τοὺς παροργισμοὺς οὓς αὐτὸν Μανασσῆς.	verumtamen non est aversus Dominus ab ira furoris sui magni quo iratus est furor eius contra Iudam propter inritationes quibus provocaverat eum Manasses	Verumtamen non est aversus Dominus ab ira furoris sui magni quo iratus est furor ejus contra Judam propter irritationes quibus provocaverat eum Manasses.		Notwithstanding the Lord turned not from the fierceness of his great wrath, wherewith his anger was kindled against Judah, because of all the provocations that Manasseh had provoked him withal.
2Kgs	23	27	וַיֹּאמֶר יְהוָה גַּם אֶת־יְהוּדָה אָסִיר מֵעַל פָּנַי כַּאֲשֶׁר הֲסִרֹתִי אֶת־יִשְׂרָאֵל וּמָאַסְתִּי אֶת־הָעִיר הַזֹּאת אֲשֶׁר־בָּחַרְתִּי אֶת־יְרוּשָׁלִַם וְאֶת־הַבַּיִת אֲשֶׁר אָמַרְתִּי יִהְיֶה שְׁמִי שָׁם ׃	καὶ εἶπεν Κύριος Καί γε τὸν Ἰουδὰ ἀπὶ τοῦ προσώπου αὐτοῦ, καθὼς ἀπέστησα τὸν Ἰσραήλ, τὴν πόλιν ταύτην ἢν ἐξελεξάμην, τὴν Ἰερουσαλήμ, καὶ τὸν οἶκον οὗ εἰπον Ἔσται τὸ ὄνομά μου	dixit itaque Dominus etiam Iudam auferam a facie mea sicut abstuli Israhel et proiciam civitatem hanc quam elegi Hierusalem et domum de qua dixi erit nomen meum ibi	Dixit itaque Dominus: Etiam Judam auferam a facie mea, sicut abstuli Israël: et projiciam civitatem hanc quam elegi Jerusalem, et domum de qua dixi: Erit nomen meum ibi.		And the Lord said, I will remove Judah also out of my sight, as I have removed Israel, and will cast off this city Jerusalem which I have chosen, and the house of which I said, My name shall be there.
2Kgs	23	28	וְיֶתֶר דִּבְרֵי יֹאשִׁיָּהוּ וְכָל־אֲשֶׁר עָשָׂה הֲלֹא־הֵם כְּתוּבִים עַל־סֵפֶר דִּבְרֵי הַיָּמִים לְמַלְכֵי יְהוּדָה ׃	καὶ τὰ λοιπὰ τῶν λόγων Ἰωσείου κα πάντα ὅσα ἐποίησεν, οὐχὶ ταῦτα γεγραμμένα ἐπὶ βιβλίῳ λόγων τῶν ἡμερῶν τοῖς βασιλεῦσιν Ἰούδα ;	reliqua autem verba Iosiae et universa quae fecit nonne haec scripta sunt in libro verborum dierum regum Iuda	Reliqua autem sermonum Josiæ, et universa quæ fecit, nonne hæc scripta sunt in libro verborum dierum regum Juda?		Now the rest of the acts of Josiah, and all that he did, are they not written in the book of the chronicles of the kings of Judah?
2Kgs	23	29	בְּיָמָיו עָלָה פַרְעֹה נְכֹה מֶלֶךְ־מִצְרַיִם עַל־מֶלֶךְ אַשּׁוּר עַל־נְהַר־פְּרָת וַיֵּלֶךְ הַמֶּלֶךְ יֹאשִׁיָּהוּ לִקְרָאתוֹ וַיְמִיתֵהוּ בִּמְגִדּוֹ כִּרְאֹתוֹ אֹתוֹ ׃	ἐν δὲ ταῖς ἡμέραις αὐτοῦ ἀνέβη Φαραὼ Νεχαὼ βασιλεὺς Αἰγύπτου ἐπὶ βασιλέα Ἀσσυρίων ἐπὶ ποταμὸν Εὐφράτην, καὶ ἐπορεύθη Ἰωσείας εἰς ἀπαντὴν αὐτοῦ. καὶ ἐθανάτωσεν αὐτὸν Νεχαὼ ἐν Μαγεδὼ ἐν τῷ ἰδεῖν αὐτόν.	in diebus eius ascendit Pharao Necho rex Aegypti contra regem Assyriorum ad flumen Eufraten et abiit Iosias rex in occursum eius et occisus est in Mageddo cum vidisset eum	In diebus ejus ascendit Pharao Nechao rex Ægypti contra regem Assyriorum ad flumen Euphraten, et abiit Josias rex in occursum ejus: et occisus est in Mageddo cum vidisset eum.		In his days Pharaohnechoh king of Egypt went up against the king of Assyria to the river Euphrates: and king Josiah went against him; and he slew him at Megiddo, when he had seen him.
2Kgs	23	30	וַיַּרְכִּבֻהוּ עֲבָדָיו מֵת מִמְּגִדּוֹ וַיְבִאֻהוּ יְרוּשָׁלַםִ וַיִּקְבְּרֻהוּ בִּקְבֻרָתוֹ וַיִּקַּח עַם־הָאָרֶץ אֶת־יְהוֹאָחָז בֶּן־יֹאשִׁיָּהוּ וַיִּמְשְׁחוּ אֹתוֹ וַיַּמְלִיכוּ אֹתוֹ תַּחַת אָבִיו ׃ פ	καὶ ἐπεβίβασαν αὐτὸν οἱ παῖδες αὐτοῦ νεκρὸν ἐκ Μακεδών, καὶ ἤγαγον αὐτὸν εἰς Ἰερουσαλήμ, κα ἔθαψαν αὐτὸν ἐν τῷ τάφῳ αὐτοῦ· καὶ ἔλαβεν ὁ λαὸς τῆς γῆς τὸν Ιωαχὰς υἱὸν Ἰωσείου καὶ ἔχρισαν αὐτόν, καὶ ἐβασίλευσαν αὐτὸν ἀντὶ τοῦ πατρὸς αὐτοῦ.	et portaverunt eum servi sui mortuum de Mageddo et pertulerunt in Hierusalem et sepelierunt eum in sepulchro suo tulitque populus terrae Ioahaz filium Iosiae et unxerunt eum et constituerunt eum regem pro patre suo	Et portaverunt eum servi sui mortuum de Mageddo: et pertulerunt in Jerusalem, et sepelierunt eum in sepulchro suo. Tulitque populus terræ Joachaz filium Josiæ: et unxerunt eum, et constituerunt eum regem pro patre suo.		And his servants carried him in a chariot dead from Megiddo, and brought him to Jerusalem, and buried him in his own sepulchre. And the people of the land took Jehoahaz the son of Josiah, and anointed him, and made him king in his father's stead.
2Kgs	23	31	בֶּן־עֶשְׂרִים וְשָׁלֹשׁ שָׁנָה יְהוֹאָחָז בְּמָלְכוֹ וּשְׁלֹשָׁה חֳדָשִׁים מָלַךְ בִּירוּשָׁלָםִ וְשֵׁם אִמּוֹ חֲמוּטַל בַּת־יִרְמְיָהוּ מִלִּבְנָה ׃	τους γνωριστας om τους Α τα θεραειν om τα A γη pr τη A καὶ τρίμηνον ἐβασίλευσεν ἐν Ἰερουσαλήμ, καὶ ὄνομα τῇ μητρὶ αὐτοῦ Ἀμειταί, θυγάτηρ Ἰερεμίου ἐκ Λημνά.	viginti trium annorum erat Ioahaz cum regnare coepisset et tribus mensibus regnavit in Hierusalem nomen matris eius Amithal filia Hieremiae de Lobna	Viginti trium annorum erat Joachaz cum regnare cœpisset, et tribus mensibus regnavit in Jerusalem: nomen matris ejus Amital filia Jeremiæ de Lobna.		Jehoahaz was twenty and three years old when he began to reign; and he reigned three months in Jerusalem. And his mother's name was Hamutal, the daughter of Jeremiah of Libnah.
2Kgs	23	32	וַיַּעַשׂ הָרַע בְּעֵינֵי יְהוָה כְּכֹל אֲשֶׁר־עָשׂוּ אֲבֹתָיו ׃	καὶ ἐποίησεν τὸ πονηρὸν ἐν ὀφθαλμοῖς Κυρίου κατὰ πάντα ὅσα ἐποίησαν οἱ πατέρες αὐτοῦ.	et fecit malum coram Domino iuxta omnia quae fecerant patres eius	Et fecit malum coram Domino, juxta omnia quæ fecerant patres ejus.		And he did that which was evil in the sight of the Lord, according to all that his fathers had done.
2Kgs	23	33	וַיַּאַסְרֵהוּ פַרְעֹה נְכֹה בְרִבְלָה בְּאֶרֶץ חֲמָת בִּמְלֹךְ בִּירוּשָׁלָםִ וַיִּתֶּן־עֹנֶשׁ עַל־הָאָרֶץ מֵאָה כִכַּר־כֶּסֶף וְכִכַּר זָהָב ׃	καὶ μετέστησεν αὐτὸν Φαραὼ Νεχαὼ ἐν Ἀβλαὰ ἐν γῇ Ἑμὰτ τοῦ μὴ βασιλεύειν ἐν Ἰερουσαλήμ, καὶ ἔδωκεν ἑκατὸν τάλαντα ἀργυρίου καὶ ἑκατὸν τάλαντα χρυσίου.	vinxitque eum Pharao Necho in Rebla quae est in terra Emath ne regnaret in Hierusalem et inposuit multam terrae centum talentis argenti et talento auri	Vinxitque eum Pharao Nechao in Rebla, quæ est in terra Emath, ne regnaret in Jerusalem: et imposuit mulctam terræ centum talentis argenti, et talento auri.		And Pharaohnechoh put him in bands at Riblah in the land of Hamath, that he might not reign in Jerusalem; and put the land to a tribute of an hundred talents of silver, and a talent of gold.
2Kgs	23	34	וַיַּמְלֵךְ פַּרְעֹה נְכֹה אֶת־אֶלְיָקִים בֶּן־יֹאשִׁיָּהוּ תַּחַת יֹאשִׁיָּהוּ אָבִיו וַיַּסֵּב אֶת־שְׁמוֹ יְהוֹיָקִים וְאֶת־יְהוֹאָחָז לָקָח וַיָּבֹא מִצְרַיִם וַיָּמָת שָׁם ׃	καὶ ἐβασίλευσεν Φαραὼ Νεχαὼ ἐπ’ αὐτοὺς τὸν Ἐλιακεὶμ υἱὸν Ἰωσείου βασιλέως Ἰούδα ἀντὶ Ἰωσείου τοῦ πατρὸς αὐτοῦ, καἰ ἐπέστρεψεν τὸ ὄνομα αὐτοῦ Ἰωακείμ· καὶ τὸν Ἰωαχὰς ἔλαβεν καὶ εἰσήνεγκεν εἰς Αἴγυπτον, καὶ ἀπέθανεν ἐκεῖ.	regemque constituit Pharao Necho Eliachim filium Iosiae pro Iosia patre eius vertitque nomen eius Ioiachim porro Ioahaz tulit et duxit in Aegyptum	Regemque constituit Pharao Nechao Eliacim filium Josiæ pro Josia patre ejus: vertitque nomen ejus Joakim. Porro Joachaz tulit, et duxit in Ægyptum, et mortuus est ibi.		And Pharaohnechoh made Eliakim the son of Josiah king in the room of Josiah his father, and turned his name to Jehoiakim, and took Jehoahaz away: and he came to Egypt, and died there.
2Kgs	23	35	וְהַכֶּסֶף וְהַזָּהָב נָתַן יְהוֹיָקִים לְפַרְעֹה אַךְ הֶעֱרִיךְ אֶת־הָאָרֶץ לָתֵת אֶת־הַכֶּסֶף עַל־פִּי פַרְעֹה אִישׁ כְּעֶרְכּוֹ נָגַשׂ אֶת־הַכֶּסֶף וְאֶת־הַזָּהָב אֶת־עַם הָאָרֶץ לָתֵת לְפַרְעֹה נְכֹה ׃ ס	καὶ τὸ ἀργύριον καὶ τὸ χρυσίον ἔδωκεν Ἰωακεὶμ τῷ Φαραώ· πλὴν ἐτιμογράφησαν τὴν γῆν τοῦ δοῦναι τὸ ἀργύριον ἐπὶ ἐπὶ στόματος Φαραώ· ἀνὴρ κατὰ τὴν συντίμησιν αὐτοῦ ἔδωκαν τὸ ἀργύριον καὶ τὸ χρυσίον μετὰ τοῦ λαοῦ τῆς γῆς, δοῦναι τῷ Φαραὼ Νεχαώ.	argentum autem et aurum dedit Ioiachim Pharaoni cum indixisset terrae per singulos ut conferretur iuxta praeceptum Pharaonis et unumquemque secundum vires suas exegit tam argentum quam aurum de populo terrae ut daret Pharaoni Necho	Argentum autem et aurum dedit Joakim Pharaoni, cum indixisset terræ per singulos, ut conferretur juxta præceptum Pharaonis: et unumquemque juxta vires suas exegit, tam argentum quam aurum, de populo terræ, ut daret Pharaoni Nechao.		And Jehoiakim gave the silver and the gold to Pharaoh; but he taxed the land to give the money according to the commandment of Pharaoh: he exacted the silver and the gold of the people of the land, of every one according to his taxation, to give it unto Pharaohnechoh.
2Kgs	23	36	בֶּן־עֶשְׂרִים וְחָמֵשׁ שָׁנָה יְהוֹיָקִים בְּמָלְכוֹ וְאַחַת עֶשְׂרֵה שָׁנָה מָלַךְ בִּירוּשָׁלָםִ וְשֵׁם אִמּוֹ זְבִידָה בַת־פְּדָיָה מִן־רוּמָה ׃	Υἱὸς εἴκοσι καὶ πέντε ἐτῶν Ἰωακεὶμ ἐν τῷ βασιλεύειν αὐτόν, καὶ ἕνδεκα ἔτη ἐβασίλευσεν ἐν Ἰερουσαλήμ, καὶ ὄνομα τῇ μητρὶ αὐτοῦ Ἰελλὰ θυγάτηρ Ἔδεὶλ ἐκ Κρουμά.	viginti quinque annorum erat Ioiachim cum regnare coepisset et undecim annis regnavit in Hierusalem nomen matris eius Zebida filia Phadaia de Ruma	Viginti quinque annorum erat Joakim cum regnare cœpisset, et undecim annis regnavit in Jerusalem: nomen matris ejus Zebida filia Phadaia de Ruma.		Jehoiakim was twenty and five years old when he began to reign; and he reigned eleven years in Jerusalem. And his mother's name was Zebudah, the daughter of Pedaiah of Rumah.
2Kgs	23	37	וַיַּעַשׂ הָרַע בְּעֵינֵי יְהוָה כְּכֹל אֲשֶׁר־עָשׂוּ אֲבֹתָיו ׃	καὶ ἐποίησεν τὸ πονηρὸν ἐν Κυρίου κατὰ κατὰ πάντα ὅσα ἐποίησαν οἱ πατέρες αὐτοῦ. ἐν ταῖς ἡμέραις αὐτοῦ ἀνέβη Ναβουχοδονοσὸρ βασιλεὺς Βαβυλῶνος, XXIV	et fecit malum coram Domino iuxta omnia quae fecerant patres eius	Et fecit malum coram Domino juxta omnia quæ fecerant patres ejus.		And he did that which was evil in the sight of the Lord, according to all that his fathers had done.
2Kgs	24	1	בְּיָמָיו עָלָה נְבֻכַדְנֶאצַּר מֶלֶךְ בָּבֶל וַיְהִי־לוֹ יְהוֹיָקִים עֶבֶד שָׁלֹשׁ שָׁנִים וַיָּשָׁב וַיִּמְרָד־בּוֹ ׃	XXIVκαὶ ἐγενήθη αὐτῷ Ἰωακεὶμ δοῦλος τρία ἔτη, καὶ ἐπέστρεψεν καὶ ἡθέτησεν ἐν αὐτῷ.	in diebus eius ascendit Nabuchodonosor rex Babylonis et factus est ei Ioiachim servus tribus annis et rursum rebellavit contra eum	In diebus ejus ascendit Nabuchodonosor rex Babylonis, et factus est ei Joakim servus tribus annis: et rursum rebellavit contra eum.		In his days Nebuchadnezzar king of Babylon came up, and Jehoiakim became his servant three years: then he turned and rebelled against him.
2Kgs	24	2	וַיְשַׁלַּח יְהוָה בּוֹ אֶת־גְּדוּדֵי כַשְׂדִּים וְאֶת־גְּדוּדֵי אֲרָם וְאֵת גְּדוּדֵי מוֹאָב וְאֵת גְּדוּדֵי בְנֵי־עַמּוֹן וַיְשַׁלְּחֵם בִּיהוּדָה לְהַאֲבִידוֹ כִּדְבַר יְהוָה אֲשֶׁר דִּבֶּר בְּיַד עֲבָדָיו הַנְּבִיאִים ׃	καὶ ἀπέστειλεν αὐτῷ τοὺς μονοζώνους τῶν χαλδαίων καὶ τοὺς μονοζωνους Συρίας καὶ τοὺς μονοζώνους Μωὰβ καὶ τοὺς μονοζώνους υἱῶν Ἀμμών, καὶ ἐξαπέστειλεν αὐτοὺς ἐν τῇ γῇ Ἰούδα, τοῦ κατισχῦσαι κατὰ τὸν λόγον Κυρίου ὅν ἐλάλησεν ἐν χειρὶ τῶν δούλων αὐτοῦ τῶν προφητῶν.	inmisitque ei Dominus latrunculos Chaldeorum et latrunculos Syriae latrunculos Moab et latrunculos filiorum Ammon et inmisit eos in Iudam ut disperderent eum iuxta verbum Domini quod locutus erat per servos suos prophetas	Immisitque ei Dominus latrunculos Chaldæorum, et latrunculos Syriæ, et latrunculos Moab, et latrunculos filiorum Ammon: et immisit eos in Judam ut disperderent eum, juxta verbum Domini quod locutus fuerat per servos suos prophetas.		And the Lord sent against him bands of the Chaldees, and bands of the Syrians, and bands of the Moabites, and bands of the children of Ammon, and sent them against Judah to destroy it, according to the word of the Lord, which he spake by his servants the prophets.
2Kgs	24	3	אַךְ עַל־פִּי יְהוָה הָיְתָה בִּיהוּדָה לְהָסִיר מֵעַל פָּנָיו בְּחַטֹּאת מְנַשֶּׁה כְּכֹל אֲשֶׁר עָשָׂה ׃	πλὴν ἐπὶ τὸν θυμὸν Κυρίου ἦν ἐν τῷ Ἰούδᾳ αὐτὸν τοῦ τοῦ προσώπου ἐν ἁμαρτίαις Μανασσὴ κατὰ ὅσα ἐποίησεν.	factum est autem hoc per verbum Domini contra Iudam ut auferret eum coram se propter peccata Manasse universa quae fecit	Factum est autem hoc per verbum Domini contra Judam, ut auferret eum coram se propter peccata Manasse universa quæ fecit,		Surely at the commandment of the Lord came this upon Judah, to remove them out of his sight, for the sins of Manasseh, according to all that he did;
2Kgs	24	4	וְגַם דַּם־הַנָּקִי אֲשֶׁר שָׁפָךְ וַיְמַלֵּא אֶת־יְרוּשָׁלִַם דָּם נָקִי וְלֹא־אָבָה יְהוָה לִסְלֹחַ ׃	καί γε αἷμα ἀθῷον ἐξέχεεν κα ἔπλησεν τὴν Ἰερουσαλὴμ αἵματος ἀθῴου· καὶ οὐκ ἠθέλησεν Κύριος ἱλασθῆναι.	et propter sanguinem innoxium quem effudit et implevit Hierusalem cruore innocentium et ob hanc rem noluit Dominus propitiari	et propter sanguinem innoxium quem effudit, et implevit Jerusalem cruore innocentium: et ob hanc rem noluit Dominus propitiari.		And also for the innocent blood that he shed: for he filled Jerusalem with innocent blood; which the Lord would not pardon.
2Kgs	24	5	וְיֶתֶר דִּבְרֵי יְהוֹיָקִים וְכָל־אֲשֶׁר עָשָׂה הֲלֹא־הֵם כְּתוּבִים עַל־סֵפֶר דִּבְרֵי הַיָּמִים לְמַלְכֵי יְהוּדָה ׃	καὶ τὰ λοιπὰ τῶν λόγων Ἰωακεὶμ καὶ πάντα ὅσα ἐποίησεν, οὐκ ἰδοὺ ταῦτα γεγραμμένα ἐπὶ βιβλίῳ λὀγων τῶν ἡμερῶν τοῖς βασιλεῦσιν ;	reliqua autem sermonum Ioiachim et universa quae fecit nonne haec scripta sunt in libro sermonum dierum regum Iuda et dormivit Ioiachim cum patribus suis	Reliqua autem sermonum Joakim, et universa quæ fecit, nonne hæc scripta sunt in libro sermonum dierum regum Juda? Et dormivit Joakim cum patribus suis:		Now the rest of the acts of Jehoiakim, and all that he did, are they not written in the book of the chronicles of the kings of Judah?
2Kgs	24	6	וַיִּשְׁכַּב יְהוֹיָקִים עִם־אֲבֹתָיו וַיִּמְלֹךְ יְהוֹיָכִין בְּנוֹ תַּחְתָּיו ׃	καὶ ἐκοιμήθη Ἰωακεὶμ μετὰ τῶν πατέρων αὐτοῦ, καὶ ἐβασίεὶμ υἱὸς αὐτοῦ ἀντ’ αὐτοῦ.	regnavitque Ioiachin filius eius pro eo	et regnavit Joachin filius ejus pro eo.		So Jehoiakim slept with his fathers: and Jehoiachin his son reigned in his stead.
2Kgs	24	7	וְלֹא־הֹסִיף עוֹד מֶלֶךְ מִצְרַיִם לָצֵאת מֵאַרְצוֹ כִּי־לָקַח מֶלֶךְ בָּבֶל מִנַּחַל מִצְרַיִם עַד־נְהַר־פְּרָת כֹּל אֲשֶׁר הָיְתָה לְמֶלֶךְ מִצְרָיִם ׃ פ	καὶ οὐ προσέθετο ἔτι βασιλεὺς Αἰγύπτου ἐξελθεῖν ἐκ τῆς γῆς αὐτοῦ, ὅτι ἔλαβεν βασιλεὺς Βαβυλῶνος ἀπὸ τοῦ χειμάρρου Αἰγύπτου ἕως τοῦ ποταμοῦ Εὐφράτου πάντα ὅσα ἦν τοῦ βασιλέως Αἰγύπτου.	et ultra non addidit rex Aegypti ut egrederetur de terra sua tulerat enim rex Babylonis a rivo Aegypti usque ad fluvium Eufraten omnia quae fuerant regis Aegypti	Et ultra non addidit rex Ægypti ut egrederetur de terra sua: tulerat enim rex Babylonis, a rivo Ægypti usque ad fluvium Euphraten, omnia quæ fuerant regis Ægypti.		And the king of Egypt came not again any more out of his land: for the king of Babylon had taken from the river of Egypt unto the river Euphrates all that pertained to the king of Egypt.
2Kgs	24	8	בֶּן־שְׁמֹנֶה עֶשְׂרֵה שָׁנָה יְהוֹיָכִין בְּמָלְכוֹ וּשְׁלֹשָׁה חֳדָשִׁים מָלַךְ בִּירוּשָׁלָםִ וְשֵׁם אִמּוֹ נְחֻשְׁתָּא בַת־אֶלְנָתָן מִירוּשָׁלִָם ׃	Υἱὸς ὀκτὼ καὶ δέκα ἐτῶν Ἰωακεὶμ ἐν τῷ βασιλεύειν αὐτόν, καὶ ἐβασἰλευσεν ἐν Ἰερουσαλήμ, καὶ ὄνομα τῇ μητρὶ αὐτοῦ Νεσθά, θυγάτηρ Ἐλλαναθὰμ ἐξ Ἰερουσαλήμ.	decem et octo annorum erat Ioiachin cum regnare coepisset et tribus mensibus regnavit in Hierusalem nomen matris eius Naestha filia Helnathan de Hierusalem	Decem et octo annorum erat Joachin cum regnare cœpisset, et tribus mensibus regnavit in Jerusalem: nomen matris ejus Nohesta filia Elnathan de Jerusalem.		Jehoiachin was eighteen years old when he began to reign, and he reigned in Jerusalem three months. And his mother's name was Nehushta, the daughter of Elnathan of Jerusalem.
2Kgs	24	9	וַיַּעַשׂ הָרַע בְּעֵינֵי יְהוָה כְּכֹל אֲשֶׁר־עָשָׂה אָבִיו ׃	καὶ ἐποίησεν τὸ πονηρὸν ἐν ὀφθαλμοῖς Κυρίου κατὰ πάντα ὅσα ἐποίησεν ὁ πατὴρ αὐτοῦ.	et fecit malum coram Domino iuxta omnia quae fecerat pater eius	Et fecit malum coram Domino, juxta omnia quæ fecerat pater ejus.		And he did that which was evil in the sight of the Lord, according to all that his father had done.
2Kgs	24	10	בָּעֵת הַהִיא עָלָה עַבְדֵי נְבֻכַדְנֶאצַּר מֶלֶךְ־בָּבֶל יְרוּשָׁלִָם וַתָּבֹא הָעִיר בַּמָּצוֹר ׃	ἐν τῷ καιρῷ ἐκείνῳ ἀνέβη Ναβουχοδονοσὸρ βασιλεὺς Βαβυλῶνος εἰς Ἰερουσαλήμ, καὶ ἦλθεν ἡ πόλις ἐν περιοχῇ.	in tempore illo ascenderunt servi Nabuchodonosor regis Babylonis in Hierusalem et circumdata est urbs munitionibus	In tempore illo ascenderunt servi Nabuchodonosor regis Babylonis in Jerusalem, et circumdata est urbs munitionibus.		At that time the servants of Nebuchadnezzar king of Babylon came up against Jerusalem, and the city was besieged.
2Kgs	24	11	וַיָּבֹא נְבוּכַדְנֶאצַּר מֶלֶךְ־בָּבֶל עַל־הָעִיר וַעֲבָדָיו צָרִים עָלֶיהָ ׃	καὶ ε Ναβουχοδονοσὸρ βασιλεὺς βαβυλῶνος εἰς τὴν πόλιν, καὶ οἱ αὐτοῦ ἐπολιόρκουν ἐπ’ αὐτήν.	venitque Nabuchodonosor rex Babylonis ad civitatem cum servi eius obpugnarent eam	Venitque Nabuchodonosor rex Babylonis ad civitatem cum servis suis ut oppugnarent eam.		And Nebuchadnezzar king of Babylon came against the city, and his servants did besiege it.
2Kgs	24	12	וַיֵּצֵא יְהוֹיָכִין מֶלֶךְ־יְהוּדָה עַל־מֶלֶךְ בָּבֶל הוּא וְאִמּוֹ וַעֲבָדָיו וְשָׂרָיו וְסָרִיסָיו וַיִּקַּח אֹתוֹ מֶלֶךְ בָּבֶל בִּשְׁנַת שְׁמֹנֶה לְמָלְכוֹ ׃	καὶ ἐξῆλθεν Ἰωακεὶμ Ἰούδα ἐπὶ βασιλέα Βαβυλῶνος, αὐτὸς καὶ οἱ παῖδες αὐτοῦ καὶ ἡ μήτηρ αὐτοῦ καὶ οἱ ἄρχοντες αὐτοῦ καὶ οἱ εὐνοῦχοι αὐτοῦ, καὶ ἔλαβεν αὐτὸν βασιλεὺς Βαβυλῶνος ἐν ἔτει ὀγδόῳ τῆς βασιλείας αὐτοῦ.	egressusque est Ioiachin rex Iuda ad regem Babylonis ipse et mater eius et servi eius et principes eius et eunuchi eius et suscepit eum rex Babylonis anno octavo regni sui	Egressusque est Joachin rex Juda ad regem Babylonis, ipse et mater ejus, et servi ejus, et principes ejus, et eunuchi ejus: et suscepit eum rex Babylonis anno octavo regni sui.		And Jehoiachin the king of Judah went out to the king of Babylon, he, and his mother, and his servants, and his princes, and his officers: and the king of Babylon took him in the eighth year of his reign.
2Kgs	24	13	וַיּוֹצֵא מִשָּׁם אֶת־כָּל־אוֹצְרוֹת בֵּית יְהוָה וְאוֹצְרוֹת בֵּית הַמֶּלֶךְ וַיְקַצֵּץ אֶת־כָּל־כְּלֵי הַזָּהָב אֲשֶׁר עָשָׂה שְׁלֹמֹה מֶלֶךְ־יִשְׂרָאֵל בְּהֵיכַל יְהוָה כַּאֲשֶׁר דִּבֶּר יְהוָה ׃	καὶ ἐξήνεγκεν ἐκεῖθεν πάντας τοὺς θησαυροὺς οἴκου Κυρίου καὶ τοὺς θησαυροὺς οἴκου τοῦ βασιλέως, καὶ συνέκοψεν πάντα τὰ σκεύη τὰ χρυσᾶ ἃ ἐποίησεν Σαλωμὼν βασιλεὺς Ἰσραὴλ ἐν τῷ ναῷ Κυρίου κατὰ τὸ ῥῆμα Κυρίου.	et protulit inde omnes thesauros domus Domini et thesauros domus regiae et concidit universa vasa aurea quae fecerat Salomon rex Israhel in templo Domini iuxta verbum Domini	Et protulit inde omnes thesauros domus Domini, et thesauros domus regiæ: et concidit universa vasa aurea quæ fecerat Salomon rex Israël in templo Domini juxta verbum Domini.		And he carried out thence all the treasures of the house of the Lord, and the treasures of the king's house, and cut in pieces all the vessels of gold which Solomon king of Israel had made in the temple of the Lord, as the Lord had said.
2Kgs	24	14	וְהִגְלָה אֶת־כָּל־יְרוּשָׁלִַם וְאֶת־כָּל־הַשָּׂרִים וְאֵת כָּל־גִּבּוֹרֵי הַחַיִל עֲשָׂרָה אֲלָפִים גּוֹלֶה וְכָל־הֶחָרָשׁ וְהַמַּסְגֵּר לֹא נִשְׁאַר זוּלַת דַּלַּת עַם־הָאָרֶץ ׃	καὶ ἀπῴκισεν τὴν Ἰερουσαλῆμ καὶ πάντας τοὺς ἄρχοντας καὶ τοὺς δυνατοὺς ἰσχύι, αἰχμαλωσίας δέκα χιλιάδας αἰχμαλωτίσας, καὶ πᾶν τέκτονα καὶ τὸν συνκλείοντα· καὶ οὐχ ὑκελείφθη λείφθη πλὴν οἱ πτωχοὶ τῆς γῆς.	et transtulit omnem Hierusalem et universos principes et omnes fortes exercitus decem milia in captivitatem et omnem artificem et clusorem nihilque relictum est exceptis pauperibus populi terrae	Et transtulit omnem Jerusalem, et universos principes, et omnes fortes exercitus, decem millia, in captivitatem, et omnem artificem et clusorem: nihilque relictum est, exceptis pauperibus populi terræ.		And he carried away all Jerusalem, and all the princes, and all the mighty men of valour, even ten thousand captives, and all the craftsmen and smiths: none remained, save the poorest sort of the people of the land.
2Kgs	24	15	וַיֶּגֶל אֶת־יְהוֹיָכִין בָּבֶלָה וְאֶת־אֵם הַמֶּלֶךְ וְאֶת־נְשֵׁי הַמֶּלֶךְ וְאֶת־סָרִיסָיו וְאֵת אוּלֵי הָאָרֶץ הוֹלִיךְ גּוֹלָה מִירוּשָׁלִַם בָּבֶלָה ׃	καὶ ἀπῴκισεν τὸν Ἰωακεὶμ εἰς Βαβυλῶνα, καὶ τὴν μητέρα τοῦ βασιλέως καὶ τὰς γυναῖκας τοῦ Βασιλέως καὶ τοὺς εὐνούχους αὐτοῦ· καὶ τοὺς ἰσχυροὺς τῆς γῆς ἀ ἀποικεσίαν ἐξ Ἰερουσαλὴμ εἰς Βαβυλῶνα.	transtulit quoque Ioiachin in Babylonem et matrem regis et uxores regis et eunuchos eius et iudices terrae duxit in captivitatem de Hierusalem in Babylonem	Transtulit quoque Joachin in Babylonem, et matrem regis, et uxores regis, et eunuchos ejus: et judices terræ duxit in captivitatem de Jerusalem in Babylonem.		And he carried away Jehoiachin to Babylon, and the king's mother, and the king's wives, and his officers, and the mighty of the land, those carried he into captivity from Jerusalem to Babylon.
2Kgs	24	16	וְאֵת כָּל־אַנְשֵׁי הַחַיִל שִׁבְעַת אֲלָפִים וְהֶחָרָשׁ וְהַמַּסְגֵּר אֶלֶף הַכֹּל גִּבּוֹרִים עֹשֵׂי מִלְחָמָה וַיְבִיאֵם מֶלֶךְ־בָּבֶל גּוֹלָה בָּבֶלָה ׃	καὶ πάντας τοὺς τῆς δυνάμεως ἑπτακισχιλίους καὶ τὸν τέκτονα καὶ τὸν συνκλείοντα χιλίους, πάντες δυνατοὶ ποιοῦντες πόλεμονν· καὶ καὶ αὐτοὺς βασι βαβυῶνοςαβυλῶνος μετοικεσίαν εἰς Βαβυλῶνα.	et omnes viros robustos septem milia et artifices et clusores mille omnes viros fortes et bellatores duxitque eos rex Babylonis captivos in Babylonem	Et omnes viros robustos, septem millia, et artifices, et clusores mille, omnes viros fortes et bellatores: duxitque eos rex Babylonis captivos in Babylonem.		And all the men of might, even seven thousand, and craftsmen and smiths a thousand, all that were strong and apt for war, even them the king of Babylon brought captive to Babylon.
2Kgs	24	17	וַיַּמְלֵךְ מֶלֶךְ־בָּבֶל אֶת־מַתַּנְיָה דֹדוֹ תַּחְתָּיו וַיַּסֵּב אֶת־שְׁמוֹ צִדְקִיָּהוּ ׃ פ	καὶ ἐβασίλευλευσεν βασιλεὺς Βαβυλῶνος τὸν Μαθθὰν υἱὸν αὐτοῦ ἀντ’ αὐτοῦ, καὶ ἐπέθηκεν τὸ ὄνομα αὐτοῦ Σεδεκιά.	et constituit Matthaniam patruum eius pro eo inposuitque nomen ei Sedeciam	Et constituit Matthaniam patruum ejus pro eo: imposuitque nomen ei Sedeciam.		And the king of Babylon made Mattaniah his father's brother king in his stead, and changed his name to Zedekiah.
2Kgs	24	18	בֶּן־עֶשְׂרִים וְאַחַת שָׁנָה צִדְקִיָּהוּ בְמָלְכוֹ וְאַחַת עֶשְׂרֵה שָׁנָה מָלַךְ בִּירוּשָׁלָםִ וְשֵׁם אִמּוֹ חֲמִיטַל בַּת־יִרְמְיָהוּ מִלִּבְנָה ׃	Υἱὸς εἴκοσι καὶ ἑνὸς ἐνιαυτοῦ Σεδεκίας ἐν τῷ βασιλεύειν αὐτόν, καὶ ἕνδεκα ἔτη ἐβασἱλευσεν ἐν Ἰερουσαλήμ· καὶ ὄνομα αὐτοῦ Μιτὰτ θυγάτηρ Ἰερεμόυ.	vicesimum et primum annum aetatis habebat Sedecias cum regnare coepisset et undecim annis regnavit in Hierusalem nomen matris eius erat Amithal filia Hieremiae de Lobna	Vigesimum et primum annum ætatis habebat Sedecias cum regnare cœpisset, et undecim annis regnavit in Jerusalem: nomen matris ejus erat Amital filia Jeremiæ de Lobna.		Zedekiah was twenty and one years old when he began to reign, and he reigned eleven years in Jerusalem. And his mother's name was Hamutal, the daughter of Jeremiah of Libnah.
2Kgs	24	19	וַיַּעַשׂ הָרַע בְּעֵינֵי יְהוָה כְּכֹל אֲשֶׁר־עָשָׂה יְהוֹיָקִים ׃	καὶ ἐποίησεν τὸ πονηρὸν ἐ Κυρίου κατὰ πάντα ἐποίησεν ἐποίησεν Ἰωακείμ.	et fecit malum coram Domino iuxta omnia quae fecerat Ioiachim	Et fecit malum coram Domino, juxta omnia quæ fecerat Joakim.		And he did that which was evil in the sight of the Lord, according to all that Jehoiakim had done.
2Kgs	24	20	כִּי עַל־אַף יְהוָה הָיְתָה בִירוּשָׁלַםִ וּבִיהוּדָה עַד־הִשְׁלִכוֹ אֹתָם מֵעַל פָּנָיו וַיִּמְרֹד צִדְקִיָּהוּ בְּמֶלֶךְ בָּבֶל ׃ ס	ὅτι ἐπὶ τὸν θυμὸν Κυρίου ἦν ἐπὶ Ἰερουσαλὴμ καὶ ἐν τῷ Ἰούδᾳ, ἕως ἀπέρριψεν αὐτοὺς ἀπὸ προσώπου αὐτοῦ. καὶ ἠθέτησεν Σεδεκίας ἐν τῷ βασιλεῖ Βαβυλῶνος. καὶ ἐγενήθη ἐν τῷ ἔτει τῷ ἐνάτῳ τῆς βασιλείας αὐτοῦ ἐν XXV	irascebatur enim Dominus contra Hierusalem et contra Iudam donec proiceret eos a facie sua recessitque Sedecias a rege Babylonis	Irascebatur enim Dominus contra Jerusalem et contra Judam, donec projiceret eos a facie sua: recessitque Sedecias a rege Babylonis.		For through the anger of the Lord it came to pass in Jerusalem and Judah, until he had cast them out from his presence, that Zedekiah rebelled against the king of Babylon.
2Kgs	25	1	וַיְהִי בִשְׁנַת הַתְּשִׁיעִית לְמָלְכוֹ בַּחֹדֶשׁ הָעֲשִׂירִי בֶּעָשׂוֹר לַחֹדֶשׁ בָּא נְבֻכַדְנֶאצַּר מֶלֶךְ־בָּבֶל הוּא וְכָל־חֵילוֹ עַל־יְרוּשָׁלִַם וַיִּחַן עָלֶיהָ וַיִּבְנוּ עָלֶיהָ דָּיֵק סָבִיב ׃	XXVπᾶσα ἡ δύναμις αὐτοῦ ἐπὶ Ἰερουσαλήμ, καὶ παρενέβαλεν ἐπ’ αὐτήν, καὶ ᾠκοδόμησεν ἐπ’ αὐτὴν περίτειχος κύκλῳ.	factum est autem anno nono regni eius mense decimo decima die mensis venit Nabuchodonosor rex Babylonis ipse et omnis exercitus eius in Hierusalem et circumdederunt eam et extruxerunt in circuitu eius munitiones	Factum est autem anno nono regni ejus, mense decimo, decima die mensis, venit Nabuchodonosor rex Babylonis, ipse et omnis exercitus ejus, in Jerusalem, et circumdederunt eam: et exstruxerunt in circuitu ejus munitiones.		And it came to pass in the ninth year of his reign, in the tenth month, in the tenth day of the month, that Nebuchadnezzar king of Babylon came, he, and all his host, against Jerusalem, and pitched against it; and they built forts against it round about.
2Kgs	25	2	וַתָּבֹא הָעִיר בַּמָּצוֹר עַד עַשְׁתֵּי עֶשְׂרֵה שָׁנָה לַמֶּלֶךְ צִדְקִיָּהוּ ׃	καὶ ἦλθεν ἡ πόλις ἐν περιοχῇ ἕως τοῦ ἑνδεκάτου τοῦ τοῦ βασιλέως Σεδεκίου, ἐνάτῃ τοῦ μηνός·	et clausa est civitas atque vallata usque ad undecimum annum regis Sedeciae	Et clausa est civitas atque vallata usque ad undecimum annum regis Sedeciæ,		And the city was besieged unto the eleventh year of king Zedekiah.
2Kgs	25	3	בְּתִשְׁעָה לַחֹדֶשׁ וַיֶּחֱזַק הָרָעָב בָּעִיר וְלֹא־הָיָה לֶחֶם לְעַם הָאָרֶץ ׃	καὶ ἐνίσχυσεν ὁ λιμὸς ἐν τῇ πόλει, καὶ οὐκ ἦσαν ἄρτοι τῷ λαῷ τῆς γῆς.	nona die mensis praevaluitque fames in civitate nec erat panis populo terrae	nona die mensis: prævaluitque fames in civitate, nec erat panis populo terræ.		And on the ninth day of the fourth month the famine prevailed in the city, and there was no bread for the people of the land.
2Kgs	25	4	וַתִּבָּקַע הָעִיר וְכָל־אַנְשֵׁי הַמִּלְחָמָה הַלַּיְלָה דֶּרֶךְ שַׁעַר בֵּין הַחֹמֹתַיִם אֲשֶׁר עַל־גַּן הַמֶּלֶךְ וְכַשְׂדִּים עַל־הָעִיר סָבִיב וַיֵּלֶךְ דֶּרֶךְ הָעֲרָבָה ׃	καὶ ἐρράγη ἡ πόλις, καὶ πάντες οἱ ἄνδρες τοῦ ἐξῆλθον νυκτὸς ὁδὸν πύλης τῆς ἀνὰ μέσον τῶν τειχέων, ἥ ἐστιν τοῦ κήπου τοῦ βασιλέως, καὶ οἱ Χαλδαῖοι ἐπὶ τὴν πόλιν κύκλῳ.	et interrupta est civitas et omnes viri bellatores nocte fugerunt per viam portae quae est inter duplicem murum ad hortum regis porro Chaldei obsidebant in circuitu civitatem fugit itaque per viam quae ducit ad campestria solitudinis	Et interrupta est civitas: et omnes viri bellatores nocte fugerunt per viam portæ quæ est inter duplicem murum ad hortum regis. Porro Chaldæi obsidebant in circuitu civitatem. Fugit itaque Sedecias per viam quæ ducit ad campestria solitudinis.		And the city was broken up, and all the men of war fled by night by the way of the gate between two walls, which is by the king's garden: (now the Chaldees were against the city round about:) and the king went the way toward the plain.
2Kgs	25	5	וַיִּרְדְּפוּ חֵיל־כַּשְׂדִּים אַחַר הַמֶּלֶךְ וַיַּשִּׂגוּ אֹתוֹ בְּעַרְבוֹת יְרֵחוֹ וְכָל־חֵילוֹ נָפֹצוּ מֵעָלָיו ׃	καὶ ἐπορεύθη ὁδὸν τὴν Ἀραβά, καὶ ἐδίωξεν ἡ δύναμις τῶν Χαλδαίων ὀπίσω τοῦ βασιλέως, καὶ κατέλαβον αὐτὸν ἐν ἀραβὼθ Ἰερειχώ, καὶ πᾶσα ἡ δύναμις αὐτοῦ διεσπάρη ἐπάνωθεν αὐτοῦ.	et persecutus est exercitus Chaldeorum regem conprehenditque eum in planitie Hiericho et omnes bellatores qui erant cum eo dispersi sunt et reliquerunt eum	Et persecutus est exercitus Chaldæorum regem, comprehenditque eum in planitie Jericho: et omnes bellatores qui erant cum eo, dispersi sunt, et reliquerunt eum.		And the army of the Chaldees pursued after the king, and overtook him in the plains of Jericho: and all his army were scattered from him.
2Kgs	25	6	וַיִּתְפְּשׂוּ אֶת־הַמֶּלֶךְ וַיַּעֲלוּ אֹתוֹ אֶל־מֶלֶךְ בָּבֶל רִבְלָתָה וַיְדַבְּרוּ אִתּוֹ מִשְׁפָּט ׃	καὶ συνέλαβον τὸν βασιλέα, καὶ ἤγαγον αὐτὸν πρὸς βασιλέα βασιλέα Ἰερδεβλάθαν· καὶ ἐλάλησεν μετ’ αὐτοῦ κρίσιν.	adprehensum ergo regem duxerunt ad regem Babylonis in Reblatha qui locutus est cum eo iudicium	Apprehensum ergo regem duxerunt ad regem Babylonis in Reblatha: qui locutus est cum eo judicium.		So they took the king, and brought him up to the king of Babylon to Riblah; and they gave judgment upon him.
2Kgs	25	7	וְאֶת־בְּנֵי צִדְקִיָּהוּ שָׁחֲטוּ לְעֵינָיו וְאֶת־עֵינֵי צִדְקִיָּהוּ עִוֵּר וַיַּאַסְרֵהוּ בַנְחֻשְׁתַּיִם וַיְבִאֵהוּ בָּבֶל ׃ ס	καὶ τοὺς υἱοὺς κίου ἐξετύφλωσεν· καὶ ἔδησεν αὐτὸν ἐν πέδαις καὶ ἤγαγεν εἰς Βαβυλῶνα.	filios autem Sedeciae occidit coram eo et oculos eius effodit vinxitque eum catenis et adduxit in Babylonem	Filios autem Sedeciæ occidit coram eo, et oculos ejus effodit, vinxitque eum catenis, et adduxit in Babylonem.		And they slew the sons of Zedekiah before his eyes, and put out the eyes of Zedekiah, and bound him with fetters of brass, and carried him to Babylon.
2Kgs	25	8	וּבַחֹדֶשׁ הַחֲמִישִׁי בְּשִׁבְעָה לַחֹדֶשׁ הִיא שְׁנַת תְּשַׁע־עֶשְׂרֵה שָׁנָה לַמֶּלֶךְ נְבֻכַדְנֶאצַּר מֶלֶךְ־בָּבֶל בָּא נְבוּזַרְאֲדָן רַב־טַבָּחִים עֶבֶד מֶלֶךְ־בָּבֶל יְרוּשָׁלִָם ׃	Καὶ ἐν τῷ μηνὶ τῷ πέμπτῳ, ἑβδόμῃ τοῦ μηνός, αὐτὸς ἐνιαυτὸς τῷ Ναβουχοδονοσὸρ βασιλεῖ Βαβυλῶνος, ἦλθεν Ναὁ ἀρχιμάγειρος ἑστὼς ἐνώπιον βασιλέως Βαβυλῶνος εἰς Ἰερουσαλήμ.	mense quinto septima die mensis ipse est annus nonusdecimus regis Babylonis venit Nabuzardan princeps exercitus servus regis Babylonis Hierusalem	Mense quinto, septima die mensis, ipse est annus nonusdecimus regis Babylonis, venit Nabuzardan princeps exercitus, servus regis Babylonis, in Jerusalem.		And in the fifth month, on the seventh day of the month, which is the nineteenth year of king Nebuchadnezzar king of Babylon, came Nebuzaradan, captain of the guard, a servant of the king of Babylon, unto Jerusalem:
2Kgs	25	9	וַיִּשְׂרֹף אֶת־בֵּית־יְהוָה וְאֶת־בֵּית הַמֶּלֶךְ וְאֵת כָּל־בָּתֵּי יְרוּשָׁלַםִ וְאֶת־כָּל־בֵּית גָּדוֹל שָׂרַף בָּאֵשׁ ׃	καὶ ἐνέπρησεν τὸν οἶκον Κυρίου καὶ τὸν οἶκον τοῦ βασιλέως καὶ πάντας τοὺς οἴκους Ἴερουσαλήμ, καὶ πᾶν οἶκον ἐνέπρησεν ὁ ἀρχιμάγειρος.	et succendit domum Domini et domum regis et domos Hierusalem omnemque domum conbusit igni	Et succendit domum Domini, et domum regis: et domos Jerusalem, omnemque domum combussit igni.		And he burnt the house of the Lord, and the king's house, and all the houses of Jerusalem, and every great man's house burnt he with fire.
2Kgs	25	10	וְאֶת־חוֹמֹת יְרוּשָׁלַםִ סָבִיב נָתְצוּ כָּל־חֵיל כַּשְׂדִּים אֲשֶׁר רַב־טַבָּחִים ׃		et muros Hierusalem in circuitu destruxit omnis exercitus Chaldeorum qui erat cum principe militum	Et muros Jerusalem in circuitu destruxit omnis exercitus Chaldæorum, qui erat cum principe militum.		And all the army of the Chaldees, that were with the captain of the guard, brake down the walls of Jerusalem round about.
2Kgs	25	11	וְאֵת יֶתֶר הָעָם הַנִּשְׁאָרִים בָּעִיר וְאֶת־הַנֹּפְלִים אֲשֶׁר נָפְלוּ עַל־הַמֶּלֶךְ בָּבֶל וְאֵת יֶתֶר הֶהָמוֹן הֶגְלָה נְבוּזַרְאֲדָן רַב־טַבָּחִים ׃	καὶ τὸ περισσὸν τοῦ λαοῦ τὸ καταλειφθὲν ἐν τῇ πὁλει καὶ τοὺς ἐνπεπτωκότας οἱ ἐνέπεσον πρὸς βασιλέα Βαβυλῶνος καὶ τὸ λοιπὸν τοῦ στηρίγματος μετῆρεν Ναβουζαρδὰν ὁ ἀρχιμάγειρος.	reliquam autem populi partem qui remanserat in civitate et perfugas qui transfugerant ad regem Babylonis et reliquum vulgus transtulit Nabuzardan princeps militiae	Reliquam autem populi partem quæ remanserat in civitate, et perfugas qui transfugerant ad regem Babylonis, et reliquum vulgus transtulit Nabuzardan princeps militiæ.		Now the rest of the people that were left in the city, and the fugitives that fell away to the king of Babylon, with the remnant of the multitude, did Nebuzaradan the captain of the guard carry away.
2Kgs	25	12	וּמִדַּלַּת הָאָרֶץ הִשְׁאִיר רַב־טַבָּחִים לְכֹרְמִים וּלְיֹגְבִים ׃	καὶ ἀπὸ τῶν πτωχῶν τῆς γῆς ὑπέλιπεν ὁ ἀρχιμάγειρος εἰς ἀμπελουργοὺς καὶ εἰς ταβείν.	et de pauperibus terrae reliquit vinitores et agricolas	Et de pauperibus terræ reliquit vinitores et agricolas.		But the captain of the guard left of the poor of the land to be vinedressers and husbandmen.
2Kgs	25	13	וְאֶת־עַמּוּדֵי הַנְּחֹשֶׁת אֲשֶׁר בֵּית־יְהוָה וְאֶת־הַמְּכֹנוֹת וְאֶת־יָם הַנְּחֹשֶׁת אֲשֶׁר בְּבֵית־יְהוָה שִׁבְּרוּ כַשְׂדִּים וַיִּשְׂאוּ אֶת־נְחֻשְׁתָּם בָּבֶלָה ׃	καὶ τοὺς στύλους τοὺς χαλκοῦς τοὺς ἐν οἴκῳ Κυρίου καὶ τοὺς μεχωνὼθ καὶ τὴν θάλασσαν τὴν χαλκῆν τὴν ἐν οἴκῳ Κυρίου συνέτριψαν οἱ Χαλδαῖοι, κα ἦραν τὸν χαλκὸν εἰς Βαβυλῶνα.	columnas autem aereas quae erant in templo Domini et bases et mare aereum quod erat in domo Domini confregerunt Chaldei et transtulerunt aes omnium in Babylonem	Columnas autem æreas quæ erant in templo Domini, et bases, et mare æreum quod erat in domo Domini, confregerunt Chaldæi, et transtulerunt æs omne in Babylonem.		And the pillars of brass that were in the house of the Lord, and the bases, and the brasen sea that was in the house of the Lord, did the Chaldees break in pieces, and carried the brass of them to Babylon.
2Kgs	25	14	וְאֶת־הַסִּירֹת וְאֶת־הַיָּעִים וְאֶת־הַמְזַמְּרוֹת וְאֶת־הַכַּפּוֹת וְאֵת כָּל־כְּלֵי הַנְּחֹשֶׁת אֲשֶׁר יְשָׁרְתוּ־בָם לָקָחוּ ׃	καὶ τοὺς λέβητας καὶ τὰ ἰαμεὶν καὶ τὰς φιάλας καὶ τὰς θυίσκας καὶ πάντα τὰ σκεύη τὰ χαλκᾶ ἐν οἷς λειτουργοῦσιν ἐν αὐτοῖς ἔλαβεν· καὶ τὰ πυρεῖα	ollas quoque aereas et trullas et tridentes et scyphos et omnia vasa aerea in quibus ministrabant tulerunt	Ollas quoque æreas, et trullas, et tridentes, et scyphos, et mortariola, et omnia vasa ærea, in quibus ministrabant, tulerunt.		And the pots, and the shovels, and the snuffers, and the spoons, and all the vessels of brass wherewith they ministered, took they away.
2Kgs	25	15	וְאֶת־הַמַּחְתּוֹת וְאֶת־הַמִּזְרָקוֹת אֲשֶׁר זָהָב זָהָב וַאֲשֶׁר־כֶּסֶף כָּסֶף לָקַח רַב־טַבָּחִים ׃	καὶ τὰς φιάλας τὰς χρυσᾶς καὶ τὰς ἀργυρᾶς ἔλαβεν ὁ ἀρχιμάγειρος,	necnon turibula et fialas quae aurea aurea et quae argentea argentea tulit princeps militiae	Necnon et thuribula, et phialas: quæ aurea, aurea, et quæ argentea, argentea tulit princeps militiæ,		And the firepans, and the bowls, and such things as were of gold, in gold, and of silver, in silver, the captain of the guard took away.
2Kgs	25	16	הָעַמּוּדִים שְׁנַיִם הַיָּם הָאֶחָד וְהַמְּכֹנוֹת אֲשֶׁר־עָשָׂה שְׁלֹמֹה לְבֵית יְהוָה לֹא־הָיָה מִשְׁקָל לִנְחֹשֶׁת כָּל־הַכֵּלִים הָאֵלֶּה ׃	στύλους δύο, ἡ θάλασσα ἡ μία, καὶ τὰ μεχωνὼθ ἃ ἐποίησεν Σαλωμὼν τῷ οἴκῳ Κυρίου· οὐκ ἦν σταθμὸς τοῦ χαλκοῦ πάντων τῶν σκευῶν.	id est columnas duas mare unum et bases quas fecerat Salomon in templo Domini non erat pondus aeris omnium vasorum	id est, columnas duas, mare unum, et bases quas fecerat Salomon in templo Domini: non erat pondus æris omnium vasorum.		The two pillars, one sea, and the bases which Solomon had made for the house of the Lord; the brass of all these vessels was without weight.
2Kgs	25	17	שְׁמֹנֶה עֶשְׂרֵה אַמָּה קוֹמַת הָעַמּוּד הָאֶחָד וְכֹתֶרֶת עָלָיו נְחֹשֶׁת וְקוֹמַת הַכֹּתֶרֶת שָׁלֹשׁ אַמָּה וּשְׂבָכָה וְרִמֹּנִים עַל־הַכֹּתֶרֶת סָבִיב הַכֹּל נְחֹשֶׁת וְכָאֵלֶּה לַעַמּוּד הַשֵּׁנִי עַל־הַשְּׂבָכָה ׃	ὀκτὼ καὶ δέκα πήχεων ὕψος τοῦ στύλου τοῦ ἑνός, καὶ τὸ χωθὰρ ἐπ’ αὐτοῦ τὸ χαλκοῦν, καὶ τὸ ὕψος τοῦ χωθὰρ τριῶν πήχεων σακαχαρθαὶ ἐπὶ τοῦ χωθὰρ κύκλῳ, τὰ πάντα χαλκᾶ· καὶ κατὰ τὰ αὐτὰ τῷ στύλῳ τῷ δευτέρῳ ἐπὶ τῷ γαβαχά.	decem et octo cubitos altitudinis habebat columna una et capitellum aereum super se altitudinis trium cubitorum et reticulum et malogranata super capitellum columnae omnia aerea similem et columna secunda habebat ornatum	Decem et octo cubitos altitudinis habebat columna una: et capitellum æreum super se altitudinis trium cubitorum: et retiaculum, et malogranata super capitellum columnæ, omnia ærea: similem et columna secunda habebat ornatum.		The height of the one pillar was eighteen cubits, and the chapiter upon it was brass: and the height of the chapiter three cubits; and the wreathen work, and pomegranates upon the chapiter round about, all of brass: and like unto these had the second pillar with wreathen work.
2Kgs	25	18	וַיִּקַּח רַב־טַבָּחִים אֶת־שְׂרָיָה כֹּהֵן הָרֹאשׁ וְאֶת־צְפַנְיָהוּ כֹּהֵן מִשְׁנֶה וְאֶת־שְׁלֹשֶׁת שֹׁמְרֵי הַסַּף ׃	καὶ ἔλαβεν ὁ ἀρχιμάγειρος τὸν Σαραίαν ἱερέα τὸν πρῶτον καὶ τὸν Σοφονίαν υἱὸν τῆς δευτερώσεως καὶ τοὺς τρεῖς τοὺς φυλάσσοντας τὸν σταθμόν·	tulit quoque princeps militiae Seraian sacerdotem primum et Sophoniam sacerdotem secundum et tres ianitores	Tulit quoque princeps militiæ Saraiam sacerdotem primum, et Sophoniam sacerdotem secundum, et tres janitores.		And the captain of the guard took Seraiah the chief priest, and Zephaniah the second priest, and the three keepers of the door:
2Kgs	25	19	וּמִן־הָעִיר לָקַח סָרִיס אֶחָד אֲשֶׁר־הוּא פָקִיד עַל־אַנְשֵׁי הַמִּלְחָמָה וַחֲמִשָּׁה אֲנָשִׁים מֵרֹאֵי פְנֵי־הַמֶּלֶךְ אֲשֶׁר נִמְצְאוּ בָעִיר וְאֵת הַסֹּפֵר שַׂר הַצָּבָא הַמַּצְבִּא אֶת־עַם הָאָרֶץ וְשִׁשִּׁים אִישׁ מֵעַם הָאָרֶץ הַנִּמְצְאִים בָּעִיר ׃	καὶ ἐκ τῆς πόλεως ἔλαβεν εὐνοῦχον ἕνα ὅς ἦν ἐπιστάτης τῶν ἀνδρῶν τῶν πολεμιστῶν, καὶ πέντε ἄνδρας τῶν ὁρώντων τὸ πρόσωπον τοῦ βασιλέως τοὺς εὑρεθέντας ἐν τῇ πόλει, καὶ τὸν γραμματέα τοῦ ἄρχοντος τῆς δυνάμεως τὸν ἐκτάσσοντα τὸν λαὸν τῆς γῆς, καὶ ἑξήκοντα ἄνδρας τοῦ λαοῦ τῆς γῆς τοὺς εὑρεθέντας ἐν τῇ πὁλει·	et de civitate eunuchum unum qui erat praefectus super viros bellatores et quinque viros de his qui steterant coram rege quos repperit in civitate et Sopher principem exercitus qui probabat tirones de populo terrae et sex viros e vulgo qui inventi fuerant in civitate	Et de civitate eunuchum unum, qui erat præfectus super bellatores viros: et quinque viros de his qui steterant coram rege, quos reperit in civitate: et Sopher principem exercitus, qui probabat tyrones de populo terræ: et sexaginta viros e vulgo, qui inventi fuerant in civitate.		And out of the city he took an officer that was set over the men of war, and five men of them that were in the king's presence, which were found in the city, and the principal scribe of the host, which mustered the people of the land, and threescore men of the people of the land that were found in the city:
2Kgs	25	20	וַיִּקַּח אֹתָם נְבוּזַרְאֲדָן רַב־טַבָּחִים וַיֹּלֶךְ אֹתָם עַל־מֶלֶךְ בָּבֶל רִבְלָתָה ׃	καὶ ἔλαβεν αὐτοὺς Ναβουζαρδὰν ὁ ἀρχιμάγειρος καὶ ἀπήγαγεν αὐτοὺς πρὸς τὸν βασιλέα Βαβυλῶνος εἰς Δεβλάθα.	quos tollens Nabuzardan princeps militum duxit ad regem Babylonis in Reblatha	Quos tollens Nabuzardan princeps militum, duxit ad regem Babylonis in Reblatha.		And Nebuzaradan captain of the guard took these, and brought them to the king of Babylon to Riblah:
2Kgs	25	21	וַיַּךְ אֹתָם מֶלֶךְ בָּבֶל וַיְמִיתֵם בְּרִבְלָה בְּאֶרֶץ חֲמָת וַיִּגֶל יְהוּדָה מֵעַל אַדְמָתוֹ ׃	καὶ ἔπαισεν αὐτοὺς βασιλεὺς Βαβυλῶνος καὶ ἐ αὐτοὺς ἐν Ῥεβλάθα ἐν γῇ Αἱμάθ· καὶ ἀπῳκίσθη Ἰούδας ἐπάνωθεν γῆς αὐτοῦ.	percussitque eos rex Babylonis et interfecit in Reblatha in terra Emath et translatus est Iuda de terra sua	Percussitque eos rex Babylonis, et interfecit eos in Reblatha in terra Emath: et translatus est Juda de terra sua.		And the king of Babylon smote them, and slew them at Riblah in the land of Hamath. So Judah was carried away out of their land.
2Kgs	25	22	וְהָעָם הַנִּשְׁאָר בְּאֶרֶץ יְהוּדָה אֲשֶׁר הִשְׁאִיר נְבוּכַדְנֶאצַּר מֶלֶךְ בָּבֶל וַיַּפְקֵד עֲלֵיהֶם אֶת־גְּדַלְיָהוּ בֶּן־אֲחִיקָם בֶּן־שָׁפָן ׃ פ	καὶ ὁ λαὸς ὁ καταλειφθεὶς ἐν τῇ γῇ Ἰούδα οὓς Ναβουχοδονοσὸρ βασιλεὺς Βαβυλῶνος, καὶ κατέστησεν ἐπ’ αὐτῶν τὸν Γοδολίαν υἱὸν Ἀχεικὰμ υἱὸν Σαφάν.	populo autem qui relictus erat in terra Iuda quem dimiserat Nabuchodonosor rex Babylonis praefecit Godoliam filium Ahicham filii Saphan	Populo autem qui relictus erat in terra Juda, quem dimiserat Nabuchodonosor rex Babylonis, præfecit Godoliam filium Ahicam filii Saphan.		And as for the people that remained in the land of Judah, whom Nebuchadnezzar king of Babylon had left, even over them he made Gedaliah the son of Ahikam, the son of Shaphan, ruler.
2Kgs	25	23	וַיִּשְׁמְעוּ כָל־שָׂרֵי הַחֲיָלִים הֵמָּה וְהָאֲנָשִׁים כִּי־הִפְקִיד מֶלֶךְ־בָּבֶל אֶת־גְּדַלְיָהוּ וַיָּבֹאוּ אֶל־גְּדַלְיָהוּ הַמִּצְפָּה וְיִשְׁמָעֵאל בֶּן־נְתַנְיָה וְיוֹחָנָן בֶּן־קָרֵחַ וּשְׂרָיָה בֶן־תַּנְחֻמֶת הַנְּטֹפָתִי וְיַאֲזַנְיָהוּ בֶּן־הַמַּעֲכָתִי הֵמָּה וְאַנְשֵׁיהֶם ׃	Καὶ ἤκουσαν πάντες οἱ ἄρχοντες τῆς δυνάμεως, αὐτοὶ καὶ οἱ ἄνδρες αὐτῶν, ὅτι κατέστησεν βασιλεὺς Βαβυλῶνος τὸν Γοδολίαν· καὶ ἦλθον πρὸς Γοδολίαν εἰς Μασσηφάθ, καὶ Ἰσμαὴλ υἱὸς Ναθανίου καὶ Ἰωνὰ υἱὸς Καρὴθ καὶ Σαραίας υἱὸς Θανέμαθ ὁ Νεφφαθιείτης καὶ ’Oζονίας υἱὸς τοῦ Ἀχαθεί, αὐτοὶ καὶ οἱ ἄνδρες αὐτῶν.	quod cum audissent omnes duces militum ipsi et viri qui erant cum eis videlicet quod constituisset rex Babylonis Godoliam venerunt ad Godoliam in Maspha Ismahel filius Nathaniae et Iohanan filius Caree et Sareia filius Thenaameth Nethophathites et Iezonias filius Maachathi ipsi et socii eorum	Quod cum audissent omnes duces militum, ipsi et viri qui erant cum eis, videlicet quod constituisset rex Babylonis Godoliam, venerunt ad Godoliam in Maspha, Ismahel filius Nathaniæ, et Johanan filius Caree, et Saraia filius Thanehumeth Netophathites, et Jezonias filius Maachathi, ipsi et socii eorum.		And when all the captains of the armies, they and their men, heard that the king of Babylon had made Gedaliah governor, there came to Gedaliah to Mizpah, even Ishmael the son of Nethaniah, and Johanan the son of Careah, and Seraiah the son of Tanhumeth the Netophathite, and Jaazaniah the son of a Maachathite, they and their men.
2Kgs	25	24	וַיִּשָּׁבַע לָהֶם גְּדַלְיָהוּ וּלְאַנְשֵׁיהֶם וַיֹּאמֶר לָהֶם אַל־תִּירְאוּ מֵעַבְדֵי הַכַּשְׂדִּים שְׁבוּ בָאָרֶץ וְעִבְדוּ אֶת־מֶלֶךְ בָּבֶל וְיִטַב לָכֶם ׃ ס	καὶ ὤμοσεν Γοδολίας αὐτοῖς καὶ τοῖς ἀνδράσιν αὐτῶν, καὶ εἶπεν αὐτοῖς Μὴ φοβεῖσθε πάροδον τῶν Χαλδαίων· καθίσατε ἐν τῇ γῇ καὶ δουλεύσατε τῷ βασιλεῖ Βασιλεῖ καὶ καλῶς ἔσται ὑμῖν.	iuravitque eis Godolias et sociis eorum dicens nolite timere servire Chaldeis manete in terra et servite regi Babylonis et bene erit vobis	Juravitque Godolias ipsis et sociis eorum, dicens: Nolite timere servire Chaldæis: manete in terra, et servite regi Babylonis, et bene erit vobis.		And Gedaliah sware to them, and to their men, and said unto them, Fear not to be the servants of the Chaldees: dwell in the land, and serve the king of Babylon; and it shall be well with you.
2Kgs	25	25	וַיְהִי בַּחֹדֶשׁ הַשְּׁבִיעִי בָּא יִשְׁמָעֵאל בֶּן־נְתַנְיָה בֶּן־אֱלִישָׁמָע מִזֶּרַע הַמְּלוּכָה וַעֲשָׂרָה אֲנָשִׁים אִתּוֹ וַיַּכּוּ אֶת־גְּדַלְיָהוּ וַיָּמֹת וְאֶת־הַיְּהוּדִים וְאֶת־הַכַּשְׂדִּים אֲשֶׁר־הָיוּ אִתּוֹ בַּמִּצְפָּה ׃	καὶ ἐγενήθη ἐν τῷ ἑβδόμῳ μηνὶ ἦλθεν Μαναὴλ υἱὸς Ναθανίου υἱὸς Ἐλεισαμὰ ἐκ τοῦ σπέρματος τῶν βασιλέων, καὶ ἄνδρες μετ’ αὐτοῦ· καὶ ἐπάταξεν τὸν Γοδολίαν καὶ ἐπέταξεν τὸν Γοδολίαν καὶ ἀπέθανεν, καὶ τοὺς Ἰουδαίους καὶ τοὺς Χαλδαίους οἳ ἦσαν μετ’ αὐτοῦ εἰς Μασσηφάθ.	factum est autem in mense septimo venit Ismahel filius Nathaniae filii Elisama de semine regio et decem viri cum eo percusseruntque Godoliam qui mortuus est sed et Iudaeos et Chaldeos qui erant cum eo in Maspha	Factum est autem in mense septimo, venit Ismahel filius Nathaniæ filii Elisama de semine regio, et decem viri cum eo: percusseruntque Godoliam, qui et mortuus est: sed et Judæos et Chaldæos qui erant cum eo in Maspha.		But it came to pass in the seventh month, that Ishmael the son of Nethaniah, the son of Elishama, of the seed royal, came, and ten men with him, and smote Gedaliah, that he died, and the Jews and the Chaldees that were with him at Mizpah.
2Kgs	25	26	וַיָּקֻמוּ כָל־הָעָם מִקָּטֹן וְעַד־גָּדוֹל וְשָׂרֵי הַחֲיָלִים וַיָּבֹאוּ מִצְרָיִם כִּי יָרְאוּ מִפְּנֵי כַשְׂדִּים ׃ פ	καὶ ἀνέστη πᾶς ὁ λαὸς ἀπὸ μικροῦ καὶ ἕως μεγάλου καὶ οἱ ἄρχοντες τῶν δυνάμεων καὶ εἰσῆλθον εἰς Αἴγυπτον, ὅτι ἐφόβησαν ἀπὸ προσώπου τῶν Χαλδαίων.	consurgens autem omnis populus a parvo usque ad magnum et principes militum venerunt in Aegyptum timentes Chaldeos	Consurgensque omnis populus a parvo usque ad magnum, et principes militum, venerunt in Ægyptum timentes Chaldæos.		And all the people, both small and great, and the captains of the armies, arose, and came to Egypt: for they were afraid of the Chaldees.
2Kgs	25	27	וַיְהִי בִשְׁלֹשִׁים וָשֶׁבַע שָׁנָה לְגָלוּת יְהוֹיָכִין מֶלֶךְ־יְהוּדָה בִּשְׁנֵים עָשָׂר חֹדֶשׁ בְּעֶשְׂרִים וְשִׁבְעָה לַחֹדֶשׁ נָשָׂא אֱוִיל מְרֹדַךְ מֶלֶךְ בָּבֶל בִּשְׁנַת מָלְכוֹ אֶת־רֹאשׁ יְהוֹיָכִין מֶלֶךְ־יְהוּדָה מִבֵּית כֶּלֶא ׃	ἐγενήθη ἐν τῷ τριακοστῷ καὶ ἑβδόμῳ ἔτει τῆς ἀποικεσίας τοῦ Ιωακιμ βασιλέως Ιουδα ἐν τῷ δωδεκάτῳ μηνὶ ἑβδόμῃ καὶ εἰκάδι τοῦ μηνὸς ὕψωσεν Ευιλμαρωδαχ βασιλεὺς Βαβυλῶνος ἐν τῷἐνιαυτῷ τῆς βασιλείας αὐτοῦ τὴν κεφαλὴν Ιωακιμ βασιλέως Ιουδακαὶ ἐξήγαγεν αὐτὸν ἐξ οἴκου φυλακῆς αὐτοῦ.	factum est vero anno tricesimo septimo transmigrationis Ioiachin regis Iudae mense duodecimo vicesima septima die mensis sublevavit Evilmerodach rex Babylonis anno quo regnare coeperat caput Ioiachin regis Iuda de carcere	Factum est vero in anno trigesimo septimo transmigrationis Joachin regis Juda, mense duodecimo, vigesima septima die mensis: sublevavit Evilmerodach rex Babylonis, anno quo regnare cœperat, caput Joachin regis Juda de carcere.		And it came to pass in the seven and thirtieth year of the captivity of Jehoiachin king of Judah, in the twelfth month, on the seven and twentieth day of the month, that Evilmerodach king of Babylon in the year that he began to reign did lift up the head of Jehoiachin king of Judah out of prison;
2Kgs	25	28	וַיְדַבֵּר אִתּוֹ טֹבוֹת וַיִּתֵּן אֶת־כִּסְאוֹ מֵעַל כִּסֵּא הַמְּלָכִים אֲשֶׁר אִתּוֹ בְּבָבֶל ׃	καὶ ἐλάλησεν μετ’ αὐτοῦ ἀγαθά, καὶ ἔδωκεν τὸν θρόνον αὐτοῦ ἐπάνωθεν τῶν θρόνων τῶν βασιλέων τῶν μετ’ αὐτοῦ ἐν Βαβυλῶνι.	et locutus est ei benigna et posuit thronum eius super thronum regum qui erant cum eo in Babylone	Et locutus est ei benigne, et posuit thronum ejus super thronum regum qui erant cum eo in Babylone.		And he spake kindly to him, and set his throne above the throne of the kings that were with him in Babylon;
2Kgs	25	29	וְשִׁנָּא אֵת בִּגְדֵי כִלְאוֹ וְאָכַל לֶחֶם תָּמִיד לְפָנָיו כָּל־יְמֵי חַיָּיו ׃	καὶ ἠλλοίωσεν τὰ ἱμάτια τῆς φυλακῆς αὐτοῦ, καὶ ἤσθιεν ἄρτον διὰ παντὸς ἐνώπιον αὐτοῦ πάσας τὰς ἡμέρας τῆς ζωῆς αὐτοῦ.	et mutavit vestes eius quas habuerat in carcere et comedebat panem semper in conspectu eius cunctis diebus vitae suae	Et mutavit vestes ejus quas habuerat in carcere, et comedebat panem semper in conspectu ejus cunctis diebus vitæ suæ.		And changed his prison garments: and he did eat bread continually before him all the days of his life.
2Kgs	25	30	וַאֲרֻחָתוֹ אֲרֻחַת תָּמִיד נִתְּנָה־לּוֹ מֵאֵת הַמֶּלֶךְ דְּבַר־יוֹם בְּיוֹמוֹ כֹּל יְמֵי חַיָּו ׃	καὶ ἡ ἑστιατορεία αὐτοῦ ἐστιατορεία διὰ παντός· ἐδόθη αὐτῷ ἐξ οἴκου τοῦ βασιλέως, λόγον ἡμέρας ἐν τῇ ἡμέρᾳ αὐτοῦ, πάσας τὰς ἡμέρας τῆς ζωῆς αὐτοῦ.	annonam quoque constituit ei absque intermissione quae et dabatur ei a rege per singulos dies omnibus diebus vitae suae	Annonam quoque constituit ei sine intermissione, quæ et dabatur ei a rege per singulos dies omnibus diebus vitæ suæ.		And his allowance was a continual allowance given him of the king, a daily rate for every day, all the days of his life.
