book	chapter	verse	wlc	lxx	vulg	clem	tr	kjv
Hos	1	1	דְּבַר־יְהוָה אֲשֶׁר הָיָה אֶל־הוֹשֵׁעַ בֶּן־בְּאֵרִי בִּימֵי עֻזִּיָּה יוֹתָם אָחָז יְחִזְקִיָּה מַלְכֵי יְהוּדָה וּבִימֵי יָרָבְעָם בֶּן־יוֹאָשׁ מֶלֶךְ יִשְׂרָאֵל ׃	ΛΟΓΟΣ Κυρίου ὃς ἐγενήθη πρὸς Ὡσῆε τὸν τοῦ Βεηρεὶ ἐν ἡμέραις Ὀζείου καὶ Ἰωαθὰμ καὶ Ἀχὰς καὶ Ἑζεκίου βασιλέων Ἰούδα καὶ ἐν ἡμέραις Ἰεροβοὰμ υἱοῦ Ἰωὰς βασιλέως Ἰσραήλ.	verbum Domini quod factum est ad Osee filium Beeri in diebus Oziae Ioatham Ahaz Ezechiae regum Iuda et in diebus Hieroboam filii Ioas regis Israhel	Verbum Domini, quod factum est ad Osee, filium Beeri, in diebus Ozi, Joathan, Achaz, Ezechi, regum Juda; et in diebus Jeroboam, filii Joas, regis Isral.		The word of the Lord that came unto Hosea, the son of Beeri, in the days of Uzziah, Jotham, Ahaz, and Hezekiah, kings of Judah, and in the days of Jeroboam the son of Joash, king of Israel.
Hos	1	2	תְּחִלַּת דִּבֶּר־יְהוָה בְּהוֹשֵׁעַ פ וַיֹּאמֶר יְהוָה אֶל־הוֹשֵׁעַ לֵךְ קַח־לְךָ אֵשֶׁת זְנוּנִים וְיַלְדֵי זְנוּנִים כִּי־זָנֹה תִזְנֶה הָאָרֶץ מֵאַחֲרֵי יְהוָה ׃	Ἀρχὴ λόγου Κυρίου ἐν Ὡσκῆε. καὶ εἶπεν Κύριος πρὸς Ὡσηέ Βάδιζε λάβε σεαυτῷ γυναῖκα πορνείας καὶ τέκνα πορνείας, διότι ἐκπορνεύουσα ἐκπορνεύσει ἡ γῆ ἀπὸ ὄπισθεν τοῦ κυρίου.	principium loquendi Dominum in Osee et dixit Dominus ad Osee vade sume tibi uxorem fornicationum et filios fornicationum quia fornicans fornicabitur terra a Domino	Principium loquendi Domino in Osee. Et dixit Dominus ad Osee: Vade, sume tibi uxorem fornicationum, et fac tibi filios fornicationum, quia fornicans fornicabitur terra a Domino.		The beginning of the word of the Lord by Hosea. And the Lord said to Hosea, Go, take unto thee a wife of whoredoms and children of whoredoms: for the land hath committed great whoredom, departing from the Lord.
Hos	1	3	וַיֵּלֶךְ וַיִּקַּח אֶת־גֹּמֶר בַּת־דִּבְלָיִם וַתַּהַר וַתֵּלֶד־לוֹ בֵּן ׃	καὶ ἐπορεύθη καὶ ἔλαβεν τὴν Γόμερ θυγατέρα Δεβηλάιμ, καὶ συνέλαβεν καὶ ἔτεκεν αὐτῷ υἱόν.	et abiit et accepit Gomer filiam Debelaim et concepit et peperit filium	Et abiit, et accepit Gomer, filiam Debelaim: et concepit, et peperit ei filium.		So he went and took Gomer the daughter of Diblaim; which conceived, and bare him a son.
Hos	1	4	וַיֹּאמֶר יְהוָה אֵלָיו קְרָא שְׁמוֹ יִזְרְעֶאל כִּי־עוֹד מְעַט וּפָקַדְתִּי אֶת־דְּמֵי יִזְרְעֶאל עַל־בֵּית יֵהוּא וְהִשְׁבַּתִּי מַמְלְכוּת בֵּית יִשְׂרָאֵל ׃	καὶ εἶπεν Κύριος πρὸς αὐτόν Κάλεσον τὸ ὄνομα αὐτοῦ Ἰεζραέλ, διότι ἔτι μικρὸν καὶ ἐκδικήσω τὸ αἷμα τοῦ Ἰεζραὲλ ἐπὶ τὸν οἶκον Ἰούδα, καὶ καταπαύσω βασιλείαν οἴκου Ἰσραήλ·	et dixit Dominus ad eum voca nomen eius Hiezrahel quoniam adhuc modicum et visitabo sanguinem Hiezrahel super domum Hieu et quiescere faciam regnum domus Israhel	Et dixit Dominus ad eum: Voca nomen ejus Jezrahel, quoniam adhuc modicum, et visitabo sanguinem Jezrahel super domum Jehu, et quiescere faciam regnum domus Isral.		And the Lord said unto him, Call his name Jezreel; for yet a little while, and I will avenge the blood of Jezreel upon the house of Jehu, and will cause to cease the kingdom of the house of Israel.
Hos	1	5	וְהָיָה בַּיּוֹם הַהוּא וְשָׁבַרְתִּי אֶת־קֶשֶׁת יִשְׂרָאֵל בְּעֵמֶק יִזְרְעֶאל ׃	καὶ ἔσται ἐν τῇ ἡμέρᾳ ἐκείνῃ συντρίψω τὸ τόξον τοῦ Ἰσραὴλ ἐν κοιλάδι τοῦ Ἰεζραέλ.	et in illa die conteram arcum Israhel in valle Hiezrahel	Et in illa die conteram arcum Isral in valle Jezrahel.		And it shall come to pass at that day, that I will break the bow of Israel, in the valley of Jezreel.
Hos	1	6	וַתַּהַר עוֹד וַתֵּלֶד בַּת וַיֹּאמֶר לוֹ קְרָא שְׁמָהּ לֹא רֻחָמָה כִּי לֹא אוֹסִיף עוֹד אֲרַחֵם אֶת־בֵּית יִשְׂרָאֵל כִּי־נָשֹׂא אֶשָּׂא לָהֶם ׃	καὶ συνέλαβεν ἔτι καὶ ἔτεκεν θυγατέρα. καὶ εἶπεν αὐτῷ Κάλεσον τὸ ὄνομα αὐτῆς Οὐκ ἠλεημένη, διότι οὐ μὴ προσθήσω ἔτι ἐλεῆσαι τὸν οἶκον Ἰσραήλ, ἀλλʼ ἢ ἀντιτασσόμενος ἀντιτάξομαι αὐτοῖς.	et concepit adhuc et peperit filiam et dixit ei voca nomen eius Absque misericordia quia non addam ultra misereri domui Israhel sed oblivione obliviscar eorum	Et concepit adhuc, et peperit filiam. Et dixit ei: Voca nomen ejus, Absque misericordia, quia non addam ultra misereri domui Isral, sed oblivione obliviscar eorum.		And she conceived again, and bare a daughter. And God said unto him, Call her name Loruhamah: for I will no more have mercy upon the house of Israel; but I will utterly take them away.
Hos	1	7	וְאֶת־בֵּית יְהוּדָה אֲרַחֵם וְהוֹשַׁעְתִּים בַּיהוָה אֱלֹהֵיהֶם וְלֹא אוֹשִׁיעֵם בְּקֶשֶׁת וּבְחֶרֶב וּבְמִלְחָמָה בְּסוּסִים וּבְפָרָשִׁים ׃	τοὺς δὲ υἱοὺς ἐλεήσω καὶ σώσω αὐτοὺς ἐν Κυρίῳ θεῷ αὐτῶν, καὶ οὐ σώσω αὐτοὺς ἐν τόξῳ οὐδὲ ἐν ῥομφαίᾳ οὐδὲ ἐν πολέμῳ οὐδὲ ἐν ἵπποις οὐδὲ ἐν ἱππεῦσιν.	et domui Iuda miserebor et salvabo eos in Domino Deo suo et non salvabo eos in arcu et gladio et in bello et in equis et in equitibus	Et domui Juda miserebor, et salvabo eos in Domino Deo suo; et non salvabo eos in arcu et gladio, et in bello, et in equis, et in equitibus.		But I will have mercy upon the house of Judah, and will save them by the Lord their God, and will not save them by bow, nor by sword, nor by battle, by horses, nor by horsemen.
Hos	1	8	וַתִּגְמֹל אֶת־לֹא רֻחָמָה וַתַּהַר וַתֵּלֶד בֵּן ׃	καὶ ἀπεγαλάκτισεν τὴν Οὐκ ἠλεημένην, καὶ συνέλαβεν ἔτι καὶ ἔτεκεν υἱόν.	et ablactavit eam quae erat absque misericordia et concepit et peperit filium	Et ablactavit eam qu erat Absque misericordia. Et concepit, et peperit filium.		Now when she had weaned Loruhamah, she conceived, and bare a son.
Hos	1	9	וַיֹּאמֶר קְרָא שְׁמוֹ לֹא עַמִּי כִּי אַתֶּם לֹא עַמִּי וְאָנֹכִי לֹא־אֶהְיֶה לָכֶם ׃ ס	καὶ εἶπεν Κάλεσον τὸ ὄνομα αὐτοῦ Οὐ λαός μου, διότι ὑμεῖς οὐ λαός μου καὶ ἐγὼ οὐκ εἰμι ὑμῶν.	et dixit voca nomen eius Non populus meus quia vos non populus meus et ego non ero vester	Et dixit: Voca nomen ejus, Non populus meus, quia vos non populus meus, et ego non ero vester.		Then said God, Call his name Loammi: for ye are not my people, and I will not be your God.
Hos	1	10		Καὶ ἦν ὁ ἀριθμὸς τῶν υἱῶν Ἰσραὴλ ὡς ἡ ἄμμος τῆς θαλάσσης, ἣ οὐκ ἐκμετρηθήσεται οὐδὲ ἐξαριθμηθήσεται καὶ ἔσται ἐν τῷ τόπῳ οὗ ἐρρέθη αὐτοῖς Οὐ λαός μου ὑμεῖς, κληθήσονται καὶ αὐτοὶ υἱοὶ θεοῦ ζῶντος.	et erit numerus filiorum Israhel quasi harena maris quae sine mensura est et non numerabitur et erit in loco ubi dicetur eis non populus meus vos dicetur eis filii Dei viventis	Et erit numerus filiorum Isral quasi arena maris, qu sine mensura est, et non numerabitur. Et erit in loco ubi dicetur eis: Non populus meus vos: dicetur eis: Filii Dei viventis.		Yet the number of the children of Israel shall be as the sand of the sea, which cannot be measured nor numbered; and it shall come to pass, that in the place where it was said unto them, Ye are not my people, there it shall be said unto them, Ye are the sons of the living God.
Hos	1	11		καὶ συναχθήσονται οἱ υἱοὶ Ἰούδα καὶ οἱ υἱοὶ Ἰσραὴλ ἐπὶ τὸ αὐτό, καὶ θήσονται ἑαυτοῖς ἀρχὴν μίαν, καὶ ἀναβήσονται ἐκ τῆς γῆς, ὅτι μεγάλη ἡ ἡμέρα τοῦ Ἰεζραέλ.	et congregabuntur filii Iuda et filii Israhel pariter et ponent sibimet caput unum et ascendent de terra quia magnus dies Hiezrahel	Et congregabuntur filii Juda et filii Isral pariter; et ponent sibimet caput unum, et ascendent de terra, quia magnus dies Jezrahel.		Then shall the children of Judah and the children of Israel be gathered together, and appoint themselves one head, and they shall come up out of the land: for great shall be the day of Jezreel.
Hos	2	1	וְהָיָה מִסְפַּר בְּנֵי־יִשְׂרָאֵל כְּחוֹל הַיָּם אֲשֶׁר לֹא־יִמַּד וְלֹא יִסָּפֵר וְהָיָה בִּמְקוֹם אֲשֶׁר־יֵאָמֵר לָהֶם לֹא־עַמִּי אַתֶּם יֵאָמֵר לָהֶם בְּנֵי אֵל־חָי ׃	εἴπατε τῷ ἀδελφῷ ὑμῶν Λαός μου. καὶ τῆ ἀδελφῇ ὑμῶν Ἐλεημένη.	dicite fratribus vestris Populus meus et sorori vestrae Misericordiam consecuta	Dicite fratribus vestris: Populus meus; et sorori vestr: Misericordiam consecuta.		Say ye unto your brethren, Ammi; and to your sisters, Ruhamah.
Hos	2	2	וְנִקְבְּצוּ בְּנֵי־יְהוּדָה וּבְנֵי־יִשְׂרָאֵל יַחְדָּו וְשָׂמוּ לָהֶם רֹאשׁ אֶחָד וְעָלוּ מִן־הָאָרֶץ כִּי גָדוֹל יוֹם יִזְרְעֶאל ׃	Κρίθητε πρὸς τὴν μητέρα ὑμῶν, κρίθητε, ὅτι αὕτη οὐ γυνὴ μου καὶ ἐγὼ οὐκ ἀνὴρ αὐτῆς. καὶ ἐξαρῶ τὴν πορνίαν αὐτῆς ἐκ προσώπου μου καὶ τὴν μοιχείαν αὐτῆς ἐκ μέσου μαστῶν αὐτῆς,	iudicate matrem vestram iudicate quoniam ipsa non uxor mea et ego non vir eius auferat fornicationes suas a facie sua et adulteria sua de medio uberum suorum	[Judicate matrem vestram, judicate, quoniam ipsa non uxor mea, et ego non vir ejus. Auferat fornicationes suas a facie sua, et adulteria sua de medio uberum suorum;		Plead with your mother, plead: for she is not my wife, neither am I her husband: let her therefore put away her whoredoms out of her sight, and her adulteries from between her breasts;
Hos	2	3	אִמְרוּ לַאֲחֵיכֶם עַמִּי וְלַאֲחוֹתֵיכֶם רֻחָמָה ׃	ὅπως ἂν ἐκδύσω αὐτὴν γυμνήν, καὶ ἀποκαταστήσω αὐτὴν καθὼς ἡ ἡμέρα γενέσεως αὐτῆς· καὶ θήσω αὐτὴν ἔρημον καὶ τάξω αὐτὴν ὡς γῆν ἄνυδρον, καὶ ἀποκτενῶ αὐτὴν ἐν δίψει·	ne forte expoliem eam nudam et statuam eam secundum diem nativitatis suae et ponam eam quasi solitudinem et statuam eam velut terram inviam et interficiam eam siti	ne forte expoliem eam nudam, et statuam eam secundum diem nativitatis su, et ponam eam quasi solitudinem, et statuam eam velut terram inviam, et interficiam eam siti.		Lest I strip her naked, and set her as in the day that she was born, and make her as a wilderness, and set her like a dry land, and slay her with thirst.
Hos	2	4	רִיבוּ בְאִמְּכֶם רִיבוּ כִּי־הִיא לֹא אִשְׁתִּי וְאָנֹכִי לֹא אִישָׁהּ וְתָסֵר זְנוּנֶיהָ מִפָּנֶיה וְנַאֲפוּפֶיהָ מִבֵּין שָׁדֶיהָ ׃	καὶ τὰ τέκνα αὐτῆς οὐ μὴ ἐλεήσω, ὅτι τέκνα πορνείας ἐστίν.	et filiorum illius non miserebor quoniam filii fornicationum sunt	Et filiorum illius non miserebor, quoniam filii fornicationum sunt.		And I will not have mercy upon her children; for they be the children of whoredoms.
Hos	2	5	פֶּן־אַפְשִׁיטֶנָּה עֲרֻמָּה וְהִצַּגְתִּיהָ כְּיוֹם הִוָּלְדָהּ וְשַׂמְתִּיהָ כַמִּדְבָּר וְשַׁתִּהָ כְּאֶרֶץ צִיָּה וַהֲמִתִּיהָ בַּצָּמָא ׃	ὅτι ἐξεπόρνευσεν ἡ μήτηρ αὐτῶν, κατῄσχυνεν ἡ τεκοῦσα αὐτά, ὅτι εἶπεν Πορεύσομαι ὀπίσω τῶν ἐραστῶν μου τῶν διδόντων μοι τοὺς ἄρτους μου καὶ τὸ ὕδωρ μου καὶ τὰ ἱμάτιά μου καὶ τὰ ὀθόνιά μου, τὸ ἔλαιόν μου καὶ πάντα ὅσα μοι καθήκει.	quia fornicata est mater eorum confusa est quae concepit eos quia dixit vadam post amatores meos qui dant panes mihi et aquas meas lanam meam et linum meum oleum meum et potum meum	Quia fornicata est mater eorum, confusa est qu concepit eos; quia dixit: Vadam post amatores meos, qui dant panes mihi, et aquas meas, lanam meam, et linum meum, oleum meum, et potum meum.		For their mother hath played the harlot: she that conceived them hath done shamefully: for she said, I will go after my lovers, that give me my bread and my water, my wool and my flax, mine oil and my drink.
Hos	2	6	וְאֶת־בָּנֶיהָ לֹא אֲרַחֵם כִּי־בְנֵי זְנוּנִים הֵמָּה ׃	διὰ τοῦτο ἰδοὺ ἐγὼ φράσσω τὴν ὁδὸν αὐτῆς ἐν σκόλοψιν, καὶ ἀνοικοδομήσω τὰς ὁδοὺς καὶ τὴν τρίβον αὐτῆς οὐ μὴ εὕρῃ·	propter hoc ecce ego sepiam viam tuam spinis et sepiam eam maceria et semitas suas non inveniet	Propter hoc ecce ego sepiam viam tuam spinis, et sepiam eam maceria, et semitas suas non inveniet.		Therefore, behold, I will hedge up thy way with thorns, and make a wall, that she shall not find her paths.
Hos	2	7	כִּי זָנְתָה אִמָּם הֹבִישָׁה הוֹרָתָם כִּי אָמְרָה אֵלְכָה אַחֲרֵי מְאַהֲבַי נֹתְנֵי לַחְמִי וּמֵימַי צַמְרִי וּפִשְׁתִּי שַׁמְנִי וְשִׁקּוּיָי ׃	καὶ καταδιώξεται τοὺς ἐραστὰς αὐτῆς καὶ οὐ μὴ καταλάβῃ αὐτούς, καὶ ζητήσει αὐτοὺς καὶ οὐ μὴ εὕρῃ αὐτούς, καὶ ἐρεῖ Πορεύσομαι καὶ ἐπιστρέψω πρὸς τὸν ἄνδρα μου τὸν πρότερον, ὅτι καλῶς μοι ἦν τότε ἡ νῦν.	et sequetur amatores suos et non adprehendet eos et quaeret eos et non inveniet et dicet vadam et revertar ad virum meum priorem quia bene mihi erat tunc magis quam nunc	Et sequetur amatores suos, et non apprehendet eos; et quret eos, et non inveniet: et dicet: Vadam, et revertar ad virum meum priorem, quia bene mihi erat tunc magis quam nunc.		And she shall follow after her lovers, but she shall not overtake them; and she shall seek them, but shall not find them: then shall she say, I will go and return to my first husband; for then was it better with me than now.
Hos	2	8	לָכֵן הִנְנִי־שָׂךְ אֶת־דַּרְכֵּךְ בַּסִּירִים וְגָדַרְתִּי אֶת־גְּדֵרָהּ וּנְתִיבוֹתֶיהָ לֹא תִמְצָא ׃	καὶ αὕτη οὐκ ἔγνω ὅτι ἐγὼ ἔδωκα αὐτῇ τὸν σῖτον καὶ τὸν οἶνον καὶ τὸ ἔλαιον, καὶ ἀργύριον ἐπλήθυνα αὐτῇ· αὕτη δὲ ἀργυρᾶ καὶ χρυσᾶ ἐποίησεν τῇ Βάαλ.	et haec nescivit quia ego dedi ei frumentum et vinum et oleum et argentum multiplicavi ei et aurum quae fecerunt Baal	Et hc nescivit, quia ego dedi ei frumentum, et vinum, et oleum, et argentum multiplicavi ei, et aurum, qu fecerunt Baal.		For she did not know that I gave her corn, and wine, and oil, and multiplied her silver and gold, which they prepared for Baal.
Hos	2	9	וְרִדְּפָה אֶת־מְאַהֲבֶיהָ וְלֹא־תַשִּׂיג אֹתָם וּבִקְשָׁתַם וְלֹא תִמְצָא וְאָמְרָה אֵלְכָה וְאָשׁוּבָה אֶל־אִישִׁי הָרִאשׁוֹן כִּי טוֹב לִי אָז מֵעָתָּה ׃	διὰ τοῦτο ἐπιστρέψω καὶ κομιοῦμαι τὸν σῖτόν μου καθʼ ὥραν αὐτοῦ καὶ τὸν οἶνόν μου ἐν καιρῷ αὐτοῦ, καὶ ἀφελοῦμαι τὰ ἱμάτιά μου καὶ τὰ ὀθόνιά μου τοῦ μὴ καλύπτειν τὴν ἀσχημοσύνην αὐτῆς·	idcirco convertar et sumam frumentum meum in tempore suo et vinum meum in tempore suo et liberabo lanam meam et linum meum quae operiebant ignominiam eius	Idcirco convertar, et sumam frumentum meum in tempore suo, et vinum meum in tempore suo. Et liberabo lanam meam et linum meum, qu operiebant ignominiam ejus.		Therefore will I return, and take away my corn in the time thereof, and my wine in the season thereof, and will recover my wool and my flax given to cover her nakedness.
Hos	2	10	וְהִיא לֹא יָדְעָה כִּי אָנֹכִי נָתַתִּי לָהּ הַדָּגָן וְהַתִּירוֹשׁ וְהַיִּצְהָר וְכֶסֶף הִרְבֵּיתִי לָהּ וְזָהָב עָשׂוּ לַבָּעַל ׃	καὶ νῦν ἀποκαλύψω τὴν ἀκαθαρσίαν αὐτῆς ἐνώπιον τῶν ἐραστῶν αὐτῆς, καὶ οὐδεὶς οὐ μὴ ἐξέληται αὐτὴν ἐκ χειρός μου·	et nunc revelabo stultitiam eius in oculis amatorum eius et vir non eruet eam de manu mea	Et nunc revelabo stultitiam ejus in oculis amatorum ejus; et vir non eruet eam de manu mea;		And now will I discover her lewdness in the sight of her lovers, and none shall deliver her out of mine hand.
Hos	2	11	לָכֵן אָשׁוּב וְלָקַחְתִּי דְגָנִי בְּעִתּוֹ וְתִירוֹשִׁי בְּמוֹעֲדוֹ וְהִצַּלְתִּי צַמְרִי וּפִשְׁתִּי לְכַסּוֹת אֶת־עֶרְוָתָהּ ׃	καὶ ἀποστρέψω πάσας τὰς εὐφροσύνας αὐτῆς, ἑορτὰς αὐτῆς καὶ τὰς νουμηνίας αὐτῆς καὶ τὰ σάββατα αὐτῆς καὶ πάσας τὰς πανηγύρεις αὐτῆς·	et cessare faciam omne gaudium eius sollemnitatem eius neomeniam eius sabbatum eius et omnia festa tempora eius	et cessare faciam omne gaudium ejus, solemnitatem ejus, neomeniam ejus, sabbatum ejus, et omnia festa tempora ejus.		I will also cause all her mirth to cease, her feast days, her new moons, and her sabbaths, and all her solemn feasts.
Hos	2	12	וְעַתָּה אֲגַלֶּה אֶת־נַבְלֻתָהּ לְעֵינֵי מְאַהֲבֶיהָ וְאִישׁ לֹא־יַצִּילֶנָּה מִיָּדִי ׃	καὶ ἀφανιῶ ἄμπελον αὐτῆς καὶ τὰς συκᾶς αὐτῆς, ὅσα εἶπεν Μισθώματά μου ταῦτά ἐστιν ἃ ἔδωκάν μοι οἱ ἐρασταί μου, καὶ θήσομαι αὐτὰ εἰς μαρτύριον, καὶ καταφάγεται αὐτὰ τὰ θηρία τοῦ ἀγροῦ καὶ τὰ πετεινὰ τοῦ οὐρανοῦ καὶ τὰ ἑρπετὰ τῆς γῆς·	et corrumpam vineam eius et ficum eius de quibus dixit mercedes hae meae sunt quas dederunt mihi amatores mei et ponam eam in saltu et comedet illam bestia agri	Et corrumpam vineam ejus, et ficum ejus, de quibus dixit: Mercedes h me sunt, quas dederunt mihi amatores mei; et ponam eam in saltum, et comedet eam bestia agri.		And I will destroy her vines and her fig trees, whereof she hath said, These are my rewards that my lovers have given me: and I will make them a forest, and the beasts of the field shall eat them.
Hos	2	13	וְהִשְׁבַּתִּי כָּל־מְשׂוֹשָׂהּ חַגָּהּ חָדְשָׁהּ וְשַׁבַּתָּהּ וְכֹל מוֹעֲדָהּ ׃	καὶ ἐκδικήσω ἐπʼ αὐτὴν τὰς ἡμέρας τῶν Βααλεὶμ ἐν αἷς ἐπέθυεν αὐτοῖς, καὶ περιετίθετο τὰ ἐνώτια αὐτῆς καὶ τὰ καθόρμια αὐτῆς καὶ ἐπορεύετο ὀπίσω τῶν ἐραστῶν αὐτῆς, ἐμοῦ δὲ ἐπελάθετο, λέγει Κύριος.	et visitabo super eam dies Baalim quibus accendebat incensum et ornabatur inaure sua et monili suo et ibat post amatores suos et mei obliviscebatur dicit Dominus	Et visitabo super eam dies Baalim, quibus accendebat incensum, et ornabatur in aure sua, et monili suo. Et ibat post amatores suos, et mei obliviscebatur, dicit Dominus.		And I will visit upon her the days of Baalim, wherein she burned incense to them, and she decked herself with her earrings and her jewels, and she went after her lovers, and forgat me, saith the Lord.
Hos	2	14	וַהֲשִׁמֹּתִי גַּפְנָהּ וּתְאֵנָתָהּ אֲשֶׁר אָמְרָה אֶתְנָה הֵמָּה לִי אֲשֶׁר נָתְנוּ־לִי מְאַהֲבָי וְשַׂמְתִּים לְיַעַר וַאֲכָלָתַם חַיַּת הַשָּׂדֶה ׃	διὰ τοῦτο ἰδοὺ ἐγὼ πλανῶ αὐτὴν καὶ τάξω αὐτὴν ὡς ἔρημον, καὶ λαλήσω ἐπὶ τὴν καρδίαν αὐτῆς,	propter hoc ecce ego lactabo eam et ducam eam in solitudinem et loquar ad cor eius	Propter hoc ecce ego lactabo eam, et ducam eam in solitudinem, et loquar ad cor ejus.		Therefore, behold, I will allure her, and bring her into the wilderness, and speak comfortably unto her.
Hos	2	15	וּפָקַדְתִּי עָלֶיהָ אֶת־יְמֵי הַבְּעָלִים אֲשֶׁר תַּקְטִיר לָהֶם וַתַּעַד נִזְמָהּ וְחֶלְיָתָהּ וַתֵּלֶךְ אַחֲרֵי מְאַהֲבֶיהָ וְאֹתִי שָׁכְחָה נְאֻם־יְהוָה ׃ פ	καὶ δώσω αὐτῇ τὰ κτήματα αὐτῆς ἐκεῖθεν καὶ τὴν κοιλάδα Ἀχὼρ διανοῖξαι σύνεσιν αὐτῆς· καὶ ταπεινωθήσεται ἐκεῖ κατὰ τὰς ἡμέρας νηπιότητος αὐτῆς καὶ κατὰ τὰς ἡμέρας ἀναβάσεως αὐτῆς ἐκ γῆς Αἰγύπτου.	et dabo ei vinitores eius ex eodem loco et vallem Achor ad aperiendam spem et canet ibi iuxta dies iuventutis suae et iuxta dies ascensionis suae de terra Aegypti	Et dabo ei vinitores ejus ex eodem loco, et vallem Achor, ad aperiendam spem; et canet ibi juxta dies juventutis su, et juxta dies ascensionis su de terra gypti.		And I will give her her vineyards from thence, and the valley of Achor for a door of hope: and she shall sing there, as in the days of her youth, and as in the day when she came up out of the land of Egypt.
Hos	2	16	לָכֵן הִנֵּה אָנֹכִי מְפַתֶּיהָ וְהֹלַכְתִּיהָ הַמִּדְבָּר וְדִבַּרְתִּי עַל־לִבָּהּ ׃	καὶ ἔσται ἐν τῇ ἡμέρᾳ ἐκείνῃ, λέγει Κύριος, καλέσει με Ὁ ἀνήρ μου. καὶ οὐ καλέσει με ἔτι Βααλείμ·	et erit in die illo ait Dominus vocabit me Vir meus et non vocabit me ultra Baali	Et erit in die illa, ait Dominus: vocabit me, Vir meus, et non vocabit me ultra Baali.		And it shall be at that day, saith the Lord, that thou shalt call me Ishi; and shalt call me no more Baali.
Hos	2	17	וְנָתַתִּי לָהּ אֶת־כְּרָמֶיהָ מִשָּׁם וְאֶת־עֵמֶק עָכוֹר לְפֶתַח תִּקְוָה וְעָנְתָה שָּׁמָּה כִּימֵי נְעוּרֶיהָ וּכְיוֹם עֲלֹתָהּ מֵאֶרֶץ־מִצְרָיִם ׃ ס	καὶ ἐξαρῶ τὰ ὀνόματα τῶν Βααλεὶμ ἐκ στόματος αὐτῆς, καὶ οὐ μὴ μνησθῶσιν οὐκέτι τὰ ὀνόματα αὐτῶν.	et auferam nomina Baalim de ore eius et non recordabitur ultra nominis eorum	Et auferam nomina Baalim de ore ejus, et non recordabitur ultra nominis eorum.		For I will take away the names of Baalim out of her mouth, and they shall no more be remembered by their name.
Hos	2	18	וְהָיָה בַיּוֹם־הַהוּא נְאֻם־יְהוָה תִּקְרְאִי אִישִׁי וְלֹא־תִקְרְאִי־לִי עוֹד בַּעְלִי ׃	καὶ διαθήσομαι αὐτοῖς διαθήκην ἐν τῇ ἡμέρᾳ ἐκείνῃ μετὰ τῶν θηρίων τοῦ ἀγροῦ καὶ μετὰ τῶν πετεινῶν τοῦ οὐρανοῦ καὶ τῶν ἑρπετῶν τῆς γῆς· καὶ τόξον καὶ ῥομφαίαν καὶ πόλεμον συντρίψω ἀπὸ τῆς γῆς, καὶ κατοικιῶ σε ἐπʼ ἐλπ ίδι.	et percutiam eis foedus in die illa cum bestia agri et cum volucre caeli et cum reptili terrae et arcum et gladium et bellum conteram de terra et dormire eos faciam fiducialiter	Et percutiam cum eis fdus in die illa, cum bestia agri, et cum volucre cli, et cum reptili terr; et arcum, et gladium, et bellum conteram de terra, et dormire eos faciam fiducialiter.		And in that day will I make a covenant for them with the beasts of the field and with the fowls of heaven, and with the creeping things of the ground: and I will break the bow and the sword and the battle out of the earth, and will make them to lie down safely.
Hos	2	19	וַהֲסִרֹתִי אֶת־שְׁמוֹת הַבְּעָלִים מִפִּיהָ וְלֹא־יִזָּכְרוּ עוֹד בִּשְׁמָם ׃	καὶ μνηστεύσομαί σε ἐμαυτῷ εἰς τὸν αἰῶνα, καὶ μνηστεύσομαί σε ἐμαυτῷ ἐν δικαιοσύνῃ καὶ ἐν κρίματι καὶ ἐν ἐλέει καὶ ἐν οἰκτειρμοῖς,	et sponsabo te mihi in sempiternum et sponsabo te mihi in iustitia et iudicio et in misericordia et miserationibus	Et sponsabo te mihi in sempiternum; et sponsabo te mihi in justitia, et judicio, et in misericordia, et in miserationibus.		And I will betroth thee unto me for ever; yea, I will betroth thee unto me in righteousness, and in judgment, and in lovingkindness, and in mercies.
Hos	2	20	וְכָרַתִּי לָהֶם בְּרִית בַּיּוֹם הַהוּא עִם־חַיַּת הַשָּׂדֶה וְעִם־עוֹף הַשָּׁמַיִם וְרֶמֶשׂ הָאֲדָמָה וְקֶשֶׁת וְחֶרֶב וּמִלְחָמָה אֶשְׁבּוֹר מִן־הָאָרֶץ וְהִשְׁכַּבְתִּים לָבֶטַח ׃	καὶ μνηστεύσομαί σε ἐμαυτῷ ἐν πίστει, καὶ ἐπιγνώσῃ τὸν κύριον.	et sponsabo te mihi in fide et scies quia ego Dominus	Et sponsabo te mihi in fide; et scies quia ego Dominus.		I will even betroth thee unto me in faithfulness: and thou shalt know the Lord.
Hos	2	21	וְאֵרַשְׂתִּיךְ לִי לְעוֹלָם וְאֵרַשְׂתִּיךְ לִי בְּצֶדֶק וּבְמִשְׁפָּט וּבְחֶסֶד וּבְרַחֲמִים ׃	καὶ ἔσται ἐν τῇ ἡμέρᾳ ἐκείνῃ, λέγει Κύριος, ἐπακούσομαι τῷ οὐρανῷ, καὶ αὐτὸς ἐπακούσεται τῇ γῇ,	et erit in illa die exaudiam dicit Dominus exaudiam caelos et illi exaudient terram	Et erit in die illa: exaudiam, dicit Dominus, exaudiam clos, et illi exaudient terram.		And it shall come to pass in that day, I will hear, saith the Lord, I will hear the heavens, and they shall hear the earth;
Hos	2	22	וְאֵרַשְׂתִּיךְ לִי בֶּאֱמוּנָה וְיָדַעַתְּ אֶת־יְהוָה ׃ ס	καὶ ἡ γῆ ἐπακούσεται τὸν σῖτον καὶ τὸν οἶνον καὶ τὸ ἔλαιον, καὶ αὐτὰ ἐπακούσεται τῷ Ἰεζραέλ.	et terra exaudiet triticum et vinum et oleum et haec exaudient Hiezrahel	Et terra exaudiet triticum, et vinum, et oleum, et hc exaudient Jezrahel.		And the earth shall hear the corn, and the wine, and the oil; and they shall hear Jezreel.
Hos	2	23	וְהָיָה בַּיּוֹם הַהוּא אֶעֱנֶה נְאֻם־יְהוָה אֶעֱנֶה אֶת־הַשָּׁמָיִם וְהֵם יַעֲנוּ אֶת־הָאָרֶץ ׃	καὶ σπερῶ αὐτὴν ἐμαυτῷ ἐπὶ τῆς γῆς, καὶ ἀγαπήσω τὴν Οὐκ ἠγαπημένην, καὶ ἐρῶ τῷ Οὐ λαῷ μου Λαός μου εἶ σύ, καὶ αὐτὸς ἐρεῖ Κύριος ὁ θεός μου εἰ σύ.	et seminabo eam mihi in terram et miserebor eius quae fuit absque misericordia	Et seminabo eam mihi in terra, et miserebor ejus qu fuit Absque misericordia.		And I will sow her unto me in the earth; and I will have mercy upon her that had not obtained mercy; and I will say to them which were not my people, Thou art my people; and they shall say, Thou art my God.
Hos	2	24	וְהָאָרֶץ תַּעֲנֶה אֶת־הַדָּגָן וְאֶת־הַתִּירוֹשׁ וְאֶת־הַיִּצְהָר וְהֵם יַעֲנוּ אֶת־יִזְרְעֶאל ׃		et dicam non populo meo populus meus tu et ipse dicet Dominus meus es tu	Et dicam Non populo meo: Populus meus es tu; et ipse dicet: Deus meus es tu.]		
Hos	2	25	וּזְרַעְתִּיהָ לִּי בָּאָרֶץ וְרִחַמְתִּי אֶת־לֹא רֻחָמָה וְאָמַרְתִּי לְלֹא־עַמִּי עַמִּי־אַתָּה וְהוּא יֹאמַר אֱלֹהָי ׃ פ					
Hos	3	1	וַיֹּאמֶר יְהוָה אֵלַי עוֹד לֵךְ אֱהַב־אִשָּׁה אֲהֻבַת רֵעַ וּמְנָאָפֶת כְּאַהֲבַת יְהוָה אֶת־בְּנֵי יִשְׂרָאֵל וְהֵם פֹּנִים אֶל־אֱלֹהִים אֲחֵרִים וְאֹהֲבֵי אֲשִׁישֵׁי עֲנָבִים ׃	Καὶ εἶπεν Κύριος πρὸς μέ Ἔτι πορεύθητι καὶ ἀγάπησον γυναῖκα ἀγαπῶσαν πονηρὰ καὶ μοιχαλίν, καθὼς ἀγαπῷ ὁ θεὸς τοὺς υἱοὺς Ἰσραήλ, καὶ αὐτοὶ ἐπιβλέπουσιν ἐπὶ θεοὺς ἀλλοτρίους καὶ φιλοῦσιν πέμματα μετὰ σταφίδος.	et dixit Dominus ad me adhuc vade dilige mulierem dilectam amico et adulteram sicut diligit Dominus filios Israhel et ipsi respectant ad deos alienos et diligunt vinacea uvarum	Et dixit Dominus ad me: Adhuc vade, et dilige mulierem dilectam amico et adulteram, sicut diligit Dominus filios Isral, et ipsi respiciunt ad deos alienos, et diligunt vinacia uvarum.		Then said the Lord unto me, Go yet, love a woman beloved of her friend, yet an adulteress, according to the love of the Lord toward the children of Israel, who look to other gods, and love flagons of wine.
Hos	3	2	וָאֶכְּרֶהָ לִּי בַּחֲמִשָּׁה עָשָׂר כָּסֶף וְחֹמֶר שְׂעֹרִים וְלֵתֶךְ שְׂעֹרִים ׃	καὶ ἐμισθωσάμην ἐμαυτῷ πέντε καὶ δέκα ἀργυρίου καὶ γόμορ κριθῶν καὶ νέβελ οἴνου,	et fodi eam mihi quindecim argenteis et choro hordei et dimidio choro hordei	Et fodi eam mihi quindecim argenteis, et coro hordei, et dimidio coro hordi.		So I bought her to me for fifteen pieces of silver, and for an homer of barley, and an half homer of barley:
Hos	3	3	וָאֹמַר אֵלֶיהָ יָמִים רַבִּים תֵּשְׁבִי לִי לֹא תִזְנִי וְלֹא תִהְיִי לְאִישׁ וְגַם־אֲנִי אֵלָיִךְ ׃	καὶ εἶπα πρὸς αὐτήν Ἡμέρας πολλὰς καθήσῃ ἐπʼ ἐμοί, καὶ οὐ μὴ πορνεύσῃς οὐδέ μὴ γένῃ ἀνδρί, καὶ ἐγὼ ἐπὶ σοί.	et dixi ad eam dies multos expectabis me non fornicaberis et non eris viro sed et ego expectabo te	Et dixi ad eam: Dies multos exspectabis me; non fornicaberis, et non eris viro; sed et ego exspectabo te.		And I said unto her, Thou shalt abide for me many days; thou shalt not play the harlot, and thou shalt not be for another man: so will I also be for thee.
Hos	3	4	כִּי יָמִים רַבִּים יֵשְׁבוּ בְּנֵי יִשְׂרָאֵל אֵין מֶלֶךְ וְאֵין שָׂר וְאֵין זֶבַח וְאֵין מַצֵּבָה וְאֵין אֵפוֹד וּתְרָפִים ׃	διότι ἡμέρας πολλὰς καθήσονται οἱ υἱοὶ Ἰσραὴλ οὐκ ὄντος βασιλέως οὐδὲ ὄντος ἄρχοντος οὐδὲ οὕσης θυσίας οὐδὲ ὄντος θυσιαστηρίου οὐδὲ ἱερατίας οὐδὲ δήλων.	quia dies multos sedebunt filii Israhel sine rege et sine principe et sine sacrificio et sine altari et sine ephod et sine therafin	Quia dies multos sedebunt filii Isral sine rege, et sine principe, et sine sacrificio, et sine altari, et sine ephod, et sine theraphim.		For the children of Israel shall abide many days without a king, and without a prince, and without a sacrifice, and without an image, and without an ephod, and without teraphim:
Hos	3	5	אַחַר יָשֻׁבוּ בְּנֵי יִשְׂרָאֵל וּבִקְשׁוּ אֶת־יְהוָה אֱלֹהֵיהֶם וְאֵת דָּוִד מַלְכָּם וּפָחֲדוּ אֶל־יְהוָה וְאֶל־טוּבוֹ בְּאַחֲרִית הַיָּמִים ׃ פ	καὶ μετὰ ταῦτα ἐπιστρέψουσιν οἱ υἱοὶ Ἰσραὴλ καὶ ἐπιζητήσουσιν Κύριον τὸν θεὸν αὐτῶν καὶ Δαυεὶδ τὸν βασιλέα αὐτῶν, καὶ ἐκστήσονται ἐπὶ τῷ κυρίῳ καὶ ἐπὶ τοῖς ἀγαθοῖς αὐτοῦ ἐπʼ ἐσχάτων τῶν ἡμερῶν.	et post haec revertentur filii Israhel et quaerent Dominum Deum suum et David regem suum et pavebunt ad Dominum et ad bonum eius in novissimo dierum	Et post hc revertentur filii Isral, et qurent Dominum Deum suum, et David regem suum: et pavebunt ad Dominum, et ad bonum ejus, in novissimo dierum.		Afterward shall the children of Israel return, and seek the Lord their God, and David their king; and shall fear the Lord and his goodness in the latter days.
Hos	4	1	שִׁמְעוּ דְבַר־יְהוָה בְּנֵי יִשְׂרָאֵל כִּי רִיב לַיהוָה עִם־יוֹשְׁבֵי הָאָרֶץ כִּי אֵין־אֱמֶת וְאֵין־חֶסֶד וְאֵין־דַּעַת אֱלֹהִים בָּאָרֶץ ׃	Ἀκούσατε λόγον Κυρίου, υἱοὶ Ἰσραήλ, ὅτι κρίσις τῷ κυρίῳ πρὸς τοὺς κατοικοῦντας τὴν γῆν, διότι οὐκ ἔστιν ἀλήθεια οὐδὲ ἔλεος οὐδὲ ἐπίγνωσις θεοῦ ἐπὶ τῆς γῆς·	audite verbum Domini filii Israhel quia iudicium Domino cum habitatoribus terrae non est enim veritas et non est misericordia et non est scientia Dei in terra	[Audite verbum Domini, filii Isral, quia judicium Domino cum habitatoribus terr: non est enim veritas, et non est misericordia, et non est scientia Dei in terra.		Hear the word of the Lord, ye children of Israel: for the Lord hath a controversy with the inhabitants of the land, because there is no truth, nor mercy, nor knowledge of God in the land.
Hos	4	2	אָלֹה וְכַחֵשׁ וְרָצֹחַ וְגָנֹב וְנָאֹף פָּרָצוּ וְדָמִים בְּדָמִים נָגָעוּ ׃	ἀρὰ καὶ ψεῦδος καὶ φόνος καὶ κλοπὴ καὶ μοιχεία κέχυται ἐπὶ τῆς γῆς, καὶ αἵματα ἐφʼ αἵμασιν μίσγουσιν.	maledictum et mendacium et homicidium et furtum et adulterium inundaverunt et sanguis sanguinem tetigit	Maledictum, et mendacium, et homicidium, et furtum, et adulterium inundaverunt, et sanguis sanguinem tetigit.		By swearing, and lying, and killing, and stealing, and committing adultery, they break out, and blood toucheth blood.
Hos	4	3	עַל־כֵּן תֶּאֱבַל הָאָרֶץ וְאֻמְלַל כָּל־יוֹשֵׁב בָּהּ בְּחַיַּת הַשָּׂדֶה וּבְעוֹף הַשָּׁמָיִם וְגַם־דְּגֵי הַיָּם יֵאָסֵפוּ ׃	διὰ τοῦτο πενθήσει ἡ γῆ, καὶ μικρυνθήσεται σὺν πᾶσιν τοῖς κατοικοῦσιν αὐτήν, σὺν τοῖς θηρίοις τοῦ ἀγροῦ καὶ σὺν τοῖς ἑρπετοῖς τῆς γῆς καὶ σὺν τοῖς πετεινοῖς τοῦ οὐρανοῦ, καὶ οἱ ἰχθύες τῆς θαλάσσης ἐκλείψουσιν,	propter hoc lugebit terra et infirmabitur omnis qui habitat in ea in bestia agri et in volucre caeli sed et pisces maris congregabuntur	Propter hoc lugebit terra, et infirmabitur omnis qui habitat in ea, in bestia agri, et in volucre cli; sed et pisces maris congregabuntur.		Therefore shall the land mourn, and every one that dwelleth therein shall languish, with the beasts of the field, and with the fowls of heaven; yea, the fishes of the sea also shall be taken away.
Hos	4	4	אַךְ אִישׁ אַל־יָרֵב וְאַל־יוֹכַח אִישׁ וְעַמְּךָ כִּמְרִיבֵי כֹהֵן ׃	ὅπως μηδεὶς μήτε δικάζηται μήτε ἐλέγχῃ μηδείς. ὁ δὲ λαός μου ὡς ἀντιλεγόμενος ἱερεύς,	verumtamen unusquisque non iudicet et non arguatur vir populus enim tuus sicut hii qui contradicunt sacerdoti	Verumtamen unusquisque non judicet, et non arguatur vir: populus enim tuus sicut hi qui contradicunt sacerdoti.		Yet let no man strive, nor reprove another: for thy people are as they that strive with the priest.
Hos	4	5	וְכָשַׁלְתָּ הַיּוֹם וְכָשַׁל גַּם־נָבִיא עִמְּךָ לָיְלָה וְדָמִיתִי אִמֶּךָ ׃	καὶ ἀσθενήσει ἡμέρας, καὶ ἀσθενήσει προφήτης μετὰ σοῦ· νυκτὶ ὡμοίωσα τὴν μητέρα σου,	et corrues hodie et corruet etiam propheta tecum nocte tacere feci matrem tuam	Et corrues hodie, et corruet etiam propheta tecum. Nocte tacere feci matrem tuam.		Therefore shalt thou fall in the day, and the prophet also shall fall with thee in the night, and I will destroy thy mother.
Hos	4	6	נִדְמוּ עַמִּי מִבְּלִי הַדָּעַת כִּי־אַתָּה הַדַּעַת מָאַסְתָּ וְאֶמְאָסְאךָ מִכַּהֵן לִי וַתִּשְׁכַּח תּוֹרַת אֱלֹהֶיךָ אֶשְׁכַּח בָּנֶיךָ גַּם־אָנִי ׃	ὡμοιώθη ὁ λαός μου ὡς οὐκ ἔχων γνῶσιν· ὅτι σὺ ἐπίγνωσιν ἀπώσω, κἀγὼ ἀπώσομαι σέ τοῦ ἱερατεύειν μοι· καὶ ἐπελάθου νόμον θεοῦ σου, κἀγὼ ἐπιλήσομαι τέκνων σου.	conticuit populus meus eo quod non habuerit scientiam quia tu scientiam reppulisti repellam te ne sacerdotio fungaris mihi et oblita es legis Dei tui obliviscar filiorum tuorum et ego	Conticuit populus meus, eo quod non habuerit scientiam: quia tu scientiam repulisti, repellam te, ne sacerdotio fungaris mihi; et oblita es legis Dei tui, obliviscar filiorum tuorum et ego.		My people are destroyed for lack of knowledge: because thou hast rejected knowledge, I will also reject thee, that thou shalt be no priest to me: seeing thou hast forgotten the law of thy God, I will also forget thy children.
Hos	4	7	כְּרֻבָּם כֵּן חָטְאוּ־לִי כְּבוֹדָם בְּקָלוֹן אָמִיר ׃	κατὰ τὸ πλῆθος αὐτῶν οὕτως ἥμαρτόν μοι· τὴν δόξαν αὐτῶν εἰς ἀτιμίαν θήσομαι,	secundum multitudinem eorum sic peccaverunt mihi gloriam eorum in ignominiam commutabo	Secundum multitudinem eorum sic peccaverunt mihi: gloriam eorum in ignominiam commutabo.		As they were increased, so they sinned against me: therefore will I change their glory into shame.
Hos	4	8	חַטַּאת עַמִּי יֹאכֵלוּ וְאֶל־עֲוֹנָם יִשְׂאוּ נַפְשׁוֹ ׃	ἁμαρτίας λαοῦ μου φάγονται, καὶ ἐν ταῖς ἀδικίαις αὐτῶν λήμψονται τὰς ψυχὰς αὐτῶν.	peccata populi mei comedent et ad iniquitatem eorum sublevabunt animas eorum	Peccata populi mei comedent, et ad iniquitatem eorum sublevabunt animas eorum.		They eat up the sin of my people, and they set their heart on their iniquity.
Hos	4	9	וְהָיָה כָעָם כַּכֹּהֵן וּפָקַדְתִּי עָלָיו דְּרָכָיו וּמַעֲלָלָיו אָשִׁיב לוֹ ׃	καὶ ἔσται καθὼς ὁ λαὸς οὕτως καὶ ὁ ἱερεύς, καὶ ἐκδικήσω ἐπʼ αὐτὸν τὰς ὁδοὺς αὐτοῦ, καὶ τὰ διαβούλια αὐτοῦ ἀνταποδώσω αὐτῷ.	et erit sicut populus sic sacerdos et visitabo super eum vias eius et cogitationes eius reddam ei	Et erit sicut populus, sic sacerdos; et visitabo super eum vias ejus, et cogitationes ejus reddam ei.		And there shall be, like people, like priest: and I will punish them for their ways, and reward them their doings.
Hos	4	10	וְאָכְלוּ וְלֹא יִשְׂבָּעוּ הִזְנוּ וְלֹא יִפְרֹצוּ כִּי־אֶת־יְהוָה עָזְבוּ לִשְׁמֹר ׃	καὶ φάγονται καὶ οὐ μὴ ἐμπλησθῶσιν, ἐπόρνευσαν καὶ οὐ μὴ κατευθύνωσιν, διότι τὸν κύριον ἐγκατέλιπον τοῦ φυλάξαι πορνείαν.	et comedent et non saturabuntur fornicati sunt et non cessaverunt quoniam Dominum reliquerunt in non custodiendo	Et comedent, et non saturabuntur; fornicati sunt, et non cessaverunt: quoniam Dominum dereliquerunt in non custodiendo.		For they shall eat, and not have enough: they shall commit whoredom, and shall not increase: because they have left off to take heed to the Lord.
Hos	4	11	זְנוּת וְיַיִן וְתִירוֹשׁ יִקַּח־לֵב ׃	καὶ οἶνον καὶ μέθυσμα ἐδέξατο καρδία λαοῦ μου·	fornicatio et vinum et ebrietas aufert cor	Fornicatio, et vinum, et ebrietas auferunt cor.		Whoredom and wine and new wine take away the heart.
Hos	4	12	עַמִּי בְּעֵצוֹ יִשְׁאָל וּמַקְלוֹ יַגִּיד לוֹ כִּי רוּחַ זְנוּנִים הִתְעָה וַיִּזְנוּ מִתַּחַת אֱלֹהֵיהֶם ׃	ἐν συμβόλοις ἐπηρώτων, καὶ ἐν ῥάβδοις αὐτοῦ ἀπήγγελλον αὐτῷ· πνεύματι πορνείας ἐπλανήθησαν καὶ ἐξεπόρνευσαν ἀπὸ τοῦ θεοῦ αὐτῶν.	populus meus in ligno suo interrogavit et baculus eius adnuntiavit ei spiritus enim fornicationum decepit eos et fornicati sunt a Deo suo	Populus meus in ligno suo interrogavit, et baculus ejus annuntiavit ei; spiritus enim fornicationum decepit eos, et fornicati sunt a Deo suo.		My people ask counsel at their stocks, and their staff declareth unto them: for the spirit of whoredoms hath caused them to err, and they have gone a whoring from under their God.
Hos	4	13	עַל־רָאשֵׁי הֶהָרִים יְזַבֵּחוּ וְעַל־הַגְּבָעוֹת יְקַטֵּרוּ תַּחַת אַלּוֹן וְלִבְנֶה וְאֵלָה כִּי טוֹב צִלָּהּ עַל־כֵּן תִּזְנֶינָה בְּנוֹתֵיכֶם וְכַלּוֹתֵיכֶם תְּנָאַפְנָה ׃	ἐπὶ τὰς κορυφὰς τῶν ὀρέων ἐθυσίαζον, καὶ ἐπὶ τοὺς βουνοὺς ἔθυον ὑποκάτω δρυὸς καὶ λεύκης καὶ δένδρου συσκιάζοντος, ὅτι καλὸν σκέπη. διὰ τοῦτο ἐκπορνεύσουσιν αἱ θυγατέρες ὑμῶν, καὶ αἱ νύμφαι ὑμῶν μοιχεύσουσιν·	super capita montium sacrificabant et super colles accendebant thymiama subtus quercum et populum et terebinthum quia bona erat umbra eius ideo fornicabuntur filiae vestrae et sponsae vestrae adulterae erunt	Super capita montium sacrificabant, et super colles ascendebant thymiama; subtus quercum, et populum, et terebinthum, quia bona erat umbra ejus; ideo fornicabuntur fili vestr, et spons vestr adulter erunt.		They sacrifice upon the tops of the mountains, and burn incense upon the hills, under oaks and poplars and elms, because the shadow thereof is good: therefore your daughters shall commit whoredom, and your spouses shall commit adultery.
Hos	4	14	לֹא־אֶפְקוֹד עַל־בְּנוֹתֵיכֶם כִּי תִזְנֶינָה וְעַל־כַּלּוֹתֵיכֶם כִּי תְנָאַפְנָה כִּי־הֵם עִם־הַזֹּנוֹת יְפָרֵדוּ וְעִם־הַקְּדֵשׁוֹת יְזַבֵּחוּ וְעָם לֹא־יָבִין יִלָּבֵט ׃	καὶ οὐ μὴ ἐπισκέψωμαι ἐπὶ τὰς θυγατέρας ὑμῶν ὅταν πορνεύωσιν, καὶ ἐπὶ τὰς νύμφας ὑμῶν ὅταν μοιχεύωσιν· ὅτι αὐτοὶ μετὰ τῶν πορνῶν συνεφύροντο, καὶ μετὰ τῶν τετελεσμένων ἔθυον, καὶ ὁ λαὸς ὁ συνίων συνεπλέκετο μετὰ πόρνης.	non visitabo super filias vestras cum fuerint fornicatae et super sponsas vestras cum adulteraverint quoniam ipsi cum meretricibus versabantur et cum effeminatis sacrificabant et populus non intellegens vapulabit	Non visitabo super filias vestras cum fuerint fornicat, et super sponsas vestras cum adulteraverint, quoniam ipsi cum meretricibus conversabantur, et cum effeminatis sacrificabant; et populus non intelligens vapulabit.		I will not punish your daughters when they commit whoredom, nor your spouses when they commit adultery: for themselves are separated with whores, and they sacrifice with harlots: therefore the people that doth not understand shall fall.
Hos	4	15	אִם־זֹנֶה אַתָּה יִשְׂרָאֵל אַל־יֶאְשַׁם יְהוּדָה וְאַל־תָּבֹאוּ הַגִּלְגָּל וְאַל־תַּעֲלוּ בֵּית אָוֶן וְאַל־תִּשָּׁבְעוּ חַי־יְהוָה ׃	σὺ δέ, Ἰσραήλ, μὴ ἀγνόει, καὶ Ἰούδα, μὴ εἰσπορεύεσθε εἰς Γάλγαλα, καὶ μὴ ἀναβαίνετε εἰς τὸν οἶκον Ὤν, καὶ μὴ ὀμνύετε ζῶντα Κύριον.	si fornicaris tu Israhel non delinquat saltim Iuda et nolite ingredi in Galgala et ne ascenderitis in Bethaven neque iuraveritis vivit Dominus	Si fornicaris tu, Isral, non delinquat saltem Juda; et nolite ingredi in Galgala, et ne ascenderitis in Bethaven, neque juraveritis: Vivit Dominus!		Though thou, Israel, play the harlot, yet let not Judah offend; and come not ye unto Gilgal, neither go ye up to Bethaven, nor swear, The Lord liveth.
Hos	4	16	כִּי כְּפָרָה סֹרֵרָה סָרַר יִשְׂרָאֵל עַתָּה יִרְעֵם יְהוָה כְּכֶבֶשׂ בַּמֶּרְחָב ׃	διότι ὡς δάμαλις παροιστρῶσα παροίστρησεν Ἰσραήλ· νῦν νεμήσει αὐτοὺς Κύριος ὡς ἀμνὸν ἐν εὐρυχώρῳ.	quoniam sicut vacca lasciviens declinavit Israhel nunc pascet eos Dominus quasi agnum in latitudine	Quoniam sicut vacca lasciviens declinavit Isral; nunc pascet eos Dominus, quasi agnum in latitudine.		For Israel slideth back as a backsliding heifer: now the Lord will feed them as a lamb in a large place.
Hos	4	17	חֲבוּר עֲצַבִּים אֶפְרָיִם הַנַּח־לוֹ ׃	μέτοχος εἰδώλων Ἐφράιμ ἔθηκεν ἑαυτῷ σκάνδαλα,	particeps idolorum Ephraim dimitte eum	Particeps idolorum Ephraim: dimitte eum.		Ephraim is joined to idols: let him alone.
Hos	4	18	סָר סָבְאָם הַזְנֵה הִזְנוּ אָהֲבוּ הֵבוּ קָלוֹן מָגִנֶּיהָ ׃	ᾑρέτισεν Χαναναίους· πορνεύοντες ἐξεπόρνευσαν, ἠγάπησαν ἀτιμίαν ἐκ φρυάγματος αὐτῆς.	separatum est convivium eorum fornicatione fornicati sunt dilexerunt adferre ignominiam protectores eius	Separatum est convivium eorum; fornicatione fornicati sunt: dilexerunt afferre ignominiam protectores ejus.		Their drink is sour: they have committed whoredom continually: her rulers with shame do love, Give ye.
Hos	4	19	צָרַר רוּחַ אוֹתָהּ בִּכְנָפֶיהָ וְיֵבֹשׁוּ מִזִּבְחוֹתָם ׃ ס	συστροφὴ πνεύματος σὺ εἶ ἐν ταῖς πτέρυξιν αὐτῆς, καὶ καταισχυνθήσονται ἐκ τῶν θυσιαστηρίων αὐτῶν.	ligavit spiritus eam in alis suis et confundentur a sacrificiis suis	Ligavit eum spiritus in alis suis, et confundentur a sacrificiis suis.]		The wind hath bound her up in her wings, and they shall be ashamed because of their sacrifices.
Hos	5	1	שִׁמְעוּ־זֹאת הַכֹּהֲנִים וְהַקְשִׁיבוּ בֵּית יִשְׂרָאֵל וּבֵית הַמֶּלֶךְ הַאֲזִינוּ כִּי לָכֶם הַמִּשְׁפָּט כִּי־פַח הֱיִיתֶם לְמִצְפָּה וְרֶשֶׁת פְּרוּשָׂה עַל־תָּבוֹר ׃	Ἀκούσατε ταῦτα, οἱ ἱερεῖς, καὶ προσέχετε, οἶκος Ἰσραήλ, καὶ ὁ οἶκος τοῦ βασιλέως, ἐνωτίζεσθε, διότι πρὸς ὑμᾶς ἐστιν τὸ κρίμα· ὅτι παγὶς ἐγενήθητε τῇ σκοπιᾷ, καὶ ὡς δίκτυον ἐκτεταμένον ἐπὶ τὸ Ἰταβύριον,	audite hoc sacerdotes et adtendite domus Israhel et domus regis auscultate quia vobis iudicium est quoniam laqueus facti estis speculationi et rete expansum super Thabor	[Audite hoc, sacerdotes, et attendite, domus Isral, et domus regis, auscultate: quia vobis judicium est, quoniam laqueus facti estis speculationi, et rete expansum super Thabor.		Hear ye this, O priests; and hearken, ye house of Israel; and give ye ear, O house of the king; for judgment is toward you, because ye have been a snare on Mizpah, and a net spread upon Tabor.
Hos	5	2	וְשַׁחֲטָה שֵׂטִים הֶעְמִיקוּ וַאֲנִי מוּסָר לְכֻלָּם ׃	ὃ οἱ ἀγρεύοντες τὴν θήραν κατέπηξαν. ἐγὼ δὲ παιδευτὴς ὑμῶν·	et victimas declinastis in profundum et ego eruditor omnium eorum	Et victimas declinastis in profundum; et ego eruditor omnium eorum.		And the revolters are profound to make slaughter, though I have been a rebuker of them all.
Hos	5	3	אֲנִי יָדַעְתִּי אֶפְרַיִם וְיִשְׂרָאֵל לֹא־נִכְחַד מִמֶּנִּי כִּי עַתָּה הִזְנֵיתָ אֶפְרַיִם נִטְמָא יִשְׂרָאֵל ׃	ἐγὼ ἔγνων τὸν Ἐφράιμ, καὶ Ἰσραὴλ οὐκ ἄπεστιν ἀπʼ ἐμοῦ. διότι νῦν ἐξεπόρνευσεν Ἐφράιμ, ἐμιάνθη Ἰσραήλ.	ego scio Ephraim et Israhel non est absconditus a me quia nunc fornicatus est Ephraim contaminatus est Israhel	Ego scio Ephraim, et Isral non est absconditus a me: quia nunc fornicatus est Ephraim; contaminatus est Isral.		I know Ephraim, and Israel is not hid from me: for now, O Ephraim, thou committest whoredom, and Israel is defiled.
Hos	5	4	לֹא יִתְּנוּ מַעַלְלֵיהֶם לָשׁוּב אֶל־אֱלֹהֵיהֶם כִּי רוּחַ זְנוּנִים בְּקִרְבָּם וְאֶת־יְהוָה לֹא יָדָעוּ ׃	οὐκ ἔδωκαν τὰ διαβούλια αὐτῶν τοῦ ἐπιστρέψαι πρὸς τὸν θεὸν αὐτῶν, ὅτι πνεῖμα πορνίας ἐν αὐτοῖς ἐστίν, τὸν δὲ κύριον οὐκ ἐπέγνωσαν.	non dabunt cogitationes suas ut revertantur ad Dominum suum quia spiritus fornicationis in medio eorum et Dominum non cognoverunt	Non dabunt cogitationes suas ut revertantur ad Deum suum, quia spiritus fornicationum in medio eorum, et Dominum non cognoverunt.		They will not frame their doings to turn unto their God: for the spirit of whoredoms is in the midst of them, and they have not known the Lord.
Hos	5	5	וְעָנָה גְאוֹן־יִשְׂרָאֵל בְּפָנָיו וְיִשְׂרָאֵל וְאֶפְרַיִם יִכָּשְׁלוּ בַּעֲוֹנָם כָּשַׁל גַּם־יְהוּדָה עִמָּם ׃	καὶ ταπεινωθήσεται ἡ ὕβρις τοῦ Ἰσραὴλ εἰς πρόσωπον αὐτοῦ, καὶ Ἰσραὴλ καὶ Ἐφράιμ ἀσθενήσουσιν ἐν ταῖς ἀδικίαις αὐτῶν, καὶ ἀσθενήσει καὶ Ἰούδας μετʼ αὐτῶν.	et respondebit arrogantia Israhel in facie eius et Israhel et Ephraim ruent in iniquitate sua ruet etiam Iudas cum eis	Et respondebit arrogantia Isral in facie ejus, et Isral et Ephraim ruent in iniquitate sua: ruet etiam Judas cum eis.		And the pride of Israel doth testify to his face: therefore shall Israel and Ephraim fall in their iniquity: Judah also shall fall with them.
Hos	5	6	בְּצֹאנָם וּבִבְקָרָם יֵלְכוּ לְבַקֵּשׁ אֶת־יְהוָה וְלֹא יִמְצָאוּ חָלַץ מֵהֶם ׃	μετὰ προβάτων καὶ μόσχων πορεύσονται τοῦ ἐκζητῆσαι τὸν κύριον, καὶ οὐ μὴ εὕρωσιν αὐτόν, ὅτι ἐκκέκλικεν ἀπʼ αὐτῶν·	in gregibus suis et in armentis suis vadent ad quaerendum Dominum et non invenient ablatus est ab eis	In gregibus suis et in armentis suis vadent ad qurendum Dominum, et non invenient: ablatus est ab eis.		They shall go with their flocks and with their herds to seek the Lord; but they shall not find him; he hath withdrawn himself from them.
Hos	5	7	בַּיהוָה בָּגָדוּ כִּי־בָנִים זָרִים יָלָדוּ עַתָּה יֹאכְלֵם חֹדֶשׁ אֶת־חֶלְקֵיהֶם ׃ ס	ὅτι τὸν κύριον ἐνκατέλιπον, ὅτι τέκνα ἀλλότρια ἐγεννήθησαν αὐτοῖς· νῦν καταφάγεται αὐτοὺς ἡ ἐρυσίβη καὶ τοὺς κλήρους αὐτῶν.	in Domino praevaricati sunt quia filios alienos genuerunt nunc devorabit eos mensis cum partibus suis	In Dominum prvaricati sunt, quia filios alienos genuerunt: nunc devorabit eos mensis, cum partibus suis.		They have dealt treacherously against the Lord: for they have begotten strange children: now shall a month devour them with their portions.
Hos	5	8	תִּקְעוּ שׁוֹפָר בַּגִּבְעָה חֲצֹצְרָה בָּרָמָה הָרִיעוּ בֵּית אָוֶן אַחֲרֶיךָ בִּנְיָמִין ׃	Σαλπίσατε σάλπιγγι ἐπὶ τοὺς βουνούς, ἠχήσατε ἐπὶ τῶν ὑψηλῶν, κηρύξατε ἐν τῷ οἴκῳ Ὡν, ἐξέστη Βενιαμείν,	clangite bucina in Gabaa tuba in Rama ululate in Bethaven post tergum tuum Beniamin	Clangite buccina in Gabaa, tuba in Rama; ululate in Bethaven, post tergum tuum, Benjamin.		Blow ye the cornet in Gibeah, and the trumpet in Ramah: cry aloud at Bethaven, after thee, O Benjamin.
Hos	5	9	אֶפְרַיִם לְשַׁמָּה תִהְיֶה בְּיוֹם תּוֹכֵחָה בְּשִׁבְטֵי יִשְׂרָאֵל הוֹדַעְתִּי נֶאֱמָנָה ׃	Ἐφράιμ εἰς ἀφανισμὸν ἐγένετο ἐν ἡμέραις ἐλέγχου. ἐν ταῖς φυλαῖς τοῦ Ἰσραὴλ ἔδειξα πιστά·	Ephraim in desolatione erit in die correptionis in tribubus Israhel ostendi fidem	Ephraim in desolatione erit in die correptionis; in tribubus Isral ostendi fidem.		Ephraim shall be desolate in the day of rebuke: among the tribes of Israel have I made known that which shall surely be.
Hos	5	10	הָיוּ שָׂרֵי יְהוּדָה כְּמַסִּיגֵי גְּבוּל עֲלֵיהֶם אֶשְׁפּוֹךְ כַּמַּיִם עֶבְרָתִי ׃	ἐγένοντο οἱ ἄρχοντες Ἰούδα ὡς μετατιθέντες ὅρια, ἐπ᾿ αὐτοὺς ἐκχεῶ ὡς ὕδωρ τὸ ὅρμημά μου.	facti sunt principes Iuda quasi adsumentes terminum super eos effundam quasi aquam iram meam	Facti sunt principes Juda quasi assumentes terminum; super eos effundam quasi aquam iram meam.		The princes of Judah were like them that remove the bound: therefore I will pour out my wrath upon them like water.
Hos	5	11	עָשׁוּק אֶפְרַיִם רְצוּץ מִשְׁפָּט כִּי הוֹאִיל הָלַךְ אַחֲרֵי־צָו ׃	κατεδυνάστευσεν Ἐφράιμ τὸν ἀντίδικον αὐτοῦ, κατεπάτησεν τὸ κρίμα, ὅτι ἤρξατο πορεύεσθαι ὀπίσω τῶν ματαίων.	calumniam patiens Ephraim fractus iudicio quoniam coepit abire post sordem	Calumniam patiens est Ephraim, fractus judicio, quoniam cpit abire post sordes.		Ephraim is oppressed and broken in judgment, because he willingly walked after the commandment.
Hos	5	12	וַאֲנִי כָעָשׁ לְאֶפְרָיִם וְכָרָקָב לְבֵית יְהוּדָה ׃	καὶ ἐγὼ ὡς ταραχὴ τῷ Ἐφράιμ. καὶ ὡς κέντρον τῷ οἴκῳ Ἰούδα.	et ego quasi tinea Ephraim et quasi putredo domui Iuda	Et ego quasi tinea Ephraim, et quasi putredo domui Juda.		Therefore will I be unto Ephraim as a moth, and to the house of Judah as rottenness.
Hos	5	13	וַיַּרְא אֶפְרַיִם אֶת־חָלְיוֹ וִיהוּדָה אֶת־מְזֹרוֹ וַיֵּלֶךְ אֶפְרַיִם אֶל־אַשּׁוּר וַיִּשְׁלַח אֶל־מֶלֶךְ יָרֵב וְהוּא לֹא יוּכַל לִרְפֹּא לָכֶם וְלֹא־יִגְהֶה מִכֶּם מָזוֹר ׃	καὶ εἶδεν Ἐφράιμ τὴν νόσον αὐτοῦ, καὶ Ἰούδας τὴν ὀδύνην αὐτοῦ· καὶ ἐπορεύθη Ἐφράιμ πρὸς Ἀσσυρίους καὶ ἀπέστειλεν πρέσβεις πρὸς βασιλέα Ἰαρείμ· καὶ οὗτος οὐκ ἠδυνάσθη ἰάσασθαι ὑμᾶς, καὶ οὐ μὴ διαπαύσῃ ἐξ ὑμῶν ὀδύνη.	et vidit Ephraim languorem suum et Iudas vinculum suum et abiit Ephraim ad Assur et misit ad regem ultorem et ipse non poterit sanare vos nec solvere poterit a vobis vinculum	Et vidit Ephraim languorem suum, et Juda vinculum suum; et abiit Ephraim ad Assur, et misit ad regem ultorem: et ipse non poterit sanare vos, nec solvere poterit a vobis vinculum.		When Ephraim saw his sickness, and Judah saw his wound, then went Ephraim to the Assyrian, and sent to king Jareb: yet could he not heal you, nor cure you of your wound.
Hos	5	14	כִּי אָנֹכִי כַשַּׁחַל לְאֶפְרַיִם וְכַכְּפִיר לְבֵית יְהוּדָה אֲנִי אֲנִי אֶטְרֹף וְאֵלֵךְ אֶשָּׂא וְאֵין מַצִּיל ׃	διότι ἐγώ εἰμι ὡς πανθὴρ τῷ Ἐφράιμ, καὶ ὡς λέων τῷ οἴκῳ Ἰούδα· καὶ ἐγῶ ἁρπῶμαι καὶ πορεύσομαι καὶ λήμψομαι, καὶ οὐκ ἔσται ὁ ἐξαιρούμενος.	quoniam ego quasi leaena Ephraim et quasi catulus leonis domui Iuda ego ego capiam et vadam tollam et non est qui eruat	Quoniam ego quasi lena Ephraim, et quasi catulus leonis domui Juda. Ego, ego capiam, et vadam; tollam, et non est qui eruat.		For I will be unto Ephraim as a lion, and as a young lion to the house of Judah: I, even I, will tear and go away; I will take away, and none shall rescue him.
Hos	5	15	אֵלֵךְ אָשׁוּבָה אֶל־מְקוֹמִי עַד אֲשֶׁר־יֶאְשְׁמוּ וּבִקְשׁוּ פָנָי בַּצַּר לָהֶם יְשַׁחֲרֻנְנִי ׃	πορεύσομαι καὶ ἐπιστρέψω εἰς τὸν τόπον μου, ἕως οὗ ἀφανισθῶσιν καὶ ζητήσουσιν τὸ πρόσωπόν μου.	vadens revertar ad locum meum donec deficiatis et quaeratis faciem meam	Vadens revertar ad locum meum, donec deficiatis, et quratis faciem meam.]		I will go and return to my place, till they acknowledge their offence, and seek my face: in their affliction they will seek me early.
Hos	6	1	לְכוּ וְנָשׁוּבָה אֶל־יְהוָה כִּי הוּא טָרָף וְיִרְפָּאֵנוּ יַךְ וְיַחְבְּשֵׁנוּ ׃	Ἐν θλίψει αὐτῶν ὀρθριοῦσι πρὸς μέ λέγοντες Πορευθῶμεν καὶ ἐπιστρέψωμεν πρὸς Κύριον τὸν θεὸν ἡμῶν, ὅτι αὐτὸς ἥρπακεν καὶ ἰάσεται ἡμᾶς, πατάξει καὶ μοτώσει ἡμᾶς,	in tribulatione sua mane consurgunt ad me venite et revertamur ad Dominum	[In tribulatione sua mane consurgent ad me: Venite, et revertamur ad Dominum,		Come, and let us return unto the Lord: for he hath torn, and he will heal us; he hath smitten, and he will bind us up.
Hos	6	2	יְחַיֵּנוּ מִיֹּמָיִם בַּיּוֹם הַשְּׁלִישִׁי יְקִמֵנוּ וְנִחְיֶה לְפָנָיו ׃	ὑγιάσει ἡμᾶς μετὰ δύο ἡμέρας· ἐν τῇ ἡμέρᾳ τῇ τρίτῃ καὶ ἀναστησόμεθα, καὶ ζησόμεθα ἐνώπιον αὐτοῦ,	quia ipse cepit et sanabit nos percutiet et curabit nos	quia ipse cepit, et sanabit nos; percutiet, et curabit nos.		After two days will he revive us: in the third day he will raise us up, and we shall live in his sight.
Hos	6	3	וְנֵדְעָה נִרְדְּפָה לָדַעַת אֶת־יְהוָה כְּשַׁחַר נָכוֹן מוֹצָאוֹ וְיָבוֹא כַגֶּשֶׁם לָנוּ כְּמַלְקוֹשׁ יוֹרֶה אָרֶץ ׃	καὶ γνωσόμεθα· διώξομεν τοῦ γνῶναι τὸν κύριον, ὡς ὄρθρον ἕτοιμον εὑρήσομεν αὐτόν, καὶ ἤξει ὡς ὑετὸς ἡμῖν πρόιμος καὶ ὄψιμος γῇ.	vivificabit nos post duos dies in die tertia suscitabit nos et vivemus in conspectu eius sciemus sequemurque ut cognoscamus Dominum quasi diluculum praeparatus est egressus eius et veniet quasi imber nobis temporaneus et serotinus terrae	Vivificabit nos post duos dies; in die tertia suscitabit nos, et vivemus in conspectu ejus. Sciemus, sequemurque ut cognoscamus Dominum: quasi diluculum prparatus est egressus ejus, et veniet quasi imber nobis temporaneus et serotinus terr.		Then shall we know, if we follow on to know the Lord: his going forth is prepared as the morning; and he shall come unto us as the rain, as the latter and former rain unto the earth.
Hos	6	4	מָה אֶעֱשֶׂה־לְּךָ אֶפְרַיִם מָה אֶעֱשֶׂה־לְּךָ יְהוּדָה וְחַסְדְּכֶם כַּעֲנַן־בֹּקֶר וְכַטַּל מַשְׁכִּים הֹלֵךְ ׃	Τί σοι ποιήσω, Ἐφράιμ; τί σοι ποιήσω, Ἰούδα; τὸ δὲ ἔλεος ὑμῶν ὡς νεφέλη πρωινὴ καὶ ὡς δρόσος ὀρθρινὴ πορευομένη.	quid faciam tibi Ephraim quid faciam tibi Iuda misericordia vestra quasi nubes matutina et quasi ros mane pertransiens	Quid faciam tibi, Ephraim? quid faciam tibi, Juda? misericordia vestra quasi nubes matutina, et quasi ros mane pertransiens.		O Ephraim, what shall I do unto thee? O Judah, what shall I do unto thee? for your goodness is as a morning cloud, and as the early dew it goeth away.
Hos	6	5	עַל־כֵּן חָצַבְתִּי בַּנְּבִיאִים הֲרַגְתִּים בְּאִמְרֵי־פִי וּמִשְׁפָּטֶיךָ אוֹר יֵצֵא ׃	διὰ τοῦτο ἀπεθέρισα τοὺς προφήτας ὑμῶν, ἀπέκτεινα αὐτοὺς ἐν ῥήματι στόματός μου, καὶ τὸ κρίμα μου ὡς φῶς ἐξελεύσεται.	propter hoc dolavi in prophetis occidi eos in verbis oris mei et iudicia tua quasi lux egredientur	Propter hoc dolavi in prophetis; occidi eos in verbis oris mei: et judicia tua quasi lux egredientur.		Therefore have I hewed them by the prophets; I have slain them by the words of my mouth: and thy judgments are as the light that goeth forth.
Hos	6	6	כִּי חֶסֶד חָפַצְתִּי וְלֹא־זָבַח וְדַעַת אֱלֹהִים מֵעֹלוֹת ׃	διότι ἔλεος θέλω ἡ θυσίαν, καὶ ἐπίγνωσιν θεοῦ ἢ ὁλοκαυτώματα.	quia misericordiam volui et non sacrificium et scientiam Dei plus quam holocausta	Quia misericordiam volui, et non sacrificium; et scientiam Dei plus quam holocausta.		For I desired mercy, and not sacrifice; and the knowledge of God more than burnt offerings.
Hos	6	7	וְהֵמָּה כְּאָדָם עָבְרוּ בְרִית שָׁם בָּגְדוּ בִי ׃	αὐτοὶ δέ εἰσιν ὡς ἄνθρωπος παραβαίνων διαθήκην· ἐκεῖ κατεφρόνησέν μου	ipsi autem sicut Adam transgressi sunt pactum ibi praevaricati sunt in me	Ipsi autem sicut Adam transgressi sunt pactum: ibi prvaricati sunt in me.		But they like men have transgressed the covenant: there have they dealt treacherously against me.
Hos	6	8	גִּלְעָד קִרְיַת פֹּעֲלֵי אָוֶן עֲקֻבָּה מִדָּם ׃	Γαλαάδ, πόλις ἐργαζομένη μάταια, ταράσσουσα ὕδωρ,	Galaad civitas operantium idolum subplantata sanguine	Galaad civitas operantium idolum, supplantata sanguine.		Gilead is a city of them that work iniquity, and is polluted with blood.
Hos	6	9	וּכְחַכֵּי אִישׁ גְּדוּדִים חֶבֶר כֹּהֲנִים דֶּרֶךְ יְרַצְּחוּ־שֶׁכְמָה כִּי זִמָּה עָשׂוּ ׃	καὶ ἡ ἰσχύς σου ἀνδρὸς πειρατοῦ· ἔκρυψαν ἱερεῖς ὁδόν, ἐφόνευσαν Σίκιμα, ὅτι ἀνομίαν ἐποίησαν	et quasi fauces virorum latronum particeps sacerdotum in via interficientium pergentes de Sychem quia scelus operati sunt	Et quasi fauces virorum latronum, particeps sacerdotum, in via interficientium pergentes de Sichem: quia scelus operati sunt.		And as troops of robbers wait for a man, so the company of priests murder in the way by consent: for they commit lewdness.
Hos	6	10	בְּבֵית יִשְׂרָאֵל רָאִיתִי שַׁעֲרִירִיָּה שָׁם זְנוּת לְאֶפְרַיִם נִטְמָא יִשְׂרָאֵל ׃	ἐν τῷ οἴκῳ τοῦ Ἰσραήλ· εἶδον φρικώδη ἐκεῖ, πορνείαν τοῦ Ἐφράιμ· ἐμιάνθη Ἰσραὴλ καὶ Ἰούδα.	in domo Israhel vidi horrendum ibi fornicationes Ephraim contaminatus est Israhel	In domo Isral vidi horrendum: ibi fornicationes Ephraim, contaminatus est Isral.		I have seen an horrible thing in the house of Israel: there is the whoredom of Ephraim, Israel is defiled.
Hos	6	11	גַּם־יְהוּדָה שָׁת קָצִיר לָךְ בְּשׁוּבִי שְׁבוּת עַמִּי ׃ פ	Ἄρχου τρυγᾷν σεαυτῷ ἐν τῷ ἐπιστρέφειν με τὴν αἰχμαλωσίαν τοῦ λαοῦ μου,	sed et Iuda pone messem tibi cum convertero captivitatem populi mei	Sed et Juda, pone messem tibi, cum convertero captivitatem populi mei.]		Also, O Judah, he hath set an harvest for thee, when I returned the captivity of my people.
Hos	7	1	כְּרָפְאִי לְיִשְׂרָאֵל וְנִגְלָה עֲוֹן אֶפְרַיִם וְרָעוֹת שֹׁמְרוֹן כִּי פָעֲלוּ שָׁקֶר וְגַנָּב יָבוֹא פָּשַׁט גְּדוּד בַּחוּץ ׃	ἐν τῷ ἰάσασθαί με τὸν Ἰσραήλ. καὶ ἀποκαλυφθήσεται ἡ ἀδικία Ἐφράιμ καὶ ἡ κακία Σαμαρείας, ὅτι ἠργάσαντο ψευδῆ· καὶ κλέπτης πρὸς αὐτὸν εἰσελεύσεται, ἐκδιδύσκων λῃστὴς ἐν τῇ ὁδῷ αὐτοῦ,	cum sanare vellem Israhel revelata est iniquitas Ephraim et malitia Samariae quia operati sunt mendacium et fur ingressus est spolians latrunculus foris	[Cum sanare vellem Isral, revelata est iniquitas Ephraim, et malitia Samari, quia operati sunt mendacium; et fur ingressus est spolians, latrunculus foris.		When I would have healed Israel, then the iniquity of Ephraim was discovered, and the wickedness of Samaria: for they commit falsehood; and the thief cometh in, and the troop of robbers spoileth without.
Hos	7	2	וּבַל־יֹאמְרוּ לִלְבָבָם כָּל־רָעָתָם זָכָרְתִּי עַתָּה סְבָבוּם מַעַלְלֵיהֶם נֶגֶד פָּנַי הָיוּ ׃	ὅπως συνᾴδωσιν ὡς ᾄδοντες τῇ καρδίᾳ αὐτῶυ. πάσας τὰς κακίας αὐτῶν ἐμνήσθην· νῦν ἐκύκλωσαν αὐτοὺς τὰ διαβούλια αὐτῶν, ἀπέναντι τοῦ προσώπου μου ἐγένοντο.	et ne forte dicant in cordibus suis omnem malitiam eorum me recordatum nunc circumdederunt eos adinventiones suae coram facie mea factae sunt	Et ne forte dicant in cordibus suis, omnem malitiam eorum me recordatum, nunc circumdederunt eos adinventiones su: coram facie mea fact sunt.		And they consider not in their hearts that I remember all their wickedness: now their own doings have beset them about; they are before my face.
Hos	7	3	בְּרָעָתָם יְשַׂמְּחוּ־מֶלֶךְ וּבְכַחֲשֵׁיהֶם שָׂרִים ׃	ἐν ταῖς κακίαις αὐτῶυ εὔφραναν βασιλεῖς, καὶ ἐν τοῖς ψεύδεσιν αὐτῶν ἄρχοντας·	in malitia sua laetificaverunt regem et in mendaciis suis principes	In malitia sua ltificaverunt regem, et in mendaciis suis principes.		They make the king glad with their wickedness, and the princes with their lies.
Hos	7	4	כֻּלָּם מְנָאֲפִים כְּמוֹ תַנּוּר בֹּעֵרָה מֵאֹפֶה יִשְׁבּוֹת מֵעִיר מִלּוּשׁ בָּצֵק עַד־חֻמְצָתוֹ ׃	πάντες μοιχεύοντες, ὡς κλίβανος καιόμενος εἰς πέψιν κατακαύματος ἀπὸ τῆς φλογός, ἀπὸ φυράσεως στέατος, ἕως τοῦ ζυμωθῆναι αὐτό.	omnes adulterantes quasi clibanus succensus a coquente quievit paululum civitas a commixtione fermenti donec fermentaretur totum	Omnes adulterantes, quasi clibanus succensus a coquente; quievit paululum civitas a commistione fermenti, donec fermentaretur totum.		They are all adulterers, as an oven heated by the baker, who ceaseth from raising after he hath kneaded the dough, until it be leavened.
Hos	7	5	יוֹם מַלְכֵּנוּ הֶחֱלוּ שָׂרִים חֲמַת מִיָּיִן מָשַׁךְ יָדוֹ אֶת־לֹצְצִים ׃	ἡμέραι τῶυ βασιλέων ὑμῶν, ἤρξαντο οἱ ἄρχοντες θυμοῦσθαι ἐξ οἴνου, ἐξέτεινεν τὴν χεῖρα αὐτοῦ μετὰ λοιμῶν·	dies regis nostri coeperunt principes furere a vino extendit manum suam cum inlusoribus	Dies regis nostri: cperunt principes furere a vino; extendit manum suam cum illusoribus.		In the day of our king the princes have made him sick with bottles of wine; he stretched out his hand with scorners.
Hos	7	6	כִּי־קֵרְבוּ כַתַּנּוּר לִבָּם בְּאָרְבָּם כָּל־הַלַּיְלָה יָשֵׁן אֹפֵהֶם בֹּקֶר הוּא בֹעֵר כְּאֵשׁ לֶהָבָה ׃	διότι ἀνεκαύθησαν ὡς κλίβανος αἱ καρδίαι αὐτῶν, ἐν τῷ καταράσσειν αὐτοὺς ὅλην τὴν νύκτα ὕπνου Ἐφράιμ ἐνεπλήσθηπρωὶ ἐνεγενήθη, ἀνεκαύθη ὡς πυρὸς φέγγος.	quia adplicuerunt quasi clibanum cor suum cum insidiaretur eis tota nocte dormivit coquens eos mane ipse succensus quasi ignis flammae	Quia applicuerunt quasi clibanum cor suum, cum insidiaretur eis; tota nocte dormivit coquens eos: mane ipse succensus quasi ignis flamm.		For they have made ready their heart like an oven, whiles they lie in wait: their baker sleepeth all the night; in the morning it burneth as a flaming fire.
Hos	7	7	כֻּלָּם יֵחַמּוּ כַּתַּנּוּר וְאָכְלוּ אֶת־שֹׁפְטֵיהֶם כָּל־מַלְכֵיהֶם נָפָלוּ אֵין־קֹרֵא בָהֶם אֵלָי ׃	πάντες ἐθερμάνθησαν ὡς κλίβανος, καὶ κατέφαγον τοὺς κριτὰς αὐτῶν· πάντες οἱ βασιλεῖς αὐτῶν ἔπεσαν, οὐκ ἦν ὁ ἐπικαλούμενος ἐν αὐτοῖς πρὸς μέ.	omnes calefacti sunt quasi clibanus et devoraverunt iudices suos omnes reges eorum ceciderunt non est qui clamet in eis ad me	Omnes calefacti sunt quasi clibanus, et devoraverunt judices suos: omnes reges eorum ceciderunt; non est qui clamat in eis ad me.		They are all hot as an oven, and have devoured their judges; all their kings are fallen: there is none among them that calleth unto me.
Hos	7	8	אֶפְרַיִם בָּעַמִּים הוּא יִתְבּוֹלָל אֶפְרַיִם הָיָה עֻגָה בְּלִי הֲפוּכָה ׃	Ἐφράιμ ἐν τοῖς λαοῖς αὐτοῦ συνεμίγνυτο, Ἐφράιμ ἐγένετο ἐνκρυφίας οὐ μεταστρεφόμενος·	Ephraim in populis ipse commiscebatur Ephraim factus est subcinericius qui non reversatur	Ephraim in populis ipse commiscebatur; Ephraim factus est subcinericius panis, qui non reversatur.		Ephraim, he hath mixed himself among the people; Ephraim is a cake not turned.
Hos	7	9	אָכְלוּ זָרִים כֹּחוֹ וְהוּא לֹא יָדָע גַּם־שֵׂיבָה זָרְקָה בּוֹ וְהוּא לֹא יָדָע ׃	κατέφαγον ἀλλότριοι τὴν ἰσχὺν αὐτοῦ, αὐτὸς δὲ οὐκ ἔγνω, καὶ πολιαὶ ἐξήνθησαν αὐτῷ, καὶ αὐτὸς οὐκ ἔγνω.	comederunt alieni robur eius et ipse nescivit sed et cani effusi sunt in eo et ipse ignoravit	Comederunt alieni robur ejus, et ipse nescivit; sed et cani effusi sunt in eo, et ipse ignoravit.		Strangers have devoured his strength, and he knoweth it not: yea, gray hairs are here and there upon him, yet he knoweth not.
Hos	7	10	וְעָנָה גְאוֹן־יִשְׂרָאֵל בְּפָנָיו וְלֹא־שָׁבוּ אֶל־יְהוָה אֱלֹהֵיהֶם וְלֹא בִקְשֻׁהוּ בְּכָל־זֹאת ׃	καὶ ταπεινωθήσεται ἡ ὕβρις Ἰσραὴλ εἰς πρόσωπον αὐτοῦ, καὶ οὐκ ἐπέστρεψαν πρὸς Κύριον τὸν θεὸν αὐτῶν, καὶ οὐκ ἐξεζήτησαν αὐτὸν ἐν πᾶσι τούτοις.	et humiliabitur superbia Israhel in facie eius nec reversi sunt ad Dominum Deum suum et non quaesierunt eum in omnibus his	Et humiliabitur superbia Isral in facie ejus; nec reversi sunt ad Dominum Deum suum, et non qusierunt eum in omnibus his.		And the pride of Israel testifieth to his face: and they do not return to the Lord their God, nor seek him for all this.
Hos	7	11	וַיְהִי אֶפְרַיִם כְּיוֹנָה פוֹתָה אֵין לֵב מִצְרַיִם קָרָאוּ אַשּׁוּר הָלָכוּ ׃	καὶ ἦν Ἐφράιμ ὡς περιστερὰ ἄνους, οὐκ ἔχουσα καρδίαν· Αἵγυπτον ἐπεκαλεῖτο, καὶ εἰς Ἀσσυρίους ἐπορεύθησαν.	et factus est Ephraim quasi columba seducta non habens cor Aegyptum invocabant ad Assyrios abierunt	Et factus est Ephraim quasi columba seducta non habens cor. gyptum invocabant; ad Assyrios abierunt.		Ephraim also is like a silly dove without heart: they call to Egypt, they go to Assyria.
Hos	7	12	כַּאֲשֶׁר יֵלֵכוּ אֶפְרוֹשׂ עֲלֵיהֶם רִשְׁתִּי כְּעוֹף הַשָּׁמַיִם אוֹרִידֵם אַיְסִרֵם כְּשֵׁמַע לַעֲדָתָם ׃ ס	καθὼς ἂν πορεύωνται ἐπιβαλῶ ἐπʼ αὐτοὺς τὸ δίκτυόν μου, καθὼς τά πετεινά τοῦ οὐρανοῦ κατάξω αὐτούς, παιδεύσω αὐτοὺς ἐν τῇ ἀκοῇ τῆς θλίψεως αὐτῶν.	et cum profecti fuerint expandam super eos rete meum quasi volucrem caeli detraham eos caedam eos secundum auditionem coetus eorum	Et cum profecti fuerint, expandam super eos rete meum: quasi volucrem cli detraham eos; cdam eos secundum auditionem ctus eorum.		When they shall go, I will spread my net upon them; I will bring them down as the fowls of the heaven; I will chastise them, as their congregation hath heard.
Hos	7	13	אוֹי לָהֶם כִּי־נָדְדוּ מִמֶּנִּי שֹׁד לָהֶם כִּי־פָשְׁעוּ בִי וְאָנֹכִי אֶפְדֵּם וְהֵמָּה דִּבְּרוּ עָלַי כְּזָבִים ׃	οὐαὶ αὐτοῖς, ὅτι ἀπεπήδησαν ἀπʼ ἐμοῦ· δείλαιοί εἰσιν, ὅτι ἠσέβησαν εἰς ἐμέ· ἐγὼ δὲ ἐλυτρωσάμην αὐτούς, αὐτοὶ δὲ κατελάλησαν κατʼ ἐμοῦ ψευδῆ.	vae eis quoniam recesserunt a me vastabuntur quia praevaricati sunt in me et ego redemi eos et ipsi locuti sunt contra me mendacia	V eis, quoniam recesserunt a me! vastabuntur, quia prvaricati sunt in me, et ego redemi eos, et ipsi locuti sunt contra me mendacia.		Woe unto them! for they have fled from me: destruction unto them! because they have transgressed against me: though I have redeemed them, yet they have spoken lies against me.
Hos	7	14	וְלֹא־זָעֲקוּ אֵלַי בְּלִבָּם כִּי יְיֵלִילוּ עַל־מִשְׁכְּבוֹתָם עַל־דָּגָן וְתִירוֹשׁ יִתְגּוֹרָרוּ יָסוּרוּ בִי ׃	καὶ οὐκ ἐβόησαν πρὸς μέ αἱ καρδίαι αὐτῶν, ἀλλ᾿ ἡ ὠλόλυζον ἐν ταῖς κοίταις αὐτῶν· ἐπὶ σίτῳ καὶ οἴνῳ κατετέμνοντο.	et non clamaverunt ad me in corde suo sed ululabant in cubilibus suis super triticum et vinum ruminabant recesserunt a me	Et non clamaverunt ad me in corde suo, sed ululabant in cubilibus suis: super triticum et vinum ruminabant; recesserunt a me.		And they have not cried unto me with their heart, when they howled upon their beds: they assemble themselves for corn and wine, and they rebel against me.
Hos	7	15	וַאֲנִי יִסַּרְתִּי חִזַּקְתִּי זְרוֹעֹתָם וְאֵלַי יְחַשְּׁבוּ־רָע ׃	ἐπαιδεύθησαν ἐν ἐμοί, κἀγὼ κατίσχυσα τοὺς βραχίονας αὐτῶν, καὶ εἰς ἐμέ ἐλογίσαντο πονηρά.	et ego erudivi et confortavi brachia eorum et in me cogitaverunt malitiam	Et ego erudivi eos, et confortavi brachia eorum, et in me cogitaverunt malitiam.		Though I have bound and strengthened their arms, yet do they imagine mischief against me.
Hos	7	16	יָשׁוּבוּ לֹא עָל הָיוּ כְּקֶשֶׁת רְמִיָּה יִפְּלוּ בַחֶרֶב שָׂרֵיהֶם מִזַּעַם לְשׁוֹנָם זוֹ לַעְגָּם בְּאֶרֶץ מִצְרָיִם ׃	ἀπεστράφησαν εἰς οὐθέν, ἐγένοντο ὡς τόξον ἐντεταμένον· πεσοῦνται ἐν ῥομφαίᾳ οἱ ἄρχοντες αὐτῶν δι᾿ ἀπαιδευσίαν γλώσσης αὐτῶν· οὗτος ὁ φαυλισμὸς αὐτῶν ἐν γῇ Αἰγύπτῳ.	reversi sunt ut essent absque iugo facti sunt quasi arcus dolosus cadent in gladio principes eorum a furore linguae suae ista subsannatio eorum in terra Aegypti	Reversi sunt ut essent absque jugo; facti sunt quasi arcus dolosus: cadent in gladio principes eorum, a furore lingu su. Ista subsannatio eorum in terra gypti.]		They return, but not to the most High: they are like a deceitful bow: their princes shall fall by the sword for the rage of their tongue: this shall be their derision in the land of Egypt.
Hos	8	1	אֶל־חִכְּךָ שֹׁפָר כַּנֶּשֶׁר עַל־בֵּית יְהוָה יַעַן עָבְרוּ בְרִיתִי וְעַל־תּוֹרָתִי פָּשָׁעוּ ׃	Εἰς κόλπον αὐτῶν ὡς γῆ, ὡς ἀετὸς ἐπ᾿ οἶκον Κυρίου, ἀνθʼ ὧν παρέβησαν τὴν διαθήκην μου καὶ κατὰ τοῦ νόμου μου.	in gutture tuo sit tuba quasi aquila super domum Domini pro eo quod transgressi sunt foedus meum et legem meam praevaricati sunt	[In gutture tuo sit tuba quasi aquila super domum Domini, pro eo quod transgressi sunt fdus meum, et legem meam prvaricati sunt.		Set the trumpet to thy mouth. He shall come as an eagle against the house of the Lord, because they have transgressed my covenant, and trespassed against my law.
Hos	8	2	לִי יִזְעָקוּ אֱלֹהַי יְדַעֲנוּךָ יִשְׂרָאֵל ׃	ἐμέ κεκράξονται Ὁ θεός, ἐγνώκαμέν σε.	me invocabunt Deus meus cognovimus te Israhel	Me invocabunt: Deus meus, cognovimus te Isral.		Israel shall cry unto me, My God, we know thee.
Hos	8	3	זָנַח יִשְׂרָאֵל טוֹב אוֹיֵב יִרְדְּפוֹ ׃	ὅτι Ἰσραὴλ ἀπεστρέψατο ἀγαθά, ἐχθρὸν κατεδίωξαν·	proiecit Israhel bonum inimicus persequetur eum	Projecit Isral bonum: inimicus persequetur eum.		Israel hath cast off the thing that is good: the enemy shall pursue him.
Hos	8	4	הֵם הִמְלִיכוּ וְלֹא מִמֶּנִּי הֵשִׂירוּ וְלֹא יָדָעְתִּי כַּסְפָּם וּזְהָבָם עָשׂוּ לָהֶם עֲצַבִּים לְמַעַן יִכָּרֵת ׃	ἑαυτοῖς ἐβασίλευσαν καὶ οὐ δι᾿ ἐμοῦ, ἦρξαν καὶ οὐκ ἐγνώρισάν μοι, τὸ ἀργύριον αὐτῶν καὶ τὸ χρυσίον αὐτῶν ἐποίησαν ἑαυτοῖς εἴδωλα, ὅπως ἐξολοθρευθῶσιν.	ipsi regnaverunt et non ex me principes extiterunt et non cognovi argentum suum et aurum suum fecerunt sibi idola ut interirent	Ipsi regnaverunt, et non ex me; principes exstiterunt, et non cognovi: argentum suum et aurum suum fecerunt sibi idola, ut interirent.		They have set up kings, but not by me: they have made princes, and I knew it not: of their silver and their gold have they made them idols, that they may be cut off.
Hos	8	5	זָנַח עֶגְלֵךְ שֹׁמְרוֹן חָרָה אַפִּי בָּם עַד־מָתַי לֹא יוּכְלוּ נִקָּיֹן ׃	ἀπότριψαι τὸν μόσχον σου, Σαμάρεια· παροξύνθη ὁ θυμός μου ἐπʼ αὐτούς· ἕως τίνος οὐ μὴ δύνωνται καθαρισθῆναι	proiectus est vitulus tuus Samaria iratus est furor meus in eis usquequo non poterunt emundari	Projectus est vitulus tuus, Samaria; iratus est furor meus in eos. Usquequo non poterunt emundari?		Thy calf, O Samaria, hath cast thee off; mine anger is kindled against them: how long will it be ere they attain to innocency?
Hos	8	6	כִּי מִיִּשְׂרָאֵל וְהוּא חָרָשׁ עָשָׂהוּ וְלֹא אֱלֹהִים הוּא כִּי־שְׁבָבִים יִהְיֶה עֵגֶל שֹׁמְרוֹן ׃	ἐν τῷ Ἰσραήλ; καὶ αὐτὸ τέκτων ἐποίησεν καὶ οὐ θεός ἐστιν· διότι πλανῶν ἦν ὁ μόσχος σοιυ, Σαμάρεια.	quia ex Israhel et ipse est artifex fecit illum et non est Deus quoniam in aranearum telas erit vitulus Samariae	Quia ex Isral et ipse est: artifex fecit illum, et non est deus; quoniam in aranearum telas erit vitulus Samari.		For from Israel was it also: the workman made it; therefore it is not God: but the calf of Samaria shall be broken in pieces.
Hos	8	7	כִּי רוּחַ יִזְרָעוּ וְסוּפָתָה יִקְצֹרוּ קָמָה אֵין־לוֹ צֶמַח בְּלִי יַעֲשֶׂה־קֶּמַח אוּלַי יַעֲשֶׂה זָרִים יִבְלָעֻהוּ ׃	ὅτι ἀνεμόφθορα ἔσπειραν, καὶ ἡ καταστροφὴ αὐτῶν ἐκδέξεται αὐτά· δράγμα οὐκ ἔχον ἰσχὺν τοῦ ποιῆσαι ἄλευρον· ἐὰν δὲ καὶ ποιήσῃ, ἀλλότριοι καταφάγονται αὐτά.	quia ventum seminabunt et turbinem metent culmus stans non est in eis germen non faciet farinam quod si et fecerit alieni comedent eam	Quia ventum seminabunt, et turbinem metent: culmus stans non est in eo; germen non faciet farinam: quod etsi fecerit, alieni comedent eam.		For they have sown the wind, and they shall reap the whirlwind: it hath no stalk; the bud shall yield no meal: if so be it yield, the strangers shall swallow it up.
Hos	8	8	נִבְלַע יִשְׂרָאֵל עַתָּה הָיוּ בַגּוֹיִם כִּכְלִי אֵין־חֵפֶץ בּוֹ ׃	κατεπόθη Ἰσραήλ, νῦν ἐγένετο ἐν τοῖς ἔθνεσιν ὡς σκεῦος ἄχρηστον.	devoratus est Israhel nunc factus est in nationibus quasi vas inmundum	Devoratus est Isral; nunc factus est in nationibus quasi vas immundum.		Israel is swallowed up: now shall they be among the Gentiles as a vessel wherein is no pleasure.
Hos	8	9	כִּי־הֵמָּה עָלוּ אַשּׁוּר פֶּרֶא בּוֹדֵד לוֹ אֶפְרַיִם הִתְנוּ אֲהָבִים ׃	ὅτι αὐτοὶ ἀνέβησαν εἰς Ἀσσυρίους· ἀνέθαλεν καθʼ ἑαυτὸν Ἐφράιμ, δῶρα ἠγάπησαν,	quia ipsi ascenderunt ad Assur onager solitarius sibi Ephraim munera dederunt amatoribus	Quia ipsi ascenderunt ad Assur, onager solitarius sibi; Ephraim munera dederunt amatoribus.		For they are gone up to Assyria, a wild ass alone by himself: Ephraim hath hired lovers.
Hos	8	10	גַּם כִּי־יִתְנוּ בַגּוֹיִם עַתָּה אֲקַבְּצֵם וַיָּחֵלּוּ מְּעָט מִמַּשָּׂא מֶלֶךְ שָׂרִים ׃	διὸ τοῦτο παραδοθήσονται ἐν τοῖς ἔθνεσιν. νῦν εἰσδέξομαι αὐτούς, καὶ κοπάσουσιν μικρὸν τοί χρίειν βασιλέα καὶ ἄρχοντας.	sed et cum mercede conduxerint nationes nunc congregabo eos et quiescent paulisper ab onere regis et principum	Sed et cum mercede conduxerint nationes, nunc congregabo eos, et quiescent paulisper ab onere regis et principum.		Yea, though they have hired among the nations, now will I gather them, and they shall sorrow a little for the burden of the king of princes.
Hos	8	11	כִּי־הִרְבָּה אֶפְרַיִם מִזְבְּחֹת לַחֲטֹא הָיוּ־לוֹ מִזְבְּחוֹת לַחֲטֹא ׃	ὅτι ἐπλήθυνεν Ἐφράιμ θυσιαστήρια, εἰς ἁμαρτίας ἐγένοντο αὐτῷ θυσιαστήρια ἠγαπημένα.	quia multiplicavit Ephraim altaria ad peccandum factae sunt ei arae in delictum	Quia multiplicavit Ephraim altaria ad peccandum; fact sunt ei ar in delictum.		Because Ephraim hath made many altars to sin, altars shall be unto him to sin.
Hos	8	12	אֶכְתָּוב־לוֹ רֻבֵּו★ תּוֹרָתִי כְּמוֹ־זָר נֶחְשָׁבוּ ׃	καταγράψω αὐτῷ πλῆθος, καὶ τὰ νόμιμά μου εἰς ἀλλότρια ἐλογίσθησαν· θυσιαστήρια τὰ ἠγαπημένα.	scribam ei multiplices leges meas quae velut alienae conputatae sunt	Scribam ei multiplices leges meas, qu velut alien computat sunt.		I have written to him the great things of my law, but they were counted as a strange thing.
Hos	8	13	זִבְחֵי הַבְהָבַי יִזְבְּחוּ בָשָׂר וַיֹּאכֵלוּ יְהוָה לֹא רָצָם עַתָּה יִזְכֹּר עֲוֹנָם וְיִפְקֹד חַטֹּאותָם הֵמָּה מִצְרַיִם יָשׁוּבוּ ׃	διότι ἐὰν θύσωσιν θυσίαν καὶ φάγωσιν κρέα, Κύριος οὐ προσδέξεται αὐτά· νῦν μνησθήσεται τὰς ἀδικίας αὐτῶν καὶ ἐκδικήσει τὰς ἁμαρτίας αὐτῶν· αὐτοὶ εἰς Αἴγυπτον ἀπέστρεψαν, καὶ ἐν Ἀσσυρίοις ἀκάθαρτα φάγονται.	hostias adfer adfer immolabunt carnes et comedent Dominus non suscipiet eas nunc recordabitur iniquitatis eorum et visitabit peccata eorum ipsi in Aegyptum convertentur	Hostias offerent, immolabunt carnes et comedent, et Dominus non suscipiet eas: nunc recordabitur iniquitatis eorum, et visitabit peccata eorum: ipsi in gyptum convertentur.		They sacrifice flesh for the sacrifices of mine offerings, and eat it; but the Lord accepteth them not; now will he remember their iniquity, and visit their sins: they shall return to Egypt.
Hos	8	14	וַיִּשְׁכַּח יִשְׂרָאֵל אֶת־עֹשֵׂהוּ וַיִּבֶן הֵיכָלוֹת וִיהוּדָה הִרְבָּה עָרִים בְּצֻרוֹת וְשִׁלַּחְתִּי־אֵשׁ בְּעָרָיו וְאָכְלָה אַרְמְנֹתֶיהָ ׃ ס	καὶ ἐπελάθετο Ἰσραὴλ τοῦ ποιήσαντος αὐτόν, καὶ ᾠκοδόμησαν τεμένη· καὶ Ἰούδας ἐπλήθυνεν πόλεις τετειχισμένας· καὶ ἐξαποστελῶ πῦρ εἰς τὰς πόλεις αὐτοῦ, καὶ καταφάγεται τὰ θεμέλια αὐτῶν.	et oblitus est Israhel factoris sui et aedificavit delubra et Iudas multiplicavit urbes munitas et mittam ignem in civitates eius et devorabit aedes illius	Et oblitus est Isral factoris sui, et dificavit delubra; et Judas multiplicavit urbes munitas; et mittam ignem in civitates ejus, et devorabit des illius.]		For Israel hath forgotten his Maker, and buildeth temples; and Judah hath multiplied fenced cities: but I will send a fire upon his cities, and it shall devour the palaces thereof.
Hos	9	1	אַל־תִּשְׂמַח יִשְׂרָאֵל אֶל־גִּיל כָּעַמִּים כִּי זָנִיתָ מֵעַל אֱלֹהֶיךָ אָהַבְתָּ אֶתְנָן עַל כָּל־גָּרְנוֹת דָּגָן ׃	Μὴ χαῖρε, Ἰσραήλ, μηδέ εὐφραίνου καθὼς οἱ λαοί διότι ἐπόρνευσας ἀπὸ τοῦ θεοῦ σου, ἠγάπησας δόματα ἐπὶ πάντα ἅλωνα σίτου.	noli laetari Israhel noli exultare sicut populi quia fornicatus es a Deo tuo dilexisti mercedem super omnes areas tritici	[Noli ltari, Isral; noli exsultare sicut populi: quia fornicatus es a Deo tuo; dilexisti mercedem super omnes areas tritici.		Rejoice not, O Israel, for joy, as other people: for thou hast gone a whoring from thy God, thou hast loved a reward upon every cornfloor.
Hos	9	2	גֹּרֶן וָיֶקֶב לֹא יִרְעֵם וְתִירוֹשׁ יְכַחֶשׁ בָּהּ ׃	ἅλων καὶ ληνὸς οὐκ ἔγνω αὐτούς, καὶ ὁ οἶνος ἐψεύσατο αὐτούς.	area et torcular non pascet eos et vinum mentietur eis	Area et torcular non pascet eos, et vinum mentietur eis:		The floor and the winepress shall not feed them, and the new wine shall fail in her.
Hos	9	3	לֹא יֵשְׁבוּ בְּאֶרֶץ יְהוָה וְשָׁב אֶפְרַיִם מִצְרַיִם וּבְאַשּׁוּר טָמֵא יֹאכֵלוּ ׃	οὐ κατῴκησαν ἐν τῇ γῇ τοῦ κυρίου· κατῴκησεν Ἐφράιμ Αἴγυπτον, καὶ ἐν Ἀσσυρίοις ἀκάθαρτα φάγονται.	non habitabunt in terra Domini reversus est Ephraim Aegyptum et in Assyriis pollutum comedit	non habitabunt in terra Domini. Reversus est Ephraim in gyptum, et in Assyriis pollutum comedit.		They shall not dwell in the Lord's land; but Ephraim shall return to Egypt, and they shall eat unclean things in Assyria.
Hos	9	4	לֹא־יִסְּכוּ לַיהוָה יַיִן וְלֹא יֶעֶרְבוּ־לוֹ זִבְחֵיהֶם כְּלֶחֶם אוֹנִים לָהֶם כָּל־אֹכְלָיו יִטַמָּאוּ כִּי־לַחְמָם לְנַפְשָׁם לֹא יָבוֹא בֵּית יְהוָה ׃	οὐκ ἔσπεισαν τῷ κυρίῳ οἶνον, καὶ οὐχ ἥδυναν αὐτῷ· αἱ θυσίαι αὐτῶν ὡς ἄρτος πένθους αὐτοῖς, πάντες οἱ ἔσθοντες αὐτὰ μιανθήσονται, διότι οἱ ἄρτοι αὐτῶν ταῖς ψυχαῖς αὐτῶν οὐκ εἰσελεύσονται εἰς τὸν οἶκον Κυρίου.	non libabunt Domino vinum et non placebunt ei sacrificia eorum quasi panis lugentium omnes qui comedunt eum contaminabuntur quia panis eorum animae ipsorum non intrabit in domum Domini	Non libabunt Domino vinum, et non placebunt ei. Sacrificia eorum quasi panis lugentium; omnes qui comedent eum, contaminabuntur: quia panis eorum anim ipsorum: non intrabit in domum Domini.		They shall not offer wine offerings to the Lord, neither shall they be pleasing unto him: their sacrifices shall be unto them as the bread of mourners; all that eat thereof shall be polluted: for their bread for their soul shall not come into the house of the Lord.
Hos	9	5	מַה־תַּעֲשׂוּ לְיוֹם מוֹעֵד וּלְיוֹם חַג־יְהוָה ׃	τί ποιήσετε ἐν ἡμέραις πανηγύρεως καὶ ἐν ἡμέρᾳ ἑορτῆς τοῦ κυρίου;	quid facietis in die sollemni in die festivitatis Domini	Quid facietis in die solemni, in die festivitatis Domini?		What will ye do in the solemn day, and in the day of the feast of the Lord?
Hos	9	6	כִּי־הִנֵּה הָלְכוּ מִשֹּׁד מִצְרַיִם תְּקַבְּצֵם מֹף תְּקַבְּרֵם מַחְמַד לְכַסְפָּם קִמּוֹשׂ יִירָשֵׁם חוֹחַ בְּאָהֳלֵיהֶם ׃	διὰ τοῦτο ἰδοὺ πορεύονται ἐκ ταλαιπωρίας Αἰγύπτου, καὶ ἐκδέξεται αὐτοὺς Μέμφις, καὶ θάψει αὐτοὺς Μαχμάς· τὸ ἀργύριον αὐτῶν ὄλεθρος κληρονομήσει αὐτό, ἄκανθαι ἐν τοῖς σκηνώμασιν.	ecce enim profecti sunt a vastitate Aegyptus congregavit eos Memphis sepeliet eos desiderabile argenti eorum urtica hereditabit lappa in tabernaculis eorum	Ecce enim profecti sunt a vastitate: gyptus congregabit eos; Memphis sepeliet eos: desiderabile argentum eorum urtica hreditabit, lappa in tabernaculis eorum.		For, lo, they are gone because of destruction: Egypt shall gather them up, Memphis shall bury them: the pleasant places for their silver, nettles shall possess them: thorns shall be in their tabernacles.
Hos	9	7	בָּאוּ יְמֵי הַפְּקֻדָּה בָּאוּ יְמֵי הַשִּׁלֻּם יֵדְעוּ יִשְׂרָאֵל אֱוִיל הַנָּבִיא מְשֻׁגָּע אִישׁ הָרוּחַ עַל רֹב עֲוֹנְךָ וְרַבָּה מַשְׂטֵמָה ׃	ἥκασιν αἱ ήμέραι τῆς ἐκδικήσεως, ἥκασιν αἱ ἡμέραι τῆς ἀνταποδόσεώς σου, καὶ κακωθήσεται Ἰσραὴλ ὥσπερ ὁ προφήτης ὁ παρεξεστηκώς, ἄνθρωπος ὁ πνευματοφόρος· ὑπὸ τοῦ πλήθους τῶν ἀδεκιῶν σου ἐπληθύνθη μανία σου.	venerunt dies visitationis venerunt dies retributionis scitote Israhel stultum prophetam insanum virum spiritalem propter multitudinem iniquitatis tuae et multitudo amentiae	Venerunt dies visitationis, venerunt dies retributionis. Scitote, Isral, stultum prophetam, insanum virum spiritualem, propter multitudinem iniquitatis tu, et multitudinem amenti.		The days of visitation are come, the days of recompence are come; Israel shall know it: the prophet is a fool, the spiritual man is mad, for the multitude of thine iniquity, and the great hatred.
Hos	9	8	צֹפֶה אֶפְרַיִם עִם־אֱלֹהָי נָבִיא פַּח יָקוֹשׁ עַל־כָּל־דְּרָכָיו מַשְׂטֵמָה בְּבֵית אֱלֹהָיו ׃	σκοπὸς Ἐφράιμ μετὰ θεοῦ· προφήτης, παγὶς σκολιὰ ἐπὶ πάσας τὰς ὁδοὺς αὐτοῦ· μανίαν ἐν οἴκῳ θεοῦ κατέπηξαν.	speculator Ephraim cum Deo meo propheta laqueus ruinae super omnes vias eius insania in domo Dei eius	Speculator Ephraim cum Deo meo, propheta laqueus ruin factus est super omnes vias ejus; insania in domo Dei ejus.		The watchman of Ephraim was with my God: but the prophet is a snare of a fowler in all his ways, and hatred in the house of his God.
Hos	9	9	הֶעְמִיקוּ־שִׁחֵתוּ כִּימֵי הַגִּבְעָה יִזְכּוֹר עֲוֹנָם יִפְקוֹד חַטֹּאותָם ׃ ס	ἐφθάρησαν κατὰ τὰς ἡμέρας τοῦ βουνοῦ· μνησθήσεται ἀδικίας αὐτῶν, ἐκδικήσει ἁμαρτίας αὐτῶν.	profunde peccaverunt sicut in diebus Gabaa recordabitur iniquitatis eorum et visitabit peccata eorum	Profunde peccaverunt, sicut in diebus Gabaa. Recordabitur iniquitatis eorum, et visitabit peccata eorum.		They have deeply corrupted themselves, as in the days of Gibeah: therefore he will remember their iniquity, he will visit their sins.
Hos	9	10	כַּעֲנָבִים בַּמִּדְבָּר מָצָאתִי יִשְׂרָאֵל כְּבִכּוּרָה בִתְאֵנָה בְּרֵאשִׁיתָהּ רָאִיתִי אֲבוֹתֵיכֶם הֵמָּה בָּאוּ בַעַל־פְּעוֹר וַיִּנָּזְרוּ לַבֹּשֶׁת וַיִּהְיוּ שִׁקּוּצִים כְּאָהֳבָם ׃	ὡς σταφυλὴν ἐν ἐρήμῳ εὗρον τὸν Ἰσραήλ, καὶ ὡς σκοπὸν ἐν συκῇ πρόιμον εἶδον πατέρας αὐτῶν· αὐτοὶ εἰσῆλθον πρὸς τὸν Βεελφεγώρ, καὶ ἀπηλλοτριώθησαν εἰς αἰσχύνην, καὶ ἐγένοντο οἱ ἐβδελυγμένοι ὡς οἱ ἠγαπημένοι.	quasi uvas in deserto inveni Israhel quasi prima poma ficulneae in cacumine eius vidi patres eorum ipsi autem intraverunt ad Beelphegor et abalienati sunt in confusione et facti sunt abominabiles sicut ea quae dilexerunt	Quasi uvas in deserto inveni Isral, quasi prima poma ficulne in cacumine ejus vidi patres eorum: ipsi autem intraverunt ad Beelphegor, et abalienati sunt in confusionem, et facti sunt abominabiles sicut ea qu dilexerunt.		I found Israel like grapes in the wilderness; I saw your fathers as the firstripe in the fig tree at her first time: but they went to Baalpeor, and separated themselves unto that shame; and their abominations were according as they loved.
Hos	9	11	אֶפְרַיִם כָּעוֹף יִתְעוֹפֵף כְּבוֹדָם מִלֵּדָה וּמִבֶּטֶן וּמֵהֵרָיוֹן ׃	Ἐφράιμ ὡς ὄρνεον ἐξεπετάσθη, αἱ δόξας αὐτῶν ἐκ τόκων καὶ δίνων καὶ συνλήμψεων·	Ephraim quasi avis avolavit gloria eorum a partu et ab utero et a conceptu	Ephraim quasi avis avolavit; gloria eorum a partu, et ab utero, et a conceptu.		As for Ephraim, their glory shall fly away like a bird, from the birth, and from the womb, and from the conception.
Hos	9	12	כִּי אִם־יְגַדְּלוּ אֶת־בְּנֵיהֶם וְשִׁכַּלְתִּים מֵאָדָם כִּי־גַם־אוֹי לָהֶם בְּשׂוּרִי מֵהֶם ׃	διότι καὶ ἐὰν ἐκθρέψωσιν τὰ τέκνα αὐτῶν, ἀτεκνωθήσονται ἐξ ἀνθρώπαων· διότι καὶ οὐαὶ αὐτοῖς ἐστιν, σάρξ μου ἐξ αὐτῶν.	quod si et enutrierint filios suos absque liberis eos faciam in hominibus sed et vae eis cum recessero ab eis	Quod etsi enutrierint filios suos, absque liberis eos faciam in hominibus; sed et v eis cum recessero ab eis!		Though they bring up their children, yet will I bereave them, that there shall not be a man left: yea, woe also to them when I depart from them!
Hos	9	13	אֶפְרַיִם כַּאֲשֶׁר־רָאִיתִי לְצוֹר שְׁתוּלָה בְנָוֶה וְאֶפְרַיִם לְהוֹצִיא אֶל־הֹרֵג בָּנָיו ׃	Ἐφράιμ ὃν τρόπον εἰς θήραν παρέστησαν τὰ τέκνα αὐτῶν. καὶ Ἐφράιμ τοῦ ἐξαγαγεῖν εἰς ἀποκέντησιν τὰ τέκνα αὐτοῦ.	Ephraim ut vidi Tyrus erat fundata in pulchritudine et Ephraim educit ad interfectorem filios suos	Ephraim, ut vidi, Tyrus erat fundata in pulchritudine; et Ephraim educet ad interfectorem filios suos.		Ephraim, as I saw Tyrus, is planted in a pleasant place: but Ephraim shall bring forth his children to the murderer.
Hos	9	14	תֵּן־לָהֶם יְהוָה מַה־תִּתֵּן תֵּן־לָהֶם רֶחֶם מַשְׁכִּיל וְשָׁדַיִם צֹמְקִים ׃	δὸς αὐτοῖς, Κύριε· τί δώσεις αὐτοῖς; μήτραν ἀτεκνοῦσαν καὶ μαστοὺς ξηρούς.	da eis Domine quid dabis eis da eis vulvam sine liberis et ubera arentia	Da eis, Domine. Quid dabis eis? da eis vulvam sine liberis, et ubera arentia.		Give them, O Lord: what wilt thou give? give them a miscarrying womb and dry breasts.
Hos	9	15	כָּל־רָעָתָם בַּגִּלְגָּל כִּי־שָׁם שְׂנֵאתִים עַל רֹעַ מַעַלְלֵיהֶם מִבֵּיתִי אֲגָרְשֵׁם לֹא אוֹסֵף אַהֲבָתָם כָּל־שָׂרֵיהֶם סֹרְרִים ׃	πᾶσαι αἱ κακίαι αὐτῶν ἐν Γαλγάλ, ὅτι ἐκεῖ αὐτοὺς ἐμίσησα διὰ τὰς κακίας τῶν ἐπιτηδευμάτων αὐτῶν· ἐκ τοῦ οἴκου μου ἐκβαλῶ αὐτούς, οὐ μὴ προσθήσω τοῦ ἀγαπῆσαι αὐτούς· πάντες οἱ ἄρχοντες αὐτῶν ἀπειθοῦντες.	omnes nequitiae eorum in Galgal quia ibi exosos habui eos propter malitiam adinventionum eorum de domo mea eiciam eos non addam ut diligam eos omnes principes eorum recedentes	Omnes nequiti eorum in Galgal, quia ibi exosos habui eos. Propter malitiam adinventionum eorum, de domo mea ejiciam eos; non addam ut diligam eos: omnes principes eorum recedentes.		All their wickedness is in Gilgal: for there I hated them: for the wickedness of their doings I will drive them out of mine house, I will love them no more: all their princes are revolters.
Hos	9	16	הֻכָּה אֶפְרַיִם שָׁרְשָׁם יָבֵשׁ פְּרִי בַלי־יַעֲשׂוּן גַּם כִּי יֵלֵדוּן וְהֵמַתִּי מַחֲמַדֵּי בִטְנָם ׃ ס	ἐπόνεσεν Ἐφράιμ· τὰς ῥίζας αὐτοῦ ἐξηράνθη, καρπὸν οὐκέτι μὴ ἐνέγκῃ· διότι καὶ ἐὰν γεννήσωσιν, ἀποκτενῶ τὰ ἐπιθυμήματα κοιλίας αὐτῶν.	percussus est Ephraim radix eorum exsiccata est fructum nequaquam facient quod si et genuerint interficiam amantissima uteri eorum	Percussus est Ephraim; radix eorum exsiccata est: fructum nequaquam facient, quod etsi genuerint, interficiam amantissima uteri eorum.		Ephraim is smitten, their root is dried up, they shall bear no fruit: yea, though they bring forth, yet will I slay even the beloved fruit of their womb.
Hos	9	17	יִמְאָסֵם אֱלֹהַי כִּי לֹא שָׁמְעוּ לוֹ וְיִהְיוּ נֹדְדִים בַּגּוֹיִם ׃ ס	ἀπώσεται αὐτοὺς ὁ θεός, ὅτι οὐκ εἰσήκουσαν αὐτοῦ, καὶ ἔσονται πλανῆται ἐν τοῖς ἔθνεσιν.	abiciet eos Deus meus quia non audierunt eum et erunt vagi in nationibus	Abjiciet eos Deus meus, quia non audierunt eum, et erunt vagi in nationibus.]		My God will cast them away, because they did not hearken unto him: and they shall be wanderers among the nations.
Hos	10	1	גֶּפֶן בּוֹקֵק יִשְׂרָאֵל פְּרִי יְשַׁוֶּה־לּוֹ כְּרֹב לְפִרְיוֹ הִרְבָּה לַמִּזְבְּחוֹת כְּטוֹב לְאַרְצוֹ הֵיטִיבוּ מַצֵּבוֹת ׃	Ἄμπελος εὐκληματοῦσα Ἰσραήλ, ὁ καρπὸς εὐθηνῶν αὐτῆς· κατὰ τὸ πλῆθος τῶν καρπῶν αὐτῆς ἐπλήθυνεν θυσιαστήρια, κατὰ τὰ ἀγαθὰ τῆς γῆς αὐτοῦ ᾠκοδόμησεν στήλας.	vitis frondosa Israhel fructus adaequatus est ei secundum multitudinem fructus sui multiplicavit altaria iuxta ubertatem terrae suae exuberavit simulacris	[Vitis frondosa Isral, fructus adquatus est ei: secundum multitudinem fructus sui multiplicavit altaria, juxta ubertatem terr su exuberavit simulacris.		Israel is an empty vine, he bringeth forth fruit unto himself: according to the multitude of his fruit he hath increased the altars; according to the goodness of his land they have made goodly images.
Hos	10	2	חָלַק לִבָּם עַתָּה יֶאְשָׁמוּ הוּא יַעֲרֹף מִזְבְּחוֹתָם יְשֹׁדֵד מַצֵּבוֹתָם ׃	ἐμέρισαν καρδίας αὐτῶν, νῦυ ἀφανισθήσονται· αὐτὸς κατασκάψει τὰ θυσιαστήρια αὐτῶν, ταλαιπωρήσουσιν αἱ στῆλαι αὐτῶν.	divisum est cor eorum nunc interibunt ipse confringet simulacra eorum depopulabitur aras eorum	Divisum est cor eorum, nunc interibunt; ipse confringet simulacra eorum, depopulabitur aras eorum.		Their heart is divided; now shall they be found faulty: he shall break down their altars, he shall spoil their images.
Hos	10	3	כִּי עַתָּה יֹאמְרוּ אֵין מֶלֶךְ לָנוּ כִּי לֹא יָרֵאנוּ אֶת־יְהוָה וְהַמֶּלֶךְ מַה־יַּעֲשֶׂה־לָּנוּ ׃	διότι νῦν ἐροῦσιν Οὐκ ἔστιν βασιλεὺς ἡμῖν, ὅτι οὐκ ἐφοβήθημεν τὸν κύριον. ὁ δὲ βασιλεὺς τί ποιήσει ἡμῖν,	quia nunc dicent non est rex nobis non enim timemus Dominum et rex quid faciet nobis	Quia nunc dicent: Non est rex nobis, non enim timemus Dominum; et rex quid faciet nobis?		For now they shall say, We have no king, because we feared not the Lord; what then should a king do to us?
Hos	10	4	דִּבְּרוּ דְבָרִים אָלוֹת שָׁוְא כָּרֹת בְּרִית וּפָרַח כָּרֹאשׁ מִשְׁפָּט עַל תַּלְמֵי שָׂדָי ׃	λαλῶν ῥήματα προφάσεις ψευδεῖς; διαθήσεται διαθήκην, ἀνατελεῖ ὡς ἄγρωστις κρίμα ἐπὶ χέρσον ἀγροῦ.	loquimini verba visionis inutilis et ferietis foedus et germinabit quasi amaritudo iudicium super sulcos agri	Loquimini verba visionis inutilis, et ferietis fdus; et germinabit quasi amaritudo judicium super sulcos agri.		They have spoken words, swearing falsely in making a covenant: thus judgment springeth up as hemlock in the furrows of the field.
Hos	10	5	לְעֶגְלוֹת בֵּית אָוֶן יָגוּרוּ שְׁכַן שֹׁמְרוֹן כִּי־אָבַל עָלָיו עַמּוֹ וּכְמָרָיו עָלָיו יָגִילוּ עַל־כְּבוֹדוֹ כִּי־גָלָה מִמֶּנּוּ ׃	τῷ μόσχῳ τοῦ οἴκου Ὢν παροικήσουσιν κατοικοῦντες Σαμάρειαν, ὅτι ἐπένθησεν λαὸς αὐτοῦ ἐπʼ αὐτόν· καὶ καθὼς παρεπίκραναν αὐτόν, ἐπιχαροῦνται ἐπὶ τὴν δόξαν αὐτοῦ, ὅτι μετῳκίσθη ἀπʼ αὐτοῦ.	vaccas Bethaven coluerunt habitatores Samariae quia luxit super eum populus eius et aeditui eius super eum exultaverunt in gloria eius quia migravit ab eo	Vaccas Bethaven coluerunt habitatores Samari; quia luxit super eum populus ejus, et ditui ejus super eum exsultaverunt in gloria ejus, quia migravit ab eo.		The inhabitants of Samaria shall fear because of the calves of Bethaven: for the people thereof shall mourn over it, and the priests thereof that rejoiced on it, for the glory thereof, because it is departed from it.
Hos	10	6	גַּם־אוֹתוֹ לְאַשּׁוּר יוּבָל מִנְחָה לְמֶלֶךְ יָרֵב בָּשְׁנָה אֶפְרַיִם יִקָּח וְיֵבוֹשׁ יִשְׂרָאֵל מֵעֲצָתוֹ ׃	καὶ αὐτὸν εἰς Ἀσσυρίους δήσαντες, ἀπήνεγκαν ξένια τῷ βασιλεῖ Ἰαρείμ· ἐν δόματι Ἐφράιμ δέξεται, καὶ αἰσχυνθήσεται Ἰσραὴλ ἐν τῇ βουλῇ αὐτοῦ.	siquidem et ipse in Assur delatus est munus regi ultori confusio Ephraim capiet et confundetur Israhel in voluntate sua	Siquidem et ipse in Assur delatus est, munus regi ultori. Confusio Ephraim capiet, et confundetur Isral in voluntate sua.		It shall be also carried unto Assyria for a present to king Jareb: Ephraim shall receive shame, and Israel shall be ashamed of his own counsel.
Hos	10	7	נִדְמֶה שֹׁמְרוֹן מַלְכָּהּ כְּקֶצֶף עַל־פְּנֵי־מָיִם ׃	ἀπέρριψεν Σαμάρεια βασιλέα αὐτῆς ὡς φρύγανον ἐπὶ προσώπου ὕδατος·	transire fecit Samaria regem suum quasi spumam super faciem aquae	Transire fecit Samaria regem suum quasi spumam super faciem aqu.		As for Samaria, her king is cut off as the foam upon the water.
Hos	10	8	וְנִשְׁמְדוּ בָּמוֹת אָוֶן חַטַּאת יִשְׂרָאֵל קוֹץ וְדַרְדַּר יַעֲלֶה עַל־מִזְבְּחוֹתָם וְאָמְרוּ לֶהָרִים כַּסּוּנוּ וְלַגְּבָעוֹת נִפְלוּ עָלֵינוּ ׃ ס	καὶ ἐξαρθήσονται βωμοὶ Ὤν ἁμαρτήματα τοῦ Ἰσραήλ· ἄκανθαι καὶ τρίδολοι ἀναβήσονται ἐπὶ τὰ θυσιαστήρια αὐτῶν· καὶ ἐροῦσιν τοῖς ὄρεσιν Καλύψατε ἡμᾶς, καὶ τοῖς βουνοῖς Πέσατε ἐφʼ ἡμᾶς.	et disperdentur excelsa idoli peccatum Israhel lappa et tribulus ascendet super aras eorum et dicent montibus operite nos et collibus cadite super nos	Et disperdentur excelsa idoli, peccatum Isral; lappa et tribulus ascendet super aras eorum: et dicent montibus: Operite nos, et collibus: Cadite super nos.		The high places also of Aven, the sin of Israel, shall be destroyed: the thorn and the thistle shall come up on their altars; and they shall say to the mountains, Cover us; and to the hills, Fall on us.
Hos	10	9	מִימֵי הַגִּבְעָה חָטָאתָ יִשְׂרָאֵל שָׁם עָמָדוּ לֹא־תַשִּׂיגֵם בַּגִּבְעָה מִלְחָמָה עַל־בְּנֵי עַלְוָה ׃	ἀφʼ οὗ οἱ βουνοί, ἥμαρτεν Ἰσραήλ, ἐκεῖ ἔστησαν· οὐ μὴ καταλάβῃ αὐτοὺς ἐν τῷ βουνῷ πόλεμος ἐπὶ τὰ τέκνα ἀδικίας	ex diebus Gabaa peccavit Israhel ibi steterunt non conprehendet eos in Gabaa proelium super filios iniquitatis	Ex diebus Gabaa peccavit Isral; ibi steterunt. Non comprehendet eos in Gabaa prlium super filios iniquitatis.		O Israel, thou hast sinned from the days of Gibeah: there they stood: the battle in Gibeah against the children of iniquity did not overtake them.
Hos	10	10	בְּאַוָּתִי וְאֶסֳּרֵם וְאֻסְּפוּ עֲלֵיהֶם עַמִּים בְּאָסְרָם לִשְׁתֵּי עֵינֹתָם ׃	παιδεῦσαι αὐτούς· καὶ συναχθήσονται ἐπʼ αὐτοὺς λαοί, ἐν τῷ παιδεύεσθαι αὐτοὺς ἐν ταῖς δυσὶν ἀδικίαις αὐτῶν.	iuxta desiderium meum corripiam eos congregabuntur super eos populi cum corripientur propter duas iniquitates suas	Juxta desiderium meum corripiam eos: congregabuntur super eos populi, cum corripientur propter duas iniquitates suas.		It is in my desire that I should chastise them; and the people shall be gathered against them, when they shall bind themselves in their two furrows.
Hos	10	11	וְאֶפְרַיִם עֶגְלָה מְלֻמָּדָה אֹהַבְתִּי לָדוּשׁ וַאֲנִי עָבַרְתִּי עַל־טוּב צַוָּארָהּ אַרְכִּיב אֶפְרַיִם יַחֲרוֹשׁ יְהוּדָה יְשַׂדֶּד־לוֹ יַעֲקֹב ׃	Ἐφράιμ δάμαλις δεδιδαγμένη ἀγαπᾷν νεῖκος, ἐγὼ δὲ ἐπελεύσομαι ἐπὶ τὸ κάλλιστον τοῦ τραχήλου αὐτῆς· ἐπιβιβῶ Ἐφράιμ, παρασιωπήσομαι Ἰούδαν, ἐνισχύσει αὐτῷ Ἰακώβ.	Ephraim vitula docta diligere trituram et ego transivi super pulchritudinem colli eius ascendam super Ephraim arabit Iudas confringet sibi sulcos Iacob	Ephraim vitula docta diligere trituram, et ego transivi super pulchritudinem colli ejus: ascendam super Ephraim, arabit Judas; confringet sibi sulcos Jacob.		And Ephraim is as an heifer that is taught, and loveth to tread out the corn; but I passed over upon her fair neck: I will make Ephraim to ride; Judah shall plow, and Jacob shall break his clods.
Hos	10	12	זִרְעוּ לָכֶם לִצְדָקָה קִצְרוּ לְפִי־חֶסֶד נִירוּ לָכֶם נִיר וְעֵת לִדְרוֹשׁ אֶת־יְהוָה עַד־יָבוֹא וְיֹרֶה צֶדֶק לָכֶם ׃	σπείρατε ἑαυτοῖς εἰς δικαιοσύνην, τρυγήσατε εἰς καρπὸν ζωῆς, φωτίσατε ἑαυτοῖς φῶς γνώσεως, ἐκζητήσατε τὸν κύριον ἕως τοῦ ἐλθεῖν γενήματα δικαιοσύνης ἡμῖν.	seminate vobis in iustitia metite in ore misericordiae innovate vobis novale tempus autem requirendi Dominum cum venerit qui docebit vos iustitiam	Seminate vobis in justitia, et metite in ore misericordi. Innovate vobis novale; tempus autem requirendi Dominum, cum venerit qui docebit vos justitiam.		Sow to yourselves in righteousness, reap in mercy; break up your fallow ground: for it is time to seek the Lord, till he come and rain righteousness upon you.
Hos	10	13	חֲרַשְׁתֶּם־רֶשַׁע עַוְלָתָה קְצַרְתֶּם אֲכַלְתֶּם פְּרִי־כָחַשׁ כִּי־בָטַחְתָּ בְדַרְכְּךָ בְּרֹב גִּבּוֹרֶיךָ ׃	ἵυα τί παρεσιωπήσατε ἀσέβειαν, καὶ τὰς ἀδικίας αὐτῆς ἐτρυγήσατε, ἐφάγετε καρπὸν ψευδῆ; ὅτι ἤλπισας ἐν τοῖς ἁμαρτήμασίν σου, ἐν πλήθει δυνάμεώς σου,	arastis impietatem iniquitatem messuistis comedistis frugem mendacii quia confisus es in viis tuis in multitudine fortium tuorum	Arastis impietatem, iniquitatem messuistis: comedistis frugem mendacii, quia confisus es in viis tuis, in multitudine fortium tuorum.		Ye have plowed wickedness, ye have reaped iniquity; ye have eaten the fruit of lies: because thou didst trust in thy way, in the multitude of thy mighty men.
Hos	10	14	וְקָאם שָׁאוֹן בְּעַמֶּךָ וְכָל־מִבְצָרֶיךָ יוּשַּׁד כְּשֹׁד שַׁלְמַן בֵּית אַרְבֵאל בְּיוֹם מִלְחָמָה אֵם עַל־בָּנִים רֻטָּשָׁה ׃	καὶ ἐξαναστήσεται ἀπώλεια ἐν τῷ λαῷ σου, καὶ πάντα τὰ περιτετειχισμένα σου οἰχήσεται. ὡς ἄρχων Σαλαμὰν ἐκ τοῦ οἴκου Ἰεροβοάμ, ἐν ἡμέραις πολέμου μητέρα ἐπὶ τέκνοις ἠδάφισαν,	consurget tumultus in populo tuo et omnes munitiones tuae vastabuntur sicut vastatus est Salman a domo eius qui iudicavit Baal in die proelii matre super filios adlisa	Consurget tumultus in populo tuo; et omnes munitiones tu vastabuntur, sicut vastatus est Salmana a domo ejus qui judicavit Baal in die prlii, matre super filios allisa.		Therefore shall a tumult arise among thy people, and all thy fortresses shall be spoiled, as Shalman spoiled Betharbel in the day of battle: the mother was dashed in pieces upon her children.
Hos	10	15	כָּכָה עָשָׂה לָכֶם בֵּית־אֵל מִפְּנֵי רָעַת רָעַתְכֶם בַּשַּׁחַר נִדְמֹה נִדְמָה מֶלֶךְ יִשְׂרָאֵל ׃	οὕτως ποιήσω ὑμῖν, οἶκος τοῦ Ἰσραήλ, ἀπὸ προσώπου ἀδικίας κακιῶν ὑμῶν.	sic fecit vobis Bethel a facie malitiae nequitiarum vestrarum	Sic fecit vobis Bethel, a facie maliti nequitiarum vestrarum.]		So shall Bethel do unto you because of your great wickedness: in a morning shall the king of Israel utterly be cut off.
Hos	11	1	כִּי נַעַר יִשְׂרָאֵל וָאֹהֲבֵהוּ וּמִמִּצְרַיִם קָרָאתִי לִבְנִי ׃	ὄρθρου ἀπερίφησαν· ἀπερίφη βασιλεὺς Ἰσραήλ. Ὅτι νήπιος Ἰσραὴλ καὶ ἐγὼ ἠγάπησα αὐτόν, καὶ ἐξ Αἰγύπτου μετεκάλεσα τὰ τέκνα αὐτοῦ.	sicuti mane transit pertransiit rex Israhel quia puer Israhel et dilexi eum et ex Aegypto vocavi filium meum	[Sicut mane transiit, pertransiit rex Isral. Quia puer Isral, et dilexi eum; et ex gypto vocavi filium meum.		When Israel was a child, then I loved him, and called my son out of Egypt.
Hos	11	2	קָרְאוּ לָהֶם כֵּן הָלְכוּ מִפְּנֵיהֶם לַבְּעָלִים יְזַבֵּחוּ וְלַפְּסִלִים יְקַטֵּרוּן ׃	καθὼς μετεκάλεσα αὐτούς, οὕτως ἀπῴχοντο ἐκ προσώπου μου· αὐτοὶ τοῖς Βααλεὶμ ἔθυον καὶ τοῖς γλυπτοῖς ἐθυμίων.	vocaverunt eos sic abierunt a facie eorum Baalim immolabant et simulacris sacrificabant	Vocaverunt eos, sic abierunt a facie eorum; Baalim immolabant, et simulacris sacrificabant.		As they called them, so they went from them: they sacrificed unto Baalim, and burned incense to graven images.
Hos	11	3	וְאָנֹכִי תִרְגַּלְתִּי לְאֶפְרַיִם קָחָם עַל־זְרוֹעֹתָיו וְלֹא יָדְעוּ כִּי רְפָאתִים ׃	καὶ ἐγὼ συνεπόδισα τὸν Ἐφράιμ, ἀνέλαβον αὐτὸν ἐπὶ τὸν βραχίονά μου· οὐκ ἔγνωσαν ὅτι ἴαμαι αὐτούς.	et ego quasi nutricius Ephraim portabam eos in brachiis meis et nescierunt quod curarem eos	Et ego quasi nutritius Ephraim: portabam eos in brachiis meis, et nescierunt quod curarem eos.		I taught Ephraim also to go, taking them by their arms; but they knew not that I healed them.
Hos	11	4	בְּחַבְלֵי אָדָם אֶמְשְׁכֵם בַּעֲבֹתוֹת אַהֲבָה וָאֶהְיֶה לָהֶם כִּמְרִימֵי עֹל עַל לְחֵיהֶם וְאַט אֵלָיו אוֹכִיל ׃	ἐν διαφθορᾷ ἀνθρώπων, ἐξέτεινα αὐτοὺς ἐν δεσμοῖς ἀγαπήσεώς μου, καὶ ἔσομαι αὐτοῖς ὡς ῥαπίζων ἄνθρωπος ἐπὶ τὰς σιαγόνας αὐτοῦ· καὶ ἐπιβλέψομαι πρὸς αὐτόν, δυνήσομαι αὐτῷ.	in funiculis Adam traham eos in vinculis caritatis et ero eis quasi exaltans iugum super maxillas eorum et declinavi ad eum ut vesceretur	In funiculis Adam traham eos, in vinculis caritatis; et ero eis quasi exaltans jugum super maxillas eorum, et declinavi ad eum ut vesceretur.		I drew them with cords of a man, with bands of love: and I was to them as they that take off the yoke on their jaws, and I laid meat unto them.
Hos	11	5	לֹא יָשׁוּב אֶל־אֶרֶץ מִצְרַיִם וְאַשּׁוּר הוּא מַלְכּוֹ כִּי מֵאֲנוּ לָשׁוּב ׃	κατῴκησεν Ἐφράιμ ἐν Αἰγύπτῳ, καὶ Ἀσσοὺρ αὐτὸς βασιλεὺς αὐτοῦ, ὅτι οὐκ ἠθέλησεν ἐπιστρέψαι·	non revertetur in terram Aegypti et Assur ipse rex eius quoniam noluerunt converti	Non revertetur in terram gypti, et Assur ipse rex ejus, quoniam noluerunt converti.		He shall not return into the land of Egypt, and the Assyrian shall be his king, because they refused to return.
Hos	11	6	וְחָלָה חֶרֶב בְּעָרָיו וְכִלְּתָה בַדָּיו וְאָכָלָה מִמֹּעֲצוֹתֵיהֶם ׃	καὶ ἠσθένησεν ῥομφαίᾳ ἐν ταῖς πόλεσιν αὐτοῦ, καὶ κατέπαυσεν ἐν ταῖς χερσὶν αὐτοῦ· καὶ φάγονται ἐκ τῶν διαβουλίων αὐτῶν.	coepit gladius in civitatibus eius et consumet electos eius et comedet capita eorum	Cpit gladius in civitatibus ejus, et consumet electos ejus, et comedet capita eorum.		And the sword shall abide on his cities, and shall consume his branches, and devour them, because of their own counsels.
Hos	11	7	וְעַמִּי תְלוּאִים לִמְשׁוּבָתִי וְאֶל־עַל יִקְרָאֻהוּ יַחַד לֹא יְרוֹמֵם ׃	καὶ ὁ λαὸς αὐτοῦ ἐπικρεμάμενος ἐκ τῆς κατοικίας αὐτοῦ· καὶ ὁ θεὸς ἐπὶ τὰ τίμια αὐτοῦ θυμωθήσεται, καὶ οὐ μὴ ὑψώσῃ αὐτόν.	et populus meus pendebit ad reditum meum iugum autem inponetur ei simul quod non auferetur	Et populus meus pendebit ad reditum meum; jugum autem imponetur eis simul, quod non auferetur.		And my people are bent to backsliding from me: though they called them to the most High, none at all would exalt him.
Hos	11	8	אֵיךְ אֶתֶּנְךָ אֶפְרַיִם אֲמַגֶּנְךָ יִשְׂרָאֵל אֵיךְ אֶתֶּנְךָ כְאַדְמָה אֲשִׂימְךָ כִּצְבֹאיִם נֶהְפַּךְ עָלַי לִבִּי יַחַד נִכְמְרוּ נִחוּמָי ׃	τί σε διαθῶμαι, Ἐφράιμ ; ὑπερασπιῶ σου, Ἰσραήλ; τί σε διαθῶ ; ὡς Ἀδαμὰ θήσομαί σε καὶ ὡς Σεβωείμ. μετεστράφη ἡ καρδία μου ἐν τῷ αὐτῷ, συνεταράχθη ἡ μεταμελία μου·	quomodo dabo te Ephraim protegam te Israhel quomodo dabo te sicut Adama ponam te ut Seboim conversum est in me cor meum pariter conturbata est paenitudo mea	Quomodo dabo te, Ephraim? protegam te, Isral? Quomodo dabo te sicut Adama, ponam te ut Seboim? Conversum est in me cor meum, pariter conturbata est pnitudo mea.		How shall I give thee up, Ephraim? how shall I deliver thee, Israel? how shall I make thee as Admah? how shall I set thee as Zeboim? mine heart is turned within me, my repentings are kindled together.
Hos	11	9	לֹא אֶעֱשֶׂה חֲרוֹן אַפִּי לֹא אָשׁוּב לְשַׁחֵת אֶפְרָיִם כִּי אֵל אָנֹכִי וְלֹא־אִישׁ בְּקִרְבְּךָ קָדוֹשׁ וְלֹא אָבוֹא בְּעִיר ׃	οὐ μὴ ποιήσω κατὰ τὴν ὀργὴν τοῦ θυμοῦ μου, οὐ μὴ ἐγκαταλίπω τοῦ ἐξαλειφθῆναι τὸν Ἐφράιμ· διότι θεὸς ἐγὼ εἰμι καὶ οὐκ ἄνθρωπος· ἐν σοὶ ἅγιος, καὶ οὐκ εἰσελεύσομαι εἰς πόλιν.	non faciam furorem irae meae non convertar ut disperdam Ephraim quoniam Deus ego et non homo in medio tui Sanctus et non ingrediar civitatem	Non faciam furorem ir me; non convertar ut disperdam Ephraim, quoniam Deus ego, et non homo; in medio tui sanctus, et non ingrediar civitatem.		I will not execute the fierceness of mine anger, I will not return to destroy Ephraim: for I am God, and not man; the Holy One in the midst of thee: and I will not enter into the city.
Hos	11	10	אַחֲרֵי יְהוָה יֵלְכוּ כְּאַרְיֵה יִשְׁאָג כִּי־הוּא יִשְׁאַג וְיֶחֶרְדוּ בָנִים מִיָּם ׃	ὀπίσω Κυρίου πορεύσομαι· ὡς λέων ἐρεύξεται, ὅτι αὐτὸς ὠρύσεται, καὶ ἐκστήσονται τέκνα ὑδάτων.	post Dominum ambulabunt quasi leo rugiet quia ipse rugiet et formidabunt filii maris	Post Dominum ambulabunt; quasi leo rugiet, quia ipse rugiet, et formidabunt filii maris.		They shall walk after the Lord: he shall roar like a lion: when he shall roar, then the children shall tremble from the west.
Hos	11	11	יֶחֶרְדוּ כְצִפּוֹר מִמִּצְרַיִם וּכְיוֹנָה מֵאֶרֶץ אַשּׁוּר וְהוֹשַׁבְתִּים עַל־בָּתֵּיהֶם נְאֻם־יְהוָה ׃ ס	ἐκπτήσονται ὡς ὄρνεον ἐξ Αἰγύπτου, καὶ ὡς περιστερὰ ἐκ γῆς Ἀσσυρίων· καὶ ἀποκαταστήσω αὐτοὺς εἰς τοὺς οἴκους αὐτῶν, λέγει Κύριος.	et avolabunt quasi avis ex Aegypto et quasi columba de terra Assyriorum et conlocabo eos in domibus suis dicit Dominus	Et avolabunt quasi avis ex gypto, et quasi columba de terra Assyriorum: et collocabo eos in domibus suis, dicit Dominus.]		They shall tremble as a bird out of Egypt, and as a dove out of the land of Assyria: and I will place them in their houses, saith the Lord.
Hos	11	12		Ἐκύκλωσέν με ἐν ψεύδει Ἐφράιμ, καὶ ἐν ἀσεβείᾳ οἶκος Ἰσραὴλ καὶ Ἰούδα. νῦν ἔγνω αὐτοὺς ὁ θεός, καὶ λαὸς ἅγιος κεκλήσεται θεοῦ.	circumdedit me in negatione Ephraim et in dolo domus Israhel Iudas autem testis descendit cum Deo et cum sanctis fidelis	[Circumdedit me in negatione Ephraim, et in dolo domus Isral; Judas autem testis descendit cum Deo, et cum sanctis fidelis.]		Ephraim compasseth me about with lies, and the house of Israel with deceit: but Judah yet ruleth with God, and is faithful with the saints.
Hos	12	1	סְבָבֻנִי בְכַחַשׁ אֶפְרַיִם וּבְמִרְמָה בֵּית יִשְׂרָאֵל וִיהוּדָה עֹד רָד עִם־אֵל וְעִם־קְדוֹשִׁים נֶאֱמָן ׃	ὁ δὲ Ἐφράιμ πονηρὸν πνεῦμα, ἐδίωξεν καύσωνα ὅλην τὴν ἡμέραν· κενὰ καὶ μάταια ἐπλήθυνεν καὶ διαθήκην μετὰ Ἀσσυρίων διέθετο, καὶ ἔλαιον εἰς Αἵγυπτον ἐνεπορεύετο.	Ephraim pascit ventum et sequitur aestum tota die mendacium et vastitatem multiplicat et foedus cum Assyriis iniit et oleum in Aegyptum ferebat	[Ephraim pascit ventum, et sequitur stum; tota die mendacium et vastitatem multiplicat: et fdus cum Assyriis iniit, et oleum in gyptum ferebat.		Ephraim feedeth on wind, and followeth after the east wind: he daily increaseth lies and desolation; and they do make a covenant with the Assyrians, and oil is carried into Egypt.
Hos	12	2	אֶפְרַיִם רֹעֶה רוּחַ וְרֹדֵף קָדִים כָּל־הַיּוֹם כָּזָב וָשֹׁד יַרְבֶּה וּבְרִית עִם־אַשּׁוּר יִכְרֹתוּ וְשֶׁמֶן לְמִצְרַיִם יוּבָל ׃	καὶ κρίσις τῷ κυρίῳ πρὸς Ἰούδαν τοῦ ἐκδικῆσαι τὸν Ἰακὼβ κατὰ τὰς ὁδοὺς αὐτοῦ, καὶ κατὰ τὰ ἐπιτηδεύματα αὐτοῦ ἀποδώσει αὐτῷ.	iudicium ergo Domini cum Iuda et visitatio super Iacob iuxta vias eius et iuxta adinventiones eius reddet ei	Judicium ergo Domini cum Juda, et visitatio super Jacob: juxta vias ejus, et juxta adinventiones ejus reddet ei.		The Lord hath also a controversy with Judah, and will punish Jacob according to his ways; according to his doings will he recompense him.
Hos	12	3	וְרִיב לַיהוָה עִם־יְהוּדָה וְלִפְקֹד עַל־יַעֲקֹב כִּדְרָכָיו כְּמַעֲלָלָיו יָשִׁיב לוֹ ׃	ἐν τῇ κοιλίᾳ ἐπτέρνισεν τὸν ἀδελφὸν αὐτοῦ, καὶ ἐν κόποις αὐτοῦ ἐνίσχυσεν πρὸς θεόν,	in utero subplantavit fratrem suum et in fortitudine sua directus est cum angelo	In utero supplantavit fratrem suum, et in fortitudine sua directus est cum angelo.		He took his brother by the heel in the womb, and by his strength he had power with God:
Hos	12	4	בַּבֶּטֶן עָקַב אֶת־אָחִיו וּבְאוֹנוֹ שָׂרָה אֶת־אֱלֹהִים ׃	καὶ ἐνίσχυσεν μετὰ ἀγγέλου καὶ ἠδυνάσθη· ἔκλαυσαν καὶ ἐδεήθησάν μου, ἐν τῷ οἴκῳ Ὢν εὕροσάν με, καὶ ἐκεῖ ἐλαλήθη πρὸς αὐτούς.	et invaluit ad angelum et confortatus est flevit et rogavit eum in Bethel invenit eum et ibi locutus est nobiscum	Et invaluit ad angelum, et confortatus est; flevit, et rogavit eum. In Bethel invenit eum, et ibi locutus est nobiscum.		Yea, he had power over the angel, and prevailed: he wept, and made supplication unto him: he found him in Bethel, and there he spake with us;
Hos	12	5	וָיָּשַׂר אֶל־מַלְאָךְ וַיֻּכָל בָּכָה וַיִּתְחַנֶּן־לוֹ בֵּית־אֵל יִמְצָאֶנּוּ וְשָׁם יְדַבֵּר עִמָּנוּ ׃	ὁ δὲ κύριος ὁ θεὸς ὁ παντοκράτωρ ἔσται μνημόσυνον αὐτοῦ.	et Dominus Deus exercituum Dominus memoriale eius	Et Dominus Deus exercituum, Dominus memoriale ejus.		Even the Lord God of hosts; the Lord is his memorial.
Hos	12	6	וַיהוָה אֱלֹהֵי הַצְּבָאוֹת יְהוָה זִכְרוֹ ׃	καὶ σὺ ἐν θεῷ σου ἐπιστρέψεις· ἔλεον καὶ κρίμα φυλάσσου, καὶ ἔγγιζε πρὸς τὸν θεόν σου διὰ παντός.	et tu ad Deum tuum converteris misericordiam et iudicium custodi et spera in Deo tuo semper	Et tu ad Deum tuum converteris; misericordiam et judicium custodi, et spera in Deo tuo semper.		Therefore turn thou to thy God: keep mercy and judgment and wait on thy God continually.
Hos	12	7	וְאַתָּה בֵּאלֹהֶיךָ תָשׁוּב חֶסֶד וּמִשְׁפָּט שְׁמֹר וְקַוֵּה אֶל־אֱלֹהֶיךָ תָּמִיד ׃	Χανάαν ἐν χειρὶ αὐτοῦ ζυγὸς ἀδικίας, καταδυναστεύειν ἠγάπησε.	Chanaan in manu eius statera dolosa calumniam dilexit	Chanaan, in manu ejus statera dolosa, calumniam dilexit.		He is a merchant, the balances of deceit are in his hand: he loveth to oppress.
Hos	12	8	כְּנַעַן בְּיָדוֹ מֹאזְנֵי מִרְמָה לַעֲשֹׁק אָהֵב ׃	καὶ εἶπεν Ἐφράιμ Πλὴν πεπλούτηκα, εὕρηκα ἀναψυχὴν ἐμαυτῷ. πάντες οἱ πόνοι αὐτοῦ οὐχ εὑρεθήσονται αὐτῷ δι᾿ ἀδικίας ἃς ἥμαρτεν.	et dixit Ephraim verumtamen dives effectus sum inveni idolum mihi omnes labores mei non invenient mihi iniquitatem quam peccavi	Et dixit Ephraim: Verumtamen dives effectus sum; inveni idolum mihi: omnes labores mei non invenient mihi iniquitatem quam peccavi.		And Ephraim said, Yet I am become rich, I have found me out substance: in all my labours they shall find none iniquity in me that were sin.
Hos	12	9	וַיֹּאמֶר אֶפְרַיִם אַךְ עָשַׁרְתִּי מָצָאתִי אוֹן לִי כָּל־יְגִיעַי לֹא יִמְצְאוּ־לִי עָוֹן אֲשֶׁר־חֵטְא ׃	ἐγὼ δὲ Κύριος ὁ θεός σου ἀνήγαγόν σε ἐκ γῆς Αἰγύπτου, ἔτι κατοικιῶ σε ἐν σκηναῖς καθὼς ἡμέραι ἑορτῆς.	et ego Dominus Deus tuus ex terra Aegypti adhuc sedere te faciam in tabernaculis sicut in diebus festivitatis	Et ego Dominus Deus tuus ex terra gypti: adhuc sedere te faciam in tabernaculis, sicut in diebus festivitatis.		And I that am the Lord thy God from the land of Egypt will yet make thee to dwell in tabernacles, as in the days of the solemn feast.
Hos	12	10	וְאָנֹכִי יְהוָה אֱלֹהֶיךָ מֵאֶרֶץ מִצְרָיִם עֹד אוֹשִׁיבְךָ בָאֳהָלִים כִּימֵי מוֹעֵד ׃	καὶ λαλήσω πρὸς προφήτας, καὶ ἐγὼ ὁράσεις ἐπλήθυνα, καὶ ἐν χερσὶν προφητῶν ὡμοιώθην.	et locutus sum super prophetas et ego visionem multiplicavi et in manu prophetarum adsimilatus sum	Et locutus sum super prophetas, et ego visionem multiplicavi, et in manu prophetarum assimilatus sum.		I have also spoken by the prophets, and I have multiplied visions, and used similitudes, by the ministry of the prophets.
Hos	12	11	וְדִבַּרְתִּי עַל־הַנְּבִיאִים וְאָנֹכִי חָזוֹן הִרְבֵּיתִי וּבְיַד הַנְּבִיאִים אֲדַמֶּה ׃	εἰ μὴ Γαλαάδ ἐστιν, ἄρα ψευδεῖς ἤσαν ἐν Γαλαὰδ ἄρχοντες θυσιάζοντες, καὶ τά θυσιαστήρια αὐτῶν ὡς χελῶναι ἐπὶ χέρσον ἀγροῦ.	si Galaad idolum tamen frustra erant in Galgal bubus immolantes nam et altaria eorum quasi acervi super sulcos agri	Si Galaad idolum, ergo frustra erant in Galgal bobus immolantes; nam et altaria eorum quasi acervi super sulcos agri.		Is there iniquity in Gilead? surely they are vanity: they sacrifice bullocks in Gilgal; yea, their altars are as heaps in the furrows of the fields.
Hos	12	12	אִם־גִּלְעָד אָוֶן אַךְ־שָׁוְא הָיוּ בַּגִּלְגָּל שְׁוָרִים זִבֵּחוּ גַּם מִזְבְּחוֹתָם כְּגַלִּים עַל תַּלְמֵי שָׂדָי ׃	καὶ ἀνεχώρησεν Ἰακὼβ εἰς πεδίον Συρίας, καὶ ἐδούλευσεν Ἰσραὴλ ἐν γυναικί, καὶ ἐν γυναικὶ ἐφυλάξατο.	fugit Iacob in regionem Syriae et servivit Israhel in uxore et in uxore servavit	Fugit Jacob in regionem Syri, et servivit Isral in uxorem, et in uxorem servavit.		And Jacob fled into the country of Syria, and Israel served for a wife, and for a wife he kept sheep.
Hos	12	13	וַיִּבְרַח יַעֲקֹב שְׂדֵה אֲרָם וַיַּעֲבֹד יִשְׂרָאֵל בְּאִשָּׁה וּבְאִשָּׁה שָׁמָר ׃	καὶ ἐν προφήτῃ ἀνήγαγεν Κύριος τὸν Ἰσραὴλ ἐκ γῆς Αἰγύπτου, καὶ ἐν προφήτῃ διεφυλάχθη.	in propheta autem eduxit Dominus Israhel de Aegypto et in propheta servatus est	In propheta autem eduxit Dominus Isral de gypto, et in propheta servatus est.		And by a prophet the Lord brought Israel out of Egypt, and by a prophet was he preserved.
Hos	12	14	וּבְנָבִיא הֶעֱלָה יְהוָה אֶת־יִשְׂרָאֵל מִמִּצְרָיִם וּבְנָבִיא נִשְׁמָר ׃	ἐθύμωσεν Ἐφράιμ καὶ παρώργισεν· καὶ τὸ αἷμα αὐτοῦ ἐπʼ αὐτὸν ἐκχυθήσεται, καὶ τὸν ὀνειδισμὸν αὐτοῦ ἀνταποδώσει αὐτῷ Κύριος.	ad iracundiam me provocavit Ephraim in amaritudinibus suis et sanguis eius super eum veniet et obprobrium eius restituet ei Dominus suus	Ad iracundiam me provocavit Ephraim in amaritudinibus suis: et sanguis ejus super eum veniet, et opprobrium ejus restituet ei Dominus suus.]		Ephraim provoked him to anger most bitterly: therefore shall he leave his blood upon him, and his reproach shall his Lord return unto him.
Hos	12	15	הִכְעִיס אֶפְרַיִם תַּמְרוּרִים וְדָמָיו עָלָיו יִטּוֹשׁ וְחֶרְפָּתוֹ יָשִׁיב לוֹ אֲדֹנָיו ׃					
Hos	13	1	כְּדַבֵּר אֶפְרַיִם רְתֵת נָשָׂא הוּא בְּיִשְׂרָאֵל וַיֶּאְשַׁם בַּבַּעַל וַיָּמֹת ׃	Κατὰ τὸν λόγον Ἐφράιμ δικαιώματα αὐτὸς ἔλαβεν ἐν τῷ Ἰσραήλ, καὶ ἔθετο αὐτά τῇ Βάαλ καὶ ἀπέθανεν.	loquente Ephraim horror invasit Israhel et deliquit in Baal et mortuus est	[Loquente Ephraim, horror invasit Isral; et deliquit in Baal, et mortuus est.		When Ephraim spake trembling, he exalted himself in Israel; but when he offended in Baal, he died.
Hos	13	2	וְעַתָּה יוֹסִפוּ לַחֲטֹא וַיַּעְשׂוּ לָהֶם מַסֵּכָה מִכַּסְפָּם כִּתְבוּנָם עֲצַבִּים מַעֲשֵׂה חָרָשִׁים כֻּלֹּה לָהֶם הֵם אֹמְרִים זֹבְחֵי אָדָם עֲגָלִים יִשָּׁקוּן ׃	καὶ προσέθεντο τοῦ ἁμαρτάνειν, καὶ ἐποίησαν ἑαυτοῖς χώνευμα ἐκ τοῦ ἀργυρίου αὐτῶν κατʼ εἰκόνα εἰδώλων, ἔργα τεκτόνων συντετελεσμένα αὐτοῖς· αὐτοὶ λέγουσιν Θύσατε ἀνθρώπους. μόσχοι γὰρ ἐκλελοίπασιν.	et nunc addiderunt ad peccandum feceruntque sibi conflatile de argento suo quasi similitudinem idolorum factura artificum totum est his ipsi dicunt immolate homines vitulos adorantes	Et nunc addiderunt ad peccandum; feceruntque sibi conflatile de argento suo quasi similitudinem idolorum: factura artificum totum est: his ipsi dicunt: Immolate homines, vitulos adorantes.		And now they sin more and more, and have made them molten images of their silver, and idols according to their own understanding, all of it the work of the craftsmen: they say of them, Let the men that sacrifice kiss the calves.
Hos	13	3	לָכֵן יִהְיוּ כַּעֲנַן־בֹּקֶר וְכַטַּל מַשְׁכִּים הֹלֵךְ כְּמֹץ יְסֹעֵר מִגֹּרֶן וּכְעָשָׁן מֵאֲרֻבָּה ׃	διὰ τοῦτο ἔσονται ὡς νεφέλη πρωινὴ καὶ ὡς δρόσος ὀρθρινὴ πορευομένη, ὡς χνοῦς ἀποφυσώμενος ἀφʼ ἅλωνος καὶ ὡς ἀτμὶς ἀπὸ δακρύων.	idcirco erunt quasi nubes matutina et sicut ros matutinus praeteriens sicut pulvis turbine raptus ex area et sicut fumus de fumario	Idcirco erunt quasi nubes matutina, et sicut ros matutinus prteriens; sicut pulvis turbine raptus ex area, et sicut fumus de fumario.		Therefore they shall be as the morning cloud and as the early dew that passeth away, as the chaff that is driven with the whirlwind out of the floor, and as the smoke out of the chimney.
Hos	13	4	וְאָנֹכִי יְהוָה אֱלֹהֶיךָ מֵאֶרֶץ מִצְרָיִם וֵאלֹהִים זוּלָתִי לֹא תֵדָע וּמוֹשִׁיעַ אַיִן בִּלְתִּי ׃	ἐγὼ δὲ Κύριος ὁ θεός σου, στερεῶν τὸν οὐρανὸν καὶ κτίζων γῆν, οὗ αἱ χεῖρες ἔκτισαν πᾶσαν τὴν στρατείαν τοῦ οὐρανοῦ, καὶ οὐ παρέδειξά σοι αὐτὰ τοῦ πορεύεσθαι ὀπίσω αὐτῶν· καὶ ἐγὼ ἀνήγαγόν σε ἐκ γῆς Αἰγύπτου, καὶ θεὸν πλὴν ἐμοῦ οὐ γνώσῃ, καὶ σώζων οὐκ ἔστιν παρέξ ἐμοῦ.	ego autem Dominus Deus tuus ex terra Aegypti et Deum absque me nescies et salvator non est praeter me	Ego autem Dominus Deus tuus, ex terra gypti; et Deum absque me nescies, et salvator non est prter me.		Yet I am the Lord thy God from the land of Egypt, and thou shalt know no god but me: for there is no saviour beside me.
Hos	13	5	אֲנִי יְדַעְתִּיךָ בַּמִּדְבָּר בְּאֶרֶץ תַּלְאֻבוֹת ׃	ἐγὼ ἐποίμαινόν σε ἐν τῇ ἐρήμῳ, ἐν γῇ ἀοικήτῳ	ego cognovi te in deserto in terra solitudinis	Ego cognovi te in deserto, in terra solitudinis.		I did know thee in the wilderness, in the land of great drought.
Hos	13	6	כְּמַרְעִיתָם וַיִּשְׂבָּעוּ שָׂבְעוּ וַיָּרָם לִבָּם עַל־כֵּן שְׁכֵחוּנִי ׃	κατὰ τὰς νομὰς αὐτῶν· καὶ ἐνεπλήσθησαν εἰς πλησμομήν, καὶ ὑψώθησαν αἱ καρδίαι αὐτῶν, ἕνεκα τούτου ἐπελάθοντό μου.	iuxta pascua sua et adimpleti sunt et saturati elevaverunt cor suum et obliti sunt mei	Juxta pascua sua adimpleti sunt et saturati sunt; et levaverunt cor suum, et obliti sunt mei.		According to their pasture, so were they filled; they were filled, and their heart was exalted; therefore have they forgotten me.
Hos	13	7	וָאֱהִי לָהֶם כְּמוֹ־שָׁחַל כְּנָמֵר עַל־דֶּרֶךְ אָשׁוּר ׃	καὶ ἔσομαι αὐτοῖς ὡς πανθὴρ καὶ ὡς πάρδαλις κατὰ τὴν ὁδὸν Ἀσσυρίων·	et ero eis quasi leaena sicut pardus in via Assyriorum	Et ego ero eis quasi lena, sicut pardus in via Assyriorum.		Therefore I will be unto them as a lion: as a leopard by the way will I observe them:
Hos	13	8	אֶפְגְּשֵׁם כְּדֹב שַׁכּוּל וְאֶקְרַע סְגוֹר לִבָּם וְאֹכְלֵם שָׁם כְּלָבִיא חַיַּת הַשָּׂדֶה תְּבַקְּעֵם ׃	ἀπαντήσομαι αὐτοῖς ὡς ἄρκος ἀπορουμένη, καὶ διαρρήξω συνκλεισμὸν καρδίας αὐτῶν, καὶ καταφάγονται αὐτοὺς ἐκεῖ σκύμνοι δρυμοῦ, θηρία ἀγροῦ διασπάσει αὐτούς.	occurram eis quasi ursa raptis catulis et disrumpam interiora iecoris eorum et consumam eos ibi quasi leo bestia agri scindet eos	Occurram eis quasi ursa raptis catulis, et dirumpam interiora jecoris eorum, et consumam eos ibi quasi leo: bestia agri scindet eos.		I will meet them as a bear that is bereaved of her whelps, and will rend the caul of their heart, and there will I devour them like a lion: the wild beast shall tear them.
Hos	13	9	שִׁחֶתְךָ יִשְׂרָאֵל כִּי־בִי בְעֶזְרֶךָ ׃	τῇ διαφθορᾷ σου, Ἰσραήλ, τίς βοηθήσει;	perditio tua Israhel tantummodo in me auxilium tuum	Perditio tua, Isral: tantummodo in me auxilium tuum.		O Israel, thou hast destroyed thyself; but in me is thine help.
Hos	13	10	אֱהִי מַלְכְּךָ אֵפוֹא וְיוֹשִׁיעֲךָ בְּכָל־עָרֶיךָ וְשֹׁפְטֶיךָ אֲשֶׁר אָמַרְתָּ תְּנָה־לִּי מֶלֶךְ וְשָׂרִים ׃	ποῦ ὁ βασιλεὺς σου οὕτος; καὶ διασωσάτω σε ἐν πάσαις ταῖς πόλεσίν σου· κρινάτω σε ὃν εἶπας Δός μοι βασιλέα καὶ ἄρχοντα.	ubi est rex tuus maxime nunc salvet te in omnibus urbibus tuis et iudices tui de quibus dixisti da mihi regem et principes	Ubi est rex tuus? maxime nunc salvet te in omnibus urbibus tuis; et judices tui, de quibus dixisti: Da mihi regem et principes.		I will be thy king: where is any other that may save thee in all thy cities? and thy judges of whom thou saidst, Give me a king and princes?
Hos	13	11	אֶתֶּן־לְךָ מֶלֶךְ בְּאַפִּי וְאֶקַּח בְּעֶבְרָתִי ׃ ס	καὶ ἔδωκά σοι βασιλέα ἐν ὀργῇ μου, καὶ ἔσχον ἐν τῷ θυμῷ μου.	dabo tibi regem in furore meo et auferam in indignatione mea	Dabo tibi regem in furore meo, et auferam in indignatione mea.		I gave thee a king in mine anger, and took him away in my wrath.
Hos	13	12	צָרוּר עֲוֹן אֶפְרָיִם צְפוּנָה חַטָּאתוֹ ׃	συστροφὴν ἀδικίας Ἐφράιμ, ἐνκεκρυμμένη ἡ ἁμαρτία αὐτοῦ·	conligata est iniquitas Ephraim absconditum peccatum eius	Colligata est iniquitas Ephraim; absconditum peccatum ejus.		The iniquity of Ephraim is bound up; his sin is hid.
Hos	13	13	חֶבְלֵי יוֹלֵדָה יָבֹאוּ לוֹ הוּא־בֵן לֹא חָכָם כִּי־עֵת לֹא־יַעֲמֹד בְּמִשְׁבַּר בָּנִים ׃	ὠδῖνες ὡς τικτούσης ἥξουσιν αὐτῷ. οὗτος ὁ υἱός σου ὁ φρόνιμος, διότι οὐ μὴ ὑποστῇ ἐν συντριβῇ τέκνων.	dolores parturientis venient ei ipse filius non sapiens nunc enim non stabit in contritione filiorum	Dolores parturientis venient ei: ipse filius non sapiens: nunc enim non stabit in contritione filiorum.		The sorrows of a travailing woman shall come upon him: he is an unwise son; for he should not stay long in the place of the breaking forth of children.
Hos	13	14	מִיַּד שְׁאוֹל אֶפְדֵּם מִמָּוֶת אֶגְאָלֵם אֱהִי דְבָרֶיךָ מָוֶת אֱהִי קָטָבְךָ שְׁאוֹל נֹחַם יִסָּתֵר מֵעֵינָי ׃	ἐκ χειρὸς ᾅδου ῥύσομαι καὶ ἐκ θανάτου λυτρώσομαι αὐτούς· ποῦ ἡ δίκη σου, θάνατε; ποῦ τὸ κέντρον σου, ᾅδη ; παράκλησις κέκρυπται ἀπὸ ὀφθαλμῶν μοῦ,	de manu mortis liberabo eos de morte redimam eos ero mors tua o mors ero morsus tuus inferne consolatio abscondita est ab oculis meis	De manu mortis liberabo eos; de morte redimam eos. Ero mors tua, o mors! morsus tuus ero, inferne! consolatio abscondita est ab oculis meis.		I will ransom them from the power of the grave; I will redeem them from death: O death, I will be thy plagues; O grave, I will be thy destruction: repentance shall be hid from mine eyes.
Hos	13	15	כִּי הוּא בֵּן אַחִים יַפְרִיא יָבוֹא קָדִים רוּחַ יְהוָה מִמִּדְבָּר עֹלֶה וְיֵבוֹשׁ מְקוֹרוֹ וְיֶחֱרַב מַעְיָנוֹ הוּא יִשְׁסֶה אוֹצַר כָּל־כְּלִי חֶמְדָּה ׃	διότι οὗτος ἀνὰ μέσον ἀδελφῶν διαστελεῖ ἐπάξει καύσωνα ἄνεμον Κύριος ἐκ τῆς ἐρήμου ἐπʼ αὐτόν, καὶ ἀναξηρανεῖ τὰς φλέβας αὐτοῦ, ἐξερημώσει τὰς πηγὰς αὐτοῦ· αὐτὸς καταξηρανεῖ τὴν γῆν αὐτοῦ καὶ πάντα τὰ σκεύη τὰ ἐπιθυμητὰ αὐτοῦ.	quia ipse inter fratres dividet adducet urentem ventum Dominus de deserto ascendentem et siccabit venas eius et desolabit fontem eius et ipse diripiet thesaurum omnis vasis desiderabilis	Quia ipse inter fratres dividet: adducet urentem ventum Dominus de deserto ascendentem, et siccabit venas ejus, et desolabit fontem ejus: et ipse diripiet thesaurum omnis vasis desiderabilis.]		Though he be fruitful among his brethren, an east wind shall come, the wind of the Lord shall come up from the wilderness, and his spring shall become dry, and his fountain shall be dried up: he shall spoil the treasure of all pleasant vessels.
Hos	13	16						Samaria shall become desolate; for she hath rebelled against her God: they shall fall by the sword: their infants shall be dashed in pieces, and their women with child shall be ripped up.
Hos	14	1	תֶּאְשַׁם שֹׁמְרוֹן כִּי מָרְתָה בֵּאלֹהֶיהָ בַּחֶרֶב יִפֹּלוּ עֹלְלֵיהֶם יְרֻטָּשׁוּ וְהָרִיּוֹתָיו יְבֻקָּעוּ ׃ פ	ἀφανισθήσεται Σαμάρεια, ὅτι ἀντέστη πρὸς τὸν θεὸν αὐτῆς· ἐν ῥομφαίᾳ πεσοῦνται αὐτοί, καὶ τὰ ὑποτίτθια αὐτῶν ἐδαφισθήσονται, καὶ αἱ ἐν γαστρὶ ἔχουσαι αὐτῶν διαρραγήσονται.	pereat Samaria quoniam ad amaritudinem concitavit Dominum suum in gladio pereat parvuli eorum elidantur et fetae eius discindantur	[Pereat Samaria, quoniam ad amaritudinem concitavit Deum suum! in gladio pereant, parvuli eorum elidantur, et ft ejus discindantur!]		O israel, return unto the Lord thy God; for thou hast fallen by thine iniquity.
Hos	14	2	שׁוּבָה יִשְׂרָאֵל עַד יְהוָה אֱלֹהֶיךָ כִּי כָשַׁלְתָּ בַּעֲוֹנֶךָ ׃	Ἐπιστράφηθι, Ἰσραήλ, πρὸς Κύριον τὸν θεόν σου, διότι ἠσθένησας ἐν ταῖς ἀδικίαις σου.	convertere Israhel ad Dominum Deum tuum quoniam corruisti in iniquitate tua	[Convertere, Isral, ad Dominum Deum tuum, quoniam corruisti in iniquitate tua.		Take with you words, and turn to the Lord: say unto him, Take away all iniquity, and receive us graciously: so will we render the calves of our lips.
Hos	14	3	קְחוּ עִמָּכֶם דְּבָרִים וְשׁוּבוּ אֶל־יְהוָה אִמְרוּ אֵלָיו כָּל־תִּשָּׂא עָוֹן וְקַח־טוֹב וּנְשַׁלְּמָה פָרִים שְׂפָתֵינוּ ׃	λάβετε μεθʼ ἑαυτῶν λόγους καὶ ἐπιστράφητε πρὸς Κύριον τὸν θεὸν ὑμῶν· εἴπατε αὐτῷ ὅπως μὴ λάβητε ἀδικίαν καὶ λάβητε ἀγαθά, καὶ ἀνταποδώσομεν καρπὸν χειλέων ἡμῶν.	tollite vobiscum verba et convertimini ad Dominum dicite ei omnem aufer iniquitatem et accipe bonum et reddemus vitulos labiorum nostrorum	Tollite vobiscum verba, et convertimini ad Dominum; et dicite ei: Omnem aufer iniquitatem, accipe bonum, et reddemus vitulos labiorum nostrorum.		Asshur shall not save us; we will not ride upon horses: neither will we say any more to the work of our hands, Ye are our gods: for in thee the fatherless findeth mercy.
Hos	14	4	אַשּׁוּר לֹא יוֹשִׁיעֵנוּ עַל־סוּס לֹא נִרְכָּב וְלֹא־נֹאמַר עוֹד אֱלֹהֵינוּ לְמַעֲשֵׂה יָדֵינוּ אֲשֶׁר־בְּךָ יְרֻחַם יָתוֹם ׃	Ἀσσοὺρ οὐ μὴ σώσῃ ἡμᾶς, ἐφʼ ἵππον οὐκ ἀναβησόμεθα· οὐκέτι μὴ εἴπωμεν Θεοὶ ἡμῶν, τοῖς ἔργοις τῶν χειρῶν ἡμῶν· ὁ ἐν σοὶ ἐλεήσει ὀρφανόν.	Assur non salvabit nos super equum non ascendemus nec dicemus ultra dii nostri opera manuum nostrarum quia eius qui in te est misereberis pupilli	Assur non salvabit nos: super equum non ascendemus, nec dicemus ultra, Dii nostri opera manuum nostrarum: quia ejus, qui in te est, misereberis pupilli.		I will heal their backsliding, I will love them freely: for mine anger is turned away from him.
Hos	14	5	אֶרְפָּא מְשׁוּבָתָם אֹהֲבֵם נְדָבָה כִּי שָׁב אַפִּי מִמֶּנּוּ ׃	ἰάσομαι τὰς κατοικίας αὐτῶν, ἀγαπήσω αὐτοὺς ὁμολόγως, ὅτι ἀπέστρεψεν τὴν ὀργὴν μου ἀπʼ αὐτοῦ.	sanabo contritiones eorum diligam eos spontanee quia aversus est furor meus ab eo	Sanabo contritiones eorum; diligam eos spontanee: quia aversus est furor meus ab eis.		I will be as the dew unto Israel: he shall grow as the lily, and cast forth his roots as Lebanon.
Hos	14	6	אֶהְיֶה כַטַּל לְיִשְׂרָאֵל יִפְרַח כַּשּׁוֹשַׁנָּה וְיַךְ שָׁרָשָׁיו כַּלְּבָנוֹן ׃	ἔσομαι ὡς δρόσος τῷ Ἰσραήλ, ἀνθήσει ὡς κρίνον, καὶ βαλεῖ τὰς ῥίζας αὐτοῦ ὡς ὁ Λίβανος·	ero quasi ros Israhel germinabit quasi lilium et erumpet radix eius ut Libani	Ero quasi ros; Isral germinabit sicut lilium, et erumpet radix ejus ut Libani.		His branches shall spread, and his beauty shall be as the olive tree, and his smell as Lebanon.
Hos	14	7	יֵלְכוּ יֹנְקוֹתָיו וִיהִי כַזַּיִת הוֹדוֹ וְרֵיחַ לוֹ כַּלְּבָנוֹן ׃	πορεύσονται οἱ κλάδοι αὐτοῦ, καὶ ἔσται ὡς ἐλαία κατάκαρπος, καὶ ἡ ὀσφρασία αὐτοῦ ὡς Λιβάνου·	ibunt rami eius et erit quasi oliva gloria eius et odor eius ut Libani	Ibunt rami ejus, et erit quasi oliva gloria ejus, et odor ejus ut Libani.		They that dwell under his shadow shall return; they shall revive as the corn, and grow as the vine: the scent thereof shall be as the wine of Lebanon.
Hos	14	8	יָשֻׁבוּ יֹשְׁבֵי בְצִלּוֹ יְחַיּוּ דָגָן וְיִפְרְחוּ כַגָּפֶן זִכְרוֹ כְּיֵין לְבָנוֹן ׃ ס	ἐπιστρέψουσιν καὶ καθιοῦνται ὑπὸ τὴν σκέπην αὐτοῦ, ζήσονται καὶ μεθυσθήσονται σίτῳ· καὶ ἐξανθήσει ἄμπελος μνημόσυνον αὐτοῦ, ὡς οἶνος Λιβάνου.	convertentur sedentes in umbra eius vivent tritico et germinabunt quasi vinea memoriale eius sicut vinum Libani	Convertentur sedentes in umbra ejus; vivent tritico, et germinabunt quasi vinea; memoriale ejus sicut vinum Libani.		Ephraim shall say, What have I to do any more with idols? I have heard him, and observed him: I am like a green fir tree. From me is thy fruit found.
Hos	14	9	אֶפְרַיִם מַה־לִּי עוֹד לָעֲצַבִּים אֲנִי עָנִיתִי וַאֲשׁוּרֶנּוּ אֲנִי כִּבְרוֹשׁ רַעֲנָן מִמֶּנִּי פֶּרְיְךָ נִמְצָא ׃	τῷ Ἐφράιμ, τί αὐτῷ ἔτι καὶ εἰδώλοις; ἐγὼ ἐταπείνωσα αὐτόν, καὶ κατισχύσω αὐτόν· ἐγὼ ὡς ἄρκευθος πυκάζουσα, ἐξ ἐμοῦ ὁ καρπός σου εὕρηται.	Ephraim quid mihi ultra idola ego exaudiam et dirigam eum ego ut abietem virentem ex me fructus tuus inventus est	Ephraim, quid mihi ultra idola? Ego exaudiam, et dirigam eum ego ut abietem virentem; ex me fructus tuus inventus est.		Who is wise, and he shall understand these things? prudent, and he shall know them? for the ways of the Lord are right, and the just shall walk in them: but the transgressors shall fall therein.
Hos	14	10	מִי חָכָם וְיָבֵן אֵלֶּה נָבוֹן וְיֵדָעֵם כִּי־יְשָׁרִים דַּרְכֵי יְהוָה וְצַדִּקִים יֵלְכוּ בָם וּפֹשְׁעִים יִכָּשְׁלוּ בָם ׃	τίς σοφὸς καὶ συνήσει ταῦτα; ἡ συνετὸς καὶ ἐπιγνώσεται αὐτά; διότι εὐθεῖαι αἱ ὁδοὶ τοῦ κυρίου, καὶ δίκαιοι πορεύσονται ἐν αὐταῖς, οἱ δὲ ἀσεβεῖς ἀσθενήσουσιν ἐν αὐταῖς.	quis sapiens et intelleget ista intellegens et sciet haec quia rectae viae Domini et iusti ambulabunt in eis praevaricatores vero corruent in eis	Quis sapiens, et intelliget ista? intelligens, et sciet hc? quia rect vi Domini, et justi ambulabunt in eis; prvaricatores vero corruent in eis.]		
