book	chapter	verse	wlc	lxx	vulg	clem	tr	kjv
Jer	1	1	דִּבְרֵי יִרְמְיָהוּ בֶּן־חִלְקִיָּהוּ מִן־הַכֹּהֲנִים אֲשֶׁר בַּעֲנָתוֹת בְּאֶרֶץ בִּנְיָמִן ׃	ΤΟ ῥῆμα τοῦ θεοῦ ὃ ἐγένετο ἐπὶ Ἰερεμίαν τὸν τοῦ Χελκίουυ ἐκ τῶν ἱερέων, ὃς κατῴκει ἐν Ἀναθὼθ ἐν γῇ Βενιαμείν·	verba Hieremiae filii Helciae de sacerdotibus qui fuerunt in Anathoth in terra Beniamin	Verba Jeremi filii Helci, de sacerdotibus qui fuerunt in Anathoth, in terra Benjamin.		The words of Jeremiah the son of Hilkiah, of the priests that were in Anathoth in the land of Benjamin:
Jer	1	2	אֲשֶׁר הָיָה דְבַר־יְהוָה אֵלָיו בִּימֵי יֹאשִׁיָּהוּ בֶן־אָמוֹן מֶלֶךְ יְהוּדָה בִּשְׁלֹשׁ־עֶשְׂרֵה שָׁנָה לְמָלְכוֹ ׃	ὃς ἐγενήθη λόγος τοῦ θεοῦ πρὸς αὐτὸν ἐν ταῖς ἡμέραις Ἰ ωσεία υἱοῦ Ἀμὼς βασιλέως ούδα, ἔτους τρισκαιδεκάτου ἐν τῇ βασιλείᾳ αὐτοῦ.	quod factum est verbum Domini ad eum in diebus Iosiae filii Amon regis Iuda in tertiodecimo anno regni eius	Quod factum est verbum Domini ad eum in diebus Josi filii Amon, regis Juda, in tertiodecimo anno regni ejus.		To whom the word of the Lord came in the days of Josiah the son of Amon king of Judah, in the thirteenth year of his reign.
Jer	1	3	וַיְהִי בִּימֵי יְהוֹיָקִים בֶּן־יֹאשִׁיָּהוּ מֶלֶךְ יְהוּדָה עַד־תֹּם עַשְׁתֵּי עֶשְׂרֵה שָׁנָה לְצִדְקִיָּהוּ בֶן־יֹאשִׁיָּהוּ מֶלֶךְ יְהוּדָה עַד־גְּלוֹת יְרוּשָׁלַםִ בַּחֹדֶשׁ הַחֲמִישִׁי ׃ ס	καὶ ἐγένετο ἐν ταῖς ἡμέραις Ἰωακεὶμ υἱοῦ Ἰωσεία βασιλέως Ἰούδα ἕως ἑνδεκάτου ἔτους τοῦ Σεδεκία υἱοῦ Ἰωσεία βασιλέως Ἰούδα, ἕως τῆς αἰχμαλωσίας Ἰερουσαλὴμ ἐν τῷ πέμπτῳ μηνί.	et factum est in diebus Ioachim filii Iosiae regis Iuda usque ad consummationem undecimi anni Sedeciae filii Iosiae regis Iuda usque ad transmigrationem Hierusalem in mense quinto	Et factum est in diebus Joakim filii Josi, regis Juda, usque ad consummationem undecimi anni Sedeci, filii Josi, regis Juda, usque ad transmigrationem Jerusalem, in mense quinto.		It came also in the days of Jehoiakim the son of Josiah king of Judah, unto the end of the eleventh year of Zedekiah the son of Josiah king of Judah, unto the carrying away of Jerusalem captive in the fifth month.
Jer	1	4	וַיְהִי דְבַר־יְהוָה אֵלַי לֵאמֹר ׃	Καὶ ἐγένετο λόγος Κυρίου πρὸς αὐτόν	et factum est verbum Domini ad me dicens	Et factum est verbum Domini ad me, dicens:		Then the word of the Lord came unto me, saying,
Jer	1	5	בְּטֶרֶם אֶצּוֹרְךָ בַבֶּטֶן יְדַעְתִּיךָ וּבְטֶרֶם תֵּצֵא מֵרֶחֶם הִקְדַּשְׁתִּיךָ נָבִיא לַגּוֹיִם נְתַתִּיךָ ׃	Πρὸ τοῦ με πλάσαι σε ἐν κοιλίᾳ ἐπίσταμαί σε, καὶ πρὸ τοῦ σε ἐξελθεῖν ἡγίακά σε, προφήτην εἰς ἔθνη τέθεικά σε.	priusquam te formarem in utero novi te et antequam exires de vulva sanctificavi te prophetam gentibus dedi te	[Priusquam te formarem in utero, novi te, et antequam exires de vulva, sanctificavi te, et prophetam in gentibus dedi te.]		Before I formed thee in the belly I knew thee; and before thou camest forth out of the womb I sanctified thee, and I ordained thee a prophet unto the nations.
Jer	1	6	וָאֹמַר אֲהָהּ אֲדֹנָי יְהֹוִה הִנֵּה לֹא־יָדַעְתִּי דַּבֵּר כִּי־נַעַר אָנֹכִי ׃ פ	καὶ εἶπα Ὁ ὣν δέσποτα Κύριε, ἰδοὺ οὐκ ἐπίσταμαι λαλεῖν, ὅτι νεώτερος ἐγὼ εἰμι.	et dixi a a a Domine Deus ecce nescio loqui quia puer ego sum	Et dixi: [A, a, a, Domine Deus, ecce nescio loqui, quia puer ego sum.]		Then said I, Ah, Lord God! behold, I cannot speak: for I am a child.
Jer	1	7	וַיֹּאמֶר יְהוָה אֵלַי אַל־תֹּאמַר נַעַר אָנֹכִי כִּי עַל־כָּל־אֲשֶׁר אֶשְׁלָחֲךָ תֵּלֵךְ וְאֵת כָּל־אֲשֶׁר אֲצַוְּךָ תְּדַבֵּר ׃	καὶ εἶπεν Κύριος πρὸς μέ Μὴ λέγε ὅτι Νεώτερος ἐγὼ εἰμι, ὅτι πρὸς πάντας οὓς ἐὰν ἐξαποστείλω σε πορεύσῃ, καὶ κατὰ πάντα ὅσα ἐὰν ἐντείλωμαί σοι λαλήσεις.	et dixit Dominus ad me noli dicere puer sum quoniam ad omnia quae mittam te ibis et universa quaecumque mandavero tibi loqueris	Et dixit Dominus ad me: [Noli dicere: Puer sum: quoniam ad omnia qu mittam te ibis, et universa qucumque mandavero tibi loqueris.		But the Lord said unto me, Say not, I am a child: for thou shalt go to all that I shall send thee, and whatsoever I command thee thou shalt speak.
Jer	1	8	אַל־תִּירָא מִפְּנֵיהֶם כִּי־אִתְּךָ אֲנִי לְהַצִּלֶךָ נְאֻם־יְהוָה ׃	μὴ φοβηθῇς ἀπὸ προσώπου αὐτῶν, ὅτι μετὰ σοῦ ἐγώ εἰμι τοῦ ἐξαιρεῖσθαί σε, λέγει Κύριος.	ne timeas a facie eorum quia tecum ego sum ut eruam te dicit Dominus	Ne timeas a facie eorum, quia tecum ego sum ut eruam te, dicit Dominus.]		Be not afraid of their faces: for I am with thee to deliver thee, saith the Lord.
Jer	1	9	וַיִּשְׁלַח יְהוָה אֶת־יָדוֹ וַיַּגַּע עַל־פִּי וַיֹּאמֶר יְהוָה אֵלַי הִנֵּה נָתַתִּי דְבָרַי בְּפִיךָ ׃	καὶ ἐξέτεινεν Κύριος τὴν χεῖρα αὐτοῦ πρὸς μέ καὶ ἥψατο τοῦ στόματός μου, καὶ εἶπεν Κύριος πρὸς μέ Ἰδοὺ δέδωκα τοὺς λόγους μου εἰς τὸ στόμα σου.	et misit Dominus manum suam et tetigit os meum et dixit Dominus ad me ecce dedi verba mea in ore tuo	Et misit Dominus manum suam, et tetigit os meum, et dixit Dominus ad me: [Ecce dedi verba mea in ore tuo:		Then the Lord put forth his hand, and touched my mouth. And the Lord said unto me, Behold, I have put my words in thy mouth.
Jer	1	10	רְאֵה הִפְקַדְתִּיךָ הַיּוֹם הַזֶּה עַל־הַגּוֹיִם וְעַל־הַמַּמְלָכוֹת לִנְתוֹשׁ וְלִנְתוֹץ וּלְהַאֲבִיד וְלַהֲרוֹס לִבְנוֹת וְלִנְטוֹעַ ׃ פ	ἰδοὺ καθέστακά σε σήμερον ἐπὶ ἔθνη καὶ βασιλείας, ἐκριζοῦν καὶ κατασκάπτειν καὶ ἀπολλύειν καὶ ἀνοικοδομεῖν καὶ καταφυτεύειν.	ecce constitui te hodie super gentes et super regna ut evellas et destruas et disperdas et dissipes et aedifices et plantes	ecce constitui te hodie super gentes et super regna, ut evellas, et destruas, et disperdas, et dissipes, et difices, et plantes.]		See, I have this day set thee over the nations and over the kingdoms, to root out, and to pull down, and to destroy, and to throw down, to build, and to plant.
Jer	1	11	וַיְהִי דְבַר־יְהוָה אֵלַי לֵאמֹר מָה־אַתָּה רֹאֶה יִרְמְיָהוּ וָאֹמַר מַקֵּל שָׁקֵד אֲנִי רֹאֶה ׃	Καὶ ἐγένετο λόγος Κυρίου πρὸς μέ λέγων Τί σὺ ὁρᾷς; καὶ εἶπα Βακτηρίαν καρυίνην.	et factum est verbum Domini ad me dicens quid tu vides Hieremia et dixi virgam vigilantem ego video	Et factum est verbum Domini ad me, dicens: [Quid tu vides, Jeremia?] Et dixi: [Virgam vigilantem ego video.]		Moreover the word of the Lord came unto me, saying, Jeremiah, what seest thou? And I said, I see a rod of an almond tree.
Jer	1	12	וַיֹּאמֶר יְהוָה אֵלַי הֵיטַבְתָּ לִרְאוֹת כִּי־שֹׁקֵד אֲנִי עַל־דְּבָרִי לַעֲשֹׂתוֹ ׃ פ	καὶ εἶπεν Κύριος πρὸς μέ Καλῶς ἑώρακας, διότι ἐγρήγορα ἐγὼ ἐπὶ τοὺς λόγους μου τοῦ ποιῆσαι αὐτοὺς.	et dixit Dominus ad me bene vidisti quia vigilabo ego super verbo meo ut faciam illud	Et dixit Dominus ad me: [Bene vidisti: quia vigilabo ego super verbo meo, ut faciam illud.]		Then said the Lord unto me, Thou hast well seen: for I will hasten my word to perform it.
Jer	1	13	וַיְהִי דְבַר־יְהוָה אֵלַי שֵׁנִית לֵאמֹר מָה אַתָּה רֹאֶה וָאֹמַר סִיר נָפוּחַ אֲנִי רֹאֶה וּפָנָיו מִפְּנֵי צָפוֹנָה ׃	καὶ ἐγένετο λόγος Κυρίου πρὸς μέ ἐκ δευτέρου λέγων Τί σὺ ὁρᾷς; καὶ εἶπα Λέβητα ὑποκαιόμενον, καὶ τὸ πρόσωπον αὐτοῦ ἀπὸ προσώπου βορρᾶ.	et factum est verbum Domini secundo ad me dicens quid tu vides et dixi ollam succensam ego video et faciem eius a facie aquilonis	Et factum est verbum Domini secundo ad me, dicens: [Quid tu vides?] Et dixi: [Ollam succensam ego video, et faciem ejus a facie aquilonis.]		And the word of the Lord came unto me the second time, saying, What seest thou? And I said, I see a seething pot; and the face thereof is toward the north.
Jer	1	14	וַיֹּאמֶר יְהוָה אֵלָי מִצָּפוֹן תִּפָּתַח הָרָעָה עַל כָּל־יֹשְׁבֵי הָאָרֶץ ׃	καὶ εἶπεν Κύριος πρὸς μέ Ἀπὸ προσώπου βορρᾶ ἐκκαυθήσεται τὰ κακὰ ἐπὶ πάντας τοὺς κατοικοῦντας τὴν γῆν.	et dixit Dominus ad me ab aquilone pandetur malum super omnes habitatores terrae	Et dixit Dominus ad me: [Ab aquilone pandetur malum super omnes habitatores terr:		Then the Lord said unto me, Out of the north an evil shall break forth upon all the inhabitants of the land.
Jer	1	15	כִּי הִנְנִי קֹרֵא לְכָל־מִשְׁפְּחוֹת מַמְלְכוֹת צָפוֹנָה נְאֻם־יְהוָה וּבָאוּ וְנָתְנוּ אִישׁ כִּסְאוֹ פֶּתַח שַׁעֲרֵי יְרוּשָׁלַםִ וְעַל כָּל־חוֹמֹתֶיהָ סָבִיב וְעַל כָּל־עָרֵי יְהוּדָה ׃	διότι ἰδοὺ ἐγὼ συνκαλῶ πάσας τὰς βασιλείας ἀπὸ βορρᾶ τῆς γῆς, λέγει Κύριος, καὶ ἥξουσιν καὶ θήσουσιν ἕκαστος τὸν θρόνον αὐτοῦ ἐπὶ τὰ πρόθυρα τῶν πυλῶν Ἰερουσαλὴμ καὶ ἐπὶ πάντα τὰ τείχη τὰ κύκλῳ αὐτῆς καὶ ἐπὶ πάσας τὰς πόλεις Ἰούδα.	quia ecce ego convocabo omnes cognationes regnorum aquilonis ait Dominus et venient et ponent unusquisque solium suum in introitu portarum Hierusalem et super omnes muros eius in circuitu et super universas urbes Iuda	quia ecce ego convocabo omnes cognationes regnorum aquilonis, ait Dominus: et venient, et ponent unusquisque solium suum in introitu portarum Jerusalem, et super omnes muros ejus in circuitu, et super universas urbes Juda:		For, lo, I will call all the families of the kingdoms of the north, saith the Lord; and they shall come, and they shall set every one his throne at the entering of the gates of Jerusalem, and against all the walls thereof round about, and against all the cities of Judah.
Jer	1	16	וְדִבַּרְתִּי מִשְׁפָּטַי אוֹתָם עַל כָּל־רָעָתָם אֲשֶׁר עֲזָבוּנִי וַיְקַטְּרוּ לֵאלֹהִים אֲחֵרִים וַיִּשְׁתַּחֲווּ לְמַעֲשֵׂי יְדֵיהֶם ׃	καὶ λαλήσω πρὸς αὐτοὺς μετὰ κρίσεως περὶ πάσης τῆς κακίας αὐτῶν, ὡς ἐνκατέλιπόν με καὶ ἔθυσαν θεοῖς ἀλλοτρίοις καὶ προσεκύνησαν τοῖς ἔργοις τῶν χειρῶν αὐτῶν.	et loquar iudicia mea cum eis super omni malitia eorum qui dereliquerunt me et libaverunt diis alienis et adoraverunt opus manuum suarum	et loquar judicia mea cum eis super omnem malitiam eorum qui dereliquerunt me, et libaverunt diis alienis, et adoraverunt opus manuum suarum.		And I will utter my judgments against them touching all their wickedness, who have forsaken me, and have burned incense unto other gods, and worshipped the works of their own hands.
Jer	1	17	וְאַתָּה תֶּאְזֹר מָתְנֶיךָ וְקַמְתָּ וְדִבַּרְתָּ אֲלֵיהֶם אֵת כָּל־אֲשֶׁר אָנֹכִי אֲצַוֶּךָּ אַל־תֵּחַת מִפְּנֵיהֶם פֶּן־אֲחִתְּךָ לִפְנֵיהֶם ׃	καὶ σὺ περίζωσαι τὴν ὀσφύν σου καὶ ἀνάστηθι καὶ εἰπὸν πάντα ὅσα ἂν ἐντείλωμαί σοι· μὴ φοβηθῇς ἀπὸ προσώπου αὐτῶν μηδέ πτοηθῇς ἐναντίον αὐτῶν, ὅτι μετὰ σοῦ εἰμὶ τοῦ ἐξαιρεῖσθαί σε, λέγει Κύριος.	tu ergo accinge lumbos tuos et surge et loquere ad eos omnia quae ego praecipio tibi ne formides a facie eorum nec enim timere te faciam vultum eorum	Tu ergo, accinge lumbos tuos, et surge, et loquere ad eos omnia qu ego prcipio tibi. Ne formides a facie eorum, nec enim timere te faciam vultum eorum.		Thou therefore gird up thy loins, and arise, and speak unto them all that I command thee: be not dismayed at their faces, lest I confound thee before them.
Jer	1	18	וַאֲנִי הִנֵּה נְתַתִּיךָ הַיּוֹם לְעִיר מִבְצָר וּלְעַמּוּד בַּרְזֶל וּלְחֹמוֹת נְחֹשֶׁת עַל־כָּל־הָאָרֶץ לְמַלְכֵי יְהוּדָה לְשָׂרֶיהָ לְכֹהֲנֶיהָ וּלְעַם הָאָרֶץ ׃	ἰδοὺ τέθεικά σε ἐν τῇ σήμερον ἡμέρᾳ ὡς πόλιν ὀχυρὰν καὶ ὡς τεῖχος χαλκοῦν, ὀχυροῦν πᾶσιν τοῖς βασιλεῦσιν Ἰούδα καὶ τοῖς ἄρχουσιν αὐτοῦ καὶ τῷ λαῷ τῆς γῆς·	ego quippe dedi te hodie in civitatem munitam et in columnam ferream et in murum aereum super omnem terram regibus Iuda principibus eius et sacerdotibus et populo terrae	Ego quippe dedi te hodie in civitatem munitam, et in columnam ferream, et in murum reum, super omnem terram, regibus Juda, principibus ejus, et sacerdotibus, et populo terr.		For, behold, I have made thee this day a defenced city, and an iron pillar, and brasen walls against the whole land, against the kings of Judah, against the princes thereof, against the priests thereof, and against the people of the land.
Jer	1	19	וְנִלְחֲמוּ אֵלֶיךָ וְלֹא־יוּכְלוּ לָךְ כִּי־אִתְּךָ אֲנִי נְאֻם־יְהוָה לְהַצִּילֶךָ ׃ פ	καὶ πολεμήσουσίν σε καὶ οὐ μὴ δύνωνται πρὸς σέ, διότι μετὰ σοῦ ἐγώ εἰμι τοῦ ἐξαιρεῖσθαί σε, εἶπεν Κύριος.	et bellabunt adversum te et non praevalebunt quia tecum ego sum ait Dominus ut liberem te	Et bellabunt adversum te, et non prvalebunt, quia ego tecum sum, ait Dominus, ut liberem te.]		And they shall fight against thee; but they shall not prevail against thee; for I am with thee, saith the Lord, to deliver thee.
Jer	2	1	וַיְהִי דְבַר־יְהוָה אֵלַי לֵאמֹר ׃		et factum est verbum Domini ad me dicens	Et factum est verbum Domini ad me, dicens:		Moreover the word of the Lord came to me, saying,
Jer	2	2	הָלֹךְ וְקָרָאתָ בְאָזְנֵי יְרוּשָׁלַםִ לֵאמֹר כֹּה אָמַר יְהוָה זָכַרְתִּי לָךְ חֶסֶד נְעוּרַיִךְ אַהֲבַת כְּלוּלֹתָיִךְ לֶכְתֵּךְ אַחֲרַי בַּמִּדְבָּר בְּאֶרֶץ לֹא זְרוּעָה ׃	Καὶ εἶπεν Τάδε λέγει Κύριος Ἐμνήσθην ἐλέους νεότητός σου καὶ ἀγάπης τελειώσεως αὐτοῦ, ἐξακολουθῆσαί σε τῷ ἁγίῳ Ἰσραήλ, λέγει Κύριος.	vade et clama in auribus Hierusalem dicens haec dicit Dominus recordatus sum tui miserans adulescentiam tuam et caritatem disponsationis tuae quando secuta me es in deserto in terra quae non seminatur	[Vade, et clama in auribus Jerusalem, dicens: Hc dicit Dominus: Recordatus sum tui, miserans adolescentiam tuam, et caritatem desponsationis tu, quando secuta es me in deserto, in terra qu non seminatur.		Go and cry in the ears of Jerusalem, saying, Thus saith the Lord; I remember thee, the kindness of thy youth, the love of thine espousals, when thou wentest after me in the wilderness, in a land that was not sown.
Jer	2	3	קֹדֶשׁ יִשְׂרָאֵל לַיהוָה רֵאשִׁית תְּבוּאָתֹה כָּל־אֹכְלָיו יֶאְשָׁמוּ רָעָה תָּבֹא אֲלֵיהֶם נְאֻם־יְהוָה ׃ פ	ἅγιος Ἰσραὴλ τῷ κυρίῳ, ἀρχὴ γενημάτων αὐτοῦ· πάντες οἱ ἔσθοντες αὐτὸν πλημμελήσουσιν, κακὰ ἥξει ἐπʼ αὐτούς. φησὶν Κύριος.	sanctus Israhel Domino primitiae frugum eius omnes qui devorant eum delinquunt mala venient super eos dicit Dominus	Sanctus Isral Domino, primiti frugum ejus: omnes qui devorant eum delinquunt: mala venient super eos, dicit Dominus.		Israel was holiness unto the Lord, and the firstfruits of his increase: all that devour him shall offend; evil shall come upon them, saith the Lord.
Jer	2	4	שִׁמְעוּ דְבַר־יְהוָה בֵּית יַעֲקֹב וְכָל־מִשְׁפְּחוֹת בֵּית יִשְׂרָאֵל ׃	Ἀκούσατε λόγον Κυρίου, οἶκος Ἰαωὼβ καὶ πᾶσα πατριὰ οἴκου Ἰσραήλ.	audite verbum Domini domus Iacob et omnes cognationes domus Israhel	Audite verbum Domini, domus Jacob, et omnes cognationes domus Isral.		Hear ye the word of the Lord, O house of Jacob, and all the families of the house of Israel:
Jer	2	5	כֹּה אָמַר יְהוָה מַה־מָּצְאוּ אֲבוֹתֵיכֶם בִּי עָוֶל כִּי רָחֲקוּ מֵעָלָי וַיֵּלְכוּ אַחֲרֵי הַהֶבֶל וַיֶּהְבָּלוּ ׃	τάδε λέγει Κύριος Τί εὕροσαν οἱ πατέρες ὑμῶν ἐν ἐμοὶ πλημμέλημα, ὅτι ἀπέστησαν μακρὰν ἀπʼ ῤμοῦ, καὶ ἐπορεύθησαν ὀπίσω τῶν ματαίων καὶ ἐματαιώθησαν; καὶ οὐκ εἶπαν Ποῦ ἐστιν Κύριος ὁ ἀναγαγὼν ἡμᾶς ἐκ γῆς Αἰγύπτου, ὁ καθοδηγήσας ἡμᾶς ἐν τῇ ἐρήμφῳ ἐν γῇ ἀπείρῳ καὶ ἀβάτῳ, ἐν γῇ ἀνύδρῳ καὶ ἀκάρπῳ, ἐν γῇ ἐν ᾗ οὐ διώδευσεν ἐν αὐτῇ οὐθὲν καὶ οὐ κατῴκησεν ἄνθρωπος ἐκεῖ;	haec dicit Dominus quid invenerunt patres vestri in me iniquitatis quia elongaverunt a me et ambulaverunt post vanitatem et vani facti sunt	Hc dicit Dominus: Quid invenerunt patres vestri in me iniquitatis, quia elongaverunt a me, et ambulaverunt post vanitatem, et vani facti sunt?		Thus saith the Lord, What iniquity have your fathers found in me, that they are gone far from me, and have walked after vanity, and are become vain?
Jer	2	6	וְלֹא אָמְרוּ אַיֵּה יְהוָה הַמַּעֲלֶה אֹתָנוּ מֵאֶרֶץ מִצְרָיִם הַמּוֹלִיךְ אֹתָנוּ בַּמִּדְבָּר בְּאֶרֶץ עֲרָבָה וְשׁוּחָה בְּאֶרֶץ צִיָּה וְצַלְמָוֶת בְּאֶרֶץ לֹא־עָבַר בָּהּ אִישׁ וְלֹא־יָשַׁב אָדָם שָׁם ׃		et non dixerunt ubi est Dominus qui ascendere nos fecit de terra Aegypti qui transduxit nos per desertum per terram inhabitabilem et inviam per terram sitis et imaginem mortis per terram in qua non ambulavit vir neque habitavit homo	Et non dixerunt: Ubi est Dominus qui ascendere nos fecit de terra gypti; qui traduxit nos per desertum, per terram inhabitabilem et inviam, per terram sitis, et imaginem mortis, per terram in qua non ambulavit vir, neque habitavit homo?		Neither said they, Where is the Lord that brought us up out of the land of Egypt, that led us through the wilderness, through a land of deserts and of pits, through a land of drought, and of the shadow of death, through a land that no man passed through, and where no man dwelt?
Jer	2	7	וָאָבִיא אֶתְכֶם אֶל־אֶרֶץ הַכַּרְמֶל לֶאֱכֹל פִּרְיָהּ וְטוּבָהּ וַתָּבֹאוּ וַתְּטַמְּאוּ אֶת־אַרְצִי וְנַחֲלָתִי שַׂמְתֶּם לְתוֹעֵבָה ׃	καὶ ἤγαγον ὑμῆς εἰς τὸν Κάρμηλον, τοῦ φαγεῖν ὑμᾶς τοὺς καρποὺς αὐτοῦ καὶ τὰ ἀγαθὰ αὐτοῦ· καὶ εἰσήλθατε καὶ ἐμιάνατε τὴν γῆν μου, καὶ τὴν κληρονομίαν μου ἔθεσθε εἰς βδέλυγμα.	et induxi vos in terram Carmeli ut comederetis fructum eius et optima illius et ingressi contaminastis terram meam et hereditatem meam posuistis in abominationem	Et induxi vos in terram Carmeli, ut comederetis fructum ejus et optima illius: et ingressi contaminastis terram meam, et hreditatem meam posuistis in abominationem.		And I brought you into a plentiful country, to eat the fruit thereof and the goodness thereof; but when ye entered, ye defiled my land, and made mine heritage an abomination.
Jer	2	8	הַכֹּהֲנִים לֹא אָמְרוּ אַיֵּה יְהוָה וְתֹפְשֵׂי הַתּוֹרָה לֹא יְדָעוּנִי וְהָרֹעִים פָּשְׁעוּ בִי וְהַנְּבִיאִים נִבְּאוּ בַבַּעַל וְאַחֲרֵי לֹא־יוֹעִלוּ הָלָכוּ ׃	οἱ ἱερεῖς οὐκ εἶπαν Ποῦ ἐστιν Κύριος; καὶ οἱ ἀντεχόμενοι τοῦ νόμου οὐκ ἠπίσταντό με, καὶ οἱ ποιμένες ἠσέβουν εἰς ἐμέ, καὶ οἱ προφῆται ἐπροφήτευον τῇ Βάαλ καὶ ὀπίσω ἀνωφελοῦς ἐπορεύθησαν.	sacerdotes non dixerunt ubi est Dominus et tenentes legem nescierunt me et pastores praevaricati sunt in me et prophetae prophetaverunt in Baal et idola secuti sunt	Sacerdotes non dixerunt: Ubi est Dominus? et tenentes legem nescierunt me, et pastores prvaricati sunt in me, et prophet prophetaverunt in Baal, et idola secuti sunt.		The priests said not, Where is the Lord? and they that handle the law knew me not: the pastors also transgressed against me, and the prophets prophesied by Baal, and walked after things that do not profit.
Jer	2	9	לָכֵן עֹד אָרִיב אִתְּכֶם נְאֻם־יְהוָה וְאֶת־בְּנֵי בְנֵיכֶם אָרִיב ׃	δὰ τοῦτο ἔτι κριθήσομαι πρὸς ὑμᾶς, καὶ πρὸς τοὺς υἱοὺς τῶν υἱῶν ὑμῶν κριθήσομαι.	propterea adhuc iudicio contendam vobiscum ait Dominus et cum filiis vestris disceptabo	Propterea adhuc judicio contendam vobiscum, ait Dominus, et cum filiis vestris disceptabo.		Wherefore I will yet plead with you, saith the Lord, and with your children's children will I plead.
Jer	2	10	כִּי עִבְרוּ אִיֵּי כִתִּיִּים וּרְאוּ וְקֵדָר שִׁלְחוּ וְהִתְבּוֹנְנוּ מְאֹד וּרְאוּ הֵן הָיְתָה כָּזֹאת ׃	διότι ἔλθετε εἰς νήσους Χεττιεὶμ καὶ ἴδιτε, καὶ εἰς Κηδιὶρ ἀποστείλατε καὶ νοήσατε σφόδρα, καὶ ἴδετε εἰ γέγονεν τοιαῦτα,	transite ad insulas Cetthim et videte et in Cedar mittite et considerate vehementer et videte si factum est huiuscemodi	Transite ad insulas Cethim, et videte: et in Cedar mittite, et considerate vehementer: et videte si factum est hujuscemodi:		For pass over the isles of Chittim, and see; and send unto Kedar, and consider diligently, and see if there be such a thing.
Jer	2	11	הַהֵימִיר גּוֹי אֱלֹהִים וְהֵמָּה לֹא אֱלֹהִים וְעַמִּי הֵמִיר כְּבוֹדוֹ בְּלוֹא יוֹעִיל ׃	εἰ ἀλλάξονται ἔθνη θεοὺς αὐτῶν, καὶ οὗτοι οὐκ εἰσὶν θεοί ὁ δὲ λαός μου ἠλλάξατο τὴν δόξαν αὐτοῦ, ἐξ ἧς οὐκ ὠφεληθήσονται.	si mutavit gens deos et certe ipsi non sunt dii populus vero meus mutavit Gloriam suam in idolum	si mutavit gens deos suos, et certe ipsi non sunt dii: populus vero meus mutavit gloriam suam in idolum.		Hath a nation changed their gods, which are yet no gods? but my people have changed their glory for that which doth not profit.
Jer	2	12	שֹׁמּוּ שָׁמַיִם עַל־זֹאת וְשַׂעֲרוּ חָרְבוּ מְאֹד נְאֻם־יְהוָה ׃	ἐξέστη ὁ οὐρανὸς ἐπὶ τούτῳ κρῖ ἔφριξεν ἐπὶ πλεῖον σφόδρα, λέγει Κύριος.	obstupescite caeli super hoc et portae eius desolamini vehementer dicit Dominus	Obstupescite, cli, super hoc, et port ejus, desolamini vehementer, dicit Dominus.		Be astonished, O ye heavens, at this, and be horribly afraid, be ye very desolate, saith the Lord.
Jer	2	13	כִּי־שְׁתַּיִם רָעוֹת עָשָׂה עַמִּי אֹתִי עָזְבוּ מְקוֹר מַיִם חַיִּים לַחְצֹב לָהֶם בֹּארוֹת בֹּארֹת נִשְׁבָּרִים אֲשֶׁר לֹא־יָכִלוּ הַמָּיִם ׃	ὅτι δύο καὶ πονηρὰ ἐποίησεν ὁ λαός μου· ἐμὲ ἐνατέλιπον, πηγὴν ὕδατος ζωῆς, καὶ ὥρυξαν ἑαυτοῖς λάκκους συντετριμμένους οἱ οὐ δυνήσονται ὕδωρ συνέχειν.	duo enim mala fecit populus meus me dereliquerunt fontem aquae vivae ut foderent sibi cisternas cisternas dissipatas quae continere non valent aquas	Duo enim mala fecit populus meus: me dereliquerunt fontem aqu viv, et foderunt sibi cisternas, cisternas dissipatas, quia continere non valent aquas.		For my people have committed two evils; they have forsaken me the fountain of living waters, and hewed them out cisterns, broken cisterns, that can hold no water.
Jer	2	14	הַעֶבֶד יִשְׂרָאֵל אִם־יְלִיד בַּיִת הוּא מַדּוּעַ הָיָה לָבַז ׃	μὴ δοῦλός ἐστιν Ἰσραήλ, ἢ οἰκογενής ἐστιν; διὰ τί εἰς προνομὴν ἐγένετο;	numquid servus est Israhel aut vernaculus quare ergo est factus in praedam	Numquid servus est Isral, aut vernaculus? quare ergo factus est in prdam?		Is Israel a servant? is he a homeborn slave? why is he spoiled?
Jer	2	15	עָלָיו יִשְׁאֲגוּ כְפִרִים נָתְנוּ קוֹלָם וַיָּשִׁיתוּ אַרְצוֹ לְשַׁמָּה עָרָיו נִצְּתָה מִבְּלִי יֹשֵׁב ׃	ἐπ᾿ αὐτὸν ὠρύοντο λέοντες καὶ ἔδωκαν τὴν φωνὴν αὐτῶν, οἳ ἔταξαν τὴν γῆν αὐτοῦ εἰς ἔρημον, καὶ αἱ πόλεις αὐτοῦ κατεσκάφησαν παρὰ τὸ μὴ κατοικεῖσθαι	super eum rugierunt leones et dederunt vocem suam posuerunt terram eius in solitudinem civitates eius exustae sunt et non est qui habitet in eis	Super eum rugierunt leones, et dederunt vocem suam: posuerunt terram ejus in solitudinem. Civitates ejus exust sunt, et non est qui habitet in eis.		The young lions roared upon him, and yelled, and they made his land waste: his cities are burned without inhabitant.
Jer	2	16	גַּם־בְּנֵי־נֹף וְתַחְפְּנֵס יִרְעוּךְ קָדְקֹד ׃	καὶ υἱοὶ Μέμφεως καὶ Ταφωὰς ἔγνωσάν σε καὶ κατέπαιζόν σου· οὐχὶ ταῦτα ἐποίησέν σοι τὸ καταλιπεῖν σε ἐμέ;	filii quoque Memfeos et Tafnes constupraverunt te usque ad verticem	Filii quoque Mempheos et Taphnes constupraverunt te usque ad verticem.		Also the children of Noph and Tahapanes have broken the crown of thy head.
Jer	2	17	הֲלוֹא־זֹאת תַּעֲשֶׂה־לָּךְ עָזְבֵךְ אֶת־יְהוָה אֱלֹהַיִךְ בְּעֵת מוֹלִיכֵךְ בַּדָּרֶךְ ׃	λέγει Κύριος ὁ θεός σου.	numquid non istud factum est tibi quia dereliquisti Dominum Deum tuum eo tempore quo ducebat te per viam	Numquid non istud factum est tibi, quia dereliquisti Dominum Deum tuum eo tempore quo ducebat te per viam?		Hast thou not procured this unto thyself, in that thou hast forsaken the Lord thy God, when he led thee by the way?
Jer	2	18	וְעַתָּה מַה־לָּךְ לְדֶרֶךְ מִצְרַיִם לִשְׁתּוֹת מֵי שִׁחוֹר וּמַה־לָּךְ לְדֶרֶךְ אַשּׁוּר לִשְׁתּוֹת מֵי נָהָר ׃	καὶ νῖν τί σοι καὶ τῇ ὁδῷ Αἰγύπτου τοῦ πιεῖν ὕδωρ Γηὼν; καὶ τί σοι καὶ τῇ ὁδῷ Ἀσσυρίων τοῦ πιεῖν ὕδωρ ποταμῶν;	et nunc quid tibi vis in via Aegypti ut bibas aquam turbidam et quid tibi cum via Assyriorum ut bibas aquam Fluminis	Et nunc quid tibi vis in via gypti, ut bibas aquam turbidam? et quid tibi cum via Assyriorum, ut bibas aquam fluminis?		And now what hast thou to do in the way of Egypt, to drink the waters of Sihor? or what hast thou to do in the way of Assyria, to drink the waters of the river?
Jer	2	19	תְּיַסְּרֵךְ רָעָתֵךְ וּמְשֻׁבוֹתַיִךְ תּוֹכִחֻךְ וּדְעִי וּרְאִי כִּי־רַע וָמָר עָזְבֵךְ אֶת־יְהוָה אֱלֹהָיִךְ וְלֹא פַחְדָּתִי אֵלַיִךְ נְאֻם־אֲדֹנָי יְהוִה צְבָאוֹת ׃	παιδεύσει σε ἡ ἀποστασία σου, καὶ ἡ κακία σου ἐλέγξει σε· καὶ γνῶθι καὶ ἴδε ὅτι πικρόν σοι τὸ καταλιπεῖν σε ἐμέ, λέγει Κύριος ὁ θεός σου· καὶ οὐκ εὐδόκησα ἐπὶ σοί, λέγει Κύριος ὁ θεός σου.	arguet te malitia tua et aversio tua increpabit te scito et vide quia malum et amarum est reliquisse te Dominum Deum tuum et non esse timorem mei apud te dicit Dominus Deus exercituum	Arguet te malitia tua, et aversio tua increpabit te. Scito et vide quia malum et amarum est reliquisse te Dominum Deum tuum, et non esse timorem mei apud te, dicit Dominus Deus exercituum.		Thine own wickedness shall correct thee, and thy backslidings shall reprove thee: know therefore and see that it is an evil thing and bitter, that thou hast forsaken the Lord thy God, and that my fear is not in thee, saith the Lord God of hosts.
Jer	2	20	כִּי מֵעוֹלָם שָׁבַרְתִּי עֻלֵּךְ נִתַּקְתִּי מוֹסְרֹתַיִךְ וַתֹּאמְרִי לֹא אֶעֱבֹד כִּי עַל־כָּל־גִּבְעָה גְּבֹהָה וְתַחַת כָּל־עֵץ רַעֲנָן אַתְּ צֹעָה זֹנָה ׃	ὅτι ἀπʼ αἰῶνος συνέτριψας τὸν ζυγόν σου· διέσπασας τοὺς δεσμοὺς σου, καὶ εἶπας Οὐ δουλεύσω σοι, ἀλλὰ πορεύσομαι ἐπὶ πᾶν βουνὸν ὑψηλὸν καὶ ὑποκάτω παντὸς ξύλου κατασκίου, ἐκεῖ διαχυθήσομαι ἐν τῇ πορνείᾳ μου.	a saeculo confregisti iugum meum rupisti vincula mea et dixisti non serviam in omni enim colle sublimi et sub omni ligno frondoso tu prosternebaris meretrix	A sculo confregisti jugum meum: rupisti vincula mea, et dixisti: Non serviam. In omni enim colle sublimi, et sub omni ligno frondoso, tu prosternebaris meretrix.		For of old time I have broken thy yoke, and burst thy bands; and thou saidst, I will not transgress; when upon every high hill and under every green tree thou wanderest, playing the harlot.
Jer	2	21	וְאָנֹכִי נְטַעְתִּיךְ שֹׂרֵק כֻּלֹּה זֶרַע אֱמֶת וְאֵיךְ נֶהְפַּכְתְּ לִי סוּרֵי הַגֶּפֶן נָכְרִיָּה ׃	ἐγὼ δὲ ἐφύτευσά σε ἄμπελον καρποφόρον πᾶσαν ἀληθινήν· πῶς ἐστράφης εἰς πικρίαν, ἡ ἄμπελος ἡ ἀλλοτρία;	ego autem plantavi te vineam electam omne semen verum quomodo ergo conversa es in pravum vinea aliena	Ego autem plantavi te vineam electam, omne semen verum: quomodo ergo conversa es mihi in pravum, vinea aliena?		Yet I had planted thee a noble vine, wholly a right seed: how then art thou turned into the degenerate plant of a strange vine unto me?
Jer	2	22	כִּי אִם־תְּכַבְּסִי בַּנֶּתֶר וְתַרְבִּי־לָךְ בֹּרִית נִכְתָּם עֲוֹנֵךְ לְפָנַי נְאֻם אֲדֹנָי יְהוִה ׃	ἐὰν ἀποπλύνῃς ἐν νίτρῳ καὶ πληθύνῆς σεαυτῇ ποίαν, κεκηλίδωσαι ἐν ταῖς ἀδικίαις σου ἐναντίον ἐμοῖ, λέγει Κύρος.	si laveris te nitro et multiplicaveris tibi herbam borith maculata es in iniquitate tua coram me dicit Dominus Deus	Si laveris te nitro, et multiplicaveris tibi herbam borith, maculata es in iniquitate tua coram me, dicit Dominus Deus.		For though thou wash thee with nitre, and take thee much soap, yet thine iniquity is marked before me, saith the Lord God.
Jer	2	23	אֵיךְ תֹּאמְרִי לֹא נִטְמֵאתִי אַחֲרֵי הַבְּעָלִים לֹא הָלַכְתִּי רְאִי דַרְכֵּךְ בַּגַּיְא דְּעִי מֶה עָשִׂית בִּכְרָה קַלָּה מְשָׂרֶכֶת דְּרָכֶיהָ ׃	πῶς ἐρεῖς Οὐκ ἐμιάνθην καὶ ὀπίσω τῆς Βάαλ οὐκ ἐπορεύθην; ἴδε τὰς ὁδοὺς σου ἐν τῷ πολυανδρίῳ, καὶ γνῶθι τί ἐποίησας. ὀψὲ φωνὴ αὐτῆς ὠλόλυξεν,	quomodo dicis non sum polluta post Baalim non ambulavi vide vias tuas in convalle scito quid feceris cursor levis explicans vias tuas	Quomodo dicis: Non sum polluta; post Baalim non ambulavi? Vide vias tuas in convalle; scito quid feceris: cursor levis explicans vias suas.		How canst thou say, I am not polluted, I have not gone after Baalim? see thy way in the valley, know what thou hast done: thou art a swift dromedary traversing her ways;
Jer	2	24	פֶּרֶה לִמֻּד מִדְבָּר בְּאַוַּת נַפשׁוֹ שָׁאֲפָה רוּחַ תַּאֲנָתָהּ מִי יְשִׁיבֶנָּה כָּל־מְבַקְשֶׁיהָ לֹא יִיעָפוּ בְּחָדְשָׁהּ יִמְצָאוּנְהָ ׃	τὰς ὁδοὺς αὐτἢς ἐπλάτυνεν ἐφʼ ὕδατα ἐρήμου, ἐν ἐπιθυμίαις ψυχῆς αὐτῆς ἐπνευματοφορεῖτο, παρεδόθη· τίς ἐπιστρέψει αὐτήν; πάντες οἱ ζητοῦντες αὐτὴν οὐ κοπιάσουσιν, ἐν τῇ ταπεινώσει αὐτῆς εὑρήσουσιν αὐτήν,	onager adsuetus in solitudine in desiderio animae suae adtraxit ventum amoris sui nullus avertet eam omnes qui quaerunt eam non deficient in menstruis eius invenient eam	Onager assuetus in solitudine, in desiderio anim su attraxit ventum amoris sui: nullus avertet eam: omnes qui qurunt eam non deficient: in menstruis ejus invenient eam.		A wild ass used to the wilderness, that snuffeth up the wind at her pleasure; in her occasion who can turn her away? all they that seek her will not weary themselves; in her month they shall find her.
Jer	2	25	מִנְעִי רַגְלֵךְ מִיָּחֵף וּגוֹרֹנֵךְ מִצִּמְאָה וַתֹּאמְרִי נוֹאָשׁ לוֹא כִּי־אָהַבְתִּי זָרִים וְאַחֲרֵיהֶם אֵלֵךְ ׃	ἀπόστρεψον τὸν πόδα σου ἀπὸ ὁδοῦ τραχείας, καὶ τὸν φάρυγγά σου ἀπὸ δίψους. ἡ δὲ εἶπεν Ἀνδριοῦμαι· ὅτι ἠγαπήκει ἀλλοτρίους καὶ ὀπίσω αὐτῶν ἐπορεύετο.	prohibe pedem tuum a nuditate et guttur tuum a siti et dixisti desperavi nequaquam faciam adamavi quippe alienos et post eos ambulabo	Prohibe pedem tuum a nuditate, et guttur tuum a siti. Et dixisti: Desperavi: nequaquam faciam: adamavi quippe alienos, et post eos ambulabo.]		Withhold thy foot from being unshod, and thy throat from thirst: but thou saidst, There is no hope: no; for I have loved strangers, and after them will I go.
Jer	2	26	כְּבֹשֶׁת גַּנָּב כִּי יִמָּצֵא כֵּן הֹבִישׁוּ בֵּית יִשְׂרָאֵל הֵמָּה מַלְכֵיהֶם שָׂרֵיהֶם וְכֹהֲנֵיהֶם וּנְבִיאֵיהֶם ׃	ὡς αἰσχύνη κλέπτου ὅταν ἁλῷ, οὕτως αἰσχυνθήσονται οἱ υἱοὶ Ἰσραήλ, αὐτοὶ καὶ οἱ βασιλεῖς αὐτῶν καὶ οἱ ἄρχοντες αὐτῶν καὶ οἱ ἱερεῖς αὐτῶν καὶ οἱ προφῆται αὐτῶν.	quomodo confunditur fur quando deprehenditur sic confusi sunt domus Israhel ipsi et reges eorum principes et sacerdotes et prophetae eorum	[Quomodo confunditur fur quando deprehenditur, sic confusi sunt domus Isral, ipsi et reges eorum, principes, et sacerdotes, et prophet eorum,		As the thief is ashamed when he is found, so is the house of Israel ashamed; they, their kings, their princes, and their priests, and their prophets.
Jer	2	27	אֹמְרִים לָעֵץ אָבִי אַתָּה וְלָאֶבֶן אַתְּ יְלִדְתִּני כִּי־פָנוּ אֵלַי עֹרֶף וְלֹא פָנִים וּבְעֵת רָעָתָם יֹאמְרוּ קוּמָה וְהוֹשִׁיעֵנוּ ׃	τῷ ξύλῳ εἶπαν ὕτι Πατήρ μου εἶ σύ, καὶ τῷ λίθῳ Σὺ ἐγέννησάς με· καὶ ἔστρεψαν ἐπʼ ἐμέ νῶτα καὶ οὐ πρόσωπα αὐτῶν, καὶ ἐν τῷ καιρῷ τῶν κακῶν αὐτῶν ἐροῦσιν Ἀνάστα καὶ σῶσον ἡμᾶς.	dicentes ligno pater meus es tu et lapidi tu me genuisti verterunt ad me tergum et non faciem et in tempore adflictionis suae dicent surge et libera nos	dicentes ligno: Pater meus es tu: et lapidi: Tu me genuisti. Verterunt ad me tergum et non faciem, et in tempore afflictionis su dicent: Surge, et libera nos.		Saying to a stock, Thou art my father; and to a stone, Thou hast brought me forth: for they have turned their back unto me, and not their face: but in the time of their trouble they will say, Arise, and save us.
Jer	2	28	וְאַיֵּה אֱלֹהֶיךָ אֲשֶׁר עָשִׂיתָ לָּךְ יָקוּמוּ אִם־יוֹשִׁיעוּךָ בְּעֵת רָעָתֶךָ כִּי מִסְפַּר עָרֶיךָ הָיוּ אֱלֹהֶיךָ יְהוּדָה ׃ ס	καὶ ποῦ εἰσιν οἱ θεοί σου οὓς ἐποίησας σεαυτῷ; εἰ ἀναστήσονται καὶ σώσουσιν ἐν καιρῷ τῆς κακώσεως σου; ὅτι κατʼ ἀριθμὸν τῶν πόλεών σου ἦσαν θεοί σου, Ἰούδα, καὶ κατ᾿ ἀριθμὸν διόδων τῆς Ἰερουσαλὴμ ἔθυον τῇ Βάαλ.	ubi sunt dii tui quos fecisti tibi surgant et liberent te in tempore adflictionis tuae secundum numerum quippe civitatum tuarum erant dii tui Iuda	Ubi sunt dii tui quos fecisti tibi? surgant, et liberent te in tempore afflictionis tu: secundum numerum quippe civitatum tuarum erant dii tui, Juda.		But where are thy gods that thou hast made thee? let them arise, if they can save thee in the time of thy trouble: for according to the number of thy cities are thy gods, O Judah.
Jer	2	29	לָמָּה תָרִיבוּ אֵלָי כֻּלְּכֶם פְּשַׁעְתֶּם בִּי נְאֻם־יְהוָה ׃	Ἰούδα, τί λαλεῖτε πρὸς μέ; πάντες ὑμεῖς ἠσεβήσατε, καὶ πάντες ὑμεῖς ἠνομήσατε εἰς ἐμέ, λέγει Κύριος.	quid vultis mecum iudicio contendere omnes dereliquistis me dicit Dominus	Quid vultis mecum judicio contendere? omnes dereliquistis me, dicit Dominus.		Wherefore will ye plead with me? ye all have transgressed against me, saith the Lord.
Jer	2	30	לַשָּׁוְא הִכֵּיתִי אֶת־בְּנֵיכֶם מוּסָר לֹא לָקָחוּ אָכְלָה חַרְבְּכֶם נְבִיאֵיכֶם כְּאַרְיֵה מַשְׁחִית ׃	μάτην ἐπάταξα τὰ τέκνα ὑμῶν, παιδείαν οὐκ ἐδέξασθε· μάχαιρα κατέφαγεν τοὺς προφήτας ὑμῶν ὡς λέων ὀλεθρεύων, καὶ οὐκ ἐφοβήθητε.	frustra percussi filios vestros disciplinam non receperunt devoravit gladius vester prophetas vestros quasi leo vastator	Frustra percussi filios vestros: disciplinam non receperunt. Devoravit gladius vester prophetas vestros: quasi leo vastator		In vain have I smitten your children; they received no correction: your own sword hath devoured your prophets, like a destroying lion.
Jer	2	31	הַדּוֹר אַתֶּם רְאוּ דְבַר־יְהוָה הֲמִדְבָּר הָיִיתִי לְיִשְׂרָאֵל אִם אֶרֶץ מַאְפֵּלְיָה מַדּוּעַ אָמְרוּ עַמִּי רַדְנוּ לוֹא־נָבוֹא עוֹד אֵלֶיךָ ׃	ἀκούσατε λόγον Κυρίου Τάδε λέγει Κύριος Μὴ ἔρημος ἐγενόμην τῷ Ἰσραὴλ ἡ γῆ κεχερσωμένη; διὰ τί εἶπεν ὁ λαός μου Οὐ κυριευθησόμεθα, καὶ οὐχ ἥξομεν πρὸς σὲ ἔτι;	generatio vestra videte verbum Domini numquid solitudo factus sum Israheli aut terra serotina quare ergo dixit populus meus recessimus non veniemus ultra ad te	generatio vestra. Videte verbum Domini: numquid solitudo factus sum Israli, aut terra serotina? quare ergo dixit populus meus: Recessimus; non veniemus ultra ad te?		O generation, see ye the word of the Lord. Have I been a wilderness unto Israel? a land of darkness? wherefore say my people, We are lords; we will come no more unto thee?
Jer	2	32	הֲתִשְׁכַּח בְּתוּלָה עֶדְיָהּ כַּלָּה קִשֻּׁרֶיהָ וְעַמִּי שְׁכֵחוּנִי יָמִים אֵין מִסְפָּר ׃	μὴ ἐπιλήσεται νύμφη τὸν κόσμον αὐτῆς, καὶ παρθένος τὴν στηθοδεσμίδα αὐτῆς; ὁ δὲ λαός μου ἐπελάθετό μου ἡμέρας ὧν οὐκ ἔστιν ἀριθμός.	numquid obliviscitur virgo ornamenti sui sponsa fasciae pectoralis suae populus vero meus oblitus est mei diebus innumeris	Numquid obliviscetur virgo ornamenti sui, aut sponsa fasci pectoralis su? populus vero meus oblitus est mei diebus innumeris.		Can a maid forget her ornaments, or a bride her attire? yet my people have forgotten me days without number.
Jer	2	33	מַה־תֵּיטִבִי דַּרְכֵּךְ לְבַקֵּשׁ אַהֲבָה לָכֵן גַּם אֶת־הָרָעוֹת לִמַּדְתִּי אֶת־דְּרָכָיִךְ ׃	τί ἔτι καλὸν ἐπιτηδεύσεις ἐν ταῖς ὁδοῖς σου τοῦ ζητῆσαι ἀγάπησιν οὐχ οὕτως· ἀλλὰ καὶ σὺ ἐπονηρεύσω τοῦ μιᾶναι τὰς ὁδούς σου,	quid niteris bonam ostendere viam tuam ad quaerendam dilectionem quae insuper et malitias tuas docuisti vias tuas	Quid niteris bonam ostendere viam tuam ad qurendam dilectionem, qu insuper et malitias tuas docuisti vias tuas,		Why trimmest thou thy way to seek love? therefore hast thou also taught the wicked ones thy ways.
Jer	2	34	גַּם בִּכְנָפַיִךְ נִמְצְאוּ דַּם נַפְשׁוֹת אֶבְיוֹנִים נְקִיִּים לֹא־בַמַּחְתֶּרֶת מְצָאתִים כִּי עַל־כָּל־אֵלֶּה ׃	καὶ ἐν ταῖς χερσίν σου εὑρέθησαν αἵματα ψυχῶν ἀθᾠων· οὐκ ἐν διορύγμασιν εὗρον αὐτοὺς ἀλλʼ ἐπὶ πάσῃ δρυί	et in alis tuis inventus est sanguis animarum pauperum et innocentium non in fossis inveni eos sed in omnibus quae supra memoravi	et in alis tuis inventus est sanguis animarum pauperum et innocentum? non in fossis inveni eos, sed in omnibus qu supra memoravi.		Also in thy skirts is found the blood of the souls of the poor innocents: I have not found it by secret search, but upon all these.
Jer	2	35	וַתֹּאמְרִי כִּי נִקֵּיתִי אַךְ שָׁב אַפּוֹ מִמֶּנִּי הִנְנִי נִשְׁפָּט אוֹתָךְ עַל־אָמְרֵךְ לֹא חָטָאתִי ׃	καὶ εἶπας Ἀθῷός εἰμι, ἀλλὰ ἀποστραφήτω ὁ θυμὸς αὐτοῦ ἀπʼ ἐμοῦ. ἰδοὺ ἐγὼ κρίνομαι πρὸς σέ, ἐν τῷ λέγειν σε Οὐχ ἥμαρτον·	et dixisti absque peccato et innocens ego sum et propterea avertatur furor tuus a me ecce ego iudicio contendam tecum eo quod dixeris non peccavi	Et dixisti: Absque peccato et innocens ego sum, et propterea avertatur furor tuus a me. Ecce ego judicio contendam tecum, eo quod dixeris: Non peccavi.		Yet thou sayest, Because I am innocent, surely his anger shall turn from me. Behold, I will plead with thee, because thou sayest, I have not sinned.
Jer	2	36	מַה־תֵּזְלִי מְאֹד לְשַׁנּוֹת אֶת־דַּרְכֵּךְ גַּם מִמִּצְרַיִם תֵּבוֹשִׁי כַּאֲשֶׁר־בֹּשְׁתְּ מֵאַשּׁוּר ׃	ὅτι κατεφρόνησας σφόδρα τοῦ δευτερῶσαι τὰς ὁδοὺς σου; καὶ ἀπὸ Αἰγύπτου καταισχυνθήσῃ καθὼς καταισχυνθης ἀπὸ Ἀσσούρ, ὅτι καὶ ἐντεῦθεν ἐξελεύσῃ, καὶ αἱ χεῖρές σου ἐπὶ τῆς κεφαλῆς σου· ὅτι ἀπώσατο Κύριος τὴν ἐλπίδα σου, καὶ οὐκ εὐοδωθήσῃ ἐν αὐτῇ.	quam vilis es facta nimis iterans vias tuas et ab Aegypto confunderis sicut confusa es ab Assur	Quam vilis facta es nimis, iterans vias tuas! et ab gypto confunderis, sicut confusa es ab Assur.		Why gaddest thou about so much to change thy way? thou also shalt be ashamed of Egypt, as thou wast ashamed of Assyria.
Jer	2	37	גַּם מֵאֵת זֶה תֵּצְאִי וְיָדַיִךְ עַל־רֹאשֵׁךְ כִּי־מָאַס יְהֹוָה בְּמִבְטַחַיִךְ וְלֹא תַצְלִיחִי לָהֶם ׃		nam et ab ista egredieris et manus tuae erunt super caput tuum quoniam obtrivit Dominus confidentiam tuam et nihil habebis prosperum	Nam et ab ista egredieris, et manus tu erunt super caput tuum: quoniam obtrivit Dominus confidentiam tuam, et nihil habebis prosperum in ea.]		Yea, thou shalt go forth from him, and thine hands upon thine head: for the Lord hath rejected thy confidences, and thou shalt not prosper in them.
Jer	3	1	לֵאמֹר הֵן יְשַׁלַּח אִישׁ אֶת־אִשְׁתּוֹ וְהָלְכָה מֵאִתּוֹ וְהָיְתָה לְאִישׁ־אַחֵר הֲיָשׁוּב אֵלֶיהָ עוֹד הֲלוֹא חָנוֹף תֶּחֱנַף הָאָרֶץ הַהִיא וְאַתְּ זָנִית רֵעִים רַבִּים וְשׁוֹב אֵלַי נְאֻם־יְהוָֹה ׃	Ἐὰν ἐξαποστείλῃ ἀνὴρ τὴν γυναῖκα αὐτοῦ, καὶ ἀπέλθῃ ἀπʼ αὐτοῦ καὶ γένηται ἀνδρὶ ἑτέρῳ, μὴ ἀνακάμπτουσα ἀνακάμψει πρὸς αὐτὸν ἔτι; οὐ μιαινομένη μιανθήσεται ἡ γυνὴ ἐκείνη; καὶ σὺ ἐξεπόρνευσας ἐν ποιμέσιν πολλοῖς, καὶ ἀνέκαμπτες πρὸς μέ; λέγει Κύριος.	vulgo dicitur si dimiserit vir uxorem suam et recedens ab eo duxerit virum alterum numquid revertetur ad eam ultra numquid non polluta et contaminata erit mulier illa tu autem fornicata es cum amatoribus multis tamen revertere ad me dicit Dominus	[Vulgo dicitur: Si dimiserit vir uxorem suam, et recedens ab eo duxerit virum alterum, numquid revertetur ad eam ultra? numquid non polluta et contaminata erit mulier illa? Tu autem fornicata es cum amatoribus multis: tamen revertere ad me, dicit Dominus, et ego suscipiam te.		They say, If a man put away his wife, and she go from him, and become another man's, shall he return unto her again? shall not that land be greatly polluted? but thou hast played the harlot with many lovers; yet return again to me, saith the Lord.
Jer	3	2	שְׂאִי־עֵינַיִךְ עַל־שְׁפָיִם וּרְאִי אֵיפֹה לֹא שֻׁגַּלְתְּ עַל־דְּרָכִים יָשַׁבְתְּ לָהֶם כַּעֲרָבִי בַּמִּדְבָּר וַתַּחֲנִיפִי אֶרֶץ בִּזְנוּתַיִךְ וּבְרָעָתֵךְ ׃	ἆρον εἰς εὐθεῖαν τοὺς ὀφθαλμούς σου καὶ ἴδε· ποῦ οὐχὶ ἐξεφύρθης; ἐπὶ ταῖς ὁδοῖς ἐκάθισας αὐτοῖς ὡσεὶ κορώνη ἐρημουμένη, καὶ ἐμίανας τὴν γῆν ἐν ταῖς πορνίαις σου καὶ ἐν ταῖς κακίαις σου,	leva oculos tuos in directum et vide ubi non prostrata sis in viis sedebas expectans eos quasi latro in solitudine et polluisti terram in fornicationibus tuis et in malitiis tuis	Leva oculos tuos in directum, et vide ubi non prostrata sis. In viis sedebas, exspectans eos quasi latro in solitudine: et polluisti terram in fornicationibus tuis, et in malitiis tuis.		Lift up thine eyes unto the high places, and see where thou hast not been lien with. In the ways hast thou sat for them, as the Arabian in the wilderness; and thou hast polluted the land with thy whoredoms and with thy wickedness.
Jer	3	3	וַיִּמָּנְעוּ רְבִבִים וּמַלְקוֹשׁ לוֹא הָיָה וּמֵצַח אִשָּׁה זוֹנָה הָיָה לָךְ מֵאַנְתְּ הִכָּלֵם ׃	καὶ ἔσχες ποιμένας πολλοὺς εἰς πρόσκομμα σεαυτῇ· ὄψις πόρνης ἐγένετό σοι, ἀπηναισχύντησας πρὸς πάντας.	quam ob rem prohibitae sunt stillae pluviarum et serotinus imber non fuit frons mulieris meretricis facta est tibi noluisti erubescere	Quam ob rem prohibit sunt still pluviarum, et serotinus imber non fuit. Frons mulieris meretricis facta est tibi; noluisti erubescere.		Therefore the showers have been withholden, and there hath been no latter rain; and thou hadst a whore's forehead, thou refusedst to be ashamed.
Jer	3	4	הֲלוֹא מֵעַתָּה קָרָאתי לִי אָבִי אַלּוּף נְעֻרַי אָתָּה ׃	οὐχ ὡς οἶκόν με ἐκάλεσας καὶ πατέρα καὶ ἀρχηγὸν τῆς παρθενίας σου;	ergo saltim amodo voca me pater meus dux virginitatis meae tu es	Ergo saltem amodo voca me: Pater meus, dux virginitatis me tu es:		Wilt thou not from this time cry unto me, My father, thou art the guide of my youth?
Jer	3	5	הֲיִנְטֹר לְעוֹלָם אִם־יִשְׁמֹר לָנֶצַח הִנֵּה דִבַּרְתִּי וַתַּעֲשִׂי הָרָעוֹת וַתּוּכָל ׃ פ	μὴ διαμενεῖ εἰς τὸν αἰῶνα, ἢ φυλαχθήσεται εἰς νῖκος; ἰδοὺ ἐλάλησας καὶ ἐποίησας τὰ πονηρὰ ταῦτα καὶ ἠδυνάσθης.	numquid irasceris in perpetuum aut perseverabis in finem ecce locuta es et fecisti mala et potuisti	numquid irasceris in perpetuum, aut perseverabis in finem? ecce locuta es, et fecisti mala, et potuisti.]		Will he reserve his anger for ever? will he keep it to the end? Behold, thou hast spoken and done evil things as thou couldest.
Jer	3	6	וַיֹּאמֶר יְהוָה אֵלַי בִּימֵי יֹאשִׁיָּהוּ הַמֶּלֶךְ הֲרָאִיתָ אֲשֶׁר עָשְׂתָה מְשֻׁבָה יִשְׂרָאֵל הֹלְכָה הִיא עַל־כָּל־הַר גָּבֹהַּ וְאֶל־תַּחַת כָּל־עֵץ רַעֲנָן וַתִּזְנִי־שָׁם ׃	Καὶ εἶπεν Κύριος πρὸς μέ ἐν ταῖς ἡμέραις Ἰωσείου τοῦ βασιλέως Εἶδες ἃ ἐποίησέν μοι ἡ κατοικία τοῦ Ἰσραήλ; ἐπορεύθησαν ἐπὶ πᾶν ὄρος ὑψηλὸν καὶ ὑποκάτω παντὸς ξύλου ἀλσώδους καὶ ἐπόρνευσαν ἐκεῖ.	et dixit Dominus ad me in diebus Iosiae regis numquid vidisti quae fecerit aversatrix Israhel abiit sibimet super omnem montem excelsum et sub omne lignum frondosum et fornicata est ibi	Et dixit Dominus ad me in diebus Josi regis: [Numquid vidisti qu fecerit aversatrix Isral? Abiit sibimet super omnem montem excelsum, et sub omni ligno frondoso, et fornicata est ibi.		The Lord said also unto me in the days of Josiah the king, Hast thou seen that which backsliding Israel hath done? she is gone up upon every high mountain and under every green tree, and there hath played the harlot.
Jer	3	7	וָאֹמַר אַחֲרֵי עֲשׂוֹתָהּ אֶת־כָּל־אֵלֶּה אֵלַי תָּשׁוּב וְלֹא־שָׁבָה וַתֵּרֶאה בָּגוֹדָה אֲחוֹתָהּ יְהוּדָה ׃	καὶ εἶπα μετὰ τὸ πορνεῦσαι αὐτὴν ταῦτα πάντα Πρὸς μέ ἀνάστρεψον· καὶ οὐκ ἀνέστρεψεν, καὶ εἶδεν τὴν ἀσυνθεσίαν αὐτῆς ἡ ἀσύνθετος Ἰουδά.	et dixi cum fecisset haec omnia ad me convertere et non est reversa et vidit praevaricatrix soror eius Iuda	Et dixi, cum fecisset hc omnia: Ad me revertere: et non est reversa. Et vidit prvaricatrix soror ejus Juda		And I said after she had done all these things, Turn thou unto me. But she returned not. And her treacherous sister Judah saw it.
Jer	3	8	וָאֵרֶא כִּי עַל־כָּל־אֹדוֹת אֲשֶׁר נִאֲפָה מְשֻׁבָה יִשְׂרָאֵל שִׁלַּחְתִּיהָ וָאֶתֵּן אֶת־סֵפֶר כְּרִיתֻתֶיהָ אֵלֶיהָ וְלֹא יָרְאָה בֹּגֵדָה יְהוּדָה אֲחוֹתָהּ וַתֵּלֶךְ וַתִּזֶן גַּם־הִיא ׃	καὶ εἶδον διότι περὶ πάντων ὧν καὶ εἶδον, περὶ πάντων ὧν κατελήμφθη ἐν οἷς ἐμοιχᾶτο ἡ κατοικία τοῦ Ἰσραήλ, καὶ ἐξαπέστειλα αὐτὴν καὶ ἔδωκα αὐτῇ βιβλίον ἀποστασίου εἰς τὰς χεῖρας αὐτῆς· καὶ οὐκ ἐφοβήθη ἡ ἀσύνθετος Ἰουδά, καὶ ἐπορεύθη καὶ ἐπόρνευσεν καὶ αὐτή,	quia pro eo quod moechata esset aversatrix Israhel dimisissem eam et dedissem ei libellum repudii et non timuit praevaricatrix Iuda soror eius sed abiit et fornicata est etiam ipsa	quia pro eo quod mchata esset aversatrix Isral, dimisissem eam, et dedissem ei libellum repudii: et non timuit prvaricatrix Juda soror ejus, sed abiit, et fornicata est etiam ipsa:		And I saw, when for all the causes whereby backsliding Israel committed adultery I had put her away, and given her a bill of divorce; yet her treacherous sister Judah feared not, but went and played the harlot also.
Jer	3	9	וְהָיָה מִקֹּל זְנוּתָהּ וַתֶּחֱנַף אֶת־הָאָרֶץ וַתִּנְאַף אֶת־הָאֶבֶן וְאֶת־הָעֵץ ׃	καὶ ἐγένετο εἰς οὐθὲν ἡ πορνεία αὐτῆς, καὶ ἐμοίχευσεν τὸ ξύλον καὶ τὸν λίθον.	et facilitate fornicationis suae contaminavit terram et moechata est cum lapide et cum ligno	et facilitate fornicationis su contaminavit terram, et mchata est cum lapide et ligno:		And it came to pass through the lightness of her whoredom, that she defiled the land, and committed adultery with stones and with stocks.
Jer	3	10	וְגַם־בְּכָל־זֹאת לֹא־שָׁבָה אֵלַי בָּגוֹדָה אֲחוֹתָהּ יְהוּדָה בְּכָל־לִבָּהּ כִּי אִם־בְּשֶׁקֶר נְאֻם־יְהוָה ׃ פ	καὶ ἐν πᾶσιν τούτοις οὐκ ἐπεστράφη πρὸς μέ ἡ ἀσύνθετος Ἰουδά ἐξ ὅλης τῆς καρδίας αὐτῆς ἀλλ᾿ ἐπὶ ψεύδει.	et in omnibus his non est reversa ad me praevaricatrix soror eius Iuda in toto corde suo sed in mendacio ait Dominus	et in omnibus his non est reversa ad me prvaricatrix soror ejus Juda in toto corde suo, sed in mendacio, ait Dominus.]		And yet for all this her treacherous sister Judah hath not turned unto me with her whole heart, but feignedly, saith the Lord.
Jer	3	11	וַיֹּאמֶר יְהוָה אֵלַי צִדְּקָה נַפְשָׁהּ מְשֻׁבָה יִשְׂרָאֵל מִבֹּגֵדָה יְהוּדָה ׃	καὶ εἶπεν Κύριος πρὸς μέ Ἐδικαίωσεν τὴν ψυχὴν αὐτοῦ Ἰσραὴλ ἀπὸ τῆς ἀσυνθέτου Ἰουδά.	et dixit Dominus ad me iustificavit animam suam aversatrix Israhel conparatione praevaricatricis Iuda	Et dixit Dominus ad me: Justificavit animam suam aversatrix Isral, comparatione prvaricatricis Jud.		And the Lord said unto me, The backsliding Israel hath justified herself more than treacherous Judah.
Jer	3	12	הָלֹךְ וְקָרָאתָ אֶת־הַדְּבָרִים הָאֵלֶּה צָפוֹנָה וְאָמַרְתָּ שׁוּבָה מְשֻׁבָה יִשְׂרָאֵל נְאֻם־יְהוָה לוֹא־אַפִּיל פָּנַי בָּכֶם כִּי־חָסִיד אֲנִי נְאֻם־יְהוָה לֹא אֶטּוֹר לְעוֹלָם ׃	πορεύου καὶ ἀνάγνωθι τοὺς λόγους τούτους πρὸς βορρᾶν, καὶ ἐρεῖς Ἐπιστράφητι πρὸς μέ, ἡ κατοικία τοῦ Ἰσραήλ, λέγει Κύριος, καὶ οὐ στηριῶ τὸ πρόσωπόν μου ἐφʼ ὑμᾶς· ὅτι ἐλεήμων ἐγὼ εἰμι, λέγει Κύριος, καὶ οὐ μηνιῶ ὑμῖν εἰς τὸν αἰῶνα.	vade et clama sermones istos contra aquilonem et dices revertere aversatrix Israhel ait Dominus et non avertam faciem meam a vobis quia sanctus ego sum dicit Dominus et non irascar in perpetuum	Vade, et clama sermones istos contra aquilonem, et dices: [Revertere, aversatrix Isral, ait Dominus, et non avertam faciem meam a vobis, quia sanctus ego sum, dicit Dominus, et non irascar in perpetuum.		Go and proclaim these words toward the north, and say, Return, thou backsliding Israel, saith the Lord; and I will not cause mine anger to fall upon you: for I am merciful, saith the Lord, and I will not keep anger for ever.
Jer	3	13	אַךְ דְּעִי עֲוֹנֵךְ כִּי בַּיהוָה אֱלֹהַיִךְ פָּשָׁעַתְּ וַתְּפַזְּרִי אֶת־דְּרָכַיִךְ לַזָּרִים תַּחַת כָּל־עֵץ רַעֲנָן וּבְקוֹלִי לֹא־שְׁמַעְתֶּם נְאֻם־יְהוָֹה ׃	πλὴν γνῶθι τὴν ἀδικίαν σου, ὅτι εἰς Κύριον τὸν θεόν σου ἠσέβησας, καὶ διέχεας τὰς ὁδοὺς σου εἰς ἀλλοτρίους ὑποκάτω παντὸς ξύλου ἀλσώδους, τῆς δὲ φωνῆς μου οὐχ ὑπήκουσας, λέγει Κύριος.	tamen scito iniquitatem tuam quia in Dominum Deum tuum praevaricata es et dispersisti vias tuas alienis sub omni ligno frondoso et vocem meam non audisti ait Dominus	Verumtamen scito iniquitatem tuam, quia in Dominum Deum tuum prvaricata es, et dispersisti vias tuas alienis sub omni ligno frondoso, et vocem meam non audisti, ait Dominus.		Only acknowledge thine iniquity, that thou hast transgressed against the Lord thy God, and hast scattered thy ways to the strangers under every green tree, and ye have not obeyed my voice, saith the Lord.
Jer	3	14	שׁוּבוּ בָנִים שׁוֹבָבִים נְאֻם־יְהוָה כִּי אָנֹכִי בָּעַלְתִּי בָכֶם וְלָקַחְתִּי אֶתְכֶם אֶחָד מֵעִיר וּשְׁנַיִם מִמִּשְׁפָּחָה וְהֵבֵאתִי אֶתְכֶם צִיּוֹן ׃	ἐπιστράφητε, υἱοὶ ἀφεστηκότες, λέγει Κύριος, διότι ἐγὼ κατακυριεύσω ὑμῶν, καὶ λήμψομαι ὑμᾶς ἕνα ἐκ πόλεως καὶ δύο ἐκ πατριᾶς καὶ εἰσάξω ὑμᾶς εἰς Σειών,	convertimini filii revertentes dicit Dominus quia ego vir vester et adsumam vos unum de civitate et duos de cognatione et introducam vos in Sion	Convertimini, filii revertentes, dicit Dominus, quia ego vir vester: et assumam vos unum de civitate, et duos de cognatione, et introducam vos in Sion.		Turn, O backsliding children, saith the Lord; for I am married unto you: and I will take you one of a city, and two of a family, and I will bring you to Zion:
Jer	3	15	וְנָתַתִּי לָכֶם רֹעִים כְּלִבִּי וְרָעוּ אֶתְכֶם דֵּעָה וְהַשְׂכֵּיל ׃	καὶ δώσω ὑμῖν ποιμένας κατὰ τὴν καρδίαν μου, καὶ ποιμανοῦσιν ὑμᾶς ποιμαίνοντες μετʼ ἐπιστήμης.	et dabo vobis pastores iuxta cor meum et pascent vos scientia et doctrina	Et dabo vobis pastores juxta cor meum, et pascent vos scientia et doctrina.		And I will give you pastors according to mine heart, which shall feed you with knowledge and understanding.
Jer	3	16	וְהָיָה כִּי תִרְבּוּ וּפְרִיתֶם בָּאָרֶץ בַּיָּמִים הָהֵמָּה נְאֻם־יְהוָה לֹא־יֹאמְרוּ עוֹד אֲרוֹן בְּרִית־יְהוָה וְלֹא יַעֲלֶה עַל־לֵב וְלֹא יִזְכְּרוּ־בוֹ וְלֹא יִפְקֹדוּ וְלֹא יֵעָשֶׂה עוֹד ׃	καὶ ἔσται ἐὰν πληθυνθῆτε καὶ αὐξηθῆτε ἐπὶ τῆς γῆς ἐν ταῖς ἡμέραις ἐκείναις, λέγει Κύριος, οὐκ ἐροῦσιν ἔτι Κιβωτὸς διαθήκης Ἀγίου Ἰσραήλ, οὐκ ἀναβήσεται ἐπὶ καρδίαν, οὐκ ὀνομασθήσεται οὐδὲ ἐπισκεφθήσεται καὶ οὐ ποιηθήσεται ἔτι	cumque multiplicati fueritis et creveritis in terra in diebus illis ait Dominus non dicent ultra arca testamenti Domini neque ascendet super cor neque recordabuntur illius nec visitabitur nec fiet ultra	Cumque multiplicati fueritis, et creveritis in terra in diebus illis, ait Dominus, non dicent ultra: Arca testamenti Domini: neque ascendet super cor, neque recordabuntur illius, nec visitabitur, nec fiet ultra.		And it shall come to pass, when ye be multiplied and increased in the land, in those days, saith the Lord, they shall say no more, The ark of the covenant of the Lord: neither shall it come to mind: neither shall they remember it; neither shall they visit it; neither shall that be done any more.
Jer	3	17	בָּעֵת הַהִיא יִקְרְאוּ לִירוּשָׁלִַם כִּסֵּא יְהוָה וְנִקְוּוּ אֵלֶיהָ כָל־הַגּוֹיִם לְשֵׁם יְהוָה לִירוּשָׁלִָם וְלֹא־יֵלְכוּ עוֹד אַחֲרֵי שְׁרִרוּת לִבָּם הָרָע ׃ ס	ἐν ταῖς ἡμέραις ἐκείναις καὶ ἐν τῷ καιρῷ ἐκείνῳ καλέσουσιν τὴν Ἰερουσαλήμ Θρόνος Κυρίου, καὶ συναχθήσονται πάντα τὰ ἔθνη εἰς αὐτήν, καὶ οὐ πορεύσονται ἔτι ὀπίσω τῶν ἐνθυμημάτων τῆς καρδίας αὐτῶν τῆς πονηρᾶς.	in tempore illo vocabunt Hierusalem solium Domini et congregabuntur ad eam omnes gentes in nomine Domini in Hierusalem et non ambulabunt post pravitatem cordis sui pessimi	In tempore illo vocabunt Jerusalem solium Domini: et congregabuntur ad eam omnes gentes in nomine Domini in Jerusalem, et non ambulabunt post pravitatem cordis sui pessimi.		At that time they shall call Jerusalem the throne of the Lord; and all the nations shall be gathered unto it, to the name of the Lord, to Jerusalem: neither shall they walk any more after the imagination of their evil heart.
Jer	3	18	בַּיָּמִים הָהֵמָּה יֵלְכוּ בֵית־יְהוּדָה עַל־בֵּית יִשְׂרָאֵל וְיָבֹאוּ יַחְדָּו מֵאֶרֶץ צָפוֹן עַל־הָאָרֶץ אֲשֶׁר הִנְחַלְתִּי אֶת־אֲבוֹתֵיכֶם ׃	ἐν ταῖς ἡμέραις ἐκείναις συνελεύσονται οἶκος Ἰούδα ἐπὶ τὸν οἶκον τοῦ Ἰσραήλ, καὶ ἥξουσιν ἐπὶ τὸ αὐτὸ ἀπὸ γῆς βορρᾶ καὶ ἀπὸ πασῶν τῶν χωρῶν ἐπὶ τὴν γῆν ἣν κατεκληρονόμησα τοὺς πατέρας αὐτῶν.	in diebus illis ibit domus Iuda ad domum Israhel et venient simul de terra aquilonis ad terram quam dedi patribus vestris	In diebus illis ibit domus Juda ad domum Isral, et venient simul de terra aquilonis ad terram quam dedi patribus vestris.		In those days the house of Judah shall walk with the house of Israel, and they shall come together out of the land of the north to the land that I have given for an inheritance unto your fathers.
Jer	3	19	וְאָנֹכִי אָמַרְתִּי אֵיךְ אֲשִׁיתֵךְ בַּבָּנִים וְאֶתֶּן־לָךְ אֶרֶץ חֶמְדָּה נַחֲלַת צְבִי צִבְאוֹת גּוֹיִם וָאֹמַר אָבִי תִּקְרְאִו־לִי וּמֵאַחֲרַי לֹא תָשׁוּבִו ׃	καὶ ἐγὼ εἶπα Γένοιτο, Κύριε· ὅτι τάξω σε εἰς ἔθνη, καὶ δώσω σοι γῆν ἐκλεκτὴν κληρονομίαν θεοῦ Παντοκράτορος ἐθνῶν· καὶ εἶπα Πατέρα καλέσετέ με, καὶ ἀπʼ ἐμοῦ οὐκ ἀποστραφήσεσθε.	ego autem dixi quomodo ponam te in filiis et tribuam tibi terram desiderabilem hereditatem praeclaram exercituum gentium et dixi patrem vocabis me et post me ingredi non cessabis	Ego autem dixi: Quomodo ponam te in filios, et tribuam tibi terram desiderabilem, hreditatem prclaram exercituum gentium? Et dixi: Patrem vocabis me, et post me ingredi non cessabis.		But I said, How shall I put thee among the children, and give thee a pleasant land, a goodly heritage of the hosts of nations? and I said, Thou shalt call me, My father; and shalt not turn away from me.
Jer	3	20	אָכֵן בָּגְדָה אִשָּׁה מֵרֵעָהּ כֵּן בְּגַדְתֶּם בִּי בֵּית יִשְׂרָאֵל נְאֻם־יְהוָה ׃	πλὴν ὡς ἀθετεῖ γυνὴ εἰς τὸν συνόντα αὐτῇ, οὕτως ἡθέ. τησεν εἰς ἐμέ οἶκος Ἰσραήλ, λέγει Κύριος.	sed quomodo si contemnat mulier amatorem suum sic contempsit me domus Israhel dicit Dominus	Sed quomodo si contemnat mulier amatorem suum, sic contempsit me domus Isral, dicit Dominus.		Surely as a wife treacherously departeth from her husband, so have ye dealt treacherously with me, O house of Israel, saith the Lord.
Jer	3	21	קוֹל עַל־שְׁפָיִים נִשְׁמָע בְּכִי תַחֲנוּנֵי בְּנֵי יִשְׂרָאֵל כִּי הֶעֱוּוּ אֶת־דַּרְכָּם שָׁכְחוּ אֶת־יְהוָֹה אֱלֹהֵיהֶם ׃	φωνὴ ἐκ χειλέων ἠκούσθη κλαυθμοῦ καὶ δεήσεως υἱῶν Ἰσραήλ, ὅτι ἠδίκησαν ἐν ταῖς ὁδοῖς αὐτῶν, ἐπελάθοντο θεοῦ Ἁγἰου αὐτῶν.	vox in viis audita est ploratus et ululatus filiorum Israhel quoniam iniquam fecerunt viam suam obliti sunt Domini Dei sui	Vox in viis audita est, ploratus et ululatus filiorum Isral: quoniam iniquam fecerunt viam suam; obliti sunt Domini Dei sui.		A voice was heard upon the high places, weeping and supplications of the children of Israel: for they have perverted their way, and they have forgotten the Lord their God.
Jer	3	22	שׁוּבוּ בָּנִים שׁוֹבָבִים אֶרְפָּה מְשׁוּבֹתֵיכֶם הִנְנוּ אָתָנוּ לָךְ כִּי אַתָּה יְהֹוָה אֱלֹהֵינוּ ׃	ἐπιστράφητε, υἱοὶ ἐπίστρέφοντες, καὶ ἰάσομαι τὰ συντρίμματα ὑμῶν. ἰδοὺ δοῦλοι ἡμεῖς ἐσόμεθά σοι, ὅτι σὺ Κύριος ὁ θεὸς ἡμῶν εἶ	convertimini filii revertentes et sanabo aversiones vestras ecce nos venimus ad te tu enim es Dominus Deus noster	Convertimini, filii revertentes, et sanabo aversiones vestras. Ecce nos venimus ad te: tu enim es Dominus Deus noster.		Return, ye backsliding children, and I will heal your backslidings. Behold, we come unto thee; for thou art the Lord our God.
Jer	3	23	אָכֵן לַשֶּׁקֶר מִגְּבָעוֹת הָמוֹן הָרִים אָכֵן בַּיהֹוָה אֱלֹהֵינוּ תְּשׁוּעַת יִשְׂרָאֵל ׃	ὄντως εἰς ψεῦδος ἦσαν οἱ βουνοὶ καὶ ἡ δύναμις τῶν ὀρέων, πλὴν διὰ Κυρίου θεοῦ ἡμῶν ἡ σωτηρία τοῦ Ἰσραήλ.	vere mendaces erant colles multitudo montium vere in Domino Deo nostro salus Israhel	Vere mendaces erant colles, et multitudo montium: vere in Domino Deo nostro salus Isral.		Truly in vain is salvation hoped for from the hills, and from the multitude of mountains: truly in the Lord our God is the salvation of Israel.
Jer	3	24	וְהַבֹּשֶׁת אָכְלָה אֶת־יְגִיעַ אֲבוֹתֵינוּ מִנְּעוּרֵינוּ אֶת־צֹאנָם וְאֶת־בְּקָרָם אֶת־בְּנֵיהֶם וְאֶת־בְּנוֹתֵיהֶם ׃	ἡ δὲ αἰσχύνη κατανάλωσεν τοὺς μόχθους τῶν πατέρων ἡμῶν ἀπὸ νεότητος ἡμῶν, τὰ πρόβατα αὐτῶν καὶ τοὺς μόσχους αὐτῶν, καὶ τοὺς υἱοὺς αὐτῶν καὶ τὰς θυγατέρας αὐτῶν.	confusio comedit laborem patrum nostrorum ab adulescentia nostra greges eorum et armenta eorum filios eorum et filias eorum	Confusio comedit laborem patrum nostrorum ab adolescentia nostra: greges eorum, et armenta eorum, filios eorum, et filias eorum.		For shame hath devoured the labour of our fathers from our youth; their flocks and their herds, their sons and their daughters.
Jer	3	25	נִשְׁכְּבָה בְּבָשְׁתֵּנוּ וּתְכַסֵּנוּ כְּלִמָּתֵנוּ כִּי לַיהוָה אֱלֹהֵינוּ חָטָאנוּ אֲנַחְנוּ וַאֲבוֹתֵינוּ מִנְּעוּרֵינוּ וְעַד־הַיּוֹם הַזֶּה וְלֹא שָׁמַעְנוּ בְּקוֹל יְהֹוָה אֱלֹהֵינוּ ׃ ס	ἐκοιμήθημεν ἐν τῇ αἰσχύνῃ ἡμῶν, καὶ ἐπεκάλυψεν ἡμᾶς ἡ ἀτιμία ἡμῶν, διότι ἔναντι τοῦ θεοῦ ἡμῶν ἡμάρτομεν ἡμεῖς καὶ οἱ πατέρες ἡμῶν ἀπὸ νεότητος ἡμῶν ἕως τῆς ἡμέρας ταύτης, καὶ οὐχ ὑπηκούσαμεν τῆς φωνῆς Κυρίου τοῦ θεοῦ ἡμῶν.	dormiemus in confusione nostra et operiet nos ignominia nostra quoniam Domino Deo nostro peccavimus nos et patres nostri ab adulescentia nostra usque ad hanc diem et non audivimus vocem Domini Dei nostri	Dormiemus in confusione nostra, et operiet nos ignominia nostra: quoniam Domino Deo nostro peccavimus nos, et patres nostri, ab adolescentia nostra usque ad diem hanc: et non audivimus vocem Domini Dei nostri.]		We lie down in our shame, and our confusion covereth us: for we have sinned against the Lord our God, we and our fathers, from our youth even unto this day, and have not obeyed the voice of the Lord our God.
Jer	4	1	אִם־תָּשׁוּב יִשְׂרָאֵל נְאֻם־יְהוָה אֵלַי תָּשׁוּב וְאִם־תָּסִיר שִׁקּוּצֶיךָ מִפָּנַי וְלֹא תָנוּד ׃	Ἐὰν ἐπιστραφῇ Ἰσραήλ, λέγει Κύριος, πρὸς μέ, ἐπιστραφήσεται· ἐὰν περιέλῃ τὰ βδελύγματα αὐτοῦ ἐκ στόματος αὐτοῦ, καὶ ἀπὸ τοῦ προσώπου εὐλαβηθῇ,	si converteris Israhel ait Dominus ad me convertere si abstuleris offendicula tua a facie mea non commoveberis	[Si reverteris, Isral, ait Dominus, ad me convertere: si abstuleris offendicula tua a facie mea, non commoveberis.		If thou wilt return, O Israel, saith the Lord, return unto me: and if thou wilt put away thine abominations out of my sight, then shalt thou not remove.
Jer	4	2	וְנִשְׁבַּעְתָּ חַי־יְהוָה בֶּאֱמֶת בְּמִשְׁפָּט וּבִצְדָקָה וְהִתְבָּרְכוּ בוֹ גּוֹיִם וּבוֹ יִתְהַלָּלוּ ׃ ס	καὶ ὀμόσῃ Ζῇ Κύριος μετὰ ἀληθείας ἐν κρίσει καὶ ἐν δικαιοσύνῃ, καὶ εὐλογήσουσιν ἐν αὐτῷ ἔθνη, καὶ ἐν αὐτῷ αἰνέσουσιν τῷ θεῷ ἐν Ἰερουσαλήμ.	et iurabis vivit Dominus in veritate et in iudicio et in iustitia et benedicent eum gentes ipsumque laudabunt	Et jurabis: Vivit Dominus in veritate, et in judicio, et in justitia: et benedicent eum gentes, ipsumque laudabunt.		And thou shalt swear, The Lord liveth, in truth, in judgment, and in righteousness; and the nations shall bless themselves in him, and in him shall they glory.
Jer	4	3	כִּי־כֹה אָמַר יְהֹוָה לְאִישׁ יְהוּדָה וְלִירוּשָׁלִַם נִירוּ לָכֶם נִיר וְאַל־תִּזְרְעוּ אֶל־קוֹצִים ׃	ὅτι τάδε λέγει Κύριος τοῖς ἀνδράσιν Ἰούδα καὶ τοῖς κατοικοῦσιν Ἰερουσαλήμ Νεώσατε ἑαυτοῖς νεώματα, καὶ μὴ σπείρητε ἐπʼ ἀκάνθαις.	haec enim dicit Dominus viro Iuda et Hierusalem novate vobis novale et nolite serere super spinas	Hc enim dicit Dominus viro Juda et Jerusalem: Novate vobis novale, et nolite serere super spinas.		For thus saith the Lord to the men of Judah and Jerusalem, Break up your fallow ground, and sow not among thorns.
Jer	4	4	הִמֹּלוּ לַיהֹוָה וְהָסִרוּ עָרְלוֹת לְבַבְכֶם אִישׁ יְהוּדָה וְיֹשְׁבֵי יְרוּשָׁלִָם פֶּן־תֵּצֵא כָאֵשׁ חֲמָתִי וּבָעֲרָה וְאֵין מְכַבֶּה מִפְּנֵי רֹעַ מַעַלְלֵיכֶם ׃	περιτμήθητε τῷ θεῷ ὑμῶν, καὶ περιτέμεσθε τὴν σκληροκαρδίαν ὑμῶν, ἄνδρες Ἰούδα καὶ οἱ κατοικοῦντες Ἰερουσαλήμ, μὴ ἐξέλθῃ ὡς πῦρ ὁ θυμὸς αὐτοῦ καὶ ἐκκαυθήσεται, καὶ οὐκ ἔσται ὁ σβέσων ἀπὸ προσώπου πονηρίας ἐπιτηδευμάτων ὑμῶν.	circumcidimini Domino et auferte praeputia cordium vestrorum vir Iuda et habitatores Hierusalem ne forte egrediatur ut ignis indignatio mea et succendatur et non sit qui extinguat propter malitiam cogitationum vestrarum	Circumcidimini Domino, et auferte prputia cordium vestrorum, viri Juda, et habitatores Jerusalem: ne forte egrediatur ut ignis indignatio mea, et succendatur, et non sit qui extinguat, propter malitiam cogitationum vestrarum.]		Circumcise yourselves to the Lord, and take away the foreskins of your heart, ye men of Judah and inhabitants of Jerusalem: lest my fury come forth like fire, and burn that none can quench it, because of the evil of your doings.
Jer	4	5	הַגִּידוּ בִיהוּדָה וּבִירוּשָׁלִַם הַשְׁמִיעוּ וְאִמְרוּ ותִּקְעוּ שׁוֹפָר בָּאָרֶץ קִרְאוּ מַלְאוּ וְאִמְרוּ הֵאָסְפוּ וְנָבוֹאָה אֶל־עָרֵי הַמִּבְצָר ׃	ἀναγγείλατε ἐν τῷ Ἰούδα, καὶ ἀκουσθήτω ἐν Ἰερουσαλήμ· εἴπατε, σημάνατε ἐπὶ τῆς γῆς σάλπιγγι, κεκράξετε μέγα· εἴπατε Συνάχθητε καὶ εἰσέλθωμεν εἰς τὰς πόλεις τὰς τειχήρεις,	adnuntiate in Iuda et in Hierusalem auditum facite loquimini et canite tuba in terra clamate fortiter dicite congregamini et ingrediamur civitates munitas	[Annuntiate in Juda, et in Jerusalem auditum facite: loquimini, et canite tuba in terra, clamate fortiter, et dicite: Congregamini, et ingrediamur civitates munitas.		Declare ye in Judah, and publish in Jerusalem; and say, Blow ye the trumpet in the land: cry, gather together, and say, Assemble yourselves, and let us go into the defenced cities.
Jer	4	6	שְׂאוּ־נֵס צִיּוֹנָה הָעִיזוּ אַל־תַּעֲמֹדוּ כִּי רָעָה אָנֹכִי מֵבִיא מִצָּפוֹן וְשֶׁבֶר גָּדוֹל ׃	ἀναλαβόντες φεύγετε εἰς Σειὼν· σπεύσατε, μὴ στῆτε, ὅτι κακὰ ἐγὼ ἐπάγω ἀπὸ βορρᾶ καὶ συντριβὴν μεγάλην.	levate signum in Sion confortamini nolite stare quia malum ego adduco ab aquilone et contritionem magnam	Levate signum in Sion; confortamini, nolite stare: quia malum ego adduco ab aquilone, et contritionem magnam.		Set up the standard toward Zion: retire, stay not: for I will bring evil from the north, and a great destruction.
Jer	4	7	עָלָה אַרְיֵה מִסֻּבְּכוֹ וּמַשְׁחִית גּוֹיִם נָסַע יָצָא מִמְּקֹמוֹ לָשׂוּם אַרְצֵךְ לְשַׁמָּה עָרַיִךְ תִּצֶּינָה מֵאֵין יוֹשֵׁב ׃	ἀνέβη λέων ἐκ μάνδρας αὐτοῦ, ἐξολεθρεύων ἔθνη ἐξῆρεν καὶ ἐξῆλθεν ἐκ τοῦ τόπου αὐτοῦ τοῦ θεῖναι τὴν γῆν εἰς ἐρήμωσιν, καὶ πόλεις καθαιρεθήσονται παρὰ τὸ μὴ κατοικεῖσθαι αὐτάς.	ascendit leo de cubili suo et praedo gentium se levavit egressus est de loco suo ut ponat terram tuam in desolationem civitates tuae vastabuntur remanentes absque habitatore	Ascendit leo de cubili suo, et prdo gentium se levavit: egressus est de loco suo ut ponat terram tuam in solitudinem: civitates tu vastabuntur, remanentes absque habitatore.		The lion is come up from his thicket, and the destroyer of the Gentiles is on his way; he is gone forth from his place to make thy land desolate; and thy cities shall be laid waste, without an inhabitant.
Jer	4	8	עַל־זֹאת חִגְרוּ שַׂקִּים סִפְדוּ וְהֵילִילוּ כִּי לֹא־שָׁב חֲרוֹן אַף־יְהוָֹה מִמֶּנּוּ ׃ פ	ἐπὶ τούτοις περιζώσασθε σάκκους καὶ κόπτεσθε καὶ ἀλαλάξατε, διότι οὐκ ἀπεστράφη ὁ θυμὸς Κυρίου ἀφʼ ὑμῶν.	super hoc accingite vos ciliciis plangite et ululate quia non est aversa ira furoris Domini a nobis	Super hoc accingite vos ciliciis; plangite, et ululate: quia non est aversa ira furoris Domini a nobis.		For this gird you with sackcloth, lament and howl: for the fierce anger of the Lord is not turned back from us.
Jer	4	9	וְהָיָה בַיּוֹם־הַהוּא נְאֻם־יְהוָה יֹאבַד לֵב־הַמֶּלֶךְ וְלֵב הַשָּׂרִים וְנָשַׁמּוּ הַכֹּהֲנִים וְהַנְּבִיאִים יִתְמָהוּ ׃	καὶ ἔσται ἐν ἐκείνῃ τῇ ἡμέρα, λέγει Κύριος, ἀπολεῖται ἡ καρδία τοῦ βασιλέως καὶ ἡ καρδία τῶν ἀρχόντων, καὶ οἱ ἱερεῖς ἐκστήσονται καὶ οἱ προφῆται θαυμάσονται.	et erit in die illa dicit Dominus peribit cor regis et cor principum et obstupescent sacerdotes et prophetae consternabuntur	Et erit in die illa, dicit Dominus: peribit cor regis, et cor principum, et obstupescent sacerdotes, et prophet consternabuntur.]		And it shall come to pass at that day, saith the Lord, that the heart of the king shall perish, and the heart of the princes; and the priests shall be astonished, and the prophets shall wonder.
Jer	4	10	וָאֹמַר אֲהָהּ אֲדֹנָי יְהוִה אָכֵן הַשֵּׁא הִשֵּׁאתָ לָעָם הַזֶּה וְלִירוּשָׁלִַם לֵאמֹר שָׁלוֹם יִהְיֶה לָכֶם וְנָגְעָה חֶרֶב עַד־הַנָּפֶשׁ ׃	καὶ εἶπα Ὦ δέσποτα Κύριε, ἀρά γε ἀπατῶν ἠπάτησας τὸν λαὸν τοῦτον καὶ τὴν Ἰερουσαλήμ, λέγων Εἰρήνη ἔσται, καὶ ἰδοὺ ἥψατο ἡ μάχαιρα ἕως τῆς ψυχῆς αὐτῶν;	et dixi heu heu heu Domine Deus ergone decepisti populum istum et Hierusalem dicens pax erit vobis et ecce pervenit gladius usque ad animam	Et dixi: [Heu! heu! heu! Domine Deus, ergone decepisti populum istum et Jerusalem, dicens: Pax erit vobis: et ecce pervenit gladius usque ad animam?]		Then said I, Ah, Lord God! surely thou hast greatly deceived this people and Jerusalem, saying, Ye shall have peace; whereas the sword reacheth unto the soul.
Jer	4	11	בָּעֵת הַהִיא יֵאָמֵר לָעָם־הַזֶּה וְלִירוּשָׁלִַם רוּחַ צַח שְׁפָיִים בַּמִּדְבָּר דֶּרֶךְ בַּת־עַמִּי לוֹא לִזְרוֹת וְלוֹא לְהָבַר ׃	ἐν τῷ καιρῷ ἐκείνῳ ἐροῦσιν τῷ λαῷ τούτῳ καὶ τῇ Ἰερουσαλήμ Πνεῦμα πλανήσεως ἐν τῇ ἐρήμῳ, ὁδὸς τῆς θυγατρὸς τοῦ λαοῦ μου οὐκ εἰς καθαρὸν οὐδʼ εἰς ἅγιον.	in tempore illo dicetur populo huic et Hierusalem ventus urens in viis quae sunt in deserto viae filiae populi mei non ad ventilandum et ad purgandum	[In tempore illo dicetur populo huic et Jerusalem: Ventus urens in viis qu sunt in deserto vi fili populi mei, non ad ventilandum et ad purgandum.		At that time shall it be said to this people and to Jerusalem, A dry wind of the high places in the wilderness toward the daughter of my people, not to fan, nor to cleanse,
Jer	4	12	רוּחַ מָלֵא מֵאֵלֶּה יָבוֹא לִי עַתָּה גַּם־אֲנִי אֲדַבֵּר מִשְׁפָּטִים אוֹתָם ׃	πνεῦμα πληρώσεως ἤξει μοι νῦν δὲ ἐγὼ λαλῶ κρίματα πρὸς αὐτούς.	spiritus plenus ex his veniet mihi et nunc ego sed loquar iudicia mea cum eis	Spiritus plenus ex his veniet mihi, et nunc ego loquar judicia mea cum eis.		Even a full wind from those places shall come unto me: now also will I give sentence against them.
Jer	4	13	הִנֵּה כַּעֲנָנִים יַעֲלֶה וְכַסּוּפָה מַרְכְּבוֹתָיו קַלּוּ מִנְּשָׁרִים סוּסָיו אוֹי לָנוּ כִּי שֻׁדָּדְנוּ ׃	ἰδοὺ ὡς νεφέλη ἀναβήσεται, καὶ ὡς καταιγὶς τὰ ἄρματα αὐτοῦ, κουφότεροι ἀετῶν οἱ ἵπποι αὐτοῦ· οὐαὶ ἡμῖν, ὅτι ταλαιπωροῦμεν.	ecce quasi nubes ascendet et quasi tempestas currus eius velociores aquilis equi illius vae nobis quoniam vastati sumus	Ecce quasi nubes ascendet, et quasi tempestas currus ejus: velociores aquilis equi illius. V nobis, quoniam vastati sumus.		Behold, he shall come up as clouds, and his chariots shall be as a whirlwind: his horses are swifter than eagles. Woe unto us! for we are spoiled.
Jer	4	14	כַּבְּסִי מֵרָעָה לִבֵּךְ יְרוּשָׁלַםִ לְמַעַן תִּוָּשֵׁעִי עַד־מָתַי תָּלִין בְּקִרְבֵּךְ מַחְשְׁבוֹת אוֹנֵךְ ׃	ἀπόπλυνε ἀπὸ κακίας τὴν καρδίαν σου, Ἰερουσαλήμ, ἴνα σωθῇς· ἕως πότε ὑπάρχουσιν ἐν σοὶ διαλογισμοὶ πόνων σου;	lava a malitia cor tuum Hierusalem ut salva fias usquequo morabuntur in te cogitationes noxiae	Lava a malitia cor tuum, Jerusalem, ut salva fias: usquequo morabuntur in te cogitationes noxi?		O Jerusalem, wash thine heart from wickedness, that thou mayest be saved. How long shall thy vain thoughts lodge within thee?
Jer	4	15	כִּי קוֹל מַגִּיד מִדָּן וּמַשְׁמִיעַ אָוֶן מֵהַר אֶפְרָיִם ׃	διότι φωνὴ ἀγγέλλοντος ἐκ Δὰν ἥξει, καὶ ἀκουσθήσεται πόνος ἐξ ὄρους Ἐφράιμ.	vox enim adnuntiantis a Dan et notum facientis idolum de monte Ephraim	Vox enim annuntiantis a Dan, et notum facientis idolum de monte Ephraim.		For a voice declareth from Dan, and publisheth affliction from mount Ephraim.
Jer	4	16	הַזְכִּירוּ לַגּוֹיִם הִנֵּה הַשְׁמִיעוּ עַל־יְרוּשָׁלִַם נֹצְרִים בָּאִים מֵאֶרֶץ הַמֶּרְחָק וַיִּתְּנוּ עַל־עָרֵי יְהוּדָה קוֹלָם ׃	ἀναμνήσατε ἔθνη, ἰδοὺ ἥκασιν· ἀναγγείλατε ἐν Ἰερουσαλήμ Συστροφαὶ ἔρχονται ἐκ γῆς μακρόθεν καὶ ἔδωκαν ἐπὶ τὰς πόλεις Ἰούδα φῶνῆν αὐτῶν.	concitate gentes ecce auditum est in Hierusalem custodes venire de terra longinqua et dare super civitates Iuda vocem suam	Dicite gentibus: Ecce auditum est in Jerusalem custodes venire de terra longinqua, et dare super civitates Juda vocem suam:		Make ye mention to the nations; behold, publish against Jerusalem, that watchers come from a far country, and give out their voice against the cities of Judah.
Jer	4	17	כְּשֹׁמְרֵי שָׂדַי הָיוּ עָלֶיהָ מִסָּבִיב כִּי־אֹתִי מָרָתָה נְאֻם־יְהוָה ׃	ὡς φυλάσσοντες ἀγρὸν ἐγένοντο ἐπʼ αὐτὴν κύκλῳ, ὅτι ἐμοῦ ἠμέλησας, λέγει Κύριος	quasi custodes agrorum facti sunt super eam in gyro quia me ad iracundiam provocavit ait Dominus	quasi custodes agrorum facti sunt super eam in gyro, quia me ad iracundiam provocavit, dicit Dominus.		As keepers of a field, are they against her round about; because she hath been rebellious against me, saith the Lord.
Jer	4	18	דַּרְכֵּךְ וּמַעֲלָלַיִךְ עָשׂוֹ אֵלֶּה לָךְ זֹאת רָעָתֵךְ כִּי מָר כִּי נָגַע עַד־לִבֵּךְ ׃ ס	αἵ ὀδοί σου καὶ τὰ ἐπιτηδεύματά σου ἐποίησαν ταῦτά σοι· αὕτη ἡ κακία σου, ὅτι πικρά, ὅτι ἥψατο ἕως τῆς καρδίας σου.	viae tuae et cogitationes tuae fecerunt haec tibi ista malitia tua quia amara quia tetigit cor tuum	Vi tu et cogitationes tu fecerunt hc tibi: ista malitia tua, quia amara, quia tetigit cor tuum.		Thy way and thy doings have procured these things unto thee; this is thy wickedness, because it is bitter, because it reacheth unto thine heart.
Jer	4	19	מֵעַי מֵעַי אֹחִולָה קִירוֹת לִבִּי הֹמֶה־לִּי לִבִּי לֹא אַחֲרִישׁ כִּי קוֹל שׁוֹפָר שָׁמַעַתְּי נַפְשִׁי תְּרוּעַת מִלְחָמָה ׃	Tῆν κοιλίαν μου ἀλγῶ, καὶ τὰ αἰσθητήρια τῆς καρδίας μου· μαιμάσσει ἡ ψυχὴ μου, σπαράσσεται ἡ καρδία μου· οὐ σιωπήσομαι, ὅτι φωνὴν σάλπιγγος ἤκουσεν ἡ ψυχὴ μου, κραυγὴν πολέμου.	ventrem meum ventrem meum doleo sensus cordis mei turbati sunt in me non tacebo quoniam vocem bucinae audivit anima mea clamorem proelii	Ventrem meum, ventrem meum doleo; sensus cordis mei turbati sunt in me. Non tacebo, quoniam vocem buccin audivit anima mea, clamorem prlii.		My bowels, my bowels! I am pained at my very heart; my heart maketh a noise in me; I cannot hold my peace, because thou hast heard, O my soul, the sound of the trumpet, the alarm of war.
Jer	4	20	שֶׁבֶר עַל־שֶׁבֶר נִקְרָא כִּי שֻׁדְּדָה כָּל־הָאָרֶץ פִּתְאֹם שֻׁדְּדוּ אֹהָלַי רֶגַע יְרִיעֹתָי ׃	καὶ ταλαιπωρίαν συντριμμὸν ἐπικαλεῖται, ὅτι τεταλαιπάρηκεν πᾶσα ἡ γῆ, ἄφνω τεταλαιπώρηκεν ἡ σκηνή, διεσπάσθησαν αἱ δέρρεις μου.	contritio super contritionem vocata est et vastata est omnis terra repente vastata sunt tabernacula mea subito pelles meae	Contritio super contritionem vocata est, et vastata est omnis terra: repente vastata sunt tabernacula mea; subito pelles me.		Destruction upon destruction is cried; for the whole land is spoiled: suddenly are my tents spoiled, and my curtains in a moment.
Jer	4	21	עַד־מָתַי אֶרְאֶה־נֵּס אֶשְׁמְעָה קוֹל שׁוֹפָר ׃ ס	ἕως πότε ὄψομαι φεύγοντας, ἀκούων φωνὴν σαλπίγγων;	usquequo videbo fugientem audiam vocem bucinae	Usquequo videbo fugientem; audiam vocem buccin?		How long shall I see the standard, and hear the sound of the trumpet?
Jer	4	22	כִּי אֱוִיל עַמִּי אוֹתִי לֹא יָדָעוּ בָּנִים סְכָלִים הֵמָּה וְלֹא נְבוֹנִים הֵמָּה חֲכָמִים הֵמָּה לְהָרַע וּלְהֵיטִיב לֹא יָדָעוּ ׃	διότι οἱ ἡγούμενοι τοῦ λαοῦ μου ἐμὲ οὐκ ἦδεισαν· υἱοὶ ἐἄφρονές εἰσιν καὶ οὐ συνετοί, σοφοί εἰσιν τοῦ κακοποιῆσαι, τὸ δῷ καλῶς ποιῆσαι οὐκ ἐπέγνωσαν.	quia stultus populus meus me non cognovit filii insipientes sunt et vecordes sapientes sunt ut faciant mala bene autem facere nescierunt	Quia stultus populus meus me non cognovit: filii insipientes sunt et vecordes: sapientes sunt ut faciant mala, bene autem facere nescierunt.		For my people is foolish, they have not known me; they are sottish children, and they have none understanding: they are wise to do evil, but to do good they have no knowledge.
Jer	4	23	רָאִיתִי אֶת־הָאָרֶץ וְהִנֵּה־תֹהוּ וָבֹהוּ וְאֶל־הַשָּׁמַיִם וְאֵין אוֹרָם ׃	Ἐ ἔβλεψα ἐπὶ τὴν γῆν, καὶ ἰδοὺ οὐθέν, καὶ εἰς τὸν οὐρανόν, καὶ οὐκ ἣν τὰ φῶτα αὐτοῦ.	aspexi terram et ecce vacua erat et nihili et caelos et non erat lux in eis	Aspexi terram, et ecce vacua erat et nihili; et clos, et non erat lux in eis.		I beheld the earth, and, lo, it was without form, and void; and the heavens, and they had no light.
Jer	4	24	רָאִיתִי הֶהָרִים וְהִנֵּה רֹעֲשִׁים וְכָל־הַגְּבָעוֹת הִתְקַלְקָלוּ ׃	τἶδον τὰ ὄρη καὶ ἦν τρέμοντα, καὶ πάντας τοὺς βουνοὺς ταρασσομένους.	vidi montes et ecce movebantur et omnes colles conturbati sunt	Vidi montes, et ecce movebantur: et omnes colles conturbati sunt.		I beheld the mountains, and, lo, they trembled, and all the hills moved lightly.
Jer	4	25	רָאִיתִי וְהִנֵּה אֵין הָאָדָם וְכָל־עוֹף הַשָּׁמַיִם נָדָדוּ ׃	ἐπέβλεψα, καὶ ἰδοὺ οὐκ ἣν ἄνθρωπος, καὶ πάντα τὰ πετεινὰ τοῦ οὐρανοῦ ἐπτοεῖτο.	intuitus sum et non erat homo et omne volatile caeli recessit	Intuitus sum, et non erat homo: et omne volatile cli recessit.		I beheld, and, lo, there was no man, and all the birds of the heavens were fled.
Jer	4	26	רָאִיתִי וְהִנֵּה הַכַּרְמֶל הַמִּדְבָּר וְכָל־עָרָיו נִתְּצוּ מִפְּנֵי יְהוָה מִפְּנֵי חֲרוֹן אַפּוֹ ׃ ס	χἶδον, καὶ ἰδοὺ ὁ Κάρμηλος ἔρημος, καὶ πᾶσαι αἱ πόλεις ἐμπεπυρισμέναι ἀπὸ προσώπου Κυρίου, καὶ ἀπὸ προσώπου ὀργῆς θυμοῦ αὐτοῦ ἠφανίσθησαν.	aspexi et ecce Carmelus desertus et omnes urbes eius destructae sunt a facie Domini et a facie irae furoris eius	Aspexi, et ecce Carmelus desertus, et omnes urbes ejus destruct sunt a facie Domini, et a facie ir furoris ejus.		I beheld, and, lo, the fruitful place was a wilderness, and all the cities thereof were broken down at the presence of the Lord, and by his fierce anger.
Jer	4	27	כִּי־כֹה אָמַר יְהוָה שְׁמָמָה תִהְיֶה כָּל־הָאָרֶץ וְכָלָה לֹא אֶעֱשֶׂה ׃	εάδε λέγει Κύριος Ἔρημος ἔσται πᾶσα ἡ γῆ, συντέλεαν δὲ οὐ μὴ ποιήσαων.	haec enim dicit Dominus deserta erit omnis terra sed tamen consummationem non faciam	Hc enim dicit Dominus: Deserta erit omnis terra, sed tamen consummationem non faciam.		For thus hath the Lord said, The whole land shall be desolate; yet will I not make a full end.
Jer	4	28	עַל־זֹאת תֶּאֱבַל הָאָרֶץ וְקָדְרוּ הַשָּׁמַיִם מִמָּעַל עַל כִּי־דִבַּרְתִּי זַמֹּתִי וְלֹא נִחַמְתִּי וְלֹא־אָשׁוּב מִמֶּנָּה ׃	ἐπὶ τούτοις πενθείτω ἡ γῆ, καὶ συνσκοτασάτκῳ ὁ οὐρανὸς ἄνωθεν· διότι ἐλάλησα καὶ οὐ μετανοήσω, ῶρμησα καὶ οὐκ ἀποστρέψω ἀπʼ αὐτῆς.	lugebit terra et maerebunt caeli desuper eo quod locutus sum cogitavi et non paenituit me nec aversus sum ab eo	Lugebit terra, et mrebunt cli desuper, eo quod locutus sum. Cogitavi, et non pnituit me, nec aversus sum ab eo.		For this shall the earth mourn, and the heavens above be black; because I have spoken it, I have purposed it, and will not repent, neither will I turn back from it.
Jer	4	29	מִקּוֹל פָּרָשׁ וְרֹמֵה קֶשֶׁת בֹּרַחַת כָּל־הָעִיר בָּאוּ בֶּעָבִים וּבַכֵּפִים עָלוּ כָּל־הָעִיר עֲזוּבָה וְאֵין־יוֹשֵׁב בָּהֵן אִישׁ ׃	ἀπὸ φωνῆς ἱππέωως καὶ ἐντεταμένου τόξου ἀνεχώρησεν πᾶσα χάρα· εἰσέδυσαν εἰς τὰ σπήλαια, καὶ εἰς τὰ ἄλση ἐκρύβησαν, καὶ ἐπὶ τὰς πέτρας ἀνέβησαν· πᾶσα πόλις ἐνκατελείφθη, οὐ κατῴκει ἐν αὐταῖς ἄνθρωπος.	a voce equitis et mittentis sagittam fugit omnis civitas ingressi sunt ardua et ascenderunt rupes universae urbes derelictae sunt et non habitat in eis homo	A voce equitis et mittentis sagittam fugit omnis civitas: ingressi sunt ardua, et ascenderunt rupes: univers urbes derelict sunt, et non habitat in eis homo.		The whole city shall flee for the noise of the horsemen and bowmen; they shall go into thickets, and climb up upon the rocks: every city shall be forsaken, and not a man dwell therein.
Jer	4	30	וְאַתִּי שָׁדוּד מַה־תַּעֲשִׂי כִּי־תִלְבְּשִׁי שָׁנִי כִּי־תַעְדִּי עֲדִי־זָהָב כִּי־תִקְרְעִי בַפּוּךְ עֵינַיִךְ לַשָּׁוְא תִּתְיַפִּי מָאֲסוּ־בָךְ עֹגְבִים נַפְשֵׁךְ יְבַקֵּשׁוּ ׃	καὶ σὺ τί ποιήσεις ἐὰν περιβαίη κόκκινον καὶ κοσμήσῃ κόσμψ χρυσῷ, ἐὰν ἐνχρίσῃ στίβι τοῖς ὀφθαλμοὺς σου; εἰς μiταιον ὁ ὡραισμός σου· ἀπώσαντό σε οἱ ἐρασταί σου, τὴν ψυχὴν σου ζητοῦσιν.	tu autem vastata quid facies cum vestieris te coccino cum ornata fueris monili aureo et pinxeris stibio oculos tuos frustra conponeris contempserunt te amatores tui animam tuam quaerent	Tu autem vastata, quid facies? cum vestieris te coccino, cum ornata fueris monili aureo, et pinxeris stibio oculos tuos, frustra componeris: contempserunt te amatores tui; animam tuam qurent.		And when thou art spoiled, what wilt thou do? Though thou clothest thyself with crimson, though thou deckest thee with ornaments of gold, though thou rentest thy face with painting, in vain shalt thou make thyself fair; thy lovers will despise thee, they will seek thy life.
Jer	4	31	כִּי קוֹל כְּחוֹלָה שָׁמַעְתִּי צָרָה כְּמַבְכִּירָה קוֹל בַּת־צִיּוֹן תִּתְיַפֵּחַ תְּפָרֵשׂ כַּפֶּיהָ אוֹי־נָא לִי כִּי־עָיְפָה נַפְשִׁי לְהֹרְגִים ׃ פ	ὅτι φωνὴν ὡς ὠδινούσης ἤκουσα τοῦ στεναγμοῦ σου, ὡς πρωτοτοκούσης· φωνὴ θυγατρὸς Σειών·ἐκλυθήσεται, καὶ παρήσει τὰς χεῖρας αὐτῆς Οἵμοι ἐγώ, ὅτι ἐκλείπει ἡ ψυχὴ μου ἐπὶ τοῖς ἀνῃρημένοις.	vocem enim quasi parturientis audivi angustias ut puerperae vox filiae Sion intermorientis expandentisque manus suas vae mihi quia defecit anima mea propter interfectos	Vocem enim quasi parturientis audivi, angustias ut puerper: vox fili Sion intermorientis, expandentisque manus suas: V mihi, quia defecit anima mea propter interfectos!]		For I have heard a voice as of a woman in travail, and the anguish as of her that bringeth forth her first child, the voice of the daughter of Zion, that bewaileth herself, that spreadeth her hands, saying, Woe is me now! for my soul is wearied because of murderers.
Jer	5	1	שׁוֹטְטוּ בְּחוּצוֹת יְרוּשָׁלַםִ וּרְאוּ־נָא וּדְעוּ וּבַקְשׁוּ בִרְחוֹבוֹתֶיהָ אִם־תִּמְצְאוּ אִישׁ אִם־יֵשׁ עֹשֶׂה מִשְׁפָּט מְבַקֵּשׁ אֱמוּנָה וְאֶסְלַח לָהּ ׃	Περιδράμετε ἐν ταῖς ὁδοῖς Ἰερουσαλήμ, καὶ ἴδετε καὶ γνῶτε καὶ ζητήσατε ἐν ταῖς πλατείαις αὐτῆς, ἐὰν εὕρητε, εἰ ἔστιν ποιῶν κρίμα καὶ ζητῶν πίστιν, καὶ ἵλεως ἔσομαι αὐτοῖς, λέγει Κύριος.	circuite vias Hierusalem et aspicite et considerate et quaerite in plateis eius an inveniatis virum facientem iudicium et quaerentem fidem et propitius ero eius	[Circuite vias Jerusalem, et aspicite, et considerate, et qurite in plateis ejus, an inveniatis virum facientem judicium, et qurentem fidem: et propitius ero ei.		Run ye to and fro through the streets of Jerusalem, and see now, and know, and seek in the broad places thereof, if ye can find a man, if there be any that executeth judgment, that seeketh the truth; and I will pardon it.
Jer	5	2	וְאִם חַי־יְהוָֹה יֹאמֵרוּ לָכֵן לַשֶּׁקֶר יִשָּׁבֵעוּ ׃	Ζῇ Κύριος, λέγουσιν· διὰ τοῦτο οὐκ ἐν ψεύδεσιν ὀμνύουσιν;	quod si etiam vivit Dominus dixerint et hoc falso iurabunt	Quod si etiam: Vivit Dominus, dixerint, et hoc falso jurabunt.		And though they say, The Lord liveth; surely they swear falsely.
Jer	5	3	יְהֹוָה עֵינֶיךָ הֲלוֹא לֶאֱמוּנָה הִכִּיתָה אֹתָם וְלֹא־חָלוּ כִּלִּיתָם מֵאֲנוּ קַחַת מוּסָר חִזְּקוּ פְנֵיהֶם מִסֶּלַע מֵאֲנוּ לָשׁוּב ׃	Κύριε, οἱ ὀφθαλμοί σου εἰς πίστιν· ἐμαστίγωσας αὐτοὺς καὶ οὐκ ἐπόνεσαν, συνετέλεσας αὐτοὺς καὶ οὐκ ἠθέλησαν δέξασθαι παιδείαν, ἐστερέωσαν τὰ πρόσωπα αὐτῶν ὑπέρ πέτραν καὶ οὐκ ἠθέλησαν ἐπιστραφῆναι.	Domine oculi tui respiciunt fidem percussisti eos et non doluerunt adtrivisti eos et rennuerunt accipere disciplinam induraverunt facies suas super petram noluerunt reverti	Domine, oculi tui respiciunt fidem: percussisti eos, et non doluerunt; attrivisti eos, et renuerunt accipere disciplinam: induraverunt facies suas supra petram, et noluerunt reverti.		O Lord, are not thine eyes upon the truth? thou hast stricken them, but they have not grieved; thou hast consumed them, but they have refused to receive correction: they have made their faces harder than a rock; they have refused to return.
Jer	5	4	וַאֲנִי אָמַרְתִּי אַךְ־דַּלִּים הֵם נוֹאֲלוּ כִּי לֹא יָדְעוּ דֶּרֶךְ יְהוָה מִשְׁפַּט אֱלֹהֵיהֶם ׃	καὶ ἐγὼ εἶπα Ἴσως πτωχοί εἰσιν, διότι οὐκ ἐδυνάσθησαν, ὅτι οὐκ ἔγνωσαν ὁδὸν Κυρίου καὶ κρίσιν θεοῦ·	ego autem dixi forsitan pauperes sunt et stulti ignorantes viam Domini iudicium Dei sui	Ego autem dixi: Forsitan pauperes sunt et stulti, ignorantes viam Domini, judicium Dei sui.		Therefore I said, Surely these are poor; they are foolish: for they know not the way of the Lord, nor the judgment of their God.
Jer	5	5	אֵלֲכָה־לִּי אֶל־הַגְּדֹלִים וַאֲדַבְּרָה אוֹתָם כִּי הֵמָּה יָדְעוּ דֶּרֶךְ יְהוָה מִשְׁפַּט אֱלֹהֵיהֶם אַךְ הֵמָּה יַחְדָּו שָׁבְרוּ עֹל נִתְּקוּ מוֹסֵרוֹת ׃	πορεύσομαι πρὸς τοὺς ἁδροὺς καὶ λαλήσω αὐτοῖς, ὅτι αὐτοὶ ἐπέγνωσαν ὁδὸν Κυρίου καὶ κρίσιν θεοῦ· καὶ ἰδοὺ ὁμοθυμαδὸν συνέτριψαν ζυγόν, διέρρηξαν δεσμούς.	ibo igitur ad optimates et loquar eis ipsi enim cognoverunt viam Domini iudicium Dei sui et ecce magis hii simul confregerunt iugum ruperunt vincula	Ibo igitur ad optimates, et loquar eis: ipsi enim cognoverunt viam Domini, judicium Dei sui: et ecce magis hi simul confregerunt jugum; ruperunt vincula.		I will get me unto the great men, and will speak unto them; for they have known the way of the Lord, and the judgment of their God: but these have altogether broken the yoke, and burst the bonds.
Jer	5	6	עַל־כֵּן הִכָּם אַרְיֵה מִיַּעַר זְאֵב עֲרָבוֹת יְשָׁדְדֵם נָמֵר שֹׁקֵד עַל־עָרֵיהֶם כָּל־הַיּוֹצֵא מֵהֵנָּה יִטָּרֵף כִּי רַבּוּ פִּשְׁעֵיהֶם עָצְמוּ מְשֻׁבוֹתֵיהֶם ׃	διὰ τοῦτο ἔπαισεν αὐτοὺς λέων ἐκ τοῦ δρυμοῦ, καὶ λύκος ἕως τῶν οἰκιῶν ὠλόθρευσεν αὐτούς, καὶ πάρδαλις ἐγρηγόρησεν ἐπὶ τὰς πόλεις αὐτῶν· πάντες οἱ ἐκπορευόμενοι ἀπʼ αὐτῶν θηρευθήσονται, ὅτι ἐπλήθυναν ἀσεβείας οὐτῶν, sἴσχυσαν ἐν ταῖς ἀποστροφαῖς αὐτῶν.	idcirco percussit eos leo de silva lupus ad vesperam vastavit eos pardus vigilans super civitates eorum omnis qui egressus fuerit ex eis capietur quia multiplicatae sunt praevaricationes eorum confortatae sunt aversiones eorum	Idcirco percussit eos leo de silva; lupus ad vesperam vastavit eos: pardus vigilans super civitates eorum: omnis qui egressus fuerit ex eis capietur: quia multiplicat sunt prvaricationes eorum; confortat sunt aversiones eorum.		Wherefore a lion out of the forest shall slay them, and a wolf of the evenings shall spoil them, a leopard shall watch over their cities: every one that goeth out thence shall be torn in pieces: because their transgressions are many, and their backslidings are increased.
Jer	5	7	אֵי לָזֹאת אֶסְלַוח־לָךְ בָּנַיִךְ עֲזָבוּנִי וַיִּשָּׁבְעוּ בְּלֹא אֱלֹהִים וָאַשְׂבִּעַ אוֹתָם וַיִּנְאָפוּ וּבֵית זוֹנָה יִתְגֹּדָדוּ ׃	ποίᾳ τούτων ἵλεως γέναομαί σοι; οἱ υἱοί σου ἐνκατέλιπὸν με καὶ ὤμνυον ἐν τοῖς οὐκ οὖσιν θεοῖς· καὶ ἐχόρτασα αὐτούς, καὶ ἐμοιχῶντο καὶ ἐν οἴκοις πορνῶν κάτελυον.	super quo propitius tibi esse potero filii tui dereliquerunt me et iurant in his qui non sunt dii saturavi eos et moechati sunt et in domo meretricis luxuriabantur	Super quo propitius tibi esse potero? filii tui dereliquerunt me, et jurant in his qui non sunt dii. Saturavi eos, et mchati sunt, et in domo meretricis luxuriabantur.		How shall I pardon thee for this? thy children have forsaken me, and sworn by them that are no gods: when I had fed them to the full, they then committed adultery, and assembled themselves by troops in the harlots' houses.
Jer	5	8	סוּסִים מְיֻזָּנִים מַשְׁכִּים הָיוּ אִישׁ אֶל־אֵשֶׁת רֵעֵהוּ יִצְהָלוּ ׃	ἵπποι θηλυμανεῖς ἐγενήθησαν, ἕκαστος ἐπὶ τὴν γυναῖκα τοῦ πλησίον αὐτοῦ ἐχρεμέτιζεν.	equi amatores et admissarii facti sunt unusquisque ad uxorem proximi sui hinniebat	Equi amatores et emissarii facti sunt: unusquisque ad uxorem proximi sui hinniebat.		They were as fed horses in the morning: every one neighed after his neighbour's wife.
Jer	5	9	הַעַל־אֵלֶּה לוֹא־אֶפְקֹד נְאֻם־יְהוָֹה וְאִם בְּגוֹי אֲשֶׁר־כָּזֶה לֹא תִתְנַקֵּם נַפְשִׁי ׃	μὴ ἐπὶ τούτοις οὐκ ἐπισκέψομαι λέγει Κύριος· ἡ ἐν ἔθνει τοιούτῳ οὐκ ἐκδικήσει ἡ ψυχὴ μου	numquid super his non visitabo dicit Dominus et in gente tali non ulciscetur anima mea	Numquid super his non visitabo, dicit Dominus, et in gente tali non ulciscetur anima mea?		Shall I not visit for these things? saith the Lord: and shall not my soul be avenged on such a nation as this?
Jer	5	10	ס עֲלוּ בְשָׁרוֹתֶיהָ וְשַׁחֵתוּ וְכָלָה אַל־תַּעֲשׂוּ הָסִירוּ נְטִישׁוֹתֶיהָ כִּי לוֹא לַיהוָה הֵמָּה ׃	Ἀνάβητε ἐπὶ τοὺς προμαχῶνας αὐτῆς καὶ κατασκάψατε, συντέλειαν δὲ μὴ ποιήσητε· ὑπολίπεσθε τὰ ὑποστηρίγματα αὐτῆς, ὅτι τοῦ κυρίου εἰσίν.	ascendite muros eius et dissipate consummationem autem nolite facere auferte propagines eius quia non sunt Domini	Ascendite muros ejus, et dissipate: consummationem autem nolite facere: auferte propagines ejus, quia non sunt Domini.		Go ye up upon her walls, and destroy; but make not a full end: take away her battlements; for they are not the Lord's.
Jer	5	11	כִּי בָגוֹד בָּגְדוּ בִּי בֵּית יִשְׂרָאֵל וּבֵית יְהוּדָה נְאֻם־יְהוָה ׃	ὅτι ἀθετῶν ἐθέτησεν εἰς ἐμέ, λέγει Κύριος, οἶκος Ἰσραήλ, καὶ οἶκος Ἰούδα	praevaricatione enim praevaricata est in me domus Israhel et domus Iuda ait Dominus	Prvaricatione enim prvaricata est in me domus Isral, et domus Juda, ait Dominus.		For the house of Israel and the house of Judah have dealt very treacherously against me, saith the Lord.
Jer	5	12	כִּחֲשׁוּ בַּיהוָה וַיֹּאמְרוּ לֹא־הוּא וְלֹא־תָבוֹא עָלֵינוּ רָעָה וְחֶרֶב וְרָעָב לוֹא נִרְאֶה ׃	ἐψεύσατο τῷ κυρίῳ ἑαυτῶν, καὶ εἶπαν Οὐκ ἔστιν ταῦτα· οὐχ ἤξει ἐφʼ ἡμᾶς κακά, καὶ μάχαιραν καὶ λιμὸν οὐκ ὀψόμεθα·	negaverunt Dominum et dixerunt non est ipse neque veniet super nos malum gladium et famem non videbimus	Negaverunt Dominum, et dixerunt: Non est ipse: neque veniet super nos malum: gladium et famem non videbimus.		They have belied the Lord, and said, It is not he; neither shall evil come upon us; neither shall we see sword nor famine:
Jer	5	13	וְהַנְּבִיאִים יִהְיוּ לְרוּחַ וְהַדִּבֵּר אֵין בָּהֶם כֹּה יֵעָשֶׂה לָהֶם ׃ ס	οἱ προφῆται ἡμῶν ἦσαν εἰς ἄνεμον, καὶ λόγος Κυρίου οὐχ ὑπῆρχεν ἐν αὐτοῖς· οὕτως ἔσται αὐτοῖς.	prophetae fuerunt in ventum et responsum non fuit in eis haec ergo evenient illis	Prophet fuerunt in ventum locuti, et responsum non fuit in eis: hc ergo evenient illis.		And the prophets shall become wind, and the word is not in them: thus shall it be done unto them.
Jer	5	14	לָכֵן כֹּה־אָמַר יְהוָה אֱלֹהֵי צְבָאוֹת יַעַן דַּבֶּרְכֶם אֶת־הַדָּבָר הַזֶּה הִנְנִי נֹתֵן דְּבָרַי בְּפִיךָ לְאֵשׁ וְהָעָם הַזֶּה עֵצִים וַאֲכָלָתַם ׃	διὰ τοῦτο τάδε λέγει Κύριος Παντοκράτωρ Ἀνθʼ ὧν ἐλαλήσατε τὸ ῥῆμα τοῦτο, ἰδοὺ ἐγὼ δέδωκα τοὺς λόγους μου εἰς τὸ στόμα σου πῦρ, καὶ τὸν λαὸν τοῦτον ξύλα, καὶ καταφάγεται αὐτούς.	haec dicit Dominus Deus exercituum quia locuti estis verbum istud ecce ego do verba mea in ore tuo in ignem et populum istum ligna et vorabit eos	Hc dicit Dominus Deus exercituum: Quia locuti estis verbum istud, ecce ego do verba mea in ore tuo in ignem, et populum istum in ligna, et vorabit eos.		Wherefore thus saith the Lord God of hosts, Because ye speak this word, behold, I will make my words in thy mouth fire, and this people wood, and it shall devour them.
Jer	5	15	הִנְנִי מֵבִיא עֲלֵיכֶם גּוֹי מִמֶּרְחָק בֵּית יִשְׂרָאֵל נְאֻם־יְהוָֹה גּוֹי אֵיתָן הוּא גּוֹי מֵעוֹלָם הוּא גּוֹי לֹא־תֵדַע לְשֹׁנוֹ וְלֹא תִשְׁמַע מַה־יְדַבֵּר ׃	ἰδοὺ ἐὼ ἐπάγω ἐφʼ ὑμᾶς ἔθνος πόρρωθεν, οἶκος Ἰσραήλ, λέγει Κύριος, ἔθνος οὗ οὐκ ἀκούσει τῆς φωνῆς τῆς γλώσσης αὐτοῦ·	ecce ego adducam super vos gentem de longinquo domus Israhel ait Dominus gentem robustam gentem antiquam gentem cuius ignorabis linguam nec intelleges quid loquatur	Ecce ego adducam super vos gentem de longinquo, domus Isral, ait Dominus: gentem robustam, gentem antiquam, gentem cujus ignorabis linguam, nec intelliges quid loquatur.		Lo, I will bring a nation upon you from far, O house of Israel, saith the Lord: it is a mighty nation, it is an ancient nation, a nation whose language thou knowest not, neither understandest what they say.
Jer	5	16	אַשְׁפָּתוֹ כְּקֶבֶר פָּתוּחַ כֻּלָּם גִּבּוֹרִים ׃	πάντες ἰσχυροί, καὶ κατέδονται τὸν θερισμὸν ὑμῶν	faretra eius quasi sepulchrum patens universi fortes	Pharetra ejus quasi sepulchrum patens; universi fortes.		Their quiver is as an open sepulchre, they are all mighty men.
Jer	5	17	וְאָכַל קְצִירְךָ וְלַחְמֶךָ יֹאכְלוּ בָּנֶיךָ וּבְנוֹתֶיךָ יֹאכַל צֹאנְךָ וּבְקָרֶךָ יֹאכַל גַּפְנְךָ וּתְאֵנָתֶךָ יְרֹשֵׁשׁ עָרֵי מִבְצָרֶיךָ אֲשֶׁר אַתָּה בּוֹטֵחַ בָּהֵנָּה בֶּחָרֶב ׃	καὶ τοὺς ἄρτους ὑμῶν, καὶ κατέδονται τοὺς υἱοὺς ὑμῶν καὶ τὰς θυγατέρας ὑμῶν, καὶ κατέδονται τὰ πρόβατα ὑμῶν καὶ τοὺς μόσχους ὑμῶν, καὶ κατέδονται τοὺς ἀμπελῶνας ὑμῶν καὶ τοὺς συκῶνας ὑμῶν καὶ τοὺς ἐλαιῶνας ὑμῶν· καὶ ἀλοήσουσιν τὰς πόλεις, τὰς πόλεις τὰς ὀχυρὰς ὑμῶν, ἐφʼ αἷς ὑμεῖς πεποίθατε ἐπʼ αὐταῖς, ἐν ῥομφαίᾳ.	et comedet segetes tuas et panem tuum devorabit filios tuos et filias tuas comedet gregem tuum et armenta tua comedet vineam tuam et ficum tuam et conteret urbes munitas tuas in quibus tu habes fiduciam gladio	Et comedet segetes tuas et panem tuum; devorabit filios tuos et filias tuas; comedet gregem tuum et armenta tua; comedet vineam tuam et ficum tuam: et conteret urbes munitas tuas, in quibus tu habes fiduciam, gladio.		And they shall eat up thine harvest, and thy bread, which thy sons and thy daughters should eat: they shall eat up thy flocks and thine herds: they shall eat up thy vines and thy fig trees: they shall impoverish thy fenced cities, wherein thou trustedst, with the sword.
Jer	5	18	וְגַם בַּיָּמִים הָהֵמָּה נְאֻם־יְהוָֹה לֹא־אֶעֱשֶׂה אִתְּכֶם כָּלָה ׃	καὶ ἔσται ἐν ταῖς ἡμέραις ἐκείναις, λέγει Κύριος ὁ θεός σου, οὐ μὴ ποιήσω ὑμᾶς εἰς συντέλειαν.	verumtamen et diebus illis ait Dominus non faciam vos in consummationem	Verumtamen in diebus illis, ait Dominus, non faciam vos in consummationem.		Nevertheless in those days, saith the Lord, I will not make a full end with you.
Jer	5	19	וְהָיָה כִּי תֹאמְרוּ תַּחַת מֶה עָשָׂה יְהֹוָה אֱלֹהֵינוּ לָנוּ אֶת־כָּל־אֵלֶּה וְאָמַרְתָּ אֲלֵיהֶם כַּאֲשֶׁר עֲזַבְתֶּם אוֹתִי וַתַּעַבְדוּ אֱלֹהֵי נֵכָר בְּאַרְצְכֶם כֵּן תַּעַבְדוּ זָרִים בְּאֶרֶץ לֹא לָכֶם ׃ ס	καὶ ἔσται ὅταν εἴπητε Τἴνος ἕνεκεν ἐποίησεν Κύριος ὁ θεὸς ἡμῶν ἡμῖν πάντα ταῦτα; καὶ ἐρεῖς αὐτοῖς Λνθʼ ὦν ἐδουλεύσατε θεοῖς ἀλλοτρίοις ἐν τῇ γῆ ὑμῶν, οὕτως δουλεύσετε ἀλλοτρίοις ἐν γῇ οὐχ ὑμῶν.	quod si dixeritis quare fecit Dominus Deus noster nobis haec omnia dices ad eos sicut dereliquistis me et servistis deo alieno in terra vestra sic servietis alienis in terra non vestra	Quod si dixeritis: Quare fecit nobis Dominus Deus noster hc omnia? dices ad eos: Sicut dereliquistis me, et servistis deo alieno in terra vestra, sic servietis alienis in terra non vestra.		And it shall come to pass, when ye shall say, Wherefore doeth the Lord our God all these things unto us? then shalt thou answer them, Like as ye have forsaken me, and served strange gods in your land, so shall ye serve strangers in a land that is not your's.
Jer	5	20	הַגִּידוּ זֹאת בְּבֵית יַעֲקֹב וְהַשְׁמִיעוּהָ בִיהוּדָה לֵאמֹר ׃	Ἀναγγείλατε ταῦτα εἰς τὸν οἶκον Ἰακώβ, καὶ ἀκουσθήτω ἐν τῷ Ἰούδα.	adnuntiate hoc domui Iacob et auditum facite in Iuda dicentes	Annuntiate hoc domui Jacob, et auditum facite in Juda, dicentes:		Declare this in the house of Jacob, and publish it in Judah, saying,
Jer	5	21	שִׁמְעוּ־נָא זֹאת עַם סָכָל וְאֵין לֵב עֵינַיִם לָהֶם וְלֹא יִרְאוּ אָזְנַיִם לָהֶם וְלֹא יִשְׁמָעוּ ׃	ἀκούσατε δὴ ταῦτα, λαὸς μωρὸς καὶ ἀκάρδιος· ὀφθαλμοὶ αὐτοῖς καὶ οὐ βλέπουσιν, ὦτα αὐτοῖς καὶ οὐκ ἀκούουσιν.	audi populus stulte qui non habes cor qui habentes oculos non videtis et aures et non auditis	Audi, popule stulte, qui non habes cor: qui habentes oculos, non videtis; et aures, et non auditis.		Hear now this, O foolish people, and without understanding; which have eyes, and see not; which have ears, and hear not:
Jer	5	22	הַאוֹתִי לֹא־תִירָאוּ נְאֻם־יְהוָֹה אִם מִפָּנַי לֹא תָחִילוּ אֲשֶׁר־שַׂמְתִּי חוֹל גְּבוּל לַיָּם חָק־עוֹלָם וְלֹא יַעַבְרֶנְהוּ וַיִּתְגָּעֲשׁוּ וְלֹא יוּכָלוּ וְהָמוּ גַלָּיו וְלֹא יַעַבְרֻנְהוּ ׃	μὴ ἐμέ οὐ φοβηθήσεσθε; λέγει Κύριος, ἡ ἀπὸ προσώπου μου οὐκ εύλαβηθῄσεσθε; τὸν τάξαντα ἄμμον ὅριον τῇ θαλάσσῃ, πρόσταγμα αἰώνιον, καὶ οὐχ ὑπερβήσεται αὐτό, καὶ ταραχθήσεται, καὶ οὐ δυνήσεται, καὶ ἠχήσουσιν τὰ κύματα αὐτῆς καὶ οὐχ ὑπερβήσεται αὐτό.	me ergo non timebitis ait Dominus et a facie mea non dolebitis qui posui harenam terminum mari praeceptum sempiternum quod non praeteribit et commovebuntur et non poterunt et intumescent fluctus eius et non transibunt illud	Me ergo non timebitis, ait Dominus, et a facie mea non dolebitis? qui posui arenam terminum mari, prceptum sempiternum quod non prteribit: et commovebuntur, et non poterunt; et intumescent fluctus ejus, et non transibunt illud.		Fear ye not me? saith the Lord: will ye not tremble at my presence, which have placed the sand for the bound of the sea by a perpetual decree, that it cannot pass it: and though the waves thereof toss themselves, yet can they not prevail; though they roar, yet can they not pass over it?
Jer	5	23	וְלָעָם הַזֶּה הָיָה לֵב סוֹרֵר וּמוֹרֶה סָרוּ וַיֵּלֵכוּ ׃	τῷ δὲ λαῷ τούτῳ ἐγενήθη καρδία ἀνήκοος καὶ ἀπειθής, καὶ ἐξέκλιναν καὶ ἀπήλθοσαν.	populo autem huic factum est cor incredulum et exasperans recesserunt et abierunt	Populo autem huic factum est cor incredulum et exasperans: recesserunt, et abierunt.		But this people hath a revolting and a rebellious heart; they are revolted and gone.
Jer	5	24	וְלֹא־אָמְרוּ בִלְבָבָם נִירָא נָא אֶת־יְהוָה אֱלֹהֵינוּ הַנֹּתֵן גֶּשֶׁם וְיֹרֶה וּמַלְקוֹשׁ בְּעִתּוֹ שְׁבֻעוֹת חֻקּוֹת קָצִיר יִשְׁמָר־לָנוּ ׃	καὶ οὐκ εἶπον ἐν τῇ καρδίᾳ αὐτῶν Φοβηθῶμεν δὴ Κύριον τὸν θεὸν ἡμῶν. τὸν διδόντα ἡμῖν ὑετὸν πρόιμον καὶ ὄψιμον κατὰ καιρὸν πληρώσεως προστάγματος θερισμοῦ, καὶ ἐφύλαξεν ἡμῖν.	et non dixerunt in corde suo metuamus Dominum Deum nostrum qui dat nobis pluviam temporaneam et serotinam in tempore suo plenitudinem annuae messis custodientem nobis	Et non dixerunt in corde suo: Metuamus Dominum Deum nostrum, qui dat nobis pluviam temporaneam et serotinam in tempore suo, plenitudinem annu messis custodientem nobis.		Neither say they in their heart, Let us now fear the Lord our God, that giveth rain, both the former and the latter, in his season: he reserveth unto us the appointed weeks of the harvest.
Jer	5	25	עֲוֹנוֹתֵיכֶם הִטּוּ־אֵלֶּה וְחַטֹּאותֵיכֶם מָנְעוּ הַטּוֹב מִכֶּם ׃	αἱ ἀνομίαι ὑμῶν ἐξέκλιναν ταῦτα, καὶ αἱ ἁμαρτίαι ὑμῶν ἀπέστησαν τὰ ἀγαθὰ ἀφʼ ὑμῶν.	iniquitates nostrae declinaverunt haec et peccata nostra prohibuerunt bonum a nobis	Iniquitates vestr declinaverunt hc, et peccata vestra prohibuerunt bonum a vobis:		Your iniquities have turned away these things, and your sins have withholden good things from you.
Jer	5	26	כִּי־נִמְצְאוּ בְעַמִּי רְשָׁעִים יָשׁוּר כְּשַׁךְ יְקוּשִׁים הִצִּיבוּ מַשְׁחִית אֲנָשִׁים יִלְכֹּדוּ ׃	ὅτι εὑρεθησαν ἐν τῷ λαῷ μου ἀσεβεῖς, καὶ παγίδας ἔστησαν τοῦ διαφθεῖραι ἄνδρας, καὶ συνελαμβάνοσαν.	quia inventi sunt in populo meo impii insidiantes quasi aucupes laqueos ponentes et pedicas ad capiendos viros	quia inventi sunt in populo meo impii insidiantes quasi aucupes, laqueos ponentes et pedicas ad capiendos viros.		For among my people are found wicked men: they lay wait, as he that setteth snares; they set a trap, they catch men.
Jer	5	27	כִּכְלוּב מָלֵא עוֹף כֵּן בָּתֵּיהֶם מְלֵאִים מִרְמָה עַל־כֵּן גָּדְלוּ וַיַּעֲשִׁירוּ ׃	ὡς παγὶς ἐφεσταμένη πλήρης πετεινῶν, οὕτως οἱ οἶκοι αὐτῶν πλήρεις δόλου· διὰ τοῦτο ἐμεγαλύνθησαν καὶ ἐπλούτησαν,	sicut decipula plena avibus sic domus eorum plenae dolo ideo magnificati sunt et ditati	Sicut decipula plena avibus, sic domus eorum plen dolo: ideo magnificati sunt et ditati.		As a cage is full of birds, so are their houses full of deceit: therefore they are become great, and waxen rich.
Jer	5	28	שָׁמְנוּ עָשְׁתוּ גַּם עָבְרוּ דִבְרֵי־רָע דִּין לֹא־דָנוּ דִּין יָתוֹם וְיַצְלִיחוּ וּמִשְׁפַּט אֶבְיוֹנִים לֹא שָׁפָטוּ ׃	καὶ παρέβησαν κρίσιν, οὐκ ἔκριναν κρίσιν ὀρφανοῦ, καὶ κρίσιν χήρας οὐκ ἐκρίνοσαν.	incrassati sunt et inpinguati et praeterierunt sermones meos pessime causam non iudicaverunt causam pupilli non direxerunt et iudicium pauperum non iudicaverunt	Incrassati sunt et impinguati, et prterierunt sermones meos pessime. Causam vidu non judicaverunt, causam pupilli non direxerunt, et judicium pauperum non judicaverunt.		They are waxen fat, they shine: yea, they overpass the deeds of the wicked: they judge not the cause, the cause of the fatherless, yet they prosper; and the right of the needy do they not judge.
Jer	5	29	הַעַל־אֵלֶּה לֹא־אֶפְקֹד נְאֻם־יְהוָֹה אִם בְּגוֹי אֲשֶׁר־כָּזֶה לֹא תִתְנַקֵּם נַפְשִׁי ׃	μὴ ἐπὶ τούτοις οὐκ ἐπισκέψομαι; λέγει Κύριος, ἡ ἐν ἔθνει τῷ τοιούτῳ οὐκ ἐκδικήσει ἡ ψυχὴ μου	numquid super his non visitabo dicit Dominus aut super gentem huiuscemodi non ulciscetur anima mea	Numquid super his non visitabo, dicit Dominus, aut super gentem hujuscemodi non ulciscetur anima mea?		Shall I not visit for these things? saith the Lord: shall not my soul be avenged on such a nation as this?
Jer	5	30	ס שַׁמָּה וְשַׁעֲרוּרָה נִהְיְתָה בָּאָרֶץ ׃	Ἔκαστασις καὶ φρικτὰ ἐγενήθη ἐπὶ τῆς γῆς.	stupor et mirabilia facta sunt in terra	Stupor et mirabilia facta sunt in terra:		A wonderful and horrible thing is committed in the land;
Jer	5	31	הַנְּבִיאִים נִבְּאוּ־בַשֶּׁקֶר וְהַכֹּהֲנִים יִרְדּוּ עַל־יְדֵיהֶם וְעַמִּי אָהֲבוּ כֵן וּמַה־תַּעֲשׂוּ לְאַחֲרִיתָהּ ׃	οἱ προφῆται προφητεύουσιν ἄδικα, καὶ οἱ ἱερεῖς ἐπεκρότησαν ταῖς χερσὶν αὐτῶν, καὶ ὁ λαός μου ἠγάπησεν οὕτως· καὶ τί ποιήσητε εἰς τὰ μετὰ ταῦτα;	prophetae prophetabant mendacium et sacerdotes adplaudebant manibus suis et populus meus dilexit talia quid igitur fiet in novissimo eius	prophet prophetabant mendacium, et sacerdotes applaudebant manibus suis, et populus meus dilexit talia. Quid igitur fiet in novissimo ejus?]		The prophets prophesy falsely, and the priests bear rule by their means; and my people love to have it so: and what will ye do in the end thereof?
Jer	6	1	הָעִזוּ בְּנֵי בִנְיָמִן מִקֶּרֶב יְרוּשָׁלַםִ וּבִתְקוֹעַ תִּקְעוּ שׁוֹפָר וְעַל־בֵּית הַכֶּרֶם שְׂאוּ מַשְׂאֵת כִּי רָעָה נִשְׁקְפָה מִצָּפוֹן וְשֶׁבֶר גָּדוֹל ׃	Ἐνισχύσατε, υἱοὶ Βενιαμείν, ἐκ μέσου τῆς Ἰερουσαλήμ, καὶ ἐν Θεκοῦε σημάνατε σάλπιγγι, καὶ ὑπέρ Βαιθθαχαρμὰ ἄρατε σημεῖον· ὅτι κακὰ ἐκκέκυφεν ἀπὸ βορρᾶ, καὶ συντριβὴ μεγάλη γίνεται,	confortamini filii Beniamin in medio Hierusalem et in Thecua clangite bucina et super Bethaccharem levate vexillum quia malum visum est ab aquilone et contritio magna	[Confortamini, filii Benjamin, in medio Jerusalem: et in Thecua clangite buccina, et super Bethacarem levate vexillum, quia malum visum est ab aquilone, et contritio magna.		O ye children of Benjamin, gather yourselves to flee out of the midst of Jerusalem, and blow the trumpet in Tekoa, and set up a sign of fire in Bethhaccerem: for evil appeareth out of the north, and great destruction.
Jer	6	2	הַנָּוָה וְהַמְּעֻנָּגָה דָּמִיתִי בַּת־צִיּוֹן ׃	καὶ ἀφαιρεθήσεται τὸ ὕψος σου, θυγάτηρ Σειών.	speciosae et delicatae adsimilavi filiam Sion	Specios et delicat assimilavi filiam Sion.		I have likened the daughter of Zion to a comely and delicate woman.
Jer	6	3	אֵלֶיהָ יָבֹאוּ רֹעִים וְעֶדְרֵיהֶם תָּקְעוּ עָלֶיהָ אֹהָלִים סָבִיב רָעוּ אִישׁ אֶת־יָדוֹ ׃	εἰς αὐτὴν ἥξουσιν ποιμένες καὶ τὰ ποίμνια αὐτῶν, καὶ πήξουσιν ἐπʼ αὐτὴν σκηνὰς κύκλῳ, καὶ ποιμανοῦσιν ἕκαστος τῇ χειρὶ αὐτοῦ.	ad eam venient pastores et greges eorum fixerunt in ea tentoria in circuitu pascet unusquisque eos qui sub manu sua sunt	Ad eam venient pastores et greges eorum; fixerunt in ea tentoria in circuitu: pascet unusquisque eos qui sub manu sua sunt.		The shepherds with their flocks shall come unto her; they shall pitch their tents against her round about; they shall feed every one in his place.
Jer	6	4	קַדְּשׁוּ עָלֶיהָ מִלְחָמָה קוּמוּ וְנַעֲלֶה בַצָּהֳרָיִם אוֹי לָנוּ כִּי־פָנָה הַיּוֹם כִּי יִנָּטוּ צִלְלֵי־עָרֶב ׃	παρασκευάσασθε ἐπʼ αὐτὴν εἰς πόλεμον, ανάστητε καὶ ἀναβῶμεν ἐπʼ αὐτὴν μεσημβρἰας· οὐαὶ ἡμῖν, ὅτι κέκλικεν ἡ ἡμέρα, ὅτι ἐκλείπουσιν αἱ σκιαὶ τῆς ἡμέρας.	sanctificate super eam bellum consurgite et ascendamus in meridie vae nobis quia declinavit dies quia longiores factae sunt umbrae vesperi	Sanctificate super eam bellum: consurgite, et ascendamus in meridie: v nobis, quia declinavit dies; quia longiores fact sunt umbr vesperi!		Prepare ye war against her; arise, and let us go up at noon. Woe unto us! for the day goeth away, for the shadows of the evening are stretched out.
Jer	6	5	קוּמוּ וְנַעֲלֶה בַלָּיְלָה וְנַשְׁחִיתָה אַרְמְנוֹתֶיהָ ׃ ס	ἀνάστητε καὶ ἀναβῶμεν ἐπʼ αὐτὴν νυκτί, καὶ διαφθείρωμεν τὰ θεμέλια αὐτῆς.	surgite et ascendamus in nocte et dissipemus domos eius	Surgite, et ascendamus in nocte, et dissipemus domus ejus.		Arise, and let us go by night, and let us destroy her palaces.
Jer	6	6	כִּי כֹה אָמַר יְהוָה צְבָאוֹת כִּרְתוּ עֵצָה וְשִׁפְכוּ עַל־יְרוּשָׁלִַם סֹלְלָה הִיא הָעִיר הָפְקַד כֻּלָּהּ עֹשֶׁק בְּקִרְבָּהּ ׃	ὅτι τάδε λέγει Κύριος Ἔκκοψον τὰ ξύλα αὐτῆς, ἕκχεον ἐπὶ Ἰερουσαλὴμ δύναμιν· ὥ πόλις ψευδής, ὅλη καταδυναστεία ἐν αὐτῇ.	quia haec dicit Dominus exercituum caedite lignum eius et fundite circa Hierusalem aggerem haec est civitas visitationis omnis calumnia in medio eius	Quia hc dicit Dominus exercituum: Cdite lignum ejus, et fundite circa Jerusalem aggerem. Hc est civitas visitationis: omnis calumnia in medio ejus.		For thus hath the Lord of hosts said, Hew ye down trees, and cast a mount against Jerusalem: this is the city to be visited; she is wholly oppression in the midst of her.
Jer	6	7	כְּהָקִיר בְּוֵר מֵימֶיהָ כֵּן הֵקֵרָה רָעָתָהּ חָמָס וָשֹׁד יִשָּׁמַע בָּהּ עַל־פָּנַי תָּמִיד חֳלִי וּמַכָּה ׃	ὡς ψύχει λάκκος ὕδωρ, οὕτως ψύχει κακία αὐτῆς· ἀσέβεια καὶ ταλαιπωρία ἀκουσθήσεται ἐν αὐτῇ ἐπὶ πρόσωπον αὐτῆς διὰ παντός. πόνῳ καὶ μάστιγι	sicut frigidam facit cisterna aquam suam sic frigidam fecit malitiam suam iniquitas et vastitas audietur in ea coram me semper infirmitas et plaga	Sicut frigidam fecit cisterna aquam suam, sic frigidam fecit malitiam suam. Iniquitas et vastitas audietur in ea, coram me semper infirmitas et plaga.		As a fountain casteth out her waters, so she casteth out her wickedness: violence and spoil is heard in her; before me continually is grief and wounds.
Jer	6	8	הִוָּסְרִי יְרוּשָׁלַםִ פֶּן־תֵּקַע נַפְשִׁי מִמֵּךְ פֶּן־אֲשִׂימֵךְ שְׁמָמָה אֶרֶץ לוֹא נוֹשָׁבָה ׃ פ	παιδευθήσῃ, Ἰερουσαλήμ· μὴ ἀποστῇ ἡ ψυχὴ μου ἀπὸ σοῦ, μὴ ποιήσω σε ἄβατον γῆν ἥτις οὐ κατοικισθῇ.	erudire Hierusalem ne forte recedat anima mea a te ne forte ponam te desertam terram inhabitabilem	Erudire, Jerusalem, ne forte recedat anima mea a te; ne forte ponam te desertam, terram inhabitabilem.		Be thou instructed, O Jerusalem, lest my soul depart from thee; lest I make thee desolate, a land not inhabited.
Jer	6	9	כֹּה אָמַר יְהֹוָה צְבָאוֹת עוֹלֵל יְעוֹלְלוּ כַגֶּפֶן שְׁאֵרִית יִשְׂרָאֵל הָשֵׁב יָדְךָ כְּבוֹצֵר עַל־סַלְסִלּוֹת ׃	Ὅτι τάδε λέγει Κύριος Καλαμάσθε καλαμᾶσθε ὡς ἄμπελον τὰ κατάλοιπα τοῦ Ἰσραήλ, ἐπιστρέψατε ὡς ὁ τρυγῶν ἐπὶ τὸν κάρταλλον αὐτοῦ.	haec dicit Dominus exercituum usque ad racemum colligent quasi in vinea reliquias Israhel converte manum tuam quasi vindemiator ad cartallum	Hc dicit Dominus exercituum: Usque ad racemum colligent quasi in vinea reliquias Isral. Converte manum tuam quasi vindemiator ad cartallum.		Thus saith the Lord of hosts, They shall throughly glean the remnant of Israel as a vine: turn back thine hand as a grapegatherer into the baskets.
Jer	6	10	עַל־מִי אֲדַבְּרָה וְאָעִידָה וְיִשְׁמָעוּ הִנֵּה עֲרֵלָה אָזְנָם וְלֹא יוּכְלוּ לְהַקְשִׁיב הִנֵּה דְבַר־יְהוָה הָיָה לָהֶם לְחֶרְפָּה לֹא יַחְפְּצוּ־בוֹ ׃	πρὸς τίνα λαλήσω καὶ διαμαρτύρωμαι, καὶ ἀκούσεται; ἰδοὺ ἀπερίτμητα τὰ ὦτα αὐτῶν, καὶ οὐ δυνήσονται ἀκούειν· ἰδοὺ τὸ ῥῆμα Κυρίου ἐγένετο αὐτοῖς εἰς ὀνειδισμόν, οὐ μὴ βουληθῶσιν αὐτό.	cui loquar et quem contestabor ut audiant ecce incircumcisae aures eorum et audire non possunt ecce verbum Domini factum est eis in obprobrium et non suscipient illud	Cui loquar, et quem contestabor ut audiat? ecce incircumcis aures eorum, et audire non possunt: ecce verbum Domini factum est eis in opprobrium, et non suscipient illud.		To whom shall I speak, and give warning, that they may hear? behold, their ear is uncircumcised, and they cannot hearken: behold, the word of the Lord is unto them a reproach; they have no delight in it.
Jer	6	11	וְאֵת חֲמַת יְהוָה מָלֵאתִי נִלְאֵיתִי הָכִיל שְׁפֹךְ עַל־עוֹלָל בַּחוּץ וְעַל סוֹד בַּחוּרִים יַחְדָּו כִּי־גַם־אִישׁ עִם־אִשָּׁה יִלָּכֵדוּ זָקֵן עִם־מְלֵא יָמִים ׃	καὶ τὸν θυμόν μου ἔπλησα καὶ ἐπέσχον, καὶ οὐ συνετέλεσα αὐτοὺς· ἐκχεῶ ἐπὶ νήπια ἔξωθεν, ἐπὶ συναγωγὴν νεανίσκων ἄμα, ὅτι ἀνὴρ καὶ γυνὴ συνλημφθήσονται, πρεσβύτερος μετὰ πλήρους ἡμερῶν·	idcirco furore Domini plenus sum laboravi sustinens effunde super parvulum foris et super concilium iuvenum simul vir enim cum muliere capietur senex cum pleno dierum	Idcirco furore Domini plenus sum; laboravi sustinens. Effunde super parvulum foris, et super consilium juvenum simul: vir enim cum muliere capietur; senex cum pleno dierum.		Therefore I am full of the fury of the Lord; I am weary with holding in: I will pour it out upon the children abroad, and upon the assembly of young men together: for even the husband with the wife shall be taken, the aged with him that is full of days.
Jer	6	12	וְנָסַבּוּ בָתֵּיהֶם לַאֲחֵרִים שָׂדוֹת וְנָשִׁים יַחְדָּו כִּי־אַטֶּה אֶת־יָדִי עַל־יֹשְׁבֵי הָאָרֶץ נְאֻם־יְהוָה ׃	καὶ μεταστραφήσονται αἱ οἰκίαι αὐτῶν εἰς ἑτέρους, ἀγροὶ καὶ αἱ γυναῖκες αὐτῶν ἐπὶ τὸ αὐτό, ὅτι ἐκτενῶ τὴν χεῖρά μου ἐπὶ τοὺς κατοικοῦντας τὴν γῆν ταύτην, λέγει Κύριος.	et transibunt domus eorum ad alteros agri et uxores pariter quia extendam manum meam super habitantes terram dicit Dominus	Et transibunt domus eorum ad alteros, agri et uxores pariter, quia extendam manum meam super habitantes terram, dicit Dominus:		And their houses shall be turned unto others, with their fields and wives together: for I will stretch out my hand upon the inhabitants of the land, saith the Lord.
Jer	6	13	כִּי מִקְּטַנָּם וְעַד־גְּדוֹלָם כֻּלּוֹ בּוֹצֵעַ בָּצַע וּמִנָּבִיא וְעַד־כֹּהֵן כֻּלּוֹ עֹשֶׂה שָּׁקֶר ׃	ὅτι ἀπὸ μικροῦ αὐτῶν καὶ ἕως μεγάλου πάντες συνετελέσαντο ἄνομα, ἀπὸ ἱερέως ἕως ψευδοπροφήτου πάντες ἐποίησαν ψευδῆ.	a minore quippe usque ad maiorem omnes avaritiae student et a propheta usque ad sacerdotem cuncti faciunt dolum	a minore quippe usque ad majorem omnes avariti student, et a propheta usque ad sacerdotem cuncti faciunt dolum.		For from the least of them even unto the greatest of them every one is given to covetousness; and from the prophet even unto the priest every one dealeth falsely.
Jer	6	14	וַיְרַפְּאוּ אֶת־שֶׁבֶר עַמִּי עַל־נְקַלָּה לֵאמֹר שָׁלוֹם שָׁלוֹם וְאֵין שָׁלוֹם ׃	καὶ ἰῶντο τὸ σύντριμμα τοῦ λαοῦ μου. ἐξουθενοῦντες καὶ λέγοντες Εἰρήνη εἰρήνη· καὶ ποῦ ἐστιν εἰρήνη;	et curabant contritionem filiae populi mei cum ignominia dicentes pax pax et non erat pax	Et curabant contritionem fili populi mei cum ignominia, dicentes: Pax, pax! et non erat pax.		They have healed also the hurt of the daughter of my people slightly, saying, Peace, peace; when there is no peace.
Jer	6	15	הֹבִישׁוּ כִּי תוֹעֵבָה עָשׂוּ גַּם־בּוֹשׁ לֹא־יֵבוֹשׁוּ גַּם־הַכְלִים לֹא יָדָעוּ לָכֵן יִפְּלוּ בַנֹּפְלִים בְּעֵת־פְּקַדְתִּים יִכָּשְׁלוּ אָמַר יְהוָה ׃ ס	κατῃσχύνθησαν ὅτι ἐξελίποσαν· καὶ οὐδʼ ὡς καταισχυνόμενοι κατῃσχύνθησαν, καὶ τὴν ἀτιμίαν αὐτῶν οὐκ ἔγνωσαν· διὰ τοῦτο πεσοῦνται ἐν τῇ πτώσει αὐτῶν, καὶ ἐν καιρῷ ἐπισκοπῆς ἀπολοῦνται, εἶπεν Κύριος.	confusi sunt quia abominationem fecerunt quin potius confusione non sunt confusi et erubescere nescierunt quam ob rem cadent inter ruentes in tempore visitationis suae corruent dicit Dominus	Confusi sunt, quia abominationem fecerunt: quin potius confusione non sunt confusi, et erubescere nescierunt. Quam ob rem cadent inter ruentes: in tempore visitationis su corruent, dicit Dominus.		Were they ashamed when they had committed abomination? nay, they were not at all ashamed, neither could they blush: therefore they shall fall among them that fall: at the time that I visit them they shall be cast down, saith the Lord.
Jer	6	16	כֹּה אָמַר יְהוָה עִמְדוּ עַל־דְּרָכִים וּרְאוּ וְשַׁאֲלוּ לִנְתִבוֹת עוֹלָם אֵי־זֶה דֶרֶךְ הַטּוֹב וּלְכוּ־בָהּ וּמִצְאוּ מַרְגּוֹעַ לְנַפְשְׁכֶם וַיֹּאמְרוּ לֹא נֵלֵךְ ׃	Τάδε λέγει Κύριος Στῆτε ἐπὶ ταῖς ὁδοῖς καὶ ἴδετε καὶ ἐρωτήσατε τρίβους Κυρίου αἰωνίους, καὶ ἴδετε ποία ἐστὶν ἡ ὁδὸς ἡ ἀγαθή, καὶ βαδίζετε ἐν αὐτῇ, καὶ εὑρήσετε ἁγνισμὸν ταῖς ψυχαῖς ὑμῶν· καὶ εἶπαν Οὐ πορευσόμεθα.	haec dicit Dominus state super vias et videte et interrogate de semitis antiquis quae sit via bona et ambulate in ea et invenietis refrigerium animabus vestris et dixerunt non ambulabimus	Hc dicit Dominus: State super vias, et videte, et interrogate de semitis antiquis qu sit via bona, et ambulate in ea: et invenietis refrigerium animabus vestris. Et dixerunt: Non ambulabimus.		Thus saith the Lord, Stand ye in the ways, and see, and ask for the old paths, where is the good way, and walk therein, and ye shall find rest for your souls. But they said, We will not walk therein.
Jer	6	17	וַהֲקִמֹתִי עֲלֵיכֶם צֹפִים הַקְשִׁיבוּ לְקוֹל שׁוֹפָר וַיֹּאמְרוּ לֹא נַקְשִׁיב ׃	καθέστακα ἐφʼ ὑμᾶς σκοπούς, ἀκούσατε τῆς φωνῆς τῆς σάλπιγγος· καὶ εἶπαν Οὐκ ἀκουσόμεθα.	et constitui super vos speculatores audite vocem tubae et dixerunt non audiemus	Et constitui super vos speculatores: Audite vocem tub. Et dixerunt: Non audiemus.		Also I set watchmen over you, saying, Hearken to the sound of the trumpet. But they said, We will not hearken.
Jer	6	18	לָכֵן שִׁמְעוּ הַגּוֹיִם וּדְעִי עֵדָה אֶת־אֲשֶׁר־בָּם ׃	διὰ τοῦτο ἤκουσαν τὰ ἔθνη, καὶ οἱ ποιμαίνοντες τὰ ποίμνια αὐτῶν.	ideo audite gentes et cognosce congregatio quanta ego faciam eis	Ideo audite, gentes, et cognosce, congregatio, quanta ego faciam eis.		Therefore hear, ye nations, and know, O congregation, what is among them.
Jer	6	19	שִׁמְעִי הָאָרֶץ הִנֵּה אָנֹכִי מֵבִיא רָעָה אֶל־הָעָם הַזֶּה פְּרִי מַחְשְׁבוֹתָם כִּי עַל־דְּבָרַי לֹא הִקְשִׁיבוּ וְתוֹרָתִי וַיִּמְאֲסוּ־בָהּ ׃	ἄκουε, γῆ· ἰδοὺ ἐγὼ ἐπάγω ἐπὶ τὸν λαὸν τοῦτον κακά, τὸν καρπὸν ἀποστροφῆς αὐτῶν· ὅτι τῶν λόγων μου οὐ προσέσχον, καὶ τὸν νόμον μου ἀπώσαντο.	audi terra ecce ego adducam mala super populum istum fructum cogitationum eius quia verba mea non audierunt et legem meam proiecerunt	Audi, terra: ecce ego adducam mala super populum istum, fructum cogitationum ejus: quia verba mea non audierunt, et legem meam projecerunt.		Hear, O earth: behold, I will bring evil upon this people, even the fruit of their thoughts, because they have not hearkened unto my words, nor to my law, but rejected it.
Jer	6	20	לָמָּה־זֶּה לִי לְבוֹנָה מִשְּׁבָא תָבוֹא וְקָנֶה הַטּוֹב מֵאֶרֶץ מֶרְחָק עֹלוֹתֵיכֶם לֹא לְרָצוֹן וְזִבְחֵיכֶם לֹא־עָרְבוּ לִי ׃ ס	ἴνα τί μοι λίβανον ἐκ Σαβὰ φέρετε καὶ κιννάμωμον ἐκ γῆς μακρόθεν; τὰ ὁλοκαυτώματα ὑμῶν οὐκ εἰσὶν δεκτά, καὶ αἱ θυσίαι ὑμῶν οὐχ ἥδυνάν μοι.	ut quid mihi tus de Saba adfertis et calamum suave olentem de terra longinqua holocaustomata vestra non sunt accepta et victimae vestrae non placuerunt mihi	Ut quid mihi thus de Saba affertis, et calamum suave olentem de terra longinqua? Holocautomata vestra non sunt accepta, et victim vestr non placuerunt mihi.		To what purpose cometh there to me incense from Sheba, and the sweet cane from a far country? your burnt offerings are not acceptable, nor your sacrifices sweet unto me.
Jer	6	21	לָכֵן כֹּה אָמַר יְהוָה הִנְנִי נֹתֵן אֶל־הָעָם הַזֶּה מִכְשֹׁלִים וְכָשְׁלוּ בָם אָבוֹת וּבָנִים יַחְדָּו שָׁכֵן וְרֵעוֹ יֹאבֵדוּ ׃ פ	διὰ τοῦτο τάδε λέγει Κύριος Ἰδοὺ ἐγὼ δίδωμι ἐπὶ τὸν λαὸν τοῦτον ἀσθενίαν, καὶ ἀσθενήσουσιν πατέρες καὶ υἱοὶ ἄμα, γείτων καὶ ὁ πλησίον αὐτοῦ ἀπολοῦνται.	propterea haec dicit Dominus ecce ego dabo in populum istum ruinas et ruent in eis patres et filii simul vicinus et proximus et peribunt	Propterea hc dicit Dominus: Ecce ego dabo in populum istum ruinas: et ruent in eis patres et filii simul; vicinus et proximus peribunt.		Therefore thus saith the Lord, Behold, I will lay stumblingblocks before this people, and the fathers and the sons together shall fall upon them; the neighbour and his friend shall perish.
Jer	6	22	כֹּה אָמַר יְהוָה הִנֵּה עַם בָּא מֵאֶרֶץ צָפוֹן וְגוֹי גָּדוֹל יֵעוֹר מִיַּרְכְּתֵי־אָרֶץ ׃	Τάδε λέγει Κύριος Ἰδοὺ λαὸς ἔρχεται ἀπὸ βορρᾶ, καὶ ἔθνη ἐγερθήσεται ἀπʼ ἐσχάτου τῆς γῆς,	haec dicit Dominus ecce populus venit de terra aquilonis et gens magna consurget a finibus terrae	Hc dicit Dominus: Ecce populus venit de terra aquilonis, et gens magna consurget a finibus terr.		Thus saith the Lord, Behold, a people cometh from the north country, and a great nation shall be raised from the sides of the earth.
Jer	6	23	קֶשֶׁת וְכִידוֹן יַחֲזִיקוּ אַכְזָרִי הוּא וְלֹא יְרַחֵמוּ קוֹלָם כַּיָּם יֶהֱמֶה וְעַל־סוּסִים יִרְכָּבוּ עָרוּךְ כְּאִישׁ לַמִּלְחָמָה עָלַיִךְ בַּת־צִיּוֹן ׃	τόξον καὶ ζιβύνην κρατήσουσιν· ἰταμός ἐστιν, καὶ οὐκ ἐλεήσει· φωνὴ αὐτοῦ ὡς θάλασσα κυμαίνουσα, ἐφʼ ἵπποις καὶ ἅρμασιν παρατάξεται ὡς πῦρ εἰς πόλεμον πρὸς σέ, θύγατερ Σειών.	sagittam et scutum arripiet crudelis est et non miserebitur vox eius quasi mare sonabit et super equos ascendent praeparati quasi vir ad proelium adversum te filia Sion	Sagittam et scutum arripiet: crudelis est et non miserebitur. Vox ejus quasi mare sonabit: et super equos ascendent, prparati quasi vir ad prlium adversum te, filia Sion.		They shall lay hold on bow and spear; they are cruel, and have no mercy; their voice roareth like the sea; and they ride upon horses, set in array as men for war against thee, O daughter of Zion.
Jer	6	24	שָׁמַעְנוּ אֶת־שָׁמְעוֹ רָפוּ יָדֵינוּ צָרָה הֶחֱזִיקַתְנוּ חִיל כַּיּוֹלֵדָה ׃	ἠκούσαμεν τὴν ἀκοὴν αὐτῶν, παρελύθησαν αἱ χεῖρες ἡμῶν, θλίψις κατέσχεν ἡμᾶς, ὠδῖωες ὡς τικτούσης.	audivimus famam eius dissolutae sunt manus nostrae tribulatio adprehendit nos dolores ut parturientem	Audivimus famam ejus; dissolut sunt manus nostr: tribulatio apprehendit nos, dolores ut parturientem.		We have heard the fame thereof: our hands wax feeble: anguish hath taken hold of us, and pain, as of a woman in travail.
Jer	6	25	אַל־תֵּצְאִי הַשָּׂדֶה וּבַדֶּרֶךְ אַל־תֵּלֵכיּ כִּי חֶרֶב לְאֹיֵב מָגוֹר מִסָּבִיב ׃	μὴ ἐκπορεύεσθε εἰς ἀγρὸν καὶ ἐν ταῖς ὁδοῖς μὴ βαδίζετε, ὅτι ῥομφαία τῶν ἐχθρῶν παροικεῖ κυκλόθεν.	nolite exire ad agros et in via ne ambuletis quoniam gladius inimici pavor in circuitu	Nolite exire ad agros, et in via ne ambuletis, quoniam gladius inimici, pavor in circuitu.		Go not forth into the field, nor walk by the way; for the sword of the enemy and fear is on every side.
Jer	6	26	בַּת־עַמִּי חִגְרִי־שָׂק וְהִתְפַּלְּשִׁי בָאֵפֶר אֵבֶל יָחִיד עֲשִׂי לָךְ מִסְפַּד תַּמְרוּרִים כִּי פִתְאֹם יָבֹא הַשֹּׁדֵד עָלֵינוּ ׃	θυγάτηρ λαοῦ μου, περίζωσαι σάκκον, κατάπασαι ἐν σποδῷ, πένθος ἀγαπητοῦ ποίησαι σεαυτῇ κοπετὸν οἰκτρόν, ὅτι ἐξέφωης ἤξει ταλαιπωρία ἐφʼ ὑμᾶς.	filia populi mei accingere cilicio et conspergere cinere luctum unigeniti fac tibi planctum amarum quia repente veniet vastator super nos	Filia populi mei, accingere cilicio, et conspergere cinere: luctum unigeniti fac tibi, planctum amarum, quia repente veniet vastator super nos.		O daughter of my people, gird thee with sackcloth, and wallow thyself in ashes: make thee mourning, as for an only son, most bitter lamentation: for the spoiler shall suddenly come upon us.
Jer	6	27	בָּחוֹן נְתַתִּיךָ בְעַמִּי מִבְצָר וְתֵדַע וּבָחַנְתָּ אֶת־דַּרְכָּם ׃	δοκιμαστὴν δέδωκά σε ἐν λαοῖς δεδοκιμασμένοις καὶ γνώσῃ με ἐν τῷ δοκιμάσαι με τὴν ὁδὸν αὐτῶν·	probatorem dedi te in populo meo robustum et scies et probabis viam eorum	Probatorem dedi te in populo meo robustum: et scies, et probabis viam eorum.		I have set thee for a tower and a fortress among my people, that thou mayest know and try their way.
Jer	6	28	כֻּלָּם סָרֵי סוֹרְרִים הֹלְכֵי רָכִיל נְחֹשֶׁת וּבַרְזֶל כֻּלָּם מַשְׁחִיתִים הֵמָּה ׃	πάντες ἀνήκοοι, πορευόμενοι σκολιῶς· χαλκὸς καὶ σίδηρος, πάντες διεφθαρμένοι εἰσίν.	omnes isti principes declinantum ambulantes fraudulenter aes et ferrum universi corrupti sunt	Omnes isti principes declinantes, ambulantes fraudulenter, s et ferrum: universi corrupti sunt.		They are all grievous revolters, walking with slanders: they are brass and iron; they are all corrupters.
Jer	6	29	נָחַר מַפֻּחַ מֵאִשְׁתַּם עֹפָרֶת לַשָּׁוְא צָרַף צָרוֹף וְרָעִים לֹא נִתָּקוּ ׃	ἐξέλιπεν φυσητὴρ ἀπὸ πυρός, ἐξέλιπεν μόλιβος· εἰς κενὸν ἀργυροκόπος ἀργυροκοπεῖ, πονηρία αὐτῶν οὐκ ἐτάκη.	defecit sufflatorium in igne consumptum est plumbum frustra conflavit conflator malitiae enim eorum non sunt consumptae	Defecit sufflatorium; in igne consumptum est plumbum: frustra conflavit conflator, maliti enim eorum non sunt consumpt.		The bellows are burned, the lead is consumed of the fire; the founder melteth in vain: for the wicked are not plucked away.
Jer	6	30	כֶּסֶף נִמְאָס קָרְאוּ לָהֶם כִּי־מָאַס יְהוָה בָּהֶם ׃ פ	ἀργύριον ἀποδεδοκιμασμένον καλέσατε αὐτοὺς, ὅτι ἀπεδοκίμασεν αὐτοὺς Κύριος.	argentum reprobum vocate eos quia Dominus proiecit illos	Argentum reprobum vocate eos, quia Dominus projecit illos.]		Reprobate silver shall men call them, because the Lord hath rejected them.
Jer	7	1	הַדָּבָר אֲשֶׁר הָיָה אֶל־יִרְמְיָהוּ מֵאֵת יְהוָה לֵאמֹר ׃		verbum quod factum est ad Hieremiam a Domino dicens	Verbum quod factum est ad Jeremiam a Domino, dicens:		The word that came to Jeremiah from the Lord, saying,
Jer	7	2	עֲמֹד בְּשַׁעַר בֵּית יְהוָה וְקָרָאתָ שָּׁם אֶת־הַדָּבָר הַזֶּה וְאָמַרְתָּ שִׁמְעוּ דְבַר־יְהוָה כָּל־יְהוּדָה הַבָּאִים בַּשְּׁעָרִים הָאֵלֶּה לְהִשְׁתַּחֲוֹת לַיהוָה ׃ ס	Ἀκούσατε λόγον Κυρίου, πᾶσα ἡ Ἰουδαία.	sta in porta domus Domini et praedica ibi verbum istud et dic audite verbum Domini omnis Iuda qui ingredimini per portas has ut adoretis Dominum	Sta in porta domus Domini, et prdica ibi verbum istud, et dic: [Audite verbum Domini, omnis Juda, qui ingredimini per portas has ut adoretis Dominum.		Stand in the gate of the Lord's house, and proclaim there this word, and say, Hear the word of the Lord, all ye of Judah, that enter in at these gates to worship the Lord.
Jer	7	3	כֹּה־אָמַר יְהוָה צְבָאוֹת אֱלֹהֵי יִשְׂרָאֵל הֵיטִיבוּ דַרְכֵיכֶם וּמַעַלְלֵיכֶם וַאֲשַׁכְּנָה אֶתְכֶם בַּמָּקוֹם הַזֶּה ׃	τάδε λέγει Κύριος ὁ θεὸς Ἰσραὴλ Διορθώσατε τὰς ὁδοὺς ὑμῶν καὶ τὰ ἐπιτηδεύματα ὑμῶν, καὶ κατοικιῶ ὑμᾶς ἐν τῷ τόπῳ τούτῳ.	haec dicit Dominus exercituum Deus Israhel bonas facite vias vestras et studia vestra et habitabo vobiscum in loco isto	Hc dicit Dominus exercituum, Deus Isral: Bonas facite vias vestras, et studia vestra, et habitabo vobiscum in loco isto.		Thus saith the Lord of hosts, the God of Israel, Amend your ways and your doings, and I will cause you to dwell in this place.
Jer	7	4	אַל־תִּבְטְחוּ לָכֶם אֶל־דִּבְרֵי הַשֶּׁקֶר לֵאמֹר הֵיכַל יְהוָה הֵיכַל יְהוָה הֵיכַל יְהוָה הֵמָּה ׃	μὴ πεποίθατε ἐφʼ ἑαυτοῖς ἐπὶ λόγοις ψευδέσιν, ὅτι τὸ παράπαν οὐκ ὠφελήσουσιν ὑμᾶς λέγοντες Ναὸς Κυρίου, ναὸς Κυρίου ἐστίν.	nolite confidere in verbis mendacii dicentes templum Domini templum Domini templum Domini est	Nolite confidere in verbis mendacii, dicentes: Templum Domini, templum Domini, templum Domini est!		Trust ye not in lying words, saying, The temple of the Lord, The temple of the Lord, The temple of the Lord, are these.
Jer	7	5	כִּי אִם־הֵיטֵיב תֵּיטִיבוּ אֶת־דַּרְכֵיכֶם וְאֶת־מַעַלְלֵיכֶם אִם־עָשׂוֹ תַעֲשׂוּ מִשְׁפָּט בֵּין אִישׁ וּבֵין רֵעֵהוּ ׃	ὅτι ἐὰν διορθοῦντες διορθώσητε τὰς ὁδοὺς ὑμῶν καὶ τὰ ἐπιτηδεύματα ὑμῶν, καὶ ποιοῦντες ποιήσητε κρίσιν ἀνὰ μέσον ἀνδρὸς καὶ ἀνὰ μέσον τοῦ πλησίον αὐτοῦ,	quoniam si bene direxeritis vias vestras et studia vestra si feceritis iudicium inter virum et proximum eius	Quoniam si bene direxeritis vias vestras, et studia vestra; si feceritis judicium inter virum et proximum ejus;		For if ye throughly amend your ways and your doings; if ye throughly execute judgment between a man and his neighbour;
Jer	7	6	גֵּר יָתוֹם וְאַלְמָנָה לֹא תַעֲשֹׁקוּ וְדָם נָקִי אַל־תִּשְׁפְּכוּ בַּמָּקוֹם הַזֶּה וְאַחֲרֵי אֱלֹהִים אֲחֵרִים לֹא תֵלְכוּ לְרַע לָכֶם ׃	καὶ προσήλυτον καὶ ὀρφανὸν καὶ χήραν μὴ καταδυναστεύσητε, καὶ αἶμα ἀθῷον μὴ ἐκχέητε ἐν τῷ τόπῳ τούτῳ, καὶ ὀπίσω θεῶν ἀλλοτρίων μὴ πορεύησθε εἰς κακὸν ὑμῖν·	advenae et pupillo et viduae non feceritis calumniam nec sanguinem innocentem effuderitis in loco hoc et post deos alienos non ambulaveritis in malum vobismet ipsis	adven, et pupillo, et vidu non feceritis calumniam, nec sanguinem innocentem effuderitis in loco hoc, et post deos alienos non ambulaveritis in malum vobismetipsis:		If ye oppress not the stranger, the fatherless, and the widow, and shed not innocent blood in this place, neither walk after other gods to your hurt:
Jer	7	7	וְשִׁכַּנְתִּי אֶתְכֶם בַּמָּקוֹם הַזֶּה בָּאָרֶץ אֲשֶׁר נָתַתִּי לַאֲבוֹתֵיכֶם לְמִן־עוֹלָם וְעַד־עוֹלָם ׃	καὶ κατοικιῶ ὑμᾶς ἐν τῷ τόπῳ τούτῳ ἐν γῇ ᾗ ἔδωκα τοῖς πατράσιν ὑμῶν ἐξ αἰῶνος καὶ ἕως αἰῶνος.	habitabo vobiscum in loco isto in terra quam dedi patribus vestris a saeculo usque in saeculum	habitabo vobiscum in loco isto, in terra quam dedi patribus vestris a sculo et usque in sculum.		Then will I cause you to dwell in this place, in the land that I gave to your fathers, for ever and ever.
Jer	7	8	הִנֵּה אַתֶּם בֹּטְחִים לָכֶם עַל־דִּבְרֵי הַשָּׁקֶר לְבִלְתִּי הוֹעִיל ׃	εἰ δὲ ὑμεῖς πεποίθατε ἐπὶ λόγοις ψευδέσιν ὅθεν οὐκ ὠφεληθήσεσθε,	ecce vos confiditis vobis in sermonibus mendacii qui non proderunt vobis	Ecce vos confiditis vobis in sermonibus mendacii, qui non proderunt vobis:		Behold, ye trust in lying words, that cannot profit.
Jer	7	9	הֲגָנֹב רָצֹחַ וְנָאֹף וְהִשָּׁבֵעַ לַשֶּׁקֶר וְקַטֵּר לַבָּעַל וְהָלֹךְ אַחֲרֵי אֱלֹהִים אֲחֵרִים אֲשֶׁר לֹא־יְדַעְתֶּם ׃	καὶ φονεύετε καὶ μοιχᾶσθε καὶ κλέπτετε καὶ ὀμνύετε ἐπʼ ἀδίκῳ, καὶ ἐθυμιᾶτε τῇ Βάαλ καὶ ἐπορεύεσθε ὀπίσω θεῶν ἀλλοτρίων ὧν οὐκ οἴδατε	furari occidere adulterare iurare mendaciter libare Baali et ire post deos alienos quos ignoratis	furari, occidere, adulterari, jurare mendaciter, libare Baalim, et ire post deos alienos quos ignoratis:		Will ye steal, murder, and commit adultery, and swear falsely, and burn incense unto Baal, and walk after other gods whom ye know not;
Jer	7	10	וּבָאתֶם וַעֲמַדְתֶּם לְפָנַי בַּבַּיִת הַזֶּה אֲשֶׁר נִקְרָא־שְׁמִי עָלָיו וַאֲמַרְתֶּם נִצַּלְנוּ לְמַעַן עֲשׂוֹת אֵת כָּל־הַתּוֹעֵבוֹת הָאֵלֶּה ׃	τοῦ κακῶς εἶναι ὑμῖν, καὶ ἤλθετε καὶ ἔστητε ἐνώπιον ἐμοῦ ἐν τῷ οἴκῳ οὗ ἐπικέκληται τὸ ὄνομά μου ἐπʼ αὐτῷ, καὶ εἴπατε Ἀπεσχήμεθα τοῦ μὴ ποιεῖν πάντα τὰ βδελύγματα ταῦτα.	et venistis et stetistis coram me in domo hac in qua invocatum est nomen meum et dixistis liberati sumus eo quod fecerimus omnes abominationes istas	et venistis, et stetistis coram me in domo hac, in qua invocatum est nomen meum, et dixistis: Liberati sumus, eo quod fecerimus omnes abominationes istas.		And come and stand before me in this house, which is called by my name, and say, We are delivered to do all these abominations?
Jer	7	11	הַמְעָרַת פָּרִצִים הָיָה הַבַּיִת הַזֶּה אֲשֶׁר־נִקְרָא־שְׁמִי עָלָיו בְּעֵינֵיכֶם גַּם אָנֹכִי הִנֵּה רָאִיתִי נְאֻם־יְהוָה ׃ ס	μὴ σπήλαιον λῃστῶν ὁ οἶκός μου οὗ ἐπικέκληται τὸ ὄνομά μου ἐπʼ αὐτῷ ἐκεῖ ἐνώπιον ὑμῶν; καὶ ἐγὼ ἰδοὺ ἑόρακα, λέγει Κύριος.	ergo spelunca latronum facta est domus ista in qua invocatum est nomen meum in oculis vestris ego ego sum ego vidi dicit Dominus	Numquid ergo spelunca latronum facta est domus ista, in qua invocatum est nomen meum in oculis vestris? Ego, ego sum: ego vidi, dicit Dominus.		Is this house, which is called by my name, become a den of robbers in your eyes? Behold, even I have seen it, saith the Lord.
Jer	7	12	כִּי לְכוּ־נָא אֶל־מְקוֹמִי אֲשֶׁר בְּשִׁילוֹ אֲשֶׁר שִׁכַּנְתִּי שְׁמִי שָׁם בָּרִאשׁוֹנָה וּרְאוּ אֵת אֲשֶׁר־עָשִׂיתִי לוֹ מִפְּנֵי רָעַת עַמִּי יִשְׂרָאֵל ׃	ὅτι ἐπορεύθητε εἰς τὸν τόπον μου τὸν ἐν Σηλώ, οὗ κατεσκήνωσα τὸ ὄνομά μου ἐκεῖ ἔμπροσθεν, καὶ ἴδετε ἃ ἐποίησα αὐτῷ ἀπὸ προσώπου κακίας λαοῦ μου Ἰσραὴλ.	ite ad locum meum in Silo ubi habitavit nomen meum a principio et videte quae fecerim ei propter malitiam populi mei Israhel	Ite ad locum meum in Silo, ubi habitavit nomen meum a principio, et videte qu fecerim ei propter malitiam populi mei Isral.		But go ye now unto my place which was in Shiloh, where I set my name at the first, and see what I did to it for the wickedness of my people Israel.
Jer	7	13	וְעַתָּה יַעַן עֲשׂוֹתְכֶם אֶת־כָּל־הַמַּעֲשִׂים הָאֵלֶּה נְאֻם־יְהוָה וָאֲדַבֵּר אֲלֵיכֶם הַשְׁכֵּם וְדַבֵּר וְלֹא שְׁמַעְתֶּם וָאֶקְרָא אֶתְכֶם וְלֹא עֲנִיתֶם ׃	καὶ νῦν ἀνθʼ ὧν ἐποιήσατε πάντα τὰ ἔργα ταῦτα, καὶ ἐλάλησα πρὸς ὑμᾶς καὶ οὐκ ἠκούσατέ μου, καὶ ἐκάλεσα ὑμᾶς καὶ οὐκ ἀπεκρίθητε·	et nunc quia fecistis omnia opera haec dicit Dominus et locutus sum ad vos mane consurgens et loquens et non audistis et vocavi vos et non respondistis	Et nunc, quia fecistis omnia opera hc, dicit Dominus, et locutus sum ad vos mane consurgens, et loquens, et non audistis: et vocavi vos, et non respondistis:		And now, because ye have done all these works, saith the Lord, and I spake unto you, rising up early and speaking, but ye heard not; and I called you, but ye answered not;
Jer	7	14	וְעָשִׂיתִי לַבַּיִת אֲשֶׁר נִקְרָא־שְׁמִי עָלָיו אֲשֶׁר אַתֶּם בֹּטְחִים בּוֹ וְלַמָּקוֹם אֲשֶׁר־נָתַתִּי לָכֶם וְלַאֲבוֹתֵיכֶם כַּאֲשֶׁר עָשִׂיתִי לְשִׁלוֹ ׃	καὶ ποιήσω τῷ οἴκῳ ᾧ ἐπικέκληται τὸ ὄνομά μου ἐπʼ αὐτῷ, ἐφʼ ᾧ ὑμεῖς πεποίθατε ἐπʼ αὐτῷ, καὶ τῷ τόπῳ ᾧ ἔδωκα ὑμῖν καὶ τοῖς πατράσιν ὑμῶν, καθὼς ἐποίησα τῇ Σηλώ.	faciam domui huic in qua invocatum est nomen meum et in qua vos habetis fiduciam et loco quem dedi vobis et patribus vestris sicut feci Silo	faciam domui huic, in qua invocatum est nomen meum, et in qua vos habetis fiduciam, et loco quem dedi vobis et patribus vestris, sicut feci Silo:		Therefore will I do unto this house, which is called by my name, wherein ye trust, and unto the place which I gave to you and to your fathers, as I have done to Shiloh.
Jer	7	15	וְהִשְׁלַכְתִּי אֶתְכֶם מֵעַל פָּנָי כַּאֲשֶׁר הִשְׁלַכְתִּי אֶת־כָּל־אֲחֵיכֶם אֵת כָּל־זֶרַע אֶפְרָיִם ׃ ס	καὶ ἀπορρίψω ὑμᾶς ἀπὸ προσώπου μου, καθὼς ἀπέριψα τοὺς ἀδελφοὺς ὑμῶν, πᾶν τὸ σπέρμα Ἐφράιμ.	et proiciam vos a facie mea sicut proieci omnes fratres vestros universum semen Ephraim	et projiciam vos a facie mea sicut projeci omnes fratres vestros, universum semen Ephraim.		And I will cast you out of my sight, as I have cast out all your brethren, even the whole seed of Ephraim.
Jer	7	16	וְאַתָּה אַל־תִּתְפַּלֵּל בְּעַד־הָעָם הַזֶּה וְאַל־תִּשָּׂא בַעֲדָם רִנָּה וּתְפִלָּה וְאַל־תִּפְגַּע־בִּי כִּי־אֵינֶנִּי שֹׁמֵעַ אֹתָךְ ׃	Καὶ σὺ μὴ προσεύχου περὶ τοῦ λαοῦ τούτου, καὶ μὴ ἀξίου τοῦ ἐλεηθῆναι αὐτούς, καὶ μὴ εὔχου καὶ μὴ προσέλθῃς μοι περὶ αὐτῶν, ὅτι οὐκ εἰσακούσομαι.	tu ergo noli orare pro populo hoc nec adsumas pro eis laudem et orationem et non obsistas mihi quia non exaudiam te	Tu ergo, noli orare pro populo hoc, nec assumas pro eis laudem et orationem: et non obsistas mihi, quia non exaudiam te.		Therefore pray not thou for this people, neither lift up cry nor prayer for them, neither make intercession to me: for I will not hear thee.
Jer	7	17	הַאֵינְךָ רֹאֶה מָה הֵמָּה עֹשִׂים בְּעָרֵי יְהוּדָה וּבְחֻצוֹת יְרוּשָׁלִָם ׃	ἡ οὐχ ὁρᾶς τί αὐτοὶ ποιοῦσιν ἐν ταῖς πόλεσιν Ἰούδα καὶ ἐν ταῖς ὁδοῖς Ἰερουσαλήμ;	nonne vides quid isti faciant in civitatibus Iuda et in plateis Hierusalem	Nonne vides quid isti faciunt in civitatibus Juda, et in plateis Jerusalem?		Seest thou not what they do in the cities of Judah and in the streets of Jerusalem?
Jer	7	18	הַבָּנִים מְלַקְּטִים עֵצִים וְהָאָבוֹת מְבַעֲרִים אֶת־הָאֵשׁ וְהַנָּשִׁים לָשׁוֹת בָּצֵק לַעֲשׂוֹת כַּוָּנִים לִמְלֶכֶת הַשָּׁמַיִם וְהַסֵּךְ נְסָכִים לֵאלֹהִים אֲחֵרִים לְמַעַן הַכְעִסֵנִי ׃	οἱ υἱοὶ αὐτῶν συλλέγουσιν ξύλα, καὶ οἱ πατέρες αὐτῶν καίουσι πῦρ, καὶ αἰ γυναῖκες αὐτῶν τρίβουσιν σταῖς, τοῦ ποιῆσαι χαυῶνας τῇ στρατίῳ τοῦ οὐρανοῦ, καὶ ἔσπεισαν σπονδὰς θεοῖς ἀλλοτρίοις ἵνα παροργίσωσίν με.	filii colligunt ligna et patres succendunt ignem et mulieres conspergunt adipem ut faciant placentas Reginae caeli et libent diis alienis et me ad iracundiam provocent	Filii colligunt ligna, et patres succendunt ignem, et mulieres conspergunt adipem, ut faciant placentas regin cli, et libent diis alienis, et me ad iracundiam provocent.		The children gather wood, and the fathers kindle the fire, and the women knead their dough, to make cakes to the queen of heaven, and to pour out drink offerings unto other gods, that they may provoke me to anger.
Jer	7	19	הַאֹתִי הֵם מַכְעִסִים נְאֻם־יְהוָה הֲלוֹא אֹתָם לְמַעַן בֹּשֶׁת פְּנֵיהֶם ׃ ס	μὴ ἐμέ αὐτοὶ παροργίζουσιν λέγει Κύριος, οὐχὶ ἑαυτούς, ὅπως καταισχυνθῇ τὰ πρόσωπα αὐτῶν;	numquid me ad iracundiam provocant dicit Dominus nonne semet ipsos in confusionem vultus sui	Numquid me ad iracundiam provocant? dicit Dominus; nonne semetipsos in confusionem vultus sui?		Do they provoke me to anger? saith the Lord: do they not provoke themselves to the confusion of their own faces?
Jer	7	20	לָכֵן כֹּה־אָמַר אֲדֹנָי יְהֹוִה הִנֵּה אַפִּי וַחֲמָתִי נִתֶּכֶת אֶל־הַמָּקוֹם הַזֶּה עַל־הָאָדָם וְעַל־הַבְּהֵמָה וְעַל־עֵץ הַשָּׂדֶה וְעַל־פְּרִי הָאֲדָמָה וּבָעֲרָה וְלֹא תִכְבֶּה ׃ ס	διὰ τοῦτο τάδε λέγει Κύριος Ἰδοὺ ὀργὴ καὶ θυμός μου χεῖται ἐπὶ τὸν τόπον τοῦτον καὶ ἐπὶ τοὺς ἀνθρώπους καὶ ἐπὶ τὰ κτήνη καὶ ἐπὶ πᾶν ξύλον τοῦ ἀγροῦ αὐτῶν καὶ ἐπὶ τὰ γενήματα τῆς γῆς, καὶ καυθήσεται καὶ οὐ σβεσθήσεται.	ideo haec dicit Dominus Deus ecce furor meus et indignatio mea conflatur super locum istum super viros et super iumenta et super lignum regionis et super fruges terrae et succendetur et non extinguetur	Ideo hc dicit Dominus Deus: Ecce furor meus et indignatio mea conflatur super locum istum, super viros, et super jumenta, et super lignum regionis, et super fruges terr: et succendetur, et non extinguetur.		Therefore thus saith the Lord God; Behold, mine anger and my fury shall be poured out upon this place, upon man, and upon beast, and upon the trees of the field, and upon the fruit of the ground; and it shall burn, and shall not be quenched.
Jer	7	21	כֹּה אָמַר יְהוָה צְבָאוֹת אֱלֹהֵי יִשְׂרָאֵל עֹלוֹתֵיכֶם סְפוּ עַל־זִבְחֵיכֶם וְאִכְלוּ בָשָׂר ׃	Τάδε λέγει Κύριος Τὰ ὁλοκαυτώματα ὑμῶν συναγάγετε μετὰ πῶν θυσιῶν ὑμῶν καὶ φάγετε κρέα.	haec dicit Dominus exercituum Deus Israhel holocaustomata vestra addite victimis vestris et comedite carnes	Hc dicit Dominus exercituum, Deus Isral: Holocautomata vestra addite victimis vestris, et comedite carnes:		Thus saith the Lord of hosts, the God of Israel; Put your burnt offerings unto your sacrifices, and eat flesh.
Jer	7	22	כִּי לֹא־דִבַּרְתִּי אֶת־אֲבוֹתֵיכֶם וְלֹא צִוִּיתִים בְּיוֹם הוֹצִיא אוֹתָם מֵאֶרֶץ מִצְרָיִם עַל־דִּבְרֵי עוֹלָה וָזָבַח ׃	ἴτι οὐκ ἐλάλησα πρὸς τοὺς πατέρας ὑμῶν καὶ οὐκ ἐνετειλάμην αὐτοῖς ἐν ἡμέρᾳ ᾗ ἀνήγαγον αὐτοὺς ἐκ γῆς Αἰγύπτου περὶ ὁλοκαυτωμάτων καὶ θυσίας·	quia non sum locutus cum patribus vestris et non praecepi eis in die qua eduxi eos de terra Aegypti de verbo holocaustomatum et victimarum	quia non sum locutus cum patribus vestris, et non prcepi eis, in die qua eduxi eos de terra gypti, de verbo holocautomatum et victimarum:		For I spake not unto your fathers, nor commanded them in the day that I brought them out of the land of Egypt, concerning burnt offerings or sacrifices:
Jer	7	23	כִּי אִם־אֶת־הַדָּבָר הַזֶּה צִוִּיתִי אוֹתָם לֵאמֹר שִׁמְעוּ בְקוֹלִי וְהָיִיתִי לָכֶם לֵאלֹהִים וְאַתֶּם תִּהְיוּ־לִי לְעָם וַהֲלַכְתֶּם בְּכָל־הַדֶּרֶךְ אֲשֶׁר אֲצַוֶּה אֶתְכֶם לְמַעַן יִיטַב לָכֶם ׃	ἀλλ᾿ ἢ τὸ ῥῆμα τοῦτο ἐνετειλάμην αὐτοῖς λέγων Ἀκούσατε τῆς φωνῆς μου, καὶ ἔσομαι ὑμῖν εἰς θεὸν καὶ ὑμεῖς ἔσεσθέ μοι εἰς λαόν, καὶ πορεύεσθε ἐν πάσαις ταῖς ὁδοῖς μου αἷς ἂν ἐντείλωμαι ὑμῖν, ὅπως ἂν εὖ ᾖ ὑμῖν.	sed hoc verbum praecepi eis dicens audite vocem meam et ero vobis Deus et vos eritis mihi populus et ambulate in omni via quam mandavi vobis ut bene sit vobis	sed hoc verbum prcepi eis, dicens: Audite vocem meam, et ero vobis Deus, et vos eritis mihi populus: et ambulate in omni via quam mandavi vobis, ut bene sit vobis.		But this thing commanded I them, saying, Obey my voice, and I will be your God, and ye shall be my people: and walk ye in all the ways that I have commanded you, that it may be well unto you.
Jer	7	24	וְלֹא שָׁמְעוּ וְלֹא־הִטּוּ אֶת־אָזְנָם וַיֵּלְכוּ בְּמֹעֵצוֹת בִּשְׁרִרוּת לִבָּם הָרָע וַיִּהְיוּ לְאָחוֹר וְלֹא לְפָנִים ׃	καὶ οὐκ ἤκουσάν μου καὶ οὐ προσέσχεν τὸ οὖς αὐτῶν, ἀλλʼ ἐπορεύθησαν τοῖς ἐνθυμήμασιν τῆς καρδίας αὐτῶν τῆς κακῆς, καὶ ἐγενήθησαν εἰς τὰ ὄπισθεν καὶ οὐκ εἰς τὰ ἔμπροσθεν,	et non audierunt nec inclinaverunt aurem suam sed abierunt in voluntatibus et pravitate cordis sui mali factique sunt retrorsum et non in ante	Et non audierunt, nec inclinaverunt aurem suam: sed abierunt in voluntatibus et in pravitate cordis sui mali: factique sunt retrorsum, et non in ante,		But they hearkened not, nor inclined their ear, but walked in the counsels and in the imagination of their evil heart, and went backward, and not forward.
Jer	7	25	לְמִן־הַיּוֹם אֲשֶׁר יָצְאוּ אֲבוֹתֵיכֶם מֵאֶרֶץ מִצְרַיִם עַד הַיּוֹם הַזֶּה וָאֶשְׁלַח אֲלֵיכֶם אֶת־כָּל־עֲבָדַי הַנְּבִיאִים יוֹם הַשְׁכֵּם וְשָׁלֹחַ ׃	ἀφʼ ἧς ἡμέρας ἐξήλθοσαν οἱ πατέρες αὐτῶν ἐκ γῆς Αἰγύπτου καὶ ἕως τῆς ἡμέρας ταύτης. καὶ ἐξαπέστειλα πρὸς ὑμᾶς πάντας τοὺς δούλους μου τοὺς προφήτας, ἡμέρας καὶ ὄρθρου· καὶ ἀπέστειλα,	a die qua egressi sunt patres eorum de terra Aegypti usque ad diem hanc et misi ad vos omnes servos meos prophetas per diem consurgens diluculo et mittens	a die qua egressi sunt patres eorum de terra gypti usque ad diem hanc. Et misi ad vos omnes servos meos prophetas per diem, consurgens diluculo, et mittens:		Since the day that your fathers came forth out of the land of Egypt unto this day I have even sent unto you all my servants the prophets, daily rising up early and sending them:
Jer	7	26	וְלוֹא שָׁמְעוּ אֵלַי וְלֹא הִטּוּ אֶת־אָזְנָם וַיַּקְשׁוּ אֶת־עָרְפָּם הֵרֵעוּ מֵאֲבוֹתָם ׃	καὶ οὐκ ἤκουσάν μου καὶ οὐ προσέσχεν τὸ οὗς αὐτῶν, καὶ ἐσκλήρυναν τὸν τράχηλον αὐτῶν ὑπέρ τοὺς πατέρας αὐτῶν.	et non audierunt me nec inclinaverunt aurem suam sed induraverunt cervicem et peius operati sunt quam patres eorum	et non audierunt me, nec inclinaverunt aurem suam: sed induraverunt cervicem suam, et pejus operati sunt quam patres eorum.]		Yet they hearkened not unto me, nor inclined their ear, but hardened their neck: they did worse than their fathers.
Jer	7	27	וְדִבַּרְתָּ אֲלֵיהֶם אֶת־כָּל־הַדְּבָרִים הָאֵלֶּה וְלֹא יִשְׁמְעוּ אֵלֶיךָ וְקָרָאתָ אֲלֵיהֶם וְלֹא יַעֲנוּכָה ׃		et loqueris ad eos omnia verba haec et non audient te et vocabis eos et non respondebunt tibi	Et loqueris ad eos omnia verba hc, et non audient te: et vocabis eos, et non respondebunt tibi.		Therefore thou shalt speak all these words unto them; but they will not hearken to thee: thou shalt also call unto them; but they will not answer thee.
Jer	7	28	וְאָמַרְתָּ אֲלֵיהֶם זֶה הַגּוֹי אֲשֶׁר לוֹא־שָׁמְעוּ בְּקוֹל יְהוָה אֱלֹהָיו וְלֹא לָקְחוּ מוּסָר אָבְדָה הָאֱמוּנָה וְנִכְרְתָה מִפִּיהֶם ׃ ס	καὶ ἐρεῖς αὐτοῖς τὸν λόγον τοῦτον Τοῦτο τὸ ἔθνος ὃ οὐκ ἤκουσεν τῆς φωνῆς Κυρίου οὐδὲ ἐδέξατο παιδείαν· ἐξέλιπεν ἡ πίστις ἐκ στόματος αὐτῶν.	et dices ad eos haec est gens quae non audivit vocem Domini Dei sui nec recepit disciplinam periit fides et ablata est de ore eorum	Et dices ad eos: [Hc est gens qu non audivit vocem Domini Dei sui, nec recepit disciplinam; periit fides, et ablata est de ore eorum.		But thou shalt say unto them, This is a nation that obeyeth not the voice of the Lord their God, nor receiveth correction: truth is perished, and is cut off from their mouth.
Jer	7	29	גָּזִּי נִזְרֵךְ וְהַשְׁלִיכִי וּשְׂאִי עַל־שְׁפָיִם קִינָה כִּי מָאַס יְהוָה וַיִּטֹּשׁ אֶת־דּוֹר עֶבְרָתוֹ ׃	Κεῖρε τὴν κεφαλήν σου καὶ ἀπόριπτε, καὶ ἀνάλαβε ἐπὶ χειλέων θρῆνον, ὅτι ἀπεδοκίμασεν Κύριος καὶ ἀπώσατο τὴν γενεὰν τὴν ποιοῦσαν ταῦτα.	tonde capillum tuum et proice et sume in directum planctum quia proiecit Dominus et reliquit generationem furoris sui	Tonde capillum tuum, et projice, et sume in directum planctum: quia projecit Dominus et reliquit generationem furoris sui;		Cut off thine hair, O Jerusalem, and cast it away, and take up a lamentation on high places; for the Lord hath rejected and forsaken the generation of his wrath.
Jer	7	30	כִּי־עָשׂוּ בְנֵי־יְהוּדָה הָרַע בְּעֵינַי נְאֻום־יְהוָה שָׂמוּ שִׁקּוּצֵיהֶם בַּבַּיִת אֲשֶׁר־נִקְרָא־שְׁמִי עָלָיו לְטַמְּאוֹ ׃	ὅτι ἐποίησαν οἱ υἱοὶ Ἰούδα τὸ πονηρὸν ἐναντίον ἐμοῦ, λέγει Κύριος· ἔταξαν τὰ βδελύγματα αὐτῶν ἐν τῷ οἴκῳ οὗ ἐπικέκληται τὸ ὄνομά μου ἐπʼ αὐτόν, τοῦ μιᾶναι αὐτόν·	quia fecerunt filii Iuda malum in oculis meis dicit Dominus posuerunt offendicula sua in domo in qua invocatum est nomen meum ut polluerent eam	quia fecerunt filii Juda malum in oculis meis, dicit Dominus. Posuerunt offendicula sua in domo in qua invocatum est nomen meum, ut polluerent eam:		For the children of Judah have done evil in my sight, saith the Lord: they have set their abominations in the house which is called by my name, to pollute it.
Jer	7	31	וּבָנוּ בָּמוֹת הַתֹּפֶת אֲשֶׁר בְּגֵיא בֶן־הִנֹּם לִשְׂרֹף אֶת־בְּנֵיהֶם וְאֶת־בְּנֹתֵיהֶם בָּאֵשׁ אֲשֶׁר לֹא צִוִּיתִי וְלֹא עָלְתָה עַל־לִבִּי ׃ ס	καὶ ᾠκοδόμησαν τὸν βωμὸν τοῦ Τάφεθ, ὅς ἐστιν ἐν φάραγγι υἱοῦ Ἐννόμ, τοῦ κατακαίειν τοὺς υἱοὺς αὐτῶν καὶ τὰς θυγατέρας αὐτῶν ἐν πυρί, ὃ οὐκ ἐνετειλάμην αὐτοῖς καὶ οὐ διενοήθην ἐν τῇ καρδίᾳ μου.	et aedificaverunt excelsa Thofeth qui est in valle filii Ennom ut incenderent filios suos et filias suas igni quae non praecepi nec cogitavi in corde meo	et dificaverunt excelsa Topheth, qu est in valle filii Ennom, ut incenderent filios suos et filias suas igni, qu non prcepi, nec cogitavi in corde meo.		And they have built the high places of Tophet, which is in the valley of the son of Hinnom, to burn their sons and their daughters in the fire; which I commanded them not, neither came it into my heart.
Jer	7	32	לָכֵן הִנֵּה־יָמִים בָּאִים נְאֻם־יְהוָה וְלֹא־יֵאָמֵר עוֹד הַתֹּפֶת וְגֵיא בֶן־הִנֹּם כִּי אִם־גֵּיא הַהֲרֵגָה וְקָבְרוּ בְתֹפֶת מֵאֵין מָקוֹם ׃	διὰ τοῦτο ἰδοὺ ἡμέραι ἔρχονται, λέγει Κύριος, καὶ οὐκ ἐροῦσιν ἔτι Βωμὸς τοῦ Τάφεθ καὶ φάραγξ υἱοῦ Ἑννόμ, ἀλλ᾿ Ἡ φάραγξ τῶν ἀνῃρημένων· καὶ θάψουσιν ἐν τῷ Τάφεθ διὰ τὸ μὴ ὑπάρχειν τόπον,	ideo ecce dies venient dicit Dominus et non dicetur amplius Thofeth et vallis filii Ennom sed vallis Interfectionis et sepelient in Thofeth eo quod non sit locus	Ideo ecce dies venient, dicit Dominus, et non dicetur amplius Topheth, et vallis filii Ennom, sed vallis interfectionis: et sepelient in Topheth, eo quod non sit locus.		Therefore, behold, the days come, saith the Lord, that it shall no more be called Tophet, nor the valley of the son of Hinnom, but the valley of slaughter: for they shall bury in Tophet, till there be no place.
Jer	7	33	וְהָיְתָה נִבְלַת הָעָם הַזֶּה לְמַאֲכָל לְעוֹף הַשָּׁמַיִם וּלְבֶהֱמַת הָאָרֶץ וְאֵין מַחֲרִיד ׃	καὶ ἔσονται οἱ νεκροὶ τοῦ λαοῦ τούτου εἰς βρῶσιν τοῖς πετεινοῖς τοῦ οὐρανοῦ καὶ τοῖς θηρίοις τῆς γῆς, καὶ οὐκ ἔσται ὁ ἀποσοβῶν.	et erit morticinum populi huius in cibum volucribus caeli et bestiis terrae et non erit qui abigat	Et erit morticinum populi hujus in cibos volucribus cli et bestiis terr, et non erit qui abigat.		And the carcases of this people shall be meat for the fowls of the heaven, and for the beasts of the earth; and none shall fray them away.
Jer	7	34	וְהִשְׁבַּתִּי מֵעָרֵי יְהוּדָה וּמֵחֻצוֹת יְרוּשָׁלַםִ קוֹל שָׂשׂוֹן וְקוֹל שִׂמְחָה קוֹל חָתָן וְקוֹל כַּלָּה כִּי לְחָרְבָּה תִּהְיֶה הָאָרֶץ ׃	καὶ καταλύσω ἐκ πόλεως Ἰούδα καὶ ἐκ διόδων Ἰερουσαλὴμ φωνὴν εὐφραινομένων καὶ φωνὴν χαιρόντων, φωνὴν νυμφίου καὶ φωνὴν νύμφης, ὅτι εἰς ἐρήμωσιν ἔσται πᾶσα ἡ γῆ.	et quiescere faciam de urbibus Iuda et de plateis Hierusalem vocem gaudii et vocem laetitiae vocem sponsi et vocem sponsae in desolatione enim erit terra	Et quiescere faciam de urbibus Juda, et de plateis Jerusalem, vocem gaudii et vocem ltiti, vocem sponsi et vocem spons: in desolationem enim erit terra.]		Then will I cause to cease from the cities of Judah, and from the streets of Jerusalem, the voice of mirth, and the voice of gladness, the voice of the bridegroom, and the voice of the bride: for the land shall be desolate.
Jer	8	1	בָּעֵת הַהִיא נְאֻם־יְהוָה וְיֹצִיאוּ אֶת־עַצְמוֹת מַלְכֵי־יְהוּדָה וְאֶת־עַצְמוֹת־שָׂרָיו וְאֶת־עַצְמוֹת הַכֹּהֲנִים וְאֵת עַצְמוֹת הַנְּבִיאִים וְאֵת עַצְמוֹת יוֹשְׁבֵי־יְרוּשָׁלִָם מִקִּבְרֵיהֶם ׃	Ἐν τῷ καιρῷ ἐκείνῳ, λέγει Κύριος, ἐξοίσουσιν τὸ ὀστᾶ τῶν βασιλέων Ἰούδα καὶ τὰ ὀστᾶ τῶν ἀρχόντων αὐτοῦ καὶ τὰ ὀστᾶ τῶν ἱερέων καὶ τὰ ὀστᾶ προφητῶν καὶ τὰ ὀστᾶ τῶν κατοικούντων ἐν Ἰερουσαλὴμ ἐκ τῶν τάφων αὐτῶν,	in tempore illo ait Dominus eicient ossa regis Iuda et ossa principum eius et ossa sacerdotum et ossa prophetarum et ossa eorum qui habitaverunt Hierusalem de sepulchris suis	[In illo tempore, ait Dominus, ejicient ossa regum Juda, et ossa principum ejus, et ossa sacerdotum, et ossa prophetarum, et ossa eorum qui habitaverunt Jerusalem, de sepulchris suis:		At that time, saith the Lord, they shall bring out the bones of the kings of Judah, and the bones of his princes, and the bones of the priests, and the bones of the prophets, and the bones of the inhabitants of Jerusalem, out of their graves:
Jer	8	2	וּשְׁטָחוּם לַשֶּׁמֶשׁ וְלַיָּרֵחַ וּלְכֹל צְבָא הַשָּׁמַיִם אֲשֶׁר אֲהֵבוּם וַאֲשֶׁר עֲבָדוּם וַאֲשֶׁר הָלְכוּ אַחֲרֵיהֶם וַאֲשֶׁר דְּרָשׁוּם וַאֲשֶׁר הִשְׁתַּחֲווּ לָהֶם לֹא יֵאָסְפוּ וְלֹא יִקָּבֵרוּ לְדֹמֶן עַל־פְּנֵי הָאֲדָמָה יִהְיוּ ׃	καὶ ψύξουσιν αὐτὰ πρὸς τὸν ἥλιον καὶ τὴν σελήνην καὶ πρὸς πάντας τοὺς ἀστέρας καὶ πρὸς πᾶσαν τὴν στρατιὰν τοῦ οὐρανοῦ, ἃ ἠγάπησαν καὶ οἷς ἐδούλευσαν καὶ ὧν ἐπορεύθησαν ὀπίσω αὐτῶν καὶ ὧν ἀντείχοντο καὶ οἷς προσεκύνησαν αὐτοῖς· οὐ κοπήσονται καὶ οὐ ταφήσονται, καὶ ἔσονται εἰς παράδειγμα ἐπὶ προσώπου τῆς γῆς,	et pandent ea ad solem et lunam et omnem militiam caeli quae dilexerunt et quibus servierunt et post quae ambulaverunt et quae quaesierunt et adoraverunt non colligentur et non sepelientur in sterquilinium super faciem terrae erunt	et expandent ea ad solem, et lunam, et omnem militiam cli, qu dilexerunt, et quibus servierunt, et post qu ambulaverunt, et qu qusierunt, et adoraverunt. Non colligentur, et non sepelientur: in sterquilinium super faciem terr erunt.		And they shall spread them before the sun, and the moon, and all the host of heaven, whom they have loved, and whom they have served, and after whom they have walked, and whom they have sought, and whom they have worshipped: they shall not be gathered, nor be buried; they shall be for dung upon the face of the earth.
Jer	8	3	וְנִבְחַר מָוֶת מֵחַיִּים לְכֹל הַשְּׁאֵרִית הַנִּשְׁאָרִים מִן־הַמִּשְׁפָּחָה הָרָעָה הַזֹּאת בְּכָל־הַמְּקֹמוֹת הַנִּשְׁאָרִים אֲשֶׁר הִדַּחְתִּים שָׁם נְאֻם יְהוָה צְבָאוֹת ׃ ס	ὅτι εἵλοντο τὸν θάνατον ἢ τὴν ζωήν, καὶ πᾶσιν τοῖς καταλοίποις τοῖς καταλειφθεῖσιν ἀπὸ τῆς γενεᾶς ἐκείνης, ἐν παντὶ τόπῳ οὗ ἐὰν ἐξώσω αὐτοὺς ἐκεῖ.	et eligent magis mortem quam vitam omnes qui residui fuerint de cognatione hac pessima in universis locis quae derelicta sunt ad quae eieci eos dicit Dominus exercituum	Et eligent magis mortem quam vitam, omnes qui residui fuerint de cognatione hac pessima, in universis locis qu derelicta sunt, ad qu ejeci eos, dicit Dominus exercituum.]		And death shall be chosen rather than life by all the residue of them that remain of this evil family, which remain in all the places whither I have driven them, saith the Lord of hosts.
Jer	8	4	וְאָמַרְתָּ אֲלֵיהֶם כֹּה אָמַר יְהוָה הֲיִפְּלוּ וְלֹא יָקוּמוּ אִם־יָשׁוּב וְלֹא יָשׁוּב ׃	Ὅτι τάδε λέγει Κύριος Μὴ ὁ πίπτων οὐκ ἀνίσταται; ἢ ὁ ἀποστρέφων οὐκ ἀναστρέφει ;	et dices ad eos haec dicit Dominus numquid qui cadet non resurget et qui aversus est non revertetur	Et dices ad eos: [Hc dicit Dominus: Numquid qui cadit non resurget? et qui aversus est non revertetur?		Moreover thou shalt say unto them, Thus saith the Lord; Shall they fall, and not arise? shall he turn away, and not return?
Jer	8	5	מַדּוּעַ שׁוֹבְבָה הָעָם הַזֶּה יְרוּשָׁלַםִ מְשֻׁבָה נִצַּחַת הֶחֱזִיקוּ בַּתַּרְמִית מֵאֲנוּ לָשׁוּב ׃	διὰ τί ἀπέστρεψεν ὁ λαός μου οὗτος ἀποστροφὴν ἀναιδῆ, καὶ κατεκρατήθησαν ἐν τῇ προαιρέσει αὐτῶν καὶ οὐκ ἠθέλησαν τοῦ ἐπιστρέψαι	quare ergo aversus est populus iste in Hierusalem aversione contentiosa adprehenderunt mendacium et noluerunt reverti	Quare ergo aversus est populus iste in Jerusalem aversione contentiosa? Apprehenderunt mendacium, et noluerunt reverti.		Why then is this people of Jerusalem slidden back by a perpetual backsliding? they hold fast deceit, they refuse to return.
Jer	8	6	הִקְשַׁבְתִּי וָאֶשְׁמָע לוֹא־כֵן יְדַבֵּרוּ אֵין אִישׁ נִחָם עַל־רָעָתוֹ לֵאמֹר מֶה עָשִׂיתִי כֻּלֹּה שָׁב בִּמְרֻצוֹתָם כְּסוּס שׁוֹטֵף בַּמִּלְחָמָה ׃	ἐνωτίσασθε δὴ καὶ ἀκούσατε· οὐχ οὕτως λαλήσουσιν Οὐκ ἔστιν ἄνθρωπος μετανοῶν ἀπὸ τῆς κακίας αὐτοῦ, λέγων Τί ἐποίησα διέλιπεν ὁ τρέχων ἀπὸ τοῦ δρόμου αὐτοῦ ὡς ἵππος κάθιδρος ἐν χρεμετισμῷ αὐτοῦ.	adtendi et auscultavi nemo quod bonum est loquitur nullus est qui agat paenitentiam super peccato suo dicens quid feci omnes conversi sunt ad cursum suum quasi equus impetu vadens in proelio	Attendi, et auscultavi: nemo quod bonum est loquitur; nullus est qui agat pnitentiam super peccato suo, dicens: Quid feci? Omnes conversi sunt ad cursum suum, quasi equus impetu vadens ad prlium.		I hearkened and heard, but they spake not aright: no man repented him of his wickedness, saying, What have I done? every one turned to his course, as the horse rusheth into the battle.
Jer	8	7	גַּם־חֲסִידָה בַשָּׁמַיִם יָדְעָה מוֹעֲדֶיהָ וְתֹר וְסוּס וְעָגוּר שָׁמְרוּ אֶת־עֵת בֹּאָנָה וְעַמִּי לֹא יָדְעוּ אֵת מִשְׁפַּט יְהוָה ׃	καὶ ἡ ἁσίδὰ ἐν τῷ οὐρανῷ ἔγνω τὸν καιρὸν αὐτῆς· τρυγὼν καὶ χελιδὼν ἀγροῦ, στρουθία ἐφύλαξαν καιροὺς εὶσοδων ἑαυτῶν· ὸ δὲ λαός μου οὐκ ἔγνω τὰ κρίματα Κυρίου.	milvus in caelo cognovit tempus suum turtur et hirundo et ciconia custodierunt tempus adventus sui populus autem meus non cognovit iudicium Domini	Milvus in clo cognovit tempus suum: turtur, et hirundo, et ciconia custodierunt tempus adventus sui: populus autem meus non cognovit judicium Domini.		Yea, the stork in the heaven knoweth her appointed times; and the turtle and the crane and the swallow observe the time of their coming; but my people know not the judgment of the Lord.
Jer	8	8	אֵיכָה תֹאמְרוּ חֲכָמִים אֲנַחְנוּ וְתוֹרַת יְהוָה אִתָּנוּ אָכֵן הִנֵּה לַשֶּׁקֶר עָשָׂה עֵט שֶׁקֶר סֹפְרִים ׃	πῶς ἐρεῖτε ὅτι Σοφοί ἐσμεν ἡμεῖς. καὶ νόμος Κυρίου ἐστὶν μεθʼ ἡμῶν ; εἰς μάτην ἐγενήθη σχοῖνος ψευδὴς γραμματεῦσιν.	quomodo dicitis sapientes nos sumus et lex Domini nobiscum est vere mendacium operatus est stilus mendax scribarum	Quomodo dicitis: Sapientes nos sumus, et lex Domini nobiscum est? vere mendacium operatus est stylus mendax scribarum!		How do ye say, We are wise, and the law of the Lord is with us? Lo, certainly in vain made he it; the pen of the scribes is in vain.
Jer	8	9	הֹבִישׁוּ חֲכָמִים חַתּוּ וַיִּלָּכֵדוּ הִנֵּה בִדְבַר־יְהוָה מָאָסוּ וְחָכְמַת־מֶה לָהֶם ׃ ס	ᾐσχύνθησαν σοφοὶ καὶ ἐπτοήθησαν καὶ ἑάλωσαν, ὅτι τὸν νόμον Κυρίου ἀπεδοκίμασαν· σοφία τίς ἐστιν ἐν αὐτοῖς;	confusi sunt sapientes perterriti et capti sunt verbum enim Domini proiecerunt et sapientia nulla est in eis	Confusi sunt sapientes; perterriti et capti sunt: verbum enim Domini projecerunt, et sapientia nulla est in eis.		The wise men are ashamed, they are dismayed and taken: lo, they have rejected the word of the Lord; and what wisdom is in them?
Jer	8	10	לָכֵן אֶתֵּן אֶת־נְשֵׁיהֶם לַאֲחֵרִים שְׂדוֹתֵיהֶם לְיוֹרְשִׁים כִּי מִקָּטֹן וְעַד־גָּדוֹל כֻּלֹּה בֹּצֵעַ בָּצַע מִנָּבִיא וְעַד־כֹּהֵן כֻּלֹּה עֹשֶׂה שָּׁקֶר ׃	διὰ τοῦτο δώσω τὰς γυναῖκας αὐτῶν ἑτέροις, καὶ τοὺς ἀγροὺς αὐτῶν τοῖς κληρονόμοις,	propterea dabo mulieres eorum exteris agros eorum heredibus quia a minimo usque ad maximum omnes avaritiam sequuntur a propheta usque ad sacerdotem cuncti faciunt mendacium	Propterea dabo mulieres eorum exteris, agros eorum hredibus, quia a minimo usque ad maximum omnes avaritiam sequuntur: a propheta usque ad sacerdotem cuncti faciunt mendacium.		Therefore will I give their wives unto others, and their fields to them that shall inherit them: for every one from the least even unto the greatest is given to covetousness, from the prophet even unto the priest every one dealeth falsely.
Jer	8	11	וַיְרַפּוּ אֶת־שֶׁבֶר בַּת־עַמִּי עַל־נְקַלָּה לֵאמֹר שָׁלוֹם שָׁלוֹם וְאֵין שָׁלוֹם ׃		et sanabant contritionem filiae populi mei ad ignominiam dicentes pax pax cum non esset pax	Et sanabant contritionem fili populi mei ad ignominiam, dicentes: Pax, pax! cum non esset pax.		For they have healed the hurt of the daughter of my people slightly, saying, Peace, peace; when there is no peace.
Jer	8	12	הֹבִשׁוּ כִּי תוֹעֵבָה עָשׂוּ גַּם־בּוֹשׁ לֹא־יֵבֹשׁוּ וְהִכָּלֵם לֹא יָדָעוּ לָכֵן יִפְּלוּ בַנֹּפְלִים בְּעֵת פְּקֻדָּתָם יִכָּשְׁלוּ אָמַר יְהוָה ׃ ס		confusi sunt quia abominationem fecerunt quinimmo confusione non sunt confusi et erubescere nescierunt idcirco cadent inter corruentes in tempore visitationis suae corruent dicit Dominus	Confusi sunt, quia abominationem fecerunt: quinimmo confusione non sunt confusi, et erubescere nescierunt. Idcirco cadent inter corruentes: in tempore visitationis su corruent, dicit Dominus.		Were they ashamed when they had committed abomination? nay, they were not at all ashamed, neither could they blush: therefore shall they fall among them that fall: in the time of their visitation they shall be cast down, saith the Lord.
Jer	8	13	אָסֹף אֲסִיפֵם נְאֻם־יְהוָֹה אֵין עֲנָבִים בַּגֶּפֶן וְאֵין תְּאֵנִים בַּתְּאֵנָה וְהֶעָלֶה נָבֵל וָאֶתֵּן לָהֶם יַעַבְרוּם ׃	καὶ συνάξουσιν τὰ γενήματα αὐτῶν, λέγει Κύριος· οὐκ ἔστιν σταφυλὴ ἐν ταῖς ἀμπέλοις, καὶ οὐκ ἔστιν σῦκα ἐν ταῖς συκαῖς, καὶ τὰ φύλλα κατερρύηκεν.	congregans congregabo eos ait Dominus non est uva in vitibus et non sunt ficus in ficulnea folium defluxit et dedi eis quae praetergressa sunt	Congregans congregabo eos, ait Dominus. Non est uva in vitibus, et non sunt ficus in ficulnea: folium defluxit, et dedi eis qu prtergressa sunt.		I will surely consume them, saith the Lord: there shall be no grapes on the vine, nor figs on the fig tree, and the leaf shall fade; and the things that I have given them shall pass away from them.
Jer	8	14	עַל־מָה אֲנַחְנוּ יֹשְׁבִים הֵאָסְפוּ וְנָבוֹא אֶל־עָרֵי הַמִּבְצָר וְנִדְּמָה־שָּׁם כִּי יְהוָה אֱלֹהֵינוּ הֲדִמָּנוּ וַיַּשְׁקֵנוּ מֵי־רֹאשׁ כִּי חָטָאנוּ לַיהוָה ׃	ἐπὶ τί ἡμεῖς καθήμεθα; συνάχθητε καὶ εἰσέλθωμεν εἰς τὰς πόλεις τὰς ὀχυρὰς καὶ ἀποριφῶμεν, ὅτι ὁ θεὸς ἀπέριψεν ἡμᾶς καὶ ἐπότισεν ἡμᾶς ὕδωρ χολῆς, ὅτι ἡμάρτομεν ἐναντίον αὐτοῦ.	quare sedemus convenite et ingrediamur civitatem munitam et sileamus ibi quia Dominus noster silere nos fecit et potum dedit nobis aquam fellis peccavimus enim Domino	Quare sedemus? convenite, et ingrediamur civitatem munitam, et sileamus ibi: quia Dominus Deus noster silere nos fecit, et potum dedit nobis aquam fellis: peccavimus enim Domino.		Why do we sit still? assemble yourselves, and let us enter into the defenced cities, and let us be silent there: for the Lord our God hath put us to silence, and given us water of gall to drink, because we have sinned against the Lord.
Jer	8	15	קַוֵּה לְשָׁלוֹם וְאֵין טוֹב לְעֵת מַרְפֵּה וְהִנֵּה בְעָתָה ׃	συνήχθημεν εἰς εἰρήνην, καὶ οὐκ ἦν ἀγαθά· εἰς καιρὸν ἰάσεως, καὶ ἰδοὺ σπουδή.	expectavimus pacem et non erat bonum tempus medellae et ecce formido	Exspectavimus pacem, et non erat bonum: tempus medel, et ecce formido.		We looked for peace, but no good came; and for a time of health, and behold trouble!
Jer	8	16	מִדָּן נִשְׁמַע נַחְרַת סוּסָיו מִקּוֹל מִצְהֲלוֹת אַבִּירָיו רָעֲשָׁה כָּל־הָאָרֶץ וַיָּבוֹאוּ וַיֹּאכְלוּ אֶרֶץ וּמְלוֹאָהּ עִיר וְיֹשְׁבֵי בָהּ ׃ ס	ἐκ Δὰν ἀκουσόμεθα φωνήν ὀξύτητος ἵππων αὐτοῦ, ἀπὸ φωνῆς χρεμετισμοῦ ἱππασίας ἵππων αὐτοῦ ἐσείσθη πᾶσα ἡ γῆ· καὶ ἤξει καὶ καταφάγεται τὴν γῆν καὶ τὸ πλήρωμα αὐτῆς, πόλιν καὶ τοὺς κατοικοῦντας ἐν αὐτῇ.	a Dan auditus est fremitus equorum eius a voce hinnituum pugnatorum eius commota est omnis terra et venerunt et devoraverunt terram et plenitudinem eius urbem et habitatores eius	A Dan auditus est fremitus equorum ejus; a voce hinnituum pugnatorum ejus commota est omnis terra: et venerunt, et devoraverunt terram et plenitudinem ejus; urbem et habitatores ejus.		The snorting of his horses was heard from Dan: the whole land trembled at the sound of the neighing of his strong ones; for they are come, and have devoured the land, and all that is in it; the city, and those that dwell therein.
Jer	8	17	כִּי הִנְנִי מְשַׁלֵּחַ בָּכֶם נְחָשִׁים צִפְעֹנִים אֲשֶׁר אֵין־לָהֶם לָחַשׁ וְנִשְּׁכוּ אֶתְכֶם נְאֻם־יְהוָה ׃ ס	διότι ἰδοὺ ἐγὼ ἐξαποστέλλω εἰς ὑμᾶς ὄφεις θανατοῦντας, οἷς οὐκ ἔστιν ἐπᾷσαι, καὶ δήξονται ὑμᾶς	quia ecce ego mittam vobis serpentes regulos quibus non est incantatio et mordebunt vos ait Dominus	Quia ecce ego mittam vobis serpentes regulos, quibus non est incantatio: et mordebunt vos, ait Dominus.		For, behold, I will send serpents, cockatrices, among you, which will not be charmed, and they shall bite you, saith the Lord.
Jer	8	18	מַבְלִיגִיתִי עֲלֵי יָגוֹן עָלַי לִבִּי דַוָּי ׃	ἀνίατα μετʼ ὀδύνης, καρδίας ὑμῶν ἀπορουμένης.	dolor meus super dolorem in me cor meum maerens	Dolor meus super dolorem, in me cor meum mrens.		When I would comfort myself against sorrow, my heart is faint in me.
Jer	8	19	הִנֵּה־קוֹל שַׁוְעַת בַּת־עַמִּי מֵאֶרֶץ מַרְחַקִּים הַיהוָה אֵין בְּצִיּוֹן אִם־מַלְכָּהּ אֵין בָּהּ מַדּוּעַ הִכְעִסוּנִי בִּפְסִלֵיהֶם בְּהַבְלֵי נֵכָר ׃	ἰδοῦ φωνὴ κραυγῆς θυγατρὸς λαοῦ μου ἀπὸ γῆς μακρόθεν· μὴ Κύριος οὐκ ἔστιν ἐν Σειών ; ἢ βασιλεὺς οὐκ ἔστιν ἐκεῖ διὰ τί παρώργισάν με ἐν τοῖς γλυπτοῖς αὐτῶν καὶ ἐν ματαίοις ἀλλοτρίοις;	ecce vox clamoris filiae populi mei de terra longinqua numquid Dominus non est in Sion aut rex eius non est in ea quare ergo me ad iracundiam concitaverunt in sculptilibus suis et in vanitatibus alienis	Ecce vox clamoris fili populi mei de terra longinqua: Numquid Dominus non est in Sion? aut rex ejus non est in ea? Quare ergo me ad iracundiam concitaverunt in sculptilibus suis, et in vanitatibus alienis?		Behold the voice of the cry of the daughter of my people because of them that dwell in a far country: Is not the Lord in Zion? is not her king in her? Why have they provoked me to anger with their graven images, and with strange vanities?
Jer	8	20	עָבַר קָצִיר כָּלָה קָיִץ וַאֲנַחְנוּ לוֹא נוֹשָׁעְנוּ ׃	διῆλθεν θέρος, παρῆλθεν ἄμητος, καὶ ἡμεῖς οὐ διεσώθημεν.	transiit messis finita est aestas et nos salvati non sumus	Transiit messis, finita est stas, et nos salvati non sumus.		The harvest is past, the summer is ended, and we are not saved.
Jer	8	21	עַל־שֶׁבֶר בַּת־עַמִּי הָשְׁבָּרְתִּי קָדַרְתִּי שַׁמָּה הֶחֱזִקָתְנִי ׃	ἐπὶ συντρίμματι θυγατρὸς λαοῦ μου ἐσκοτώθην· ἀπορίᾳ κατίσχυσάν με ὠδῖνες ὡς τικτούσης.	super contritionem filiae populi mei contritus sum et contristatus stupor obtinuit me	Super contritione fili populi mei contritus sum, et contristatus: stupor obtinuit me.		For the hurt of the daughter of my people am I hurt; I am black; astonishment hath taken hold on me.
Jer	8	22	הַצֳרִי אֵין בְּגִלְעָד אִם־רֹפֵא אֵין שָׁם כִּי מַדּוּעַ לֹא עָלְתָה אֲרֻכַת בַּת־עַמִּי ׃	μὴ ῥητίνη οὐκ ἔστιν ἐν Γαλαὰδ, ἢ ἰατρὸς οὐκ ἔστιν ἐκεῖ; διὰ τί οὐκ ἀνέβη ἴασις θυγατρὸς λαοῦ μου;	numquid resina non est in Galaad aut medicus non est ibi quare igitur non est obducta cicatrix filiae populi mei	Numquid resina non est in Galaad? aut medicus non est ibi? quare igitur non est obducta cicatrix fili populi mei?]		Is there no balm in Gilead; is there no physician there? why then is not the health of the daughter of my people recovered?
Jer	8	23	מִי־יִתֵּן רֹאשִׁי מַיִם וְעֵינִי מְקוֹר דִּמְעָה וְאֶבְכֶּה יוֹמָם וָלַיְלָה אֵת חַלְלֵי בַת־עַמִּי ׃					
Jer	9	1	מִי־יִתְּנֵנִי בַמִּדְבָּר מְלוֹן אֹרְחִים וְאֶעֶזְבָה אֶת־עַמִּי וְאֵלְכָה מֵאִתָּם כִּי כֻלָּם מְנָאֲפִים עֲצֶרֶת בֹּגְדִים ׃	Τίς δώσει κεφαλῇ μου ὕδωρ καὶ ὀφθαλμοῖς μου πηγὴν δακρύων, καὶ κλαύσομαι τὸν λαόν μου τοῦτον ἡμέρας καὶ νυκτός, τοὺς τετραυματισμένους θυγατρὸς λαοῦ μου;	quis dabit capiti meo aquam et oculis meis fontem lacrimarum et plorabo die et nocte interfectos filiae populi mei	[Quis dabit capiti meo aquam, et oculis meis fontem lacrimarum, et plorabo die ac nocte interfectos fili populi mei?		Oh that my head were waters, and mine eyes a fountain of tears, that I might weep day and night for the slain of the daughter of my people!
Jer	9	2	וַיַּדְרְכוּ אֶת־לְשׁוֹנָם קַשְׁתָּם שֶׁקֶר וְלֹא לֶאֱמוּנָה גָּבְרוּ בָאָרֶץ כִּי מֵרָעָה אֶל־רָעָה יָצָאוּ וְאֹתִי לֹא־יָדָעוּ נְאֻם־יְהוָה ׃ ס	τίς δῴη μοι ἐν τῇ ἐρήμῳ σταθμὸν ἔσχατον, καὶ καταλείψω τὸν λαόν μου καὶ ἀπελεύσομαι ἀπʼ αὐτῶν ὅτι πάντες μοιχῶνται, σύνοδος ἀθετούντων,	quis dabit me in solitudine diversorium viatorum et derelinquam populum meum et recedam ab eis quia omnes adulteri sunt coetus praevaricatorum	Quis dabit me in solitudine diversorium viatorum, et derelinquam populum meum, et recedam ab eis? quia omnes adulteri sunt, ctus prvaricatorum.		Oh that I had in the wilderness a lodging place of wayfaring men; that I might leave my people, and go from them! for they be all adulterers, an assembly of treacherous men.
Jer	9	3	אִישׁ מֵרֵעֵהוּ הִשָּׁמֵרוּ וְעַל־כָּל־אָח אַל־תִּבְטָחוּ כִּי כָל־אָח עָקוֹב יַעְקֹב וְכָל־רֵעַ רָכִיל יַהֲלֹךְ ׃	καὶ ἐνέτειναν τὴν γλῶσσαν αὐτῶν ὡς τόξον· ψεῦδος καὶ οὐ πίστις ἐνίσχυσεν ἐπὶ τῆς γῆς, ὅτι ἐκ κακῶν εἰς κακὰ ἐξήλθοσαν, καὶ ἐμέ οὐκ ἔγνωσαν.	et extenderunt linguam suam quasi arcum mendacii et non veritatis confortati sunt in terra quia de malo ad malum egressi sunt et me non cognoverunt dicit Dominus	Et extenderunt linguam suam quasi arcum mendacii et non veritatis: confortati sunt in terra, quia de malo ad malum egressi sunt, et me non cognoverunt, dicit Dominus.		And they bend their tongues like their bow for lies: but they are not valiant for the truth upon the earth; for they proceed from evil to evil, and they know not me, saith the Lord.
Jer	9	4	וְאִישׁ בְּרֵעֵהוּ יְהָתֵלּוּ וֶאֱמֶת לֹא יְדַבֵּרוּ לִמְּדוּ לְשׁוֹנָם דַּבֶּר־שֶׁקֶר הַעֲוֵה נִלְאוּ ׃	ἕκαστος ἀπὸ τοῦ πλησίον αὐτοῦ φυλάξασθε, καὶ ἐπʼ ἀδελφοῖς αὐτῶν μὴ πεποίθατε, ὅτι πᾶς ἀδελφὸς πτέρνῃ πτερνιεῖ, καὶ πᾶς φίλος δολίως πορεύσεται.	unusquisque se a proximo suo custodiat et in omni fratre suo non habeat fiduciam quia omnis frater subplantans subplantabit et omnis amicus fraudulenter incedet	Unusquisque se a proximo suo custodiat, et in omni fratre suo non habeat fiduciam: quia omnis frater supplantans supplantabit, et omnis amicus fraudulenter incedet.		Take ye heed every one of his neighbour, and trust ye not in any brother: for every brother will utterly supplant, and every neighbour will walk with slanders.
Jer	9	5	שִׁבְתְּךָ בְּתוֹךְ מִרְמָה בְּמִרְמָה מֵאֲנוּ דַעַת־אוֹתִי נְאֻם־יְהוָה ׃ ס	ἕκαστος κατὰ τοῦ φίλου αὐτοῦ καταπαίξεται, ἀλήθειαν οὐ μὴ λαλήσωσιν· μεμάθηκεν ἡ γλῶσσα αὐτῶν λαλεῖν ψευδῆ, ἠδίκησαν καὶ οὐ διέλιπον τοῦ ἐπιστρέψαι.	et vir fratrem suum deridebit et veritatem non loquentur docuerunt enim linguam suam loqui mendacium ut inique agerent laboraverunt	Et vir fratrem suum deridebit, et veritatem non loquentur: docuerunt enim linguam suam loqui mendacium; ut inique agerent laboraverunt.		And they will deceive every one his neighbour, and will not speak the truth: they have taught their tongue to speak lies, and weary themselves to commit iniquity.
Jer	9	6	לָכֵן כֹּה אָמַר יְהוָה צְבָאוֹת הִנְנִי צוֹרְפָם וּבְחַנְתִּים כִּי־אֵיךְ אֶעֱשֶׂה מִפְּנֵי בַּת־עַמִּי ׃	τόκος ἐπὶ τόκῳ, καὶ δόλος ἐπὶ δόλῳ· οὐκ ἤθελον εἰδέναι με.	habitatio tua in medio doli in dolo rennuerunt scire me dicit Dominus	Habitatio tua in medio doli: in dolo renuerunt scire me, dicit Dominus.		Thine habitation is in the midst of deceit; through deceit they refuse to know me, saith the Lord.
Jer	9	7	חֵץ שׁוֹחֵט לְשׁוֹנָם מִרְמָה דִבֵּר בְּפִיו שָׁלוֹם אֶת־רֵעֵהוּ יְדַבֵּר וּבְקִרְבּוֹ יָשִׂים אָרְבּוֹ ׃	Διὰ τοῦτο τάδε λέγει Κύριος Ἰδοὺ ἐγὼ πυρώσω αὐτοὺς καὶ δοκιμῶ αὐτούς, ὅτι ποιήσω ἀπὸ προσώπου πονηρίας θυγατρὸς λαοῦ μου.	propterea haec dicit Dominus exercituum ecce ego conflabo et probabo eos quid enim aliud faciam a facie filiae populi mei	Propterea hc dicit Dominus exercituum: Ecce ego conflabo, et probabo eos: quid enim aliud faciam a facie fili populi mei?		Therefore thus saith the Lord of hosts, Behold, I will melt them, and try them; for how shall I do for the daughter of my people?
Jer	9	8	הַעַל־אֵלֶּה לֹא־אֶפְקָד־בָּם נְאֻם־יְהוָה אִם בְּגוֹי אֲשֶׁר־כָּזֶה לֹא תִתְנַקֵּם נַפְשִׁי ׃	βολὶς τιτρώσκουσα ἡ γλῶσσα αὐτῶν, δόλια τὰ ῥήματα τοῦ στόματος αὐτῶν· τῷ πλησίον αὐτοῦ λαλεῖ εἰρηνικὰ καὶ ἐν ἑαυτῷ ἔχει τὴν ἔχθραν.	sagitta vulnerans lingua eorum dolum locuta est in ore suo pacem cum amico suo loquitur et occulte ponit ei insidias	Sagitta vulnerans lingua eorum, dolum locuta est. In ore suo pacem cum amico suo loquitur, et occulte ponit ei insidias.		Their tongue is as an arrow shot out; it speaketh deceit: one speaketh peaceably to his neighbour with his mouth, but in heart he layeth his wait.
Jer	9	9	ס עַל־הֶהָרִים אֶשָּׂא בְכִי וָנֶהִי וְעַל־נְאוֹת מִדְבָּר קִינָה כִּי נִצְּתוּ מִבְּלִי־אִישׁ עֹבֵר וְלֹא שָׁמְעוּ קוֹל מִקְנֶה מֵעוֹף הַשָּׁמַיִם וְעַד־בְּהֵמָה נָדְדוּ הָלָכוּ ׃	μὴ ἐπὶ τούτοις οὐκ ἐπισκέψομαι, λέγει Κύριος, ἢ ἐν λαῷ τῷ τοιούτῳ οὐκ ἐκδικήσει ἡ ψυχὴ μου	numquid super his non visitabo dicit Dominus aut in gentem huiuscemodi non ulciscetur anima mea	Numquid super his non visitabo, dicit Dominus, aut in gente hujusmodi non ulciscetur anima mea?		Shall I not visit them for these things? saith the Lord: shall not my soul be avenged on such a nation as this?
Jer	9	10	וְנָתַתִּי אֶת־יְרוּשָׁלִַם לְגַלִּים מְעוֹן תַּנִּים וְאֶת־עָרֵי יְהוּדָה אֶתֵּן שְׁמָמָה מִבְּלִי יוֹשֵׁב ׃ ס	Ἐπὶ τὰ ὄρη λάβετε κοπετόν, καὶ ἐπὶ τὰς τρίβους τῆς ἐρήμου θρῆνον, ὅτι ἐξέλιπον παρὰ τὸ μὴ εἶναι ἀνθρώπους· οὐκ ἤκουσαν φωνὴν ὑπάρξεως· ἀπὸ πετεινῶν τοῦ οὐρανοῦ καὶ ἕως κτηνῶν ἐξέστησαν, ᾤχοντο.	super montes adsumam fletum ac lamentum et super speciosa deserti planctum quoniam incensa sunt eo quod non sit vir pertransiens et non audierunt vocem possidentis a volucre caeli usque ad pecora transmigraverunt et recesserunt	Super montes assumam fletum ac lamentum, et super speciosa deserti planctum, quoniam incensa sunt, eo quod non sit vir pertransiens, et non audierunt vocem possidentis: a volucre cli usque ad pecora transmigraverunt et recesserunt.		For the mountains will I take up a weeping and wailing, and for the habitations of the wilderness a lamentation, because they are burned up, so that none can pass through them; neither can men hear the voice of the cattle; both the fowl of the heavens and the beast are fled; they are gone.
Jer	9	11	מִי־הָאִישׁ הֶחָכָם וְיָבֵן אֶת־זֹאת וַאֲשֶׁר דִּבֶּר פִּי־יְהוָה אֵלָיו וְיַגִּדָהּ עַל־מָה אָבְדָה הָאָרֶץ נִצְּתָה כַמִּדְבָּר מִבְּלִי עֹבֵר ׃ ס	καὶ δώσω τὴν Ἰερουσαλὴμ εἰς μετοικίαν καὶ εἰς κατοικητήριον δρακόντων, καὶ τὰς πόλεις Ἰούδα εἰς ἀφανισμὸν θήσομαι παρὰ τὸ μὴ κατοικεῖσθαι.	et dabo Hierusalem in acervos harenae et cubilia draconum et civitates Iuda dabo in desolationem eo quod non sit habitator	Et dabo Jerusalem in acervos aren, et cubilia draconum: et civitates Juda dabo in desolationem, eo quod non sit habitator.		And I will make Jerusalem heaps, and a den of dragons; and I will make the cities of Judah desolate, without an inhabitant.
Jer	9	12	וַיֹּאמֶר יְהוָה עַל־עָזְבָם אֶת־תּוֹרָתִי אֲשֶׁר נָתַתִּי לִפְנֵיהֶם וְלֹא־שָׁמְעוּ בְקוֹלִי וְלֹא־הָלְכוּ בָהּ ׃	τίς ὁ ἄνθρωπος ὁ συνετός, καὶ συνέτω τοῦτο· καὶ ᾧ λόγος στόματος Κυρίου πρὸς αὐτόν, ἀναγγειλάτω ὑμῖν ἕνεκεν τίνος ἀπώλετο ἡ γῆ· ἀνήφθη ὡς ἔρημος παρὰ τὸ μὴ διοδεύεσθαι αὐτήν.	quis est vir sapiens qui intellegat hoc et ad quem verbum oris Domini fiat ut adnuntiet istud quare perierit terra exusta sit quasi desertum eo quod non sit qui pertranseat	Quis est vir sapiens qui intelligat hoc, et ad quem verbum oris Domini fiat, ut annuntiet istud, quare perierit terra, et exusta sit quasi desertum, eo quod non sit qui pertranseat?		Who is the wise man, that may understand this? and who is he to whom the mouth of the Lord hath spoken, that he may declare it, for what the land perisheth and is burned up like a wilderness, that none passeth through?
Jer	9	13	וַיֵּלְכוּ אַחֲרֵי שְׁרִרוּת לִבָּם וְאַחֲרֵי הַבְּעָלִים אֲשֶׁר לִמְּדוּם אֲבוֹתָם ׃ ס	Καὶ εἶπεν Κύριος πρὸς μέ Διὰ τὸ ἐνκαταλιπεῖν αὐτοὺς τὸν νόμον μου ὃν ἔδωκα πρὸ προσώπου αὐτῶν, καὶ οὐκ ἤκουσαν τῆς φωνῆς μου,	et dixit Dominus quia dereliquerunt legem meam quam dedi eis et non audierunt vocem meam et non ambulaverunt in ea	Et dixit Dominus: Quia dereliquerunt legem meam quam dedi eis, et non audierunt vocem meam, et non ambulaverunt in ea,		And the Lord saith, Because they have forsaken my law which I set before them, and have not obeyed my voice, neither walked therein;
Jer	9	14	לָכֵן כֹּה־אָמַר יְהוָה צְבָאוֹת אֱלֹהֵי יִשְׂרָאֵל הִנְנִי מַאֲכִילָם אֶת־הָעָם הַזֶּה לַעֲנָה וְהִשְׁקִיתִים מֵי־רֹאשׁ ׃	ἀλλ᾿ ἐπορεύθησαν zxὀπίσω τῶν ἀρεστῶν τῆς καρδίας αὐτῶν τῆς κακῆς καὶ ὀπίσω τῶν εἰδώλων ἃ ἐδίδαξαν αὐτοὺς οἱ πατέρες αὐτῶν.	et abierunt post pravitatem cordis sui et post Baalim quos didicerunt a patribus suis	et abierunt post pravitatem cordis sui, et post Baalim, quod didicerunt a patribus suis:		But have walked after the imagination of their own heart, and after Baalim, which their fathers taught them:
Jer	9	15	וַהֲפִצוֹתִים בַּגּוֹיִם אֲשֶׁר לֹא יָדְעוּ הֵמָּה וַאֲבוֹתָם וְשִׁלַּחְתִּי אַחֲרֵיהֶם אֶת־הַחֶרֶב עַד כַּלּוֹתִי אוֹתָם ׃ פ	διὰ τοῦτο τάδε λέγει Κύριος ὁ θεὸς Ἰσραήλ Ἰδοὺ ἐγὼ ψωμιῶ αὐτοὺς ἀνάγκας, καὶ ποτιῶ αὐτοὺς ὕδωρ χολῆς,	idcirco haec dicit Dominus exercituum Deus Israhel ecce ego cibabo eos populum istum absinthio et potum dabo eis aquam fellis	idcirco hc dicit Dominus exercituum, Deus Isral: Ecce ego cibabo populum istum absinthio, et potum dabo eis aquam fellis.		Therefore thus saith the Lord of hosts, the God of Israel; Behold, I will feed them, even this people, with wormwood, and give them water of gall to drink.
Jer	9	16	כֹּה אָמַר יְהוָה צְבָאוֹת הִתְבּוֹנְנוּ וְקִרְאוּ לַמְקוֹנְנוֹת וּתְבוֹאֶינָה וְאֶל־הַחֲכָמוֹת שִׁלְחוּ וְתָבוֹאנָה ׃	καὶ διασκορπιῶ αὐτοὺς ἐν τοῖς ἔθνεσιν εἰς οὓς οὐκ ἐγίνωσκον αὐτοὶ καὶ οἱ πατέρες αὐτῶν, καὶ ἐπαποστελῶ ἐπʼ αὐτοὺς τὴν μάχαιραν ἕως τοῦ ἐξαναλῶσαι αὐτοὺς ἐν αὐτῇ.	et dispergam eos in gentibus quas non noverunt ipsi et patres eorum et mittam post eos gladium donec consumantur	Et dispergam eos in gentibus quas non noverunt ipsi et patres eorum, et mittam post eos gladium, donec consumantur.		I will scatter them also among the heathen, whom neither they nor their fathers have known: and I will send a sword after them, till I have consumed them.
Jer	9	17	וּתְמַהֵרְנָה וְתִשֶּׂנָה עָלֵינוּ נֶהִי וְתֵרַדְנָה עֵינֵינוּ דִּמְעָה וְעַפְעַפֵּינוּ יִזְּלוּ־מָיִם ׃	Τάδε λέγει Κύριος Καλέσατε τὰς θρηνούσας καὶ ἐλθέτωσαν, καὶ πρὸς τὰς σοφὰς ἀποστείλατε καὶ φθεγξάσθωσαν	haec dicit Dominus exercituum contemplamini et vocate lamentatrices et veniant et ad eas quae sapientes sunt mittite et properent	Hc dicit Dominus exercituum, Deus Isral: Contemplamini, et vocate lamentatrices, et veniant: et ad eas qu sapientes sunt mittite, et properent:		Thus saith the Lord of hosts, Consider ye, and call for the mourning women, that they may come; and send for cunning women, that they may come:
Jer	9	18	כִּי קוֹל נְהִי נִשְׁמַע מִצִּיּוֹן אֵיךְ שֻׁדָּדְנוּ בֹּשְׁנוּ מְאֹד כִּי־עָזַבְנוּ אָרֶץ כִּי הִשְׁלִיכוּ מִשְׁכְּנוֹתֵינוּ ׃ ס	καὶ λαβέτωσαν ἐφʼ ὑμᾶς θρῆνον, καὶ καταγαγέτωσαν οἱ ὀφθαλμοὶ ὑμῶν δάκρυα, καὶ τὰ βλέφαρα ὑμῶν ῥείτω ὕδωρ,	festinent et adsumant super nos lamentum deducant oculi nostri lacrimas et palpebrae nostrae defluant aquis	festinent, et assumant super nos lamentum: deducant oculi nostri lacrimas, et palpebr nostr defluant aquis.		And let them make haste, and take up a wailing for us, that our eyes may run down with tears, and our eyelids gush out with waters.
Jer	9	19	כִּי־שְׁמַעְנָה נָשִׁים דְּבַר־יְהוָה וְתִקַּח אָזְנְכֶם דְּבַר־פִּיו וְלַמֵּדְנָה בְנוֹתֵיכֶם נֶהִי וְאִשָּׁה רְעוּתָהּ קִינָה ׃	ὅτι φωνὴ οἰκτροῦ ἠκούσθη ἐν Σειών Πῶς ἐταλαιπωρήσαμεν, κατῃσχύνθημεν σφόδρα, ὅτι ἐνκατελίπομεν τὴν γῆν καὶ ἀπερίψαμεν τὰ σκηνώματα ἡμῶν.	quia vox lamentationis audita est de Sion quomodo vastati sumus et confusi vehementer quia dereliquimus terram quoniam deiecta sunt tabernacula nostra	Quia vox lamentationis audita est de Sion: Quomodo vastati sumus, et confusi vehementer? quia dereliquimus terram; quoniam dejecta sunt tabernacula nostra.		For a voice of wailing is heard out of Zion, How are we spoiled! we are greatly confounded, because we have forsaken the land, because our dwellings have cast us out.
Jer	9	20	כִּי־עָלָה מָוֶת בְּחַלּוֹנֵינוּ בָּא בְּאַרְמְנוֹתֵינוּ לְהַכְרִית עוֹלָל מִחוּץ בַּחוּרִים מֵרְחֹבוֹת ׃	ἀκούσατε δή, γυναῖκες, λόγον θεοῦ, καὶ δεξάσθω τὰ ὦτα ὑμῶν λόγους στόματος αὐτοῦ, καὶ διδάξατε τὰς θυγατέρας ὑμῶν οἶκτον, καὶ γυνὴ τὴν πλησίον αὐτῆς θρῆνον.	audite ergo mulieres verbum Domini et adsumat auris vestra sermonem oris eius et docete filias vestras lamentum et unaquaeque proximam suam planctum	Audite ergo, mulieres, verbum Domini, et assumant aures vestr sermonem oris ejus, et docete filias vestras lamentum, et unaquque proximam suam planctum:		Yet hear the word of the Lord, O ye women, and let your ear receive the word of his mouth, and teach your daughters wailing, and every one her neighbour lamentation.
Jer	9	21	דַּבֵּר כֹּה נְאֻם־יְהוָה וְנָפְלָה נִבְלַת הָאָדָם כְּדֹמֶן עַל־פְּנֵי הַשָּׂדֶה וּכְעָמִיר מֵאַחֲרֵי הַקֹּצֵר וְאֵין מְאַסֵּף ׃ ס	ὅτι ἀνέβη θάνατος διὰ τῶν θυρίδων ὑμῶν, εἰσῆλθεν εἰς τὴν γῆν ὑμῶν τοῦ ἐκτρίψαι νήπια ἔξωθεν καὶ νεανίσκους ἀπὸ τῶν πλατειῶν.	quia ascendit mors per fenestras nostras ingressa est domos nostras disperdere parvulos de foris iuvenes de plateis	quia ascendit mors per fenestras nostras; ingressa est domos nostras, disperdere parvulos deforis, juvenes de plateis.]		For death is come up into our windows, and is entered into our palaces, to cut off the children from without, and the young men from the streets.
Jer	9	22	כֹּה אָמַר יְהוָה אַל־יִתְהַלֵּל חָכָם בְּחָכְמָתוֹ וְאַל־יִתְהַלֵּל הַגִּבּוֹר בִּגְבוּרָתוֹ אַל־יִתְהַלֵּל עָשִׁיר בְּעָשְׁרוֹ ׃	καὶ ἔσονται οἱ νεκροὶ τῶν ἀνθρώπων εἰς παράδειγμα ἐπὶ προσώπου τοῦ πεδίου τῆς γῆς ὑμῶν, ὡς χόρτος ὀπίσω θερίζοντος, καὶ οὐκ ἔσται ὁ συνάγων.	loquere haec dicit Dominus et cadet morticinum hominis quasi stercus super faciem regionis et quasi faenum post tergum metentis et non est qui colligat	Loquere: [Hc dicit Dominus: Et cadet morticinum hominis quasi stercus super faciem regionis, et quasi fnum post tergum metentis, et non est qui colligat.		Speak, Thus saith the Lord, Even the carcases of men shall fall as dung upon the open field, and as the handful after the harvestman, and none shall gather them.
Jer	9	23	כִּי אִם־בְּזֹאת יִתְהַלֵּל הַמִּתְהַלֵּל הַשְׂכֵּל וְיָדֹעַ אוֹתִי כִּי אֲנִי יְהוָה עֹשֶׂה חֶסֶד מִשְׁפָּט וּצְדָקָה בָּאָרֶץ כִּי־בְאֵלֶּה חָפַצְתִּי נְאֻם־יְהוָה ׃ ס	Τάδε λέγει Κύριος Μὴ καυχάσθω ὁ σοφὸς ἐν τῇ σοφίᾳ αὐτοῦ, καὶ μὴ καυχάσθω ὁ ἰσχυρὸς ἐν τῇ ἰσχύι αὐτοῦ, καὶ μὴ καυχάσθω ὁ πλούσιος ἐν τῷ πλούτῳ αὐτοῦ,	haec dicit Dominus non glorietur sapiens in sapientia sua et non glorietur fortis in fortitudine sua et non glorietur dives in divitiis suis	Hc dicit Dominus: Non glorietur sapiens in sapientia sua, et non glorietur fortis in fortitudine sua, et non glorietur dives in divitiis suis:		Thus saith the Lord, Let not the wise man glory in his wisdom, neither let the mighty man glory in his might, let not the rich man glory in his riches:
Jer	9	24	הִנֵּה יָמִים בָּאִים נְאֻם־יְהוָה וּפָקַדְתִּי עַל־כָּל־מוּל בְּעָרְלָה ׃	ἀλλ᾿ ἢ ἐν τούτῳ καυχάσθω ὁ καυχώμενος, συνίειν καὶ γινώσκειν ὅτι ἐγώ εἰμι Κύριος ὁ ποιῶν ἔλεος καὶ κρίμα καὶ δικαιοσύνην ἐπὶ τῆς γῆς, ὅτι ἐν τούτοις τὸ θέλημά μου, λέγει Κύριος.	sed in hoc glorietur qui gloriatur scire et nosse me quia ego sum Dominus qui facio misericordiam et iudicium et iustitiam in terra haec enim placent mihi ait Dominus	sed in hoc glorietur, qui gloriatur, scire et nosse me, quia ego sum Dominus qui facio misericordiam, et judicium, et justitiam in terra: hc enim placent mihi, ait Dominus.		But let him that glorieth glory in this, that he understandeth and knoweth me, that I am the Lord which exercise lovingkindness, judgment, and righteousness, in the earth: for in these things I delight, saith the Lord.
Jer	9	25	עַל־מִצְרַיִם וְעַל־יְהוּדָה וְעַל־אֱדוֹם וְעַל־בְּנֵי עַמּוֹן וְעַל־מוֹאָב וְעַל כָּל־קְצוּצֵי פֵאָה הַיֹּשְׁבִים בַּמִּדְבָּר כִּי כָל־הַגּוֹיִם עֲרֵלִים וְכָל־בֵּית יִשְׂרָאֵל עַרְלֵי־לֵב ׃ ס	ἰδοῦ ἡμέραι ἔρχονται, λέγει Κύριος, καὶ ἐπισκέψομαι ἐπὶ πάντας περιτετμημένους ἀκροβυστίας αὐτῶν,	ecce dies veniunt dicit Dominus et visitabo super omnem qui circumcisum habet praeputium	Ecce dies veniunt, dicit Dominus, et visitabo super omnem qui circumcisum habet prputium,		Behold, the days come, saith the Lord, that I will punish all them which are circumcised with the uncircumcised;
Jer	9	26		ἐπ᾿ Αἴγυπτον καὶ ἐπὶ Ἰδουμαίαν καὶ ἐπὶ Ἐδώμ, καὶ ἐπὶ υἱοὺς Ἀμμὼν καὶ ἐπὶ υἱοὺς Μωάβ, καὶ ἐπὶ πάντα περικειρόμενον τὰ κατὰ πρόσωπον αὐτοῦ, τοὺς κατοικοῦντας ἐν τῇ ἐρήμῳ· ὅτι πάντα τὰ ἔθνη ἀπερίτμητα σαρκί. καὶ πᾶς οἶκος Ἰσραὴλ ἀπερίτμητοι καρδίας αὐτῶν.	super Aegyptum et super Iudam et super Edom et super filios Ammon et super Moab et super omnes qui adtonsi sunt in comam habitantes in deserto quia omnes gentes habent praeputium omnis autem domus Israhel incircumcisi sunt corde	super gyptum, et super Juda, et super Edom, et super filios Ammon, et super Moab; et super omnes qui attonsi sunt in comam, habitantes in deserto: quia omnes gentes habent prputium, omnis autem domus Isral incircumcisi sunt corde.]		Egypt, and Judah, and Edom, and the children of Ammon, and Moab, and all that are in the utmost corners, that dwell in the wilderness: for all these nations are uncircumcised, and all the house of Israel are uncircumcised in the heart.
Jer	10	1	שִׁמְעוּ אֶת־הַדָּבָר אֲשֶׁר דִּבֶּר יְהוָה עֲלֵיכֶם בֵּית יִשְׂרָאֵל ׃	Ἀκούσατε τὸν λόγον Κυρίου ὃν ἐλάλησεν ἐφʼ ὑμᾶς, οἶκος Ἰσραήλ.	audite verbum quod locutus est Dominus super vos domus Israhel	[Audite verbum quod locutus est Dominus super vos, domus Isral.		Hear ye the word which the Lord speaketh unto you, O house of Israel:
Jer	10	2	כֹּה אָמַר יְהוָה אֶל־דֶּרֶךְ הַגּוֹיִם אַל־תִּלְמָדוּ וּמֵאֹתוֹת הַשָּׁמַיִם אַל־תֵּחָתּוּ כִּי־יֵחַתּוּ הַגּוֹיִם מֵהֵמָּה ׃	τάδε λέγει Κύριος Κατὰ τὰς ὁδοὺς τῶν ἐθνῶν μὴ μανθάνετε, καὶ ἀπὸ τῶν σημείων τοῦ οὐρανοῦ μὴ φοβεῖσθε, ὅτι φοβοῦνται αὐτὰ τοῖς προσώποις αὐτῶν.	haec dicit Dominus iuxta vias gentium nolite discere et a signis caeli nolite metuere quae timent gentes	Hc dicit Dominus: Juxta vias gentium nolite discere, et a signis cli nolite metuere, qu timent gentes,		Thus saith the Lord, Learn not the way of the heathen, and be not dismayed at the signs of heaven; for the heathen are dismayed at them.
Jer	10	3	כִּי־חֻקּוֹת הָעַמִּים הֶבֶל הוּא כִּי־עֵץ מִיַּעַר כְּרָתוֹ מַעֲשֵׂה יְדֵי־חָרָשׁ בַּמַּעֲצָד ׃	ὅτι τὰ νόμιμα τῶν ἐθνῶν μάταια· ξύλον ἐστὶν ἐκ τοῦ δρυμοῦ ἐκκεκομμένον, ἔργον τέκτονος καὶ χώνευμα,	quia leges populorum vanae sunt quia lignum de saltu praecidit opus manuum artificis in ascia	quia leges populorum van sunt. Quia lignum de saltu prcidit opus manus artificis in ascia:		For the customs of the people are vain: for one cutteth a tree out of the forest, the work of the hands of the workman, with the axe.
Jer	10	4	בְּכֶסֶף וּבְזָהָב יְיַפֵּהוּ בְּמַסְמְרוֹת וּבְמַקָּבוֹת יְחַזְּקוּם וְלוֹא יָפִיק ׃	ἀργυρίῳ καὶ χρυσίῳ κεκαλλωπισμένα· ἐν σφύραις καὶ ἥλοις ἐστερέωσαν αὐτά· θήσουσιν αὐτὰ καὶ οὐ κινηθήσονται·	argento et auro decoravit illud clavis et malleis conpegit ut non dissolvatur	argento et auro decoravit illud: clavis et malleis compegit, ut non dissolvatur:		They deck it with silver and with gold; they fasten it with nails and with hammers, that it move not.
Jer	10	5	כְּתֹמֶר מִקְשָׁה הֵמָּה וְלֹא יְדַבֵּרוּ נָשׂוֹא יִנָּשׂוּא כִּי לֹא יִצְעָדוּ אַל־תִּירְאוּ מֵהֶם כִּי־לֹא יָרֵעוּ וְגַם־הֵיטֵיב אֵין אוֹתָם ׃ ס		in similitudinem palmae fabricata sunt et non loquentur portata tollentur quia incedere non valent nolite ergo timere ea quia nec male possunt facere nec bene	in similitudinem palm fabricata sunt, et non loquentur: portata tollentur, quia incedere non valent. Nolite ergo timere ea, quia nec male possunt facere, nec bene.		They are upright as the palm tree, but speak not: they must needs be borne, because they cannot go. Be not afraid of them; for they cannot do evil, neither also is it in them to do good.
Jer	10	6	מֵאֵין כָּמוֹךָ יְהוָה גָּדוֹל אַתָּה וְגָדוֹל שִׁמְךָ בִּגְבוּרָה ׃		non est similis tui Domine magnus tu et magnum nomen tuum in fortitudine	Non est similis tui, Domine: magnus es tu, et magnum nomen tuum in fortitudine.		Forasmuch as there is none like unto thee, O Lord; thou art great, and thy name is great in might.
Jer	10	7	מִי לֹא יִרָאֲךָ מֶלֶךְ הַגּוֹיִם כִּי לְךָ יָאָתָה כִּי בְכָל־חַכְמֵי הַגּוֹיִם וּבְכָל־מַלְכוּתָם מֵאֵין כָּמוֹךָ ׃		quis non timebit te o rex gentium tuum est enim decus inter cunctos sapientes gentium et in universis regnis eorum nullus est similis tui	Quis non timebit te, o Rex gentium? tuum est enim decus: inter cunctos sapientes gentium, et in universis regnis eorum, nullus est similis tui.		Who would not fear thee, O King of nations? for to thee doth it appertain: forasmuch as among all the wise men of the nations, and in all their kingdoms, there is none like unto thee.
Jer	10	8	וּבְאַחַת יִבְעֲרוּ וְיִכְסָלוּ מוּסַר הֲבָלִים עֵץ הוּא ׃		pariter insipientes et fatui probabuntur doctrina vanitatis eorum lignum est	Pariter insipientes et fatui probabuntur: doctrina vanitatis eorum lignum est.		But they are altogether brutish and foolish: the stock is a doctrine of vanities.
Jer	10	9	כֶּסֶף מְרֻקָּע מִתַּרְשִׁישׁ יוּבָא וְזָהָב מֵאוּפָז מַעֲשֵׂה חָרָשׁ וִידֵי צוֹרֵף תְּכֵלֶת וְאַרְגָּמָן לְבוּשָׁם מַעֲשֵׂה חֲכָמִים כֻּלָּם ׃	ἀργύριον προσβλητὸν ἀπὸ Θαρσεὶς ἥξει, χρυσίον Μωφάζ, καὶ χεὶρ χρυσοχόων, ἔργα τεχνιτῶν πάντα· ὑάκινθον καὶ πορφύραν ἐνδύσουσιν αὐτά·	argentum involutum de Tharsis adfertur et aurum de Ofaz opus artificis et manus aerarii hyacinthus et purpura indumentum eorum opus artificum universa haec	Argentum involutum de Tharsis affertur, et aurum de Ophaz: opus artificis et manus rarii. Hyacinthus et purpura indumentum eorum: opus artificum universa hc.		Silver spread into plates is brought from Tarshish, and gold from Uphaz, the work of the workman, and of the hands of the founder: blue and purple is their clothing: they are all the work of cunning men.
Jer	10	10	וַיהוָה אֱלֹהִים אֱמֶת הוּא־אֱלֹהִים חַיִּים וּמֶלֶךְ עוֹלָם מִקִּצְפּוֹ תִּרְעַשׁ הָאָרֶץ וְלֹא־יָכִלוּ גוֹיִם זַעְמוֹ ׃ ס		Dominus autem Deus verus est ipse Deus vivens et rex sempiternus ab indignatione eius commovebitur terra et non sustinebunt gentes comminationem eius	Dominus autem Deus verus est, ipse Deus vivens, et rex sempiternus. Ab indignatione ejus commovebitur terra, et non sustinebunt gentes comminationem ejus.		But the Lord is the true God, he is the living God, and an everlasting king: at his wrath the earth shall tremble, and the nations shall not be able to abide his indignation.
Jer	10	11	כִּדְנָה תֵּאמְרוּן לְהוֹם אֱלָהַיָּא דִּי־שְׁמַיָּא וְאַרְקָא לָא עֲבַדוּ יֵאבַדוּ מֵאַרְעָא וּמִן־תְּחוֹת שְׁמַיָּא אֵלֶּה ׃ ס	Οὕτως ἐρεῖτε αὐτοῖς Θεοὶ οἳ τὸν οὐρανὸν καὶ τὴν γῆν οὐκ ἐποίησαν ἀπολέσθωσαν ἀπὸ τῆς γῆς καὶ ὑποκάτωθεν τοῦ οὐρανοῦ τούτου.	sic ergo dicetis eis dii qui caelos et terram non fecerunt pereant de terra et de his quae sub caelis sunt	Sic ergo dicetis eis: Dii qui clos et terram non fecerunt, pereant de terra et de his qu sub clo sunt!		Thus shall ye say unto them, The gods that have not made the heavens and the earth, even they shall perish from the earth, and from under these heavens.
Jer	10	12	עֹשֵׂה אֶרֶץ בְּכֹחוֹ מֵכִין תֵּבֵל בְּחָכְמָתוֹ וּבִתְבוּנָתוֹ נָטָה שָׁמָיִם ׃	Κύριος ὁ ποιήσας τὴν γῆν ἐν τῇ ἰσχύι αὐτοῦ, ὁ ἀνορθώσας τὴν οἰκουμένην ἐν τῇ σοφίᾳ αὐτοῦ, καὶ τῇ φρονήσει αὺτοῦ ἐξέτεινεν τὸν οὐρανὸν	qui facit terram in fortitudine sua praeparat orbem in sapientia sua et prudentia sua extendit caelos	Qui facit terram in fortitudine sua, prparat orbem in sapientia sua, et prudentia sua extendit clos:		He hath made the earth by his power, he hath established the world by his wisdom, and hath stretched out the heavens by his discretion.
Jer	10	13	לְקוֹל תִּתּוֹ הֲמוֹן מַיִם בַּשָּׁמַיִם וַיַּעֲלֶה נְשִׂאִים מִקְצֵה אֶרֶץ בְּרָקִים לַמָּטָר עָשָׂה וַיּוֹצֵא רוּחַ מֵאֹצְרֹתָיו ׃	καὶ πλῆθος ὕδατος ἐν οὐρανῷ, καὶ ἀνήγαγεν νεφέλας ἐξ ἐσχάτου τῆς γῆς· ἀστραπὰς εἰς ὑετὸν ἐποίησεν, καὶ ἐξήγαγεν φῶς ἐκ θησαυρῶν αὐτοῦ.	ad vocem suam dat multitudinem aquarum in caelo et elevat nebulas ab extremitatibus terrae fulgura in pluviam facit et educit ventum de thesauris suis	ad vocem suam dat multitudinem aquarum in clo, et elevat nebulas ab extremitatibus terr: fulgura in pluviam facit, et educit ventum de thesauris suis.		When he uttereth his voice, there is a multitude of waters in the heavens, and he causeth the vapours to ascend from the ends of the earth; he maketh lightnings with rain, and bringeth forth the wind out of his treasures.
Jer	10	14	נִבְעַר כָּל־אָדָם מִדַּעַת הֹבִישׁ כָּל־צוֹרֵף מִפָּסֶל כִּי שֶׁקֶר נִסְכּוֹ וְלֹא־רוּחַ בָּם ׃	ἐμωράνθη πᾶς ἄνθρωπος ἀπὸ γνώσεως, κατῃσχύνθη πᾶς χρυσοχόος ἐπὶ τοῖς γλυπτοῖς αὐτοῦ, ὅτι ψευδῆ ἐχώνευσεν, οὐκ ἔστιν πνεῦμα ἐν αὐτοῖς.	stultus factus est omnis homo ab scientia confusus est omnis artifex in sculptili quoniam falsum est quod conflavit et non est spiritus in eis	Stultus factus est omnis homo a scientia: confusus est artifex omnis in sculptili, quoniam falsum est quod conflavit, et non est spiritus in eis.		Every man is brutish in his knowledge: every founder is confounded by the graven image: for his molten image is falsehood, and there is no breath in them.
Jer	10	15	הֶבֶל הֵמָּה מַעֲשֵׂה תַּעְתֻּעִים בְּעֵת פְּקֻדָּתָם יֹאבֵדוּ ׃	μάταιά ἐστιν ἔργα ἐνπεπαιγμένα, ἐν καιρῷ ἐπισκοπῆς αὐτῶν ἀπολοῦνται.	vana sunt et opus risu dignum in tempore visitationis suae peribunt	Vana sunt, et opus risu dignum: in tempore visitationis su peribunt.		They are vanity, and the work of errors: in the time of their visitation they shall perish.
Jer	10	16	לֹא־כְאֵלֶּה חֵלֶק יַעֲקֹב כִּי־יוֹצֵר הַכֹּל הוּא וְיִשְׂרָאֵל שֵׁבֶט נַחֲלָתוֹ יְהוָה צְבָאוֹת שְׁמוֹ ׃ ס	οὐκ ἔστιν τοιαύτη μερὶς τῷ Ἰακώβ, ὅτι ὁ πλάσας τὰ πάντα αὐτὸς κληρονομία αὐτοῦ, Κύριος ὄνομα αὐτῷ.	non est his similis pars Iacob qui enim formavit omnia ipse est et Israhel virga hereditatis eius Dominus exercituum nomen illi	Non est his similis pars Jacob: qui enim formavit omnia, ipse est, et Isral virga hreditatis ejus: Dominus exercituum nomen illi.		The portion of Jacob is not like them: for he is the former of all things; and Israel is the rod of his inheritance: The Lord of hosts is his name.
Jer	10	17	אִסְפִּי מֵאֶרֶץ כִּנְעָתֵךְ יֹשַׁבְתִּי בַּמָּצוֹר ׃ ס	Συνήγαγεν ἔξωθεν τὴν ὑπόστασίν σου, κατοικοῦσα ἐν ἐκλεκτοῖς.	congrega de terra confusionem tuam quae habitas in obsidione	Congrega de terra confusionem tuam, qu habitas in obsidione:		Gather up thy wares out of the land, O inhabitant of the fortress.
Jer	10	18	כִּי־כֹה אָמַר יְהוָה הִנְנִי קוֹלֵעַ אֶת־יוֹשְׁבֵי הָאָרֶץ בַּפַּעַם הַזֹּאת וַהֲצֵרוֹתִי לָהֶם לְמַעַן יִמְצָאוּ ׃ ס	ὅτι τάδε λέγει Κύριος Ἰδοὺ ἐγὼ σκελίζω τοὺς κατοικοῦντας τὴν γῆν ταύτην ἐν θλίψει ὅπως εὑρεθῇ ἡ πληγή σου.	quia haec dicit Dominus ecce ego longe proiciam habitatores terrae in hac vice et tribulabo eos ita ut inveniantur	quia hc dicit Dominus: Ecce ego longe projiciam habitatores terr in hac vice, et tribulabo eos ita ut inveniantur.		For thus saith the Lord, Behold, I will sling out the inhabitants of the land at this once, and will distress them, that they may find it so.
Jer	10	19	אוֹי לִי עַל־שִׁבְרִי נַחְלָה מַכָּתִי וַאֲנִי אָמַרְתִּי אַךְ זֶה חֳלִי וְאֶשָּׂאֶנּוּ ׃	οὐαὶ ἐπὶ συντρίμματί σου, ἀλγηρὰ ἡ πληγὴ σου. κἀγὼ εἶπα Ὄντως τοῦτο τὸ τραῦμά σου, καὶ κατέλαβέν σε.	vae mihi super contritione mea pessima plaga mea ego autem dixi plane haec infirmitas mea est et portabo illam	V mihi super contritione mea: pessima plaga mea. Ego autem dixi: Plane hc infirmitas mea est, et portabo illam.		Woe is me for my hurt! my wound is grievous; but I said, Truly this is a grief, and I must bear it.
Jer	10	20	אָהֳלִי שֻׁדָּד וְכָל־מֵיתָרַי נִתָּקוּ בָּנַי יְצָאֻנִי וְאֵינָם אֵין־נֹטֶה עוֹד אָהֳלִי וּמֵקִים יְרִיעוֹתָי ׃	ἡ σκηνή σου ἐταλαιπώρησεν, ὤλετο, καὶ πᾶσαι αἱ δέρρεις σου διεσπάσθησαν· οἱ υἱοί μου καὶ τὰ πρόβατά μου οὐκ εἰσίν, οὐκ ἔστιν ἔτι τόπος τῆς σκηνῆς μου, τόπος τῶν δέρρεών μου.	tabernaculum meum vastatum est omnes funiculi mei disrupti sunt filii mei exierunt a me et non subsistunt non est qui extendat ultra tentorium meum et erigat pelles meas	Tabernaculum meum vastatum est; omnes funiculi mei dirupti sunt: filii mei exierunt a me, et non subsistunt. Non est qui extendat ultra tentorium meum, et erigat pelles meas.		My tabernacle is spoiled, and all my cords are broken: my children are gone forth of me, and they are not: there is none to stretch forth my tent any more, and to set up my curtains.
Jer	10	21	כִּי נִבְעֲרוּ הָרֹעִים וְאֶת־יְהוָה לֹא דָרָשׁוּ עַל־כֵּן לֹא הִשְׂכִּילוּ וְכָל־מַרְעִיתָם נָפוֹצָה ׃ ס	ὅτι οἱ ποιμένες ἠφρονεύσαντο, καὶ τὸν κύριον οὐκ ἐζήτησαν· διὰ τοῦτο οὐκ ἐνόησεν πᾶσα ἡ νομή, καὶ διεσκορπίσθησαν.	quia stulte egerunt pastores et Dominum non quaesierunt propterea non intellexerunt et omnis grex eorum dispersus est	Quia stulte egerunt pastores, et Dominum non qusierunt: propterea non intellexerunt, et omnis grex eorum dispersus est.		For the pastors are become brutish, and have not sought the Lord: therefore they shall not prosper, and all their flocks shall be scattered.
Jer	10	22	קוֹל שְׁמוּעָה הִנֵּה בָאָה וְרַעַשׁ גָּדוֹל מֵאֶרֶץ צָפוֹן לָשׂוּם אֶת־עָרֵי יְהוּדָה שְׁמָמָה מְעוֹן תַּנִּים ׃ ס	φωνὴ ἀκοῆς ἰδοὺ ἔρχεται καὶ σεισμὸς μέγας ἐκ γῆς βορρᾶ τοῦ τάξαι τὰς πόλεις Ἰούδα εἰς ἀφανισμὸν καὶ κοίτην στρουθῶν.	vox auditionis ecce venit et commotio magna de terra aquilonis ut ponat civitates Iuda solitudinem et habitaculum draconum	Vox auditionis ecce venit, et commotio magna de terra aquilonis: ut ponat civitates Juda solitudinem, et habitaculum draconum.		Behold, the noise of the bruit is come, and a great commotion out of the north country, to make the cities of Judah desolate, and a den of dragons.
Jer	10	23	יָדַעְתִּי יְהוָה כִּי לֹא לָאָדָם דַּרְכּוֹ לֹא־לְאִישׁ הֹלֵךְ וְהָכִין אֶת־צַעֲדוֹ ׃	οἶδα, Κύριε, ὅτι οὐχὶ τοῦ ἀνθρώπου ἡ ὁδὸς αὐτοῦ, οὐδὲ ἀνὴρ πορεύσεται καὶ κατορθώσει πορείαν αὐτοῦ.	scio Domine quia non est hominis via eius nec viri est ut ambulet et dirigat gressus suos	Scio, Domine, quia non est hominis via ejus, nec viri est ut ambulet, et dirigat gressus suos.		O Lord, I know that the way of man is not in himself: it is not in man that walketh to direct his steps.
Jer	10	24	יַסְּרֵנִי יְהוָה אַךְ־בְּמִשְׁפָּט אַל־בְּאַפְּךָ פֶּן־תַּמְעִטֵנִי ׃	παίδευσον ἡμᾶς, Κύριε, πλὴν ἐν κρίσει καὶ μὴ ἐν θυμῷ, ἵνα μὴ ὀλίγους ἡμᾶς ποιήσῃς.	corripe me Domine verumtamen in iudicio et non in furore tuo ne forte ad nihilum redigas me	Corripe me, Domine, verumtamen in judicio, et non in furore tuo, ne forte ad nihilum redigas me.		O Lord, correct me, but with judgment; not in thine anger, lest thou bring me to nothing.
Jer	10	25	שְׁפֹךְ חֲמָתְךָ עַל־הַגּוֹיִם אֲשֶׁר לֹא־יְדָעוּךָ וְעַל מִשְׁפָּחוֹת אֲשֶׁר בְּשִׁמְךָ לֹא קָרָאוּ כִּי־אָכְלוּ אֶת־יַעֲקֹב וַאֲכָלֻהוּ וַיְכַלֻּהוּ וְאֶת־נָוֵהוּ הֵשַׁמּוּ ׃ פ	ἔκχεον τὸν θυμόν σου ἐπὶ ἔθνη τὰ μὴ εἰδότα σε καὶ ἐπὶ γενεὰς αἱ τὸ ὄνομά σου οὺκ ἐκεκαλέσαντο. ὅτι κατέφαγον τὸν Ἰακὼβ καὶ ἐξανήλωσαν αὐτόν, καὶ τὴν νομὴν αὐτοῦ ἠρήμωσαν.	effunde indignationem tuam super gentes quae non cognoverunt te et super provincias quae nomen tuum non invocaverunt quia comederunt Iacob et devoraverunt eum et consumpserunt illum et decus eius dissipaverunt	Effunde indignationem tuam super gentes qu non cognoverunt te, et super provincias qu nomen tuum non invocaverunt: quia comederunt Jacob, et devoraverunt eum, et consumpserunt illum, et decus ejus dissipaverunt.]		Pour out thy fury upon the heathen that know thee not, and upon the families that call not on thy name: for they have eaten up Jacob, and devoured him, and consumed him, and have made his habitation desolate.
Jer	11	1	הַדָּבָר אֲשֶׁר הָיָה אֶל־יִרְמְיָהוּ מֵאֵת יְהוָה לֵאמֹר ׃	Ὁ λόγος ὁ γενόμενος παρὰ Κυρίου πρὸς Ἰερεμίαν λέγων	verbum quod factum est ad Hieremiam a Domino dicens	Verbum quod factum est a Domino ad Jeremiam, dicens:		The word that came to Jeremiah from the Lord saying,
Jer	11	2	שִׁמְעוּ אֶת־דִּבְרֵי הַבְּרִית הַזֹּאת וְדִבַּרְתָּם אֶל־אִישׁ יְהוּדָה וְעַל־יֹשְׁבֵי יְרוּשָׁלִָם ׃	Ἀκούσατε τοὺς λόγους τῆς διαθήκης ταύτης, καὶ λαλήσεις πρὸς ἄνδρας Ἰούδα καὶ πρὸς τοὺς κατοικοῦντας ἐν Ἰερουσαλήμ·	audite verba pacti huius et loquimini ad viros Iuda et habitatores Hierusalem	[Audite verba pacti hujus, et loquimini ad viros Juda, et ad habitatores Jerusalem,		Hear ye the words of this covenant, and speak unto the men of Judah, and to the inhabitants of Jerusalem;
Jer	11	3	וְאָמַרְתָּ אֲלֵיהֶם כֹּה־אָמַר יְהוָה אֱלֹהֵי יִשְׂרָאֵל אָרוּר הָאִישׁ אֲשֶׁר לֹא יִשְׁמַע אֶת־דִּבְרֵי הַבְּרִית הַזֹּאת ׃	καὶ ἐρεῖς πρὸς αὐτούς Τάδε λέγει Κύριος ὁ θεὸς Ἰσραήλ Ἐπικατάρατος ὁ ἄνθρωπος ὃς οὐκ ἀκούσεται τῶν λόγων τῆς διαθήκης ταύτης,	et dices ad eos haec dicit Dominus Deus Israhel maledictus vir qui non audierit verba pacti huius	et dices ad eos: Hc dicit Dominus Deus Isral: Maledictus vir qui non audierit verba pacti hujus		And say thou unto them, Thus saith the Lord God of Israel; Cursed be the man that obeyeth not the words of this covenant,
Jer	11	4	אֲשֶׁר צִוִּיתִי אֶת־אֲבוֹתֵיכֶם בְּיוֹם הוֹצִיאִי־אוֹתָם מֵאֶרֶץ־מִצְרַיִם מִכּוּר הַבַּרְזֶל לֵאמֹר שִׁמְעוּ בְקוֹלִי וַעֲשִׂיתֶם אוֹתָם כְּכֹל אֲשֶׁר־אֲצַוֶּה אֶתְכֶם וִהְיִיתֶם לִי לְעָם וְאָנֹכִי אֶהְיֶה לָכֶם לֵאלֹהִים ׃	ἧς ἐνετειλάμην τοῖς πατράσιν ὑμῶν ἐν ἡμέρᾳ ᾗ ἀνήγαγον αὐτοὺς ἐκ γῆς Αἰγύπτου, ἐκ καμίνου τῆς σιδηρᾶς, λέγων Ἀκούσατε τῆς φωνῆς μου καὶ ποιήσατε πάντα ὅσα ἐὰν ἐντείλωμαι ὑμῖν, καὶ ἔσεσθέ μοι εἰς λαὸν καὶ ἐγὼ ἔσομαι ὑμῖν εἰς θεόν,	quod praecepi patribus vestris in die qua eduxi eos de terra Aegypti de fornace ferrea dicens audite vocem meam et facite omnia quae praecipio vobis et eritis mihi in populum et ego ero vobis in Deum	quod prcepi patribus vestris, in die qua eduxi eos de terra gypti, de fornace ferrea, dicens: Audite vocem meam, et facite omnia qu prcipio vobis, et eritis mihi in populum, et ego ero vobis in Deum:		Which I commanded your fathers in the day that I brought them forth out of the land of Egypt, from the iron furnace, saying, Obey my voice, and do them, according to all which I command you: so shall ye be my people, and I will be your God:
Jer	11	5	לְמַעַן הָקִים אֶת־הַשְּׁבוּעָה אֲשֶׁר־נִשְׁבַּעְתִּי לַאֲבוֹתֵיכֶם לָתֵת לָהֶם אֶרֶץ זָבַת חָלָב וּדְבַשׁ כַּיּוֹם הַזֶּה וָאַעַן וָאֹמַר אָמֵן יְהוָה ׃ ס	ὅπως στήσω τὸν ὅρκον μου ὃν ὤμοσα τοῖς πατρέσιν ὑμῶν, τοῦ δοῦναι αὐτοῖς γῆς ῥέουσαν γάλα καὶ μέλι καθὼς ἡ ἡμέρα αὕτη. καὶ ἀπεκρίθην καὶ εἶπα Γένοιτο, Κύριε.	ut suscitem iuramentum quod iuravi patribus vestris daturum me eis terram fluentem lacte et melle sicut est dies haec et respondi et dixi amen Domine	ut suscitem juramentum quod juravi patribus vestris, daturum me eis terram fluentem lacte et melle, sicut est dies hc.] Et respondi, et dixi: Amen, Domine.		That I may perform the oath which I have sworn unto your fathers, to give them a land flowing with milk and honey, as it is this day. Then answered I, and said, So be it, O Lord.
Jer	11	6	וַיֹּאמֶר יְהוָה אֵלַי קְרָא אֶת־כָּל־הַדְּבָרִים הָאֵלֶּה בְּעָרֵי יְהוּדָה וּבְחֻצוֹת יְרוּשָׁלַםִ לֵאמֹר שִׁמְעוּ אֶת־דִּבְרֵי הַבְּרִית הַזֹּאת וַעֲשִׂיתֶם אוֹתָם ׃	καὶ εἶπεν Κύριος πρὸς μέ Ἀνάγνωθι τοὺς λόγους τούτους ἐν πολεσιν Ἰούδα καὶ ἔξωθεν Ἰερουσαλὴμ λέγων Ἀκούσατε τοὺς λόγους τῆς διαθήκης ταύτης καὶ ποιήσατε αὺτούς.	et dixit Dominus ad me vociferare omnia verba haec in civitatibus Iuda et foris Hierusalem dicens audite verba pacti huius et facite illa	Et dixit Dominus ad me: [Vociferare omnia verba hc in civitatibus Juda, et foris Jerusalem, dicens: Audite verba pacti hujus, et facite illa,		Then the Lord said unto me, Proclaim all these words in the cities of Judah, and in the streets of Jerusalem, saying, Hear ye the words of this covenant, and do them.
Jer	11	7	כִּי הָעֵד הַעִדֹתִי בַּאֲבוֹתֵיכֶם בְּיוֹם הַעֲלוֹתִי אוֹתָם מֵאֶרֶץ מִצְרַיִם וְעַד־הַיּוֹם הַזֶּה הַשְׁכֵּם וְהָעֵד לֵאמֹר שִׁמְעוּ בְּקוֹלִי ׃		quia contestans contestatus sum patres vestros in die qua eduxi eos de terra Aegypti usque ad diem hanc mane surgens contestatus sum et dixi audite vocem meam	quia contestans contestatus sum patres vestros, in die qua eduxi eos de terra gypti, usque ad diem hanc: mane consurgens contestatus sum, et dixi: Audite vocem meam.		For I earnestly protested unto your fathers in the day that I brought them up out of the land of Egypt, even unto this day, rising early and protesting, saying, Obey my voice.
Jer	11	8	וְלֹא שָׁמְעוּ וְלֹא־הִטּוּ אֶת־אָזְנָם וַיֵּלְכוּ אִישׁ בִּשְׁרִירוּת לִבָּם הָרָע וָאָבִיא עֲלֵיהֶם אֶת־כָּל־דִּבְרֵי הַבְּרִית־הַזֹּאת אֲשֶׁר־צִוִּיתִי לַעֲשׂוֹת וְלֹא עָשׂוּ ׃ ס	καὶ οὐκ ἐποίησαν.	et non audierunt nec inclinaverunt aurem suam sed abierunt unusquisque in pravitate cordis sui mali et induxi super eos omnia verba pacti huius quod praecepi ut facerent et non fecerunt	Et non audierunt, nec inclinaverunt aurem suam, sed abierunt, unusquisque in pravitate cordis sui mali: et induxi super eos omnia verba pacti hujus quod prcepi ut facerent, et non fecerunt.]		Yet they obeyed not, nor inclined their ear, but walked every one in the imagination of their evil heart: therefore I will bring upon them all the words of this covenant, which I commanded them to do: but they did them not.
Jer	11	9	וַיֹּאמֶר יְהוָה אֵלָי נִמְצָא־קֶשֶׁר בְּאִישׁ יְהוּדָה וּבְיֹשְׁבֵי יְרוּשָׁלִָם ׃	Καὶ εἶπεν Κύριος πρὸς μέ Εὑρέθη σύνδεσμος ἐν ἀνδράσιν Ἰούδα καὶ ἐν τοῖς κατοικοῦσιν ἐν Ἰερουσαλήμ·	et dixit Dominus ad me inventa est coniuratio in viris Iuda et in habitatoribus Hierusalem	Et dixit Dominus ad me: [Inventa est conjuratio in viris Juda et in habitatoribus Jerusalem.		And the Lord said unto me, A conspiracy is found among the men of Judah, and among the inhabitants of Jerusalem.
Jer	11	10	שָׁבוּ עַל־עֲוֹנֹת אֲבוֹתָם הָרִאשֹׁנִים אֲשֶׁר מֵאֲנוּ לִשְׁמוֹעַ אֶת־דְּבָרַי וְהֵמָּה הָלְכוּ אַחֲרֵי אֱלֹהִים אֲחֵרִים לְעָבְדָם הֵפֵרוּ בֵית־יִשְׂרָאֵל וּבֵית יְהוּדָה אֶת־בְּרִיתִי אֲשֶׁר כָּרַתִּי אֶת־אֲבוֹתָם ׃ ס	ἐπεστράφησαν ἐπὶ τὰς ὰδικίας τῶν πατέρων αὐτῶν τῶν πρότερον, οἳ οὐκ ἠθέλησαν εἰσακοῦσαι τῶν λόγων μου, καὶ ἰδοὺ αὐτοὶ πορεύονται ὀπίσω θεῶν ἀλλοτρίων τοῦ δουλεύειν αὐτοῖς, καὶ διεσκέδανσαν αἶκος Ἰούδα τὴν διαθήκην μου ἣν διεθέμην πρὸς τοὺς πατέρας αὐτῶν.	reversi sunt ad iniquitates patrum suorum priores qui noluerunt audire verba mea et hii ergo abierunt post deos alienos ut servirent eis irritum fecerunt domus Israhel et domus Iuda pactum meum quod pepigi cum patribus eorum	Reversi sunt ad iniquitates patrum suorum priores, qui noluerunt audire verba mea: et hi ergo abierunt post deos alienos, ut servirent eis: irritum fecerunt domus Isral et domus Juda pactum meum, quod pepigi cum patribus eorum.		They are turned back to the iniquities of their forefathers, which refused to hear my words; and they went after other gods to serve them: the house of Israel and the house of Judah have broken my covenant which I made with their fathers.
Jer	11	11	לָכֵן כֹּה אָמַר יְהוָה הִנְנִי מֵבִיא אֲלֵיהֶם רָעָה אֲשֶׁר לֹא־יוּכְלוּ לָצֵאת מִמֶּנָּה וְזָעֲקוּ אֵלַי וְלֹא אֶשְׁמַע אֲלֵיהֶם ׃	διὰ τοῦτο τάδε λέγει Κύριος Ἰδοὺ ἐγὼ ἐπάγω ἐπὶ τὸν λαὸν τοῦτον κακὰ ἐξ ὧν οὐ δυνήσονται ἐξελθεῖν ἐξ αὐτῶν, καὶ κεκράξονται πρὸς μὲ καὶ οὐκ εἰσακούσομαι αὐτῶν.	quam ob rem haec dicit Dominus ecce ego inducam super eos mala de quibus exire non poterunt et clamabunt ad me et non exaudiam eos	Quam ob rem hc dicit Dominus: Ecce ego inducam super eos mala de quibus exire non poterunt: et clamabunt ad me, et non exaudiam eos.		Therefore thus saith the Lord, Behold, I will bring evil upon them, which they shall not be able to escape; and though they shall cry unto me, I will not hearken unto them.
Jer	11	12	וְהָלְכוּ עָרֵי יְהוּדָה וְיֹשְׁבֵי יְרוּשָׁלַםִ וְזָעֲקוּ אֶל־הָאֱלֹהִים אֲשֶׁר הֵם מְקַטְּרִים לָהֶם וְהוֹשֵׁעַ לֹא־יוֹשִׁיעוּ לָהֶם בְּעֵת רָעָתָם ׃	καὶ πορεύσονται πόλεις Ἰούδα καὶ οἱ κατοικοῦντες Ἰερουσαλὴμ καὶ κεκράξονται πρὸς τοὺς θεοὺς οἷς αὐτοὶ θυμιῶσιν αὐτοῖς, μὴ σώσουσιν αὐτοὺς ἐν τῷ καιρῷ τῶν κακῶν αὐτῶν.	et ibunt civitates Iuda et habitatores Hierusalem et clamabunt ad deos quibus libant et non salvabunt eos in tempore adflictionis eorum	Et ibunt civitates Juda et habitatores Jerusalem, et clamabunt ad deos quibus libant, et non salvabunt eos in tempore afflictionis eorum.		Then shall the cities of Judah and inhabitants of Jerusalem go, and cry unto the gods unto whom they offer incense: but they shall not save them at all in the time of their trouble.
Jer	11	13	כִּי מִסְפַּר עָרֶיךָ הָיוּ אֱלֹהֶיךָ יְהוּדָה וּמִסְפַּר חֻצוֹת יְרוּשָׁלַםִ שַׂמְתֶּם מִזְבְּחוֹת לַבֹּשֶׁת מִזְבְּחוֹת לְקַטֵּר לַבָּעַל ׃ ס	ὅτι κατʼ ἀριθμὸν τῶν πόλεών σου ἦσαν θεοί σου, Ἰούδα, καὶ κατʼ ἀριθμὸν ἐξόδων τῆς Ἰερουσαλὴμ ἐτάξατε βωμοὺς θυμιῶν τῇ Βάαλ.	secundum numerum enim civitatum tuarum erant dii tui Iuda et secundum numerum viarum Hierusalem posuistis aras confusionis aras ad libandum Baali	Secundum numerum enim civitatum tuarum erant dii tui, Juda: et secundum numerum viarum Jerusalem, posuisti aras confusionis, aras ad libandum Baalim.		For according to the number of thy cities were thy gods, O Judah; and according to the number of the streets of Jerusalem have ye set up altars to that shameful thing, even altars to burn incense unto Baal.
Jer	11	14	וְאַתָּה אַל־תִּתְפַּלֵּל בְּעַד־הָעָם הַזֶּה וְאַל־תִּשָּׂא בַעֲדָם רִנָּה וּתְפִלָּה כִּי אֵינֶנִּי שֹׁמֵעַ בְּעֵת קָרְאָם אֵלַי בְּעַד רָעָתָם ׃ ס	καὶ σὺ μὴ προσεύχου περὶ τοῦ λαοῦ τούτου, καὶ μὴ ἀξίου περὶ αὐτῶν ἐν δεήσει καὶ προσευχῇ, ὅτι οὐκ εἰσακούσομαι ἐν τῷ καιρῷ ἐν ᾧ ἐπικαλοῦνταί με, ἐν καιρῷ κακώσεως αὐτῶν.	tu ergo noli orare pro populo hoc et ne adsumas pro eis laudem et orationem quia non exaudiam in tempore clamoris eorum ad me in tempore adflictionis eorum	Tu ergo noli orare pro populo hoc, et ne assumas pro eis laudem et orationem, quia non exaudiam in tempore clamoris eorum ad me, in tempore afflictionis eorum.		Therefore pray not thou for this people, neither lift up a cry or prayer for them: for I will not hear them in the time that they cry unto me for their trouble.
Jer	11	15	מֶה לִידִידִי בְּבֵיתִי עֲשׂוֹתָהּ הַמְזִמָּתָה הָרַבִּים וּבְשַׂר־קֹדֶשׁ יַעַבְרוּ מֵעָלָיִךְ כִּי רָעָתֵכִי אָז תַּעֲלֹזִי ׃	τί ἡ ἠγαπημένη ἐν τῷ οἴκῳ μου ἐποίησεν βδέλυγμα ; μὴ εὐχαὶ καὶ κρέα ἅγια ἀφελοῦσιν ἀπὸ σοῦ τὰς κακίας σου, ἢ τούτοις διαφεύξῃ;	quid est quod dilectus meus in domo mea fecit scelera multa numquid carnes sanctae auferent a te malitias tuas in quibus gloriata es	Quid est, quod dilectus meus in domo mea fecit scelera multa? Numquid carnes sanct auferent a te malitias tuas, in quibus gloriata es?		What hath my beloved to do in mine house, seeing she hath wrought lewdness with many, and the holy flesh is passed from thee? when thou doest evil, then thou rejoicest.
Jer	11	16	זַיִת רַעֲנָן יְפֵה פְרִי־תֹאַר קָרָא יְהוָה שְׁמֵךְ לְקוֹל הֲמוּלָּה גְדֹלָה הִצִּית אֵשׁ עָלֶיהָ וְרָעוּ דָּלִיּוֹתָיו ׃	ἐλαίαν ὡραίαν εὔσκιον τῷ εἴδει ἐκάλεσεν Κύριος τὸ ὄνομά σου· εἰς φωνὴν περιτομῆς αὐτῆς ἀνήφθη πῦρ ἐπʼ αὐτήν, μεγάλη ἡ θλίψις ἐπὶ σέ. ἠχρεώθησαν οἱ κλάδοι αὐτῆς,	olivam uberem pulchram fructiferam speciosam vocavit Dominus nomen tuum ad vocem loquellae grandis exarsit ignis in ea et conbusta sunt frutecta eius	Olivam uberem, pulchram, fructiferam, speciosam, vocavit Dominus nomen tuum: ad vocem loquel, grandis exarsit ignis in ea, et combusta sunt fruteta ejus.		The Lord called thy name, A green olive tree, fair, and of goodly fruit: with the noise of a great tumult he hath kindled fire upon it, and the branches of it are broken.
Jer	11	17	וַיהוָה צְבָאוֹת הַנּוֹטֵעַ אוֹתָךְ דִּבֶּר עָלַיִךְ רָעָה בִּגְלַל רָעַת בֵּית־יִשְׂרָאֵל וּבֵית יְהוּדָה אֲשֶׁר עָשׂוּ לָהֶם לְהַכְעִסֵנִי לְקַטֵּר לַבָּעַל ׃ ס	καὶ Κύριος ὁ καταφυτεύσας σε ἐλάλησεν ἐπὶ σέ κακὰ ἀντὶ τῆς κακίας οἴκου Ἰσραὴλ καὶ οἴκου Ἰούδα, ὅτι ἐποίησαν ἑαυτοῖς τοῦ παροργίσαι με ἐν τῷ θυμιᾶν αὐτοὺς τῇ Βάαλ.	et Dominus exercituum qui plantavit te locutus est super te malum pro malis domus Israhel et domus Iuda quae fecerunt sibi ad inritandum me libantes Baali	Et Dominus exercituum qui plantavit te locutus est super te malum, pro malis domus Isral, et domus Juda, qu fecerunt sibi ad irritandum me, libantes Baalim.]		For the Lord of hosts, that planted thee, hath pronounced evil against thee, for the evil of the house of Israel and of the house of Judah, which they have done against themselves to provoke me to anger in offering incense unto Baal.
Jer	11	18	וַיהוָה הוֹדִיעַנִי וָאֵדָעָה אָז הִרְאִיתַנִי מַעַלְלֵיהֶם ׃	Κύριε, γνώρισύν μοι, καὶ γνώσομαι· τότε εἶδον τὰ ἐπιτηδεύματα αὐτῶν,	tu autem Domine demonstrasti mihi et cognovi tunc ostendisti mihi studia eorum	[Tu autem, Domine, demonstrasti mihi, et cognovi: tunc ostendisti mihi studia eorum.		And the Lord hath given me knowledge of it, and I know it: then thou shewedst me their doings.
Jer	11	19	וַאֲנִי כְּכֶבֶשׂ אַלּוּף יוּבַל לִטְבוֹחַ וְלֹא־יָדַעְתִּי כִּי־עָלַי חָשְׁבוּ מַחֲשָׁבוֹת נַשְׁחִיתָה עֵץ בְּלַחְמוֹ וְנִכְרְתֶנּוּ מֵאֶרֶץ חַיִּים וּשְׁמוֹ לֹא־יִזָּכֵר עוֹד ׃	ἐγὼ δὲ ὡς ἀρνίον ἄκακον ἀγόμενον τοῦ θύεσθαι οὐκ ἔγνων. ἐπʼ ἐμὲ ἐλογίσαντο λογισμὸν πονηρόν, λέγοντες Δεῦτε καὶ ἐμβάλωμεν ξύλον εἰς τὸν ἄρτον αὐτοῦ, καὶ ἐκτρίψωμεν αὐτὸν ἀπὸ γῆς ζώντων, καὶ τὸ ὄνομα αὐτοῦ οὐ μὴ μνησθῇ οὐκέτι	et ego quasi agnus mansuetus qui portatur ad victimam et non cognovi quia super me cogitaverunt consilia mittamus lignum in panem eius et eradamus eum de terra viventium et nomen eius non memoretur amplius	Et ego quasi agnus mansuetus, qui portatur ad victimam: et non cognovi quia cogitaverunt super me consilia, dicentes: Mittamus lignum in panem ejus, et eradamus eum de terra viventium, et nomen ejus non memoretur amplius.		But I was like a lamb or an ox that is brought to the slaughter; and I knew not that they had devised devices against me, saying, Let us destroy the tree with the fruit thereof, and let us cut him off from the land of the living, that his name may be no more remembered.
Jer	11	20	וַיהוָה צְבָאוֹת שֹׁפֵט צֶדֶק בֹּחֵן כְּלָיוֹת וָלֵב אֶרְאֶה נִקְמָתְךָ מֵהֶם כִּי אֵלֶיךָ גִּלִּיתִי אֶת־רִיבִי ׃ ס	Κύριε κρίνων δίκαια, δοκιμάζων νεφροὺς καὶ καρδίας, ἴδοιμι τὴν παρὰ σοῦ ἐκδίκησιν ἐξ αὐτῶν, ὅτι πρὸς σὲ ἀπεκάλυψα τὸ δικαίωμά μου.	tu autem Domine Sabaoth qui iudicas iuste et probas renes et cor videam ultionem tuam ex eis tibi enim revelavi causam meam	Tu autem, Domine Sabaoth, qui judicas juste, et probas renes et corda, videam ultionem tuam ex eis: tibi enim revelavi causam meam.		But, O Lord of hosts, that judgest righteously, that triest the reins and the heart, let me see thy vengeance on them: for unto thee have I revealed my cause.
Jer	11	21	לָכֵן כֹּה־אָמַר יְהוָה עַל־אַנְשֵׁי עֲנָתוֹת הַמְבַקְשִׁים אֶת־נַפְשְׁךָ לֵאמֹר לֹא תִנָּבֵא בְּשֵׁם יְהוָה וְלֹא תָמוּת בְּיָדֵנוּ ׃ ס	διὰ τοῦτο τάδε λέγει Κύρος ἐπὶ τοὺς ἄνδρας Ἀναθὼθ τοὺς ζητοῦντας τὴν ψυχήν μου, τοὺς λέγοντας Οὐ μὴ προφητεύσεις ἐπὶ τῷ ὀνόματι Κυρίου, εἰ δὲ μή, ἀποθανῇ ἐν ταῖς χερσὶν ἡμῶν.	propterea haec dicit Dominus ad viros Anathoth qui quaerunt animam tuam et dicunt non prophetabis in nomine Domini et non morieris in manibus nostris	Propterea hc dicit Dominus ad viros Anathoth, qui qurunt animam tuam, et dicunt: Non prophetabis in nomine Domini, et non morieris in manibus nostris:		Therefore thus saith the Lord of the men of Anathoth, that seek thy life, saying, Prophesy not in the name of the Lord, that thou die not by our hand:
Jer	11	22	לָכֵן כֹּה אָמַר יְהוָה צְבָאוֹת הִנְנִי פֹקֵד עֲלֵיהֶם הַבַּחוּרִים יָמֻתוּ בַחֶרֶב בְּנֵיהֶם וּבְנוֹתֵיהֶם יָמֻתוּ בָּרָעָב ׃	ὶδοὺ ἐγὼ ἐπισκέψομαι ἐπʼ αὐτοὺς· οἱ νεανίσκοι αὐτῶν ἐν μαχαίρᾳ ἀποθανοῦνται, καὶ οἱ υἱοὶ αὐτῶν καὶ αἱ θυγατέρες αὐτῶν τελευτήσουσιν ἐν λιμῳ,	propterea haec dicit Dominus exercituum ecce ego visitabo super eos iuvenes morientur in gladio filii eorum et filiae eorum morientur in fame	propterea hc dicit Dominus exercituum: Ecce ego visitabo super eos: juvenes morientur in gladio, filii eorum et fili eorum morientur in fame.		Therefore thus saith the Lord of hosts, Behold, I will punish them: the young men shall die by the sword; their sons and their daughters shall die by famine:
Jer	11	23	וּשְׁאֵרִית לֹא תִהְיֶה לָהֶם כִּי־אָבִיא רָעָה אֶל־אַנְשֵׁי עֲנָתוֹת שְׁנַת פְּקֻדָּתָם ׃	καὶ ἐνκατάλιμμα οὐκ ἔσται αὐτῶν, ὅτι ἐπάξω κακὰ ἐπὶ τοὺς κατοικοῦντας ἐν Ἀναθὼθ ἐν ἐνιαυτῴ ἐπισκέψεως οὐτῶν.	et reliquiae non erunt ex eis inducam enim malum super viros Anathoth annum visitationis eorum	Et reliqui non erunt ex eis: inducam enim malum super viros Anathoth, annum visitationis eorum.]		And there shall be no remnant of them: for I will bring evil upon the men of Anathoth, even the year of their visitation.
Jer	12	1	ס צַדִּיק אַתָּה יְהוָה כִּי אָרִיב אֵלֶיךָ אַךְ מִשְׁפָּטִים אֲדַבֵּר אוֹתָךְ מַדּוּעַ דֶּרֶךְ רְשָׁעִים צָלֵחָה שָׁלוּ כָּל־בֹּגְדֵי בָגֶד ׃	Δίκαιος εἶ, Κύριε, ὅτι ἀπολογήσομαι πρὸς σέ· πλὴν κρίματα λαλήσω πρὸς σέ. τί ὅτι ὁδὸς ἀσεβῶν εὐοδοῦται; εὐθήνησαν πάντες οἱ ἀθετοῦντες ἀθετήματα;	iustus quidem tu es Domine si disputem tecum verumtamen iusta loquar ad te quare via impiorum prosperatur bene est omnibus qui praevaricantur et inique agunt	[Justus quidem tu es, Domine, si disputem tecum: verumtamen justa loquar ad te: Quare via impiorum prosperatur; bene est omnibus qui prvaricantur et inique agunt?		Righteous art thou, O Lord, when I plead with thee: yet let me talk with thee of thy judgments: Wherefore doth the way of the wicked prosper? wherefore are all they happy that deal very treacherously?
Jer	12	2	נְטַעְתָּם גַּם־שֹׁרָשׁוּ יֵלְכוּ גַּם־עָשׂוּ פֶרִי קָרוֹב אַתָּה בְּפִיהֶם וְרָחוֹק מִכִּלְיוֹתֵיהֶם ׃	ἐφύτευσας αὐτοὺς καὶ ἐριζώθησαν, ἐτεκνοποιήσαντο καὶ ἐποίησαν καρπόν· ἐγγὺς εἶ σὺ τοῦ στόματος αὺτῶν, καὶ πόρρω ἀπὸ τῶν νεφρῶν αὐτῶν·	plantasti eos et radicem miserunt proficiunt et faciunt fructum prope es tu ori eorum et longe a renibus eorum	Plantasti eos, et radicem miserunt: proficiunt, et faciunt fructum: prope es tu ori eorum, et longe a renibus eorum.		Thou hast planted them, yea, they have taken root: they grow, yea, they bring forth fruit: thou art near in their mouth, and far from their reins.
Jer	12	3	וְאַתָּה יְהוָה יְדַעְתָּנִי תִּרְאֵנִי וּבָחַנְתָּ לִבִּי אִתָּךְ הַתִּקֵם כְּצֹאן לְטִבְחָה וְהַקְדִּשֵׁם לְיוֹם הֲרֵגָה ׃ ס	καὶ σύ, Κύριε, γινώσκεις με, δεδοκίμακας τὴν καρδίαν μου ἐναντίον σου· ἅγνισον αὐτοὺς εἰς ἡμέραν σφαγῆς αὐτῶν.	et tu Domine nosti me vidisti me et probasti cor meum tecum congrega eos quasi gregem ad victimam et sanctifica eos in die occisionis	Et tu, Domine, nosti me, vidisti me, et probasti cor meum tecum. Congrega eos quasi gregem ad victimam, et sanctifica eos in die occisionis.		But thou, O Lord, knowest me: thou hast seen me, and tried mine heart toward thee: pull them out like sheep for the slaughter, and prepare them for the day of slaughter.
Jer	12	4	עַד־מָתַי תֶּאֱבַל הָאָרֶץ וְעֵשֶׂב כָּל־הַשָּׂדֶה יִיבָשׁ מֵרָעַת יֹשְׁבֵי־בָהּ סָפְתָה בְהֵמוֹת וָעוֹף כִּי אָמְרוּ לֹא יִרְאֶה אֶת־אַחֲרִיתֵנוּ ׃	ἕως πότε πενθήσει ἡ γῆ καὶ πᾶς ὁ χόρτος τοῦ ἀγροῦ ξηρανθήσεται ἀπὸ κακίας τῶν κατοικούντων ἐν αὐτῇ; ἠφανίσθησαν κτήνη καὶ πετεινά, ὅτι εἶπαν Οὐκ ὄψεται ὁ θεὸς ὁδοὺς ἡμῶν.	usquequo lugebit terra et herba omnis regionis siccabitur propter malitiam habitantium in ea consumptum est animal et volucre quoniam dixerunt non videbit novissima nostra	Usquequo lugebit terra, et herba omnis regionis siccabitur, propter malitiam habitantium in ea? Consumptum est animal, et volucre, quoniam dixerunt: Non videbit novissima nostra.		How long shall the land mourn, and the herbs of every field wither, for the wickedness of them that dwell therein? the beasts are consumed, and the birds; because they said, He shall not see our last end.
Jer	12	5	כִּי אֶת־רַגְלִים רַצְתָּה וַיַּלְאוּךָ וְאֵיךְ תְּתַחֲרֶה אֶת־הַסּוּסִים וּבְאֶרֶץ שָׁלוֹם אַתָּה בוֹטֵחַ וְאֵיךְ תַּעֲשֶׂה בִּגְאוֹן הַיַּרְדֵּן ׃	σοῦ οἱ πόδες τρέχουσιν καὶ ἐκλύουσίν σε· πῶς παρασκευάσῃ ἐφʼ ἵπποις; καὶ ἐν γῇ εἰρήνης οὐ πέποιθας· πῶς ποιήσεις ἐν φρυάγματι τοῦ Ἰορδάνου;	si cum peditibus currens laborasti quomodo contendere poteris cum equis cum autem in terra pacis secura fueris quid facies in superbia Iordanis	Si cum peditibus currens laborasti, quomodo contendere poteris cum equis? Cum autem in terra pacis securus fueris, quid facies in superbia Jordanis?		If thou hast run with the footmen, and they have wearied thee, then how canst thou contend with horses? and if in the land of peace, wherein thou trustedst, they wearied thee, then how wilt thou do in the swelling of Jordan?
Jer	12	6	כִּי גַם־אַחֶיךָ וּבֵית־אָבִיךָ גַּם־הֵמָּה בָּגְדוּ בָךְ גַּם־הֵמָּה קָרְאוּ אַחֲרֶיךָ מָלֵא אַל־תַּאֲמֵן בָּם כִּי־יְדַבְּרוּ אֵלֶיךָ טוֹבוֹת ׃ ס	ὅτι καὶ οἱ ἀδελφοί σου καὶ ὁ οἶκος τοῦ πατρός σου, καὶ οὗτοι ἠθέτησάν σε, καὶ αὐτοὶ ἐβόησαν, ἐκ τῶν ὀπίσω σου ἐπισυνήχθησαν· μὴ πιστεύσῃς ἐν αὐτοῖς, ὅτι λαλοῦσιν πρὸς σὲ καλά.	nam et fratres tui et domus patris tui etiam ipsi pugnaverunt adversum te et clamaverunt post te plena voce ne credas eis cum locuti fuerint tibi bona	Nam et fratres tui, et domus patris tui, etiam ipsi pugnaverunt adversum te, et clamaverunt post te plena voce: ne credas eis, cum locuti fuerint tibi bona.]		For even thy brethren, and the house of thy father, even they have dealt treacherously with thee; yea, they have called a multitude after thee: believe them not, though they speak fair words unto thee.
Jer	12	7	עָזַבְתִּי אֶת־בֵּיתִי נָטַשְׁתִּי אֶת־נַחֲלָתִי נָתַתִּי אֶת־יְדִדוּת נַפְשִׁי בְּכַף אֹיְבֶיהָ ׃	Ἐνκαταλέλοιπα τὸν οἶκόν μου, ἀφῆκα τὴν κληρονομίαν μου, ἔδωκα τὴν ἠγαπημένην ψυχήν μου, εἰς χεῖρας ἐχθρῶν αὐτῆς.	reliqui domum meam dimisi hereditatem meam dedi dilectam animam meam in manu inimicorum eius	[Reliqui domum meam, dimisi hreditatem meam: dedi dilectam animam meam in manu inimicorum ejus.		I have forsaken mine house, I have left mine heritage; I have given the dearly beloved of my soul into the hand of her enemies.
Jer	12	8	הָיְתָה־לִּי נַחֲלָתִי כְּאַרְיֵה בַיָּעַר נָתְנָה עָלַי בְּקוֹלָהּ עַל־כֵּן שְׂנֵאתִיהָ ׃	ἐγενήθη ἡ κληρονομία μου ἐμοὶ ὡς λέων ἐν δρυμῷ· ἔδωκεν ἐπʼ ἐμέ τὴν φωνὴν αὐτῆς, διὰ τοῦτο ἐμίσησα αὐτήν.	facta est mihi hereditas mea quasi leo in silva dedit contra me vocem ideo odivi eam	Facta est mihi hreditas mea quasi leo in silva: dedit contra me vocem, ideo odivi eam.		Mine heritage is unto me as a lion in the forest; it crieth out against me: therefore have I hated it.
Jer	12	9	הַעַיִט צָבוּעַ נַחֲלָתִי לִי הַעַיִט סָבִיב עָלֶיהָ לְכוּ אִסְפוּ כָּל־חַיַּת הַשָּׂדֶה הֵתָיוּ לְאָכְלָה ׃	μὴ σπήλαιον ὑαίνης ἡ κληρονομία μου ἐμοί, ἢ σπήλαιον κύκλῳ αὐτῆς; βαδίσατε συνάγετε πάντα τὰ θηρία τοῦ ἀγροῦ, καὶ ἐλθέτωσαν τοῖ φαγεῖν αὐτήν.	numquid avis discolor hereditas mea mihi numquid avis tincta per totum venite congregamini omnes bestiae terrae properate ad devorandum	Numquid avis discolor hreditas mea mihi? numquid avis tincta per totum? Venite, congregamini, omnes besti terr, properate ad devorandum.		Mine heritage is unto me as a speckled bird, the birds round about are against her; come ye, assemble all the beasts of the field, come to devour.
Jer	12	10	רֹעִים רַבִּים שִׁחֲתוּ כַרְמִי בֹּסְסוּ אֶת־חֶלְקָתִי נָתְנוּ אֶת־חֶלְקַת חֶמְדָּתִי לְמִדְבַּר שְׁמָמָה ׃	ποιμένες πολλοὶ διέφθειραν τὰν ἀμπελῶνά μου, ἐμόλυναν τὴν μερίδα μου, ἔδωκαν τὴν μερίδα τὴν ἐπιθυμητὴν μου εἰς ἔρημον ἄβατον,	pastores multi demoliti sunt vineam meam conculcaverunt partem meam dederunt portionem meam desiderabilem in desertum solitudinis	Pastores multi demoliti sunt vineam meam, conculcaverunt partem meam, dederunt portionem meam desiderabilem in desertum solitudinis.		Many pastors have destroyed my vineyard, they have trodden my portion under foot, they have made my pleasant portion a desolate wilderness.
Jer	12	11	שָׂמָהּ לִשְׁמָמָה אָבְלָה עָלַי שְׁמֵמָה נָשַׁמָּה כָּל־הָאָרֶץ כִּי אֵין אִישׁ שָׂם עַל־לֵב ׃	ετέθη εἰς ἀφανισμὸν ἀπωλείας· δι᾿ ἐμὲ ἀφανισμῷ ἠφανίσθη πᾶσα ἡ γῆ, ὅτι οὐκ ἔστιν ἀνὴρ τιθέμενος ἐν καρδίᾳ.	posuerunt eam in dissipationem luxitque super me desolatione desolata est omnis terra quia nullus est qui recogitet corde	Posuerunt eam in dissipationem, luxitque super me: desolatione desolata est omnis terra, quia nullus est qui recogitet corde.		They have made it desolate, and being desolate it mourneth unto me; the whole land is made desolate, because no man layeth it to heart.
Jer	12	12	עַל־כָּל־שְׁפָיִם בַּמִּדְבָּר בָּאוּ שֹׁדְדִים כִּי חֶרֶב לַיהוָה אֹכְלָה מִקְצֵה־אֶרֶץ וְעַד־קְצֵה הָאָרֶץ אֵין שָׁלוֹם לְכָל־בָּשָׂר ׃ ס	ἐπὶ πᾶσαν διεκβολὴν ἐν τῇ ἐρήμῳ ἦλθον ταλαιπωροῦντες, ὅτι μάχαιρα τοῦ κυρίου καταφάγιται ἀπʼ ἄκρου τὴς γῆς, οὐκ ἔστιν εἰρήνη πάσῃ σαρκί.	super omnes vias deserti venerunt vastatores quia gladius Domini devoravit ab extremo terrae usque ad extremum eius non est pax universae carni	Super omnes vias deserti venerunt vastatores, quia gladius Domini devorabit: ab extremo terr usque ad extremum ejus, non est pax univers carni.		The spoilers are come upon all high places through the wilderness: for the sword of the Lord shall devour from the one end of the land even to the other end of the land: no flesh shall have peace.
Jer	12	13	זָרְעוּ חִטִּים וְקֹצִים קָצָרוּ נֶחְלוּ לֹא יוֹעִלוּ וּבֹשׁוּ מִתְּבוּאֹתֵיכֶם מֵחֲרוֹן אַף־יְהוָה ׃ ס	σπείρατε πυροὺς καὶ ἄκανθαν θερίζετε· οἱ κλῆροι αὐτῶν οὐκ ὠφελήσουσιν αὐτοὺς· αἰσχύνθητε ἀπὸ καυχήσεως ὑμῶν, ἀπὸ ὀνειδισμοῦ ἔναντι Κυρίου.	seminaverunt triticum et spinas messuerunt hereditatem acceperunt et non eis proderit confundemini a fructibus vestris propter iram furoris Domini	Seminaverunt triticum, et spinas messuerunt: hreditatem acceperunt, et non eis proderit. Confundemini a fructibus vestris propter iram furoris Domini.		They have sown wheat, but shall reap thorns: they have put themselves to pain, but shall not profit: and they shall be ashamed of your revenues because of the fierce anger of the Lord.
Jer	12	14	כֹּה אָמַר יְהוָה עַל־כָּל־שְׁכֵנַי הָרָעִים הַנֹּגְעִים בַּנַּחֲלָה אֲשֶׁר־הִנְחַלְתִּי אֶת־עַמִּי אֶת־יִשְׂרָאֵל הִנְנִי נֹתְשָׁם מֵעַל אַדְמָתָם וְאֶת־בֵּית יְהוּדָה אֶתּוֹשׁ מִתּוֹכָם ׃	Ὀτι τάδε λέγει Κύριος περὶ πάντων τῶν γειτόνων τῶν πονηρῶν, τῶν ἁπτομένων τῆς κληρονομίας μου ἦς ἐμέρισα τῷ λαῷ μου Ἰσραήλ Ἰδοὺ ἐγὼ ἀποσπῶ αὐτοὺς ἀπὸ τῆς γῆς αὐτῶν, καὶ τὸν Ἰούδαν ἐκβαλῶ ἐκ μέσου αὐτῶν.	haec dicit Dominus adversum omnes vicinos meos pessimos qui tangunt hereditatem quam distribui populo meo Israhel ecce ego evellam eos de terra eorum et domum Iuda evellam de medio eorum	Hc dicit Dominus adversum omnes vicinos meos pessimos, qui tangunt hreditatem quam distribui populo meo Isral: Ecce ego evellam eos de terra sua, et domum Juda evellam de medio eorum.		Thus saith the Lord against all mine evil neighbours, that touch the inheritance which I have caused my people Israel to inherit; Behold, I will pluck them out of their land, and pluck out the house of Judah from among them.
Jer	12	15	וְהָיָה אַחֲרֵי נָתְשִׁי אוֹתָם אָשׁוּב וְרִחַמְתִּים וַהֲשִׁבֹתִים אִישׁ לְנַחֲלָתוֹ וְאִישׁ לְאַרְצוֹ ׃	καὶ ἔσται μετὰ τὸ ἐκβαλεῖν με αὺτοὺς ἐπιστρέψω καὶ ἐλεήσω αὐτούς, καὶ κατοικιῶ αὐτοὺς ἕκαστον εἰς τὴν κληρονομίαν αὐτοῦ καὶ ἕκαστον εἰς τὴν γῆν αὐτοῦ.	et cum evellero eos convertar et miserebor eorum et reducam eos virum ad hereditatem suam et virum in terram suam	Et cum evulsero eos, convertar, et miserebor eorum, et reducam eos, virum ad hreditatem suam, et virum in terram suam.		And it shall come to pass, after that I have plucked them out I will return, and have compassion on them, and will bring them again, every man to his heritage, and every man to his land.
Jer	12	16	וְהָיָה אִם־לָמֹד יִלְמְדוּ אֶת־דַּרְכֵי עַמִּי לְהִשָּׁבֵעַ בִּשְׁמִי חַי־יְהוָה כַּאֲשֶׁר לִמְּדוּ אֶת־עַמִּי לְהִשָּׁבֵעַ בַּבָּעַל וְנִבְנוּ בְּתוֹךְ עַמִּי ׃	καὶ ἔσται ἐὰν μαθόντες μάθωσι τὴν ὁδὸν τοῦ λαοῦ μου τοῦ ὀμνύειν τῷ ὀνόματί μου Ζῇ Κύριος. καθὼς ἐδίδαξαν τὸν λαόν μου ὀμνύειν τῇ Βάαλ, καὶ οἰκοδομηθήσεται ἐν μέσῳ τοῦ λαοῦ μου·	et erit si eruditi didicerint vias populi mei ut iurent in nomine meo vivit Dominus sicut docuerunt populum meum iurare in Baal aedificabuntur in medio populi mei	Et erit: si eruditi didicerint vias populi mei, ut jurent in nomine meo: Vivit Dominus! sicut docuerunt populum meum jurare in Baal, dificabuntur in medio populi mei.		And it shall come to pass, if they will diligently learn the ways of my people, to swear by my name, The Lord liveth; as they taught my people to swear by Baal; then shall they be built in the midst of my people.
Jer	12	17	וְאִם לֹא יִשְׁמָעוּ וְנָתַשְׁתִּי אֶת־הַגּוֹי הַהוּא נָתוֹשׁ וְאַבֵּד נְאֻם־יְהוָה ׃ ס	ἐὰν δὲ μὴ ἐπιστρέψωσιν, καὶ ἐξαρῶ τὸ ἔθνος ἐκεῖνο ἐξάρσει καὶ ἀπωλείᾳ.	quod si non audierint evellam gentem illam evulsione et perditione ait Dominus	Quod si non audierint, evellam gentem illam evulsione et perditione, ait Dominus.]		But if they will not obey, I will utterly pluck up and destroy that nation, saith the Lord.
Jer	13	1	כֹּה־אָמַר יְהוָה אֵלַי הָלוֹךְ וְקָנִיתָ לְּךָ אֵזוֹר פִּשְׁתִּים וְשַׂמְתּוֹ עַל־מָתְנֶיךָ וּבַמַּיִם לֹא תְבִאֵהוּ ׃	Τάδε λέγει Κύριος Βάδισον καὶ κτῆσαι σεαυτῷ περίζωμα λινοῦν καὶ περίθου περὶ τὴν ὀσφύν σου, καὶ ἐν ὕδατι οὐ διελεύσεται.	haec dicit Dominus ad me vade et posside tibi lumbare lineum et pones illud super lumbos tuos et in aquam non inferes illud	Hc dicit Dominus ad me: Vade, et posside tibi lumbare lineum, et pones illud super lumbos tuos, et in aquam non inferes illud.		Thus saith the Lord unto me, Go and get thee a linen girdle, and put it upon thy loins, and put it not in water.
Jer	13	2	וָאֶקְנֶה אֶת־הָאֵזוֹר כִּדְבַר יְהוָה וָאָשִׂם עַל־מָתְנָי ׃ ס	καὶ ἐκτησάμην τὸ περίζωμα κατὰ τὸν λόγον Κυρίου καὶ περιέθηκα περὶ τὴν ὀσφύν μου.	et possedi lumbare iuxta verbum Domini et posui circa lumbos meos	Et possedi lumbare juxta verbum Domini, et posui circa lumbos meos.		So I got a girdle according to the word of the Lord, and put it on my loins.
Jer	13	3	וַיְהִי דְבַר־יְהוָה אֵלַי שֵׁנִית לֵאמֹר ׃	καὶ ἐγενήθη λόγος Κυρίου πρὸς μέ λέγων	et factus est sermo Domini ad me secundo dicens	Et factus est sermo Domini ad me secundo, dicens:		And the word of the Lord came unto me the second time, saying,
Jer	13	4	קַח אֶת־הָאֵזוֹר אֲשֶׁר קָנִיתָ אֲשֶׁר עַל־מָתְנֶיךָ וְקוּם לֵךְ פְּרָתָה וְטָמְנֵהוּ שָׁם בִּנְקִיק הַסָּלַע ׃	Λάβε τὸ περίζωμα τὸ περὶ τὴν ὀσφύν σου, καὶ ἀνάστηθι καὶ βάδισον ἐπὶ τὸν Εὐφράτην, καὶ κατάκρυψον αὐτὸ ἐκεῖ ἐν τῇ τρυμαλιᾷ τῆς πέτρας.	tolle lumbare quod possedisti quod est circa lumbos tuos et surgens vade ad Eufraten et absconde illud ibi in foramine petrae	Tolle lumbare quod possedisti, quod est circa lumbos tuos: et surgens vade ad Euphraten, et absconde ibi illud in foramine petr.		Take the girdle that thou hast got, which is upon thy loins, and arise, go to Euphrates, and hide it there in a hole of the rock.
Jer	13	5	וָאֵלֵךְ וָאֶטְמְנֵהוּ בִּפְרָת כַּאֲשֶׁר צִוָּה יְהוָה אוֹתִי ׃	καὶ ἐπορεύθην καὶ ἔκρυψα αὐτὸ ἐν τῷ Εὐφράτη, καθὼς ἐνετείλατό μοι Κύριος.	et abii et abscondi illud in Eufraten sicut praeceperat mihi Dominus	Et abii, et abscondi illud in Euphrate, sicut prceperat mihi Dominus.		So I went, and hid it by Euphrates, as the Lord commanded me.
Jer	13	6	וַיְהִי מִקֵּץ יָמִים רַבִּים וַיֹּאמֶר יְהוָה אֵלַי קוּם לֵךְ פְּרָתָה וְקַח מִשָּׁם אֶת־הָאֵזוֹר אֲשֶׁר צִוִּיתִיךָ לְטָמְנוֹ־שָׁם ׃	καὶ ἐγένετο μεθʼ ἡμέρας πολλὰς καὶ εἶπεν Κύριος πρὸς μέ Ἀνάστηθι βάδισον ἐπὶ τὸν Εὐφράτην, καὶ λάβε ἐκεῖθεν τὸ περίζωμα ὃ ἐνετειλάμην σοι τοῦ κατακρύψαι ἐκεῖ.	et factum est post dies plurimos dixit Dominus ad me surge vade ad Eufraten et tolle inde lumbare quod praecepi tibi ut absconderes illud ibi	Et factum est post dies plurimos, dixit Dominus ad me: Surge, vade ad Euphraten, et tolle inde lumbare quod prcepi tibi ut absconderes illud ibi.		And it came to pass after many days, that the Lord said unto me, Arise, go to Euphrates, and take the girdle from thence, which I commanded thee to hide there.
Jer	13	7	וָאֵלֵךְ פְּרָתָה וָאֶחְפֹּר וָאֶקַּח אֶת־הָאֵזוֹר מִן־הַמָּקוֹם אֲשֶׁר־טְמַנְתִּיו שָׁמָּה וְהִנֵּה נִשְׁחַת הָאֵזוֹר לֹא יִצְלַח לַכֹּל ׃ פ	καὶ ἐπορεύθην ἐπὶ τὸν Εὐφράτην ποταμὸν καὶ ὤρυξα, καὶ ἔλαβον τὸ περίζωμα ἐκ τοῦ τόπου οὗ κατώρυξα αὐτὸ ἐκεῖ, καὶ ἰδοὺ διεφθαρμένον ἦν, ὃ οὐ μὴ χρησθῇ εἰς οὐθέν.	et abii ad Eufraten et fodi et tuli lumbare de loco ubi absconderam illud et ecce conputruerat lumbare ita ut nullo usui aptum esset	Et abii ad Euphraten, et fodi, et tuli lumbare de loco ubi absconderam illud: et ecce computruerat lumbare, ita ut nulli usui aptum esset.		Then I went to Euphrates, and digged, and took the girdle from the place where I had hid it: and, behold, the girdle was marred, it was profitable for nothing.
Jer	13	8	וַיְהִי דְבַר־יְהוָה אֵלַי לֵאמֹר ׃	καὶ ἐγενήθη λόγος Κυρίου πρὸς μέ λέγων Τάδε λέγει Κύριος	et factum est verbum Domini ad me dicens	Et factum est verbum Domini ad me, dicens:		Then the word of the Lord came unto me, saying,
Jer	13	9	כֹּה אָמַר יְהוָה כָּכָה אַשְׁחִית אֶת־גְּאוֹן יְהוּדָה וְאֶת־גְּאוֹן יְרוּשָׁלַםִ הָרָב ׃	Οὕτω φθερῶ τὴν ὕβριν Ἰούδα καὶ τὴν ὕβριν Ἰερουσαλήμ,	haec dicit Dominus sic putrescere faciam superbiam Iuda et superbiam Hierusalem multam	[Hc dicit Dominus: Sic putrescere faciam superbiam Juda, et superbiam Jerusalem multam:		Thus saith the Lord, After this manner will I mar the pride of Judah, and the great pride of Jerusalem.
Jer	13	10	הָעָם הַזֶּה הָרָע הַמֵּאֲנִים לִשְׁמוֹעַ אֶת־דְּבָרַי הַהֹלְכִים בִּשְׁרִרוּת לִבָּם וַיֵּלְכוּ אַחֲרֵי אֱלֹהִים אֲחֵרִים לְעָבְדָם וּלְהִשְׁתַּחֲוֹת לָהֶם וִיהִי כָּאֵזוֹר הַזֶּה אֲשֶׁר לֹא־יִצְלַח לַכֹּל ׃	τὴν πολλὴν ταύτην ὕβριν, τοὺς μὴ βουλομένους ὑπακούειν τῶν λόγων μου, καὶ πορευθέντας ὀπίσω θεῶν ἀλλοτρίων τοῦ δουλεύειν αὐτοῖς καὶ τοῦ προσκυνεῖν αὐτοῖς· καὶ ἔσονται ὥσπερ τὸ περίζωμα τοῦτο, ὁ οὐ χρησθήσεται εἰς οὐθέν.	populum istum pessimum qui nolunt audire verba mea et ambulant in pravitate cordis sui abieruntque post deos alienos ut servirent eis et adorarent eos et erunt sicut lumbare istud quod nullo usui aptum est	populum istum pessimum qui nolunt audire verba mea, et ambulant in pravitate cordis sui, abieruntque post deos alienos ut servirent eis et adorarent eos: et erunt sicut lumbare istud, quod nulli usui aptum est.		This evil people, which refuse to hear my words, which walk in the imagination of their heart, and walk after other gods, to serve them, and to worship them, shall even be as this girdle, which is good for nothing.
Jer	13	11	כִּי כַּאֲשֶׁר יִדְבַּק הָאֵזוֹר אֶל־מָתְנֵי־אִישׁ כֵּן הִדְבַּקְתִּי אֵלַי אֶת־כָּל־בֵּית יִשְׂרָאֵל וְאֶת־כָּל־בֵּית יְהוּדָה נְאֻם־יְהוָה לִהְיוֹת לִי לְעָם וּלְשֵׁם וְלִתְהִלָּה וּלְתִפְאָרֶת וְלֹא שָׁמֵעוּ ׃	ὅτι καθάπερ κολλᾶται τὸ περίζωμα περὶ τὴν ὀσφὺν τοῦ ἀνθρώπου, οὕτως ἐκόλλησα πρὸς ἐμαυτὸν τὸν οἶκον τοῦ Ἰσραὴλ καὶ πᾶν οἶκον Ἰούδα, τοῦ γενέσθαι μοι εἰς λαὸν ὀνομαστὸν καὶ εἰς καύχημα καὶ εἰς δόξαν· καὶ οὐκ εἰσήκουσάν μου.	sicut enim adheret lumbare ad lumbos viri sic adglutinavi mihi omnem domum Israhel et omnem domum Iuda dicit Dominus ut esset mihi in populum et in nomen et in laudem et in gloriam et non audierunt	Sicut enim adhret lumbare ad lumbos viri, sic agglutinavi mihi omnem domum Isral, et omnem domum Juda, dicit Dominus, ut essent mihi in populum, et in nomen, et in laudem, et in gloriam, et non audierunt.]		For as the girdle cleaveth to the loins of a man, so have I caused to cleave unto me the whole house of Israel and the whole house of Judah, saith the Lord; that they might be unto me for a people, and for a name, and for a praise, and for a glory: but they would not hear.
Jer	13	12	וְאָמַרְתָּ אֲלֵיהֶם אֶת־הַדָּבָר הַזֶּה ס כֹּה־אָמַר יְהוָה אֱלֹהֵי יִשְׂרָאֵל כָּל־נֵבֶל יִמָּלֵא יָיִן וְאָמְרוּ אֵלֶיךָ הֲיָדֹעַ לֹא נֵדַע כִּי כָל־נֵבֶל יִמָּלֵא יָיִן ׃	καὶ ἐρεῖς πρὸς τὸν λαὸν τοῦτον Πᾶς ἀσκὸς πληρωθήσεται οἴνου· καὶ ἔσται ἐὰν εἴπωσιν πρὸς σέ Μὴ γνόντες οὐ γνωσόμεθα ὅτι πᾶς ἀσκὸς πληρωθήσεται οἴνου;	dices ergo ad eos sermonem istum haec dicit Dominus Deus Israhel omnis laguncula implebitur vino et dicent ad te numquid ignoramus quia omnis laguncula implebitur vino	Dices ergo ad eos sermonem istum: [Hc dicit Dominus Deus Isral: Omnis laguncula implebitur vino.] Et dicent ad te: [Numquid ignoramus quia omnis laguncula implebitur vino?]		Therefore thou shalt speak unto them this word; Thus saith the Lord God of Israel, Every bottle shall be filled with wine: and they shall say unto thee, Do we not certainly know that every bottle shall be filled with wine?
Jer	13	13	וְאָמַרְתָּ אֲלֵיהֶם כֹּה־אָמַר יְהוָה הִנְנִי מְמַלֵּא אֶת־כָּל־יֹשְׁבֵי הָאָרֶץ הַזֹּאת וְאֶת־הַמְּלָכִים הַיֹּשְׁבִים לְדָוִד עַל־כִּסְאוֹ וְאֶת־הַכֹּהֲנִים וְאֶת־הַנְּבִיאִים וְאֵת כָּל־יֹשְׁבֵי יְרוּשָׁלִָם שִׁכָּרוֹן ׃	καὶ ἐρεῖς πρὸς αὐτοὺς Τάδε λέγει Κύριος Ἰδοὺ ἐγὼ πληρῶ τοὺς κατοικοῦντας τὴν γῆν ταύτην καὶ τοὺς βασιλεῖς αὐτῶν τοὺς καθημένους υἱοὺς τοῦ Δαυεὶδ ἐπὶ τοῦ θρόνου αὐτῶν καὶ τοὺς ἱερεῖς καὶ τοὺς προφήτας καὶ τὸν Ἰούδαν καὶ πάντας τοὺς κατοικοῦντας ἐν Ἰερουσαλὴμ μεθύσματι,	et dices ad eos haec dicit Dominus ecce ego implebo omnes habitatores terrae huius et reges qui sedent de stirpe David super thronum eius et sacerdotes et prophetas et omnes habitatores Hierusalem ebrietate	Et dices ad eos: [Hc dicit Dominus: Ecce ego implebo omnes habitatores terr hujus, et reges qui sedent de stirpe David super thronum ejus, et sacerdotes, et prophetas, et omnes habitatores Jerusalem, ebrietate.		Then shalt thou say unto them, Thus saith the Lord, Behold, I will fill all the inhabitants of this land, even the kings that sit upon David's throne, and the priests, and the prophets, and all the inhabitants of Jerusalem, with drunkenness.
Jer	13	14	וְנִפַּצְתִּים אִישׁ אֶל־אָחִיו וְהָאָבוֹת וְהַבָּנִים יַחְדָּו נְאֻם־יְהוָה לֹא־אֶחְמוֹל וְלֹא־אָחוּס וְלֹא אֲרַחֵם מֵהַשְׁחִיתָם ׃	καὶ διασκορπιῶ αὐτοὺς ἄνδρα καὶ τὸν ἀδελφὸν αὐτοῦ, καὶ τοὺς πατέρας αὐτῶν καὶ τοὺς υἱοὺς αὐτῶν ἐν τῷ αὐτῷ· οὐκ ἐπιποθήσω, λέγει Κύριος, καὶ οὐ φείσομαι καὶ οὐκ οἰκτειρήσω ἀπὸ διαφθορᾶς αὐτῶν.	et dispergam eos virum a fratre suo et patres et filios pariter ait Dominus non parcam et non concedam neque miserebor ut non disperdam eos	Et dispergam eos virum a fratre suo, et patres et filios pariter, ait Dominus. Non parcam, et non concedam: neque miserebor, ut non disperdam eos.		And I will dash them one against another, even the fathers and the sons together, saith the Lord: I will not pity, nor spare, nor have mercy, but destroy them.
Jer	13	15	ס שִׁמְעוּ וְהַאֲזִינוּ אַל־תִּגְבָּהוּ כִּי יְהוָה דִּבֵּר ׃	Ἀκούσατε καὶ ἐνωτίσασθε, καὶ μὴ ἐπαίρεσθε, ὅτι Κύριος ἐλάλησεν·	audite et auribus percipite nolite elevari quia Dominus locutus est	Audite, et auribus percipite: nolite elevari, quia Dominus locutus est.		Hear ye, and give ear; be not proud: for the Lord hath spoken.
Jer	13	16	תְּנוּ לַיהוָה אֱלֹהֵיכֶם כָּבוֹד בְּטֶרֶם יַחְשִׁךְ וּבְטֶרֶם יִתְנַגְּפוּ רַגְלֵיכֶם עַל־הָרֵי נָשֶׁף וְקִוִּיתֶם לְאוֹר וְשָׂמָהּ לְצַלְמָוֶת יָשִׁית לַעֲרָפֶל ׃	δότε τῷ κυρίῳ θεῷ ὑμῶν δόξαν πρὸ τοῦ συσκοτάσαι καὶ πρὸ τοῦ προσκόψαι πόδας ὑμῶν ἐπʼ ὄρη σκοτινά· καὶ ἀναμενεῖτε εἰς φῶς, καὶ ἐκεῖ σκιὰ θανάτου, καὶ τεθήσονται εἰς σκότος.	date Domino Deo vestro gloriam antequam contenebrescat et antequam offendant pedes vestri ad montes caligosos expectabitis lucem et ponet eam in umbram mortis et in caliginem	Date Domino Deo vestro gloriam antequam contenebrescat, et antequam offendant pedes vestri ad montes caliginosos: exspectabitis lucem, et ponet eam in umbram mortis, et in caliginem.		Give glory to the Lord your God, before he cause darkness, and before your feet stumble upon the dark mountains, and, while ye look for light, he turn it into the shadow of death, and make it gross darkness.
Jer	13	17	וְאִם לֹא תִשְׁמָעוּהָ בְּמִסְתָּרִים תִּבְכֶּה־נַפְשִׁי מִפְּנֵי גֵוָה וְדָמֹעַ תִּדְמַע וְתֵרַד עֵינִי דִּמְעָה כִּי נִשְׁבָּה עֵדֶר יְהוָה ׃ ס	ἐὰν δὲ μὴ ἀκούσητε, κεκρυμμέναως κλαύσεται ἡ ψυχὴ ὑμῶν ἀπὸ προσώπου ὕβρεως, καὶ κατάξουσιν οἱ ὀφθαλμοὶ ὑμῶν δάκρυα, ὅτι συνετρίβη τὸ ποίμνιον Κυρίου.	quod si hoc non audieritis in abscondito plorabit anima mea a facie superbiae plorans plorabit et deducet oculus meus lacrimam quia captus est grex Domini	Quod si hoc non audieritis, in abscondito plorabit anima mea a facie superbi: plorans plorabit, et deducet oculus meus lacrimam, quia captus est grex Domini.		But if ye will not hear it, my soul shall weep in secret places for your pride; and mine eye shall weep sore, and run down with tears, because the Lord's flock is carried away captive.
Jer	13	18	אֱמֹר לַמֶּלֶךְ וְלַגְּבִירָה הַשְׁפִּילוּ שֵׁבוּ כִּי יָרַד מַרְאֲשׁוֹתֵיכֶם עֲטֶרֶת תִּפְאַרְתְּכֶם ׃	κἴπατε τῷ βασιλεῖ καὶ τοῖς δυναστεύουσιν Ταπεινώθητε καὶ καθίσατε, ὅτι καθῃρέθη ἀπὸ κεφαλῆς ὑμῶν στέφανος δόξης ὑμῶν.	dic regi et dominatrici humiliamini sedete quoniam descendit de capite vestro corona gloriae vestrae	Dic regi et dominatrici: Humiliamini, sedete, quoniam descendit de capite vestro corona glori vestr.		Say unto the king and to the queen, Humble yourselves, sit down: for your principalities shall come down, even the crown of your glory.
Jer	13	19	עָרֵי הַנֶּגֶב סֻגְּרוּ וְאֵין פֹּתֵחַ הָגְלָת יְהוּדָה כֻּלָּהּ הָגְלָת שְׁלוֹמִים ׃ ס	πόλεις αἱ πρὸς νότον συνεκλείσθησαν, καὶ οὐκ ἧν ὁ ἀνοίγων· ἀποικίσθη Ἰούδας, συνετέλεσαν ἀποικίαν τελείαν.	civitates austri clausae sunt et non est qui aperiat translata est omnis Iudaea transmigratione perfecta	Civitates austri claus sunt, et non est qui aperiat. Translata est omnis Juda transmigratione perfecta.		The cities of the south shall be shut up, and none shall open them: Judah shall be carried away captive all of it, it shall be wholly carried away captive.
Jer	13	20	שְׂאיּ עֵינֵיכֶם וּרְאיּ הַבָּאִים מִצָּפוֹן אַיֵּה הָעֵדֶר נִתַּן־לָךְ צֹאן תִּפְאַרְתֵּךְ ׃	Ἀνάλαβε ὀφθαλμούς σου, Ἰερουσαλήμ, καὶ ἴδὲ τοὺς ἐρχομένους ἀπὸ βορρᾶ· ποῦ ἐστιν τὸ ποίμνιον ὃ ἐδόθη σοι, πρόβατα δόξης σου;	levate oculos vestros et videte qui venitis ab aquilone ubi est grex qui datus est tibi pecus inclitum tuum	Levate oculos vestros, et videte qui venitis ab aquilone: ubi est grex qui datus est tibi, pecus inclytum tuum?		Lift up your eyes, and behold them that come from the north: where is the flock that was given thee, thy beautiful flock?
Jer	13	21	מַה־תֹּאמְרִי כִּי־יִפְקֹד עָלַיִךְ וְאַתְּ לִמַּדְתְּ אֹתָם עָלַיִךְ אַלֻּפִים לְרֹאשׁ הֲלוֹא חֲבָלִים יֹאחֱזוּךְ כְּמוֹ אֵשֶׁת לֵדָה ׃	τί ἐρεῖς ὅταν ἐπισκέπτωνταί σε ; καὶ σὺ ἐδίδαξας αὐτοὺς ἐπὶ σέ μαθήματα εἰς ἀρχήν· οὐκ ὠδῖνες καθέξουσίν σε καθὼς γυναῖκα τίκτουσαν;	quid dices cum visitaverit te tu enim docuisti eos adversum te et erudisti in caput tuum numquid non dolores adprehendent te quasi mulierem parturientem	Quid dices cum visitaverit te? tu enim docuisti eos adversum te, et erudisti in caput tuum. Numquid non dolores apprehendent te, quasi mulierem parturientem?		What wilt thou say when he shall punish thee? for thou hast taught them to be captains, and as chief over thee: shall not sorrows take thee, as a woman in travail?
Jer	13	22	וְכִי תֹאמְרִי בִּלְבָבֵךְ מַדּוּעַ קְרָאֻנִי אֵלֶּה בְּרֹב עֲוֹנֵךְ נִגְלוּ שׁוּלַיִךְ נֶחְמְסוּ עֲקֵבָיִךְ ׃	καὶ ἐὰν εἴπῃς ἐν τῇ καρδίᾳ σου Διὰ τί ἀπήντησέν μοι ταῦτα; διὰ τὸ πλῆθος τῆς ἀδικίας σου ἀνεκαλύφθη τὰ ὀπίσθιά σου, παραδειγματισθῆναι τὰς πτέρνας σου.	quod si dixeris in corde tuo quare venerunt mihi haec propter multitudinem iniquitatis tuae revelata sunt verecundiora tua pollutae sunt plantae tuae	Quod si dixeris in corde tuo: Quare venerunt mihi hc? propter multitudinem iniquitatis tu revelata sunt verecundiora tua, pollut sunt plant tu.		And if thou say in thine heart, Wherefore come these things upon me? For the greatness of thine iniquity are thy skirts discovered, and thy heels made bare.
Jer	13	23	הֲיַהֲפֹךְ כּוּשִׁי עוֹרוֹ וְנָמֵר חֲבַרְבֻּרֹתָיו גַּם־אַתֶּם תּוּכְלוּ לְהֵיטִיב לִמֻּדֵי הָרֵעַ ׃	κἰ ἀλλάξεται Αἰθίοψ τὸ δέρμα αὐτοῦ καὶ πάρδαλις τὰ ποικίλματα αὐτῆς; καὶ ὑμεῖς δυνήσεσθε εὖ ποιῆσαι μεμαθηκότες τὰ κακά.	si mutare potest Aethiops pellem suam aut pardus varietates suas et vos poteritis bene facere cum didiceritis malum	Si mutare potest thiops pellem suam, aut pardus varietates suas, et vos poteritis benefacere, cum didiceritis malum.		Can the Ethiopian change his skin, or the leopard his spots? then may ye also do good, that are accustomed to do evil.
Jer	13	24	וַאֲפִיצֵם כְּקַשׁ־עוֹבֵר לְרוּחַ מִדְבָּר ׃	καὶ διέσπειρα αὐτοὺς ὡς φρύγανα φερόμενα ἀπὸ ἀνέμου εἰς ἔρημον.	et disseminabo eos quasi stipulam quae vento raptatur in deserto	Et disseminabo eos quasi stipulam qu vento raptatur in deserto.		Therefore will I scatter them as the stubble that passeth away by the wind of the wilderness.
Jer	13	25	זֶה גוֹרָלֵךְ מְנָת־מִדַּיִךְ מֵאִתִּי נְאֻם־יְהוָה אֲשֶׁר שָׁכַחַתְּ אוֹתִי וַתִּבְטְחִי בַּשָּׁקֶר ׃	οὗτος ὁ κλῆρός σου καὶ μερὶς τοῦ ἀπειθεῖν ὑμᾶς ἐμοί, λέγει Κύριος· ὡς ἐπελάθου μου καὶ ἤλπισας ἐπὶ ψεύδεσιν,	haec sors tua parsque mensurae tuae a me dicit Dominus quia oblita es mei et confisa es in mendacio	Hc sors tua, parsque mensur tu a me, dicit Dominus, quia oblita es mei, et confisa es in mendacio.		This is thy lot, the portion of thy measures from me, saith the Lord; because thou hast forgotten me, and trusted in falsehood.
Jer	13	26	וְגַם־אֲנִי חָשַׂפְתִּי שׁוּלַיִךְ עַל־פָּנָיִךְ וְנִרְאָה קְלוֹנֵךְ ׃	κἀγὼ ἀποκαλύψω τὰ ὀπίσω σου ἐπὶ τὸ πρόσωπόν σου, καὶ ὀφθήσεται ἡ ἀτιμία σου	unde et ego nudavi femora tua contra faciem tuam et apparuit ignominia tua	Unde et ego nudavi femora tua contra faciem tuam, et apparuit ignominia tua,		Therefore will I discover thy skirts upon thy face, that thy shame may appear.
Jer	13	27	נִאֻפַיִךְ וּמִצְהֲלוֹתַיִךְ זִמַּת זְנוּתֵךְ עַל־גְּבָעוֹת בַּשָּׂדֶה רָאִיתִי שִׁקּוּצָיִךְ אוֹי לָךְ יְרוּשָׁלַםִ לֹא תִטְהֲרִי אַחֲרֵי מָתַי עֹד ׃ פ	καὶ ἡ μοιχεία σου καὶ χρεμετισμός σου καὶ ἡ ἀπαλλοτρίωσις τῆς πορνείας σου· ἐπὶ τῶν βουνῶν καὶ ἐν τοῖς ἀγροῖς ἑώρακα τὰ βδελύγματά σου. οὐαί σοι, Ἰερουσαλήμ, ὅτι οὐκ ἐκαθαρίσθης ὀπίσω μου, ἕως τίνος ἔτι;	adulteria tua et hinnitus tuus scelus fornicationis tuae super colles in agro vidi abominationes tuas vae tibi Hierusalem non mundaberis post me usquequo adhuc	adulteria tua, et hinnitus tuus, scelus fornicationis tu: super colles in agro vidi abominationes tuas. V tibi, Jerusalem! non mundaberis post me: usquequo adhuc?]		I have seen thine adulteries, and thy neighings, the lewdness of thy whoredom, and thine abominations on the hills in the fields. Woe unto thee, O Jerusalem! wilt thou not be made clean? when shall it once be?
Jer	14	1	אֲשֶׁר הָיָה דְבַר־יְהוָה אֶל־יִרְמְיָהוּ עַל־דִּבְרֵי הַבַּצָּרוֹת ׃	Καὶ ἐγένετο λόγος Κυρίου πρὸς Ἰερεμίαν περὶ τῆς ἀβροχίας.	quod factum est verbum Domini ad Hieremiam de sermonibus siccitatis	Quod factum est verbum Domini ad Jeremiam, de sermonibus siccitatis.		The word of the Lord that came to Jeremiah concerning the dearth.
Jer	14	2	אָבְלָה יְהוּדָה וּשְׁעָרֶיהָ אֻמְלְלוּ קָדְרוּ לָאָרֶץ וְצִוְחַת יְרוּשָׁלַםִ עָלָתָה ׃	Ἐπένθησεν ἡ Ἰουδαία, καὶ αἱ πύλαι αὐτῆς ἐκενώθησαν, καὶ ἐσκοτώθησαν ἐπὶ τῆς γῆς, καὶ ἡ κραυγὴ τῆς Ἰερουσαλὴμ ἀνέβη,	luxit Iudaea et portae eius corruerunt et obscuratae sunt in terra et clamor Hierusalem ascendit	[Luxit Juda et port ejus corruerunt, et obscurat sunt in terra, et clamor Jerusalem ascendit.		Judah mourneth, and the gates thereof languish; they are black unto the ground; and the cry of Jerusalem is gone up.
Jer	14	3	וְאַדִּרֵיהֶם שָׁלְחוּ צְעוֹרֵיהֶם לַמָּיִם בָּאוּ עַל־גֵּבִים לֹא־מָצְאוּ מַיִם שָׁבוּ כְלֵיהֶם רֵיקָם בֹּשׁוּ וְהָכְלְמוּ וְחָפוּ רֹאשָׁם ׃	καὶ οἱ μεγιστᾶνες αὐτῆς ἀπέστειλαν τοὺς νεωτέρους αὐτῶν ἐφʼ ὕδωρ· ἤλθοσαν ἐπὶ τὰ φρέατα, καὶ οὐχ εὔροσαν ὕδωρ, καὶ ἀπέστρεψαν τὰ ἄγγια αὐτῶν κενά.	maiores miserunt minores suos ad aquam venerunt ad hauriendum non invenerunt aquam reportaverunt vasa sua vacua confusi sunt et adflicti et operuerunt capita sua	Majores miserunt minores suos ad aquam: venerunt ad hauriendum; non invenerunt aquam, reportaverunt vasa sua vacua. Confusi sunt, et afflicti, et operuerunt capita sua.		And their nobles have sent their little ones to the waters: they came to the pits, and found no water; they returned with their vessels empty; they were ashamed and confounded, and covered their heads.
Jer	14	4	בַּעֲבוּר הָאֲדָמָה חַתָּה כִּי לֹא־הָיָה גֶשֶׁם בָּאָרֶץ בֹּשׁוּ אִכָּרִים חָפוּ רֹאשָׁם ׃	καὶ τὰ ἔργα τῆς γῆς ἐξέλιπεν, ὅτι οὐκ ἦν ὑετός· ἠσχύνθησαν οἱ γεωργοί, ἐπεκάλυψαν τὰς κεφαλὰς αὐτῶν.	propter terrae vastitatem quia non venit pluvia in terra confusi sunt agricolae operuerunt capita sua	Propter terr vastitatem, quia non venit pluvia in terram, confusi sunt agricol: operuerunt capita sua.		Because the ground is chapt, for there was no rain in the earth, the plowmen were ashamed, they covered their heads.
Jer	14	5	כִּי גַם־אַיֶּלֶת בַּשָּׂדֶה יָלְדָה וְעָזוֹב כִּי לֹא־הָיָה דֶּשֶׁא ׃	καὶ ἔλαφοι ἐν ἀγρῷ ἔτεκον καὶ ἐνκατέλιπον, ὅτι οὐκ ἦν βοτάνη.	nam et cerva in agro peperit et reliquit quia non erat herba	Nam et cerva in agro peperit, et reliquit, quia non erat herba.		Yea, the hind also calved in the field, and forsook it, because there was no grass.
Jer	14	6	וּפְרָאִים עָמְדוּ עַל־שְׁפָיִם שָׁאֲפוּ רוּחַ כַּתַּנִּים כָּלוּ עֵינֵיהֶם כִּי־אֵין עֵשֶׂב ׃	ὄνοι ἄγριοι ἔστησαν ἐπὶ νάπας· εἴλκυσαν ἄνεμον, ἐξέλιπον οἱ ὀφθαλμοὶ αὐτῶν, ὅτι οὐκ ἦν χόρτος.	et onagri steterunt in rupibus traxerunt ventum quasi dracones defecerunt oculi eorum quia non erat herba	Et onagri steterunt in rupibus, traxerunt ventum quasi dracones, defecerunt oculi eorum, quia non erat herba.		And the wild asses did stand in the high places, they snuffed up the wind like dragons; their eyes did fail, because there was no grass.
Jer	14	7	אִם־עֲוֹנֵינוּ עָנוּ בָנוּ יְהוָה עֲשֵׂה לְמַעַן שְׁמֶךָ כִּי־רַבּוּ מְשׁוּבֹתֵינוּ לְךָ חָטָאנוּ ׃	Αἱ ἁμαρτίαι ἡμῶν ἀντέστησαν ἡμῖν· Κύριε, ποίησον ἡμῖν ἕνεκεν σοῦ, ὅτι πολλαὶ αἱ ἁμαρτίαι ἡμῶν ἐναντίον σοῦ, ὅτι σοὶ ἡμάρτομεν.	si iniquitates nostrae responderunt nobis Domine fac propter nomen tuum quoniam multae sunt aversiones nostrae tibi peccavimus	Si iniquitates nostr responderint nobis, Domine, fac propter nomen tuum: quoniam mult sunt aversiones nostr, tibi peccavimus.		O Lord, though our iniquities testify against us, do thou it for thy name's sake: for our backslidings are many; we have sinned against thee.
Jer	14	8	מִקְוֵה יִשְׂרָאֵל מוֹשִׁיעוֹ בְּעֵת צָרָה לָמָּה תִהְיֶה כְּגֵר בָּאָרֶץ וּכְאֹרֵחַ נָטָה לָלוּן ׃	ὑπομονὴ Ἰσραήλ, Κύριε, καὶ σώζεις ἐν καιρῷ κακῶν· ἴνα τί ἐγενήθης ὡσεὶ πάροικος ἐπὶ τῆς γῆς καὶ ὡς αὐτόχθων ἐκκλίνων εἰς κατάλυμα;	expectatio Israhel salvator eius in tempore tribulationis quare quasi colonus futurus es in terra et quasi viator declinans ad manendum	Exspectatio Isral, salvator ejus in tempore tribulationis, quare quasi colonus futurus es in terra, et quasi viator declinans ad manendum?		O the hope of Israel, the saviour thereof in time of trouble, why shouldest thou be as a stranger in the land, and as a wayfaring man that turneth aside to tarry for a night?
Jer	14	9	לָמָּה תִהְיֶה כְּאִישׁ נִדְהָם כְּגִבּוֹר לֹא־יוּכַל לְהוֹשִׁיעַ וְאַתָּה בְקִרְבֵּנוּ יְהוָה וְשִׁמְךָ עָלֵינוּ נִקְרָא אַל־תַּנִּחֵנוּ ׃ ס	μὴ ἔσῃ ὥσπερ ἄνθρωπος ὑπνῶν ἢ ὡς ἀνὴρ οὐ δυνάμενος σώζειν; καὶ σὺ ἐν ἡμῖν εἶ, Κύριε, καὶ τὸ ὄνομά σου ἐπικέκληται ἐφʼ ἡμᾶς· μὴ ἐπιλάθῃ ἡμῶν.	quare futurus es velut vir vagus ut fortis qui non potest salvare tu autem in nobis es Domine et nomen tuum super nos invocatum est ne derelinquas nos	Quare futurus es velut vir vagus, ut fortis qui non potest salvare? Tu autem in nobis es, Domine, et nomen tuum invocatum est super nos: ne derelinquas nos.		Why shouldest thou be as a man astonied, as a mighty man that cannot save? yet thou, O Lord, art in the midst of us, and we are called by thy name; leave us not.
Jer	14	10	כֹּה־אָמַר יְהוָה לָעָם הַזֶּה כֵּן אָהֲבוּ לָנוּעַ רַגְלֵיהֶם לֹא חָשָׂכוּ וַיהוָה לֹא רָצָם עַתָּה יִזְכֹּר עֲוֹנָם וְיִפְקֹד חַטֹּאתָם ׃ ס	Οὕτως λέγει Κύριος τῷ λαῷ τούτῳ Ἠγάπησαν κινεῖν πόδας αὐτῶν καὶ οὐκ ἐφείσαντο, καὶ ὁ θεὸς οὐκ εὐόδωσιν ἐν αὐτοῖς· νῦν μνησθήσεται τῆς ἀδικίας αὐτῶν.	haec dicit Dominus populo huic qui dilexit movere pedes suos et non quievit et Domino non placuit nunc recordabitur iniquitatum eorum et visitabit peccata eorum	Hc dicit Dominus populo huic, qui dilexit movere pedes suos, et non quievit, et Domino non placuit: nunc recordabitur iniquitatum eorum, et visitabit peccata eorum.		Thus saith the Lord unto this people, Thus have they loved to wander, they have not refrained their feet, therefore the Lord doth not accept them; he will now remember their iniquity, and visit their sins.
Jer	14	11	וַיֹּאמֶר יְהוָה אֵלָי אַל־תִּתְפַּלֵּל בְּעַד־הָעָם הַזֶּה לְטוֹבָה ׃	καὶ εἶπεν Κύριος πρὸς μέ Μὴ προσεύχου περὶ τοῦ λαοῦ τούτου εἰς ἀγαθά,	et dixit Dominus ad me noli orare pro populo isto in bonum	Et dixit Dominus ad me: Noli orare pro populo isto in bonum.		Then said the Lord unto me, Pray not for this people for their good.
Jer	14	12	כִּי יָצֻמוּ אֵינֶנִּי שֹׁמֵעַ אֶל־רִנָּתָם וְכִי יַעֲלוּ עֹלָה וּמִנְחָה אֵינֶנִּי רֹצָם כִּי בַּחֶרֶב וּבָרָעָב וּבַדֶּבֶר אָנֹכִי מְכַלֶּה אוֹתָם ׃ ס	ὅτι ἐὰν νηστεύσωσιν, οὐκ εἰσακούσομαι τῆς δεήσεως αὐτῶν, καὶ ἐὰν προσενέγκωσιν ὁλοκαυτώματα καὶ θυσίας, οὐκ εὐδοκήσω ἐν αὐτοῖς, ὅτι ἐν μαχαίρᾳ καὶ ἐν λιμῷ καὶ ἐν θανάτῳ ἐγὼ συντελέσω αὐτοὺς.	cum ieiunaverint non exaudiam preces eorum et si obtulerint holocaustomata et victimas non suscipiam ea quoniam gladio et fame et peste ego consumam eos	Cum jejunaverint, non exaudiam preces eorum: et si obtulerint holocautomata et victimas, non suscipiam ea, quoniam gladio, et fame, et peste consumam eos.]		When they fast, I will not hear their cry; and when they offer burnt offering and an oblation, I will not accept them: but I will consume them by the sword, and by the famine, and by the pestilence.
Jer	14	13	וָאֹמַר אֲהָהּ אֲדֹנָי יְהוִה הִנֵּה הַנְּבִאִים אֹמְרִים לָהֶם לֹא־תִרְאוּ חֶרֶב וְרָעָב לֹא־יִהְיֶה לָכֶם כִּי־שְׁלוֹם אֱמֶת אֶתֵּן לָכֶם בַּמָּקוֹם הַזֶּה ׃ ס	καὶ εἶπα ὤν, Κύριε, ἰδοὺ οἱ προφῆται αὐτῶν προφητεύουσιν καὶ λέγουσιν Οὐκ ὄψεσθε μάχαιραν, οὐδὲ λιμὸς ἔσται ἐν ὑμῖν, ὅτι ἀλήθειαν καὶ εἰρήνην δώσω ἐπὶ τῆς γῆς καὶ ἐν τῷ τόπω τούτῳ.	et dixi a a a Domine Deus prophetae dicunt eis non videbitis gladium et famis non erit in vobis sed pacem veram dabit vobis in loco isto	Et dixi: [A, a, a, Domine Deus: prophet dicunt eis: Non videbitis gladium, et fames non erit in vobis: sed pacem veram dabit vobis in loco isto.]		Then said I, Ah, Lord God! behold, the prophets say unto them, Ye shall not see the sword, neither shall ye have famine; but I will give you assured peace in this place.
Jer	14	14	וַיֹּאמֶר יְהוָה אֵלַי שֶׁקֶר הַנְּבִאִים נִבְּאִים בִּשְׁמִי לֹא שְׁלַחְתִּים וְלֹא צִוִּיתִים וְלֹא דִבַּרְתִּי אֲלֵיהֶם חֲזוֹן שֶׁקֶר וְקֶסֶם וֶאֱלִול וְתַרְמִות לִבָּם הֵמָּה מִתְנַבְּאִים לָכֶם ׃ ס	καὶ εἶπεν Κύριος πρὸς μέ Ψευδῆ οἱ προφῆται προφητεύουσιν ἐπὶ τῷ ὀνόματί μου, οὐκ ἀπέστειλα αὐτοὺς καὶ οὐκ ἐνετειλάμην αὐτοῖς καὶ οὐκ ἐλάλησα πρὸς αὐτούς· ὅτι ὁράσεις ψευδεῖς καὶ μαντείας καὶ οἰωνίσματα καὶ προαιρέσεις καρδίας αὐτῶν αὐτοὶ προφητεύουσιν ὑμὶν,	et dixit Dominus ad me falso prophetae vaticinantur in nomine meo non misi eos et non praecepi eis neque locutus sum ad eos visionem mendacem et divinationem et fraudulentiam et seductionem cordis sui prophetant vobis	Et dicit Dominus ad me: [Falso prophet vaticinantur in nomine meo: non misi eos, et non prcepi eis, neque locutus sum ad eos. Visionem mendacem, et divinationem, et fraudulentiam, et seductionem cordis sui, prophetant vobis.		Then the Lord said unto me, The prophets prophesy lies in my name: I sent them not, neither have I commanded them, neither spake unto them: they prophesy unto you a false vision and divination, and a thing of nought, and the deceit of their heart.
Jer	14	15	לָכֵן כֹּה־אָמַר יְהוָה עַל־הַנְּבִאִים הַנִּבְּאִים בִּשְׁמִי וַאֲנִי לֹא־שְׁלַחְתִּים וְהֵמָּה אֹמְרִים חֶרֶב וְרָעָב לֹא יִהְיֶה בָּאָרֶץ הַזֹּאת בַּחֶרֶב וּבָרָעָב יִתַּמּוּ הַנְּבִאִים הָהֵמָּה ׃	διὰ τοῦτο τάδε λέγει Κύριος περὶ τῶν προφητῶν, τῶν προφητῶν τῶν προφητευόντων ἐπὶ τῷ ὀνόματί μου ψευδῆ, καὶ ἐγὼ οὐκ ἀπέστειλα αὐτούς, οἳ λέγουσιν Μάχαιρα καὶ λιμὸς οὐκ ἔσται ἐπὶ τῆς γῆς ταύτης Ἐν θανάτῳ νοσερῷ ἀποθανοῦνται, καὶ ἐν λιμῷ συντελεσθήσονται οἱ προφῆται	ideo haec dicit Dominus de prophetis qui prophetant in nomine meo quos ego non misi dicentes gladius et famis non erit in terra hac in gladio et fame consumentur prophetae illi	Idcirco hc dicit Dominus de prophetis qui prophetant in nomine meo, quos ego non misi, dicentes: Gladius et fames non erit in terra hac: In gladio et fame consumentur prophet illi.		Therefore thus saith the Lord concerning the prophets that prophesy in my name, and I sent them not, yet they say, Sword and famine shall not be in this land; By sword and famine shall those prophets be consumed.
Jer	14	16	וְהָעָם אֲשֶׁר־הֵמָּה נִבְּאִים לָהֶם יִהְיוּ מֻשְׁלָכִים בְּחֻצוֹת יְרוּשָׁלַםִ מִפְּנֵי הָרָעָב וְהַחֶרֶב וְאֵין מְקַבֵּר לָהֵמָּה הֵמָּה נְשֵׁיהֶם וּבְנֵיהֶם וּבְנֹתֵיהֶם וְשָׁפַכְתִּי עֲלֵיהֶם אֶת־רָעָתָם ׃	καὶ ὁ λαὸς οἷς αὐτοὶ προφητεύουσιν αὐτοῖς, καὶ ἔσονται ἐριμμένοι ἐν ταῖς ὁδοῖς Ἰερουσαλὴμ ἀπὸ προσώπου μαχαίρας καὶ τοῦ λιμοῦ, καὶ οὐκ ἔσται ὁ θάπτων αὐτούς, καὶ αἱ γυναῖκες αὐτῶν καὶ οἱ υἱοὶ αὐτῶν καὶ αἱ θυγατέρες αὐτῶν, καὶ ἐκχεῶ ἐπʼ αὐτοὺς τὰ κακὰ αὐτῶν.	et populi quibus prophetant erunt proiecti in viis Hierusalem prae fame et gladio et non erit qui sepeliat eos ipsi et uxores eorum filii et filiae eorum et effundam super eos malum suum	Et populi quibus prophetant erunt projecti in viis Jerusalem pr fame et gladio, et non erit qui sepeliat eos: ipsi et uxores eorum, filii et fili eorum: et effundam super eos malum suum.		And the people to whom they prophesy shall be cast out in the streets of Jerusalem because of the famine and the sword; and they shall have none to bury them, them, their wives, nor their sons, nor their daughters: for I will pour their wickedness upon them.
Jer	14	17	וְאָמַרְתָּ אֲלֵיהֶם אֶת־הַדָּבָר הַזֶּה תֵּרַדְנָה עֵינַי דִּמְעָה לַיְלָה וְיוֹמָם וְאַל־תִּדְמֶינָה כִּי שֶׁבֶר גָּדוֹל נִשְׁבְּרָה בְּתוּלַת בַּת־עַמִּי מַכָּה נַחְלָה מְאֹד ׃	καὶ ἐρεῖς πρὸς αὐτοὺς τὸν λόγον τοῦτον Καταγάγετε ἐπʼ ὀφθαλμοὺς ὑμῶν δάκρυα ἡμέρας καὶ νυκτὸς καὶ μὴ διαλιπέτωσαν, ὅτι συντρίμματι συνετρίβη θυγάτηρ λαοῦ μου, καὶ πληγῇ ὀδυνηρᾷ σφόδρα.	et dices ad eos verbum istud deducant oculi mei lacrimam per noctem et diem et non taceant quoniam contritione magna contrita est virgo filia populi mei plaga pessima vehementer	Et dices ad eos verbum istud: Deducant oculi mei lacrimam per noctem et diem, et non taceant, quoniam contritione magna contrita est virgo filia populi mei, plaga pessima vehementer.		Therefore thou shalt say this word unto them; Let mine eyes run down with tears night and day, and let them not cease: for the virgin daughter of my people is broken with a great breach, with a very grievous blow.
Jer	14	18	אִם־יָצָאתִי הַשָּׂדֶה וְהִנֵּה חַלְלֵי־חֶרֶב וְאִם בָּאתִי הָעִיר וְהִנֵּה תַּחֲלוּאֵי רָעָב כִּי־גַם־נָבִיא גַם־כֹּהֵן סָחֲרוּ אֶל־אֶרֶץ וְלֹא יָדָעוּ ׃ ס	ἐὰν ἐξέλθω εἰς τὸ πεδίον, καὶ ἰδοὺ τραυματίαι μαχαίρας, καὶ ἐὰν εἰσέλθω εἰς τὴν πόλιν, καὶ ἰδοὺ πόνος λιμοῦ, ὅτι ἱερεὺς καὶ προφήτης ἐπορεύθησαν εἰς γῆν ἣν οὐκ ᾔδεισαν.	si egressus fuero ad agros ecce occisi gladio et si introiero in civitatem ecce adtenuati fame propheta quoque et sacerdos abierunt in terram quam ignorabant	Si egressus fuero ad agros, ecce occisi gladio: et si introiero in civitatem, ecce attenuati fame. Propheta quoque et sacerdos abierunt in terram quam ignorabant.		If I go forth into the field, then behold the slain with the sword! and if I enter into the city, then behold them that are sick with famine! yea, both the prophet and the priest go about into a land that they know not.
Jer	14	19	הֲמָאֹס מָאַסְתָּ אֶת־יְהוּדָה אִם־בְּצִיּוֹן גָּעֲלָה נַפְשֶׁךָ מַדּוּעַ הִכִּיתָנוּ וְאֵין לָנוּ מַרְפֵּא קַוֵּה לְשָׁלוֹם וְאֵין טוֹב וּלְעֵת מַרְפֵּא וְהִנֵּה בְעָתָה ׃	Μὴ ἀποδοκιμάζων ἀπεδοκίμασας τὸν Ἰούδαν, καὶ ἀπὸ Σειὼν ἀπέστη ἡ ψυχή σου; ἵνα τί ἔπαισας ἡμᾶς καὶ οὐκ ἔστιν ἡμίν ἴασις; ὑπεμείναμεν εἰς εἰρήνην, καὶ οὐκ ἦν ἀγαθά· εἰς καιρὸν ἰάσεως, καὶ ἰδοὺ ταραχή.	numquid proiciens abiecisti Iudam aut Sion abominata est anima tua quare ergo percussisti nos ita ut nulla sit sanitas expectavimus pacem et non est bonum et tempus curationis et ecce turbatio	Numquid projiciens abjecisti Judam? aut Sion abominata est anima tua? Quare ergo percussisti nos ita ut nulla sit sanitas? Exspectavimus pacem, et non est bonum: et tempus curationis, et ecce turbatio.		Hast thou utterly rejected Judah? hath thy soul lothed Zion? why hast thou smitten us, and there is no healing for us? we looked for peace, and there is no good; and for the time of healing, and behold trouble!
Jer	14	20	יָדַעְנוּ יְהוָה רִשְׁעֵנוּ עֲוֹן אֲבוֹתֵינוּ כִּי חָטָאנוּ לָךְ ׃	ἔγνωμεν, Κύριε, ἁματρήματα ἡμῶν, ἀδικίας πατέρων ἡμῶν, ὅτι ἡμάρτομεν ἐναντίον συυ.	cognovimus Domine impietates nostras iniquitatem patrum nostrorum quia peccavimus tibi	Cognovimus, Domine, impietates nostras, iniquitates patrum nostrorum, quia peccavimus tibi.		We acknowledge, O Lord, our wickedness, and the iniquity of our fathers: for we have sinned against thee.
Jer	14	21	אַל־תִּנְאַץ לְמַעַן שִׁמְךָ אַל־תְּנַבֵּל כִּסֵּא כְבוֹדֶךָ זְכֹר אַל־תָּפֵר בְּרִיתְךָ אִתָּנוּ ׃	κόπασον διὰ τὸ ὄνομά σου, μὴ ἀπολέσῃς θρόνον δόξης σου· μνήσθητι, μὴ διασκεδάσῃς τὴν διαθήκην σου τὴν μεθʼ ἡμῶν·	ne nos des in obprobrium propter nomen tuum neque facias nobis contumeliam solii gloriae tuae recordare ne irritum facias foedus tuum nobiscum	Ne des nos in opprobrium, propter nomen tuum, neque facias nobis contumeliam solii glori tu: recordare, ne irritum facias fdus tuum nobiscum.		Do not abhor us, for thy name's sake, do not disgrace the throne of thy glory: remember, break not thy covenant with us.
Jer	14	22	הֲיֵשׁ בְּהַבְלֵי הַגּוֹיִם מַגְשִׁמִים וְאִם־הַשָּׁמַיִם יִתְּנוּ רְבִבִים הֲלֹא אַתָּה־הוּא יְהוָה אֱלֹהֵינוּ וּנְקַוֶּה־לָּךְ כִּי־אַתָּה עָשִׂיתָ אֶת־כָּל־אֵלֶּה ׃ פ	μὴ ἔστιν ἐν εἰδώλοις τῶν ἐθνῶν ὑετίζων καὶ εἰ ὁ οὐρανὸς δώσει πλησμονὴν αὐτοῦ; οὐχὶ σὺ εἶ αὐτός; καὶ ὑπομενοῦμέν σε, Κύριε. ὅτι σὺ ἐποίησας πάντα ταῦτα.	numquid sunt in sculptilibus gentium qui pluant aut caeli possunt dare imbres nonne tu es Domine Deus noster quem expectavimus tu enim fecisti omnia haec	Numquid sunt in sculptilibus gentium qui pluant, aut cli possunt dare imbres? Nonne tu es Dominus Deus noster, quem exspectavimus? tu enim fecisti omnia hc.]		Are there any among the vanities of the Gentiles that can cause rain? or can the heavens give showers? art not thou he, O Lord our God? therefore we will wait upon thee: for thou hast made all these things.
Jer	15	1	וַיֹּאמֶר יְהוָה אֵלַי אִם־יַעֲמֹד מֹשֶׁה וּשְׁמוּאֵל לְפָנַי אֵין נַפְשִׁי אֶל־הָעָם הַזֶּה שַׁלַּח מֵעַל־פָּנַי וְיֵצֵאוּ ׃	Καὶ εἶπεν Κύριος πρὸς μέ Ἐὰν στῇ Μωσῆς καὶ Σαμουὴλ πρὸ προσώπου μου, οὐκ ἔστιν ἡ ψυχὴ μου πρὸς σὐτούς· ἐξαπόστειλον τὸν λαὸν τοῦτον, καὶ ἐξελθέτωσαν.	et dixit Dominus ad me si steterit Moses et Samuhel coram me non est anima mea ad populum istum eice illos a facie mea et egrediantur	Et dixit Dominus ad me: [Si steterit Moyses et Samuel coram me, non est anima mea ad populum istum: ejice illos a facie mea, et egrediantur.		Then said the Lord unto me, Though Moses and Samuel stood before me, yet my mind could not be toward this people: cast them out of my sight, and let them go forth.
Jer	15	2	וְהָיָה כִּי־יֹאמְרוּ אֵלֶיךָ אָנָה נֵצֵא וְאָמַרְתָּ אֲלֵיהֶם כֹּה־אָמַר יְהוָה אֲשֶׁר לַמָּוֶת לַמָּוֶת וַאֲשֶׁר לַחֶרֶב לַחֶרֶב וַאֲשֶׁר לָרָעָב לָרָעָב וַאֲשֶׁר לַשְּׁבִי לַשֶּׁבִי ׃	καὶ ἔσται ἐὰν εἴπωσιν πρὸς σέ Ποῦ ἐξελευσόμεθα; καὶ ἐρεῖς πρὸς αὐτοὺς Τάδε λέγει Κύριος Ὅσοι εἰς θάνατον, εἰς θάνατον· καὶ ὅσοι εἰς μάχαιραν, εἰς μάχαιραν· καὶ ὅσοι εἰς λιμόν, εἰς λιμόν· καὶ ὅσοι εἰς αἰχμαλωσίαν, εἰς αἰχμαλωσίαν.	quod si dixerint ad te quo egrediemur dices ad eos haec dicit Dominus qui ad mortem ad mortem et qui ad gladium ad gladium et qui ad famem ad famem et qui ad captivitatem ad captivitatem	Quod si dixerint ad te: Quo egrediemur? dices ad eos: Hc dicit Dominus: Qui ad mortem, ad mortem: et qui ad gladium, ad gladium: et qui ad famem, ad famem: et qui ad captivitatem, ad captivitatem.		And it shall come to pass, if they say unto thee, Whither shall we go forth? then thou shalt tell them, Thus saith the Lord; Such as are for death, to death; and such as are for the sword, to the sword; and such as are for the famine, to the famine; and such as are for the captivity, to the captivity.
Jer	15	3	וּפָקַדְתִּי עֲלֵיהֶם אַרְבַּע מִשְׁפָּחוֹת נְאֻם־יְהוָה אֶת־הַחֶרֶב לַהֲרֹג וְאֶת־הַכְּלָבִים לִסְחֹב וְאֶת־עוֹף הַשָּׁמַיִם וְאֶת־בֶּהֱמַת הָאָרֶץ לֶאֱכֹל וּלְהַשְׁחִית ׃	καὶ ἐκδικήσω ἐπʼ αὐτοὺς τέσσαρα εἴδη, λέγει Κύριος· τὴν μάχαιραν εἰς σφαγήν, καὶ τοὺς κύνας εἰς διασπασμόν, καὶ τὰ θηρία τῆς γῆς καὶ τὰ πετεινά τοῦ οὐρανοῦ εἰς βρῶσιν καὶ διαφθοράν.	et visitabo super eos quattuor species dicit Dominus gladium ad occisionem et canes ad lacerandum et volatilia caeli et bestias terrae ad devorandum et dissipandum	Et visitabo super eos quatuor species, dicit Dominus: gladium ad occisionem, et canes ad lacerandum, et volatilia cli et bestias terr ad devorandum et dissipandum.		And I will appoint over them four kinds, saith the Lord: the sword to slay, and the dogs to tear, and the fowls of the heaven, and the beasts of the earth, to devour and destroy.
Jer	15	4	וּנְתַתִּים לִזְוָעָה לְכֹל מַמְלְכוֹת הָאָרֶץ בִּגְלַל מְנַשֶּׁה בֶן־יְחִזְקִיָּהוּ מֶלֶךְ יְהוּדָה עַל אֲשֶׁר־עָשָׂה בִּירוּשָׁלָםִ ׃	καὶ παραδώσω αὐτοὺς εἰς ἀνάγκας πάσαις ταῖς βασιλείαις τῆς γῆς διὰ Μανασσὴ υἱὸν Ἐζεκίου βασιλέα Ἰούδα, περὶ πάντων ὧν ἐποίησεν ἐν Ἰερουσαλήμ.	et dabo eos in fervorem universis regnis terrae propter Manassem filium Ezechiae regis Iuda super omnibus quae fecit in Hierusalem	Et dabo eos in fervorem universis regnis terr, propter Manassen, filium Ezechi, regis Juda, super omnibus qu fecit in Jerusalem.		And I will cause them to be removed into all kingdoms of the earth, because of Manasseh the son of Hezekiah king of Judah, for that which he did in Jerusalem.
Jer	15	5	כִּי מִי־יַחְמֹל עָלַיִךְ יְרוּשָׁלַםִ וּמִי יָנוּד לָךְ וּמִי יָסוּר לִשְׁאֹל לְשָׁלֹם לָךְ ׃	τίς φείσεται ἐπὶ σοί, Ἰερουσαλήμ ; καὶ τίς δειλιάσει ἐπὶ σοί ; ἢ τίς ἀνακάμψει εἰς εἰρήνην σοι;	quis enim miserebitur tui Hierusalem aut quis contristabitur pro te aut quis ibit ad rogandum pro pace tua	Quis enim miserebitur tui, Jerusalem, aut quis contristabitur pro te? aut quis ibit ad rogandum pro pace tua?		For who shall have pity upon thee, O Jerusalem? or who shall bemoan thee? or who shall go aside to ask how thou doest?
Jer	15	6	אַתְּ נָטַשְׁתְּ אֹתִי נְאֻם־יְהוָה אָחוֹר תֵּלֵכִי וָאַט אֶת־יָדִי עָלַיִךְ וָאַשְׁחִיתֵךְ נִלְאֵיתִי הִנָּחֵם ׃	σὺ ἀπεστράφης με, λέγει Κύριος, ὀπίσω πορεύσῃ, καὶ ἐκτενῶ τὴν χεῖρά μου καὶ διαφθερῶ σε, καὶ οὐκέτι ἀνήσω αὐτούς.	tu reliquisti me dicit Dominus retrorsum abisti et extendam manum meam super te et interficiam te laboravi rogans	Tu reliquisti me, dicit Dominus, retrorsum abiisti: et extendam manum meam super te, et interficiam te: laboravi rogans.		Thou hast forsaken me, saith the Lord, thou art gone backward: therefore will I stretch out my hand against thee, and destroy thee; I am weary with repenting.
Jer	15	7	וָאֶזְרֵם בְּמִזְרֶה בְּשַׁעֲרֵי הָאָרֶץ שִׁכַּלְתִּי אִבַּדְתִּי אֶת־עַמִּי מִדַּרְכֵיהֶם לוֹא־שָׁבוּ ׃	καὶ διασπερῶ αὐτοὺς ἐν διασπορᾶ· ἐν πύλαις λαοῦ μου ἠτεκνώθησαν, ἀπώλεσαν τὸν λαόν μου διὰ τὰς κακίας αὐτῶν,	et dispergam eos ventilabro in portis terrae interfeci et perdidi populum meum et tamen a viis suis non sunt reversi	Et dispergam eos ventilabro in portis terr: interfeci et disperdidi populum meum, et tamen a viis suis non sunt reversi.		And I will fan them with a fan in the gates of the land; I will bereave them of children, I will destroy my people since they return not from their ways.
Jer	15	8	עָצְמוּ־לִי אַלְמְנֹתָו מֵחוֹל יַמִּים הֵבֵאתִי לָהֶם עַל־אֵם בָּחוּר שֹׁדֵד בַּצָּהֳרָיִם הִפַּלְתִּי עָלֶיהָ פִּתְאֹם עִיר וּבֶהָלוֹת ׃	ἐπληθύνθησαν χῆραι αὐτῶν ὑπὲρ τὴν ἄμμον τῆς θαλάσσης· ἐπήγαγον ἐπὶ μητέρα νεανίσκους, ταλαιπωρίαν ἐν μεσημβρίᾳ, ἐπέριψαν ἐπʼ αὐτὴν ἐξέφνης τρομον καὶ σπουδήν.	multiplicatae sunt mihi viduae eius super harenam maris induxi eis super matrem adulescentis vastatorem meridie misi super civitates repente terrorem	Multiplicat sunt mihi vidu ejus super arenam maris: induxi eis super matrem adolescentis vastatorem meridie: misi super civitates repente terrorem.		Their widows are increased to me above the sand of the seas: I have brought upon them against the mother of the young men a spoiler at noonday: I have caused him to fall upon it suddenly, and terrors upon the city.
Jer	15	9	אֻמְלְלָה יֹלֶדֶת הַשִּׁבְעָה נָפְחָה נַפְשָׁהּ בָּאָה שִׁמְשָׁהּ בְּעֹד יוֹמָם בּוֹשָׁה וְחָפֵרָה וּשְׁאֵרִיתָם לַחֶרֶב אֶתֵּן לִפְנֵי אֹיְבֵיהֶם נְאֻם־יְהוָה ׃ ס	ἐκενώθη ἡ τίκτουσα ἑπτά, ἀπεκάκησεν ἡ ψυχὴ αὐτῆς, ἐπέδυ ὁ ῆλιος αὐτῇ ἔτι μεσούσης τῆς ἡμέρας, κατῃσχύνθη καὶ ὠνειδίσθη· τοὺς καταλοίπους αὐτῶν εἰς μάχαιραν δώσω ἐναντίον τῶν ἐχθρῶν αὐτῶν.	infirmata est quae peperit septem defecit anima eius occidit ei sol cum adhuc esset dies confusa est et erubuit et residuos eius in gladium dabo in conspectu inimicorum eorum ait Dominus	Infirmata est qu peperit septem, defecit anima ejus: occidit ei sol cum adhuc esset dies: confusa est, et erubuit: et residuos ejus in gladium dabo in conspectu inimicorum eorum, ait Dominus.]		She that hath borne seven languisheth: she hath given up the ghost; her sun is gone down while it was yet day: she hath been ashamed and confounded: and the residue of them will I deliver to the sword before their enemies, saith the Lord.
Jer	15	10	אוֹי־לִי אִמִּי כִּי יְלִדְתִּנִי אִישׁ רִיב וְאִישׁ מָדוֹן לְכָל־הָאָרֶץ לֹא־נָשִׁיתִי וְלֹא־נָשׁוּ־בִי כֻּלֹּה מְקַלְלַונִי ׃ ס	Οἴμοι ἐγώ, μῆτερ, ὡς τίνα με ἔτεκες; ἄνδρα δικαζόμενον καὶ διακρινόμενον ἐν πάσῃ τῆ γῇ· οὔτε ὠφέλησα, οὔτε ὠφέλησέν με οὐδείς· ἡ ἰσχύς μου ἐξέλιπεν ἐν τοῖς καταρωμένοις με.	vae mihi mater mea quare genuisti me virum rixae virum discordiae in universa terra non feneravi nec feneravit mihi quisquam omnes maledicunt mihi	[V mihi, mater mea! quare genuisti me, virum rix, virum discordi in universa terra? Non fneravi, nec fneravit mihi quisquam: omnes maledicunt mihi.		Woe is me, my mother, that thou hast borne me a man of strife and a man of contention to the whole earth! I have neither lent on usury, nor men have lent to me on usury; yet every one of them doth curse me.
Jer	15	11	אָמַר יְהוָה אִם־לֹא שָׁרוֹתִךָ לְטוֹב אִם־לוֹא הִפְגַּעְתִּי בְךָ בְּעֵת־רָעָה וּבְעֵת צָרָה אֶת־הָאֹיֵב ׃	γένοιτο, δέσποτα, κατευθυνόντων αὐτῶν· εἰ μὴ παρέστην σοι ἐν καιρῷ τῶν κακῶν αὐτῶν καὶ ἐν καιρῷ θλίψεως αὐτῶν, εἰς ἀγαθὰ πρὸς τὸν ἐχθρόν.	dicit Dominus si non reliquiae tuae in bonum si non occurri tibi in tempore adflictionis et in tempore tribulationis adversum inimicum	Dicit Dominus: Si non reliqui tu in bonum, si non occurri tibi in tempore afflictionis, et in tempore tribulationis adversus inimicum.		The Lord said, Verily it shall be well with thy remnant; verily I will cause the enemy to entreat thee well in the time of evil and in the time of affliction.
Jer	15	12	הֲיָרֹעַ בַּרְזֶל בַּרְזֶל מִצָּפוֹן וּנְחֹשֶׁת ׃	Εἰ γνωσθήσεται σίδηρος ; καὶ περιβόλαιον χαλκοῦν ἡ ἰσχύς σου.	numquid foederabitur ferrum ferro ab aquilone et aes	Numquid fderabitur ferrum ferro ab aquilone, et s?		Shall iron break the northern iron and the steel?
Jer	15	13	חֵילְךָ וְאוֹצְרוֹתֶיךָ לָבַז אֶתֵּן לֹא בִמְחִיר וּבְכָל־חַטֹּאותֶיךָ וּבְכָל־גְּבוּלֶיךָ ׃	καὶ τοὺς θησαυρούς σου εἰς προνομὴν δώσω, ἀντάλλαγμα διὰ πάσας τὰς ἁμαρτίας σου καὶ ἐν πᾶσι τοῖς ὁρίοις σου.	divitias tuas et thesauros tuos in direptionem dabo gratis in omnibus peccatis tuis et in omnibus terminis tuis	Divitias tuas et thesauros tuos in direptionem dabo gratis, in omnibus peccatis tuis, et in omnibus terminis tuis.		Thy substance and thy treasures will I give to the spoil without price, and that for all thy sins, even in all thy borders.
Jer	15	14	וְהַעֲבַרְתִּי אֶת־אֹיְבֶיךָ בְּאֶרֶץ לֹא יָדָעְתָּ כִּי־אֵשׁ קָדְחָה בְאַפִּי עֲלֵיכֶם תּוּקָד ׃ ס	καὶ καταδουλώσω σε κύκλῳ τοῖς ἐχθροῖς σου ἐν τῇ γῇ ᾗ οὐκ ιᾔδεις· ὅτι πῦρ ἐκκέκαυται ἐκ τοῦ θυμοῦ μυυ, ἐφʼ ὑμᾶς καυθήσεται.	et adducam inimicos tuos de terra qua nescis quia ignis succensus est in furore meo super vos ardebit	Et adducam inimicos tuos de terra quam nescis, quia ignis succensus est in furore meo, super vos ardebit.		And I will make thee to pass with thine enemies into a land which thou knowest not: for a fire is kindled in mine anger, which shall burn upon you.
Jer	15	15	אַתָּה יָדַעְתָּ יְהוָה זָכְרֵנִי וּפָקְדֵנִי וְהִנָּקֶם לִי מֵרֹדְפַי אַל־לְאֶרֶךְ אַפְּךָ תִּקָּחֵנִי דַּע שְׂאֵתִי עָלֶיךָ חֶרְפָּה ׃	Κύριε, μνήσθητί μου καὶ ἐπίσκεψαί με, καὶ ἀθῴωσον ἀπὸ τῶν καταδιωκόντων με, μὴ εἰς μακροθυμίαν· γνῶθι ὡς ἔλαβον περὶ σοῦ ὀνειδισμὸν	tu scis Domine recordare mei et visita me et tuere me ab his qui persequuntur me noli in patientia tua suscipere me scito quoniam sustinui pro te obprobrium	Tu scis, Domine: recordare mei, et visita me, et tuere me ab his qui persequuntur me: noli in patientia tua suscipere me: scito quoniam sustinui propter te opprobrium.		O Lord, thou knowest: remember me, and visit me, and revenge me of my persecutors; take me not away in thy longsuffering: know that for thy sake I have suffered rebuke.
Jer	15	16	נִמְצְאוּ דְבָרֶיךָ וָאֹכְלֵם וַיְהִי דְבָרֶיךָ לִי לְשָׂשׂוֹן וּלְשִׂמְחַת לְבָבִי כִּי־נִקְרָא שִׁמְךָ עָלַי יְהוָה אֱלֹהֵי צְבָאוֹת ׃ ס	ὑπὸ τῶν ἀθετούντων τοὺς λόγους σου· συντέλεσον αὐτούς, καὶ ἔσται ὁ λόγος σου ἐμοὶ εἰς εὐφροσύνην καὶ χαρὰν καρδίας μου, ὅτι ἐπικέκληται τὸ ὄνομά σου ἐπʼ ἐμοί, Κύριε Παντοκράτωρ.	inventi sunt sermones tui et comedi eos et factum est mihi verbum tuum in gaudium et in laetitiam cordis mei quoniam invocatum est nomen tuum super me Domine Deus exercituum	Inventi sunt sermones tui, et comedi eos: et factum est mihi verbum tuum in gaudium et in ltitiam cordis mei, quoniam invocatum est nomen tuum super me, Domine Deus exercituum.		Thy words were found, and I did eat them; and thy word was unto me the joy and rejoicing of mine heart: for I am called by thy name, O Lord God of hosts.
Jer	15	17	לֹא־יָשַׁבְתִּי בְסוֹד־מְשַׂחֲקִים וָאֶעְלֹז מִפְּנֵי יָדְךָ בָּדָד יָשַׁבְתִּי כִּי־זַעַם מִלֵּאתָנִי ׃ ס	οὐκ ἐκάθισα ἐν συνεδρίῳ αὐτῶν παιζόντων, ἀλλὰ εὐλαβούμην ἀπὸ προσώπου χειρός σου· κατὰ μόνας ἐκαθήμην, ὅτι πικρίας ἐνεπλήσθην.	non sedi in concilio ludentium et gloriatus sum a facie manus tuae solus sedebam quoniam comminatione replesti me	Non sedi in concilio ludentium, et gloriatus sum a facie manus tu: solus sedebam, quoniam comminatione replesti me.		I sat not in the assembly of the mockers, nor rejoiced; I sat alone because of thy hand: for thou hast filled me with indignation.
Jer	15	18	לָמָּה הָיָה כְאֵבִי נֶצַח וּמַכָּתִי אֲנוּשָׁה מֵאֲנָה הֵרָפֵא הָיוֹ תִהְיֶה לִי כְּמוֹ אַכְזָב מַיִם לֹא נֶאֱמָנוּ ׃ ס	ἵνα τί οἱ λυποῦντές με κατισχύουσίν μου; ἡ πληγὴ μου στερεά, πόθεν ἰαθήσομαι ; γινομένη ἐγενήθη μοι ὡς ὕδωρ ψευδές, οὐκ ἔχον πίστιν.	quare factus est dolor meus perpetuus et plaga mea desperabilis rennuit curari facta est mihi quasi mendacium aquarum infidelium	Quare factus est dolor meus perpetuus, et plaga mea desperabilis renuit curari? facta est mihi quasi mendacium aquarum infidelium.		Why is my pain perpetual, and my wound incurable, which refuseth to be healed? wilt thou be altogether unto me as a liar, and as waters that fail?
Jer	15	19	לָכֵן כֹּה־אָמַר יְהוָה אִם־תָּשׁוּב וַאֲשִׁיבְךָ לְפָנַי תַּעֲמֹד וְאִם־תּוֹצִיא יָקָר מִזּוֹלֵל כְּפִי תִהְיֶה יָשֻׁבוּ הֵמָּה אֵלֶיךָ וְאַתָּה לֹא־תָשׁוּב אֲלֵיהֶם ׃	διὰ τοῦτο τάδε λέγει Κύριος Ἐὰν ἐπιστρέψῃς, καὶ ἀποκαταστήσω σε καὶ πρὸ προσώπου μου στήσῃ· καὶ ἐὰν ἐξαγάγῃς τίμιον ἀπὸ ἀξίου, ὡς στόμα μου ἔσῃ· καὶ ἀναστρέψουσιν αὐτοὶ πρὸς σέ, καὶ σὺ οὐκ ἀναστρέψεις πρὸς αὐτούς.	propter hoc haec dicit Dominus si converteris convertam te et ante faciem meam stabis et si separaveris pretiosum a vili quasi os meum eris convertentur ipsi ad te et tu non converteris ad eos	Propter hoc hc dicit Dominus: Si converteris, convertam te, et ante faciem meam stabis: et si separaveris pretiosum a vili, quasi os meum eris: convertentur ipsi ad te, et tu non converteris ad eos.		Therefore thus saith the Lord, If thou return, then will I bring thee again, and thou shalt stand before me: and if thou take forth the precious from the vile, thou shalt be as my mouth: let them return unto thee; but return not thou unto them.
Jer	15	20	וּנְתַתִּיךָ לָעָם הַזֶּה לְחוֹמַת נְחֹשֶׁת בְּצוּרָה וְנִלְחֲמוּ אֵלֶיךָ וְלֹא־יוּכְלוּ לָךְ כִּי־אִתְּךָ אֲנִי לְהוֹשִׁיעֲךָ וּלְהַצִּילֶךָ נְאֻם־יְהוָה ׃	καὶ δώσω σε τῷ λαῷ τούτῳ ὡς τεῖχος ὀχυρὸν χαλκοῦν· καὶ πολεμήσουσιν πρὸς σέ, καὶ οὐ μὴ δύνωνται πρὸς σέ, διότι μετὰ σοῦ εἰμὶ τοῦ σώζειν σε	et dabo te populo huic in murum aereum fortem et bellabunt adversum te et non praevalebunt quia ego tecum sum ut salvem te et eruam dicit Dominus	Et dabo te populo huic in murum reum, fortem: et bellabunt adversum te, et non prvalebunt, quia ego tecum sum ut salvem te, et eruam te, dicit Dominus:		And I will make thee unto this people a fenced brasen wall: and they shall fight against thee, but they shall not prevail against thee: for I am with thee to save thee and to deliver thee, saith the Lord.
Jer	15	21	וְהִצַּלְתִּיךָ מִיַּד רָעִים וּפְדִתִיךָ מִכַּף עָרִצִים ׃ פ	καὶ ἐξαιρεῖσθαί σε ἐκ χειρὸς πονηρῶν, καὶ λυτρώσομαί σε ἐκ χειρὸς λοιμῶν.	et liberabo te de manu pessimorum et redimam te de manu fortium	et liberabo te de manu pessimorum, et redimam te de manu fortium.]		And I will deliver thee out of the hand of the wicked, and I will redeem thee out of the hand of the terrible.
Jer	16	1	וַיְהִי דְבַר־יְהוָה אֵלַי לֵאמֹר ׃	Καὶ σὺ μὴ λάβῃς γυναῖκα, λέγει Κύριος ὁ θεὸς Ἰσραήλ,	et factum est verbum Domini ad me dicens	Et factum est verbum Domini ad me, dicens:		The word of the Lord came also unto me, saying,
Jer	16	2	לֹא־תִקַּח לְךָ אִשָּׁה וְלֹא־יִהְיוּ לְךָ בָּנִים וּבָנוֹת בַּמָּקוֹם הַזֶּה ׃	καὶ οὐ γεννηθήσεταί σοι υἱὸς οὐδὲ θυγάτηρ ἐν τῷ τόπῳ τούτῳ.	non accipies uxorem et non erunt tibi filii et filiae in loco isto	[Non accipies uxorem, et non erunt tibi filii et fili in loco isto.		Thou shalt not take thee a wife, neither shalt thou have sons or daughters in this place.
Jer	16	3	כִּי־כֹה אָמַר יְהוָה עַל־הַבָּנִים וְעַל־הַבָּנוֹת הַיִּלּוֹדִים בַּמָּקוֹם הַזֶּה וְעַל־אִמֹּתָם הַיֹּלְדוֹת אוֹתָם וְעַל־אֲבוֹתָם הַמּוֹלִדִים אוֹתָם בָּאָרֶץ הַזֹּאת ׃	ὅτι τάδε λέγει Κύριος περὶ τῶν υἱῶν καὶ περὶ τῶν θυγατέρων τῶν γεννωμένων ἐν τῷ τόπῳ τούτῳ, καὶ περὶ τῶν μητέρων αὐτῶν τῶν τετοκυιῶν αὐτούς, καὶ περὶ τῶν πατέρων αὐτῶν τῶν γεγεννηκότων αὐτοὺς ἐν τῇ γῇ ταύτῃ	quia haec dicit Dominus super filios et filias qui generantur in loco isto et super matres eorum quae genuerunt eos et super patres eorum de quorum stirpe sunt nati in terra hac	Quia hc dicit Dominus super filios et filias, qui generantur in loco isto, et super matres eorum, qu genuerunt eos, et super patres eorum, de quorum stirpe sunt nati in terra hac:		For thus saith the Lord concerning the sons and concerning the daughters that are born in this place, and concerning their mothers that bare them, and concerning their fathers that begat them in this land;
Jer	16	4	מְמוֹתֵי תַחֲלֻאִים יָמֻתוּ לֹא יִסָּפְדוּ וְלֹא יִקָּבֵרוּ לְדֹמֶן עַל־פְּנֵי הָאֲדָמָה יִהְיוּ וּבַחֶרֶב וּבָרָעָב יִכְלוּ וְהָיְתָה נִבְלָתָם לְמַאֲכָל לְעוֹף הַשָּׁמַיִם וּלְבֶהֱמַת הָאָרֶץ ׃ ס	Ἐν θανάτῳ νοσερῷ ἀποθανοῦνται, οὐ κοπήσονται καὶ οὐ ταφήσονται· εἰς παράδειγμα ἐπὶ προσώπου τῆς γῆς ἔσονται, καὶ τοῖς θηρίοις τῆς γῆς ἔσονται καὶ τοῖς πετεινοῖς τοῦ οὐρανοῦ· ἐν μαχαίρᾳ πεσοῦνται καὶ ἐν λιμῷ συντελεσθήσονται.	mortibus aegrotationum morientur non plangentur et non sepelientur in sterquilinium super faciem terrae erunt et gladio et fame consumentur et erit cadaver eorum in escam volatilibus caeli et bestiis terrae	Mortibus grotationum morientur: non plangentur, et non sepelientur: in sterquilinium super faciem terr erunt: et gladio et fame consumentur, et erit cadaver eorum in escam volatilibus cli et bestiis terr.		They shall die of grievous deaths; they shall not be lamented; neither shall they be buried; but they shall be as dung upon the face of the earth: and they shall be consumed by the sword, and by famine; and their carcases shall be meat for the fowls of heaven, and for the beasts of the earth.
Jer	16	5	כִּי־כֹה אָמַר יְהוָה אַל־תָּבוֹא בֵּית מַרְזֵחַ וְאַל־תֵּלֵךְ לִסְפּוֹד וְאַל־תָּנֹד לָהֶם כִּי־אָסַפְתִּי אֶת־שְׁלוֹמִי מֵאֵת הָעָם־הַזֶּה נְאֻם־יְהוָה אֶת־הַחֶסֶד וְאֶת־הָרַחֲמִים ׃	τάδε λέγει Κύριος Μὴ εἰσέλθῃς εἰς θίασον αὐτῶν, καὶ μὴ πορευθῇς τοῦ κόψασθαι, καὶ μὴ πενθήσῃς αὐτούς, ὅτι ἀφέστακα τὴν εἰρήνην μου ἀπὸ τοῦ λαοῦ τούτου.	haec enim dicit Dominus ne ingrediaris domum convivii neque vadas ad plangendum neque consoleris eos quia abstuli pacem meam a populo isto dicit Dominus misericordiam et miserationes	Hc enim dicit Dominus: Ne ingrediaris domum convivii, neque vadas ad plangendum, neque consoleris eos, quia abstuli pacem meam a populo isto, dicit Dominus, misericordiam et miserationes.		For thus saith the Lord, Enter not into the house of mourning, neither go to lament nor bemoan them: for I have taken away my peace from this people, saith the Lord, even lovingkindness and mercies.
Jer	16	6	וּמֵתוּ גְדֹלִים וּקְטַנִּים בָּאָרֶץ הַזֹּאת לֹא יִקָּבֵרוּ וְלֹא־יִסְפְּדוּ לָהֶם וְלֹא יִתְגֹּדַד וְלֹא יִקָּרֵחַ לָהֶם ׃	οὐ μὴ κόψονται αὐτοὺς οὐδὲ ἐντομίδας οὐ μὴ ποιήσουσιν καὶ οὐ ξυρηθήσονται,	et morientur grandes et parvi in terra ista non sepelientur neque plangentur et non se incident neque calvitium fiet pro eis	Et morientur grandes et parvi in terra ista: non sepelientur neque plangentur: et non se incident, neque calvitium fiet pro eis.		Both the great and the small shall die in this land: they shall not be buried, neither shall men lament for them, nor cut themselves, nor make themselves bald for them:
Jer	16	7	וְלֹא־יִפְרְסוּ לָהֶם עַל־אֵבֶל לְנַחֲמוֹ עַל־מֵת וְלֹא־יַשְׁקוּ אוֹתָם כּוֹס תַּנְחוּמִים עַל־אָבִיו וְעַל־אִמּוֹ ׃	καὶ οὐ μὴ κλασθῇ ἄρτος ἐν πένθει αὐτῶν εἰς παράκλησιν ἐπὶ τεθνηκότι· οὐ ποτιοῦσιν αὐτὸν ποτήριον εἰς παράκλησιν ἐπὶ πατρὶ καὶ μητρὶ αὐτοῦ.	et non frangent inter eos lugenti panem ad consolandum super mortuo et non dabunt eis potum calicis ad consolandum super patre suo et matre	Et non frangent inter eos lugenti panem ad consolandum super mortuo, et non dabunt eis potum calicis ad consolandum super patre suo et matre.		Neither shall men tear themselves for them in mourning, to comfort them for the dead; neither shall men give them the cup of consolation to drink for their father or for their mother.
Jer	16	8	וּבֵית־מִשְׁתֶּה לֹא־תָבוֹא לָשֶׁבֶת אוֹתָם לֶאֱכֹל וְלִשְׁתּוֹת ׃ ס	εἰς οἰκίαν πότου οὐκ εἰσελεύσῃ συνκαθίσαι μετʼ αὐτῶν τοῦ φαγεῖν καὶ πιεῖν.	et domum convivii non ingredieris ut sedeas cum eis et comedas et bibas	Et domum convivii non ingrediaris, ut sedeas cum eis, et comedas, et bibas:		Thou shalt not also go into the house of feasting, to sit with them to eat and to drink.
Jer	16	9	כִּי כֹה אָמַר יְהוָה צְבָאוֹת אֱלֹהֵי יִשְׂרָאֵל הִנְנִי מַשְׁבִּית מִן־הַמָּקוֹם הַזֶּה לְעֵינֵיכֶם וּבִימֵיכֶם קוֹל שָׂשׂוֹן וְקוֹל שִׂמְחָה קוֹל חָתָן וְקוֹל כַּלָּה ׃	διότι τάδε λέγει Κύριος ὁ θεὸς Ἰσραήλ Ἰδοὺ ἐγὼ καταλύω ἐκ τοῦ τόπου τούτου ἐνώπιον τῶν ὀφθαλμῶν ὑμῶν καὶ ἐν ταῖς ἡμέραις ὑμῶν φωνὴν χαρᾶς καὶ φωνὴν εὐφροσύνης, φωνὴν νυμφίου καὶ φωνὴν νύμφης.	quia haec dicit Dominus exercituum Deus Israhel ecce ego auferam de loco isto in oculis vestris et in diebus vestris vocem gaudii et vocem laetitiae vocem sponsi et vocem sponsae	quia hc dicit Dominus exercituum, Deus Isral: Ecce ego auferam de loco isto, in oculis vestris, et in diebus vestris, vocem gaudii et vocem ltiti, vocem sponsi et vocem spons.		For thus saith the Lord of hosts, the God of Israel; Behold, I will cause to cease out of this place in your eyes, and in your days, the voice of mirth, and the voice of gladness, the voice of the bridegroom, and the voice of the bride.
Jer	16	10	וְהָיָה כִּי תַגִּיד לָעָם הַזֶּה אֵת כָּל־הַדְּבָרִים הָאֵלֶּה וְאָמְרוּ אֵלֶיךָ עַל־מֶה דִבֶּר יְהוָה עָלֵינוּ אֵת כָּל־הָרָעָה הַגְּדוֹלָה הַזֹּאת וּמֶה עֲוֹנֵנוּ וּמֶה חַטָּאתֵנוּ אֲשֶׁר חָטָאנוּ לַיהוָה אֱלֹהֵינוּ ׃	καὶ ἔσται ὅταν ἀναγγείλῃς τῷ λαῷ τούτῳ ἅπαντα τὰ ῥήματα ταῦτα, καὶ εἴπωσιν πρὸς σέ Διὰ τί ἐλάλησεν Κύριος ἐφʼ ἡμᾶς πάντα τὰ κακὰ ταῦτα; τίς ἡ ἀδικία ἡμῶν; καὶ τίς ἡ ἁμαρτία ἡμῶν ἣν ἡμάρτομεν ἔναντι Κυρίου τοῦ θεοῦ ἡμῶν;	et cum adnuntiaveris populo huic omnia verba haec et dixerint tibi quare locutus est Dominus super nos omne malum grande istud quae iniquitas nostra et quod peccatum nostrum quod peccavimus Domino Deo nostro	Et cum annuntiaveris populo huic omnia verba hc, et dixerint tibi: Quare locutus est Dominus super nos omne malum grande istud? qu iniquitas nostra? et quod peccatum nostrum, quod peccavimus Domino Deo nostro?		And it shall come to pass, when thou shalt shew this people all these words, and they shall say unto thee, Wherefore hath the Lord pronounced all this great evil against us? or what is our iniquity? or what is our sin that we have committed against the Lord our God?
Jer	16	11	וְאָמַרְתָּ אֲלֵיהֶם עַל אֲשֶׁר־עָזְבוּ אֲבוֹתֵיכֶם אוֹתִי נְאֻם־יְהוָה וַיֵּלְכוּ אַחֲרֵי אֱלֹהִים אֲחֵרִים וַיַּעַבְדוּם וַיִּשְׁתַּחֲווּ לָהֶם וְאֹתִי עָזָבוּ וְאֶת־תּוֹרָתִי לֹא שָׁמָרוּ ׃	καὶ ἐρεῖς αὐτοῖς Ἀνθʼ ὧν ἐνκατέλιπόν με οἱ πατέρες ὑμῶν, λέγει Κύριος, καὶ ᾤχοντο ὀπίσω θεῶν ἀλλοτρίων καὶ ἐδούλευσαν αὐτοῖς καὶ προσεκύνησαν αὐτοῖς, καὶ ἐμέ ἐγκατέλιπον καὶ τὸν νόμον μου οὐκ ἐφυλάξαντο,	dices ad eos quia dereliquerunt patres vestri me ait Dominus et abierunt post deos alienos et servierunt eis et adoraverunt eos et me dereliquerunt et legem meam non custodierunt	dices ad eos: Quia dereliquerunt me patres vestri, ait Dominus: et abierunt post deos alienos, et servierunt eis, et adoraverunt eos, et me dereliquerunt, et legem meam non custodierunt.		Then shalt thou say unto them, Because your fathers have forsaken me, saith the Lord, and have walked after other gods, and have served them, and have worshipped them, and have forsaken me, and have not kept my law;
Jer	16	12	וְאַתֶּם הֲרֵעֹתֶם לַעֲשׂוֹת מֵאֲבוֹתֵיכֶם וְהִנְּכֶם הֹלְכִים אִישׁ אַחֲרֵי שְׁרִרוּת לִבּוֹ־הָרָע לְבִלְתִּי שְׁמֹעַ אֵלָי ׃	καὶ ὑμεῖς ἐπονηρεύσασθε ὑπέρ τοὺς πατέρας ὑμῶν· καὶ ἰδοὺ ὑμεῖς πορεύεσθε ἕκαστος ὀπίσω τῶν ἀρεστῶν τῆς καρδίας ὑμῶν τῆς πονηρᾶς τοῦ μὴ ὑπακούειν μου.	sed et vos peius operati estis quam patres vestri ecce enim ambulat unusquisque post pravitatem cordis sui mali ut me non audiat	Sed et vos pejus operati estis quam patres vestri: ecce enim ambulat unusquisque post pravitatem cordis sui mali, ut me non audiat.		And ye have done worse than your fathers; for, behold, ye walk every one after the imagination of his evil heart, that they may not hearken unto me:
Jer	16	13	וְהֵטַלְתִּי אֶתְכֶם מֵעַל הָאָרֶץ הַזֹּאת עַל־הָאָרֶץ אֲשֶׁר לֹא יְדַעְתֶּם אַתֶּם וַאֲבוֹתֵיכֶם וַעֲבַדְתֶּם־שָׁם אֶת־אֱלֹהִים אֲחֵרִים יוֹמָם וָלַיְלָה אֲשֶׁר לֹא־אֶתֵּן לָכֶם חֲנִינָה ׃ ס	καὶ ἀπορίψω ὑμᾶς ἀπὸ τῆς γῆς ταύτης εἰς τὴν γῆν ἣν οὐκ ῇδειτε ὑμεῖς καὶ οἱ πατέρες ὑμῶν, καὶ δουλεύσετε ἐκεῖ θεοῖς ἑτέροις οἱ οὐ δώσουσιν ὑμῖν ἔλεος.	et eiciam vos de terra hac in terram quam ignoratis vos et patres vestri et servietis ibi diis alienis die ac nocte qui non dabunt vobis requiem	Et ejiciam vos de terra hac in terram quam ignoratis, vos et patres vestri: et servietis ibi diis alienis, die ac nocte, qui non dabunt vobis requiem.		Therefore will I cast you out of this land into a land that ye know not, neither ye nor your fathers; and there shall ye serve other gods day and night; where I will not shew you favour.
Jer	16	14	לָכֵן הִנֵּה־יָמִים בָּאִים נְאֻם־יְהוָה וְלֹא־יֵאָמֵר עוֹד חַי־יְהוָה אֲשֶׁר הֶעֱלָה אֶת־בְּנֵי יִשְׂרָאֵל מֵאֶרֶץ מִצְרָיִם ׃	Διὰ τοῦτο ἰδοὺ ἡμέραι ἔρχονται, λέγει Κύριος, καὶ οὐκ ἐροῦσιν ἔτι Ζῇ Κύριος ὁ ἀναγαγὼν τοὺς υἱοὺς Ἰσραὴλ ἐκ γῆς Αἰγύπτου,	propterea ecce dies veniunt dicit Dominus et non dicetur ultra vivit Dominus qui eduxit filios Israhel de terra Aegypti	Propterea ecce dies veniunt, dicit Dominus, et non dicetur ultra: Vivit Dominus qui eduxit filios Isral de terra gypti,		Therefore, behold, the days come, saith the Lord, that it shall no more be said, The Lord liveth, that brought up the children of Israel out of the land of Egypt;
Jer	16	15	כִּי אִם־חַי־יְהוָה אֲשֶׁר הֶעֱלָה אֶת־בְּנֵי יִשְׂרָאֵל מֵאֶרֶץ צָפוֹן וּמִכֹּל הָאֲרָצוֹת אֲשֶׁר הִדִּיחָם שָׁמָּה וַהֲשִׁבֹתִים עַל־אַדְמָתָם אֲשֶׁר נָתַתִּי לַאֲבוֹתָם ׃ ס	ἀλλά Ζῇ Κύριος ὃς ἀνήγαγεν τὸν οἶκον Ἰσραὴλ ἀπὸ γῆς βορρᾶ καὶ ἀπὸ πασῶν τῶν χωρῶν οὗ ἐξώσθησαν ἐκεῖ· καὶ ἀποκαταστήσω αὐτοὺς εἰς τὴν γῆν αὐτῶν ἣν ἔδωκα τοῖς πατράσιν αὐτῶν.	sed vivit Dominus qui eduxit filios Israhel de terra aquilonis et de universis terris ad quas eieci eos et reducam eos in terram suam quam dedi patribus eorum	sed: Vivit Dominus qui eduxit filios Isral de terra aquilonis, et de universis terris ad quas ejeci eos, et reducam eos in terram suam, quam dedi patribus eorum.		But, The Lord liveth, that brought up the children of Israel from the land of the north, and from all the lands whither he had driven them: and I will bring them again into their land that I gave unto their fathers.
Jer	16	16	הִנְנִי שֹׁלֵחַ לְדַוָּגִים רַבִּים נְאֻם־יְהוָה וְדִיגוּם וְאַחֲרֵי־כֵן אֶשְׁלַח לְרַבִּים צַיָּדִים וְצָדוּם מֵעַל כָּל־הַר וּמֵעַל כָּל־גִּבְעָה וּמִנְּקִיקֵי הַסְּלָעִים ׃	ἰδοὺ ἐγὼ ἀποστέλλω τοὺς ἁλεεῖς τοὺς πολλούς, λέγει Κύριος, καὶ ἁλιεύσουσιν αὐτοὺς· καὶ μετὰ ταῦτα ἀποστελῶ τοὺς πολλοὺς θηρευτάς, καὶ θηρεύσουσιν αὐτοὺς ἐπάνω παντὸς ὄρους καὶ ἐπάνω παντὸς βουνοῦ καὶ ἐκ τῶν τρυμαλιῶν τῶν πετρῶν.	ecce ego mittam piscatores multos dicit Dominus et piscabuntur eos et post haec mittam eis multos venatores et venabuntur eos de omni monte et de omni colle et de cavernis petrarum	Ecce ego mittam piscatores multos, dicit Dominus, et piscabuntur eos: et post hc mittam eis multos venatores, et venabuntur eos de omni monte, et de omni colle, et de cavernis petrarum.		Behold, I will send for many fishers, saith the Lord, and they shall fish them; and after will I send for many hunters, and they shall hunt them from every mountain, and from every hill, and out of the holes of the rocks.
Jer	16	17	כִּי עֵינַי עַל־כָּל־דַּרְכֵיהֶם לֹא נִסְתְּרוּ מִלְּפָנָי וְלֹא־נִצְפַּן עֲוֹנָם מִנֶּגֶד עֵינָי ׃	ὅτι οἱ ὀφθαλμοί μου ἐπὶ πάσας τὰς ὁδοὺς αὐτῶν, καὶ οὐκ ἐκρύβη τὰ ἀδικήματα αὐτῶν ἀπέναντι τῶν ὀφθαλμῶν μου.	quia oculi mei super omnes vias eorum non sunt absconditae a facie mea et non fuit occulta iniquitas eorum ab oculis meis	Quia oculi mei super omnes vias eorum: non sunt abscondit a facie mea, et non fuit occultata iniquitas eorum ab oculis meis.		For mine eyes are upon all their ways: they are not hid from my face, neither is their iniquity hid from mine eyes.
Jer	16	18	וְשִׁלַּמְתִּי רִאשׁוֹנָה מִשְׁנֵה עֲוֹנָם וְחַטָּאתָם עַל חַלְּלָם אֶת־אַרְצִי בְּנִבְלַת שִׁקּוּצֵיהֶם וְתוֹעֲבוֹתֵיהֶם מָלְאוּ אֶת־נַחֲלָתִי ׃ ס	καὶ ἀνταποδώσω διὰ πάσας τὰς κακίας αὐτῶν καὶ τὰς ἁμαρτίας αὐτῶν, ἐφʼ αἷς ἐβεβήλωσαν τὴν γῆν μου ἐν τοῖς θνησιμαίοις τῶν βδελυγμάτων αὐτῶν καὶ ἐν ταῖς ἀνομίαις αὐτῶν, ἐν αἷς ἐπλημμέλησαν τὴν κληρονομίαν μου.	et reddam primum duplices iniquitates et peccata eorum quia contaminaverunt terram meam in morticinis idolorum suorum et abominationibus suis impleverunt hereditatem meam	Et reddam primum duplices iniquitates, et peccata eorum: quia contaminaverunt terram meam in morticinis idolorum suorum, et abominationibus suis impleverunt hreditatem meam.		And first I will recompense their iniquity and their sin double; because they have defiled my land, they have filled mine inheritance with the carcases of their detestable and abominable things.
Jer	16	19	יְהוָה עֻזִּי וּמָעֻזִּי וּמְנוּסִי בְּיוֹם צָרָה אֵלֶיךָ גּוֹיִם יָבֹאוּ מֵאַפְסֵי־אָרֶץ וְיֹאמְרוּ אַךְ־שֶׁקֶר נָחֲלוּ אֲבוֹתֵינוּ הֶבֶל וְאֵין־בָּם מוֹעִיל ׃	Κύριε, σὺ ἰσχύς μου καὶ βοηθία μου καὶ καταφυγὴ μου ἐν ἡμέραις κακῶν· πρὸς σὲ ἔθνη ἥξουσιν ἀπʼ ἐσχάτου τῆς γῆς καὶ ἐροῦσιν Ὡς ψευδῆ ἐκτήσαντο οἱ πατέρες ἡμῶν εἴδωλα, καὶ οὐκ ἔστιν ἐν αὐτοῖς ὠφέλημα.	Domine fortitudo mea et robur meum et refugium meum in die tribulationis ad te gentes venient ab extremis terrae et dicent vere mendacium possederunt patres nostri vanitatem quae eis non profuit	Domine, fortitudo mea, et robur meum, et refugium meum in die tribulationis, ad te gentes venient ab extremis terr, et dicent: Vere mendacium possederunt patres nostri, vanitatem qu eis non profuit.		O Lord, my strength, and my fortress, and my refuge in the day of affliction, the Gentiles shall come unto thee from the ends of the earth, and shall say, Surely our fathers have inherited lies, vanity, and things wherein there is no profit.
Jer	16	20	הֲיַעֲשֶׂה־לּוֹ אָדָם אֱלֹהִים וְהֵמָּה לֹא אֱלֹהִים ׃	εἰ ποιήσει ἑαυτῷ ἄνθρωπος θεούς, καὶ οὗτοι οὐκ εἰσὶν θεοί;	numquid faciet sibi homo deos et ipsi non sunt dii	Numquid faciet sibi homo deos, et ipsi non sunt dii?		Shall a man make gods unto himself, and they are no gods?
Jer	16	21	לָכֵן הִנְנִי מוֹדִיעָם בַּפַּעַם הַזֹּאת אוֹדִיעֵם אֶת־יָדִי וְאֶת־גְּבוּרָתִי וְיָדְעוּ כִּי־שְׁמִי יְהוָה ׃ ס	διὰ τοῦτο ἰδοὺ ἐγὼ δηλώσω αὐτοῖς ἐν τῷ καιρῷ τούτῳ τὴν χεῖρά μου, καὶ γνωριῶ αὐτοῖς τὴν δύναμίν μου, καὶ γνώσονται ὅτι ὄνομά μοι Κύριος.	idcirco ecce ego ostendam eis per vicem hanc ostendam eis manum meam et virtutem meam et scient quia nomen mihi Dominus	Idcirco ecce ego ostendam eis per vicem hanc, ostendam eis manum meam, et virtutem meam, et scient quia nomen mihi Dominus.]		Therefore, behold, I will this once cause them to know, I will cause them to know mine hand and my might; and they shall know that my name is The Lord.
Jer	17	1	חַטַּאת יְהוּדָה כְּתוּבָה בְּעֵט בַּרְזֶל בְּצִפֹּרֶן שָׁמִיר חֲרוּשָׁה עַל־לוּחַ לִבָּם וּלְקַרְנוֹת מִזְבְּחוֹתֵיכֶם ׃		peccatum Iuda scriptum est stilo ferreo in ungue adamantino exaratum super latitudinem cordis eorum et in cornibus ararum eorum	[Peccatum Juda scriptum est stylo ferreo in ungue adamantino, exaratum super latitudinem cordis eorum, et in cornibus ararum eorum.		The sin of Judah is written with a pen of iron, and with the point of a diamond: it is graven upon the table of their heart, and upon the horns of your altars;
Jer	17	2	כִּזְכֹּר בְּנֵיהֶם מִזְבְּחוֹתָם וַאֲשֵׁרֵיהֶם עַל־עֵץ רַעֲנָן עַל גְּבָעוֹת הַגְּבֹהוֹת ׃		cum recordati fuerint filii eorum ararum suarum et lucorum lignorumque frondentium in montibus excelsis	Cum recordati fuerint filii eorum ararum suarum, et lucorum suorum, lignorumque frondentium, in montibus excelsis,		Whilst their children remember their altars and their groves by the green trees upon the high hills.
Jer	17	3	הֲרָרִי בַּשָּׂדֶה חֵילְךָ כָל־אוֹצְרוֹתֶיךָ לָבַז אֶתֵּן בָּמֹתֶיךָ בְּחַטָּאת בְּכָל־גְּבוּלֶיךָ ׃		sacrificantes in agro fortitudinem tuam et omnes thesauros tuos in direptionem dabo excelsa tua propter peccata in universis finibus tuis	sacrificantes in agro: fortitudinem tuam, et omnes thesauros tuos in direptionem dabo, excelsa tua propter peccata in universis finibus tuis.		O my mountain in the field, I will give thy substance and all thy treasures to the spoil, and thy high places for sin, throughout all thy borders.
Jer	17	4	וְשָׁמַטְתָּה וּבְךָ מִנַּחֲלָתְךָ אֲשֶׁר נָתַתִּי לָךְ וְהַעֲבַדְתִּיךָ אֶת־אֹיְבֶיךָ בָּאָרֶץ אֲשֶׁר לֹא־יָדָעְתָּ כִּי־אֵשׁ קְדַחְתֶּם בְּאַפִּי עַד־עוֹלָם תּוּקָד ׃ ס		et relinqueris sola ab hereditate tua quam dedi tibi et servire te faciam inimicis tuis in terra quam ignoras quoniam ignem succendisti in furore meo usque in aeternum ardebit	Et relinqueris sola ab hreditate tua, quam dedi tibi, et servire te faciam inimicis tuis in terra quam ignoras, quoniam ignem succendisti in furore meo, usque in ternum ardebit.]		And thou, even thyself, shalt discontinue from thine heritage that I gave thee; and I will cause thee to serve thine enemies in the land which thou knowest not: for ye have kindled a fire in mine anger, which shall burn for ever.
Jer	17	5	כֹּה אָמַר יְהוָה אָרוּר הַגֶּבֶר אֲשֶׁר יִבְטַח בָּאָדָם וְשָׂם בָּשָׂר זְרֹעוֹ וּמִן־יְהוָה יָסוּר לִבּוֹ ׃	⁵Ἐπικατάρατος ὁ ἄνθρωπος ὃς τὴν ἐλπίδα ἔχει ἐπʼ ἄνθρωπον, καὶ στηρίσει σάρκα βραχίονος αὐτοῦ ἐπʼ αὐτόν, καὶ ἀπὸ Κυρίου ἀποστῇ ἡ καρδία αὐτοῦ·	haec dicit Dominus maledictus homo qui confidit in homine et ponit carnem brachium suum et a Domino recedit cor eius	[Hc dicit Dominus: Maledictus homo qui confidit in homine, et ponit carnem brachium suum, et a Domino recedit cor ejus.		Thus saith the Lord; Cursed be the man that trusteth in man, and maketh flesh his arm, and whose heart departeth from the Lord.
Jer	17	6	וְהָיָה כְּעַרְעָר בָּעֲרָבָה וְלֹא יִרְאֶה כִּי־יָבוֹא טוֹב וְשָׁכַן חֲרֵרִים בַּמִּדְבָּר אֶרֶץ מְלֵחָה וְלֹא תֵשֵׁב ׃ ס	καὶ ἔσται ὡς ἡ ἀγριομυρίκη ἡ ἐν τῇ ἐρήμῳ, οὐκ ὄψεται ὅταν ἔλθῃ τὰ ἀγαθά, καὶ κατασκηνώσει ἐν ἁλίμοις καὶ ἐν ἐρήμῳ, ἐν γῇ ἁλμυρᾷ ἥτις οὐ κατοικεῖται.	erit enim quasi myrice in deserto et non videbit cum venerit bonum sed habitabit in siccitate in deserto in terra salsuginis et inhabitabili	Erit enim quasi myric in deserto, et non videbit cum venerit bonum: sed habitabit in siccitate in deserto, in terra salsuginis et inhabitabili.		For he shall be like the heath in the desert, and shall not see when good cometh; but shall inhabit the parched places in the wilderness, in a salt land and not inhabited.
Jer	17	7	בָּרוּךְ הַגֶּבֶר אֲשֶׁר יִבְטַח בַּיהוָה וְהָיָה יְהוָה מִבְטַחוֹ ׃	καὶ εὐλογημένος ὁ ἄνθρωπος ὃς πέποιθεν ἐπὶ τῷ κυρίῳ, καὶ ἔσται Κύριος ἐλπὶς αὐτοῦ·	benedictus vir qui confidit in Domino et erit Dominus fiducia eius	Benedictus vir qui confidit in Domino, et erit Dominus fiducia ejus.		Blessed is the man that trusteth in the Lord, and whose hope the Lord is.
Jer	17	8	וְהָיָה כְּעֵץ שָׁתוּל עַל־מַיִם וְעַל־יוּבַל יְשַׁלַּח שָׁרָשָׁיו וְלֹא יִרָא כִּי־יָבֹא חֹם וְהָיָה עָלֵהוּ רַעֲנָן וּבִשְׁנַת בַּצֹּרֶת לֹא יִדְאָג וְלֹא יָמִישׁ מֵעֲשׂוֹת פֶּרִי ׃	καὶ ἔσται ὡς ξύλον εὐθηνοῦν παρʼ ὕδατα, καὶ ἐπὶ ἰκμάδα βαλεῖ ῥίζαν αὐτοῦ· οὐ φοβηθήσεται ὅταν ἔλθῃ καῦμα. καὶ ἔσται ἐπʼ αὐτῷ στελέχη ἀλσώδη, ἐν ἐνιαυτῷ ἀβροχίας οὐ φοβηθήσεται, καὶ οὐ διαλείψει ποιῶν καρπόν.	et erit quasi lignum quod transplantatur super aquas quod ad humorem mittit radices suas et non timebit cum venerit aestus et erit folium eius viride et in tempore siccitatis non erit sollicitum nec aliquando desinet facere fructum	Et erit quasi lignum quod transplantatur super aquas, quod ad humorem mittit radices suas, et non timebit cum venerit stus: et erit folium ejus viride, et in tempore siccitatis non erit sollicitum, nec aliquando desinet facere fructum.		For he shall be as a tree planted by the waters, and that spreadeth out her roots by the river, and shall not see when heat cometh, but her leaf shall be green; and shall not be careful in the year of drought, neither shall cease from yielding fruit.
Jer	17	9	עָקֹב הַלֵּב מִכֹּל וְאָנֻשׁ הוּא מִי יֵדָעֶנּוּ ׃	βαθεῖα ἡ καρδία παρὰ πάντα, καὶ ἄνθρωπός ἐστιν καὶ τίς γνώσεται αὐτόν;	pravum est cor omnium et inscrutabile quis cognoscet illud	Pravum est cor omnium, et inscrutabile: quis cognoscet illud?		The heart is deceitful above all things, and desperately wicked: who can know it?
Jer	17	10	אֲנִי יְהוָה חֹקֵר לֵב בֹּחֵן כְּלָיוֹת וְלָתֵת לְאִישׁ כְּדַרְכּוֹ כִּפְרִי מַעֲלָלָיו ׃ ס	ἐγὼ Κύριος ἐτάζων καρδίας καὶ δοκιμάζων νεφρούς, τοῦ δοῦναι ἑκάστῳ κατὰ τὰς ὁδοὺς αὐτοῦ καὶ κατὰ τοὺς καρποὺς τῶν ἐπιτηδευμάτων αὐτοῦ.	ego Dominus scrutans cor et probans renes qui do unicuique iuxta viam et iuxta fructum adinventionum suarum	Ego Dominus scrutans cor, et probans renes: qui do unicuique juxta viam suam, et juxta fructum adinventionum suarum.		I the Lord search the heart, I try the reins, even to give every man according to his ways, and according to the fruit of his doings.
Jer	17	11	קֹרֵא דָגַר וְלֹא יָלָד עֹשֶׂה עֹשֶׁר וְלֹא בְמִשְׁפָּט בַּחֲצִי יֹמוֹ יַעַזְבֶנּוּ וּבְאַחֲרִיתוֹ יִהְיֶה נָבָל ׃	ἐφώνησεν πέρδιξ, συνήγαγεν ἃ οὐκ ἔτεκεν· ποιῶν πλοῦτον αὐτοῦ οὐ μετὰ κρίσεως, ἐν ἡμίσει ἡμερῶν αὐτοῦ ἐγκαταλείψουσιν αὐτόν, καὶ ἐπʼ ἐσχάτων αὐτοῦ ἔσται ἄφρων.	perdix fovit quae non peperit fecit divitias et non in iudicio in dimidio dierum suorum derelinquet eas et in novissimo suo erit insipiens	Perdix fovit qu non peperit: fecit divitias, et non in judicio: in dimidio dierum suorum derelinquet eas, et in novissimo suo erit insipiens.		As the partridge sitteth on eggs, and hatcheth them not; so he that getteth riches, and not by right, shall leave them in the midst of his days, and at his end shall be a fool.
Jer	17	12	כִּסֵּא כָבוֹד מָרוֹם מֵרִאשׁוֹן מְקוֹם מִקְדָּשֵׁנוּ ׃	Θρόνος δόξης ὑψωμένος ἁγίασμα ἡμῶν·	solium gloriae altitudinis a principio locus sanctificationis nostrae	Solium glori altitudinis a principio, locus sanctificationis nostr.		A glorious high throne from the beginning is the place of our sanctuary.
Jer	17	13	מִקְוֵה יִשְׂרָאֵל יְהוָה כָּל־עֹזְבֶיךָ יֵבֹשׁוּ יִסוֹרַי בָּאָרֶץ יִכָּתֵבוּ כִּי עָזְבוּ מְקוֹר מַיִם־חַיִּים אֶת־יְהוָה ׃ ס	ὑπομονὴ Ἰσραήλ, Κύριε, πάντες οἱ καταλιπόντες σε καταισχυνθήτωσαν, ἀφεστηκότες ἐπὶ τῆς γῆς γραφήτωσαν, ὅτι ἐγκατέλιπον πηγὴν ζωῆς τὸν κύριον.	expectatio Israhel Domine omnes qui te derelinquunt confundentur recedentes in terra scribentur quoniam dereliquerunt venam aquarum viventium Dominum	Exspectatio Isral, Domine, omnes qui te derelinquunt confundentur: recedentes a te, in terra scribentur, quoniam dereliquerunt venam aquarum viventium Dominum.		O Lord, the hope of Israel, all that forsake thee shall be ashamed, and they that depart from me shall be written in the earth, because they have forsaken the Lord, the fountain of living waters.
Jer	17	14	רְפָאֵנִי יְהוָה וְאֵרָפֵא הוֹשִׁיעֵנִי וְאִוָּשֵׁעָה כִּי תְהִלָּתִי אָתָּה ׃	ἴασαί με, Κύριε, καὶ ἰαθήσομαι· σῶσόν με, καὶ σωθήσομαι, ὅτι καύχημά μου σὺ εἶ.	sana me Domine et sanabor salvum me fac et salvus ero quoniam laus mea tu es	Sana me, Domine, et sanabor: salvum me fac, et salvus ero: quoniam laus mea tu es.		Heal me, O Lord, and I shall be healed; save me, and I shall be saved: for thou art my praise.
Jer	17	15	הִנֵּה־הֵמָּה אֹמְרִים אֵלָי אַיֵּה דְבַר־יְהוָה יָבוֹא נָא ׃	ἰδοὺ αὐτοὶ λέγουσι πρὸς μέ Ποῦ ἐστιν ὁ λόγος Κυρίου; ἐλθάτω.	ecce ipsi dicunt ad me ubi est verbum Domini veniat	Ecce ipsi dicunt ad me: Ubi est verbum Domini? veniat:		Behold, they say unto me, Where is the word of the Lord? let it come now.
Jer	17	16	וַאֲנִי לֹא־אַצְתִּי מֵרֹעֶה אַחֲרֶיךָ וְיוֹם אָנוּשׁ לֹא הִתְאַוֵּיתִי אַתָּה יָדָעְתָּ מוֹצָא שְׂפָתַי נֹכַח פָּנֶיךָ הָיָה ׃	ἐγὼ δὲ οὐκ ἐκοπίασα κατακολουθῶν ὀπίσω σου, καὶ ἡμέραν ἀνθρώπου οὐκ ἐπεθύμησα, σὺ ἐπίστῃ· τὰ ἐκπορευόμενα διὰ τῶν χειλέων μου πρὸ προσώπου σού ἐστιν.	et ego non sum turbatus te pastorem sequens et diem hominis non desideravi tu scis quod egressum est de labiis meis rectum in conspectu tuo fuit	et ego non sum turbatus, te pastorem sequens: et diem hominis non desideravi, tu scis: quod egressum est de labiis meis, rectum in conspectu tuo fuit.		As for me, I have not hastened from being a pastor to follow thee: neither have I desired the woeful day; thou knowest: that which came out of my lips was right before thee.
Jer	17	17	אַל־תִּהְיֵה־לִי לִמְחִתָּה מַחֲסִי־אַתָּה בְּיוֹם רָעָה ׃	μὴ γενηθῇς μοι εἰς ἀλλοτρίωσιν, φειδόμενός μου ἐν ἡμέρᾳ πονηρᾷ.	non sis mihi tu formidini spes mea tu in die adflictionis	Non sis tu mihi formidini, spes mea tu in die afflictionis.		Be not a terror unto me: thou art my hope in the day of evil.
Jer	17	18	יֵבֹשׁוּ רֹדְפַי וְאַל־אֵבֹשָׁה אָנִי יֵחַתּוּ הֵמָּה וְאַל־אֵחַתָּה אָנִי הָבִיא עֲלֵיהֶם יוֹם רָעָה וּמִשְׁנֶה שִׁבָּרוֹן שָׁבְרֵם ׃ ס	καταισχυνθήτωσαν οἱ διώκοντές με, καὶ μὴ καταισχυνθείην ἐγώ· πτοηθείησαν αὐτοί, καὶ μὴ πτοηθείην ἐγώ· ἐπάγαγε ἐπʼ αὐτοὺς ἡμέραν πονηράν, δισσὸν σύντριμμα σύντριψον αὐτούς.	confundantur qui persequuntur me et non confundar ego paveant illi et non paveam ego induc super eos diem adflictionis et duplici contritione contere eos	Confundantur qui me persequuntur, et non confundar ego: paveant illi, et non paveam ego: induc super eos diem afflictionis, et duplici contritione contere eos.]		Let them be confounded that persecute me, but let not me be confounded: let them be dismayed, but let not me be dismayed: bring upon them the day of evil, and destroy them with double destruction.
Jer	17	19	כֹּה־אָמַר יְהוָה אֵלַי הָלֹךְ וְעָמַדְתָּ בְּשַׁעַר בְּנֵי־עָם אֲשֶׁר יָבֹאוּ בוֹ מַלְכֵי יְהוּדָה וַאֲשֶׁר יֵצְאוּ בוֹ וּבְכֹל שַׁעֲרֵי יְרוּשָׁלִָם ׃	Τάδε λέγει Κύριος Βάδισον καὶ στῆθι ἐν ταῖς πύλαις υἱῶν λαοῦ σου, ἐν αἷς εἰσπορεύονται ἐν αὐταῖς βασιλεῖς Ἰούδα καὶ ἐν αἷς ἐκπορεύονται ἐν αὐταῖς, καὶ ἐν πάσαις ταῖς πύλαις Ἰερουσαλήμ,	haec dicit Dominus ad me vade et sta in porta filiorum populi per quam ingrediuntur reges Iuda et egrediuntur et in cunctis portis Hierusalem	Hc dicit Dominus ad me: Vade, et sta in porta filiorum populi, per quam ingrediuntur reges Juda, et egrediuntur, et in cunctis portis Jerusalem:		Thus said the Lord unto me; Go and stand in the gate of the children of the people, whereby the kings of Judah come in, and by the which they go out, and in all the gates of Jerusalem;
Jer	17	20	וְאָמַרְתָּ אֲלֵיהֶם שִׁמְעוּ דְבַר־יְהוָה מַלְכֵי יְהוּדָה וְכָל־יְהוּדָה וְכֹל יֹשְׁבֵי יְרוּשָׁלִָם הַבָּאִים בַּשְּׁעָרִים הָאֵלֶּה ׃ ס	καὶ ἐρεῖς αὐτοῖς τὸν λόγον Κυρίου Βασιλεῖς Ἰούδα καὶ πᾶσα Ἰουδαία καὶ πᾶσα Ἰερουσαλήμ, οἱ εἰσπορευόμενοι ἐν ταῖς πύλαις ταύταις,	et dices ad eos audite verbum Domini reges Iuda et omnis Iudaea cunctique habitatores Hierusalem qui ingredimini per portas istas	et dices ad eos: [Audite verbum Domini, reges Juda, et omnis Juda, cunctique habitatores Jerusalem, qui ingredimini per portas istas.		And say unto them, Hear ye the word of the Lord, ye kings of Judah, and all Judah, and all the inhabitants of Jerusalem, that enter in by these gates:
Jer	17	21	כֹּה אָמַר יְהוָה הִשָּׁמְרוּ בְּנַפְשׁוֹתֵיכֶם וְאַל־תִּשְׂאוּ מַשָּׂא בְּיוֹם הַשַּׁבָּת וַהֲבֵאתֶם בְּשַׁעֲרֵי יְרוּשָׁלִָם ׃	τάδε λέγει Κύριος Φυλάσσεσθε τὰς ψυχὰς ὑμῶν, καὶ μὴ αἴρετε βαστάγματα ἐν τῇ ἡμέρᾳ τῶν σαββάτων καὶ μὴ ἐκπορεύεσθε ταῖς πύλαις Ἰερουσαλήμ,	haec dicit Dominus custodite animas vestras et nolite portare pondera in die sabbati nec inferatis per portas Hierusalem	Hc dicit Dominus: Custodite animas vestras, et nolite portare pondera in die sabbati, nec inferatis per portas Jerusalem,		Thus saith the Lord; Take heed to yourselves, and bear no burden on the sabbath day, nor bring it in by the gates of Jerusalem;
Jer	17	22	וְלֹא־תוֹצִיאוּ מַשָּׂא מִבָּתֵּיכֶם בְּיוֹם הַשַּׁבָּת וְכָל־מְלָאכָה לֹא תַעֲשׂוּ וְקִדַּשְׁתֶּם אֶת־יוֹם הַשַּׁבָּת כַּאֲשֶׁר צִוִּיתִי אֶת־אֲבוֹתֵיכֶם ׃	καὶ μὴ ἐκφέρετε βαστάγματα ἐξ οἰκιῶν ὑμῶν ἐν τῇ ἡμέρᾳ τῶν σαββάτων, καὶ πᾶν ἔργον οὐ ποιήσετε· ἁγιάσατε τὴν ἡμέραν τῶν σαββάτων καθὼς ἐνετειλάμην τοῖς πατράσιν ὑμῶν. καὶ οὐκ ἤκουσαν καὶ οὐκ ἔκλιναν τὸ οὗς αὐτῶν,	et nolite eicere onera de domibus vestris in die sabbati et omne opus non facietis sanctificate diem sabbati sicut praecepi patribus vestris	et nolite ejicere onera de domibus vestris in die sabbati, et omne opus non facietis: sanctificate diem sabbati, sicut prcepi patribus vestris.		Neither carry forth a burden out of your houses on the sabbath day, neither do ye any work, but hallow ye the sabbath day, as I commanded your fathers.
Jer	17	23	וְלֹא שָׁמְעוּ וְלֹא הִטּוּ אֶת־אָזְנָם וַיַּקְשׁוּ אֶת־עָרְפָּם לְבִלְתִּי שׁוֹמֵעַ וּלְבִלְתִּי קַחַת מוּסָר ׃	καὶ ἐσκλήρυναν τὸν τράχηλον αὐτῶν ὑπέρ τοὺς πατέρας αὐτῶν τοῦ μὴ ἀκοῦσαί μου καὶ τοῦ μὴ δέξασθαι παιδείαν.	et non audierunt nec inclinaverunt aurem suam sed induraverunt cervicem suam ne audirent me et ne acciperent disciplinam	Et non audierunt, nec inclinaverunt aurem suam: sed induraverunt cervicem suam, ne audirent me, et ne acciperent disciplinam.		But they obeyed not, neither inclined their ear, but made their neck stiff, that they might not hear, nor receive instruction.
Jer	17	24	וְהָיָה אִם־שָׁמֹעַ תִּשְׁמְעוּן אֵלַי נְאֻם־יְהוָה לְבִלְתִּי הָבִיא מַשָּׂא בְּשַׁעֲרֵי הָעִיר הַזֹּאת בְּיוֹם הַשַּׁבָּת וּלְקַדֵּשׁ אֶת־יוֹם הַשַּׁבָּת לְבִלְתִּי עֲשׂוֹת־בֹּה כָּל־מְלָאכָה ׃	καὶ ἔσται ἐὰν εἰσακούσητέ μου, λέγει Κύριος, τοῦ μὴ εἰσφέρειν βαστάγματα διὰ τῶν πυλῶν τῆς πόλεως ταύτης ἐν τῇ ἡμέρᾳ τῶν σαββάτων, καὶ ἁγιάζειν τὴν ἡμέραν τῶν σαββάτων τοῦ μὴ ποιεῖν πᾶν ἔργον,	et erit si audieritis me dicit Dominus ut non inferatis onera per portas civitatis huius in die sabbati et si sanctificaveritis diem sabbati ne faciatis in ea omne opus	Et erit: si audieritis me, dicit Dominus, ut non inferatis onera per portas civitatis hujus in die sabbati: et si sanctificaveritis diem sabbati, ne faciatis in eo omne opus:		And it shall come to pass, if ye diligently hearken unto me, saith the Lord, to bring in no burden through the gates of this city on the sabbath day, but hallow the sabbath day, to do no work therein;
Jer	17	25	וּבָאוּ בְשַׁעֲרֵי הָעִיר הַזֹּאת מְלָכִים וְשָׂרִים יֹשְׁבִים עַל־כִּסֵּא דָוִד רֹכְבִים בָּרֶכֶב וּבַסּוּסִים הֵמָּה וְשָׂרֵיהֶם אִישׁ יְהוּדָה וְיֹשְׁבֵי יְרוּשָׁלִָם וְיָשְׁבָה הָעִיר־הַזֹּאת לְעוֹלָם ׃	καὶ εἰσελεύσονται διὰ τῶν πυλῶν τῆς πόλεως ταύτης βασιλεῖς καὶ ἄρχοντες καθήμενοι ἐπὶ θρόνου Δαυεὶδ καὶ ἐπιβεβηκότες ἐφʼ ἅρμασιν καὶ ἵπποις αὐτῶν, αὐτοὶ καὶ οἱ ἄρχοντες αὐτῶν, ἄνδρες Ἰούδα καὶ οἱ κατοικοῦντες ἐν Ἰερουσαλήμ· καὶ κατοικισθήσεται ἡ πόλις αὕτη εἰς τὸν αἰῶνα,	ingredientur per portas civitatis huius reges et principes sedentes super solium David et ascendentes in curribus et equis ipsi et principes eorum vir Iuda et habitatores Hierusalem et habitabitur civitas haec in sempiternum	ingredientur per portas civitatis hujus reges et principes, sedentes super solium David, et ascendentes in curribus et equis, ipsi et principes eorum, viri Juda, et habitatores Jerusalem: et habitabitur civitas hc in sempiternum.		Then shall there enter into the gates of this city kings and princes sitting upon the throne of David, riding in chariots and on horses, they, and their princes, the men of Judah, and the inhabitants of Jerusalem: and this city shall remain for ever.
Jer	17	26	וּבָאוּ מֵעָרֵי־יְהוּדָה וּמִסְּבִיבוֹת יְרוּשָׁלַםִ וּמֵאֶרֶץ בִּנְיָמִן וּמִן־הַשְּׁפֵלָה וּמִן־הָהָר וּמִן־הַנֶּגֶב מְבִאִים עוֹלָה וְזֶבַח וּמִנְחָה וּלְבוֹנָה וּמְבִאֵי תוֹדָה בֵּית יְהוָה ׃	καὶ ἥξουσιν ἐκ τῶν πόλεων Ἰούδα, καὶ κυκλόθεν Ἰερουσαλὴμ καὶ ἐκ γῆς Βενιαμεὶν καὶ ἐκ γῆς πεδινῆς καὶ ἐκ τοῦ ὄρους καὶ ἐκ τῆς πρὸς νότον φέροντες ὁλοκαυτώματα καὶ θυσίαν καὶ θυμιάματα καὶ μάννα καὶ λίβανον, φέροντες αἴνεσιν εἰς οἶκον Κυρίου.	et venient de civitate Iuda et de circuitu Hierusalem et de terra Beniamin et de campestribus et de montuosis et ab austro portantes holocaustum et victimam et sacrificium et tus et inferent oblationem in domum Domini	Et venient de civitatibus Juda, et de circuitu Jerusalem, et de terra Benjamin, et de campestribus, et de montuosis, et ab austro, portantes holocaustum, et victimam, et sacrificium, et thus, et inferent oblationem in domum Domini.		And they shall come from the cities of Judah, and from the places about Jerusalem, and from the land of Benjamin, and from the plain, and from the mountains, and from the south, bringing burnt offerings, and sacrifices, and meat offerings, and incense, and bringing sacrifices of praise, unto the house of the Lord.
Jer	17	27	וְאִם־לֹא תִשְׁמְעוּ אֵלַי לְקַדֵּשׁ אֶת־יוֹם הַשַּׁבָּת וּלְבִלְתִּי שְׂאֵת מַשָּׂא וּבֹא בְּשַׁעֲרֵי יְרוּשָׁלַםִ בְּיוֹם הַשַּׁבָּת וְהִצַּתִּי אֵשׁ בִּשְׁעָרֶיהָ וְאָכְלָה אַרְמְנוֹת יְרוּשָׁלַםִ וְלֹא תִכְבֶּה ׃ פ	καὶ ἔσται ἐὰν μὴ εἰσακούσητέ μου τοῦ ἁγιάζειν τὴν ἡμέραν τῶν σαββάτων, τοῦ μὴ αἴρειν βαστάγματα καὶ μὴ εἰσπορεύεσθαι ταῖς πύλαις Ἰερουσαλὴμ ἐν τῇ ἡμέρᾳ τῶν σαββάτων, καὶ ἀνάψω πῦρ ἐν ταῖς πύλαις αὐτῆς καὶ καταφάγεται ἄμφοδα Ἰερουσαλήμ, καὶ οὐ σβεσθήσεται.	si autem non audieritis me ut sanctificetis diem sabbati et ne portetis onus et ne inferatis per portas Hierusalem in die sabbati succendam ignem in portis eius et devorabit domos Hierusalem et non extinguetur	Si autem non audieritis me ut sanctificetis diem sabbati, et ne portetis onus, et ne inferatis per portas Jerusalem in die sabbati, succendam ignem in portis ejus, et devorabit domos Jerusalem, et non extinguetur.]		But if ye will not hearken unto me to hallow the sabbath day, and not to bear a burden, even entering in at the gates of Jerusalem on the sabbath day; then will I kindle a fire in the gates thereof, and it shall devour the palaces of Jerusalem, and it shall not be quenched.
Jer	18	1	הַדָּבָר אֲשֶׁר הָיָה אֶל־יִרְמְיָהוּ מֵאֵת יְהוָה לֵאמֹר ׃	Ὁ λόγος ὁ γενόμενος παρὰ Κυρίου πρὸς Ἰερεμίαν λέγων	verbum quod factum est ad Hieremiam a Domino dicens	Verbum quod factum est ad Jeremiam a Domino, dicens:		The word which came to Jeremiah from the Lord, saying,
Jer	18	2	קוּם וְיָרַדְתָּ בֵּית הַיּוֹצֵר וְשָׁמָּה אַשְׁמִיעֲךָ אֶת־דְּבָרָי ׃	Ἀνάστηθι καὶ κατάβηθι εἰς οἶκον τοῦ κεραμέως, καὶ ἐκεῖ ἀκούσῃ τοὺς λόγους μου.	surge et descende in domum figuli et ibi audies verba mea	Surge, et descende in domum figuli, et ibi audies verba mea.		Arise, and go down to the potter's house, and there I will cause thee to hear my words.
Jer	18	3	וָאֵרֵד בֵּית הַיּוֹצֵר וְהִנֵּהוּ עֹשֶׂה מְלָאכָה עַל־הָאָבְנָיִם ׃	καὶ κατέβην εἰς οἶκον τοῦ κεραμέως, καὶ ἰδοὺ αὐτὸς ἐποίει ἔργον ἐπὶ τῶν λίθων,	et descendi in domum figuli et ecce ipse faciebat opus super rotam	Et descendi in domum figuli, et ecce ipse faciebat opus super rotam.		Then I went down to the potter's house, and, behold, he wrought a work on the wheels.
Jer	18	4	וְנִשְׁחַת הַכְּלִי אֲשֶׁר הוּא עֹשֶׂה בַּחֹמֶר בְּיַד הַיּוֹצֵר וְשָׁב וַיַּעֲשֵׂהוּ כְּלִי אַחֵר כַּאֲשֶׁר יָשַׁר בְּעֵינֵי הַיּוֹצֵר לַעֲשׂוֹת ׃ פ	καὶ ἔπεσεν τὸ ἄγγιον ὃ αὐτὸς ἐποίει ἐν ταῖς χερσὶν αὐτοῦ· καὶ πάλιν αὐτὸς ἐποίησεν αὐτὸ ἄγγιον ἕτερον καθὼς ἤρεσεν ἐνώπιον αὐτοῦ ποιῆσαι.	et dissipatum est vas quod ipse faciebat e luto manibus suis conversusque fecit illud vas alterum sicut placuerat in oculis eius ut faceret	Et dissipatum est vas quod ipse faciebat e luto manibus suis: conversusque fecit illud vas alterum, sicut placuerat in oculis ejus ut faceret.		And the vessel that he made of clay was marred in the hand of the potter: so he made it again another vessel, as seemed good to the potter to make it.
Jer	18	5	וַיְהִי דְבַר־יְהוָה אֵלַי לֵאמוֹר ׃	καὶ ἐγένετο λόγος Κυρίου πρὸς μέ λέγων	et factum est verbum Domini ad me dicens	Et factum est verbum Domini ad me, dicens:		Then the word of the Lord came to me, saying,
Jer	18	6	הֲכַיּוֹצֵר הַזֶּה לֹא־אוּכַל לַעֲשׂוֹת לָכֶם בֵּית יִשְׂרָאֵל נְאֻם־יְהוָה הִנֵּה כַחֹמֶר בְּיַד הַיּוֹצֵר כֵּן־אַתֶּם בְּיָדִי בֵּית יִשְׂרָאֵל ׃ ס	Εἰ καθὼς ὁ κεραμεὺς οὗτος οὐ δυνήσομαι τοῦ ποιῆσαι ὑμᾶς, οἶκος Ἰσραήλ; ἰδοὺ ὡς ὁ πηλὸς τοῦ κεραμέως ὑμεῖς ἐστὲ ἐν χερσίν μου.	numquid sicut figulus iste non potero facere vobis domus Israhel ait Dominus ecce sicut lutum in manu figuli sic vos in manu mea domus Israhel	[Numquid sicut figulus iste, non potero vobis facere, domus Isral? ait Dominus: ecce sicut lutum in manu figuli, sic vos in manu mea, domus Isral.		O house of Israel, cannot I do with you as this potter? saith the Lord. Behold, as the clay is in the potter's hand, so are ye in mine hand, O house of Israel.
Jer	18	7	רֶגַע אֲדַבֵּר עַל־גּוֹי וְעַל־מַמְלָכָה לִנְתוֹשׁ וְלִנְתוֹץ וּלְהַאֲבִיד ׃	πέρας λαλήσω ἐπὶ ἔθνος ἢ ἐπὶ βασιλείαν τοῦ ἐξᾶραι αὐτοὺς καὶ τοῦ ἀπολλύειν,	repente loquar adversum gentem et adversum regnum ut eradicem et destruam et disperdam illud	Repente loquar adversum gentem et adversus regnum, ut eradicem, et destruam, et disperdam illud:		At what instant I shall speak concerning a nation, and concerning a kingdom, to pluck up, and to pull down, and to destroy it;
Jer	18	8	וְשָׁב הַגּוֹי הַהוּא מֵרָעָתוֹ אֲשֶׁר דִּבַּרְתִּי עָלָיו וְנִחַמְתִּי עַל־הָרָעָה אֲשֶׁר חָשַׁבְתִּי לַעֲשׂוֹת לוֹ ׃ ס	καὶ ἐπιστραφῇ τὸ ἔθνος ἐκεῖνο ἀπὸ πάντων τῶν κακῶν αὐτῶν, καὶ μετανοήσω περὶ τῶν κακῶν ὧν ἐλογισάμην τοῦ ποιῆσαι αὐτοῖς.	si paenitentiam egerit gens illa a malo suo quod locutus sum adversum eam agam et ego paenitentiam super malo quod cogitavi ut facerem ei	si pnitentiam egerit gens illa a malo suo, quod locutus sum adversus eam, agam et ego pnitentiam super malo quod cogitavi ut facerem ei.		If that nation, against whom I have pronounced, turn from their evil, I will repent of the evil that I thought to do unto them.
Jer	18	9	וְרֶגַע אֲדַבֵּר עַל־גּוֹי וְעַל־מַמְלָכָה לִבְנֹת וְלִנְטֹעַ ׃	καὶ πέρας λαλήσω ἐπὶ ἔθνος καὶ βασιλείαν τοῦ ἀνοικοδομεῖσθαι καὶ τοῦ καταφυτεύεσθαι,	et subito loquar de gente et regno ut aedificem et ut plantem illud	Et subito loquar de gente et de regno, ut dificem et plantem illud,		And at what instant I shall speak concerning a nation, and concerning a kingdom, to build and to plant it;
Jer	18	10	וְעָשָׂה הָרָעָה בְּעֵינַי לְבִלְתִּי שְׁמֹעַ בְּקוֹלִי וְנִחַמְתִּי עַל־הַטּוֹבָה אֲשֶׁר אָמַרְתִּי לְהֵיטִיב אוֹתוֹ ׃ ס	καὶ ποιήσωσιν τὰ πονηρὰ ἐναντίον μου τοῦ μὴ ἀκούειν τῆς φωνῆς μου, καὶ μετανοήσω περὶ τῶν ἀγαθῶν ὧν ἐλάλησα τοῦ ποιῆσαι αὐτοῖς.	si fecerit malum in oculis meis ut non audiat vocem meam paenitentiam agam super bono quod locutus sum ut facerem ei	si fecerit malum in oculis meis, ut non audiat vocem meam, pnitentiam agam super bono quod locutus sum ut facerem ei.		If it do evil in my sight, that it obey not my voice, then I will repent of the good, wherewith I said I would benefit them.
Jer	18	11	וְעַתָּה אֱמָר־נָא אֶל־אִישׁ־יְהוּדָה וְעַל־יוֹשְׁבֵי יְרוּשָׁלַםִ לֵאמֹר כֹּה אָמַר יְהוָה הִנֵּה אָנֹכִי יוֹצֵר עֲלֵיכֶם רָעָה וְחֹשֵׁב עֲלֵיכֶם מַחֲשָׁבָה שׁוּבוּ נָא אִישׁ מִדַּרְכּוֹ הָרָעָה וְהֵיטִיבוּ דַרְכֵיכֶם וּמַעַלְלֵיכֶם ׃	καὶ νῦν εἰπὸν πρὸς ἄνδρας Ἰούδα καὶ πρὸς τοὺς κατοικοῦντας Ἰερουσαλήμ Ἰδοὺ ἐγὼ πλάσσω ἐφʼ ὑμᾶς κακά, καὶ λογίζομαι ἐφʼ ὑμᾶς λογισμόν· ἀποστραφήτω δὴ ἕκαστος ἀπὸ ὁδοῦ αὐτοῦ τῆς πονηρᾶς. καὶ καλλίονα ποιήσετε τὰ ἐπιτηδεύματα ὑμῶν.	nunc ergo dic viro Iudae et habitatoribus Hierusalem dicens haec dicit Dominus ecce ego fingo contra vos malum et cogito contra vos cogitationem revertatur unusquisque a via sua mala et dirigite vias vestras et studia vestra	Nunc ergo dic viro Juda, et habitatoribus Jerusalem, dicens: Hc dicit Dominus: Ecce ego fingo contra vos malum, et cogito contra vos cogitationem: revertatur unusquisque a via sua mala, et dirigite vias vestras et studia vestra.		Now therefore go to, speak to the men of Judah, and to the inhabitants of Jerusalem, saying, Thus saith the Lord; Behold, I frame evil against you, and devise a device against you: return ye now every one from his evil way, and make your ways and your doings good.
Jer	18	12	וְאָמְרוּ נוֹאָשׁ כִּי־אַחֲרֵי מַחְשְׁבוֹתֵינוּ נֵלֵךְ וְאִישׁ שְׁרִרוּת לִבּוֹ־הָרָע נַעֲשֶׂה ׃ ס	καὶ εἶπαν Ἀνδριούμεθα, ὅτι ὀπίσω τῶν ἀποστροφῶν ἡμῶν πορευσόμεθα, καὶ ἕκαστος τὰ ἀρεστὰ τῆς καρδίας αὐτοῦ τῆς πονηρᾶς ποιήσομεν.	qui dixerunt desperavimus post cogitationes enim nostras ibimus et unusquisque pravitatem cordis sui mali faciemus	Qui dixerunt: Desperavimus: post cogitationes enim nostras ibimus, et unusquisque pravitatem cordis sui mali faciemus.		And they said, There is no hope: but we will walk after our own devices, and we will every one do the imagination of his evil heart.
Jer	18	13	לָכֵן כֹּה אָמַר יְהוָה שַׁאֲלוּ־נָא בַּגּוֹיִם מִי שָׁמַע כָּאֵלֶּה שַׁעֲרֻרִת עָשְׂתָה מְאֹד בְּתוּלַת יִשְׂרָאֵל ׃	Διὰ τοῦτο τάδε λέγει Κύριος Ἐρωτήσατε δὴ ἐν ἔθνεσιν Τίς ἤκουσεν τοιαῦτα φρικτὰ ἃ ἐποίησεν σφόδρα παρθένος Ἰσραήλ;	ideo haec dicit Dominus interrogate gentes quis audivit talia horribilia quae fecit nimis virgo Israhel	Ideo hc dicit Dominus: Interrogate gentes: quis audivit talia horribilia, qu fecit nimis virgo Isral?		Therefore thus saith the Lord; Ask ye now among the heathen, who hath heard such things: the virgin of Israel hath done a very horrible thing.
Jer	18	14	הֲיַעֲזֹב מִצּוּר שָׂדַי שֶׁלֶג לְבָנוֹן אִם־יִנָּתְשׁוּ מַיִם זָרִים קָרִים נוֹזְלִים ׃	μὴ ἐκλείψουσιν ἀπὸ πέτρας μαστοί, ἢ χιὼν ἀπὸ τοῦ Λιβάνου; μὴ ἐκκλινεῖ ὕδωρ βιαίως ἀνέμῳ φερόμενον;	numquid deficiet de petra agri nix Libani aut evelli possunt aquae erumpentes frigidae et defluentes	Numquid deficiet de petra agri nix Libani? aut evelli possunt aqu erumpentes frigid, et defluentes?		Will a man leave the snow of Lebanon which cometh from the rock of the field? or shall the cold flowing waters that come from another place be forsaken?
Jer	18	15	כִּי־שְׁכֵחֻנִי עַמִּי לַשָּׁוְא יְקַטֵּרוּ וַיַּכְשִׁלוּם בְּדַרְכֵיהֶם שְׁבִילֵי עוֹלָם לָלֶכֶת נְתִיבוֹת דֶּרֶךְ לֹא סְלוּלָה ׃	ὅτι ἐπελάθοντό μου λαός μου, εἰς κενὸν ἐθυμίασαν, καὶ ἀσθενήσουσιν ἐν ταῖς ὁδοῖς αὐτῶν σχοίνους αἰωνίους τοῦ ἐπιβῆναι τρίβους οὐκ ἔχοντας ὁδὸν εἰς πορείαν,	quia oblitus est mei populus meus frustra libantes et inpingentes in viis suis in semitis saeculi ut ambularent per eas in itinere non trito	Quia oblitus est mei populus meus, frustra libantes, et impingentes in viis suis, in semitis sculi, ut ambularent per eas in itinere non trito,		Because my people hath forgotten me, they have burned incense to vanity, and they have caused them to stumble in their ways from the ancient paths, to walk in paths, in a way not cast up;
Jer	18	16	לָשׂוּם אַרְצָם לְשַׁמָּה שְׁרוּקַת עוֹלָם כֹּל עוֹבֵר עָלֶיהָ יִשֹּׁם וְיָנִיד בְּרֹאשׁוֹ ׃	τοῦ τάξαι τὴν γῆν αὐτῶν εἰς ἀφανισμὸν καὶ σύριγμα αἰώνιον· πάντες οἱ διαπορευόμενοι αὐτῆς ἐκστήσονται καὶ κινήσουσιν τὴν κεφαλὴν αὐτῶν.	ut fieret terra eorum in desolationem et in sibilum sempiternum omnis qui praeterit per eam obstupescet et movebit caput suum	ut fieret terra eorum in desolationem, et in sibilum sempiternum: omnis qui prterierit per eam obstupescet, et movebit caput suum.		To make their land desolate, and a perpetual hissing; every one that passeth thereby shall be astonished, and wag his head.
Jer	18	17	כְּרוּחַ־קָדִים אֲפִיצֵם לִפְנֵי אוֹיֵב עֹרֶף וְלֹא־פָנִים אֶרְאֵם בְּיוֹם אֵידָם ׃	ὡς ἄνεμον καύσωνα διασπερῶ αὐτοὺς κατὰ πρόσωπον ἐχθρῶν αὐτῶν, δείξω αὐτοῖς ἡμέραν ἀπωλείας αὐτῶν.	sicut ventus urens dispergam eos coram inimico dorsum et non faciem ostendam eis in die perditionis eorum	Sicut ventus urens dispergam eos coram inimico: dorsum, et non faciem, ostendam eis in die perditionis eorum.]		I will scatter them as with an east wind before the enemy; I will shew them the back, and not the face, in the day of their calamity.
Jer	18	18	ס וַיֹּאמְרוּ לְכוּ וְנַחְשְׁבָה עַל־יִרְמְיָהוּ מַחֲשָׁבוֹת כִּי לֹא־תֹאבַד תּוֹרָה מִכֹּהֵן וְעֵצָה מֵחָכָם וְדָבָר מִנָּבִיא לְכוּ וְנַכֵּהוּ בַלָּשׁוֹן וְאַל־נַקְשִׁיבָה אֶל־כָּל־דְּבָרָיו ׃	Καὶ εἶπαν Δεῦτε λογισώμεθα ἐπὶ Ἰερεμίαν λογισμόν, ὅτι οὐκ ἀπολεῖται νόμος ἀπὸ ἱερέως καὶ βουλὴ ἀπὸ συνετοῦ καὶ λόγος ἀπὸ προφήτου· δεῦτε καὶ πατάξωμεν αὐτὸν ἐν γλώσσῃ, καὶ ἀκουσόμεθα πάντας τοὺς λόγους αὐτοῦ.	et dixerunt venite et cogitemus contra Hieremiam cogitationes non enim peribit lex a sacerdote neque consilium a sapiente nec sermo a propheta venite et percutiamus eum lingua et non adtendamus ad universos sermones eius	Et dixerunt: [Venite, et cogitemus contra Jeremiam cogitationes: non enim peribit lex a sacerdote, neque consilium a sapiente, nec sermo a propheta: venite, et percutiamus eum lingua, et non attendamus ad universos sermones ejus.]		Then said they, Come and let us devise devices against Jeremiah; for the law shall not perish from the priest, nor counsel from the wise, nor the word from the prophet. Come, and let us smite him with the tongue, and let us not give heed to any of his words.
Jer	18	19	הַקְשִׁיבָה יְהוָה אֵלָי וּשְׁמַע לְקוֹל יְרִיבָי ׃	Εἰσάκουσόν μου, Κύριε, καὶ εἰσάκουσον τῆς φωνῆς τοῦ δικαιώματός μου.	adtende Domine ad me et audi vocem adversariorum meorum	[Attende, Domine, ad me, et audi vocem adversariorum meorum.		Give heed to me, O Lord, and hearken to the voice of them that contend with me.
Jer	18	20	הַיְשֻׁלַּם תַּחַת־טוֹבָה רָעָה כִּי־כָרוּ שׁוּחָה לְנַפְשִׁי זְכֹר עָמְדִי לְפָנֶיךָ לְדַבֵּר עֲלֵיהֶם טוֹבָה לְהָשִׁיב אֶת־חֲמָתְךָ מֵהֶם ׃	εἰ ἀνταποδίδοται ἀντὶ ἀγαθῶν κακά ; ὅτι συνελάλησαν ῥήματα κατὰ τῆς ψυχῆς μου, καὶ τὴν κόλασιν αὐτῶν ἔκρυψάν μοι· μνήσθητι ἑστηκότος μου κατὰ πρόσωπόν σου τοῦ λαλῆσαι ὑπὲρ αὐτῶν ἀγαθά, τοῦ ἀποστρέψαι τὸν θυμόν σου ἀπʼ αὐτῶν.	numquid redditur pro bono malum quia foderunt foveam animae meae recordare quod steterim in conspectu tuo ut loquerer pro eis bonum et averterem indignationem tuam ab eis	Numquid redditur pro bono malum, quia foderunt foveam anim me? Recordare quod steterim in conspectu tuo ut loquerer pro eis bonum, et averterem indignationem tuam ab eis.		Shall evil be recompensed for good? for they have digged a pit for my soul. Remember that I stood before thee to speak good for them, and to turn away thy wrath from them.
Jer	18	21	לָכֵן תֵּן אֶת־בְּנֵיהֶם לָרָעָב וְהַגִּרֵם עַל־יְדֵי־חֶרֶב וְתִהְיֶנָה נְשֵׁיהֶם שַׁכֻּלוֹת וְאַלְמָנוֹת וְאַנְשֵׁיהֶם יִהְיוּ הֲרֻגֵי מָוֶת בַּחוּרֵיהֶם מֻכֵּי־חֶרֶב בַּמִּלְחָמָה ׃	διὰ τοῦτο δὸς τοὺς υἱοὺς αὐτῶν εἰς λιμόν, καὶ ἄθροισον αὐτοὺς εἰς χεῖρας μαχαίρας· γενέσθωσαν αἱ γυναῖκες αὐτῶν ἄτεκνοι καὶ χῆραι, καὶ οἱ ἄνδρες αὐτῶν γενέσθωσαν ἀνῃρημένοι θανάτῳ, καὶ οἱ υεανίσκοι αὐτῶν πεπτωκότες μαχαίρᾳ ἐν πολέμῳ.	propterea da filios eorum in famem et deduc eos in manus gladii fiant uxores eorum absque liberis et viduae et viri earum interficiantur morte iuvenes eorum confodiantur gladio in proelio	Propterea da filios eorum in famem, et deduc eos in manus gladii: fiant uxores eorum absque liberis, et vidu: et viri earum interficiantur morte: juvenes eorum confodiantur gladio in prlio:		Therefore deliver up their children to the famine, and pour out their blood by the force of the sword; and let their wives be bereaved of their children, and be widows; and let their men be put to death; let their young men be slain by the sword in battle.
Jer	18	22	תִּשָּׁמַע זְעָקָה מִבָּתֵּיהֶם כִּי־תָבִיא עֲלֵיהֶם גְּדוּד פִּתְאֹם כִּי־כָרוּ שִׁיחָה לְלָכְדֵנִי וּפַחִים טָמְנוּ לְרַגְלָי ׃	γενηθήτω κραυγὴ ἐν ταῖς οἰκίαις αὐτῶν, ἐπάξεις ἐπʼ αὐτοὺς λῃστὰς ἄφνω, ὅτι ἐνεχείρησαν λόγον εἰς σύνλημψίν μου καὶ παγίδας ἔκρυψαν ἐπʼ ἐμέ.	audiatur clamor de domibus eorum adduces enim super eos latronem repente quia foderunt foveam ut caperent me et laqueos absconderunt pedibus meis	audiatur clamor de domibus eorum: adduces enim super eos latronem repente, quia foderunt foveam ut caperent me, et laqueos absconderunt pedibus meis.		Let a cry be heard from their houses, when thou shalt bring a troop suddenly upon them: for they have digged a pit to take me, and hid snares for my feet.
Jer	18	23	וְאַתָּה יְהוָה יָדַעְתָּ אֶת־כָּל־עֲצָתָם עָלַי לַמָּוֶת אַל־תְּכַפֵּר עַל־עֲוֹנָם וְחַטָּאתָם מִלְּפָנֶיךָ אַל־תֶּמְחִי וְהָיוּ מֻכְשָׁלִים לְפָנֶיךָ בְּעֵת אַפְּךָ עֲשֵׂה בָהֶם ׃ ס	καὶ σύ, Κύριε, ἔγνως ἄπασαν τὴν βουλὴν αὐτῶν ἐπʼ ἐμὲ εἰς θάνατον· μὴ ἀθῳώσῃς τὰς ἀδικίας αὐτῶν, καὶ τὰς ἁμαρτίας αὐτῶν ἀπὸ προσώπου σου μὴ ἐξαλείψῃς· γενέσθω ἡ ἀσθένεια αὐτῶν ἐναντίον σου, ἐν καιρῷ θυμοῦ σου ποίησον ἐν αὐτοῖς.	tu autem Domine scis omne consilium eorum adversum me in mortem ne propitieris iniquitati eorum et peccatum eorum a facie tua non deleatur fiant corruentes in conspectu tuo in tempore furoris tui abutere eis	Tu autem, Domine, scis omne consilium eorum adversum me in mortem: ne propitieris iniquitati eorum, et peccatum eorum a facie tua non deleatur: fiant corruentes in conspectu tuo, in tempore furoris tui abutere eis.]		Yet, Lord, thou knowest all their counsel against me to slay me: forgive not their iniquity, neither blot out their sin from thy sight, but let them be overthrown before thee; deal thus with them in the time of thine anger.
Jer	19	1	כֹּה אָמַר יְהוָה הָלוֹךְ וְקָנִיתָ בַקְבֻּק יוֹצֵר חָרֶשׂ וּמִזִּקְנֵי הָעָם וּמִזִּקְנֵי הַכֹּהֲנִים ׃	Τότε εἶπεν Κύριος πρὸς μέ Βάδισον καὶ κτῆσαι βικὸν πεπλασμένον ὀστράκινον, καὶ ἄξεις ἀπὸ τῶν πρεσβυτέρων τοῦ λαοῦ καὶ ἀπὸ τῶν ἱερέων,	haec dicit Dominus vade et accipe lagunculam figuli testeam a senioribus populi et a senioribus sacerdotum	Hc dicit Dominus: Vade, et accipe lagunculam figuli testeam a senioribus populi, et a senioribus sacerdotum,		Thus saith the Lord, Go and get a potter's earthen bottle, and take of the ancients of the people, and of the ancients of the priests;
Jer	19	2	וְיָצָאתָ אֶל־גֵּיא בֶן־הִנֹּם אֲשֶׁר פֶּתַח שַׁעַר הַחֲרָסוּת וְקָרָאתָ שָּׁם אֶת־הַדְּבָרִים אֲשֶׁר־אֲדַבֵּר אֵלֶיךָ ׃	καὶ ἐξελεύσῃ εἰς τὸ πολυάνδριον υἱῶν τῶν τέκνων αὐτῶν, ὅ ἐστιν ἐπὶ τῶν προθύρων πύλης τῆς Θαρσείς, καὶ ἀνάγνωθι ἐκεῖ πάντας τοὺς λόγους τούτους οὓς ἂν λαλήσω πρὸς σέ,	et egredere ad vallem filii Ennom quae est iuxta introitum portae Fictilis et praedicabis ibi verba quae ego loquar ad te	et egredere ad vallem filii Ennom, qu est juxta introitum port fictilis: et prdicabis ibi verba qu ego loquar ad te.		And go forth unto the valley of the son of Hinnom, which is by the entry of the east gate, and proclaim there the words that I shall tell thee,
Jer	19	3	וְאָמַרְתָּ שִׁמְעוּ דְבַר־יְהוָה מַלְכֵי יְהוּדָה וְיֹשְׁבֵי יְרוּשָׁלִָם כֹּה־אָמַר יְהוָה צְבָאוֹת אֱלֹהֵי יִשְׂרָאֵל הִנְנִי מֵבִיא רָעָה עַל־הַמָּקוֹם הַזֶּה אֲשֶׁר כָּל־שֹׁמְעָהּ תִּצַּלְנָה אָזְנָיו ׃	καὶ ἐρεῖς αὐτοῖς Ἀκούσατε τὸν λόγον Κυρίου, βασιλεῖς Ἰούδα καὶ ἄνδρες Ἰούδα καὶ οἱ κατοικοῦντες Ἰερουσαλὴμ καὶ οἱ εἰσπορευόμενοι ἐν ταῖς πύλαις ταύταις Τάδε λέγει Κύριος ὁ θεὸς Ἰσραήλ Ἰδοὺ ἐγὼ ἐπάγω ἐπὶ τὸν τόπον τοῦτον κακὰ ὥστε παντὸς ἀκούοντος αὐτὰ ἠχήσει τὰ ὦτα αὐτοῦ,	et dices audite verbum Domini reges Iuda et habitatores Hierusalem haec dicit Dominus exercituum Deus Israhel ecce ego inducam adflictionem super locum istum ita ut omnis qui audierit illam tinniant aures eius	Et dices: [Audite verbum Domini, reges Juda, et habitatores Jerusalem: Hc dicit Dominus exercituum, Deus Isral: Ecce ego inducam afflictionem super locum istum, ita ut omnis qui audierit illam tinniant aures ejus,		And say, Hear ye the word of the Lord, O kings of Judah, and inhabitants of Jerusalem; Thus saith the Lord of hosts, the God of Israel; Behold, I will bring evil upon this place, the which whosoever heareth, his ears shall tingle.
Jer	19	4	יַעַן אֲשֶׁר עֲזָבֻנִי וַיְנַכְּרוּ אֶת־הַמָּקוֹם הַזֶּה וַיְקַטְּרוּ־בוֹ לֵאלֹהִים אֲחֵרִים אֲשֶׁר לֹא־יְדָעוּם הֵמָּה וַאֲבוֹתֵיהֶם וּמַלְכֵי יְהוּדָה וּמָלְאוּ אֶת־הַמָּקוֹם הַזֶּה דַּם נְקִיִּם ׃	ἀνθʼ ὦν ἐγκατέλιπόν με καὶ ἀπηλλοτρίωσαν τὸν τόπον τοῦτον, καὶ ἐθυμίασαν ἐν αὐτῷ θεοῖς ἀλλοτρίοις οἷς οὐκ ᾔδεισαν αὐτοὶ καὶ οἱ πατέρες αὐτῶν· καὶ οἱ βασιλεῖς Ἰούδα ἔπλησαν τὸν τύπον τοῦτον αἱμάτων ἀθῴων,	eo quod dereliquerint me et alienum fecerint locum istum et libaverint in eo diis alienis quos nescierunt ipsi et patres eorum et reges Iuda et repleverunt locum istum sanguine innocentium	eo quod dereliquerint me, et alienum fecerint locum istum, et libaverunt in eo diis alienis, quos nescierunt, ipsi et patres eorum, et reges Juda, et repleverunt locum istum sanguine innocentum:		Because they have forsaken me, and have estranged this place, and have burned incense in it unto other gods, whom neither they nor their fathers have known, nor the kings of Judah, and have filled this place with the blood of innocents;
Jer	19	5	וּבָנוּ אֶת־בָּמוֹת הַבַּעַל לִשְׂרֹף אֶת־בְּנֵיהֶם בָּאֵשׁ עֹלוֹת לַבָּעַל אֲשֶׁר לֹא־צִוִּיתִי וְלֹא דִבַּרְתִּי וְלֹא עָלְתָה עַל־לִבִּי ׃ פ	καὶ ᾠκοδόμησαν ὑψηλὰ τῇ Βάαλ τοῦ κατακαίειν τοὺς υἱοὺς αὐτῶν ἐν πυρί· οὐκ ἐνετειλάμην οὐδὲ διενοήθην ἐν τῇ καρδίᾳ μου.	et aedificaverunt excelsa Baali ad conburendos filios suos igni in holocaustum Baali quae non praecepi nec locutus sum nec ascenderunt in cor meum	et dificaverunt excelsa Baalim, ad comburendos filios suos igni in holocaustum Baalim: qu non prcepi, nec locutus sum, nec ascenderunt in cor meum.		They have built also the high places of Baal, to burn their sons with fire for burnt offerings unto Baal, which I commanded not, nor spake it, neither came it into my mind:
Jer	19	6	לָכֵן הִנֵּה־יָמִים בָּאִים נְאֻם־יְהוָה וְלֹא־יִקָּרֵא לַמָּקוֹם הַזֶּה עוֹד הַתֹּפֶת וְגֵיא בֶן־הִנֹּם כִּי אִם־גֵּיא הַהֲרֵגָה ׃	διὰ τοῦτο ἰδοὺ ἡμέραι ἔρχονται, λέγει Κύριος, καὶ οὐ κληθήσεται τῷ τόπῳ τούτῳ Διάπτωσις καὶ Πολυάνδριον υἱοῦ Ἑννόμ, ἀλλ᾿ ἢ Πολυάνδριον τῆς σφαγῆς.	propterea ecce dies veniunt dicit Dominus et non vocabitur locus iste amplius Thofeth et vallis filii Ennom sed vallis Occisionis	Propterea ecce dies veniunt, dicit Dominus, et non vocabitur amplius locus iste Topheth, et vallis filii Ennom, sed vallis occisionis.		Therefore, behold, the days come, saith the Lord, that this place shall no more be called Tophet, nor The valley of the son of Hinnom, but The valley of slaughter.
Jer	19	7	וּבַקֹּתִי אֶת־עֲצַת יְהוּדָה וִירוּשָׁלִַם בַּמָּקוֹם הַזֶּה וְהִפַּלְתִּים בַּחֶרֶב לִפְנֵי אֹיְבֵיהֶם וּבְיַד מְבַקְשֵׁי נַפְשָׁם וְנָתַתִּי אֶת־נִבְלָתָם לְמַאֲכָל לְעוֹף הַשָּׁמַיִם וּלְבֶהֱמַת הָאָרֶץ ׃	καὶ σφάξω τὴν βουλὴν Ἰούδα καὶ τὴν βουλὴν Ἰερουσαλὴμ ἐν τῷ τόπῳ τούτῳ, καὶ καταβαλῶ αὐτοὺς ἐν μαχαίρᾳ ἐναντίον τῶν ἐχθρῶν αὐτῶν καὶ ἐν χερσὶν τῶν ζητούντων τὰς ψυχὰς αὐτῶν, καὶ δώσω τοὺς νεκροὺς αὐτῶν εἰς βρῶσιν τοῖς πετεινοῖς τοῦ οὐρανοῦ καὶ τοῖς θηρίοις τῆς γῆς,	et dissipabo consilium Iudae et Hierusalem in loco isto et subvertam eos gladio in conspectu inimicorum suorum et in manu quaerentium animas eorum et dabo cadavera eorum escam volatilibus caeli et bestiis terrae	Et dissipabo consilium Juda et Jerusalem in loco isto: et subvertam eos gladio in conspectu inimicorum suorum, et in manu qurentium animas eorum: et dabo cadavera eorum escam volatilibus cli et bestiis terr.		And I will make void the counsel of Judah and Jerusalem in this place; and I will cause them to fall by the sword before their enemies, and by the hands of them that seek their lives: and their carcases will I give to be meat for the fowls of the heaven, and for the beasts of the earth.
Jer	19	8	וְשַׂמְתִּי אֶת־הָעִיר הַזֹּאת לְשַׁמָּה וְלִשְׁרֵקָה כֹּל עֹבֵר עָלֶיהָ יִשֹּׁם וְיִשְׁרֹק עַל־כָּל־מַכֹּתֶהָ ׃	καὶ κατάξω τὴν πόλιν ταύτην εἰς ἀφανισμὸν καὶ εἰς συριγμόν· πᾶς ὁ παραπορευόμενος ἐπʼ αὐτῆς σκυθρωπάσει καὶ συριεῖ ὑπέρ πάσης τῆς πληγῆς αὐτῆς.	et ponam civitatem hanc in stuporem et in sibilum omnis qui praeterierit per eam obstupescet et sibilabit super universa plaga eius	Et ponam civitatem hanc in stuporem, et in sibilum: omnis qui prterierit per eam obstupescet, et sibilabit super universa plaga ejus.		And I will make this city desolate, and an hissing; every one that passeth thereby shall be astonished and hiss because of all the plagues thereof.
Jer	19	9	וְהַאֲכַלְתִּים אֶת־בְּשַׂר בְּנֵיהֶם וְאֵת בְּשַׂר בְּנֹתֵיהֶם וְאִישׁ בְּשַׂר־רֵעֵהוּ יֹאכֵלוּ בְּמָצוֹר וּבְמָצוֹק אֲשֶׁר יָצִיקוּ לָהֶם אֹיְבֵיהֶם וּמְבַקְשֵׁי נַפְשָׁם ׃	καὶ ἔδονται τὰς σάρκας τῶν υἱῶν αὐτῶν καὶ τὰς σάρκας τῶν θυγατέρων αὐτῶν, καὶ ἕκαστος τὰς σάρκας τοῦ πλησίον αὐτοῦ ἔδονται ἐν τῇ περιοχῇ καὶ πολιορκίᾳ ᾗ πολιορκήσουσιν αὐτοὺς οἱ ἐχθροὶ αὐτῶν.	et cibabo eos carnibus filiorum suorum et carnibus filiarum suarum et unusquisque carnes amici sui comedet in obsidione et in angustia in qua concludent eos inimici eorum et qui quaerunt animas eorum	Et cibabo eos carnibus filiorum suorum et carnibus filiarum suarum: et unusquisque carnem amici sui comedet in obsidione, et in angustia in qua concludent eos inimici eorum, et qui qurunt animas eorum.]		And I will cause them to eat the flesh of their sons and the flesh of their daughters, and they shall eat every one the flesh of his friend in the siege and straitness, wherewith their enemies, and they that seek their lives, shall straiten them.
Jer	19	10	וְשָׁבַרְתָּ הַבַּקְבֻּק לְעֵינֵי הָאֲנָשִׁים הַהֹלְכִים אוֹתָךְ ׃	καὶ συντρίψεις τὸν βικὸν κατʼ ὀφθαλμοὺς τῶν ἀνδρῶν τῶν ἐκπορευομένων μετὰ σοῦ,	et conteres lagunculam in oculis virorum qui ibunt tecum	Et conteres lagunculam in oculis virorum qui ibunt tecum,		Then shalt thou break the bottle in the sight of the men that go with thee,
Jer	19	11	וְאָמַרְתָּ אֲלֵיהֶם כֹּה־אָמַר יְהוָה צְבָאוֹת כָּכָה אֶשְׁבֹּר אֶת־הָעָם הַזֶּה וְאֶת־הָעִיר הַזֹּאת כַּאֲשֶׁר יִשְׁבֹּר אֶת־כְּלִי הַיּוֹצֵר אֲשֶׁר לֹא־יוּכַל לְהֵרָפֵה עוֹד וּבְתֹפֶת יִקְבְּרוּ מֵאֵין מָקוֹם לִקְבּוֹר ׃	καὶ ἐρεῖς Τάδε λέγει Κύριος Οὕτως συντρίψω τὸν λαὸν τοῦτον καὶ τὴν πόλιν ταύτην καθὼς συντρίβεται ἄγγος ὀστράκινον, ὃ οὐ δυνήσεται ἰαθῆναι.	et dices ad eos haec dicit Dominus exercituum sic conteram populum istum et civitatem istam sicut conteritur vas figuli quod non potest ultra instaurari et in Thofeth sepelientur eo quod non sit alius locus ad sepeliendum	et dices ad eos: [Hc dicit Dominus exercituum: Sic conteram populum istum, et civitatem istam, sicut conteritur vas figuli, quod non potest ultra instaurari: et in Topheth sepelientur, eo quod non sit alius locus ad sepeliendum.		And shalt say unto them, Thus saith the Lord of hosts; Even so will I break this people and this city, as one breaketh a potter's vessel, that cannot be made whole again: and they shall bury them in Tophet, till there be no place to bury.
Jer	19	12	כֵּן־אֶעֱשֶׂה לַמָּקוֹם הַזֶּה נְאֻם־יְהוָה וּלְיוֹשְׁבָיו וְלָתֵת אֶת־הָעִיר הַזֹּאת כְּתֹפֶת ׃	ὅτι οὕτως ποιήσω, λέγει Κύριος, τῷ τόπῳ τούτῳ καὶ τοῖς κατοικοῦσιν ἐν αὐτῷ, τοῦ δοθῆναι τὴν πόλιν ταύτην ὡς τὴν διαπίπτουσαν.	sic faciam loco huic ait Dominus et habitatoribus eius ut ponam civitatem istam sicut Thofeth	Sic faciam loco huic, ait Dominus, et habitatoribus ejus, et ponam civitatem istam sicut Topheth.		Thus will I do unto this place, saith the Lord, and to the inhabitants thereof, and even make this city as Tophet:
Jer	19	13	וְהָיוּ בָּתֵּי יְרוּשָׁלַםִ וּבָתֵּי מַלְכֵי יְהוּדָה כִּמְקוֹם הַתֹּפֶת הַטְּמֵאִים לְכֹל הַבָּתִּים אֲשֶׁר קִטְּרוּ עַל־גַּגֹּתֵיהֶם לְכֹל צְבָא הַשָּׁמַיִם וְהַסֵּךְ נְסָכִים לֵאלֹהִים אֲחֵרִים ׃ פ	καὶ οἶκοι Ἰερουσαλὴμ καὶ οἶκοι βασιλέων Ἰουδὰ ἔσονται καθὼς ὁ τόπος ὁ διαπίπτων, ἀπὸ τῶν ἀκαθαρσιῶν αὐτῶν ἐν πάσαις ταῖς οἰκίαις ἐν αἷς ἐθυμίασαν ἐπὶ τῶν δωμάτων αὐτῶν πάσῃ τῇ στρατιᾷ τοῦ οὐρανοῦ καὶ ἔσπεισαν σπονδὰς θεοῖς ἀλλοτρίοις.	et erunt domus Hierusalem et domus regum Iuda sicut locus Thofeth inmundae omnes domus in quarum domatibus sacrificaverunt omni militiae caeli et libaverunt libamina diis alienis	Et erunt domus Jerusalem, et domus regum Juda, sicut locus Topheth, immund, omnes domus in quarum domatibus sacrificaverunt omni militi cli, et libaverunt libamina diis alienis.]		And the houses of Jerusalem, and the houses of the kings of Judah, shall be defiled as the place of Tophet, because of all the houses upon whose roofs they have burned incense unto all the host of heaven, and have poured out drink offerings unto other gods.
Jer	19	14	וַיָּבֹא יִרְמְיָהוּ מֵהַתֹּפֶת אֲשֶׁר שְׁלָחוֹ יְהוָה שָׁם לְהִנָּבֵא וַיַּעֲמֹד בַּחֲצַר בֵּית־יְהוָה וַיֹּאמֶר אֶל־כָּל־הָעָם ׃ ס	Καὶ ἦλθεν Ἰερεμίας ἀπὸ τῆς διαπτώσεως, οὗ ἀπέστειλεν αὐτὸν Κύριος ἐκεῖ τοῦ προφητεῦσαι, καὶ ἔστη ἐν τῇ αὐλῇ οἴκου Κυρίου καὶ εἶπε πρὸς πάντα τὸν λαόν	venit autem Hieremias de Thofeth quo miserat eum Dominus ad prophetandum et stetit in atrio domus Domini et dixit ad omnem populum	Venit autem Jeremias de Topheth, quo miserat eum Dominus ad prophetandum, et stetit in atrio domus Domini, et dixit ad omnem populum:		Then came Jeremiah from Tophet, whither the Lord had sent him to prophesy; and he stood in the court of the Lord's house; and said to all the people,
Jer	19	15	כֹּה־אָמַר יְהוָה צְבָאוֹת אֱלֹהֵי יִשְׂרָאֵל הִנְנִי מֵבִי אֶל־הָעִיר הַזֹּאת וְעַל־כָּל־עָרֶיהָ אֵת כָּל־הָרָעָה אֲשֶׁר דִּבַּרְתִּי עָלֶיהָ כִּי הִקְשׁוּ אֶת־עָרְפָּם לְבִלְתִּי שְׁמוֹעַ אֶת־דְּבָרָי ׃	Τάδε λέγει Κύριος Ἰδοὺ ἐγὼ ἐπάγω ἐπὶ τὴν πόλιν ταύτην καὶ ἐπὶ πάσας τὰς πόλεις αὐτῆς καὶ ἐπὶ τὰς κώμας αὐτῆς ἀποντα τὰ κακὰ ἃ ἐλάλησα ἐπʼ αὐτήν, ὅτι ἐσκλήρυναν τὸν τράχηλον αὐτῶν τοῦ μὴ εἰσακούειν τῶν ἐντολῶν μου.	haec dicit Dominus exercituum Deus Israhel ecce ego inducam super civitatem hanc et super omnes urbes eius universa mala quae locutus sum adversum eam quoniam induraverunt cervicem suam ut non audirent sermones meos	Hc dicit Dominus exercituum, Deus Isral: Ecce ego inducam super civitatem hanc, et super omnes urbes ejus, universa mala qu locutus sum adversum eam, quoniam induraverunt cervicem suam ut non audirent sermones meos.		Thus saith the Lord of hosts, the God of Israel; Behold, I will bring upon this city and upon all her towns all the evil that I have pronounced against it, because they have hardened their necks, that they might not hear my words.
Jer	20	1	וַיִּשְׁמַע פַּשְׁחוּר בֶּן־אִמֵּר הַכֹּהֵן וְהוּא־פָקִיד נָגִיד בְּבֵית יְהוָה אֶת־יִרְמְיָהוּ נִבָּא אֶת־הַדְּבָרִים הָאֵלֶּה ׃	Καὶ ἤκουσεν Πασχὼρ υἱὸς Ἐμμὴρ ὁ ἱερεύς, καὶ οὗτος ὖν καθεσταμένος ἡγούμενος οἴκου Κυρίου, τοῦ Ἰερεμίου προφητεύοντος τοὺς λόγους τούτους.	et audivit Phassur filius Emmer sacerdos qui constitutus erat princeps in domo Domini Hieremiam prophetantem sermones istos	Et audivit Phassur filius Emmer, sacerdos, qui constitutus erat princeps in domo Domini, Jeremiam prophetantem sermones istos.		Now Pashur the son of Immer the priest, who was also chief governor in the house of the Lord, heard that Jeremiah prophesied these things.
Jer	20	2	וַיַּכֶּה פַשְׁחוּר אֵת יִרְמְיָהוּ הַנָּבִיא וַיִּתֵּן אֹתוֹ עַל־הַמַּהְפֶּכֶת אֲשֶׁר בְּשַׁעַר בִּנְיָמִן הָעֶלְיוֹן אֲשֶׁר בְּבֵית יְהוָה ׃	καὶ ἐπάταξεν αὐτόν, καὶ ἐνέβαλεν αὐτὸν εἰς τὸν καταράκτην ὃς ἦν ἐν πύλῃ οἴκου ἀποτεταγμένου τοῦ ὑπερῴου, ὃς ἦν ἐν οἴκῳ Κυρίου.	et percussit Phassur Hieremiam prophetam et misit eum in nervum quod erat in porta Beniamin superiori in domo Domini	Et percussit Phassur Jeremiam prophetam, et misit eum in nervum quod erat in porta Benjamin superiori, in domo Domini.		Then Pashur smote Jeremiah the prophet, and put him in the stocks that were in the high gate of Benjamin, which was by the house of the Lord.
Jer	20	3	וַיְהִי מִמָּחֳרָת וַיֹּצֵא פַשְׁחוּר אֶת־יִרְמְיָהוּ מִן־הַמַּהְפָּכֶת וַיֹּאמֶר אֵלָיו יִרְמְיָהוּ לֹא פַשְׁחוּר קָרָא יְהוָה שְׁמֶךָ כִּי אִם־מָגוֹר מִסָּבִיב ׃ פ	καὶ ἐξήγαγεν Πασχὼρ τὸν Ἰερεμίαν ἐκ τοῦ καταράκτου, καὶ εἶπεν αὐτῷ Ἰερεμίας Οὐχὶ Πασχὼρ ἐκάλεσεν Κύριος τὸ ὄνομά σου ἀλλ᾿ ἢ Μέτοικον.	cumque inluxisset in crastinum eduxit Phassur Hieremiam de nervo et dixit ad eum Hieremias non Phassur vocavit Dominus nomen tuum sed Pavorem undique	Cumque illuxisset in crastinum, eduxit Phassur Jeremiam de nervo, et dixit ad eum Jeremias: Non Phassur vocavit Dominus nomen tuum, sed Pavorem undique.		And it came to pass on the morrow, that Pashur brought forth Jeremiah out of the stocks. Then said Jeremiah unto him, The Lord hath not called thy name Pashur, but Magormissabib.
Jer	20	4	כִּי כֹה אָמַר יְהוָה הִנְנִי נֹתֶנְךָ לְמָגוֹר לְךָ וּלְכָל־אֹהֲבֶיךָ וְנָפְלוּ בְּחֶרֶב אֹיְבֵיהֶם וְעֵינֶיךָ רֹאוֹת וְאֶת־כָּל־יְהוּדָה אֶתֵּן בְּיַד מֶלֶךְ־בָּבֶל וְהִגְלָם בָּבֶלָה וְהִכָּם בֶּחָרֶב ׃	διότι τάδε λέγει Κύριος Ἰδοὺ ἐγὼ δίδωμί σε εἰς μετοικίαν σὺν πᾶσι τοῖς φίλοις σου· καὶ πεσοῦνται ἐν μαχαίρᾳ ἐχθρῶν αὐτῶν, καὶ οἱ ὀφθαλμοί σου ὄψονται· καὶ σέ καὶ πάντα Ἰουδὰ δώσω εἰς χεῖρας βασιλέως Βαβυλῶνος, καὶ μετοικιοῦσιν αὐτοὺς καὶ κατακόψουσιν ἐν μαχαίραις.	quia haec dicit Dominus ecce ego dabo te in pavorem te et omnes amicos tuos et corruent gladio inimicorum suorum et oculi tui videbunt et omnem Iudam dabo in manu regis Babylonis et traducet eos in Babylonem et percutiet eos gladio	Quia hc dicit Dominus: [Ecce ego dabo te in pavorem, te et omnes amicos tuos: et corruent gladio inimicorum suorum, et oculi tui videbunt: et omnem Judam dabo in manum regis Babylonis, et traducet eos in Babylonem, et percutiet eos gladio.		For thus saith the Lord, Behold, I will make thee a terror to thyself, and to all thy friends: and they shall fall by the sword of their enemies, and thine eyes shall behold it: and I will give all Judah into the hand of the king of Babylon, and he shall carry them captive into Babylon, and shall slay them with the sword.
Jer	20	5	וְנָתַתִּי אֶת־כָּל־חֹסֶן הָעִיר הַזֹּאת וְאֶת־כָּל־יְגִיעָהּ וְאֶת־כָּל־יְקָרָהּ וְאֵת כָּל־אוֹצְרוֹת מַלְכֵי יְהוּדָה אֶתֵּן בְּיַד אֹיְבֵיהֶם וּבְזָזוּם וּלְקָחוּם וֶהֱבִיאוּם בָּבֶלָה ׃	καὶ δώσω τὴν πᾶσαν ἰσχὺν τῆς πὸλεως ταύτης καὶ πάντας τοὺς πόνους αὐτῆς καὶ πάντας τοὺς θησαυροὺς τοῦ βασιλέως Ἰούδα εἰς χεῖρας ἐχθρῶν αὐτοῦ, καὶ ἄξουσιν αὐτοὺς εἰς Βαβυλῶνα.	et dabo universam substantiam civitatis huius et omnem laborem eius omneque pretium et cunctos thesauros regum Iuda dabo in manu inimicorum eorum et diripient eos et tollent et ducent in Babylonem	Et dabo universam substantiam civitatis hujus, et omnem laborem ejus, omneque pretium, et cunctos thesauros regum Juda dabo in manu inimicorum eorum: et diripient eos, et tollent, et ducent in Babylonem.		Moreover I will deliver all the strength of this city, and all the labours thereof, and all the precious things thereof, and all the treasures of the kings of Judah will I give into the hand of their enemies, which shall spoil them, and take them, and carry them to Babylon.
Jer	20	6	וְאַתָּה פַשְׁחוּר וְכֹל יֹשְׁבֵי בֵיתֶךָ תֵּלְכוּ בַּשֶּׁבִי וּבָבֶל תָּבוֹא וְשָׁם תָּמוּת וְשָׁם תִּקָּבֵר אַתָּה וְכָל־אֹהֲבֶיךָ אֲשֶׁר־נִבֵּאתָ לָהֶם בַּשָּׁקֶר ׃ ס	καὶ σὺ καὶ πάντες οἱ κατοικοῦντες ἐν τῷ οἴκῳ σου πορεύσεσθε ἐν αἰχμαλωσίᾳ, καὶ ἐν Βαβυλῶνι ἀποθανῇ, καὶ ἐκεῖ ταφήσῃ σὺ καὶ πάντες οἱ φίλοι σου οἷς ἐπροφήτευσας αὐτοῖς ψευδῆ.	tu autem Phassur et omnes habitatores domus tuae ibitis in captivitatem et in Babylonem venies et ibi morieris ibique sepelieris tu et omnes amici tui quibus prophetasti mendacium	Tu autem, Phassur, et omnes habitatores domus tu, ibitis in captivitatem: et in Babylonem venies, et ibi morieris, ibique sepelieris tu, et omnes amici tui, quibus prophetasti mendacium.]		And thou, Pashur, and all that dwell in thine house shall go into captivity: and thou shalt come to Babylon, and there thou shalt die, and shalt be buried there, thou, and all thy friends, to whom thou hast prophesied lies.
Jer	20	7	פִּתִּיתַנִי יְהוָה וָאֶפָּת חֲזַקְתַּנִי וַתּוּכָל הָיִיתִי לִשְׂחוֹק כָּל־הַיּוֹם כֻּלֹּה לֹעֵג לִי ׃	Ἠπάτησάς με, Κύριε, καὶ ἠπατήθην, ἐκράτησας καὶ ἠδυνάσθης· ἐγενόμην εἰς γέλωτα, πᾶσαν ἡμέραν διετέλεσα μυκτηριζόμενος·	seduxisti me Domine et seductus sum fortior me fuisti et invaluisti factus sum in derisum tota die omnes subsannant me	[Seduxisti me, Domine, et seductus sum: fortior me fuisti, et invaluisti: factus sum in derisum tota die, omnes subsannant me.		O Lord, thou hast deceived me, and I was deceived; thou art stronger than I, and hast prevailed: I am in derision daily, every one mocketh me.
Jer	20	8	כִּי־מִדֵּי אֲדַבֵּר אֶזְעָק חָמָס וָשֹׁד אֶקְרָא כִּי־הָיָה דְבַר־יְהוָה לִי לְחֶרְפָּה וּלְקֶלֶס כָּל־הַיּוֹם ׃	ὅτι πικρῷ λόγῳ μου γελάσομαι, ἀθεσίαν καὶ ταλαιπωρίαν ἐπικαλέσομαι, ὅτι ἐγενήθη λόγος Κυρίου εἰς ὀνειδισμὸν ἐμοὶ καὶ χλευασμὸν πᾶσαν ἡμέραν μου.	quia iam olim loquor vociferans iniquitatem et vastitatem clamito et factus est mihi sermo Domini in obprobrium et in derisum tota die	Quia jam olim loquor, vociferans iniquitatem, et vastitatem clamito: et factus est mihi sermo Domini in opprobrium, et in derisum tota die.		For since I spake, I cried out, I cried violence and spoil; because the word of the Lord was made a reproach unto me, and a derision, daily.
Jer	20	9	וְאָמַרְתִּי לֹא־אֶזְכְּרֶנּוּ וְלֹא־אֲדַבֵּר עוֹד בִּשְׁמוֹ וְהָיָה בְלִבִּי כְּאֵשׁ בֹּעֶרֶת עָצֻר בְּעַצְמֹתָי וְנִלְאֵיתִי כַּלְכֵל וְלֹא אוּכָל ׃	καὶ εἶπα Οὐ μὴ ὀνομάσω τὸ ὄνομα Κυρίου, καὶ οὐ μὴ λαλήσω ἔτι ἐπὶ τῷ ἀνόματι αὐτοῦ. καὶ ἐγένετο ὡς πῦρ καιόμενον φλέγον ἐν τοῖς ὀστοῖς μου, καὶ παρεῖμαι πάντοθεν καὶ οὐ δύναμαι φέρειν,	et dixi non recordabor eius neque loquar ultra in nomine illius et factus est in corde meo quasi ignis exaestuans claususque in ossibus meis et defeci ferre non sustinens	Et dixi: Non recordabor ejus, neque loquar ultra in nomine illius: et factus est in corde meo quasi ignis exstuans, claususque in ossibus meis, et defeci, ferre non sustinens.		Then I said, I will not make mention of him, nor speak any more in his name. But his word was in mine heart as a burning fire shut up in my bones, and I was weary with forbearing, and I could not stay.
Jer	20	10	כִּי שָׁמַעְתִּי דִּבַּת רַבִּים מָגוֹר מִסָּבִיב הַגִּידוּ וְנַגִּידֶנּוּ כֹּל אֱנוֹשׁ שְׁלוֹמִי שֹׁמְרֵי צַלְעִי אוּלַי יְפֻתֶּה וְנוּכְלָה לוֹ וְנִקְחָה נִקְמָתֵנוּ מִמֶּנּוּ ׃	ὅτι ἤκουσα ψόγον πολλῶν συναθροιζομένων κυκλόθεν κυκλόθεν Ἐπισύστητε, καὶ ἐπισυστῶμεν ἐπʼ αὐτῷ πάντες ἄνδρες φίλοι αὐτοῦ· τηρήσατε τὴν ἐπίνοιαν αὐτοῦ εἰ ἀπατηθήσεται, καὶ δυνησόμεθα αὐτῷ καὶ λημψόμεθα τὴν ἐκδίκησιν ἡμῶν ἐξ αὐτοῦ.	audivi enim contumelias multorum et terrorem in circuitu persequimini et persequamur eum ab omnibus viris qui erant pacifici mei et custodientes latus meum si quo modo decipiatur et praevaleamus adversus eum et consequamur ultionem ex eo	Audivi enim contumelias multorum, et terrorem in circuitu: Persequimini, et persequamur eum, ab omnibus viris qui erant pacifici mei, et custodientes latus meum: si quomodo decipiatur, et prvaleamus adversus eum, et consequamur ultionem ex eo.		For I heard the defaming of many, fear on every side. Report, say they, and we will report it. All my familiars watched for my halting, saying, Peradventure he will be enticed, and we shall prevail against him, and we shall take our revenge on him.
Jer	20	11	וַיהוָה אוֹתִי כְּגִבּוֹר עָרִיץ עַל־כֵּן רֹדְפַי יִכָּשְׁלוּ וְלֹא יֻכָלוּ בֹּשׁוּ מְאֹד כִּי־לֹא הִשְׂכִּילוּ כְּלִמַּת עוֹלָם לֹא תִשָּׁכֵחַ ׃	ὁ δὲ κύριος μετʼ ἐμοῦ καθὼς μαχητὴς ἰσχύων· διὰ τοῦτο ἐδίωξαν καὶ νοῆσαι οὐκ ἡδύναντο· ᾐσχύνθησαν σφόδρα, ὅτι οὐκ ἐνόησαν ἀτιμίας αὐτῶν, αἳ δι᾿ αἰῶνος οὐκ ἐπιλησθήσονται.	Dominus autem mecum est quasi bellator fortis idcirco qui persequuntur me cadent et infirmi erunt confundentur vehementer quia non intellexerunt obprobrium sempiternum quod numquam delebitur	Dominus autem mecum est, quasi bellator fortis: idcirco qui persequuntur me cadent, et infirmi erunt: confundentur vehementer, quia non intellexerunt opprobrium sempiternum, quod numquam delebitur.		But the Lord is with me as a mighty terrible one: therefore my persecutors shall stumble, and they shall not prevail: they shall be greatly ashamed; for they shall not prosper: their everlasting confusion shall never be forgotten.
Jer	20	12	וַיהוָה צְבָאוֹת בֹּחֵן צַדִּיק רֹאֶה כְלָיוֹת וָלֵב אֶרְאֶה נִקְמָתְךָ מֵהֶם כִּי אֵלֶיךָ גִּלִּיתִי אֶת־רִיבִי ׃ ס	Κύριε, δοκιμάζων δίκαια, συνίων νεφροὺς καὶ καρδίας, ἴδοιμι τὴν παρὰ σοῦ ἐκδίκησιν ἐν αὐτοῖς, ὅτι πρὸς σέ ἀπεκάλυψα τὰ ἀπολογήματά μου.	et tu Domine exercituum probator iusti qui vides renes et cor videam quaeso ultionem tuam ex eis tibi enim revelavi causam meam	Et tu, Domine exercituum, probator justi, qui vides renes et cor, videam, quso, ultionem tuam ex eis: tibi enim revelavi causam meam.		But, O Lord of hosts, that triest the righteous, and seest the reins and the heart, let me see thy vengeance on them: for unto thee have I opened my cause.
Jer	20	13	שִׁירוּ לַיהוָה הַלְלוּ אֶת־יְהוָה כִּי הִצִּיל אֶת־נֶפֶשׁ אֶבְיוֹן מִיַּד מְרֵעִים ׃ ס	ᾄσατε τῷ κυρίῳ, αἰνέσατε αὐτῷ, ὅτι ἐξείλατο ψυχὴν πένητος ἐκ χειρὸς πονηρευομένων.	cantate Domino laudate Dominum quia liberavit animam pauperis de manu malorum	Cantate Domino, laudate Dominum, quia liberavit animam pauperis de manu malorum.		Sing unto the Lord, praise ye the Lord: for he hath delivered the soul of the poor from the hand of evildoers.
Jer	20	14	אָרוּר הַיּוֹם אֲשֶׁר יֻלַּדְתִּי בּוֹ יוֹם אֲשֶׁר־יְלָדַתְנִי אִמִּי אַל־יְהִי בָרוּךְ ׃	Ἐπικατάρατος ἡ ἡμέρα ἐν ᾗ ἐτέχθην ἐν αὐτῇ. ἡ ἡμέρα ἐν ᾗ ἔτεκέν με ἡ μήτηρ μου μὴ ἔστω ἐπευκτή·	maledicta dies in qua natus sum dies in qua peperit me mater mea non sit benedicta	Maledicta dies in qua natus sum! dies in qua peperit me mater mea non sit benedicta!		Cursed be the day wherein I was born: let not the day wherein my mother bare me be blessed.
Jer	20	15	אָרוּר הָאִישׁ אֲשֶׁר בִּשַּׂר אֶת־אָבִי לֵאמֹר יֻלַּד־לְךָ בֵּן זָכָר שַׂמֵּחַ שִׂמֳּחָהוּ ׃	ἐπικατάρατος ὁ ἄνθρωπος ὁ εὐαγγελισάμενος τῷ πατρί μου λέγων Ἐτέχθη σοι ἄρσεν, εὐφραινόμενος.	maledictus vir qui adnuntiavit patri meo dicens natus est tibi puer masculus et quasi gaudio laetificavit eum	Maledictus vir qui annuntiavit patri meo, dicens: Natus est tibi puer masculus, et quasi gaudio ltificavit eum!		Cursed be the man who brought tidings to my father, saying, A man child is born unto thee; making him very glad.
Jer	20	16	וְהָיָה הָאִישׁ הַהוּא כֶּעָרִים אֲשֶׁר־הָפַךְ יְהוָה וְלֹא נִחָם וְשָׁמַע זְעָקָה בַּבֹּקֶר וּתְרוּעָה בְּעֵת צָהֳרָיִם ׃	ἔστω ὁ ἄνθρωπος ἐκεῖνος ὡς αἱ πόλεις ἃς κατέστρεψεν Κύριος ἐν θυμῷ καὶ οὐ μετεμελήθη, ἀκουσάτω κραυγῆς τὸ πραωὶ καὶ ἀλαλαγμοῦ μεσημβρίας·	sit homo ille ut sunt civitates quas subvertit Dominus et non paenituit eum audiat clamorem mane et ululatum in tempore meridiano	Sit homo ille ut sunt civitates qu subvertit Dominus, et non pnituit eum: audiat clamorem mane, et ululatum in tempore meridiano:		And let that man be as the cities which the Lord overthrew, and repented not: and let him hear the cry in the morning, and the shouting at noontide;
Jer	20	17	אֲשֶׁר לֹא־מוֹתְתַנִי מֵרָחֶם וַתְּהִי־לִי אִמִּי קִבְרִי וְרַחְמָה הֲרַת עוֹלָם ׃	ὅτι οὐκ ἀπέκτεινέν με ἐν μήτρᾳ καὶ ἐγένετό μοι ἡ μήτηρ μου τάφος μου καὶ ἡ μήτρα συλλήμψεως αἰωνίας.	qui non me interfecit a vulva ut fieret mihi mater mea sepulchrum et vulva eius conceptus aeternus	qui non me interfecit a vulva, ut fieret mihi mater mea sepulchrum, et vulva ejus conceptus ternus!		Because he slew me not from the womb; or that my mother might have been my grave, and her womb to be always great with me.
Jer	20	18	לָמָּה זֶּה מֵרֶחֶם יָצָאתִי לִרְאוֹת עָמָל וְיָגוֹן וַיִּכְלוּ בְּבֹשֶׁת יָמָי ׃ פ	ἵνα τί τοῦτο ἐξῆλθον ἐκ μήτρας τοῦ βλέπειν κόπους καὶ πόνους, καὶ διετέλεσαν ἐν αἰσχύνῃ αἱ ἡμέραι μου;	quare de vulva egressus sum ut viderem laborem et dolorem et consumerentur in confusione dies mei	Quare de vulva egressus sum, ut viderem laborem et dolorem, et consumerentur in confusione dies mei?]		Wherefore came I forth out of the womb to see labour and sorrow, that my days should be consumed with shame?
Jer	21	1	הַדָּבָר אֲשֶׁר־הָיָה אֶל־יִרְמְיָהוּ מֵאֵת יְהוָה בִּשְׁלֹחַ אֵלָיו הַמֶּלֶךְ צִדְקִיָּהוּ אֶת־פַּשְׁחוּר בֶּן־מַלְכִּיָּה וְאֶת־צְפַנְיָה בֶן־מַעֲשֵׂיָה הַכֹּהֵן לֵאמֹר ׃	Ὁ λόγος ὁ γενόμενος παρὰ Κυρίου πρὸς Ἰερεμίαν, ὅτε ἀπέστειλεν πρὸς αὐτὸν ὀ βασιλεὺς Σεδεκίας τὸν Πασχὼρ υἱὸν Μελχίου καὶ Σοφονίαν υἱὸν Μανασσαίου τὸν ἱερέα λέγων	verbum quod factum est ad Hieremiam a Domino quando misit ad eum rex Sedecias Phassur filium Melchiae et Sophoniam filium Maasiae sacerdotem dicens	Verbum quod factum est ad Jeremiam a Domino, quando misit ad eum rex Sedecias Phassur, filium Melchi, et Sophoniam, filium Maasi, sacerdotem, dicens:		The word which came unto Jeremiah from the Lord, when king Zedekiah sent unto him Pashur the son of Melchiah, and Zephaniah the son of Maaseiah the priest, saying,
Jer	21	2	דְּרָשׁ־נָא בַעֲדֵנוּ אֶת־יְהוָה כִּי נְבוּכַדְרֶאצַּר מֶלֶךְ־בָּבֶל נִלְחָם עָלֵינוּ אוּלַי יַעֲשֶׂה יְהוָה אוֹתָנוּ כְּכָל־נִפְלְאֹתָיו וְיַעֲלֶה מֵעָלֵינוּ ׃ ס	Ἐπερώτησον περὶ ἡμῶν τὸν κύριον, ὅτι βασιλεὺς Βαβυλῶνος ἐφέστηκεν ἐφʼ ἡμᾶς, εἰ ποιήσει Κύριος κατὰ πάντα τὰ θαυμάσια αὐτοῦ, καὶ ἀπελεύσεται ἀφʼ ἡμῶν.	interroga pro nobis Dominum quia Nabuchodonosor rex Babylonis proeliatur adversum nos si forte faciat Dominus nobiscum secundum omnia mirabilia sua et recedat a nobis	Interroga pro nobis Dominum, quia Nabuchodonosor, rex Babylonis, prliatur adversum nos: si forte faciat Dominus nobiscum secundum omnia mirabilia sua, et recedat a nobis.		Enquire, I pray thee, of the Lord for us; for Nebuchadrezzar king of Babylon maketh war against us; if so be that the Lord will deal with us according to all his wondrous works, that he may go up from us.
Jer	21	3	וַיֹּאמֶר יִרְמְיָהוּ אֲלֵיהֶם כֹּה תֹאמְרֻן אֶל־צִדְקִיָּהוּ ׃	Καὶ εἶπεν πρὸς αὐτοὺς Ἰερεμίας Οὕτως ἐρεῖτε πρὸς Σεδεκίαν βασιλέα Ἰούδα	et dixit Hieremias ad eos sic dicetis Sedeciae	Et dixit Jeremias ad eos: Sic dicetis Sedeci:		Then said Jeremiah unto them, Thus shall ye say to Zedekiah:
Jer	21	4	כֹּה־אָמַר יְהוָה אֱלֹהֵי יִשְׂרָאֵל הִנְנִי מֵסֵב אֶת־כְּלֵי הַמִּלְחָמָה אֲשֶׁר בְּיֶדְכֶם אֲשֶׁר אַתֶּם נִלְחָמִים בָּם אֶת־מֶלֶךְ בָּבֶל וְאֶת־הַכַּשְׂדִּים הַצָּרִים עֲלֵיכֶם מִחוּץ לַחוֹמָה וְאָסַפְתִּי אוֹתָם אֶל־תּוֹךְ הָעִיר הַזֹּאת ׃	Τάδε λέγει Κύριος Ἰδοὺ ἐγὼ μεταστρέφω τὰ ὅπλα τὰ πολεμικὰ ἐν οἷς ὑμεῖς πολεμεῖτε ἐν αὐτοῖς πρὸς τοὺς Χαλδαίους τοὺς συνκεκλεικότας ὑμᾶς ἔξωθεν τοῦ τείχους εἰς τὸ μέσον τῆς πόλεως ταύτης,	haec dicit Dominus Deus Israhel ecce ego convertam vasa belli quae in manibus vestris sunt et quibus vos pugnatis adversum regem Babylonis et Chaldeos qui obsident vos in circuitu murorum et congregabo ea in medio civitatis huius	Hc dicit Dominus Deus Isral: Ecce ego convertam vasa belli, qu in manibus vestris sunt, et quibus vos pugnatis adversum regem Babylonis, et Chaldos, qui obsident vos in circuitu murorum: et congregabo ea in medio civitatis hujus.		Thus saith the Lord God of Israel; Behold, I will turn back the weapons of war that are in your hands, wherewith ye fight against the king of Babylon, and against the Chaldeans, which besiege you without the walls, and I will assemble them into the midst of this city.
Jer	21	5	וְנִלְחַמְתִּי אֲנִי אִתְּכֶם בְּיָד נְטוּיָה וּבִזְרוֹעַ חֲזָקָה וּבְאַף וּבְחֵמָה וּבְקֶצֶף גָּדוֹל ׃	καὶ πολεμήσω ἐγὼ ὑμᾶς ἐν χειρὶ ἐκτεταμένῃ καὶ ἐν βραχίονι κραταιῷ μετὰ θυμοῦ καὶ ἀργῆς μεγάλης·	et debellabo ego vos in manu extenta et brachio forti et in furore et in indignatione et in ira grandi	Et debellabo ego vos in manu extenta, et in brachio forti, et in furore, et in indignatione, et in ira grandi.		And I myself will fight against you with an outstretched hand and with a strong arm, even in anger, and in fury, and in great wrath.
Jer	21	6	וְהִכֵּיתִי אֶת־יוֹשְׁבֵי הָעִיר הַזֹּאת וְאֶת־הָאָדָם וְאֶת־הַבְּהֵמָה בְּדֶבֶר גָּדוֹל יָמֻתוּ ׃	καὶ πατάξω πάντας τοὺς κατοικοῦντας ἐν τῇ πόλει ταύτῃ, τοὺς ἀνθρώπους καὶ τὰ κτήνη, ἐν θανάτῳ μεγάλῳ, καὶ ἀποθανοῦνται.	et percutiam habitatores civitatis huius homines et bestiae pestilentia magna morientur	Et percutiam habitatores civitatis hujus: homines et besti pestilentia magna morientur.		And I will smite the inhabitants of this city, both man and beast: they shall die of a great pestilence.
Jer	21	7	וְאַחֲרֵי־כֵן נְאֻם־יְהוָה אֶתֵּן אֶת־צִדְקִיָּהוּ מֶלֶךְ־יְהוּדָה וְאֶת־עֲבָדָיו וְאֶת־הָעָם וְאֶת־הַנִּשְׁאָרִים בָּעִיר הַזֹּאת מִן־הַדֶּבֶר מִן־הַחֶרֶב וּמִן־הָרָעָב בְּיַד נְבוּכַדְרֶאצַּר מֶלֶךְ־בָּבֶל וּבְיַד אֹיְבֵיהֶם וּבְיַד מְבַקְשֵׁי נַפְשָׁם וְהִכָּם לְפִי־חֶרֶב לֹא־יָחוּס עֲלֵיהֶם וְלֹא יַחְמֹל וְלֹא יְרַחֵם ׃	καὶ μετὰ ταῦτα οὕτως λέγει Κύριος Δώσω τὸν Σεδεκίαν βασιλέα Ἰούδα καὶ τοὺς παῖδας αὐτοῦ καὶ τὸν λαὸν τὸν καταλειφθέντα ἐν τῇ πόλει ταύτῃ ἀπὸ τοῦ θανάτου καὶ ἀπὸ τοῦ λιμοῦ καὶ ἀπὸ τῆς μαχαίρας εἰς χεῖρας ἐχθρῶν αὐτῶν τῶν ζητούντων τὰς ψυχὰς αὐτῶν, καὶ κατακόψουσιν αὐτοὺς ἐν στόματι μαχαίρας· οὐ φείσομαι ἐπʼ αὐτοῖς, καὶ οὐ μὴ οἰκτειρήσω αὐτούς.	et post haec ait Dominus dabo Sedeciam regem Iuda et servos eius et populum eius et qui derelicti sunt in civitate hac a peste et gladio et fame in manu Nabuchodonosor regis Babylonis et in manu inimicorum eorum et in manu quaerentium animam eorum et percutiet eos in ore gladii et non movebitur neque parcet nec miserebitur	Et post hc ait Dominus: Dabo Sedeciam, regem Juda, et servos ejus, et populum ejus, et qui derelicti sunt in civitate hac a peste, et gladio, et fame, in manu Nabuchodonosor regis Babylonis, et in manu inimicorum eorum, et in manu qurentium animam eorum: et percutiet eos in ore gladii, et non flectetur neque parcet, nec miserebitur.		And afterward, saith the Lord, I will deliver Zedekiah king of Judah, and his servants, and the people, and such as are left in this city from the pestilence, from the sword, and from the famine, into the hand of Nebuchadrezzar king of Babylon, and into the hand of their enemies, and into the hand of those that seek their life: and he shall smite them with the edge of the sword; he shall not spare them, neither have pity, nor have mercy.
Jer	21	8	וְאֶל־הָעָם הַזֶּה תֹּאמַר כֹּה אָמַר יְהוָה הִנְנִי נֹתֵן לִפְנֵיכֶם אֶת־דֶּרֶךְ הַחַיִּים וְאֶת־דֶּרֶךְ הַמָּוֶת ׃	καὶ πρὸς τὸν λαὸν τοῦτον ἐρεῖς Τάδε λέγει Κύριος Ἰδοὺ ἐγὼ δέδωκα πρὸ προσώπου ὑμῶν τὴν ὁδὸν τῆς ζωῆς καὶ τὴν ὁδὸν τοῦ θανάτου·	et ad populum hunc dices haec dicit Dominus ecce ego do coram vobis viam vitae et viam mortis	Et ad populum hunc dices: Hc dicit Dominus: Ecce ego do coram vobis viam vit, et viam mortis.		And unto this people thou shalt say, Thus saith the Lord; Behold, I set before you the way of life, and the way of death.
Jer	21	9	הַיֹּשֵׁב בָּעִיר הַזֹּאת יָמוּת בַּחֶרֶב וּבָרָעָב וּבַדָּבֶר וְהַיּוֹצֵא וְנָפַל עַל־הַכַּשְׂדִּים הַצָּרִים עֲלֵיכֶם יִחְיֶה וְהָיְתָה־לּוֹ נַפְשׁוֹ לְשָׁלָל ׃	ὁ καθήμενος ἐν τῇ πόλει ταύτῃ ἀποθανεῖται ἐν μαχαίρᾳ καὶ ἐν λιμῷ, καὶ ὁ ἐκπορευὀμενος προσχωρῆσαι πρὸς τοὺς Χαλδαίους τοὺς συνκεκλεικότας ὑμᾶς ζήσεται, καὶ ἔσται ἡ ψυχὴ αὐτοῦ εἰς σκῦλα καὶ ζήσεται.	qui habitaverit in urbe hac morietur gladio et fame et peste qui autem egressus fuerit et transfugerit ad Chaldeos qui obsident vos vivet et erit ei anima sua quasi spolium	Qui habitaverit in urbe hac morietur gladio, et fame, et peste: qui autem egressus fuerit, et transfugerit ad Chaldos, qui obsident vos, vivet, et erit ei anima sua quasi spolium.		He that abideth in this city shall die by the sword, and by the famine, and by the pestilence: but he that goeth out, and falleth to the Chaldeans that besiege you, he shall live, and his life shall be unto him for a prey.
Jer	21	10	כִּי שַׂמְתִּי פָנַי בָּעִיר הַזֹּאת לְרָעָה וְלֹא לְטוֹבָה נְאֻם־יְהוָה בְּיַד־מֶלֶךְ בָּבֶל תִּנָּתֵן וּשְׂרָפָהּ בָּאֵשׁ ׃ ס	διότι ἐστήρικα τὸ πρόσωπόν μου ἐπὶ τὴν πόλιν ταύτην εἰς κακὰ καὶ οὐκ εἰς ἀγαθά· εἰς χεῖρας βασιλέως Βαβυλῶνος παραδοθήσεται, καὶ κατακαύσει αὐτὴν ἐν πυρί.	posui enim faciem meam super civitatem hanc in malum et non in bonum ait Dominus in manu regis Babylonis dabitur et exuret eam igni	Posui enim faciem meam super civitatem hanc in malum, et non in bonum, ait Dominus: in manu regis Babylonis dabitur, et exuret eam igni.		For I have set my face against this city for evil, and not for good, saith the Lord: it shall be given into the hand of the king of Babylon, and he shall burn it with fire.
Jer	21	11	וּלְבֵית מֶלֶךְ יְהוּדָה שִׁמְעוּ דְּבַר־יְהוָה ׃	Ὁ οἰκος βασιλέως Ἰούδα, ἀκούσατε λόγον Κυρίου·	et domui regis Iuda audite verbum Domini	Et domui regis Juda: [Audite verba Domini,		And touching the house of the king of Judah, say, Hear ye the word of the Lord;
Jer	21	12	בֵּית דָּוִד כֹּה אָמַר יְהוָה דִּינוּ לַבֹּקֶר מִשְׁפָּט וְהַצִּילוּ גָזוּל מִיַּד עוֹשֵׁק פֶּן־תֵּצֵא כָאֵשׁ חֲמָתִי וּבָעֲרָה וְאֵין מְכַבֶּה מִפְּנֵי רֹעַ מַעַלְלֵיהֶם ׃	οἶκος Δαυείδ, τάδε λέγει Κύριος Κρίνατε πρωὶ κρίμα καὶ κατευθύνατε, καὶ ἐξέλεσθε διηρπασμένον ἐκ χειρὸς ἀδικοῦντος αὐτόν, ὅπως μὴ ἀναφθῇ ὡς πῦρ ἡ ὀργὴ μου καὶ καυθήσεται, καὶ οὐκ ἔσται ὁ σβέσων.	domus David haec dicit Dominus iudicate mane iudicium et eruite vi oppressum de manu calumniantis ne forte egrediatur ut ignis indignatio mea et succendatur et non sit qui extinguat propter malitiam studiorum vestrorum	domus David: Hc dicit Dominus: Judicate mane judicium, et eruite vi oppressum de manu calumniantis, ne forte egrediatur ut ignis indignatio mea, et succendatur, et non sit qui extinguat, propter malitiam studiorum vestrorum.		O house of David, thus saith the Lord; Execute judgment in the morning, and deliver him that is spoiled out of the hand of the oppressor, lest my fury go out like fire, and burn that none can quench it, because of the evil of your doings.
Jer	21	13	הִנְנִי אֵלַיִךְ יֹשֶׁבֶת הָעֵמֶק צוּר הַמִּישֹׁר נְאֻם־יְהוָה הָאֹמְרִים מִי־יֵחַת עָלֵינוּ וּמִי יָבוֹא בִּמְעוֹנוֹתֵינוּ ׃	ἰδοὺ ἐγὼ πρὸς σὲ τὸν κατοικοῦντα τὴν κοιλάδα Σὸρ τὴν πεδινήν, τοὺς λέγοντας Τίς πτοήσει ἡμᾶς; ἢ τίς εἰσελεύσεται πρὸς τὸ κατοικητήριον;	ecce ego ad te habitatricem vallis solidae atque campestris ait Dominus qui dicitis quis percutiet nos et quis ingredietur domos nostras	Ecce ego ad te, habitatricem vallis solid atque campestris, ait Dominus: qui dicitis: Quis percutiet nos? et quis ingredietur domos nostras?		Behold, I am against thee, O inhabitant of the valley, and rock of the plain, saith the Lord; which say, Who shall come down against us? or who shall enter into our habitations?
Jer	21	14	וּפָקַדְתִּי עֲלֵיכֶם כִּפְרִי מַעַלְלֵיכֶם נְאֻם־יְהוָה וְהִצַּתִּי אֵשׁ בְּיַעְרָהּ וְאָכְלָה כָּל־סְבִיבֶיהָ ׃ ס	καὶ ἀνάψω πῦρ ἐν τῷ δρυμῷ αὐτῆς, καὶ ἔδεται πάντα τὰ κύκλῳ αὐτῆς.	et visitabo super vos iuxta fructum studiorum vestrorum dicit Dominus et succendam ignem in saltu eius et devorabit omnia in circuitu eius	Et visitabo super vos juxta fructum studiorum vestrorum, dicit Dominus: et succendam ignem in saltu ejus, et devorabit omnia in circuitu ejus.]		But I will punish you according to the fruit of your doings, saith the Lord: and I will kindle a fire in the forest thereof, and it shall devour all things round about it.
Jer	22	1	כֹּה אָמַר יְהוָה רֵד בֵּית־מֶלֶךְ יְהוּדָה וְדִבַּרְתָּ שָׁם אֶת־הַדָּבָר הַזֶּה ׃	Τάδε λέγει Κύριος Πορεύου καὶ κατάβηθι εἰς τὸν οἶκον τοῦ βασιλέως Ἰούδα, καὶ λαλήσεις ἐκεῖ τὸν λόγον τοῦτον,	haec dicit Dominus descende in domum regis Iuda et loqueris ibi verbum hoc	Hc dicit Dominus: Descende in domum regis Juda, et loqueris ibi verbum hoc,		Thus saith the Lord; Go down to the house of the king of Judah, and speak there this word,
Jer	22	2	וְאָמַרְתָּ שְׁמַע דְּבַר־יְהוָה מֶלֶךְ יְהוּדָה הַיֹּשֵׁב עַל־כִּסֵּא דָוִד אַתָּה וַעֲבָדֶיךָ וְעַמְּךָ הַבָּאִים בַּשְּׁעָרִים הָאֵלֶּה ׃ ס	καὶ ἐρεῖς Ἄκουε λόγον Κυρίου, βασιλεῦ Ἰούδα ὁ καθήμενος ἐπὶ θρόνου Δαυείδ, σὺ καὶ ὁ οἶκός σου καὶ ὁ λαός σου καὶ οἱ εἰσπορευόμενοι ταῖς πύλαις ταύταις	et dices audi verbum Domini rex Iuda qui sedes super solium David tu et servi tui et populus tuus qui ingredimini per portas istas	et dices: [Audi verbum Domini, rex Juda, qui sedes super solium David: tu et servi tui, et populus tuus, qui ingredimini per portas istas.		And say, Hear the word of the Lord, O king of Judah, that sittest upon the throne of David, thou, and thy servants, and thy people that enter in by these gates:
Jer	22	3	כֹּה אָמַר יְהוָה עֲשׂוּ מִשְׁפָּט וּצְדָקָה וְהַצִּילוּ גָזוּל מִיַּד עָשׁוֹק וְגֵר יָתוֹם וְאַלְמָנָה אַל־תֹּנוּ אַל־תַּחְמֹסוּ וְדָם נָקִי אַל־תִּשְׁפְּכוּ בַּמָּקוֹם הַזֶּה ׃	Τάδε λέγει Κύριος Ποιεῖτε κρίσιν καὶ δικαιοσύνην, καὶ ἐξαιρεῖσθε διηρπασμένον ἐκ χειρὸς ἀδικοῦντος αὐτόν, καὶ προσήλυτον καὶ ὀρφανὸν καὶ χήραν μὴ καταδυναστεύετε, καὶ μὴ ἀσεβεῖτε, καὶ αἷμα ἀθῷον μὴ ἐκχέητε ἐν τῷ τόπῳ τούτῳ.	haec dicit Dominus facite iudicium et iustitiam et liberate vi oppressum de manu calumniatoris et advenam et pupillum et viduam nolite contristare neque opprimatis inique et sanguinem innocentem ne effundatis in loco isto	Hc dicit Dominus: Facite judicium et justitiam, et liberate vi oppressum de manu calumniatoris: et advenam, et pupillum, et viduam nolite contristare, neque opprimatis inique, et sanguinem innocentem ne effundatis in loco isto.		Thus saith the Lord; Execute ye judgment and righteousness, and deliver the spoiled out of the hand of the oppressor: and do no wrong, do no violence to the stranger, the fatherless, nor the widow, neither shed innocent blood in this place.
Jer	22	4	כִּי אִם־עָשׂוֹ תַּעֲשׂוּ אֶת־הַדָּבָר הַזֶּה וּבָאוּ בְשַׁעֲרֵי הַבַּיִת הַזֶּה מְלָכִים יֹשְׁבִים לְדָוִד עַל־כִּסְאוֹ רֹכְבִים בָּרֶכֶב וּבַסּוּסִים הוּא וְעַבְדָו וְעַמּוֹ ׃	διότι ἐὰν ποιοῦντες ποιήσητε τὸν λόγον τοῦτον, καὶ εἰσελεύσονται ἐν ταῖς πύλαις τοῦ οἴκου τούτου βασιλεῖς καθήμενοι ἐπὶ θρόνου Δαυεὶδ καὶ ἐπιβεβηκότες ἐφʼ ἁρμάτων καὶ ἵππων, αὐτοὶ καὶ οἱ παῖδες αὐτῶν καὶ ὁ λαὸς αὐτῶν.	si enim facientes feceritis verbum istud ingredientur per portas domus huius reges sedentes de genere David super thronum eius et ascendentes currus et equos ipsi et servi et populus eorum	Si enim facientes feceritis verbum istud, ingredientur per portas domus hujus, reges sedentes de genere David super thronum ejus, et ascendentes currus et equos, ipsi, et servi, et populus eorum.		For if ye do this thing indeed, then shall there enter in by the gates of this house kings sitting upon the throne of David, riding in chariots and on horses, he, and his servants, and his people.
Jer	22	5	וְאִם לֹא תִשְׁמְעוּ אֶת־הַדְּבָרִים הָאֵלֶּה בִּי נִשְׁבַּעְתִּי נְאֻם־יְהוָה כִּי־לְחָרְבָּה יִהְיֶה הַבַּיִת הַזֶּה ׃ ס	ἐὸν δὲ μὴ ποιήσητε τοὺς λόγους τούτους, κατʼ ἐμαυτοῦ ὤμοσα, λέγει Κύριος, ὅτι εἰς ἐρήμωσιν ἔσται ὁ οἶκος οὗτος.	quod si non audieritis verba haec in memet ipso iuravi dicit Dominus quia in solitudinem erit domus haec	Quod si non audieritis verba hc: in memetipso juravi, dicit Dominus, quia in solitudinem erit domus hc.		But if ye will not hear these words, I swear by myself, saith the Lord, that this house shall become a desolation.
Jer	22	6	כִּי־כֹה אָמַר יְהוָה עַל־בֵּית מֶלֶךְ יְהוּדָה גִּלְעָד אַתָּה לִי רֹאשׁ הַלְּבָנוֹן אִם־לֹא אֲשִׁיתְךָ מִדְבָּר עָרִים לֹא נוֹשָׁבָה ׃	ὅτι τάδε λέγει Κύριος κατὰ τοῦ οἴκου βασιλέως Ἰούδα Γαλαὰδ σύ μοι, ἀρχὴ τοῦ Λιβάνου, ἐὰν μὴ θῶ σε εἰς ἔρημον, πόλεις μὴ κατοικηθησομένας·	quia haec dicit Dominus super domum regis Iuda Galaad tu mihi caput Libani si non posuero te solitudinem urbes inhabitabiles	Quia hc dicit Dominus super domum regis Juda: Galaad, tu mihi caput Libani, si non posuero te solitudinem, urbes inhabitabiles!		For thus saith the Lord unto the king's house of Judah; Thou art Gilead unto me, and the head of Lebanon: yet surely I will make thee a wilderness, and cities which are not inhabited.
Jer	22	7	וְקִדַּשְׁתִּי עָלֶיךָ מַשְׁחִתִים אִישׁ וְכֵלָיו וְכָרְתוּ מִבְחַר אֲרָזֶיךָ וְהִפִּילוּ עַל־הָאֵשׁ ׃	καὶ ἐπάξω ἐπὶ σὲ ἄνδρα ὀλεθρεύοντα καὶ τὸν πέλεκυν αὐτοῦ, καὶ ἐκκόψουσιν τὰς ἐκλεκτὰς κέδρους σου καὶ ἐμβαλοῦσιν εἰς τὸ πῦρ.	et sanctificabo super te interficientem virum et arma eius et succident electam cedrum tuam et praecipitabunt in ignem	Et sanctificabo super te, interficientem virum, et arma ejus: et succident electas cedros tuas, et prcipitabunt in ignem.		And I will prepare destroyers against thee, every one with his weapons: and they shall cut down thy choice cedars, and cast them into the fire.
Jer	22	8	וְעָבְרוּ גּוֹיִם רַבִּים עַל הָעִיר הַזֹּאת וְאָמְרוּ אִישׁ אֶל־רֵעֵהוּ עַל־מֶה עָשָׂה יְהוָה כָּכָה לָעִיר הַגְּדוֹלָה הַזֹּאת ׃	καὶ διελεύσονται ἔθνη διὰ τῆς πόλεως ταύτης, καὶ ἐρεῖ ἕκαστος πρὸς τὸν πλησίον αὐτοῦ Διὰ τί ἐποίησεν Κύριος οὕτως τῇ πόλει ταύτῃ τῇ μεγάλῃ;	et pertransibunt gentes multae per civitatem hanc et dicet unusquisque proximo suo quare fecit Dominus sic civitati huic grandi	Et pertransibunt gentes mult per civitatem hanc, et dicet unusquisque proximo suo: Quare fecit Dominus sic civitati huic grandi?		And many nations shall pass by this city, and they shall say every man to his neighbour, Wherefore hath the Lord done thus unto this great city?
Jer	22	9	וְאָמְרוּ עַל אֲשֶׁר עָזְבוּ אֶת־בְּרִית יְהוָה אֱלֹהֵיהֶם וַיִּשְׁתַּחֲווּ לֵאלֹהִים אֲחֵרִים וַיַּעַבְדוּם ׃ ס	καὶ ἐροῦσιν Ἀνθʼ ἐν ἐνκατέλιπον τὴν διαθήκην Κυρίου θεοῦ αὐτῶν, καὶ προσεκύνησαν θεοῖς ἀλλοτρίοις καὶ ἐδούλευσαν αὐτοῖς.	et respondebunt eo quod dereliquerint pactum Domini Dei sui et adoraverint deos alienos et servierint eis	Et respondebunt: Eo quod dereliquerint pactum Domini Dei sui, et adoraverint deos alienos et servierint eis.		Then they shall answer, Because they have forsaken the covenant of the Lord their God, and worshipped other gods, and served them.
Jer	22	10	אַל־תִּבְכּוּ לְמֵת וְאַל־תָּנֻדוּ לוֹ בְּכוּ בָכוֹ לַהֹלֵךְ כִּי לֹא יָשׁוּב עוֹד וְרָאָה אֶת־אֶרֶץ מוֹלַדְתּוֹ ׃ ס	Μὴ κλαίετε τὸν τεθνηκότα μηδὲ θρηνεῖτε αὐτόν· κλαύσατε κλαυθμῷ τὸν ἐκπορευόμενον, ὅτι οὐκ ἐπιστρέφει ἔτι οὐδὲ ὄψεται τὴν γῆν πατρίδος αὐτοῦ.	nolite flere mortuum neque lugeatis super eum fletu plangite eum qui egreditur quia non revertetur ultra nec videbit terram nativitatis suae	Nolite flere mortuum, neque lugeatis super eum fletu: plangite eum qui egreditur, quia non revertetur ultra, nec videbit terram nativitatis su.		Weep ye not for the dead, neither bemoan him: but weep sore for him that goeth away: for he shall return no more, nor see his native country.
Jer	22	11	כִּי כֹה אָמַר־יְהוָה אֶל־שַׁלֻּם בֶּן־יֹאשִׁיָּהוּ מֶלֶךְ יְהוּדָה הַמֹּלֵךְ תַּחַת יֹאשִׁיָּהוּ אָבִיו אֲשֶׁר יָצָא מִן־הַמָּקוֹם הַזֶּה לֹא־יָשׁוּב שָׁם עוֹד ׃	διότι τάδε λέγει Κύριος ἐπὶ Σελλὴμ υἱὸν Ἰωσεία τὸν βασιλεύοντα ἀντὶ Ἰωσεία τοῦ πατρὸς αὐτοῦ, ὃς ἐξῆλθεν ἐκ τοῦ τόπου τούτου Οὐκ ἀναστρέψει ἐκεῖ ἔτι,	quia haec dicit Dominus ad Sellum filium Iosiae regem Iuda qui regnavit pro Iosia patre suo qui egressus est de loco isto non revertetur huc amplius	Quia hc dicit Dominus ad Sellum, filium Josi, regem Juda, qui regnavit pro Josia patre suo, qui egressus est de loco isto: Non revertetur huc amplius,		For thus saith the Lord touching Shallum the son of Josiah king of Judah, which reigned instead of Josiah his father, which went forth out of this place; He shall not return thither any more:
Jer	22	12	כִּי בִּמְקוֹם אֲשֶׁר־הִגְלוּ אֹתוֹ שָׁם יָמוּת וְאֶת־הָאָרֶץ הַזֹּאת לֹא־יִרְאֶה עוֹד ׃ ס	ἀλλ᾿ ἢ ἐν τῷ τόπῳ οὖ μετῴκισα αὐτὸν ἐκεῖ ἀποθανεῖται, καὶ τὴν γῆν ταύτην οὐκ ὄψεται ἔτι.	sed in loco ad quem transtuli eum ibi morietur et terram istam non videbit amplius	sed in loco ad quem transtuli eum, ibi morietur, et terram istam non videbit amplius.		But he shall die in the place whither they have led him captive, and shall see this land no more.
Jer	22	13	הוֹי בֹּנֶה בֵיתוֹ בְּלֹא־צֶדֶק וַעֲלִיּוֹתָיו בְּלֹא מִשְׁפָּט בְּרֵעֵהוּ יַעֲבֹד חִנָּם וּפֹעֲלוֹ לֹא יִתֶּן־לוֹ ׃	Ὁ οἰκοδομῶν οἰκίαν αὐτοῦ οὐ μετὰ δικαιοσύνης καὶ τὰ ὑπερῷα αὐτοῦ οὐκ ἐν κρίματι, παρὰ τῷ πλησίον αὐτοῦ ἐργᾶται δωρεάν, καὶ τὸν μισθὸν αὐτοῦ οὐ μὴ ἀποδώσει αὐτῷ.	vae qui aedificat domum suam in iniustitia et cenacula sua non in iudicio amicum suum opprimet frustra et mercedem eius non reddet ei	V qui dificat domum suam in injustitia, et cnacula sua non in judicio: amicum suum opprimet frustra, et mercedem ejus non reddet ei:		Woe unto him that buildeth his house by unrighteousness, and his chambers by wrong; that useth his neighbour's service without wages, and giveth him not for his work;
Jer	22	14	הָאֹמֵר אֶבְנֶה־לִּי בֵּית מִדּוֹת וַעֲלִיּוֹת מְרֻוָּחִים וְקָרַע לוֹ חַלּוֹנָי וְסָפוּן בָּאָרֶז וּמָשׁוֹחַ בַּשָּׁשַׁר ׃	ᾠκοδόμησας σεαυτῷ οἶκον σύμμετρον, ὑπερῷα ῥιπιστὰ διεσταλμένα θυρίσιν καὶ ἐξυλωμένα ἐν κέδρῳ καὶ κεχρισμένα ἐν μίλτῳ.	qui dicit aedificabo mihi domum latam et cenacula spatiosa qui aperit sibi fenestras et facit laquearia cedrina pingitque sinopide	qui dicit: dificabo mihi domum latam, et cnacula spatiosa: qui aperit sibi fenestras et facit laquearia cedrina, pingitque sinopide.		That saith, I will build me a wide house and large chambers, and cutteth him out windows; and it is cieled with cedar, and painted with vermilion.
Jer	22	15	הֲתִמְלֹךְ כִּי אַתָּה מְתַחֲרֶה בָאָרֶז אָבִיךָ הֲלוֹא אָכַל וְשָׁתָה וְעָשָׂה מִשְׁפָּט וּצְדָקָה אָז טוֹב לוֹ ׃	μὴ βασιλεύσεις, ὅτι σὺ παροξύνῃ ἐν Ἀχὰζ τῷ πατρί σου; οὐ φάγονται καὶ οὐ πίονται· βέλτιόν σε ποεῖν κρίμα καὶ δικαιοσ;υνην.	numquid regnabis quoniam confers te cedro pater tuus numquid non comedit et bibit et fecit iudicium et iustitiam tunc cum bene erat ei	Numquid regnabis quoniam confers te cedro? pater tuus numquid non comedit et bibit, et fecit judicium et justitiam tunc cum bene erat ei?		Shalt thou reign, because thou closest thyself in cedar? did not thy father eat and drink, and do judgment and justice, and then it was well with him?
Jer	22	16	דָּן דִּין־עָנִי וְאֶבְיוֹן אָז טוֹב הֲלוֹא־הִיא הַדַּעַת אֹתִי נְאֻם־יְהוָה ׃	οὐκ ἔγναωσαν, οὐκ ἔκριναν κρίσιν ταπεινῷ οὐδέ κρίσιν πένητος· οὐ τοῦτό ἐστιν τὸ μὴ γνῶναί σε ἐμέ, λέγει Κύριος;	iudicavit causam pauperis et egeni in bonum suum numquid non ideo quia cognovit me dicit Dominus	Judicavit causam pauperis et egeni in bonum suum: numquid non ideo quia cognovit me? dicit Dominus.		He judged the cause of the poor and needy; then it was well with him: was not this to know me? saith the Lord.
Jer	22	17	כִּי אֵין עֵינֶיךָ וְלִבְּךָ כִּי אִם־עַל־בִּצְעֶךָ וְעַל דַּם־הַנָּקִי לִשְׁפּוֹךְ וְעַל־הָעֹשֶׁק וְעַל־הַמְּרוּצָה לַעֲשׂוֹת ׃ ס	ἰδοὺ οὐκ εἰσὶν οἱ ὀφθαλμοί σου οὐδὲ ἡ καρδία σου καλή, ἀλλʼ εἰς τὴν πλεονεξίαν σου καὶ εἰς τὸ αἷμα τὸ ἀθῷον τοῦ ἐκχέειν αὐτό, καὶ εἰς ἀδίκημα καὶ εἰς φόνον τοῦ ποιεῖν.	tui vero oculi et cor ad avaritiam et ad sanguinem innocentem fundendum et ad calumniam et ad cursum mali operis	Tui vero oculi et cor ad avaritiam, et ad sanguinem innocentem fundendum, et ad calumniam, et ad cursum mali operis.		But thine eyes and thine heart are not but for thy covetousness, and for to shed innocent blood, and for oppression, and for violence, to do it.
Jer	22	18	לָכֵן כֹּה־אָמַר יְהוָה אֶל־יְהוֹיָקִים בֶּן־יֹאשִׁיָּהוּ מֶלֶךְ יְהוּדָה לֹא־יִסְפְּדוּ לוֹ הוֹי אָחִי וְהוֹי אָחוֹת לֹא־יִסְפְּדוּ לוֹ הוֹי אָדוֹן וְהוֹי הֹדֹה ׃	διὰ τοῦτο τάδε λέγει Κύριος ἐπὶ Ἰωακεὶμ υἱὸν Ἰωσεία βασιλέα Ἰούδα Καὶ ἐπὶ τὸν ἄνδρα τοῦτον οὐ μὴ κόψωνται αὐτόν Ὣ ἀδελφέ, οὐδὲ μὴ κλαύσονται αὐτόν Οἴμοι κύριε.	propterea haec dicit Dominus ad Ioachim filium Iosiae regem Iuda non plangent eum vae frater et vae fratres non concrepabunt ei vae domine et vae inclite	Propterea hc dicit Dominus ad Joakim, filium Josi, regem Juda: Non plangent eum: V frater! et v soror! Non concrepabunt ei: V domine! et v inclyte!		Therefore thus saith the Lord concerning Jehoiakim the son of Josiah king of Judah; They shall not lament for him, saying, Ah my brother! or, Ah sister! they shall not lament for him, saying, Ah lord! or, Ah his glory!
Jer	22	19	קְבוּרַת חֲמוֹר יִקָּבֵר סָחוֹב וְהַשְׁלֵךְ מֵהָלְאָה לְשַׁעֲרֵי יְרוּשָׁלִָם ׃ ס	ταφὴν ὄνου ταφήσεται, συμψησθεὶς ῥιφήσεται ἐπέκεινα τῆς πύλης Ἰερουσαλήμ.	sepultura asini sepelietur putrefactus et proiectus extra portas Hierusalem	Sepultura asini sepelietur, putrefactus et projectus extra portas Jerusalem.]		He shall be buried with the burial of an ass, drawn and cast forth beyond the gates of Jerusalem.
Jer	22	20	עֲלִי הַלְּבָנוֹן וּצְעָקִי וּבַבָּשָׁן תְּנִי קוֹלֵךְ וְצַעֲקִי מֵעֲבָרִים כִּי נִשְׁבְּרוּ כָּל־מְאַהֲבָיִךְ ׃	Ἀνάβηθι εἰς τὸν Λίβανον καὶ κράξον, καὶ εἰς τὴν Βασὰν δὸς τὴν φωνήν σου, καὶ βόησον εἰς τὸ πέραν τῆς θαλάσσης, ὅτι συνετρίβησαν πάντες οἱ ἐρασταί σου.	ascende Libanum et clama et in Basan da vocem tuam et clama ad transeuntes quia contriti sunt omnes amatores tui	[Ascende Libanum, et clama: et in Basan da vocem tuam, et clama ad transeuntes, quia contriti sunt omnes amatores tui.		Go up to Lebanon, and cry; and lift up thy voice in Bashan, and cry from the passages: for all thy lovers are destroyed.
Jer	22	21	דִּבַּרְתִּי אֵלַיִךְ בְּשַׁלְוֹתַיִךְ אָמַרְתְּ לֹא אֶשְׁמָע זֶה דַרְכֵּךְ מִנְּעוּרַיִךְ כִּי לֹא־שָׁמַעַתְּ בְּקוֹלִי ׃	ἐλάλησα πρὸς σέ ἐν τῇ παραπτώσει σου, καὶ εἶπας Οὐκ ἀκούσομαι· αὕτη ἡ ὁδός σου ἐκ νεότητός σου, οὐκ ἤκουσας τῆς φωνῆς μου.	locutus sum ad te in abundantia tua dixisti non audiam haec est via tua ab adulescentia tua quia non audisti vocem meam	Locutus sum ad te in abundantia tua, et dixisti: Non audiam: hc est via tua ab adolescentia tua, quia non audisti vocem meam.		I spake unto thee in thy prosperity; but thou saidst, I will not hear. This hath been thy manner from thy youth, that thou obeyedst not my voice.
Jer	22	22	כָּל־רֹעַיִךְ תִּרְעֶה־רוּחַ וּמְאַהֲבַיִךְ בַּשְּׁבִי יֵלֵכוּ כִּי אָז תֵּבֹשִׁי וְנִכְלַמְתְּ מִכֹּל רָעָתֵךְ ׃	πάντας τοὺς ποιμένας σου ποιμανεῖ ἄνεμος, καὶ οἱ ἐρασταί σου ἐν αἰχμαλωσίᾳ ἐξελεύσονται, ὕτι τότε αἰσχυνθήσῃ καὶ ἀτιμωθήσῃ ἀπὸ πάντων τῶν φιλούντων σε.	omnes pastores tuos pascet ventus et amatores tui in captivitatem ibunt et tunc confunderis et erubesces ab omni malitia tua	Omnes pastores tuos pascet ventus, et amatores tui in captivitatem ibunt: et tunc confunderis, et erubesces ab omni malitia tua.		The wind shall eat up all thy pastors, and thy lovers shall go into captivity: surely then shalt thou be ashamed and confounded for all thy wickedness.
Jer	22	23	יֹשַׁבְתְּי בַּלְּבָנוֹן מְקֻנַּנְתְּי בָּאֲרָזִים מַה־נֵּחַנְתְּ בְּבֹא־לָךְ חֲבָלִים חִיל כַּיֹּלֵדָה ׃	κατοικοῦσα ἐν τῷ Λιβάνῳ, ἐννοσσεύουσα ἐν ταῖς κέδροις, καταστενάξεις ἐν τῷ ἐλθεῖν σοι ὀδύνας ὡς τικτούσης.	quae sedes in Libano et nidificas in cedris quomodo congemuisti cum venissent tibi dolores quasi dolores parturientis	Qu sedes in Libano, et nidificas in cedris, quomodo congemuisti cum venissent tibi dolores, quasi dolores parturientis?		O inhabitant of Lebanon, that makest thy nest in the cedars, how gracious shalt thou be when pangs come upon thee, the pain as of a woman in travail!
Jer	22	24	חַי־אָנִי נְאֻם־יְהוָה כִּי אִם־יִהְיֶה כָּנְיָהוּ בֶן־יְהוֹיָקִים מֶלֶךְ יְהוּדָה חוֹתָם עַל־יַד יְמִינִי כִּי מִשָּׁם אֶתְּקֶנְךָּ ׃	ζῶ ἐγὼ, λέγει Κύριος, ἐὰν γενόμενος γένηται Ἰεχονίας υἱὸς Ἰωακεὶμ βασιλεὺς Ἰούδα ἀποσφράγισμα ἐπὶ τῆς χερὸς τῆς δεξιᾶς μου, ἐκεῖθεν ἐκσπάσω σε,	vivo ego dicit Dominus quia si fuerit Iechonias filius Ioachim regis Iuda anulus in manu dextera mea inde avellam eum	Vivo ego, dicit Dominus, quia si fuerit Jechonias, filius Joakim, regis Juda, annulus in manu dextera mea, inde evellam eum,		As I live, saith the Lord, though Coniah the son of Jehoiakim king of Judah were the signet upon my right hand, yet would I pluck thee thence;
Jer	22	25	וּנְתַתִּיךָ בְּיַד מְבַקְשֵׁי נַפְשֶׁךָ וּבְיַד אֲשֶׁר־אַתָּה יָגוֹר מִפְּנֵיהֶם וּבְיַד נְבוּכַדְרֶאצַּר מֶלֶךְ־בָּבֶל וּבְיַד הַכַּשְׂדִּים ׃	καὶ παραδώσω σε εἰς χεῖρας τῶν ζητούντων τὴν ψυχήν σου, ὧν σὺ εὐλαβῆ ἀπὸ προσώπου αὐτῶν, εἰς χεῖρας τῶν Χαλδαιων.	et dabo te in manu quaerentium animam tuam et in manu quorum tu formidas faciem et in manu Nabuchodonosor regis Babylonis et in manu Chaldeorum	et dabo te in manu qurentium animam tuam, et in manu quorum tu formidas faciem, et in manu Nabuchodonosor regis Babylonis, et in manu Chaldorum:		And I will give thee into the hand of them that seek thy life, and into the hand of them whose face thou fearest, even into the hand of Nebuchadrezzar king of Babylon, and into the hand of the Chaldeans.
Jer	22	26	וְהֵטַלְתִּי אֹתְךָ וְאֶת־אִמְּךָ אֲשֶׁר יְלָדַתְךָ עַל הָאָרֶץ אַחֶרֶת אֲשֶׁר לֹא־יֻלַּדְתֶּם שָׁם וְשָׁם תָּמוּתוּ ׃	καὶ ἀπορίψω σὲ καὶ τὴν μητέρα σου τὴν τεκοῦσάν σε εἰς γῆν οὗ οὐκ ἐτέχθης ἐκεῖ, καὶ ἐκεῖ ἀποθανεῖσθε·	et mittam te et matrem tuam quae genuit te in terram alienam in qua nati non estis ibique moriemini	et mittam te, et matrem tuam qu genuit te, in terram alienam, in qua nati non estis, ibique moriemini.		And I will cast thee out, and thy mother that bare thee, into another country, where ye were not born; and there shall ye die.
Jer	22	27	וְעַל־הָאָרֶץ אֲשֶׁר־הֵם מְנַשְּׂאִים אֶת־נַפְשָׁם לָשׁוּב שָׁם שָׁמָּה לֹא יָשׁוּבוּ ׃	εἰς δὲ τὴν γῆν ἣν αὐτοὶ εὔχονται ταῖς ψυχαῖς αὐτῶν οὐ μὴ ἀποστρέψωσιν.	et in terram ad quam ipsi levant animam suam ut revertantur illuc non revertentur	Et in terram ad quam ipsi levant animam suam ut revertantur illuc, non revertentur.		But to the land whereunto they desire to return, thither shall they not return.
Jer	22	28	ס הַעֶצֶב נִבְזֶה נָפוּץ הָאִישׁ הַזֶּה כָּנְיָהוּ אִם־כְּלִי אֵין חֵפֶץ בּוֹ מַדּוּעַ הוּטֲלוּ הוּא וְזַרְעוֹ וְהֻשְׁלְכוּ עַל־הָאָרֶץ אֲשֶׁר לֹא־יָדָעוּ ׃	ἠτιμώθη Ἰεχονίας ὡς σκεῦος οὗ οὐκ ἔστιν χρεία αὐτοῦ, ὅτι ἐξερίφη καὶ ἐξεβλήθη εἰς γῆν ἣν οὐκ ᾔδει.	numquid vas fictile atque contritum vir iste Iechonias numquid vas absque omni voluptate quare abiecti sunt ipse et semen eius et proiecti in terram quam ignoraverunt	Numquid vas fictile atque contritum vir iste Jechonias? numquid vas absque omni voluptate? Quare abjecti sunt ipse et semen ejus, et projecti in terram quam ignoraverunt?		Is this man Coniah a despised broken idol? is he a vessel wherein is no pleasure? wherefore are they cast out, he and his seed, and are cast into a land which they know not?
Jer	22	29	אֶרֶץ אֶרֶץ אָרֶץ שִׁמְעִי דְּבַר־יְהוָה ׃ ס	γῆ γῆ, ἄκουε λόγον Κυρίου·	terra terra terra audi sermonem Domini	Terra, terra, terra, audi sermonem Domini.		O earth, earth, earth, hear the word of the Lord.
Jer	22	30	כֹּה אָמַר יְהוָה כִּתְבוּ אֶת־הָאִישׁ הַזֶּה עֲרִירִי גֶּבֶר לֹא־יִצְלַח בְּיָמָיו כִּי לֹא יִצְלַח מִזַּרְעוֹ אִישׁ יֹשֵׁב עַל־כִּסֵּא דָוִד וּמֹשֵׁל עוֹד בִּיהוּדָה ׃	γράψον τὸν ἄνδρα τοῦτον ἐκκήρυκτον ἄνθρωπον, ὅτι οὐ μὴ αὐξηθῇ ἐκ τοῦ σπέρματος αὐτοῦ καθήμενος ἐπὶ θρόνου Δαυείδ, ἄρχων ἔτι ἐν τῷ Ἰούδᾳ.	haec dicit Dominus scribe virum istum sterilem virum qui in diebus suis non prosperabitur nec enim erit de semine eius vir qui sedeat super solium David et potestatem habeat ultra in Iuda	Hc dicit Dominus: Scribe virum istum sterilem, virum qui in diebus suis non prosperabitur: nec enim erit de semine ejus vir qui sedeat super solium David, et potestatem habeat ultra in Juda.]		Thus saith the Lord, Write ye this man childless, a man that shall not prosper in his days: for no man of his seed shall prosper, sitting upon the throne of David, and ruling any more in Judah.
Jer	23	1	הוֹי רֹעִים מְאַבְּדִים וּמְפִצִים אֶת־צֹאן מַרְעִיתִי נְאֻם־יְהוָה ׃	Ὢ ποιμένες οἱ ἀπολλύοντες καὶ διασκορπίζοντες τὰ πρόβατα τῆς νομῆς αὐτῶν.	vae pastoribus qui disperdunt et dilacerant gregem pascuae meae dicit Dominus	[V pastoribus qui disperdunt et dilacerant gregem pascu me! dicit Dominus.		Woe be unto the pastors that destroy and scatter the sheep of my pasture! saith the Lord.
Jer	23	2	לָכֵן כֹּה־אָמַר יְהוָה אֱלֹהֵי יִשְׂרָאֵל עַל־הָרֹעִים הָרֹעִים אֶת־עַמִּי אַתֶּם הֲפִצֹתֶם אֶת־צֹאנִי וַתַּדִּחוּם וְלֹא פְקַדְתֶּם אֹתָם הִנְנִי פֹקֵד עֲלֵיכֶם אֶת־רֹעַ מַעַלְלֵיכֶם נְאֻם־יְהוָה ׃	διὰ τοῦτο τάδε λέγει Κύριος ἐπὶ τοὺς ποιμαίνοντας τὸν λαόν μου Ὑμεῖς διεσκορπίσατε τὰ πρόβατά μου, καὶ ἐξώσατε αὐτὰ καὶ οὐκ ἐπεσκέψασθε αὐτά, ἰδοὺ ἐγὼ ἐκδικῶ ἐφʼ ὑμᾶς κατὰ τὰ πονηρὰ ἐπιτηδεύματα ὑμῶν.	ideo haec dicit Dominus Deus Israhel ad pastores qui pascunt populum meum vos dispersistis gregem meum eiecistis eos et non visitastis eos ecce ego visitabo super vos malitiam studiorum vestrorum ait Dominus	Ideo hc dicit Dominus Deus Isral ad pastores qui pascunt populum meum: Vos dispersistis gregem meum, et ejecistis eos, et non visitastis eos: ecce ego visitabo super vos malitiam studiorum vestrorum, ait Dominus.		Therefore thus saith the Lord God of Israel against the pastors that feed my people; Ye have scattered my flock, and driven them away, and have not visited them: behold, I will visit upon you the evil of your doings, saith the Lord.
Jer	23	3	וַאֲנִי אֲקַבֵּץ אֶת־שְׁאֵרִית צֹאנִי מִכֹּל הָאֲרָצוֹת אֲשֶׁר־הִדַּחְתִּי אֹתָם שָׁם וַהֲשִׁבֹתִי אֶתְהֶן עַל־נְוֵהֶן וּפָרוּ וְרָבוּ ׃	καὶ ἐγὼ εἰσδέξομαι τοὺς καταλοίπους τοῦ λαοῦ μου ἐπὶ πάσης τῆς γῆς οὗ ἐξῶσα αὐτοὺς ἐκεῖ, καὶ καταστήσω αὐτοὺς εἰς τὴν νομὴν αὐτῶν, καὶ αὐξηθήσονται καὶ πληθυνθήσονται.	et ego congregabo reliquias gregis mei de omnibus terris ad quas eiecero eos illuc et convertam eos ad rura sua et crescent et multiplicabuntur	Et ego congregabo reliquias gregis mei de omnibus terris ad quas ejecero eos illuc: et convertam eos ad rura sua, et crescent et multiplicabuntur.		And I will gather the remnant of my flock out of all countries whither I have driven them, and will bring them again to their folds; and they shall be fruitful and increase.
Jer	23	4	וַהֲקִמֹתִי עֲלֵיהֶם רֹעִים וְרָעוּם וְלֹא־יִירְאוּ עוֹד וְלֹא־יֵחַתּוּ וְלֹא יִפָּקֵדוּ נְאֻם־יְהוָה ׃ ס	καὶ ἀναστήσω αὐτοῖς ποιμένας οἳ ποιμανοῦσιν αὐτούς, καὶ οὐ φοβηθήσονται ἔτι οὐδὲ πτοηθήσονται, λέγει Κύριος.	et suscitabo super eos pastores et pascent eos non formidabunt ultra et non pavebunt et nullus quaeretur ex numero dicit Dominus	Et suscitabo super eos pastores, et pascent eos: non formidabunt ultra, et non pavebunt, et nullus quretur ex numero, dicit Dominus.]		And I will set up shepherds over them which shall feed them: and they shall fear no more, nor be dismayed, neither shall they be lacking, saith the Lord.
Jer	23	5	הִנֵּה יָמִים בָּאִים נְאֻם־יְהוָה וַהֲקִמֹתִי לְדָוִד צֶמַח צַדִּיק וּמָלַךְ מֶלֶךְ וְהִשְׂכִּיל וְעָשָׂה מִשְׁפָּט וּצְדָקָה בָּאָרֶץ ׃	Ἰδοὺ ἡμέραι ἔρχονται, λέγει Κύριος, καὶ ἀναστήσω τῷ Δαυεὶδ ἀνατολὴν δικαίαν, καὶ βασιλεύσει βασιλεὺς καὶ συνήσει καὶ ποιήσει κρίμα καὶ δικαιοσύνην ἐπὶ τῆς γῆς.	ecce dies veniunt ait Dominus et suscitabo David germen iustum et regnabit rex et sapiens erit et faciet iudicium et iustitiam in terra	[Ecce dies veniunt, dicit Dominus, et suscitabo David germen justum: et regnabit rex, et sapiens erit, et faciet judicium et justitiam in terra.		Behold, the days come, saith the Lord, that I will raise unto David a righteous Branch, and a King shall reign and prosper, and shall execute judgment and justice in the earth.
Jer	23	6	בְּיָמָיו תִּוָּשַׁע יְהוּדָה וְיִשְׂרָאֵל יִשְׁכֹּן לָבֶטַח וְזֶה־שְּׁמוֹ אֲשֶׁר־יִקְרְאוֹ יְהוָה צִדְקֵנוּ ׃ ס	ἐν ταῖς ἡμέραις αὐτοῦ καὶ σωθήσεται Ἰούδας, καὶ Ἰσραὴλ κατασκηνώσει πεποιθώς, καὶ τοῦτο τὸ ὄνομα αὐτοῦ ὃ καλέσει αὐτὸν Κύριος Ἰωσέδεκ. Ἐν τοῖς προφήταις.	in diebus illius salvabitur Iuda et Israhel habitabit confidenter et hoc est nomen quod vocabunt eum Dominus iustus noster	In diebus illis salvabitur Juda, et Isral habitabit confidenter: et hoc est nomen quod vocabunt eum: Dominus justus noster.		In his days Judah shall be saved, and Israel shall dwell safely: and this is his name whereby he shall be called, The Lord Our Righteousness.
Jer	23	7	לָכֵן הִנֵּה־יָמִים בָּאִים נְאֻם־יְהוָה וְלֹא־יֹאמְרוּ עוֹד חַי־יְהוָה אֲשֶׁר הֶעֱלָה אֶת־בְּנֵי יִשְׂרָאֵל מֵאֶרֶץ מִצְרָיִם ׃	διὰ τοῦτο ἰδοὺ ἡμέραι ἔρχονται, λέγει Κύριος, καὶ οὐκ ἐροῦσιν ἔτι Ζῇ Κύριος ὃς ἀνήγαγεν τὸν οἶκον Ἰσραὴλ ἐκ γῆς Αἰγύπτου,	propter hoc ecce dies veniunt dicit Dominus et non dicent ultra vivit Dominus qui eduxit filios Israhel de terra Aegypti	Propter hoc ecce dies veniunt, dicit Dominus, et non dicent ultra: Vivit Domnus, qui eduxit filios Isral de terra gypti,		Therefore, behold, the days come, saith the Lord, that they shall no more say, The Lord liveth, which brought up the children of Israel out of the land of Egypt;
Jer	23	8	כִּי אִם־חַי־יְהוָה אֲשֶׁר הֶעֱלָה וַאֲשֶׁר הֵבִיא אֶת־זֶרַע בֵּית יִשְׂרָאֵל מֵאֶרֶץ צָפוֹנָה וּמִכֹּל הָאֲרָצוֹת אֲשֶׁר הִדַּחְתִּים שָׁם וְיָשְׁבוּ עַל־אַדְמָתָם ׃ ס	ἀλλά Ζῇ Κύριος ὃς συνήγαγεν ἃπαν τὸ σπέρμα Ἰσραὴλ ἀπὸ γῆς βορρᾶ καὶ ἀπὸ πασῶν τῶν χωρῶν οὗ ἐξῶσεν αὐτοὺς ἐκεῖ, καὶ ἀπεκατέστησεν αὐτοὺς εἰς τὴν γῆν αὐτῶν.	sed vivit Dominus qui eduxit et adduxit semen domus Israhel de terra aquilonis et de cunctis terris ad quas eieceram eos illuc et habitabunt in terra sua	sed: Vivit Dominus, qui eduxit et adduxit semen domus Isral de terra aquilonis, et de cunctis terris ad quas ejeceram eos illuc, et habitabunt in terra sua.]		But, The Lord liveth, which brought up and which led the seed of the house of Israel out of the north country, and from all countries whither I had driven them; and they shall dwell in their own land.
Jer	23	9	לַנְּבִאִים נִשְׁבַּר לִבִּי בְקִרְבִּי רָחֲפוּ כָּל־עַצְמוֹתַי הָיִיתִי כְּאִישׁ שִׁכּוֹר וּכְגֶבֶר עֲבָרוֹ יָיִן מִפְּנֵי יְהוָה וּמִפְּנֵי דִּבְרֵי קָדְשׁוֹ ׃	Συνετρίβη ἡ καρδία μου ἐν ἐμοί, ἐσαλεύθη πάντα τὰ ὀστᾶ μου, ἐγενήθην ὡς ἀνὴρ συντετριμμένος καὶ ὡς ἄνθρωπος συνεχόμενος ἀπὸ οἴνου, ἀπὸ προσώπου Κυρίου καὶ ἀπὸ προσώπου εὐπρεπείας δόξης αὐτοῦ.	ad prophetas contritum est cor meum in medio mei contremuerunt omnia ossa mea factus sum quasi vir ebrius et quasi homo madidus a vino a facie Domini et a facie verborum sanctorum eius	Ad prophetas: [Contritum est cor meum in medio mei, contremuerunt omnia ossa mea: factus sum quasi vir ebrius, et quasi homo madidus a vino, a facie Domini, et a facie verborum sanctorum ejus.		Mine heart within me is broken because of the prophets; all my bones shake; I am like a drunken man, and like a man whom wine hath overcome, because of the Lord, and because of the words of his holiness.
Jer	23	10	כִּי מְנָאֲפִים מָלְאָה הָאָרֶץ כִּי־מִפְּנֵי אָלָה אָבְלָה הָאָרֶץ יָבְשׁוּ נְאוֹת מִדְבָּר וַתְּהִי מְרוּצָתָם רָעָה וּגְבוּרָתָם לֹא־כֵן ׃	ὅτι ἀπὸ προσώπου τούτων ἐπένθησεν ἡ γῆ, ἐξηράνθησαν αἱ νομαὶ τῆς ἐρήμου· καὶ ἐγένετο ὁ δρυμὸς αὐτῶν πονηρός, καὶ ἡ ἰσχὺς αὐτῶν οὕτως.	quia adulteris repleta est terra quia a facie maledictionis luxit terra arefacta sunt arva deserti factus est cursus eorum malus et fortitudo eorum dissimilis	Quia adulteris repleta est terra, quia a facie maledictionis luxit terra, arefacta sunt arva deserti: factus est cursus eorum malus: et fortitudo eorum dissimilis.		For the land is full of adulterers; for because of swearing the land mourneth; the pleasant places of the wilderness are dried up, and their course is evil, and their force is not right.
Jer	23	11	כִּי־גַם־נָבִיא גַם־כֹּהֵן חָנֵפוּ גַּם־בְּבֵיתִי מָצָאתִי רָעָתָם נְאֻם־יְהוָה ׃	ὅτι ἱερεὺς καὶ προφήτης ἐμολύνθησαν, καὶ ἐν τῷ οἴκῳ μου εἶδον πονηρίας αὐτῶν.	propheta namque et sacerdos polluti sunt et in domo mea inveni malum eorum ait Dominus	Propheta namque et sacerdos polluti sunt, et in domo mea inveni malum eorum, ait Dominus.		For both prophet and priest are profane; yea, in my house have I found their wickedness, saith the Lord.
Jer	23	12	לָכֵן יִהְיֶה דַרְכָּם לָהֶם כַּחֲלַקְלַקּוֹת בָּאֲפֵלָה יִדַּחוּ וְנָפְלוּ בָהּ כִּי־אָבִיא עֲלֵיהֶם רָעָה שְׁנַת פְּקֻדָּתָם נְאֻם־יְהוָה ׃	διὰ τοῦτο γενέσθω ἡ ὁδὸς αὐτῶν αὐτοῖς εἰς ὀλίσθημα ἐν γνόφῳ, καὶ ὑποσκελισθήσονται καὶ πεσοῦνται ἐν αὐτῇ· διότι ἐπάξω ἐπʼ αὐτοὺς κακὰ ἐν ἐνιαυτῷ ἐπισκέψεως αὐτῶν.	idcirco via eorum erit quasi lubricum in tenebris inpellentur enim et corruent in ea adferam enim super eos mala annum visitationis eorum ait Dominus	Idcirco via eorum erit quasi lubricum in tenebris: impellentur enim, et corruent in ea: afferam enim super eos mala, annum visitationis eorum, ait Dominus.		Wherefore their way shall be unto them as slippery ways in the darkness: they shall be driven on, and fall therein: for I will bring evil upon them, even the year of their visitation, saith the Lord.
Jer	23	13	וּבִנְבִיאֵי שֹׁמְרוֹן רָאִיתִי תִפְלָה הִנַּבְּאוּ בַבַּעַל וַיַּתְעוּ אֶת־עַמִּי אֶת־יִשְׂרָאֵל ׃ ס	καὶ ἐν τοῖς προφήταις Σαμαρείας εἶδον ἀνομήματα· ἐπροφήτευσαν διὰ τῆς Βάαλ, καὶ ἐπλάνησαν τὸν λαόν μου Ἰσραήλ.	et in prophetis Samariae vidi fatuitatem prophetabant in Baal et decipiebant populum meum Israhel	Et in prophetis Samari vidi fatuitatem: prophetabunt in Baal, et decipiebant populum meum Isral.		And I have seen folly in the prophets of Samaria; they prophesied in Baal, and caused my people Israel to err.
Jer	23	14	וּבִנְבִאֵי יְרוּשָׁלַםִ רָאִיתִי שַׁעֲרוּרָה נָאוֹף וְהָלֹךְ בַּשֶּׁקֶר וְחִזְּקוּ יְדֵי מְרֵעִים לְבִלְתִּי־שָׁבוּ אִישׁ מֵרָעָתוֹ הָיוּ־לִי כֻלָּם כִּסְדֹם וְיֹשְׁבֶיהָ כַּעֲמֹרָה ׃ ס	καὶ ἐν τοῖς προφήταις Ἰερουσαλὴμ ἑώρακα φρικτά, μοιχωμένους καὶ πορευομένους ἐν ψεύδεσι καὶ ἀντιλαμβανομένους χειρῶν πολλῶν τοῦ μὴ ἀποστραφῆναι ἕκαστον ἀπὸ τῆς ὁδοῦ αὐτοῦ τῆς πονηρᾶς ἐγενήθησάν μοι πάντες ὡς Σόδομα, καὶ οἱ κατοικοῦντες αὐτὴν ὥσπερ Φόμορρα.	et in prophetis Hierusalem vidi similitudinem adulterium et iter mendacii et confortaverunt manus pessimorum ut non converteretur unusquisque a malitia sua facti sunt mihi omnes Sodoma et habitatores eius quasi Gomorra	Et in prophetis Jerusalem vidi similitudinem adulterantium, et iter mendacii: et confortaverunt manus pessimorum, ut non converteretur unusquisque a malitia sua: facti sunt mihi omnes ut Sodoma, et habitatores ejus quasi Gomorrha.		I have seen also in the prophets of Jerusalem an horrible thing: they commit adultery, and walk in lies: they strengthen also the hands of evildoers, that none doth return from his wickedness; they are all of them unto me as Sodom, and the inhabitants thereof as Gomorrah.
Jer	23	15	לָכֵן כֹּה־אָמַר יְהוָה צְבָאוֹת עַל־הַנְּבִאִים הִנְנִי מַאֲכִיל אוֹתָם לַעֲנָה וְהִשְׁקִתִים מֵי־רֹאשׁ כִּי מֵאֵת נְבִיאֵי יְרוּשָׁלַםִ יָצְאָה חֲנֻפָּה לְכָל־הָאָרֶץ ׃ פ	Διὰ τοῦτο τάδε λέγει Κύριος Ἰδοὺ ἐγὼ ψωμιῶ αὐτοὺς ὀδύνην καὶ ποτιῶ αὐτοὺς ὕδωρ πικρόν, ὅτι ἀπὸ τῶν προφητῶν Ἰερουσαλὴμ ἐξῆλθεν μολυσμὸς πάσῃ τῆ γῇ.	propterea haec dicit Dominus exercituum ad prophetas ecce ego cibabo eos absinthio et potabo eos felle a prophetis enim Hierusalem est egressa pollutio super omnem terram	Propterea hc dicit Dominus exercituum ad prophetas: Ecce ego cibabo eos absinthio, et potabo eos felle: a prophetis enim Jerusalem egressa est pollutio super omnem terram.		Therefore thus saith the Lord of hosts concerning the prophets; Behold, I will feed them with wormwood, and make them drink the water of gall: for from the prophets of Jerusalem is profaneness gone forth into all the land.
Jer	23	16	כֹּה־אָמַר יְהוָה צְבָאוֹת אַל־תִּשְׁמְעוּ עַל־דִּבְרֵי הַנְּבִאִים הַנִּבְּאִים לָכֶם מַהְבִּלִים הֵמָּה אֶתְכֶם חֲזוֹן לִבָּם יְדַבֵּרוּ לֹא מִפִּי יְהוָה ׃	οὕτως λέγει Κύριος Παντοκράτωρ Μὴ ἀκούετε τοὺς λόγους τῶν προφητῶν, ὅτι ματαιοῦσιν ἑαυτοῖς ὅρασιν, ἀπὸ καρδίας αὐτῶν λαλοῦσιν καὶ οὐκ ἀπὸ στόματος Κυρίου.	haec dicit Dominus exercituum nolite audire verba prophetarum qui prophetant vobis et decipiunt vos visionem cordis sui loquuntur non de ore Domini	Hc dicit Dominus exercituum: Nolite audire verba prophetarum qui prophetant vobis, et decipiunt vos: visionem cordis sui loquuntur, non de ore Domini.		Thus saith the Lord of hosts, Hearken not unto the words of the prophets that prophesy unto you: they make you vain: they speak a vision of their own heart, and not out of the mouth of the Lord.
Jer	23	17	אֹמְרִים אָמוֹר לִמְנַאֲצַי דִּבֶּר יְהוָה שָׁלוֹם יִהְיֶה לָכֶם וְכֹל הֹלֵךְ בִּשְׁרִרוּת לִבּוֹ אָמְרוּ לֹא־תָבוֹא עֲלֵיכֶם רָעָה ׃	λέγουσιν τοῖς ἀπωθουμένοις τὸν λόγον Κυρίου Εἰρήνη ἔσται ὑμῖν, καὶ πᾶσιν τοῖς πορευομένοις τοῖς θελήμασιν αὐτῶν, παντὶ τῷ πορευομένῳ πλάνῃ καρδίας αὐτοῦ εἶπαν Οὐχ ἥξει ἐπὶ σέ κακά.	dicunt his qui blasphemant me locutus est Dominus pax erit vobis et omni qui ambulat in pravitate cordis sui dixerunt non veniet super vos malum	Dicunt his qui blasphemant me: Locutus est Dominus: Pax erit vobis: et omni qui ambulat in pravitate cordis sui dixerunt: Non veniet super vos malum.		They say still unto them that despise me, The Lord hath said, Ye shall have peace; and they say unto every one that walketh after the imagination of his own heart, No evil shall come upon you.
Jer	23	18	כִּי מִי עָמַד בְּסוֹד יְהוָה וְיֵרֶא וְיִשְׁמַע אֶת־דְּבָרוֹ מִי־הִקְשִׁיב דְּבָרִי וַיִּשְׁמָע ׃ ס	ὅτι τίς ἔστη ἐν ὑποστήματι Κυρίου καὶ εἶδεν τὸν λόγον αὐτοῦ; τίς ἐνωτίσατο καὶ ἤκουσεν;	quis enim adfuit in consilio Domini et vidit et audivit sermonem eius quis consideravit verbum illius et audivit	Quis enim affuit in consilio Domini, et vidit, et audivit sermonem ejus? Quis consideravit verbum illius, et audivit?		For who hath stood in the counsel of the Lord, and hath perceived and heard his word? who hath marked his word, and heard it?
Jer	23	19	הִנֵּה סַעֲרַת יְהוָה חֵמָה יָצְאָה וְסַעַר מִתְחוֹלֵל עַל רֹאשׁ רְשָׁעִים יָחוּל ׃	ἰδοὺ σεισμὸς παρὰ Κυρίου καὶ ὀργὴ ἐκπορεύεται εἰς συνσεισμόν, συστρεφομένη ἐπὶ τοὺς ἀσεβεῖς ἥξει	ecce turbo dominicae indignationis egredietur et tempestas erumpens super caput impiorum veniet	Ecce turbo Dominic indignationis egredietur, et tempestas erumpens super caput impiorum veniet.		Behold, a whirlwind of the Lord is gone forth in fury, even a grievous whirlwind: it shall fall grievously upon the head of the wicked.
Jer	23	20	לֹא יָשׁוּב אַף־יְהוָה עַד־עֲשֹׂתוֹ וְעַד־הֲקִימוֹ מְזִמּוֹת לִבּוֹ בְּאַחֲרִית הַיָּמִים תִּתְבּוֹנְנוּ בָהּ בִּינָה ׃	καὶ οὐκέτι ἀποστρέψει ὁ θυμὸς Κυρίου, ἕως ποιήσῃ αὐτὸ ἀπὸ ἐγχειρήματος καρδίας αὐτοῦ· ἐπʼ ἐσχάτου τῶν ἡμερῶν νοήσουσιν αὐτό.	non revertetur furor Domini usque dum faciat et usque dum conpleat cogitationem cordis sui in novissimis diebus intellegetis consilium eius	Non revertetur furor Domini, usque dum faciat et usque dum compleat cogitationem cordis sui: in novissimis diebus intelligetis consilium ejus.		The anger of the Lord shall not return, until he have executed, and till he have performed the thoughts of his heart: in the latter days ye shall consider it perfectly.
Jer	23	21	לֹא־שָׁלַחְתִּי אֶת־הַנְּבִאִים וְהֵם רָצוּ לֹא־דִבַּרְתִּי אֲלֵיהֶם וְהֵם נִבָּאוּ ׃	οὐκ ἀπέστελλον τοὺς προφήτας, καὶ αὐτοὶ ἔτρεχον· οὐδὲ ἐλάλησα πρὸς αὐτούς, καὶ αὐτοὶ ἐπροφήτευον.	non mittebam prophetas et ipsi currebant non loquebar ad eos et ipsi prophetabant	Non mittebam prophetas, et ipsi currebant: non loquebar ad eos, et ipsi prophetabant.		I have not sent these prophets, yet they ran: I have not spoken to them, yet they prophesied.
Jer	23	22	וְאִם־עָמְדוּ בְּסוֹדִי וְיַשְׁמִעוּ דְבָרַי אֶת־עַמִּי וִישִׁבוּם מִדַּרְכָּם הָרָע וּמֵרֹעַ מַעַלְלֵיהֶם ׃ ס	καὶ εἰ ἔστησαν ἐν τῇ ὑποστάσει μου καὶ εἰ ἤκουσαν τῶν λόγων μου, καὶ τὸν λαόν μου ἂν ἀπέστρεφον αὐτοὺς ἀπὸ τῶν πονηρῶν ἐπιτηδευμάτων αὐτῶν.	si stetissent in consilio meo et nota fecissent verba mea populo meo avertissem utique eos a via sua mala et a pessimis cogitationibus suis	Si stetissent in consilio meo, et nota fecissent verba mea populo meo, avertissem utique eos a via sua mala et a cogitationibus suis pessimis.		But if they had stood in my counsel, and had caused my people to hear my words, then they should have turned them from their evil way, and from the evil of their doings.
Jer	23	23	הַאֱלֹהֵי מִקָּרֹב אָנִי נְאֻם־יְהוָה וְלֹא אֱלֹהֵי מֵרָחֹק ׃	θεὸς ἐγγίζων ἐγώ εἰμι, καὶ οὐχὶ θεὸς πόρρωθεν.	putasne Deus e vicino ego sum dicit Dominus et non Deus de longe	Putasne Deus e vicino ego sum, dicit Dominus, et non Deus de longe?		Am I a God at hand, saith the Lord, and not a God afar off?
Jer	23	24	אִם־יִסָּתֵר אִישׁ בַּמִּסְתָּרִים וַאֲנִי לֹא־אֶרְאֶנּוּ נְאֻם־יְהוָה הֲלוֹא אֶת־הַשָּׁמַיִם וְאֶת־הָאָרֶץ אֲנִי מָלֵא נְאֻם־יְהוָה ׃	εἰ κρυβήσεταί τις ἐν κρυφαίοις, καὶ ἐγὼ οὐκ ὄψομαι αὐτόν; μὴ οὐχὶ τὸν οὐρανὸν καὶ τὴν γῆν ἐγὼ πληρῶ, λέγει Κύριος;	si occultabitur vir in absconditis et ego non videbo eum dicit Dominus numquid non caelum et terram ego impleo ait Dominus	Si occultabitur vir in absconditis, et ego non videbo eum? dicit Dominus. Numquid non clum et terram ego impleo? dicit Dominus.		Can any hide himself in secret places that I shall not see him? saith the Lord. Do not I fill heaven and earth? saith the Lord.
Jer	23	25	שָׁמַעְתִּי אֵת אֲשֶׁר־אָמְרוּ הַנְּבִאִים הַנִּבְּאִים בִּשְׁמִי שֶׁקֶר לֵאמֹר חָלַמְתִּי חָלָמְתִּי ׃	ἤκουσα ἃ λαλοῦσιν οἱ προφῆται· προφητεύουσιν ἐπὶ τῷ ὀνόματί μου ψευδῆ λέγοντες Ἠνυπνιασάμην ἐνύπνιον.	audivi quae dixerunt prophetae prophetantes in nomine meo mendacium atque dicentes somniavi somniavi	Audivi qu dixerunt prophet prophetantes in nomine meo mendacium, atque dicentes: Somniavi, somniavi.		I have heard what the prophets said, that prophesy lies in my name, saying, I have dreamed, I have dreamed.
Jer	23	26	עַד־מָתַי הֲיֵשׁ בְּלֵב הַנְּבִאִים נִבְּאֵי הַשָּׁקֶר וּנְבִיאֵי תַּרְמִת לִבָּם ׃	ἕως πότε ἔσται ἐν καρδίᾳ τῶν προφητῶν τῶν προφητευόντων ψευδῆ, ἐν τῷ προφητεύειν αὐτοὺς τὰ θελήματα καρδίας αὐτῶν,	usquequo istud in corde est prophetarum vaticinantium mendacium et prophetantium seductiones cordis sui	Usquequo istud est in corde prophetarum vaticinantium mendacium, et prophetantium seductiones cordis sui?		How long shall this be in the heart of the prophets that prophesy lies? yea, they are prophets of the deceit of their own heart;
Jer	23	27	הַחֹשְׁבִים לְהַשְׁכִּיחַ אֶת־עַמִּי שְׁמִי בַּחֲלוֹמֹתָם אֲשֶׁר יְסַפְּרוּ אִישׁ לְרֵעֵהוּ כַּאֲשֶׁר שָׁכְחוּ אֲבוֹתָם אֶת־שְׁמִי בַּבָּעַל ׃	τῶν λογιζομένων τοῦ ἐπιλαθέσθαι τοῦ νόμου μου ἐν τοῖς ἐνυπνίοις αὐτῶν, ἃ διηγοῦντο ἕκαστος τῷ πλησίον αὐτοῦ, καθάπερ ἐπελάθοντο οἱ πατέρες αὐτῶν τοῦ ὀνόματός μου ἐν τῇ Βάαλ;	qui volunt facere ut obliviscatur populus meus nominis mei propter somnia eorum quae narrant unusquisque ad proximum suum sicut obliti sunt patres eorum nominis mei propter Baal	Qui volunt facere ut obliviscatur populus meus nominis mei, propter somnia eorum qu narrat unusquisque ad proximum suum, sicut obliti sunt patres eorum nominis mei propter Baal?		Which think to cause my people to forget my name by their dreams which they tell every man to his neighbour, as their fathers have forgotten my name for Baal.
Jer	23	28	הַנָּבִיא אֲשֶׁר־אִתּוֹ חֲלוֹם יְסַפֵּר חֲלוֹם וַאֲשֶׁר דְּבָרִי אִתּוֹ יְדַבֵּר דְּבָרִי אֱמֶת מַה־לַתֶּבֶן אֶת־הַבָּר נְאֻם־יְהוָה ׃	ὁ προφήτης ἐν ᾧ τὸ ἐνύπνιόν ἐστιν, διηγησάσθω τὸ ἐνύπνιον αὐτοῦ· καὶ ἐν ᾧ ὁ λόγος μου πρὸς αὐτόν, διηγησάσθω τὸν λόγον μου ἐπʼ ἀληθείας. τί τὸ ἄχυρον πρὸς τὸν σῖτον;	propheta qui habet somnium narret somnium et qui habet sermonem meum loquatur sermonem meum vere quid paleis ad triticum dicit Dominus	Propheta qui habet somnium, narret somnium: et qui habet sermonem meum, loquatur sermonem meum vere. Quid paleis ad triticum? dicit Dominus.		The prophet that hath a dream, let him tell a dream; and he that hath my word, let him speak my word faithfully. What is the chaff to the wheat? saith the Lord.
Jer	23	29	הֲלוֹא כֹה דְבָרִי כָּאֵשׁ נְאֻם־יְהוָה וּכְפַטִּישׁ יְפֹצֵץ סָלַע ׃ ס	οὕτως οἱ λόγοι μου, λέγει Κύριος οὐκ ἰδοὺ οἱ λόγοι μου ὥσπερ πῦρ, καὶ ὡς πέλυξ κόπτων πέτραν ;	numquid non verba mea sunt quasi ignis ait Dominus et quasi malleus conterens petram	Numquid non verba mea sunt quasi ignis, dicit Dominus, et quasi malleus conterens petram?		Is not my word like as a fire? saith the Lord; and like a hammer that breaketh the rock in pieces?
Jer	23	30	לָכֵן הִנְנִי עַל־הַנְּבִאִים נְאֻם־יְהוָה מְגַנְּבֵי דְבָרַי אִישׁ מֵאֵת רֵעֵהוּ ׃		propterea ecce ego ad prophetas ait Dominus qui furantur verba mea unusquisque a proximo suo	Propterea ecce ego ad prophetas, ait Dominus, qui furantur verba mea unusquisque a proximo suo.		Therefore, behold, I am against the prophets, saith the Lord, that steal my words every one from his neighbour.
Jer	23	31	הִנְנִי עַל־הַנְּבִיאִם נְאֻם־יְהוָה הַלֹּקְחִים לְשׁוֹנָם וַיִּנְאֲמוּ נְאֻם ׃		ecce ego ad prophetas ait Dominus qui adsumunt linguas suas et aiunt dicit Dominus	Ecce ego ad prophetas, ait Dominus, qui assumunt linguas suas, et aiunt: Dicit Dominus.		Behold, I am against the prophets, saith the Lord, that use their tongues, and say, He saith.
Jer	23	32	הִנְנִי עַל־נִבְּאֵי חֲלֹמוֹת שֶׁקֶר נְאֻם־יְהוָה וַיְסַפְּרוּם וַיַּתְעוּ אֶת־עַמִּי בְּשִׁקְרֵיהֶם וּבְפַחֲזוּתָם וְאָנֹכִי לֹא־שְׁלַחְתִּים וְלֹא צִוִּיתִים וְהוֹעֵיל לֹא־יוֹעִילוּ לָעָם־הַזֶּה נְאֻם־יְהוָה ׃	διὰ τοῦτο ἰδοὺ ἐγὼ πρὸς τοὺς προφήτας τοὺς προφητεύοντας ἐνύπνια ψευδῆ, καὶ οὐ διηγοῦντο αὐτά, καὶ ἐπλάνησαν τὸν λαόν μου ἐν τοῖς ψεύδεσιν αὐτῶν καὶ ἐν τοῖς πλάνοις αὐτῶν, καὶ ἐγὼ οὐκ ἀπέστειλα αὐτοὺς καὶ οὐκ ἐνετειλάμην αὐτοῖς, καὶ ὠφελειαν οὐκ ὠφελήσουσιν τὸν λαὸν τοῦτον.	ecce ego ad prophetas somniantes mendacium ait Dominus qui narraverunt ea et seduxerunt populum meum in mendacio suo et in miraculis suis cum ego non misissem eos nec mandassem eis qui nihil profuerunt populo huic dicit Dominus	Ecce ego ad prophetas somniantes mendacium, ait Dominus: qui narraverunt ea, et seduxerunt populum meum in mendacio suo et in miraculis suis, cum ego non misissem eos, nec mandassem eis, qui nihil profuerunt populo huic, dicit Dominus.		Behold, I am against them that prophesy false dreams, saith the Lord, and do tell them, and cause my people to err by their lies, and by their lightness; yet I sent them not, nor commanded them: therefore they shall not profit this people at all, saith the Lord.
Jer	23	33	וְכִי־יִשְׁאָלְךָ הָעָם הַזֶּה אוֹ־הַנָּבִיא אוֹ־כֹהֵן לֵאמֹר מַה־מַשָּׂא יְהוָה וְאָמַרְתָּ אֲלֵיהֶם אֶת־מַה־מַשָּׂא וְנָטַשְׁתִּי אֶתְכֶם נְאֻם־יְהוָה ׃	καὶ ἐὰν ἐρωτήσωσί σε ὁ λαὸς οὗτος ἢ ἱερεὺς ἢ προφήτης Τί τὸ λῆμμα Κυρίου; καὶ ἐρεῖς αὐτοῖς Ὑμεῖς ἐστε τὸ λῆμμα καὶ ῥάξω ὑμᾶς, λέγει Κύριος.	si igitur interrogaverit te populus iste vel propheta aut sacerdos dicens quod est onus Domini dices ad eos ut quid vobis onus proiciam quippe vos dicit Dominus	Si igitur interrogaverit te populus iste, vel propheta, aut sacerdos, dicens: Quod est onus Domini? dices ad eos: Vos estis onus: projiciam quippe vos, dicit Dominus.		And when this people, or the prophet, or a priest, shall ask thee, saying, What is the burden of the Lord? thou shalt then say unto them, What burden? I will even forsake you, saith the Lord.
Jer	23	34	וְהַנָּבִיא וְהַכֹּהֵן וְהָעָם אֲשֶׁר יֹאמַר מַשָּׂא יְהוָה וּפָקַדְתִּי עַל־הָאִישׁ הַהוּא וְעַל־בֵּיתוֹ ׃	ὁ προφήτης καὶ οἱ ἱερεῖς καὶ ὁ λαὸς οἳ ἂν εἴπωσιν Λῆμμα Κυρίου, καὶ ἐκδικήσω τὸν ἄνθρωπον ἐκεῖνον καὶ τὸν οἶκον αὐτοῦ.	et prophetes et sacerdos et populus qui dicit onus Domini visitabo super virum illum et super domum eius	Et propheta, et sacerdos, et populus qui dicit: Onus Domini: visitabo super virum illum et super domum ejus.		And as for the prophet, and the priest, and the people, that shall say, The burden of the Lord, I will even punish that man and his house.
Jer	23	35	כֹּה תֹאמְרוּ אִישׁ עַל־רֵעֵהוּ וְאִישׁ אֶל־אָחִיו מֶה־עָנָה יְהוָה וּמַה־דִּבֶּר יְהוָה ׃	οὕτως ἐρεῖτε ἕκαστος πρὸς τὸν πλησίον αὐτοῦ καὶ ἕκαστος πρὸς τὸν ἀδελφὸν αὐτοῦ Τί ἀπεκρίθη Κύριος, καὶ τί ἐλάλησεν Κύριος;	haec dicetis unusquisque ad proximum et ad fratrem suum quid respondit Dominus et quid locutus est Dominus	Hc dicetis unusquisque ad proximum, et ad fratrem suum: Quid respondit Dominus? et quid locutus est Dominus?		Thus shall ye say every one to his neighbour, and every one to his brother, What hath the Lord answered? and, What hath the Lord spoken?
Jer	23	36	וּמַשָּׂא יְהוָה לֹא תִזְכְּרוּ־עוֹד כִּי הַמַּשָּׂא יִהְיֶה לְאִישׁ דְּבָרוֹ וַהֲפַכְתֶּם אֶת־דִּבְרֵי אֱלֹהִים חַיִּים יְהוָה צְבָאוֹת אֱלֹהֵינוּ ׃	καὶ Λῆμμα Κυρίου μὴ ὀνομάζετε ἔτι, ὅτι τὸ λῆμμα τῷ ἀνθρώπῳ ἔσται ὁ λόγος αὐτοῦ.	et onus Domini ultra non memorabitur quia onus erit unicuique sermo suus et pervertitis verba Dei viventis Domini exercituum Dei nostri	Et onus Domini ultra non memorabitur: quia onus erit unicuique sermo suus, et pervertistis verba Dei viventis, Domini exercituum, Dei nostri.		And the burden of the Lord shall ye mention no more: for every man's word shall be his burden; for ye have perverted the words of the living God, of the Lord of hosts our God.
Jer	23	37	כֹּה תֹאמַר אֶל־הַנָּבִיא מֶה־עָנָךְ יְהוָה וּמַה־דִּבֶּר יְהוָה ׃	καὶ διὰ τί ἐλάλησεν Κύριος ὁ θεὸς ἡμῶν;	haec dices ad prophetam quid respondit tibi Dominus et quid locutus est Dominus	Hc dices ad prophetam: Quid respondit tibi Dominus? et quid locutus est Dominus?		Thus shalt thou say to the prophet, What hath the Lord answered thee? and, What hath the Lord spoken?
Jer	23	38	וְאִם־מַשָּׂא יְהוָה תֹּאמֵרוּ לָכֵן כֹּה אָמַר יְהוָה יַעַן אֲמָרְכֶם אֶת־הַדָּבָר הַזֶּה מַשָּׂא יְהוָה וָאֶשְׁלַח אֲלֵיכֶם לֵאמֹר לֹא תֹאמְרוּ מַשָּׂא יְהוָה ׃	δᾶ τοῦτο τάδε λέγει Κύριος ὁ θεὸς ἡμῶν Ἀνθʼ ὧν εἴπατε τὸν λόγον τοῦτον Λῆμμα Κυρίου, καὶ ἀπέστειλα πρὸς ὑμᾶς λέγων Οὐκ ἐρεῖτε Λῆμμα Κυρίου·	si autem onus Domini dixeritis propter hoc haec dicit Dominus quia dixistis sermonem istum onus Domini et misi ad vos dicens nolite dicere onus Domini	Si autem onus Domini dixeritis, propter hoc hc dicit Dominus: Quia dixistis sermonem istum: Onus Domini, et misi ad vos dicens: Nolite dicere: Onus Domini:		But since ye say, The burden of the Lord; therefore thus saith the Lord; Because ye say this word, The burden of the Lord, and I have sent unto you, saying, Ye shall not say, The burden of the Lord;
Jer	23	39	לָכֵן הִנְנִי וְנָשִׁיתִי אֶתְכֶם נָשֹׁא וְנָטַשְׁתִּי אֶתְכֶם וְאֶת־הָעִיר אֲשֶׁר נָתַתִּי לָכֶם וְלַאֲבוֹתֵיכֶם מֵעַל פָּנָי ׃	διὰ τοῦτο ἰδοὺ ἐγὼ λαμβάνω καὶ ῥάσσω ὑμᾶς καὶ τὴν πόλιν ἣν ἔδωκα ὑμῖν καὶ τοῖς πατράσιν ὑμῶν,	propterea ecce ego tollam vos portans et derelinquam vos et civitatem quam dedi vobis et patribus vestris a facie mea	propterea ecce ego tollam vos portans, et derelinquam vos, et civitatem quam dedi vobis et patribus vestris, a facie mea:		Therefore, behold, I, even I, will utterly forget you, and I will forsake you, and the city that I gave you and your fathers, and cast you out of my presence:
Jer	23	40	וְנָתַתִּי עֲלֵיכֶם חֶרְפַּת עוֹלָם וּכְלִמּוּת עוֹלָם אֲשֶׁר לֹא תִשָּׁכֵחַ ׃ ס	καὶ δώσω εἰς ὑμᾶς ὀνειδισμὸν αἰώνιον καὶ ἀτιμίαν αἰώνιον, ἥτις οὐκ ἐπιλησθήσεται.	et dabo vos in obprobrium sempiternum et in ignominiam aeternam quae numquam oblivione delebitur	et dabo vos in opprobrium sempiternum, et in ignominiam ternam, qu numquam oblivione delebitur.]		And I will bring an everlasting reproach upon you, and a perpetual shame, which shall not be forgotten.
Jer	24	1	הִרְאַנִי יְהוָה וְהִנֵּה שְׁנֵי דּוּדָאֵי תְאֵנִים מוּעָדִים לִפְנֵי הֵיכַל יְהוָה אַחֲרֵי הַגְלוֹת נְבוּכַדְרֶאצַּר מֶלֶךְ־בָּבֶל אֶת־יְכָנְיָהוּ בֶן־יְהוֹיָקִים מֶלֶךְ־יְהוּדָה וְאֶת־שָׂרֵי יְהוּדָה וְאֶת־הֶחָרָשׁ וְאֶת־הַמַּסְגֵּר מִירוּשָׁלִַם וַיְבִאֵם בָּבֶל ׃	Ἔδειξέν μοι Κύριος δύο καλάθους σύκων, κειμένους κατὰ πρόσωπον ναοῦ Κυρίου, μετὰ τὸ ἀποικίσαι Ναβουχοδονόσορ βασιλέα Βαβυλῶνος τὸν Ἰεχονίαν υἱὸν Ἰωακεὶμ βασιλέα Ἰούδα καὶ τοὺς ἄρχοντας καὶ τοὺς τεχνίτας καὶ τοὺς δεσμώτας καὶ τοὺς πλησίους ἐξ Ἰερουσαλήμ, καὶ ἤγαγεν αὐτοὺς εἰς Βαβυλῶνα.	ostendit mihi Dominus et ecce duo calathi pleni ficis positi ante templum Domini postquam transtulit Nabuchodonosor rex Babylonis Iechoniam filium Ioachim regem Iuda et principes eius et fabrum et inclusorem de Hierusalem et adduxit eos in Babylonem	Ostendit mihi Dominus: et ecce duo calathi pleni ficis, positi ante templum Domini, postquam transtulit Nabuchodonosor rex Babylonis Jechoniam filium Joakim, regem Juda, et principes ejus, et fabrum, et inclusorem, de Jerusalem, et adduxit eos in Babylonem.		The Lord shewed me, and, behold, two baskets of figs were set before the temple of the Lord, after that Nebuchadrezzar king of Babylon had carried away captive Jeconiah the son of Jehoiakim king of Judah, and the princes of Judah, with the carpenters and smiths, from Jerusalem, and had brought them to Babylon.
Jer	24	2	הַדּוּד אֶחָד תְּאֵנִים טֹבוֹת מְאֹד כִּתְאֵנֵי הַבַּכֻּרוֹת וְהַדּוּד אֶחָד תְּאֵנִים רָעוֹת מְאֹד אֲשֶׁר לֹא־תֵאָכַלְנָה מֵרֹעַ ׃ ס	ὁ κάλαθος ὁ εἷς σύκων χρηστῶν σφόδρα ὡς τὰ σῦκα τὰ πρόιμα, καὶ ὁ κάλαθος ὁ ἕτερος σύκων πονηρῶν σφόδρα, ἃ οὐ βρωθήσεται ἀπὸ πονηρίας αὐτῶν.	calathus unus ficus bonas habebat nimis ut solent ficus esse primi temporis et calathus unus ficus habebat malas nimis quae comedi non poterant eo quod essent malae	Calathus unus ficus bonas habebat nimis, ut solent ficus esse primi temporis: et calathus unus ficus habebat malas nimis, qu comedi non poterant eo quod essent mal.		One basket had very good figs, even like the figs that are first ripe: and the other basket had very naughty figs, which could not be eaten, they were so bad.
Jer	24	3	וַיֹּאמֶר יְהוָה אֵלַי מָה־אַתָּה רֹאֶה יִרְמְיָהוּ וָאֹמַר תְּאֵנִים הַתְּאֵנִים הַטֹּבוֹת טֹבוֹת מְאֹד וְהָרָעוֹת רָעוֹת מְאֹד אֲשֶׁר לֹא־תֵאָכַלְנָה מֵרֹעַ ׃ פ	καὶ εἶπεν Κύριος πρὸς μέ Τί σὺ ὁρᾷς, Ἱερεμίᾳ καὶ εἶπα Σῦκα· τὰ χρηστά, χρηστὰ λίαν, καὶ τὰ πονηρά, πονηρὰ λίαν, ἃ οὐ βρωθήσεται ἀπὸ πονηρίας αὐτῶν.	et dixit Dominus ad me quid tu vides Hieremia et dixi ficus ficus bonas bonas valde et malas malas valde quae comedi non possunt eo quod sint malae	Et dixit Dominus ad me: Quid tu vides, Jeremia? Et dixi: Ficus, ficus bonas, bonas valde: et malas, malas valde, qu comedi non possunt eo quod sint mal.		Then said the Lord unto me, What seest thou, Jeremiah? And I said, Figs; the good figs, very good; and the evil, very evil, that cannot be eaten, they are so evil.
Jer	24	4	וַיְהִי דְבַר־יְהוָה אֵלַי לֵאמֹר ׃	καὶ ἐγένετο λόγος Κυρίου πρὸς μέ λέγων	et factum est verbum Domini ad me dicens	Et factum est verbum Domini ad me, dicens:		Again the word of the Lord came unto me, saying,
Jer	24	5	כֹּה־אָמַר יְהוָה אֱלֹהֵי יִשְׂרָאֵל כַּתְּאֵנִים הַטֹּבוֹת הָאֵלֶּה כֵּן־אַכִּיר אֶת־גָּלוּת יְהוּדָה אֲשֶׁר שִׁלַּחְתִּי מִן־הַמָּקוֹם הַזֶּה אֶרֶץ כַּשְׂדִּים לְטוֹבָה ׃	Τάδε λέγει Κύριος ὁ θεὸς Ἰσραήλ Ὡς τὰ σῦκα τὰ χρηστὰ ταῦτα, οὕτως ἐπιγνώσομαι τοὺς ἀποικισθέντας Ἰουδαίους, οὓς ἐξαπέσταλκα ἐκ τοῦ τόπου τούτου εἰς γῆν Χαλδαίων εἰς ἀγαθά.	haec dicit Dominus Deus Israhel sicut ficus hae bonae sic cognoscam transmigrationem Iuda quam emisi de loco isto in terram Chaldeorum in bonum	[Hc dicit Dominus Deus Isral: Sicut ficus h bon, sic cognoscam transmigrationem Juda, quam emisi de loco isto in terram Chaldorum, in bonum.		Thus saith the Lord, the God of Israel; Like these good figs, so will I acknowledge them that are carried away captive of Judah, whom I have sent out of this place into the land of the Chaldeans for their good.
Jer	24	6	וְשַׂמְתִּי עֵינִי עֲלֵיהֶם לְטוֹבָה וַהֲשִׁבֹתִים עַל־הָאָרֶץ הַזֹּאת וּבְנִיתִים וְלֹא אֶהֱרֹס וּנְטַעְתִּים וְלֹא אֶתּוֹשׁ ׃	καὶ στηριῶ τοὺς ὀφθαλμούς μου ἐπʼ αὐτοὺς εἰς ἀγαθά, καὶ ἀποκαταστήσω αὐτοὺς εἰς τὴν γῆν ταύτην εἰς ἀγαθά· καὶ ἀνοικοδομήσω αὐτοὺς καὶ οὐ μὴ καθελῶ αὐτούς, καὶ καταφυτεύσω αὐτοὺς καὶ οὐ μὴ ἐκτίλω.	et ponam oculos meos super eos ad placandum et reducam eos in terram hanc et aedificabo eos et non destruam et plantabo eos et non evellam	Et ponam oculos meos super eos ad placandum, et reducam eos in terram hanc: et dificabo eos, et non destruam: et plantabo eos, et non evellam.		For I will set mine eyes upon them for good, and I will bring them again to this land: and I will build them, and not pull them down; and I will plant them, and not pluck them up.
Jer	24	7	וְנָתַתִּי לָהֶם לֵב לָדַעַת אֹתִי כִּי אֲנִי יְהוָה וְהָיוּ־לִי לְעָם וְאָנֹכִי אֶהְיֶה לָהֶם לֵאלֹהִים כִּי־יָשֻׁבוּ אֵלַי בְּכָל־לִבָּם ׃ ס	καὶ δώσω αὐτοῖς καρδίαν τοῦ εἰδέναι αὐτοὺς ἐμέ, ὅτι ἐγὼ εἰμι Κύριος, καὶ ἔσονταί μοι εἰς λαὸν καὶ ἐγὼ ἔσομαι αὐτοῖς εἰς θεόν, ὅτι ἐπιστραφήσονται ἐπʼ ἐμὲ ἐξ ὅλης τῆς καρδίας αὐτῶν·	et dabo eis cor ut sciant me quia ego sum Dominus et erunt mihi in populum et ego ero eis in Deum quia revertentur ad me in toto corde suo	Et dabo eis cor ut sciant me, quia ego sum Dominus: et erunt mihi in populum, et ego ero eis in Deum, quia revertentur ad me in toto corde suo.		And I will give them an heart to know me, that I am the Lord: and they shall be my people, and I will be their God: for they shall return unto me with their whole heart.
Jer	24	8	וְכַתְּאֵנִים הָרָעוֹת אֲשֶׁר לֹא־תֵאָכַלְנָה מֵרֹעַ כִּי־כֹה אָמַר יְהוָה כֵּן אֶתֵּן אֶת־צִדְקִיָּהוּ מֶלֶךְ־יְהוּדָה וְאֶת־שָׂרָיו וְאֵת שְׁאֵרִית יְרוּשָׁלַםִ הַנִּשְׁאָרִים בָּאָרֶץ הַזֹּאת וְהַיֹּשְׁבִים בְּאֶרֶץ מִצְרָיִם ׃	καὶ ὡς τὰ σῦκα τὰ πονηρὰ ἃ οὐ βρωθήσεται ἀπὸ πονηρίας αὐτῶν, τάδε λέγει Κύριος, οὕτως παραδώσω τὸν Σεδεκίαν βασιλέα Ἰούδα καὶ τοὺς μεγιστᾶνας αὐτοῦ καὶ τὸ κατάλοιπον Ἰερουσαλὴμ τοὺς ὑπολελιμμένους ἐν τῇ γῇ ταύτῃ καὶ τοὺς κατοικοῦντας ἐν Αἰγύπτῳ.	et sicut ficus pessimae quae comedi non possunt eo quod sint malae haec dicit Dominus sic dabo Sedeciam regem Iuda et principes eius et reliquos de Hierusalem qui remanserunt in urbe hac et qui habitant in terra Aegypti	Et sicut ficus pessim qu comedi non possunt, eo quod sint mal: hc dicit Dominus: sic dabo Sedeciam, regem Juda, et principes ejus, et reliquos de Jerusalem, qui remanserunt in urbe hac, et qui habitant in terra gypti.		And as the evil figs, which cannot be eaten, they are so evil; surely thus saith the Lord, So will I give Zedekiah the king of Judah, and his princes, and the residue of Jerusalem, that remain in this land, and them that dwell in the land of Egypt:
Jer	24	9	וּנְתַתִּים לִזְוָעָה לְרָעָה לְכֹל מַמְלְכוֹת הָאָרֶץ לְחֶרְפָּה וּלְמָשָׁל לִשְׁנִינָה וְלִקְלָלָה בְּכָל־הַמְּקֹמוֹת אֲשֶׁר־אַדִּיחֵם שָׁם ׃	καὶ δώσω αὐτοὺς εἰς διασκορπισμὸν εἰς πάσας τὰς βασιλείας τῆς γῆς καὶ εἰς ὀνειδισμὸν καὶ εἰς παραβολὴν καὶ εἰς μῖσος καὶ εἰς κατάραν ἐν παντὶ τόπῳ οὗ ἐξῶσα αὐτοὺς ἐκεῖ·	et dabo eos in vexationem adflictionemque omnibus regnis terrae in obprobrium et in parabolam et in proverbium et in maledictionem in universis locis ad quos eieci eos	Et dabo eos in vexationem, afflictionemque omnibus regnis terr, in opprobrium, et in parabolam, et in proverbium, et in maledictionem in universis locis ad qu ejeci eos.		And I will deliver them to be removed into all the kingdoms of the earth for their hurt, to be a reproach and a proverb, a taunt and a curse, in all places whither I shall drive them.
Jer	24	10	וְשִׁלַּחְתִּי בָם אֶת־הַחֶרֶב אֶת־הָרָעָב וְאֶת־הַדָּבֶר עַד־תֻּמָּם מֵעַל הָאֲדָמָה אֲשֶׁר־נָתַתִּי לָהֶם וְלַאֲבוֹתֵיהֶם ׃ פ	καὶ ἀποστελῶ εἰς αὐτοὺς τὸν λιμὸν καὶ τὸν θάνατον καὶ τὴν μάχαιραν, ἕως ἂν ἐκλίπωσιν ἀπὸ τῆς γῆς ἧς ἔδωκα αὐτοῖς.	et mittam in eis gladium et famem et pestem donec consumantur de terra quam dedi eis et patribus eorum	Et mittam in eis gladium, et famem, et pestem, donec consumantur de terra quam dedi eis et patribus eorum.]		And I will send the sword, the famine, and the pestilence, among them, till they be consumed from off the land that I gave unto them and to their fathers.
Jer	25	1	הַדָּבָר אֲשֶׁר־הָיָה עַל־יִרְמְיָהוּ עַל־כָּל־עַם יְהוּדָה בַּשָּׁנָה הָרְבִעִית לִיהוֹיָקִים בֶּן־יֹאשִׁיָּהוּ מֶלֶךְ יְהוּדָה הִיא הַשָּׁנָה הָרִאשֹׁנִית לִנְבוּכַדְרֶאצַּר מֶלֶךְ בָּבֶל ׃	Ὁ λογος ὸ γενόμενος πρὸς Ἰερεμίαν ἐπὶ πάντα τὸν λαὸν ¹Ἰούδα ἐν τῷ ἔτει τῷ τετάρτῳ τοῦ Ἰωακεὶμ υἱοῦ Ἰωσεία βασιλέως Ἰούδα,	verbum quod factum est ad Hieremiam de omni populo Iudae in anno quarto Ioachim filii Iosiae regis Iuda ipse est annus primus Nabuchodonosor regis Babylonis	Verbum quod factum est ad Jeremiam, de omni populo Juda, in anno quarto Joakim, filii Josi, regis Juda (ipse est annus primus Nabuchodonosor regis Babylonis),		The word that came to Jeremiah concerning all the people of Judah in the fourth year of Jehoiakim the son of Josiah king of Judah, that was the first year of Nebuchadrezzar king of Babylon;
Jer	25	2	אֲשֶׁר דִּבֶּר יִרְמְיָהוּ הַנָּבִיא עַל־כָּל־עַם יְהוּדָה וְאֶל כָּל־יֹשְׁבֵי יְרוּשָׁלַםִ לֵאמֹר ׃	δν ἐλάλησεν πρὸς πάντα τὸν λαὸν Ἰούδα καὶ πρὸς τοὺς κατοικοῦντας Ἰερουσαλὴμ λέγων	quae locutus est Hieremias propheta ad omnem populum Iuda et ad universos habitatores Hierusalem dicens	quod locutus est Jeremias propheta ad omnem populum Juda, et ad universos habitatores Jerusalem, dicens:		The which Jeremiah the prophet spake unto all the people of Judah, and to all the inhabitants of Jerusalem, saying,
Jer	25	3	מִן־שְׁלֹשׁ עֶשְׂרֵה שָׁנָה לְיֹאשִׁיָּהוּ בֶן־אָמוֹן מֶלֶךְ יְהוּדָה וְעַד הַיּוֹם הַזֶּה זֶה שָׁלֹשׁ וְעֶשְׂרִים שָׁנָה הָיָה דְבַר־יְהוָה אֵלָי וָאֲדַבֵּר אֲלֵיכֶם אַשְׁכֵּים וְדַבֵּר וְלֹא שְׁמַעְתֶּם ׃	Ἐν τρισκαιδεκάτῳ ἔτει Ἰωσία υἱοῦ Ἀμὼς βασιλέως Ἰούδα καὶ ἕως τῆς ἡμέρας ταύτης εἵκοσι καὶ τρία ἔτη, καὶ ἐλάλησα πρὸς ὑμᾶς ὀρθρίζων καὶ λέγων.	a tertiodecimo anno Iosiae filii Amon regis Iuda usque ad diem hanc iste est tertius et vicesimus annus factum est verbum Domini ad me et locutus sum ad vos de nocte consurgens et loquens et non audistis	A tertiodecimo anno Josi, filii Amon, regis Juda, usque ad diem hanc, iste tertius et vigesimus annus, factum est verbum Domini ad me, et locutus sum ad vos de nocte consurgens, et loquens, et non audistis.		From the thirteenth year of Josiah the son of Amon king of Judah, even unto this day, that is the three and twentieth year, the word of the Lord hath come unto me, and I have spoken unto you, rising early and speaking; but ye have not hearkened.
Jer	25	4	וְשָׁלַח יְהוָה אֲלֵיכֶם אֶת־כָּל־עֲבָדָיו הַנְּבִאִים הַשְׁכֵּם וְשָׁלֹחַ וְלֹא שְׁמַעְתֶּם וְלֹא־הִטִּיתֶם אֶת־אָזְנְכֶם לִשְׁמֹעַ ׃	καὶ ἀπέστελλον πρὸς ὑμᾶς τοὺς δούλους μου τοὺς προφήτας ὄρθρου ἀποστέλλων, καὶ οὐκ εἰσηκούσατε καὶ οὐ προσέσχετε τοῖς ὠσὶν ὑμῶν,	et misit Dominus ad vos omnes servos suos prophetas consurgens diluculo mittensque et non audistis neque inclinastis aures vestras ut audiretis	Et misit Dominus ad vos omnes servos suos prophetas, consurgens diluculo, mittensque: et non audistis, neque inclinastis aures vestras ut audiretis,		And the Lord hath sent unto you all his servants the prophets, rising early and sending them; but ye have not hearkened, nor inclined your ear to hear.
Jer	25	5	לֵאמֹר שׁוּבוּ־נָא אִישׁ מִדַּרְכּוֹ הָרָעָה וּמֵרֹעַ מַעַלְלֵיכֶם וּשְׁבוּ עַל־הָאֲדָמָה אֲשֶׁר נָתַן יְהוָה לָכֶם וְלַאֲבוֹתֵיכֶם לְמִן־עוֹלָם וְעַד־עוֹלָם ׃	λέγων Ἀποστράφητε ἕκαστος ἀπὸ τῆς ὁδοῦ αὐτοῦ τῆς πονηρᾶς καὶ ἀπὸ τῶν πονηρῶν ἐπιτηδευματων ὑμῶν, καὶ κατοικήσετε ἐπὶ τῆς γῆς ἧς ἔδωκα ὑμῖν καὶ τοῖς πατράσιν ὑμῶν ἀπʼ αἰῶνος καὶ ἕως αἰῶνος.	cum diceret revertimini unusquisque a via sua mala et a pessimis cogitationibus vestris et habitabitis in terram quam dedit Dominus vobis et patribus vestris a saeculo et usque in saeculum	cum diceret: Revertimini unusquisque a via sua mala, et a pessimis cogitationibus vestris, et habitabitis in terra quam dedit Dominus vobis et patribus vestris, a sculo et usque in sculum:		They said, Turn ye again now every one from his evil way, and from the evil of your doings, and dwell in the land that the Lord hath given unto you and to your fathers for ever and ever:
Jer	25	6	וְאַל־תֵּלְכוּ אַחֲרֵי אֱלֹהִים אֲחֵרִים לְעָבְדָם וּלְהִשְׁתַּחֲוֹת לָהֶם וְלֹא־תַכְעִיסוּ אוֹתִי בְּמַעֲשֵׂה יְדֵיכֶם וְלֹא אָרַע לָכֶם ׃	μὴ πορεύεσθε ὀπίσω θεῶν ἀλλοτρίων τοῦ δουλεύειν αὐτοῖς καὶ τοῦ προσκυνεῖν αὐτοῖς, ὅπως μὴ παροργίζητέ με ἐν τοῖς ἔργοις τῶν χειρῶν ὑμῶν τοῦ κακῶσαι ὑμᾶς.	et nolite ire post deos alienos ut serviatis eis adoretisque eos neque me ad iracundiam provocetis in operibus manuum vestrarum et non adfligam vos	et nolite ire post deos alienos, ut serviatis eis adoretisque eos, neque me ad iracundiam provocetis in operibus manuum vestrarum, et non affligam vos.		And go not after other gods to serve them, and to worship them, and provoke me not to anger with the works of your hands; and I will do you no hurt.
Jer	25	7	וְלֹא־שְׁמַעְתֶּם אֵלַי נְאֻם־יְהוָה לְמַעַן הִכְעִסוּנִי בְּמַעֲשֵׂה יְדֵיכֶם לְרַע לָכֶם ׃ ס	καὶ οὐκ ἠκούσατέ μου.	et non audistis me dicit Dominus ut me ad iracundiam provocaretis in operibus manuum vestrarum in malum vestrum	Et non audistis me, dicit Dominus, ut me ad iracundiam provocaretis in operibus manuum vestrarum, in malum vestrum.		Yet ye have not hearkened unto me, saith the Lord; that ye might provoke me to anger with the works of your hands to your own hurt.
Jer	25	8	לָכֵן כֹּה אָמַר יְהוָה צְבָאוֹת יַעַן אֲשֶׁר לֹא־שְׁמַעְתֶּם אֶת־דְּבָרָי ׃	διὰ τοῦτο τάδε λέγει Κύριος Ἐπειδὴ οὐκ ἐπιστεύσατε τοῖς λόγοις μου,	propterea haec dicit Dominus exercituum pro eo quod non audistis verba mea	Propterea hc dicit Dominus exercituum: Pro eo quod non audistis verba mea,		Therefore thus saith the Lord of hosts; Because ye have not heard my words,
Jer	25	9	הִנְנִי שֹׁלֵחַ וְלָקַחְתִּי אֶת־כָּל־מִשְׁפְּחוֹת צָפוֹן נְאֻם־יְהוָה וְאֶל־נְבוּכַדְרֶאצַּר מֶלֶךְ־בָּבֶל עַבְדִּי וַהֲבִאֹתִים עַל־הָאָרֶץ הַזֹּאת וְעַל־יֹשְׁבֶיהָ וְעַל כָּל־הַגּוֹיִם הָאֵלֶּה סָבִיב וְהַחֲרַמְתִּים וְשַׂמְתִּים לְשַׁמָּה וְלִשְׁרֵקָה וּלְחָרְבוֹת עוֹלָם ׃	ἰδοὺ ἐγὼ ἀποστέλλω καὶ λήμψομαι πατριὰν ἀπὸ βορρᾶ, καὶ ἄξω αὐτοὺς ἐπὶ τὴν γῆν ταύτην καὶ ἐπὶ τοὺς κατοικοῦντας αὐτὴν καὶ ἐπὶ πάντα τὰ ἔθνη τὰ κύκλῳ αὐτῆς, καὶ ἐξερημώσω αὐτοὺς καὶ δώσω αὐτοὺς εἰς ἀφανισμὸν καὶ εἰς συριγμὸν καὶ εἰς ὀνειδισμὸν αἰώνιον.	ecce ego mittam et adsumam universas cognationes aquilonis ait Dominus et ad Nabuchodonosor regem Babylonis servum meum et adducam eos super terram istam et super habitatores eius et super omnes nationes quae in circuitu illius sunt et interficiam eos et ponam eos in stuporem et in sibilum et in solitudines sempiternas	ecce ego mittam et assumam universas cognationes aquilonis, ait Dominus, et Nabuchodonosor regem Babylonis servum meum, et adducam eos super terram istam, et super habitatores ejus, et super omnes nationes qu in circuitu illius sunt: et interficiam eos, et ponam eos in stuporem et in sibilum, et in solitudines sempiternas.		Behold, I will send and take all the families of the north, saith the Lord, and Nebuchadrezzar the king of Babylon, my servant, and will bring them against this land, and against the inhabitants thereof, and against all these nations round about, and will utterly destroy them, and make them an astonishment, and an hissing, and perpetual desolations.
Jer	25	10	וְהַאֲבַדְתִּי מֵהֶם קוֹל שָׂשׂוֹן וְקוֹל שִׂמְחָה קוֹל חָתָן וְקוֹל כַּלָּה קוֹל רֵחַיִם וְאוֹר נֵר ׃	καὶ ἀπολῶ ἀπʼ αὐτῶν φωνὴν χαρᾶς καὶ φωνὴν εὐφροσύνης, φωνὴν νυμφίου καὶ φωνὴν νύμφης, ὀσμὴν μύρου καὶ φῶς λύχνου.	perdamque ex eis vocem gaudii et vocem laetitiae vocem sponsae et vocem sponsi vocem molae et lumen lucernae	Perdamque ex eis vocem gaudii et vocem ltiti, vocem sponsi et vocem spons, vocem mol et lumen lucern.		Moreover I will take from them the voice of mirth, and the voice of gladness, the voice of the bridegroom, and the voice of the bride, the sound of the millstones, and the light of the candle.
Jer	25	11	וְהָיְתָה כָּל־הָאָרֶץ הַזֹּאת לְחָרְבָּה לְשַׁמָּה וְעָבְדוּ הַגּוֹיִם הָאֵלֶּה אֶת־מֶלֶךְ בָּבֶל שִׁבְעִים שָׁנָה ׃	καὶ ἔσται πᾶσα ἡ γῆ εἰς ἀφανισμόν, καὶ δουλεύσουσιν ἐν τοῖς ἔθνεσιν ἑβδομήκοντα ἔτη,	et erit universa terra eius in solitudinem et in stuporem et servient omnes gentes istae regi Babylonis septuaginta annis	Et erit universa terra hc in solitudinem, et in stuporem: et servient omnes gentes ist regi Babylonis septuaginta annis.		And this whole land shall be a desolation, and an astonishment; and these nations shall serve the king of Babylon seventy years.
Jer	25	12	וְהָיָה כִמְלֹאות שִׁבְעִים שָׁנָה אֶפְקֹד עַל־מֶלֶךְ־בָּבֶל וְעַל־הַגּוֹי הַהוּא נְאֻם־יְהוָה אֶת־עֲוֹנָם וְעַל־אֶרֶץ כַּשְׂדִּים וְשַׂמְתִּי אֹתוֹ לְשִׁמְמוֹת עוֹלָם ׃	καὶ ἐν τῷ πληρωθῆναι ἑβδομήκοντα ἔτη ἐκδικήσω τὸ ἔθνος ἐκεῖνο καὶ θήσομαι αὐτοὺς εἰς ἀφανισμὸν αἰώνιον,	cumque impleti fuerint anni septuaginta visitabo super regem Babylonis et super gentem illam dicit Dominus iniquitatem eorum et super terram Chaldeorum et ponam illam in solitudines sempiternas	Cumque impleti fuerint septuaginta anni, visitabo super regem Babylonis et super gentem illam, dicit Dominus, iniquitatem eorum, et super terram Chaldorum, et ponam illam in solitudines sempiternas.		And it shall come to pass, when seventy years are accomplished, that I will punish the king of Babylon, and that nation, saith the Lord, for their iniquity, and the land of the Chaldeans, and will make it perpetual desolations.
Jer	25	13	וְהֵבֵאיתִי עַל־הָאָרֶץ הַהִיא אֶת־כָּל־דְּבָרַי אֲשֶׁר־דִּבַּרְתִּי עָלֶיהָ אֵת כָּל־הַכָּתוּב בַּסֵּפֶר הַזֶּה אֲשֶׁר־נִבָּא יִרְמְיָהוּ עַל־כָּל־הַגּוֹיִם ׃	καὶ ἐπάξω ἐπὶ τὴν γῆν ἐκείνην πάντας τοὺς λόγους μου οὓς ἐλάλησα κατʼ αὐτῆς, πάντα τὰ γεγραμμένα ἐν τῷ βιβλίῳ τούτῳ.	et adducam super terram illam omnia verba mea quae locutus sum contra eam omne quod scriptum est in libro isto quaecumque prophetavit Hieremias adversum omnes gentes	Et adducam super terram illam omnia verba mea, qu locutus sum contra eam, omne quod scriptum est in libro isto, qucumque prophetavit Jeremias adversum omnes gentes:		And I will bring upon that land all my words which I have pronounced against it, even all that is written in this book, which Jeremiah hath prophesied against all the nations.
Jer	25	14	כִּי עָבְדוּ־בָם גַּם־הֵמָּה גּוֹיִם רַבִּים וּמְלָכִים גְּדוֹלִים וְשִׁלַּמְתִּי לָהֶם כְּפָעֳלָם וּכְמַעֲשֵׂה יְדֵיהֶם ׃ ס	Ἃ ἐπροφήτευσεν Ἰερεμίας ἐπὶ τὰ ἕθνη τὰ Αίλάμ.	quia servierunt eis cum essent gentes multae et reges magni et reddam eis secundum opera eorum et secundum facta manuum suarum	quia servierunt eis, cum essent gentes mult, et reges magni: et reddam eis secundum opera eorum, et secundum facta manuum suarum.		For many nations and great kings shall serve themselves of them also: and I will recompense them according to their deeds, and according to the works of their own hands.
Jer	25	15	כִּי כֹה אָמַר יְהוָה אֱלֹהֵי יִשְׂרָאֵל אֵלַי קַח אֶת־כּוֹס הַיַּיִן הַחֵמָה הַזֹּאת מִיָּדִי וְהִשְׁקִיתָה אֹתוֹ אֶת־כָּל־הַגּוֹיִם אֲשֶׁר אָנֹכִי שֹׁלֵחַ אוֹתְךָ אֲלֵיהֶם ׃	Τάδε λέγει Κύριος Συνετρίβη τὸ τόξον Αἰλάμ, ἀρχὴ δυναστείας αὐτῶν.	quia sic dicit Dominus exercituum Deus Israhel sume calicem vini furoris huius de manu mea et propinabis de illo cunctis gentibus ad quas ego mittam te	Quia sic dicit Dominus exercituum, Deus Isral: Sume calicem vini furoris hujus de manu mea, et propinabis de illo cunctis gentibus, ad quas ego mittam te.		For thus saith the Lord God of Israel unto me; Take the wine cup of this fury at my hand, and cause all the nations, to whom I send thee, to drink it.
Jer	25	16	וְשָׁתוּ וְהִתְגֹּעֲשׁוּ וְהִתְהֹלָלוּ מִפְּנֵי הַחֶרֶב אֲשֶׁר אָנֹכִי שֹׁלֵחַ בֵּינֹתָם ׃	καὶ ἐπάξω ἐπὶ Αἰλὰμ τέσσαρας ἀνέμους ἐκ τῶν τεσσάρων ἄκρων τοῦ οὐρανοῦ καὶ διασπερῶ αὐτοὺς ἐν πᾶσιν τοῖς ἀνέμοις τούτοις, καὶ οὐκ ἔσται ἔθνος ὃ οὐχ ἤξει ἐκεῖ, οἱ ἐξωσμένοι Αἰλάμ.	et bibent et turbabuntur et insanient a facie gladii quem ego mittam inter eos	Et bibent, et turbabuntur et insanient a facie gladii quem ego mittam inter eos.		And they shall drink, and be moved, and be mad, because of the sword that I will send among them.
Jer	25	17	וָאֶקַּח אֶת־הַכּוֹס מִיַּד יְהוָה וָאַשְׁקֶה אֶת־כָּל־הַגּוֹיִם אֲשֶׁר־שְׁלָחַנִי יְהוָה אֲלֵיהֶם ׃	καὶ πτοήσω αὐτοὺς ἐναντίον τῶν ἐχθρῶν αὐτῶν τῶν ζητούντων τὴν ψυχὴν αὐτῶν, καὶ ἐπάξω ἐπʼ αὐτοὺς κατὰ τὴν ὀργὴν τοῦ θυμοῦ μου, καὶ ἐπαποστελῶ ὀπίσω αὐτῶν τὴν μάχαιράν μου ἕως τοῦ ἐξαναλῶσαι αὐτούς.	et accepi calicem de manu Domini et propinavi cunctis gentibus ad quas misit me Dominus	Et accepi calicem de manu Domini, et propinavi cunctis gentibus ad quas misit me Dominus:		Then took I the cup at the Lord's hand, and made all the nations to drink, unto whom the Lord had sent me:
Jer	25	18	אֶת־יְרוּשָׁלִַם וְאֶת־עָרֵי יְהוּדָה וְאֶת־מְלָכֶיהָ אֶת־שָׂרֶיהָ לָתֵת אֹתָם לְחָרְבָּה לְשַׁמָּה לִשְׁרֵקָה וְלִקְלָלָה כַּיּוֹם הַזֶּה ׃	καὶ θήσω τὸν θρόνοι μου ἐν Αἰλάμ, καὶ ἐξαποστελῶ ἐκεῖθεν βασιλέα καὶ μεγιστᾶνας,	Hierusalem et civitatibus Iudae et regibus eius et principibus eius ut darem eos in solitudinem et in stuporem in sibilum et in maledictionem sicut est dies ista	Jerusalem, et civitatibus Juda, et regibus ejus, et principibus ejus, ut darem eos in solitudinem, et in stuporem, et in sibilum, et in maledictionem, sicut est dies ista:		To wit, Jerusalem, and the cities of Judah, and the kings thereof, and the princes thereof, to make them a desolation, an astonishment, an hissing, and a curse; as it is this day;
Jer	25	19	אֶת־פַּרְעֹה מֶלֶךְ־מִצְרַיִם וְאֶת־עֲבָדָיו וְאֶת־שָׂרָיו וְאֶת־כָּל־עַמּוֹ ׃	καὶ ἔσται ἐπʼ ἐσχάτου τῶν ἡμερῶν καὶ ἀποστρέψω τὴν αἰχμαλωσίαν Αἰλάμ, λέγει Κύριος.	Pharaoni regi Aegypti et servis eius et principibus eius et omni populo eius	Pharaoni regi gypti, et servis ejus, et principibus ejus, et omni populo ejus:		Pharaoh king of Egypt, and his servants, and his princes, and all his people;
Jer	25	20	וְאֵת כָּל־הָעֶרֶב וְאֵת כָּל־מַלְכֵי אֶרֶץ הָעוּץ וְאֵת כָּל־מַלְכֵי אֶרֶץ פְּלִשְׁתִּים וְאֶת־אַשְׁקְלוֹן וְאֶת־עַזָּה וְאֶת־עֶקְרוֹן וְאֵת שְׁאֵרִית אַשְׁדּוֹד ׃		et universis generaliter cunctis regibus terrae Ausitidis et cunctis regibus terrae Philisthim et Ascaloni et Gazae et Accaroni et reliquiis Azoti	et universis generaliter cunctis regibus terr Ausitidis, et cunctis regibus terr Philisthiim, et Ascaloni, et Gaz, et Accaron, et reliquiis Azoti:		And all the mingled people, and all the kings of the land of Uz, and all the kings of the land of the Philistines, and Ashkelon, and Azzah, and Ekron, and the remnant of Ashdod,
Jer	25	21	אֶת־אֱדוֹם וְאֶת־מוֹאָב וְאֶת־בְּנֵי עַמּוֹן ׃		Idumeae et Moab et filiis Ammon	et Idum, et Moab, et filiis Ammon:		Edom, and Moab, and the children of Ammon,
Jer	25	22	וְאֵת כָּל־מַלְכֵי־צֹר וְאֵת כָּל־מַלְכֵי צִידוֹן וְאֵת מַלְכֵי הָאִי אֲשֶׁר בְּעֵבֶר הַיָּם ׃		et cunctis regibus Tyri et cunctis regibus Sidonis et regibus terrae insularum qui sunt trans mare	et cunctis regibus Tyri, et universis regibus Sidonis, et regibus terr insularum qui sunt trans mare:		And all the kings of Tyrus, and all the kings of Zidon, and the kings of the isles which are beyond the sea,
Jer	25	23	וְאֶת־דְּדָן וְאֶת־תֵּימָא וְאֶת־בּוּז וְאֵת כָּל־קְצוּצֵי פֵאָה ׃		et Dedan et Theman et Buz et universis qui adtonsi sunt in comam	et Dedan, et Thema, et Buz, et universis qui attonsi sunt in comam:		Dedan, and Tema, and Buz, and all that are in the utmost corners,
Jer	25	24	וְאֵת כָּל־מַלְכֵי עֲרָב וְאֵת כָּל־מַלְכֵי הָעֶרֶב הַשֹּׁכְנִים בַּמִּדְבָּר ׃		et cunctis regibus Arabiae et cunctis regibus occidentis qui habitant in deserto	et cunctis regibus Arabi, et cunctis regibus occidentis, qui habitant in deserto:		And all the kings of Arabia, and all the kings of the mingled people that dwell in the desert,
Jer	25	25	וְאֵת כָּל־מַלְכֵי זִמְרִי וְאֵת כָּל־מַלְכֵי עֵילָם וְאֵת כָּל־מַלְכֵי מָדָי ׃		et cunctis regibus Zambri et cunctis regibus Aelam et cunctis regibus Medorum	et cunctis regibus Zambri, et cunctis regibus Elam, et cunctis regibus Medorum:		And all the kings of Zimri, and all the kings of Elam, and all the kings of the Medes,
Jer	25	26	וְאֵת כָּל־מַלְכֵי הַצָּפוֹן הַקְּרֹבִים וְהָרְחֹקִים אִישׁ אֶל־אָחִיו וְאֵת כָּל־הַמַּמְלְכוֹת הָאָרֶץ אֲשֶׁר עַל־פְּנֵי הָאֲדָמָה וּמֶלֶךְ שֵׁשַׁךְ יִשְׁתֶּה אַחֲרֵיהֶם ׃		et cunctis regibus aquilonis de prope et de longe unicuique contra fratrem suum et omnibus regnis terrae quae super faciem eius sunt et rex Sesach bibet post eos	cunctis quoque regibus aquilonis, de prope et de longe, unicuique contra fratrem suum: et omnibus regnis terr qu super faciem ejus sunt: et rex Sesach bibet post eos.		And all the kings of the north, far and near, one with another, and all the kingdoms of the world, which are upon the face of the earth: and the king of Sheshach shall drink after them.
Jer	25	27	וְאָמַרְתָּ אֲלֵיהֶם ס כֹּה־אָמַר יְהוָה צְבָאוֹת אֱלֹהֵי יִשְׂרָאֵל שְׁתוּ וְשִׁכְרוּ וּקְיוּ וְנִפְלוּ וְלֹא תָקוּמוּ מִפְּנֵי הַחֶרֶב אֲשֶׁר אָנֹכִי שֹׁלֵחַ בֵּינֵיכֶם ׃		et dices ad eos haec dicit Dominus exercituum Deus Israhel bibite et inebriamini et vomite et cadite neque surgatis a facie gladii quem ego mittam inter vos	Et dices ad eos: Hc dicit Dominus exercituum, Deus Isral: Bibite, et inebriamini, et vomite: et cadite, neque surgatis a facie gladii quem ego mittam inter vos.		Therefore thou shalt say unto them, Thus saith the Lord of hosts, the God of Israel; Drink ye, and be drunken, and spue, and fall, and rise no more, because of the sword which I will send among you.
Jer	25	28	וְהָיָה כִּי יְמָאֲנוּ לָקַחַת־הַכּוֹס מִיָּדְךָ לִשְׁתּוֹת וְאָמַרְתָּ אֲלֵיהֶם כֹּה אָמַר יְהוָה צְבָאוֹת שָׁתוֹ תִשְׁתּוּ ׃		cumque noluerint accipere calicem de manu ut bibant dices ad eos haec dicit Dominus exercituum bibentes bibetis	Cumque noluerint accipere calicem de manu tua ut bibant, dices ad eos: Hc dicit Dominus exercituum: Bibentes bibetis:		And it shall be, if they refuse to take the cup at thine hand to drink, then shalt thou say unto them, Thus saith the Lord of hosts; Ye shall certainly drink.
Jer	25	29	כִּי הִנֵּה בָעִיר אֲשֶׁר נִקְרָא־שְׁמִי עָלֶיהָ אָנֹכִי מֵחֵל לְהָרַע וְאַתֶּם הִנָּקֵה תִנָּקוּ לֹא תִנָּקוּ כִּי חֶרֶב אֲנִי קֹרֵא עַל־כָּל־יֹשְׁבֵי הָאָרֶץ נְאֻם יְהוָה צְבָאוֹת ׃		quia ecce in civitate in qua invocatum est nomen meum ego incipio adfligere et vos quasi innocentes inmunes eritis non eritis inmunes gladium enim ego voco super omnes habitatores terrae dicit Dominus exercituum	quia ecce in civitate in qua invocatum est nomen meum ego incipiam affligere, et vos quasi innocentes et immunes eritis? Non eritis immunes: gladium enim ego voco super omnes habitatores terr, dicit Dominus exercituum.		For, lo, I begin to bring evil on the city which is called by my name, and should ye be utterly unpunished? Ye shall not be unpunished: for I will call for a sword upon all the inhabitants of the earth, saith the Lord of hosts.
Jer	25	30	וְאַתָּה תִּנָּבֵא אֲלֵיהֶם אֵת כָּל־הַדְּבָרִים הָאֵלֶּה וְאָמַרְתָּ אֲלֵיהֶם יְהוָה מִמָּרוֹם יִשְׁאָג וּמִמְּעוֹן קָדְשׁוֹ יִתֵּן קוֹלוֹ שָׁאֹג יִשְׁאַג עַל־נָוֵהוּ הֵידָד כְּדֹרְכִים יַעֲנֶה אֶל כָּל־יֹשְׁבֵי הָאָרֶץ ׃		et tu prophetabis ad eos omnia verba haec et dices ad illos Dominus de excelso rugiet et de habitaculo sancto suo dabit vocem suam rugiens rugiet super decorem suum celeuma quasi calcantium concinetur adversus omnes habitatores terrae	Et tu prophetabis ad eos omnia verba hc, et dices ad illos: [Dominus de excelso rugiet, et de habitaculo sancto suo dabit vocem suam: rugiens rugiet super decorem suum: celeuma quasi calcantium concinetur adversus omnes habitatores terr.		Therefore prophesy thou against them all these words, and say unto them, The Lord shall roar from on high, and utter his voice from his holy habitation; he shall mightily roar upon his habitation; he shall give a shout, as they that tread the grapes, against all the inhabitants of the earth.
Jer	25	31	בָּא שָׁאוֹן עַד־קְצֵה הָאָרֶץ כִּי רִיב לַיהוָה בַּגּוֹיִם נִשְׁפָּט הוּא לְכָל־בָּשָׂר הָרְשָׁעִים נְתָנָם לַחֶרֶב נְאֻם־יְהוָה ׃ ס		pervenit sonitus usque ad extrema terrae quia iudicium Domino cum gentibus iudicatur ipse cum omni carne impios tradidit gladio dicit Dominus	Pervenit sonitus usque ad extrema terr, quia judicium Domino, cum gentibus: judicatur ipse cum omni carne. Impios tradidi gladio, dicit Dominus.		A noise shall come even to the ends of the earth; for the Lord hath a controversy with the nations, he will plead with all flesh; he will give them that are wicked to the sword, saith the Lord.
Jer	25	32	כֹּה אָמַר יְהוָה צְבָאוֹת הִנֵּה רָעָה יֹצֵאת מִגּוֹי אֶל־גּוֹי וְסַעַר גָּדוֹל יֵעוֹר מִיַּרְכְּתֵי־אָרֶץ ׃		haec dicit Dominus exercituum ecce adflictio egredietur de gente in gentem et turbo magnus egredietur a summitatibus terrae	Hc dicit Dominus exercituum: Ecce afflictio egredietur de gente in gentem, et turbo magnus egredietur a summitatibus terr.		Thus saith the Lord of hosts, Behold, evil shall go forth from nation to nation, and a great whirlwind shall be raised up from the coasts of the earth.
Jer	25	33	וְהָיוּ חַלְלֵי יְהוָה בַּיּוֹם הַהוּא מִקְצֵה הָאָרֶץ וְעַד־קְצֵה הָאָרֶץ לֹא יִסָּפְדוּ וְלֹא יֵאָסְפוּ וְלֹא יִקָּבֵרוּ לְדֹמֶן עַל־פְּנֵי הָאֲדָמָה יִהְיוּ ׃		et erunt interfecti Domini in die illa a summo terrae usque ad summum eius non plangentur et non colligentur neque sepelientur in sterquilinium super faciem terrae iacebunt	Et erunt interfecti Domini in die illa, a summo terr usque ad summum ejus: non plangentur, et non colligentur, neque sepelientur: in sterquilinium super faciem terr jacebunt.		And the slain of the Lord shall be at that day from one end of the earth even unto the other end of the earth: they shall not be lamented, neither gathered, nor buried; they shall be dung upon the ground.
Jer	25	34	הֵילִילוּ הָרֹעִים וְזַעֲקוּ וְהִתְפַּלְּשׁוּ אַדִּירֵי הַצֹּאן כִּי־מָלְאוּ יְמֵיכֶם לִטְבוֹחַ וּתְפוֹצוֹתִיכֶם וּנְפַלְתֶּם כִּכְלִי חֶמְדָּה ׃		ululate pastores et clamate et aspergite vos cinere optimates gregis quia conpleti sunt dies vestri ut interficiamini et dissipationes vestrae et cadetis quasi vasa pretiosa	Ululate, pastores, et clamate: et aspergite vos cinere, optimates gregis, quia completi sunt dies vestri, ut interficiamini, et dissipationes vestr: et cadetis quasi vasa pretiosa.		Howl, ye shepherds, and cry; and wallow yourselves in the ashes, ye principal of the flock: for the days of your slaughter and of your dispersions are accomplished; and ye shall fall like a pleasant vessel.
Jer	25	35	וְאָבַד מָנוֹס מִן־הָרֹעִים וּפְלֵיטָה מֵאַדִּירֵי הַצֹּאן ׃		et peribit fuga a pastoribus et salvatio ab optimatibus gregis	Et peribit fuga a pastoribus, et salvatio ab optimatibus gregis.		And the shepherds shall have no way to flee, nor the principal of the flock to escape.
Jer	25	36	קוֹל צַעֲקַת הָרֹעִים וִילְלַת אַדִּירֵי הַצֹּאן כִּי־שֹׁדֵד יְהוָה אֶת־מַרְעִיתָם ׃		vox clamoris pastorum et ululatus optimatium gregis quia vastavit Dominus pascuam eorum	Vox clamoris pastorum et ululatus optimatum gregis, quia vastavit Dominus pascua eorum:		A voice of the cry of the shepherds, and an howling of the principal of the flock, shall be heard: for the Lord hath spoiled their pasture.
Jer	25	37	וְנָדַמּוּ נְאוֹת הַשָּׁלוֹם מִפְּנֵי חֲרוֹן אַף־יְהוָה ׃		et conticuerunt arva pacis a facie irae furoris Domini	et conticuerunt arva pacis a facie ir furoris Domini.		And the peaceable habitations are cut down because of the fierce anger of the Lord.
Jer	25	38	עָזַב כַּכְּפִיר סֻכּוֹ כִּי־הָיְתָה אַרְצָם לְשַׁמָּה מִפְּנֵי חֲרוֹן הַיּוֹנָה וּמִפְּנֵי חֲרוֹן אַפּוֹ ׃ פ		dereliquit quasi leo umbraculum suum facta est terra eorum in desolationem a facie irae columbae et a facie irae furoris Domini	Dereliquit quasi leo umbraculum suum, quia facta est terra eorum in desolationem a facie ir columb, et a facie ir furoris Domini.]		He hath forsaken his covert, as the lion: for their land is desolate because of the fierceness of the oppressor, and because of his fierce anger.
Jer	26	1	בְּרֵאשִׁית מַמְלְכוּת יְהוֹיָקִים בֶּן־יֹאשִׁיָּהוּ מֶלֶךְ יְהוּדָה הָיָה הַדָּבָר הַזֶּה מֵאֵת יְהוָה לֵאמֹר ׃	ἐν ἀρχῇ βασιλεύοντος Σεδεκίον βασιλέως ἐγένετο ὁ λόγος οὗτος περὶ Αἰλάμ.	in principio regis Ioachim filii Iosiae regis Iuda factum est verbum istud a Domino dicens	In principio regni Joakim filii Josi regis Juda, factum est verbum istud a Domino, dicens:		In the beginning of the reign of Jehoiakim the son of Josiah king of Judah came this word from the Lord, saying,
Jer	26	2	כֹּה אָמַר יְהוָה עֲמֹד בַּחֲצַר בֵּית־יְהוָה וְדִבַּרְתָּ עַל־כָּל־עָרֵי יְהוּדָה הַבָּאִים לְהִשְׁתַּחֲוֹת בֵּית־יְהוָה אֵת כָּל־הַדְּבָרִים אֲשֶׁר צִוִּיתִיךָ לְדַבֵּר אֲלֵיהֶם אַל־תִּגְרַע דָּבָר ׃	Τῇ Αἰγύπτῳ ἐπὶ δύναμιν Φαραὼ Νεχαὼ βασιλέως Αἰγύπτου, ὃς ἦν ἐπὶ τῷ ποταμῷ Εὐφράτῃ ἐν Χαρμείς, ὃν ἐπάταξε Ναβουχοδονόσορ βασι λεὺς Βαβυλῶνος ἐν τῷ ἔτει τῷ τετάρτῳ Ἰωακεὶμ βασιλέως Ἰούδα.	haec dicit Dominus sta in atrio domus Domini et loqueris ad omnes civitates Iuda de quibus veniunt ut adorent in domo Domini universos sermones quos ego mandavi tibi ut loquaris ad eos noli subtrahere verbum	Hc dicit Dominus: Sta in atrio domus Domini, et loqueris ad omnes civitates Juda, de quibus veniunt ut adorent in domo Domini universos sermones quos ego mandavi tibi ut loquaris ad eos: noli subtrahere verbum,		Thus saith the Lord; Stand in the court of the Lord's house, and speak unto all the cities of Judah, which come to worship in the Lord's house, all the words that I command thee to speak unto them; diminish not a word:
Jer	26	3	אוּלַי יִשְׁמְעוּ וְיָשֻׁבוּ אִישׁ מִדַּרְכּוֹ הָרָעָה וְנִחַמְתִּי אֶל־הָרָעָה אֲשֶׁר אָנֹכִי חֹשֵׁב לַעֲשׂוֹת לָהֶם מִפְּנֵי רֹעַ מַעַלְלֵיהֶם ׃	Ἀναλάβετε ὅπλα καὶ ἀσπίδας, καὶ προσαγάγετε εἰς πόλεμον,	si forte audiant et convertantur unusquisque a via sua mala et paeniteat me mali quod cogito facere eis propter malitias studiorum eorum	si forte audiant, et convertantur unusquisque a via sua mala, et pniteat me mali quod cogito facere eis propter malitiam studiorum eorum.		If so be they will hearken, and turn every man from his evil way, that I may repent me of the evil, which I purpose to do unto them because of the evil of their doings.
Jer	26	4	וְאָמַרְתָּ אֲלֵיהֶם כֹּה אָמַר יְהוָה אִם־לֹא תִשְׁמְעוּ אֵלַי לָלֶכֶת בְּתוֹרָתִי אֲשֶׁר נָתַתִּי לִפְנֵיכֶם ׃	καὶ ἐπισάξατε τοὺς ἵππους· ἐπίβητε, οἱ ἱππεῖς, καὶ κατάστητε ἐν ταῖς περικεφαλαίαις ὑμῶν, προσβάλετε τὰ δόρατα καὶ ἐνδύσασθε τοὺς θώρακας ὑμῶν.	et dices ad eos haec dicit Dominus si non audieritis me ut ambuletis in lege mea quam dedi vobis	Et dices ad eos: Hc dicit Dominus: Si non audieritis me, ut ambuletis in lege mea, quam dedi vobis,		And thou shalt say unto them, Thus saith the Lord; If ye will not hearken to me, to walk in my law, which I have set before you,
Jer	26	5	לִשְׁמֹעַ עַל־דִּבְרֵי עֲבָדַי הַנְּבִאִים אֲשֶׁר אָנֹכִי שֹׁלֵחַ אֲלֵיכֶם וְהַשְׁכֵּם וְשָׁלֹחַ וְלֹא שְׁמַעְתֶּם ׃	τί ὅτι αὐτοὶ πτοοῦνται καὶ ἀποχωροῦσιν εἰς τὸ ὀπίσω; διότι οἱ ἰσχυροὶ αὐτῶν κοπήσονται, φυγῇ ἔφυγον καὶ οὐκ ἀνέστρεψαν περιεχόμενοι κυκλόθεν, λέγει Κύριος.	ut audiatis sermones servorum meorum prophetarum quos ego misi ad vos de nocte consurgens et dirigens et non audistis	ut audiatis sermones servorum meorum prophetarum, quos ego misi ad vos de nocte consurgens, et dirigens, et non audistis:		To hearken to the words of my servants the prophets, whom I sent unto you, both rising up early, and sending them, but ye have not hearkened;
Jer	26	6	וְנָתַתִּי אֶת־הַבַּיִת הַזֶּה כְּשִׁלֹה וְאֶת־הָעִיר הַזֹּאתָה אֶתֵּן לִקְלָלָה לְכֹל גּוֹיֵי הָאָרֶץ ׃ ס	μὴ φευγέτω ὁ κοῦφος, καὶ μὴ ἀνασωζέσθω ὁ ἰσχυρὸς ἐπὶ βορρᾶν· τὰ παρὰ τὸν Εὐφράτην ἠσθένησεν, καὶ πεπτώκασιν. τίς οὗτος ὡς ποταμὸς ἀναβήσεται, καὶ ὡς ποταμοὶ κυμαίνουσιν ὕδωρ;	dabo domum istam sicut Silo et urbem hanc dabo in maledictionem cunctis gentibus terrae	dabo domum istam sicut Silo, et urbem hanc dabo in maledictionem cunctis gentibus terr.		Then will I make this house like Shiloh, and will make this city a curse to all the nations of the earth.
Jer	26	7	וַיִּשְׁמְעוּ הַכֹּהֲנִים וְהַנְּבִאִים וְכָל־הָעָם אֶת־יִרְמְיָהוּ מְדַבֵּר אֶת־הַדְּבָרִים הָאֵלֶּה בְּבֵית יְהוָה ׃		et audierunt sacerdotes et prophetae et omnis populus Hieremiam loquentem verba haec in domo Domini	Et audierunt sacerdotes, et prophet, et omnis populus, Jeremiam loquentem verba hc in domo Domini.		So the priests and the prophets and all the people heard Jeremiah speaking these words in the house of the Lord.
Jer	26	8	וַיְהִי כְּכַלּוֹת יִרְמְיָהוּ לְדַבֵּר אֵת כָּל־אֲשֶׁר־צִוָּה יְהוָה לְדַבֵּר אֶל־כָּל־הָעָם וַיִּתְפְּשׂוּ אֹתוֹ הַכֹּהֲנִים וְהַנְּבִאִים וְכָל־הָעָם לֵאמֹר מוֹת תָּמוּת ׃	ὕδατα Αἰγύπτου ὡσεὶ ποταμὸς ἀναβήσεται, καὶ εἶπεν Ἀναβήσομαι καὶ κατακαλύψω τὴν γῆν καὶ ἀπολῶ τοὺς κατοικοῦντας ἐν αὐτῇ.	cumque conplesset Hieremias loquens omnia quae praeceperat ei Dominus ut loqueretur ad universum populum adprehenderunt eum sacerdotes et prophetae et omnis populus dicens morte morietur	Cumque complesset Jeremias, loquens omnia qu prceperat ei Dominus ut loqueretur ad universum populum, apprehenderunt eum sacerdotes, et prophet, et omnis populus, dicens: Morte moriatur.		Now it came to pass, when Jeremiah had made an end of speaking all that the Lord had commanded him to speak unto all the people, that the priests and the prophets and all the people took him, saying, Thou shalt surely die.
Jer	26	9	מַדּוּעַ נִבֵּיתָ בְשֵׁם־יְהוָה לֵאמֹר כְּשִׁלוֹ יִהְיֶה הַבַּיִת הַזֶּה וְהָעִיר הַזֹּאת תֶּחֱרַב מֵאֵין יוֹשֵׁב וַיִּקָּהֵל כָּל־הָעָם אֶל־יִרְמְיָהוּ בְּבֵית יְהוָה ׃	ἐπίβητε ἐπὶ τοὺς ἵππους, παρασκευάσατε τὰ ἄρματα ἐξέλθατε, οἱ μαχηταὶ Αἰθιόπων καὶ Λίβυες καθωπλισμένοι ὅπλοις καὶ Λυδοί ἀνάβητε, ἐντείνατε τόξον,	quare prophetavit in nomine Domini dicens sicut Silo erit domus haec et urbs ista desolabitur eo quod non sit habitator et congregatus est omnis populus adversum Hieremiam in domum Domini	Quare prophetavit in nomine Domini, dicens: Sicut Silo erit domus hc, et urbs ista desolabitur eo quod non sit habitator? Et congregatus est omnis populus adversus Jeremiam in domo Domini.		Why hast thou prophesied in the name of the Lord, saying, This house shall be like Shiloh, and this city shall be desolate without an inhabitant? And all the people were gathered against Jeremiah in the house of the Lord.
Jer	26	10	וַיִּשְׁמְעוּ שָׂרֵי יְהוּדָה אֵת הַדְּבָרִים הָאֵלֶּה וַיַּעֲלוּ מִבֵּית־הַמֶּלֶךְ בֵּית יְהוָה וַיֵּשְׁבוּ בְּפֶתַח שַׁעַר־יְהוָה הֶחָדָשׁ ׃ ס	καὶ ἡ ἡμέρα ἐκείνη Κυρίῳ τῷ θεῷ ἡμῶν ἡμέρα ἐκδικήσεως τοῦ ἐκδικῆσαι τοὺς ἐχθροὺς αὐτοῦ· καὶ καταφάγεται ἡ μάχαιρα Κυρίου, καὶ πλησθήσεται καὶ μεθυσθήσεται ἀπὸ τοῦ αἵματος αὐτῶν· ὅτι θυσία τῷ κυρίῳ ἀπὸ γῆς βορρᾶ ἐπὶ ποταμῷ Εὐφράτῃ.	et audierunt principes Iuda verba haec et ascenderunt de domo regis in domum Domini et sederunt in introitu portae Domini novae	Et audierunt principes Juda verba hc, et ascenderunt de domo regis in domum Domini, et sederunt in introitu port domus Domini nov.		When the princes of Judah heard these things, then they came up from the king's house unto the house of the Lord, and sat down in the entry of the new gate of the Lord's house.
Jer	26	11	וַיֹּאמְרוּ הַכֹּהֲנִים וְהַנְּבִאִים אֶל־הַשָּׂרִים וְאֶל־כָּל־הָעָם לֵאמֹר מִשְׁפַּט־מָוֶת לָאִישׁ הַזֶּה כִּי נִבָּא אֶל־הָעִיר הַזֹּאת כַּאֲשֶׁר שְׁמַעְתֶּם בְּאָזְנֵיכֶם ׃	ἀνάβηθι, Γαλαὰδ, καὶ λάβε ῥητίνην τῇ παρθένῳ θυγατρὶ Αἰγύπτου· εἰς τὸ κενὸν ἐπλήθυνας ἰάματά σου, ὠφέλεια οὐκ ἔστιν σοί	et locuti sunt sacerdotes et prophetae ad principes et ad omnem populum dicentes iudicium mortis est viro huic quia prophetavit adversum civitatem istam sicut audistis auribus vestris	Et locuti sunt sacerdotes et prophet ad principes, et ad omnem populum, dicentes: Judicium mortis est viro huic, quia prophetavit adversus civitatem istam, sicut audistis auribus vestris.		Then spake the priests and the prophets unto the princes and to all the people, saying, This man is worthy to die; for he hath prophesied against this city, as ye have heard with your ears.
Jer	26	12	וַיֹּאמֶר יִרְמְיָהוּ אֶל־כָּל־הַשָּׂרִים וְאֶל־כָּל־הָעָם לֵאמֹר יְהוָה שְׁלָחַנִי לְהִנָּבֵא אֶל־הַבַּיִת הַזֶּה וְאֶל־הָעִיר הַזֹּאת אֵת כָּל־הַדְּבָרִים אֲשֶׁר שְׁמַעְתֶּם ׃	ἤκουσαν ἔθνη φωνήν σου, καὶ τῆς κραυγῆς σου ἐπλήσθη ἡ γῆ, ὅτι μαχητὴς πρὸς μαχητὴν ἠσθένησεν, ἐπὶ τὸ αὐτὸ ἔπεσαν ἀμφότεροι.	et ait Hieremias ad omnes principes et ad universum populum dicens Dominus misit me ut prophetarem ad domum istam et ad civitatem hanc omnia verba quae audistis	Et ait Jeremias ad omnes principes, et ad universum populum, dicens: Dominus misit me ut prophetarem ad domum istam, et ad civitatem hanc, omnia verba qu audistis.		Then spake Jeremiah unto all the princes and to all the people, saying, The Lord sent me to prophesy against this house and against this city all the words that ye have heard.
Jer	26	13	וְעַתָּה הֵיטִיבוּ דַרְכֵיכֶם וּמַעַלְלֵיכֶם וְשִׁמְעוּ בְּקוֹל יְהוָה אֱלֹהֵיכֶם וְיִנָּחֵם יְהוָה אֶל־הָרָעָה אֲשֶׁר דִּבֶּר עֲלֵיכֶם ׃	Ἃ ἐλάλησεν Κύριος ἐν χειρὶ Ἰερεμίου, τοῦ ἐλθεῖν τὸν βασιλέα Βαβυλῶνος τοῦ κόψαι γῆν Αἰγύπτου.	nunc ergo bonas facite vias vestras et studia vestra et audite vocem Domini Dei vestri et paenitebit Dominum mali quod locutus est adversum vos	Nunc ergo bonas facite vias vestras, et studia vestra, et audite vocem Domini Dei vestri, et pnitebit Dominum mali quod locutus est adversum vos.		Therefore now amend your ways and your doings, and obey the voice of the Lord your God; and the Lord will repent him of the evil that he hath pronounced against you.
Jer	26	14	וַאֲנִי הִנְנִי בְיֶדְכֶם עֲשׂוּ־לִי כַּטּוֹב וְכַיָּשָׁר בְּעֵינֵיכֶם ׃	Ἀναγγείλατε εἰς Μάγδωλον, καὶ παραγγείλατε εἰς Μέμφιν· εἴπατε Ἐπίστηθι καὶ ἑτοίμασον, ὅτι κατέφαγεν μάχαιρα τὴν σμίλακά σου.	ego autem ecce in manibus vestris sum facite mihi ut bonum et rectum est in oculis vestris	Ego autem ecce in manibus vestris sum: facite mihi quod bonum et rectum est in oculis vestris.		As for me, behold, I am in your hand: do with me as seemeth good and meet unto you.
Jer	26	15	אַךְ יָדֹעַ תֵּדְעוּ כִּי אִם־מְמִתִים אַתֶּם אֹתִי כִּי־דָם נָקִי אַתֶּם נֹתְנִים עֲלֵיכֶם וְאֶל־הָעִיר הַזֹּאת וְאֶל־יֹשְׁבֶיהָ כִּי בֶאֱמֶת שְׁלָחַנִי יְהוָה עֲלֵיכֶם לְדַבֵּר בְּאָזְנֵיכֶם אֵת כָּל־הַדְּבָרִים הָאֵלֶּה ׃ ס	δίὰ τί ἔφυγεν ἀπὸ σοῦ ὁ Ἆπις; ὁ μόσχος ὁ ἐκλεκτός σου οὐκ ἔμεινεν, ὅτι Κύριος παρέλυσεν αὐτόν.	verumtamen scitote et cognoscite quod si occideritis me sanguinem innocentem traditis contra vosmet ipsos et contra civitatem istam et habitatores eius in veritate enim misit me Dominus ad vos ut loquerer in auribus vestris omnia verba haec	Verumtamen scitote et cognoscite quod, si occideritis me, sanguinem innocentem tradetis contra vosmetipsos, et contra civitatem istam, et habitatores ejus: in veritate enim misit me Dominus ad vos, ut loquerer in auribus vestris omnia verba hc.		But know ye for certain, that if ye put me to death, ye shall surely bring innocent blood upon yourselves, and upon this city, and upon the inhabitants thereof: for of a truth the Lord hath sent me unto you to speak all these words in your ears.
Jer	26	16	וַיֹּאמְרוּ הַשָּׂרִים וְכָל־הָעָם אֶל־הַכֹּהֲנִים וְאֶל־הַנְּבִיאִים אֵין־לָאִישׁ הַזֶּה מִשְׁפַּט־מָוֶת כִּי בְּשֵׁם יְהוָה אֱלֹהֵינוּ דִּבֶּר אֵלֵינוּ ׃	καὶ τὸ πλῆθός σου ἠσθένησεν καὶ ἔπεσαν, καὶ ἕκαστος πρὸς τὸν πλησίον αὐτοῦ ἐλάλει Ἀναστῶμεν καὶ ἀναστρέψωμεν πρὸς τὸν λαὸν ἡμῶν εἰς τὴν πατρίδα ἡμῶν ἀπὸ προσώπου μαχαίρας Ἑλληνικῆς.	et dixerunt principes et omnis populus ad sacerdotes et prophetas non est viro huic iudicium mortis quia in nomine Domini Dei nostri locutus est ad nos	Et dixerunt principes et omnis populus ad sacerdotes et ad prophetas: Non est viro huic judicium mortis, quia in nomine Domini Dei nostri locutus est ad nos.		Then said the princes and all the people unto the priests and to the prophets; This man is not worthy to die: for he hath spoken to us in the name of the Lord our God.
Jer	26	17	וַיָּקֻמוּ אֲנָשִׁים מִזִּקְנֵי הָאָרֶץ וַיֹּאמְרוּ אֶל־כָּל־קְהַל הָעָם לֵאמֹר ׃	καλέσατε τὸ ὄνομα Φαραὼ Νεχαὼ βασιλέως Αἰγύπτου Σαὼν Ἐσβεὶ Ἐμωήδ.	surrexerunt ergo viri de senioribus terrae et dixerunt ad omnem coetum populi loquentes	Surrexerunt ergo viri de senioribus terr, et dixerunt ad omnem ctum populi, loquentes:		Then rose up certain of the elders of the land, and spake to all the assembly of the people, saying,
Jer	26	18	מִיכָה הַמּוֹרַשְׁתִּי הָיָה נִבָּא בִּימֵי חִזְקִיָּהוּ מֶלֶךְ־יְהוּדָה וַיֹּאמֶר אֶל־כָּל־עַם יְהוּדָה לֵאמֹר כֹּה־אָמַר יְהוָה צְבָאוֹת צִיּוֹן שָׂדֶה תֵחָרֵשׁ וִירוּשָׁלַיִם עִיִּים תִּהְיֶה וְהַר הַבַּיִת לְבָמוֹת יָעַר ׃	ζῶ ἐγώ, λέγει Κύριος ὁ θεός, ὅτι ὡς τὸ Ἰταβύριον ἐν τοῖς ὄρεσιν καὶ ὡς ὁ Κάρμηλος ὁ ἐν τῇ θαλάσσῃ, ἥξει.	Michas de Morasthim fuit propheta in diebus Ezechiae regis Iudae et ait ad omnem populum Iudae dicens haec dicit Dominus exercituum Sion quasi ager arabitur et Hierusalem in acervum lapidum erit et mons domus in excelsa silvarum	Michas de Morasthi fuit propheta in diebus Ezechi regis Juda, et ait ad omnem populum Juda, dicens: [Hc dicit Dominus exercituum: Sion quasi ager arabitur, et Jerusalem in acervum lapidum erit, et mons domus in excelsa silvarum.]		Micah the Morasthite prophesied in the days of Hezekiah king of Judah, and spake to all the people of Judah, saying, Thus saith the Lord of hosts; Zion shall be plowed like a field, and Jerusalem shall become heaps, and the mountain of the house as the high places of a forest.
Jer	26	19	הֶהָמֵת הֱמִתֻהוּ חִזְקִיָּהוּ מֶלֶךְ־יְהוּדָה וְכָל־יְהוּדָה הֲלֹא יָרֵא אֶת־יְהוָה וַיְחַל אֶת־פְּנֵי יְהוָה וַיִּנָּחֶם יְהוָה אֶל־הָרָעָה אֲשֶׁר־דִּבֶּר עֲלֵיהֶם וַאֲנַחְנוּ עֹשִׂים רָעָה גְדוֹלָה עַל־נַפְשׁוֹתֵינוּ ׃	σκεύη ἀποικισμοῦ ποίησον σεαυτῇ, κατοικοῦσα θύγατερ Αἰγύπτου· ὅτι Μέμφις εἰς ἀφανισμὸν ἔσται, καὶ κληθήσεται Οὐαί, διὰ τὸ μὴ ὑπάρχειν κατοικοῦντας ἐν αὐτῇ.	numquid morte condemnavit eum Ezechias rex Iuda et omnis Iuda numquid non timuerunt Dominum et deprecati sunt faciem Domini et paenituit Dominum mali quod locutus erat adversum eos itaque nos facimus malum grande contra animas nostras	Numquid morte condemnavit eum Ezechias rex Juda, et omnis Juda? numquid non timuerunt Dominum, et deprecati sunt faciem Domini, et pnituit Dominum mali quod locutus fuerat adversum eos? Itaque nos facimus malum grande contra animas nostras.		Did Hezekiah king of Judah and all Judah put him at all to death? did he not fear the Lord, and besought the Lord, and the Lord repented him of the evil which he had pronounced against them? Thus might we procure great evil against our souls.
Jer	26	20	וְגַם־אִישׁ הָיָה מִתְנַבֵּא בְּשֵׁם יְהוָה אוּרִיָּהוּ בֶּן־שְׁמַעְיָהוּ מִקִּרְיַת הַיְּעָרִים וַיִּנָּבֵא עַל־הָעִיר הַזֹּאת וְעַל־הָאָרֶץ הַזֹּאת כְּכֹל דִּבְרֵי יִרְמְיָהוּ ׃	δάμαλις κεκαλλωπισμένη Αἴγυπτος· ἀπόσπασμα ἀπὸ βορρᾶ ἦλθεν ἐπʼ αὐτήν,	fuit quoque vir prophetans in nomine Domini Urias filius Semei de Cariathiarim et prophetavit adversum civitatem istam et adversum terram hanc iuxta universa verba Hieremiae	Fuit quoque vir prophetans in nomine Domini, Urias filius Semei de Cariathiarim, et prophetavit adversus civitatem istam, et adversus terram hanc, juxta omnia verba Jeremi.		And there was also a man that prophesied in the name of the Lord, Urijah the son of Shemaiah of Kirjathjearim, who prophesied against this city and against this land according to all the words of Jeremiah.
Jer	26	21	וַיִּשְׁמַע הַמֶּלֶךְ־יְהוֹיָקִים וְכָל־גִּבּוֹרָיו וְכָל־הַשָּׂרִים אֶת־דְּבָרָיו וַיְבַקֵּשׁ הַמֶּלֶךְ הֲמִיתוֹ וַיִּשְׁמַע אוּרִיָּהוּ וַיִּרָא וַיִּבְרַח וַיָּבֹא מִצְרָיִם ׃	καὶ οἱ μισθωτοὶ αὐτῆς ἐν αὐτῇ ὥσπερ μόσχοι σιτευτοὶ τρεφόμενοι ἐν αὐτῇ· διότι καὶ αὐτοὶ ἀπεστράφησαν καὶ ἔφυγον ὁμοθυμαδόν· οὐκ ἔστησαν, ὅτι ἡμέρα ἀπωλείας ἦλθεν ἐπʼ αὐτοὺς καὶ καιρὸς ἐκδικήσεως αὐτῶν.	et audivit rex Ioachim et omnes potentes et principes eius verba haec et quaesivit rex interficere eum et audivit Urias et timuit fugitque et ingressus est Aegyptum	Et audivit rex Joakim, et omnes potentes et principes ejus, verba hc, et qusivit rex interficere eum: et audivit Urias, et timuit, fugitque et ingressus est gyptum.		And when Jehoiakim the king, with all his mighty men, and all the princes, heard his words, the king sought to put him to death: but when Urijah heard it, he was afraid, and fled, and went into Egypt;
Jer	26	22	וַיִּשְׁלַח הַמֶּלֶךְ יְהוֹיָקִים אֲנָשִׁים מִצְרָיִם אֵת אֶלְנָתָן בֶּן־עַכְבּוֹר וַאֲנָשִׁים אִתּוֹ אֶל־מִצְרָיִם ׃	φωνὴ ὡς ὄφεως συρίζοντος, ὅτι ἐν ἄμμῳ πορεύονται, ἐν ἀξίναις ἥξουσιν ἐπʼ αὐτήν·	et misit rex Ioachim viros in Aegyptum Elnathan filium Achobor et viros cum eo in Aegyptum	Et misit rex Joakim viros in gyptum, Elnathan filium Achobor, et viros cum eo, in gyptum,		And Jehoiakim the king sent men into Egypt, namely, Elnathan the son of Achbor, and certain men with him into Egypt.
Jer	26	23	וַיּוֹצִיאוּ אֶת־אוּרִיָּהוּ מִמִּצְרַיִם וַיְבִאֻהוּ אֶל־הַמֶּלֶךְ יְהוֹיָקִים וַיַּכֵּהוּ בֶּחָרֶב וַיַּשְׁלֵךְ אֶת־נִבְלָתוֹ אֶל־קִבְרֵי בְּנֵי הָעָם ׃	ὡς κόπτοντες ξύλα ἐκκόψουσιν τὸν δρυμὸν αὐτῆς, λέγει Κύριος, ὅτι οὐ μὴ εἰκασθῇ, ὅτι πληθύνει ὑπέρ ἀκρίδα καὶ οὐκ ἔστιν αὐτοῖς ἀριθμός.	et eduxerunt Uriam de Aegypto et adduxerunt eum ad regem Ioachim et percussit eum gladio et proiecit cadaver eius in sepulchris vulgi ignobilis	et eduxerunt Uriam de gypto, et adduxerunt eum ad regem Joakim, et percussit eum gladio, et projecit cadaver ejus in sepulchris vulgi ignobilis.		And they fetched forth Urijah out of Egypt, and brought him unto Jehoiakim the king; who slew him with the sword, and cast his dead body into the graves of the common people.
Jer	26	24	אַךְ יַד אֲחִיקָם בֶּן־שָׁפָן הָיְתָה אֶת־יִרְמְיָהוּ לְבִלְתִּי תֵּת־אֹתוֹ בְיַד־הָעָם לַהֲמִיתוֹ ׃ פ	κατῃσχύνθη ἡ θυγάτηρ Αἰγύπτου, παρεδόθη εἰς χεῖρας λαοῦ ἀπὸ βορρᾶ.	igitur manus Ahicam filii Saphan fuit cum Hieremia ut non traderetur in manu populi et interficerent eum	Igitur manus Ahicam filii Saphan fuit cum Jeremia, ut non traderetur in manus populi, et interficerent eum.		Nevertheless the hand of Ahikam the son of Shaphan was with Jeremiah, that they should not give him into the hand of the people to put him to death.
Jer	26	25		ἰδοὺ ἐγὼ ἐκδικῶ τὸν Ἀμμὼν τὸν υἱὸν αὐτῆς ἐπὶ Φαραὼ καὶ ἐπὶ τοὺς πεποιθότας ἐπʼ αὐτῷ.				
Jer	26	27		σὺ δὲ μὴ φοβηθῇς, δοῦλός μου Ἰακώβ, μηδέ πτοηθῇς, Ἰσραήλ· διότι ἰδοὺ ἐγὼ σώζων σε μακρόθεν καὶ τὸ σπέρμα σου ἐκ τῆς αἰχμαλωσίας αὐτῶν· καὶ ἀναστρέψει Ἰακὼβ καὶ ἡσυχάσει καὶ ὑπνώσει, καὶ οὐκ ἔσται ὁ παρενοχλῶν αὐτόν.				
Jer	26	28		μὴ φοβοῦ, παῖς μου Ἰακώβ, λέγει Κύριος, ὅτι μετὰ σοῦ ἐγὼ εἰμι· ἡ ἀπτόητος καὶ τρυφερὰ παρεδόθη· ὅτι ποιήσω συντέλειαν ἐν παντὶ εἰς οὓς ἐξῶσά σε ἐκεῖ, σὲ δὲ οὐ μὴ ποιήσω ἐκλιπεῖν· καὶ παιδεύσω σε εἰς κρίμα, καὶ ἀθῷον οὐκ ἀθῳώσω σε.				
Jer	27	1	בְּרֵאשִׁית מַמְלֶכֶת יְהוֹיָקִם בֶּן־יֹאושִׁיָּהוּ מֶלֶךְ יְהוּדָה הָיָה הַדָּבָר הַזֶּה אֶל־יִרְמְיָה מֵאֵת יְהוָה לֵאמֹר ׃	Λόγος Κυρίου ὃν ἐλάλησεν ἐπὶ Βαβυλῶνα.	in principio regni Ioachim filii Iosiae regis Iuda factum est verbum istud ad Hieremiam a Domino dicens	In principio regni Joakim filii Josi regis Juda, factum est verbum istud ad Jeremiam a Domino, dicens:		In the beginning of the reign of Jehoiakim the son of Josiah king of Judah came this word unto Jeremiah from the Lord, saying,
Jer	27	2	כֹּה־אָמַר יְהוָה אֵלַי עֲשֵׂה לְךָ מוֹסֵרוֹת וּמֹטוֹת וּנְתַתָּם עַל־צַוָּארֶךָ ׃	Ἀναγγείλατε ἐν τοῖς ἔθνεσιν καὶ ἀκουστὰ ποιήσατε καὶ μὴ κρύψητε· εἴπατε Ἑάλωκεν Βαβυλών, κατῃσχύνθη Βῆλος ἡ ἀπτόητος, ἡ τρυφερὰ παρεδόθη Μαιωδάκ.	haec dicit Dominus ad me fac tibi vincula et catenas et pones eas in collo tuo	Hc dicit Dominus ad me: Fac tibi vincula et catenas, et pones eas in collo tuo,		Thus saith the Lord to me; Make thee bonds and yokes, and put them upon thy neck,
Jer	27	3	וְשִׁלַּחְתָּם אֶל־מֶלֶךְ אֱדוֹם וְאֶל־מֶלֶךְ מוֹאָב וְאֶל־מֶלֶךְ בְּנֵי עַמּוֹן וְאֶל־מֶלֶךְ צֹר וְאֶל־מֶלֶךְ צִידוֹן בְּיַד מַלְאָכִים הַבָּאִים יְרוּשָׁלַםִ אֶל־צִדְקִיָּהוּ מֶלֶךְ יְהוּדָה ׃	ὅτι ἀνέβη ἐπʼ αὐτὴν ἔθνος ἀπὸ βορρᾶ· οἶτος θήσει τὴν γῆν αὐτῆς εἰς ἀφανισμόν, καὶ οὐκ ἔσται ὁ κατοικῶν ἐν αὐτῇ ἀπὸ ἀνθρώπου καὶ ἕως κτήνους.	et mittes eas ad regem Edom et ad regem Moab et ad regem filiorum Ammon et ad regem Tyri et ad regem Sidonis in manu nuntiorum qui venerunt Hierusalem ad Sedeciam regem Iuda	et mittes eas ad regem Edom, et ad regem Moab, et ad regem filiorum Ammon, et ad regem Tyri, et ad regem Sidonis, in manu nuntiorum qui venerunt Jerusalem ad Sedeciam regem Juda.		And send them to the king of Edom, and to the king of Moab, and to the king of the Ammonites, and to the king of Tyrus, and to the king of Zidon, by the hand of the messengers which come to Jerusalem unto Zedekiah king of Judah;
Jer	27	4	וְצִוִּיתָ אֹתָם אֶל־אֲדֹנֵיהֶם לֵאמֹר כֹּה־אָמַר יְהוָה צְבָאוֹת אֱלֹהֵי יִשְׂרָאֵל כֹּה תֹאמְרוּ אֶל־אֲדֹנֵיכֶם ׃	ἐν ταῖς ἡμέραις ἐκείναις καὶ ἐν τῷ καιρῷ ἐκείνῳ ἥξουσιν οἱ υἱοὶ Ἰσραήλ, αὐτοὶ καὶ οἱ υἱοὶ Ἰούδα ἐπὶ τὸ αὐτὸ βαδίζοντες καὶ κλαίοντες πορεύσονται, τὸν κύριον θεὸν αὐτῶν ζητοῦντες.	et praecipies eis ut ad dominos suos loquantur haec dicit Dominus exercituum Deus Israhel haec dicetis ad dominos vestros	Et prcipies eis ut ad dominos suos loquantur: Hc dicit Dominus exercituum, Deus Isral: Hc dicetis ad dominos vestros:		And command them to say unto their masters, Thus saith the Lord of hosts, the God of Israel; Thus shall ye say unto your masters;
Jer	27	5	אָנֹכִי עָשִׂיתִי אֶת־הָאָרֶץ אֶת־הָאָדָם וְאֶת־הַבְּהֵמָה אֲשֶׁר עַל־פְּנֵי הָאָרֶץ בְּכֹחִי הַגָּדוֹל וּבִזְרוֹעִי הַנְּטוּיָה וּנְתַתִּיהָ לַאֲשֶׁר יָשַׁר בְּעֵינָי ׃	ἕως Σειὼν ἐρωτήσουσιν τὴν ὁδόν, ὦδε γὰρ τὸ πρόσωπον αὐτῶν δώσουσιν, καὶ ἥξουσιν καὶ καταφεύξονται πρὸς Κύριον τὸν θεόν· διαθήκη γὰρ αἰώνιος οὐκ ἐπιλησθήσεται.	ego feci terram et hominem et iumenta quae sunt super faciem terrae in fortitudine mea magna et in brachio meo extento et dedi eam ei qui placuit in oculis meis	Ego feci terram, et homines, et jumenta qu sunt super faciem terr, in fortitudine mea magna, et in brachio meo extento, et dedi eam ei qui placuit in oculis meis.		I have made the earth, the man and the beast that are upon the ground, by my great power and by my outstretched arm, and have given it unto whom it seemed meet unto me.
Jer	27	6	וְעַתָּה אָנֹכִי נָתַתִּי אֶת־כָּל־הָאֲרָצוֹת הָאֵלֶּה בְּיַד נְבוּכַדְנֶאצַּר מֶלֶךְ־בָּבֶל עַבְדִּי וְגַם אֶת־חַיַּת הַשָּׂדֶה נָתַתִּי לוֹ לְעָבְדוֹ ׃	Πρόβατα ἀπολωλότα ἐγενήθη ὁ λαός μου, οἱ ποιμένες αὐτῶν ἐξῶσαν αὐτούς, ἐπὶ τὰ ὄρη ἀπεπλάνησαν αὐτούς, ἐξ ὄρους ἐπὶ βουνὸν ᾤχοντο, ἐπελάθοντο κοίτης αὐτῶν.	et nunc itaque ego dedi omnes terras istas in manu Nabuchodonosor regis Babylonis servi mei insuper et bestias agri dedi ei ut serviant illi	Et nunc itaque ego dedi omnes terras istas in manu Nabuchodonosor regis Babylonis servi mei: insuper et bestias agri dedi ei, ut serviant illi:		And now have I given all these lands into the hand of Nebuchadnezzar the king of Babylon, my servant; and the beasts of the field have I given him also to serve him.
Jer	27	7	וְעָבְדוּ אֹתוֹ כָּל־הַגּוֹיִם וְאֶת־בְּנוֹ וְאֶת־בֶּן־בְּנוֹ עַד בֹּא־עֵת אַרְצוֹ גַּם־הוּא וְעָבְדוּ בוֹ גּוֹיִם רַבִּים וּמְלָכִים גְּדֹלִים ׃	πάντες οἱ εὑρίσκοντες αὐτοὺς κατανάλισκον αὐτούς· οἱ ἐχθροὶ αὐτῶν εἶπαν Μὴ ἀνῶμεν αὐτούς, ἀνθʼ ὧν ἥμαρτον τῷ κυρίῳ· νομὴ δικαιοσύνης τῷ συναγαγόντι τοὺς πατέρας αὐτῶν.	et servient ei omnes gentes et filio eius et filio filii eius donec veniat tempus terrae eius et ipsius et servient ei gentes multae et reges magni	et servient ei omnes gentes, et filio ejus, et filio filii ejus, donec veniat tempus terr ejus et ipsius: et servient ei gentes mult et reges magni.		And all nations shall serve him, and his son, and his son's son, until the very time of his land come: and then many nations and great kings shall serve themselves of him.
Jer	27	8	וְהָיָה הַגּוֹי וְהַמַּמְלָכָה אֲשֶׁר לֹא־יַעַבְדוּ אֹתוֹ אֶת־נְבוּכַדְנֶאצַּר מֶלֶךְ־בָּבֶל וְאֵת אֲשֶׁר לֹא־יִתֵּן אֶת־צַוָּארוֹ בְּעֹל מֶלֶךְ בָּבֶל בַּחֶרֶב וּבָרָעָב וּבַדֶּבֶר אֶפְקֹד עַל־הַגּוֹי הַהוּא נְאֻם־יְהוָה עַד־תֻּמִּי אֹתָם בְּיָדוֹ ׃	ἀπαλλοτριὼθητε ἐκ μέσου Βαβυλῶνος καὶ ἀπὸ γῆς Χαλδαίων καὶ ἐξέλθατε, καὶ γένεσθε ὥσπερ δράκοντες κατὰ πρόσωπον προβάτων.	gens autem et regnum quod non servierit Nabuchodonosor regi Babylonis et quicumque non curvaverit collum suum sub iugo regis Babylonis in gladio et in fame et in peste visitabo super gentem illam ait Dominus donec consumam eos in manu eius	Gens autem et regnum quod non servierit Nabuchodonosor regi Babylonis, et quicumque non curvaverit collum suum sub jugo regis Babylonis, in gladio, et in fame, et in peste visitabo super gentem illam, ait Dominus, donec consumam eos in manu ejus.		And it shall come to pass, that the nation and kingdom which will not serve the same Nebuchadnezzar the king of Babylon, and that will not put their neck under the yoke of the king of Babylon, that nation will I punish, saith the Lord, with the sword, and with the famine, and with the pestilence, until I have consumed them by his hand.
Jer	27	9	וְאַתֶּם אַל־תִּשְׁמְעוּ אֶל־נְבִיאֵיכֶם וְאֶל־קֹסְמֵיכֶם וְאֶל חֲלֹמֹתֵיכֶם וְאֶל־עֹנְנֵיכֶם וְאֶל־כַּשָּׁפֵיכֶם אֲשֶׁר־הֵם אֹמְרִים אֲלֵיכֶם לֵאמֹר לֹא תַעַבְדוּ אֶת־מֶלֶךְ בָּבֶל ׃	ὅτι ίδοὺ ἐγὼ ἐγείρω ἐπὶ Βαβυλῶνα συναγωγὰς ἐθνῶν ἐκ γῆς βορρᾶ, καὶ παρατάξονται αὐτῇ· ἐκεῖθεν ἁλώσεται, ὡς βολὶς μαχητοῦ συνετοῦ οὐκ ἐπιστρέψει κενή.	vos ergo nolite audire prophetas vestros et divinos et somniatores et augures et maleficos qui dicunt vobis non servietis regi Babylonis	Vos ergo, nolite audire prophetas vestros, et divinos, et somniatores, et augures, et maleficos, qui dicunt vobis: Non servietis regi Babylonis:		Therefore hearken not ye to your prophets, nor to your diviners, nor to your dreamers, nor to your enchanters, nor to your sorcerers, which speak unto you, saying, Ye shall not serve the king of Babylon:
Jer	27	10	כִּי שֶׁקֶר הֵם נִבְּאִים לָכֶם לְמַעַן הַרְחִיק אֶתְכֶם מֵעַל אַדְמַתְכֶם וְהִדַּחְתִּי אֶתְכֶם וַאֲבַדְתֶּם ׃	καὶ ἔσται ἡ Χαλδαία εἰς προνομήν, πάντες οἱ προνομεύοντες αὐτὴν ἐνπλησθήσονται.	quia mendacium prophetant vobis ut longe faciant vos de terra vestra et eiciant vos et pereatis	quia mendacium prophetant vobis, ut longe vos faciant de terra vestra, et ejiciant vos, et pereatis.		For they prophesy a lie unto you, to remove you far from your land; and that I should drive you out, and ye should perish.
Jer	27	11	וְהַגּוֹי אֲשֶׁר יָבִיא אֶת־צַוָּארוֹ בְּעֹל מֶלֶךְ־בָּבֶל וַעֲבָדוֹ וְהִנַּחְתִּיו עַל־אַדְמָתוֹ נְאֻם־יְהוָה וַעֲבָדָהּ וְיָשַׁב בָּהּ ׃	ὅτι ηὐφραίνεσθε καὶ κατεκαυχᾶσθε διαρπάζοντες τὴν κληρονομίαν μου, διότι ἐσκιρτᾶτε ὡς βοίδια ἐν βοτάνῃ, καὶ ἐκερατίζετε ὡς ταῦροι.	porro gens quae subiecerit cervicem suam sub iugo regis Babylonis et servierit ei dimittam eam in terra sua dicit Dominus et colet eam et habitabit in ea	Porro gens qu subjecerit cervicem suam sub jugo regis Babylonis, et servierit ei, dimittam eam in terra sua, dicit Dominus, et colet eam, et habitabit in ea.		But the nations that bring their neck under the yoke of the king of Babylon, and serve him, those will I let remain still in their own land, saith the Lord; and they shall till it, and dwell therein.
Jer	27	12	וְאֶל־צִדְקִיָּה מֶלֶךְ־יְהוּדָה דִּבַּרְתִּי כְּכָל־הַדְּבָרִים הָאֵלֶּה לֵאמֹר הָבִיאוּ אֶת־צַוְּארֵיכֶם בְּעֹל מֶלֶךְ־בָּבֶל וְעִבְדוּ אֹתוֹ וְעַמּוֹ וִחְיוּ ׃	ᾐσχύνθη ἡ μήτηρ ὑμῶν σφόδρα. μήτηρ ἐπʼ ἀγαθά, ἐσχάτη ἐθνῶν, ἔρημος,	et ad Sedeciam regem Iuda locutus sum secundum omnia verba haec dicens subicite colla vestra sub iugo regis Babylonis et servite ei et populo eius et vivetis	Et ad Sedeciam regem Juda locutus sum secundum omnia verba hc, dicens: Subjicite colla vestra sub jugo regis Babylonis, et servite ei, et populo ejus, et vivetis.		I spake also to Zedekiah king of Judah according to all these words, saying, Bring your necks under the yoke of the king of Babylon, and serve him and his people, and live.
Jer	27	13	לָמָּה תָמוּתוּ אַתָּה וְעַמֶּךָ בַּחֶרֶב בָּרָעָב וּבַדָּבֶר כַּאֲשֶׁר דִּבֶּר יְהוָה אֶל־הַגּוֹי אֲשֶׁר לֹא־יַעֲבֹד אֶת־מֶלֶךְ בָּבֶל ׃	ἀπὸ ὀργῆς Κυρίου οὐ κατοικηθήσεται· καὶ ἔσται εἰς ἀφανισμὸν πᾶσα, καὶ πᾶς ὁ διοδεύων διὰ Βαβυλῶνος σκυθρωπάσει, καὶ συριοῦσιν ἐπὶ πᾶσαν τὴν πληγὴν αὐτῆς.	quare moriemini tu et populus tuus gladio fame et peste sicut locutus est Dominus ad gentem quae servire noluerit regi Babylonis	Quare moriemini, tu et populus tuus, gladio, et fame, et peste, sicut locutus est Dominus ad gentem qu servire noluerit regi Babylonis?		Why will ye die, thou and thy people, by the sword, by the famine, and by the pestilence, as the Lord hath spoken against the nation that will not serve the king of Babylon?
Jer	27	14	וְאַל־תִּשְׁמְעוּ אֶל־דִּבְרֵי הַנְּבִאִים הָאֹמְרִים אֲלֵיכֶם לֵאמֹר לֹא תַעַבְדוּ אֶת־מֶלֶךְ בָּבֶל כִּי שֶׁקֶר הֵם נִבְּאִים לָכֶם ׃	παρατάξασθε ἐπὶ Βαβυλῶνα κύκλῳ πάντες τείνοντες τόξον, τοξεύσατε ἐπʼ αὐτήν, μὴ φείσησθε ἐπὶ τοῖς τοξεύμασιν ὑμῶν,	nolite audire verba prophetarum dicentium vobis non servietis regi Babylonis quia mendacium ipsi loquuntur vobis	Nolite audire verba prophetarum dicentium vobis: Non servietis regi Babylonis: quia mendacium ipsi loquuntur vobis.		Therefore hearken not unto the words of the prophets that speak unto you, saying, Ye shall not serve the king of Babylon: for they prophesy a lie unto you.
Jer	27	15	כִּי לֹא שְׁלַחְתִּים נְאֻם־יְהוָה וְהֵם נִבְּאִים בִּשְׁמִי לַשָּׁקֶר לְמַעַן הַדִּיחִי אֶתְכֶם וַאֲבַדְתֶּם אַתֶּם וְהַנְּבִאִים הַנִּבְּאִים לָכֶם ׃	καὶ κατακρατήσατε αὐτὴν· παρελύθησαν αἱ χεῖρες αὐτῆς, ἔπεσαν αἱ ἐπάλξεις αὐτῆς, καὶ κατεσκάφη τὸ τεῖχος αὐτῆς· ὅτι ἐκδίκησις παρὰ θεοῦ ἐστίν, ἐκδικεῖτε ἐπʼ αὐτήν, καθὼς ἐποίησεν ποιήσατε αὐτῇ.	quia non misi eos ait Dominus et ipsi prophetant in nomine meo mendaciter ut eiciant vos et pereatis tam vos quam prophetae qui vaticinantur vobis	Quia non misi eos, ait Dominus: et ipsi prophetant in nomine meo mendaciter, ut ejiciant vos, et pereatis, tam vos quam prophet qui vaticinantur vobis.		For I have not sent them, saith the Lord, yet they prophesy a lie in my name; that I might drive you out, and that ye might perish, ye, and the prophets that prophesy unto you.
Jer	27	16	וְאֶל־הַכֹּהֲנִים וְאֶל־כָּל־הָעָם הַזֶּה דִּבַּרְתִּי לֵאמֹר כֹּה אָמַר יְהוָה אַל־תִּשְׁמְעוּ אֶל־דִּבְרֵי נְבִיאֵיכֶם הַנִּבְּאִים לָכֶם לֵאמֹר הִנֵּה כְלֵי בֵית־יְהוָה מוּשָׁבִים מִבָּבֶלָה עַתָּה מְהֵרָה כִּי שֶׁקֶר הֵמָּה נִבְּאִים לָכֶם ׃	ἐξολεθρεύσατε σπέρμα ἐκ Βαβυλῶνος κατέχοντα δρέπανον ἐν καιρῷ θερισμοῦ, ἀπὸ προσώπου μαχαίρας Ἑλληνικῆς ἕκαστος εἰς τὸν λαὸν αὐτοῦ ἀποστρέψουσιν, καὶ ἕκαστος εἰς τὴν γῆν αὐτοῦ φεύξεται.	et ad sacerdotes et ad populum istum locutus sum dicens haec dicit Dominus nolite audire verba prophetarum vestrorum qui prophetant vobis dicentes ecce vasa Domini revertentur de Babylone nunc cito mendacium enim prophetant vobis	Et ad sacerdotes, et ad populum istum, locutus sum, dicens: Hc dicit Dominus: Nolite audire verba prophetarum vestrorum, qui prophetant vobis, dicentes: Ecce vasa Domini revertentur de Babylone nunc cito: mendacium enim prophetant vobis.		Also I spake to the priests and to all this people, saying, Thus saith the Lord; Hearken not to the words of your prophets that prophesy unto you, saying, Behold, the vessels of the Lord's house shall now shortly be brought again from Babylon: for they prophesy a lie unto you.
Jer	27	17	אַל־תִּשְׁמְעוּ אֲלֵיהֶם עִבְדוּ אֶת־מֶלֶךְ־בָּבֶל וִחְיוּ לָמָּה תִהְיֶה הָעִיר הַזֹּאת חָרְבָּה ׃	Πρόβατον πλανώμενον Ἰσραήλ, λέοντες ἐξῶσαν αὐτόν· ὁ πρῶτος ἔφαγεν αὐτὸν βασιλεὺς Ἀσσούρ, καὶ οὕτος ὕστερον τὰ ὀστᾶ αὐτοῦ βασιλεὺς Βαβυλῶνος.	nolite ergo audire eos sed servite regi Babylonis ut vivatis quare datur haec civitas in solitudinem	Nolite ergo audire eos: sed servite regi Babylonis, ut vivatis: quare datur hc civitas in solitudinem?		Hearken not unto them; serve the king of Babylon, and live: wherefore should this city be laid waste?
Jer	27	18	וְאִם־נְבִאִים הֵם וְאִם־יֵשׁ דְּבַר־יְהוָה אִתָּם יִפְגְּעוּ־נָא בַּיהוָה צְבָאוֹת לְבִלְתִּי־בֹאוּ הַכֵּלִים הַנּוֹתָרִים בְּבֵית־יְהוָה וּבֵית מֶלֶךְ יְהוּדָה וּבִירוּשָׁלִַם בָּבֶלָה ׃ פ	διὰ τοῦτο τάδε λέγει Κύριος Ἰδοὺ ἐγὼ ἐκδικῶ ἐπὶ τὸν Βαβυλῶνος καὶ ἐπὶ τὴν γῆν αὐτοῦ καθὼς ἐξεδίκησα ἐπὶ τὸν βασιλέα Ἀσσούρ.	et si prophetae sunt et est verbum Domini in eis occurrant Domino exercituum ut non veniant vasa quae derelicta fuerant in domum Domini et in domum regis Iuda et in Hierusalem in Babylonem	Et si prophet sunt, et est verbum Domini in eis, occurrant Domino exercituum, ut non veniant vasa qu derelicta fuerant in domo Domini, et in domo regis Juda, et in Jerusalem, in Babylonem.		But if they be prophets, and if the word of the Lord be with them, let them now make intercession to the Lord of hosts, that the vessels which are left in the house of the Lord, and in the house of the king of Judah, and at Jerusalem, go not to Babylon.
Jer	27	19	כִּי כֹה אָמַר יְהוָה צְבָאוֹת אֶל־הָעַמֻּדִים וְעַל־הַיָּם וְעַל־הַמְּכֹנוֹת וְעַל יֶתֶר הַכֵּלִים הַנּוֹתָרִים בָּעִיר הַזֹּאת ׃	καὶ ἀποκαταστήσω τὸν Ἰσραὴλ εἰς τὴν νομὴν αὐτοῦ, καὶ νεμήσεται ἐν τῷ Καρμήλῳ καὶ ἐν ὄρει Ἐφράιμ καὶ ἐν τῷ Γαλαάδ, καὶ πλησθήσεται ἡ ψυχὴ αὐτοῦ.	quia haec dicit Dominus exercituum ad columnas et ad mare et ad bases et ad reliqua vasorum quae remanserunt in civitate hac	Quia hc dicit Dominus exercituum ad columnas, et ad mare, et ad bases, et ad reliqua vasorum, qu remanserunt in civitate hac,		For thus saith the Lord of hosts concerning the pillars, and concerning the sea, and concerning the bases, and concerning the residue of the vessels that remain in this city.
Jer	27	20	אֲשֶׁר לֹא־לְקָחָם נְבוּכַדְנֶאצַּר מֶלֶךְ בָּבֶל בַּגְלוֹתוֹ אֶת־יְכָונְיָה בֶן־יְהוֹיָקִים מֶלֶךְ־יְהוּדָה מִירוּשָׁלִַם בָּבֶלָה וְאֵת כָּל־חֹרֵי יְהוּדָה וִירוּשָׁלִָם ׃ ס	ἐν ταῖς ἡμέραις ἐκείναις καὶ ἐν τῷ καιρῷ ἐκείνῳ ζητήσουσιν τὴν ἀδικίαν Ἰσραὴλ, καὶ οὐχ ὑπάρξει, καὶ τὰς ἁμαρτίας Ἰούδα, καὶ οὐ μὴ εὑρεθῶσιν, ὅτι ἵλεως ἔσομαι τοῖς ὑπολελιμμένοις ἐπὶ τῆς γῆς, λέγει Κύριος.	quae non tulit Nabuchodonosor rex Babylonis cum transferret Iechoniam filium Ioachim regem Iuda de Hierusalem in Babylonem et omnes optimates Iuda et Hierusalem	qu non tulit Nabuchodonosor rex Babylonis, cum transferret Jechoniam filium Joakim regem Juda de Jerusalem in Babylonem, et omnes optimates Juda et Jerusalem:		Which Nebuchadnezzar king of Babylon took not, when he carried away captive Jeconiah the son of Jehoiakim king of Judah from Jerusalem to Babylon, and all the nobles of Judah and Jerusalem;
Jer	27	21	כִּי כֹה אָמַר יְהוָה צְבָאוֹת אֱלֹהֵי יִשְׂרָאֵל עַל־הַכֵּלִים הַנּוֹתָרִים בֵּית יְהוָה וּבֵית מֶלֶךְ־יְהוּדָה וִירוּשָׁלִָם ׃	Πικρῶς ἐπίβηθι ἐπʼ αὐτὴν καὶ ἐπὶ τοὺς κατοικοῦντας ἐπʼ αὐτὴν· ἐκδίκησον μάχαιρα καὶ ἀφάνισον, λέγει Κύριος, καὶ ποίει κατὰ πάντα ὅσα ἐντέλλομαί σοι.	quia haec dicit Dominus exercituum Deus Israhel ad vasa quae derelicta sunt in domum Domini et in domum regis Iuda et Hierusalem	quia hc dicit Dominus exercituum, Deus Isral, ad vasa qu derelicta sunt in domo Domini, et in domo regis Juda et Jerusalem:		Yea, thus saith the Lord of hosts, the God of Israel, concerning the vessels that remain in the house of the Lord, and in the house of the king of Judah and of Jerusalem;
Jer	27	22	בָּבֶלָה יוּבָאוּ וְשָׁמָּה יִהְיוּ עַד יוֹם פָּקְדִי אֹתָם נְאֻם־יְהוָה וְהַעֲלִיתִים וַהֲשִׁיבֹתִים אֶל־הַמָּקוֹם הַזֶּה ׃ פ	φωνὴ πολέμου καὶ συντριβὴ μεγάλη ἐν γῆ Χαλδαίων.	in Babylonem transferentur et ibi erunt usque ad diem visitationis suae dicit Dominus et adferri faciam ea et restitui in loco isto	In Babylonem transferentur, et ibi erunt usque ad diem visitationis su, dicit Dominus, et afferri faciam ea, et restitui in loco isto.		They shall be carried to Babylon, and there shall they be until the day that I visit them, saith the Lord; then will I bring them up, and restore them to this place.
Jer	27	23		πῶς ἐκλάσθη καὶ συνετρίβη ἡ σφῦρα πάσης τῆς γῆς; πῶς ἐγενήθη εἰς ἀφανισμὸν Βαβυλὼν ἐν ἔθνεσιν;				
Jer	27	24		ἐπιβήσονταί σοι, καὶ οὐ γνώσῃ ὡς Βαβυλὼν καὶ ἁλώσῃ· εὑρέθης καὶ ἐλήμφθης, ὅτι τῷ κυρίῳ ἀντέστης.				
Jer	27	25		ἤνοιξεν Κύριος τὸν θησαυρὸν αὐτοῦ καὶ ἐξήνεγκεν τὰ σκεύη ὀργῆς αὐτοῦ, ὅτι ἔργον τῷ κυρίῳ θεῷ ἐν γῇ Χαλδαίων,				
Jer	27	26		ὅτι ἐληλύθασιν οἱ καιροὶ αὐτῆς. ἀνοίξατε τὰς ἀποθήκας αὐτῆς, ἐραυνήσατε αὐτὴν ὡς σπήλαιον καὶ ἐξολεθρεύσατε αὐτήν, μὴ γενέσθω αὐτῆς κατάλιμμα·				
Jer	27	27		ἀναξηράνατε αὐτῆς πάντας τοὺς καρπούς, καὶ καταβήτωσαν εἰς σφαγήν. οὐαὶ αὐτοῖς, ὅτι ἥκει ἡ ἡμέρα αὐτῶν καὶ καιρὸς ἐκδικήσεως αὐτῶν.				
Jer	27	28		φωνὴ φευγόντων καὶ ἀνασωζομένων ἐκ γῆς Βαβυλῶνος, τοῦ ἀναγγεῖλαι εἰς Σειὼν τὴν ἐκδίκησιν παρὰ Κυρίου θεοῦ ἡμῶν.				
Jer	27	29		παραγγείλατε ἐπὶ Βαβυλῶνα πολλοῖς, παντὶ ἐντείνοντι τόξον, παρεμβάλετε ἐπʼ αὐτὴν κυκλόθεν· μὴ ἔστω αὐτῆς ἀνασωζόμενος, ἀνταπόδοτε αὐτῇ κατὰ τὰ ἔργα αὐτῆς· κατὰ πάντα ὅσα ἐποίησεν ποιήσατε αὐτῇ, ὅτι πρὸς Κύριον ἀντέστη θεὸν ἅγιον τοῦ Ἰσραήλ.				
Jer	27	30		διὰ τοῦτο πεσοῦνται οἱ νεανίσκοι αὐτῆς ἐν ταῖς πλατείαις αὐτῆς, καὶ πάντες οἱ ἄνδρες οἱ πολεμισταὶ αὐτῆς ῥιφήσονται, εἶπεν Κύριος.				
Jer	27	31		ἰβοὺ ἐγὼ ἐπὶ σὲ τὴν ὑβρίστριαν, λέγει Κύριος, ὅτι ἥκει ἡ ἡμέρα σου καὶ ὁ καιρὸς ἐκδικήσεώς σου,				
Jer	27	32		καὶ ἀσθενήσει ἡ ὕβρις σου καὶ πεσεῖται, καὶ οὐκ ἔσται ὁ ἀνιστῶν αὐτήν· καὶ ἀνάψω πῦρ ἐν τῷ δρυμῷ αὐτῆς, καὶ καταφάγεται πάντα τὰ κύκλῳ αὐτῆς.				
Jer	27	33		Τάδε λέγει Κύριος Καταδεδυνάστευνται οἱ υἱοὶ Ἰσραὴλ καὶ οἱ υἱοὶ Ἰούδα, ἄμα πάντες οἵ αἰχμαλωτεύσαντες αὐτοὺς κατεδυνάστευσαν αὐτούς, ὅτι οὐκ ἠθέλησαν ἐξαποστεῖλαι αὐτούς.				
Jer	27	34		καὶ ὁ λυτρούμενος αὐτοὺς ἰσχυρός, Κύριος Παντοκράτωρ ὄνομα αὐτῷ· κρίσιν κρινεῖ πρὸς τοὺς ἀντιδίκους αὐτοῦ, ὅπως ἐξάρῃ τὴν γῆν καὶ παροξυνεῖ τοῖς κατοικοῦσι Βαβυλῶνα.				
Jer	27	35		μάχαιραν ἐπὶ τοὺς Χαλδαίους καὶ ἐπὶ τοὺς κατοικοῦντας Βαβυλῶνα καὶ ἐπὶ τοὺς μεγιστᾶνας αὐτῆς καὶ ἐπὶ τοὺς συνετοὺς αὐτῆς·				
Jer	27	36		μάχαιραν ἐπὶ τοὺς μαχητὰς αὐτῆς, καὶ παραλυθήσονται· μάχαιραν ἐπὶ τοὺς ἵππους αὐτῶν καὶ ἐπὶ τὰ ἄρματα αὐτῶν·				
Jer	27	37		μάχαιραν ἐπὶ τοὺς μαχητὰς αὐτῶν καὶ ἐπὶ τὸν σύμμικτον τὸν ἐν μέσῳ αὐτῆς, καὶ ἔσονται ὡσεὶ γυναῖκες· μάχαιραν ἐπὶ τοὺς θησαυροὺς αὐτῆς, καὶ διασκορπισθήσονται				
Jer	27	38		ἐπὶ τῷ ὕδατι αὐτῆς, καὶ καταισχυνθήσονται, ὅτι γῆ τῶν γλυπτῶν ἐστιν, καὶ ἐν ταῖς νήσοις οὗ κατεκαυχῶντο.				
Jer	27	39		διὰ τοῦτο κατοικήσουσιν ἰνδάλματα ἐν ταῖς νήσοις, καὶ κατοικήσουσιν ἐν αὐτῇ θυγατέρες σειρήνων· οὐ μὴ κατοικηθῇ οὐκέτι εἰς τὸν αἰῶνα.				
Jer	27	40		καθὼς κατέστρεψεν ὁ θεὸς Σόδομα καὶ Γόμορρα καὶ τὰς ὁμορούσας αὐταῖς, εἶπεν Κύριος, οὐ μὴ κατοικήσῃ ἐκεῖ ἄνθρωπος, καὶ οὐ μὴ παροικήσει ἐκεῖ υἱὸς ἀνθρώπου.				
Jer	27	41		ἰδοὺ λαὸς ἔρχεται ἀπὸ βορρᾶ, καὶ ἔθνος μέγα καὶ βασιλεῖς πολλοὶ ἐξεγερθήσονται ἀπʼ ἐσχάτου τῆς γῆς,				
Jer	27	42		τόξον καὶ ἐνχειρίδιον ἔχοντες· ἰταμός ἐστιν, καὶ οὐ μὴ ἐλεήσῃ· φωνὴ αὐτῶν ὡς θάλασσα ἠχήσει, ἐφʼ ἵπποις ἱππάσονται παρασκευασμένοι ὥσπερ πῦρ εἰς πόλεμον, πρὸς σέ, θύγατερ Βαβυλῶνος.				
Jer	27	43		ἤκουσεν βασιλεὺς Βαβυλῶνος τὴν ἀκοὴν αὐτῶν, καὶ παρελύθησαν αἱ χεῖρες αὐτοῦ· θλίψις κατεκράτησεν αὐτοῦ, ὠδῖνες ὡς τικτούσης.				
Jer	27	44		ἰδοὺ ὥσπερ λέων ἀναβήσεται ἀπὸ τοῦ Ἰορδάνου εἰς Γαιθάν, ὅτι ταχέως ἐκδιώξω αὐτοὺς ἀπʼ αὐτῆς, καὶ πάντα νεανίσκον ἐπʼ αὐτὴν ἐπιστήσω. ὅτι τίς ὥσπερ ἐγώ; καὶ τίς ἀντιστήσεταί μοι ; καὶ τίς οὗτος ποιμὴν ὃς στήσεται κατὰ πρόσωπόν μου;				
Jer	27	45		διὰ τοῦτο ἀκούσατε τὴν βουλὴν Κυρίου ἣν βεβούλευται ἐπὶ Βαβυλῶνα, καὶ λογισμοὺς αὐτοῦ οὓς ἐλογίσατο ἐπὶ τοὺς κατοικοῦντας Χαλδαίους· ἐὰν μὴ διαφθαρῇ τὰ ἀρνία τῶν προβάτων αὐτῶν, ἐὰν μὴ ἀφανισθῇ νομὴ ἀπʼ αὐτῶν.				
Jer	27	46		ὅτι ἀπὸ φωνῆς ἁλώσεως Βαβυλῶνος σεισθήσεται ἡ γῆ, καὶ κραυγὴ ἐν ἔθνεσιν ἀκουσθήσεται.				
Jer	28	1	וַיְהִי בַּשָּׁנָה הַהִיא בְּרֵאשִׁית מַמְלֶכֶת צִדְקִיָּה מֶלֶךְ־יְהוּדָה בִּשְׁנַת הָרְבִעִית בַּחֹדֶשׁ הַחֲמִישִׁי אָמַר אֵלַי חֲנַנְיָה בֶן־עַזּוּר הַנָּבִיא אֲשֶׁר מִגִּבְעוֹן בְּבֵית יְהוָה לְעֵינֵי הַכֹּהֲנִים וְכָל־הָעָם לֵאמֹר ׃	Τάδε λέγει Κύριος Ἰδοὺ ἐγὼ ἐξεγείρω ἐπὶ Βαβυλῶνα καὶ ἐπὶ τοὺς κατοικοῦντας Χαλδαίους ἄνεμον καύσαωνα διαφθείροντα.	et factum est in anno illo in principio regni Sedeciae regis Iuda in anno quarto in mense quinto dixit ad me Ananias filius Azur propheta de Gabaon in domo Domini coram sacerdotibus et omni populo dicens	Et factum est in anno illo, in principio regni Sedeci regis Juda, in anno quarto, in mense quinto, dixit ad me Hananias filius Azur, propheta de Gabaon, in domo Domini, coram sacerdotibus et omni populo, dicens:		And it came to pass the same year, in the beginning of the reign of Zedekiah king of Judah, in the fourth year, and in the fifth month, that Hananiah the son of Azur the prophet, which was of Gibeon, spake unto me in the house of the Lord, in the presence of the priests and of all the people, saying,
Jer	28	2	כֹּה־אָמַר יְהוָה צְבָאוֹת אֱלֹהֵי יִשְׂרָאֵל לֵאמֹר שָׁבַרְתִּי אֶת־עֹל מֶלֶךְ בָּבֶל ׃	καὶ ἐξαποστελῶ εἰς Βαβυλῶνα ὑβριστάς, καὶ καθυβρίσουσιν αὐτὴν καὶ λυμανοῦνται τὴν γῆν αὐτῆς· οὐαὶ ἐπὶ Βαβυλῶνα κυκλόθεν ἐν ἡμέρᾳ κακώσεως αὐτῆς.	haec dicit Dominus exercituum Deus Israhel contrivi iugum regis Babylonis	Hc dicit Dominus exercituum, Deus Isral: Contrivi jugum regis Babylonis.		Thus speaketh the Lord of hosts, the God of Israel, saying, I have broken the yoke of the king of Babylon.
Jer	28	3	בְּעוֹד שְׁנָתַיִם יָמִים אֲנִי מֵשִׁיב אֶל־הַמָּקוֹם הַזֶּה אֶת־כָּל־כְּלֵי בֵּית יְהוָה אֲשֶׁר לָקַח נְבוּכַדְנֶאצַּר מֶלֶךְ־בָּבֶל מִן־הַמָּקוֹם הַזֶּה וַיְבִיאֵם בָּבֶל ׃	τεινέτω ὁ τείνων τὸ τόξον αὐτοῦ, καὶ περιθέσθω ᾧ ἐστὶν ὅπλα αὐτοῦ, καὶ μὴ φείσησθε ἐπὶ νεανίσκους αὐτῆς καὶ ἀφανίσατε πᾶσαν τὴν δύναμιν αὐτῆς.	adhuc duo anni dierum et ego referri faciam ad locum istum omnia vasa Domini quae tulit Nabuchodonosor rex Babylonis de loco isto et transtulit ea in Babylonem	Adhuc duo anni dierum, et ego referri faciam ad locum istum omnia vasa domus Domini, qu tulit Nabuchodonosor rex Babylonis de loco isto, et transtulit ea in Babylonem.		Within two full years will I bring again into this place all the vessels of the Lord's house, that Nebuchadnezzar king of Babylon took away from this place, and carried them to Babylon:
Jer	28	4	וְאֶת־יְכָנְיָה בֶן־יְהוֹיָקִים מֶלֶךְ־יְהוּדָה וְאֶת־כָּל־גָּלוּת יְהוּדָה הַבָּאִים בָּבֶלָה אֲנִי מֵשִׁיב אֶל־הַמָּקוֹם הַזֶּה נְאֻם־יְהוָה כִּי אֶשְׁבֹּר אֶת־עֹל מֶלֶךְ בָּבֶל ׃	καὶ πεσοῦνται τραυματίαι ἐν γῇ Χαλδαίων καὶ κατακεκεντημένοι ἔξωθεν αὐτῆς.	et Iechoniam filium Ioachim regem Iuda et omnem transmigrationem Iudae qui ingressi sunt in Babylonem ego convertam ad locum istum ait Dominus conteram enim iugum regis Babylonis	Et Jechoniam filium Joakim regem Juda, et omnem transmigrationem Juda, qui ingressi sunt in Babylonem, ego convertam ad locum istum, ait Dominus: conteram enim jugum regis Babylonis.		And I will bring again to this place Jeconiah the son of Jehoiakim king of Judah, with all the captives of Judah, that went into Babylon, saith the Lord: for I will break the yoke of the king of Babylon.
Jer	28	5	וַיֹּאמֶר יִרְמְיָה הַנָּבִיא אֶל־חֲנַנְיָה הַנָּבִיא לְעֵינֵי הַכֹּהֲנִים וּלְעֵינֵי כָל־הָעָם הָעֹמְדִים בְּבֵית יְהוָה ׃	διότι οὐκ ἐχήρευσεν Ἰσραὴλ καὶ Ἰούδας ἀπὸ θεοῦ αὐτῶν, ἀπὸ Κυρίου Παντοκράτορος· ὅτι ἡ γῆ αὐτῶν ἐπλήσθη ἀδικίας ἀπὸ τῶν ἁγίων Ἰσραήλ.	et dixit Hieremias propheta ad Ananiam prophetam in oculis sacerdotum et in oculis omnis populi qui stabant in domo Domini	Et dixit Jeremias propheta ad Hananiam prophetam, in oculis sacerdotum, et in oculis omnis populi qui stabat in domo Domini:		Then the prophet Jeremiah said unto the prophet Hananiah in the presence of the priests, and in the presence of all the people that stood in the house of the Lord,
Jer	28	6	וַיֹּאמֶר יִרְמְיָה הַנָּבִיא אָמֵן כֵּן יַעֲשֶׂה יְהוָה יָקֵם יְהוָה אֶת־דְּבָרֶיךָ אֲשֶׁר נִבֵּאתָ לְהָשִׁיב כְּלֵי בֵית־יְהוָה וְכָל־הַגּוֹלָה מִבָּבֶל אֶל־הַמָּקוֹם הַזֶּה ׃	φεύγετε ἐκ μέσου Βαβυλῶνος καὶ ἀνασώζετε ἕκαστος τὴν ψυχὴν αὐτοῦ, καὶ μὴ ἀποριφῆτε ἐν τῇ ἀδικίᾳ αὐτῆς, ὅτι καιρὸς ἐκδικήσεως αὐτῆς ἐστιν παρὰ Κυρίου, ἀνταπόδομα αὐτος ἀνταποδίδωσιν αὐτῇ.	et ait Hieremias propheta amen sic faciat Dominus suscitet Dominus verba tua quae prophetasti ut referantur vasa in domum Domini et omnis transmigratio de Babylone ad locum istum	et ait Jeremias propheta: Amen! sic faciat Dominus, suscitet Dominus verba tua qu prophetasti, ut referantur vasa in domum Domini, et omnis transmigratio de Babylone ad locum istum.		Even the prophet Jeremiah said, Amen: the Lord do so: the Lord perform thy words which thou hast prophesied, to bring again the vessels of the Lord's house, and all that is carried away captive, from Babylon into this place.
Jer	28	7	אַךְ־שְׁמַע־נָא הַדָּבָר הַזֶּה אֲשֶׁר אָנֹכִי דֹּבֵר בְּאָזְנֶיךָ וּבְאָזְנֵי כָּל־הָעָם ׃	ποτήριον χρυσοῦν Βαβυλὼν ἐν χειρὶ Κυρίου, μεθύσκον πᾶσαν τὴν γῆν· ἀπὸ τοῦ οἴνου αὐτῆς ἐπίοσαν ἔθνη, διὰ τοῦτο ἐσαλεύθησαν·	verumtamen audi verbum hoc quod ego loquor in auribus tuis et in auribus universi populi	Verumtamen audi verbum hoc quod ego loquor in auribus tuis, et in auribus universi populi:		Nevertheless hear thou now this word that I speak in thine ears, and in the ears of all the people;
Jer	28	8	הַנְּבִיאִים אֲשֶׁר הָיוּ לְפָנַי וּלְפָנֶיךָ מִן־הָעוֹלָם וַיִּנָּבְאוּ אֶל־אֲרָצוֹת רַבּוֹת וְעַל־מַמְלָכוֹת גְּדֹלוֹת לְמִלְחָמָה וּלְרָעָה וּלְדָבֶר ׃	καὶ ἄφνω ἔπεσεν Βαβυλὼν καὶ συνετρίβη. θρηνεῖτε αὐτήν, λάβετε ῥητίνην τῇ διαφθορᾷ αὐτῆς, εἵ πως ἰαθήσεται.	prophetae qui fuerunt ante me et te ab initio et prophetaverunt super terras multas et super regna magna de proelio et de adflictione et de fame	prophet qui fuerunt ante me et ante te, ab initio, et prophetaverunt super terras multas et super regna magna de prlio, et de afflictione, et de fame:		The prophets that have been before me and before thee of old prophesied both against many countries, and against great kingdoms, of war, and of evil, and of pestilence.
Jer	28	9	הַנָּבִיא אֲשֶׁר יִנָּבֵא לְשָׁלוֹם בְּבֹא דְּבַר הַנָּבִיא יִוָּדַע הַנָּבִיא אֲשֶׁר־שְׁלָחוֹ יְהוָה בֶּאֱמֶת ׃	ἰατρεύσαμεν τὴν Βαβυλῶνα, καὶ οὐκ ἰάθη· ἐνκαταλίπωμεν αὐτὴν καὶ ἀπέλθωμεν ἕκαστος εἰς τὴν γῆν αὐτοῦ, ὅτι ἔγγικεν εἰς οὐρανὸν τὸ κρίμα αὐτῆς, ἐξῆρεν ἕως τῶν ἄστρων.	propheta qui vaticinatus est pacem cum venerit verbum eius scietur propheta quem misit Dominus in veritate	propheta qui vaticinatus est pacem, cum venerit verbum ejus, scietur propheta quem misit Dominus in veritate.		The prophet which prophesieth of peace, when the word of the prophet shall come to pass, then shall the prophet be known, that the Lord hath truly sent him.
Jer	28	10	וַיִּקַּח חֲנַנְיָה הַנָּבִיא אֶת־הַמּוֹטָה מֵעַל צַוַּאר יִרְמְיָה הַנָּבִיא וַיִּשְׁבְּרֵהוּ ׃	ἐξήνεγκεν Κύριος τὸ κρίμα αὐτοῦ· δεῦτε καὶ ἀναγγείλωμεν ἐν Σειὼν τὰ ἔργα Κυρίου τοῦ θεοῦ ἡμῶν.	et tulit Ananias propheta catenam de collo Hieremiae prophetae et confregit eam	Et tulit Hananias propheta catenam de collo Jeremi prophet, et confregit eam.		Then Hananiah the prophet took the yoke from off the prophet Jeremiah's neck, and brake it.
Jer	28	11	וַיֹּאמֶר חֲנַנְיָה לְעֵינֵי כָל־הָעָם לֵאמֹר כֹּה אָמַר יְהוָה כָּכָה אֶשְׁבֹּר אֶת־עֹל נְבֻכַדְנֶאצַּר מֶלֶךְ־בָּבֶל בְּעוֹד שְׁנָתַיִם יָמִים מֵעַל־צַוַּאר כָּל־הַגּוֹיִם וַיֵּלֶךְ יִרְמְיָה הַנָּבִיא לְדַרְכּוֹ ׃ פ	παρασκευάζετε τὰ τοξεύματα, πληροῦτε τὰς φαρέτρας· ἤγειρεν Κύριος τὸ πνεῦμα βασιλέως Μήδων, ὅτι εἰς Βαβυλῶνα ἡ ὀργὴ αὐτοῦ τοῦ ἐξολεθρεῦσαι αὐτήν, ὅτι ἐκδίκησις Κυρίου ἐστίν, ἐκδίκησις λαοῦ αὐτοῦ ἐστιν.	et ait Ananias in conspectu omnis populi dicens haec dicit Dominus sic confringam iugum Nabuchodonosor regis Babylonis post duos annos dierum de collo omnium gentium	Et ait Hananias in conspectu omnis populi, dicens: Hc dicit Dominus: Sic confringam jugum Nabuchodonosor regis Babylonis, post duos annos dierum de collo omnium gentium.		And Hananiah spake in the presence of all the people, saying, Thus saith the Lord; Even so will I break the yoke of Nebuchadnezzar king of Babylon from the neck of all nations within the space of two full years. And the prophet Jeremiah went his way.
Jer	28	12	וַיְהִי דְבַר־יְהוָה אֶל־יִרְמְיָה אַחֲרֵי שְׁבוֹר חֲנַנְיָה הַנָּבִיא אֶת־הַמּוֹטָה מֵעַל צַוַּאר יִרְמְיָה הַנָּבִיא לֵאמֹר ׃	ἐπὶ τειχέων Βαβυλῶνος ἄρατε σημεῖον, ἐπιστήσατε φαρέτρας, ἐγείρατε φυλακάς, ἑτοιμάσατε ὅπλα, ὅτι ἐνεχείρησεν· καὶ ποιήσει Κύριος ἃ ἐλάλησεν ἐπὶ τοὺς κατοικοῦντας Βαβυλῶνα,	et abiit Hieremias prophetes in viam suam et factum est verbum Domini ad Hieremiam postquam confregit Ananias propheta catenam de collo Hieremiae prophetae dicens	Et abiit Jeremias propheta in viam suam. Et factum est verbum Domini ad Jeremiam, postquam confregit Hananias propheta catenam de collo Jeremi, dicens:		Then the word of the Lord came unto Jeremiah the prophet, after that Hananiah the prophet had broken the yoke from off the neck of the prophet Jeremiah, saying,
Jer	28	13	הָלוֹךְ וְאָמַרְתָּ אֶל־חֲנַנְיָה לֵאמֹר כֹּה אָמַר יְהוָה מוֹטֹת עֵץ שָׁבָרְתָּ וְעָשִׂיתָ תַחְתֵּיהֶן מֹטוֹת בַּרְזֶל ׃	κατασκηνοῦντας ἐφʼ ὕδασι πολλοῖς καὶ ἐπὶ πλήθει θησαυρῶν αὐτῆς· ἤκει τὸ πέρας σου ἀληθῶς εἰς τὰ σπλάγχα σου.	vade et dices Ananiae haec dicit Dominus catenas ligneas contrivisti et facies pro eis catenas ferreas	Vade, et dices Hanani: Hc dicit Dominus: Catenas ligneas contrivisti: et facies pro eis catenas ferreas.		Go and tell Hananiah, saying, Thus saith the Lord; Thou hast broken the yokes of wood; but thou shalt make for them yokes of iron.
Jer	28	14	כִּי כֹה־אָמַר יְהוָה צְבָאוֹת אֱלֹהֵי יִשְׂרָאֵל עֹל בַּרְזֶל נָתַתִּי עַל־צַוַּאר כָּל־הַגּוֹיִם הָאֵלֶּה לַעֲבֹד אֶת־נְבֻכַדְנֶאצַּר מֶלֶךְ־בָּבֶל וַעֲבָדֻהוּ וְגַם אֶת־חַיַּת הַשָּׂדֶה נָתַתִּי לוֹ ׃	ὅτι ὤμοσεν Κύριος κατὰ τοῦ βραχίονος αὐτοῦ διότι Πληρώσω σε ἀνθρώπων ὡσεὶ ἀκρίδων, καὶ φθέγξονται ἐπὶ σέ οἱ καταβαίνοντες.	quia haec dicit Dominus exercituum Deus Israhel iugum ferreum posui super collum cunctarum gentium istarum ut serviant Nabuchodonosor regi Babylonis et servient ei insuper et bestias terrae dedi ei	Quia hc dicit Dominus exercituum, Deus Isral: Jugum ferreum posui super collum cunctarum gentium istarum, ut serviant Nabuchodonosor regi Babylonis, et servient ei: insuper et bestias terr dedi ei.		For thus saith the Lord of hosts, the God of Israel; I have put a yoke of iron upon the neck of all these nations, that they may serve Nebuchadnezzar king of Babylon; and they shall serve him: and I have given him the beasts of the field also.
Jer	28	15	וַיֹּאמֶר יִרְמְיָה הַנָּבִיא אֶל־חֲנַנְיָה הַנָּבִיא שְׁמַע־נָא חֲנַנְיָה לֹא־שְׁלָחֲךָ יְהוָה וְאַתָּה הִבְטַחְתָּ אֶת־הָעָם הַזֶּה עַל־שָׁקֶר ׃	ΙΙοιῶν γῆν ἐν τῇ ἰσχύι αὐτοῦ, ἑτοιμάζων οἰκουμένην ἐν τῇ σοφίᾳ αὐτοῦ, ἐν τῇ συνέσει αὐτοῦ ἐξέτεινεν τὸν οὐρανόν,	et dixit Hieremias propheta ad Ananiam prophetam audi Anania non misit te Dominus et tu confidere fecisti populum istum in mendacio	Et dixit Jeremias propheta ad Hananiam prophetam: Audi, Hanania: non misit te Dominus, et tu confidere fecisti populum istum in mendacio.		Then said the prophet Jeremiah unto Hananiah the prophet, Hear now, Hananiah; The Lord hath not sent thee; but thou makest this people to trust in a lie.
Jer	28	16	לָכֵן כֹּה אָמַר יְהוָה הִנְנִי מְשַׁלֵּחֲךָ מֵעַל פְּנֵי הָאֲדָמָה הַשָּׁנָה אַתָּה מֵת כִּי־סָרָה דִבַּרְתָּ אֶל־יְהוָה ׃	εἰς φωνὴν ἔθετο ἦχος ὕδατος ἐν τῷ οὐρανῷ, καὶ ἀνήγαγεν νεφέλας ἀπʼ ἐσχάτου τῆς γῆς, ἀστραπὰς εἰς ὑετὸν ἐποίησεν καὶ ἐξήγαγεν φῶς ἐκ τῶν θησαυρῶν αὐτοῦ.	idcirco haec dicit Dominus ecce emittam te a facie terrae hoc anno morieris adversum Dominum enim locutus es	Idcirco hc dicit Dominus: Ecce ego mittam te a facie terr: hoc anno morieris: adversum enim Dominum locutus es.		Therefore thus saith the Lord; Behold, I will cast thee from off the face of the earth: this year thou shalt die, because thou hast taught rebellion against the Lord.
Jer	28	17	וַיָּמָת חֲנַנְיָה הַנָּבִיא בַּשָּׁנָה הַהִיא בַּחֹדֶשׁ הַשְּׁבִיעִי ׃ פ	ἐματαιώθη πᾶς ἄνθρωπος ἀπὸ γνώσεως, κατῃσχύνθη πᾶς χρυσοχόος ἀπὸ τῶν γλυπτῶν αὐτοῦ, ὅτι ψευδῆ ἐχώνευσαν, οὐκ ἔστιν πνεῦμα ἐν αὐτοῖς.	et mortuus est Ananias propheta in anno illo mense septimo	Et mortuus est Hananias propheta in anno illo, mense septimo.		So Hananiah the prophet died the same year in the seventh month.
Jer	28	18		μάταιά ἐστιν, ἔργα μεμωκημένα, ἐν καιρῷ ἐπισκέψεως αὐτῶν ἀπολοῦνται.				
Jer	28	19		οὐ τοιαύτη μερὶς τῷ Ἰακώβ, ὅτι ὁ πλάσας τὰ πάντα αὐτός ἐστιν κληρονομία αὐτοῦ, Κύριος ὄνομα αὐτῷ.				
Jer	28	20		διασκορπίζεις σύ μοι σκεύη πολέμου, καὶ διασκορπιῶ ἐν σοὶ ἔθνη καὶ ἐξαρῶ ἐκ σοῦ βασιλεῖς.				
Jer	28	21		καὶ διασκορπιῶ ἐν σοὶ ἵππον καὶ ἐπιβάτην αὐτοῦ,				
Jer	28	22		καὶ διασκορπιῶ ἐν σοὶ ἅρματα καὶ ἀναβάτας αὐτῶν· καὶ διασκορπιῶ ἐν σοὶ νεανίσκον καὶ παρθένον, καὶ διασκορπιῶ ἐν σοὶ ἄνδρα καὶ γυναῖκα.				
Jer	28	23		καὶ διασκορπιῶ ἐν σοὶ ποιμένα καὶ τὸ ποίμνιον αὐτοῦ, καὶ διασκορπιῶ ἐν σοὶ γεωργὸν καὶ τὸ γεώργιον αὐτοῦ, καὶ διασκορπιῶ ἐν σοὶ ἡγεμόνας καὶ στρατηγούς σου.				
Jer	28	24		καὶ ἀνταποδώσω τῇ Βαβυλῶνι καὶ πᾶσι τοῖς κατοικοῦσι Χαλδαίοις πάσας τὰς κακίας αὐτῶν ἃς ἐποίησαν ἐπὶ Σειὼν κατʼ ὀφθαλμοὺς ὑμῶν, λέγει Κύριος.				
Jer	28	25		Ἰδοὺ ἐγὼ πρὸς σέ, τὸ ὄρος τὸ διεφθαρμένον τὸ διαφθεῖρον πᾶσαν τὴν γῆν, καὶ ἐκτενῶ τὴν χεῖρά μου ἐπὶ σὲ καὶ κατακυλιῶ σε ἐπὶ τῶν πετρῶν, καὶ δώσω σε ὡς ὄρος ἐμπεπυρισμένον,				
Jer	28	26		καὶ οὐ μὴ λάβωσιν ἀπὸ σοῦ λίθον εἰς γωνίαν καὶ λίθον εἰς θεμέλιον, ὅτι εἰς ἀφανισμὸν εἰς τὸν αἰῶνα ἔσῃ, λέγει Κύριος.				
Jer	28	27		ἄρατε σημεῖον ἐπὶ τῆς γῆς, σαλπίσατε ἐν ἔθνεσιν σάλπιγγι, ἁγιάσατε ἐπʼ αὐτὴν ἔθνη, παραγγείλατε ἐπʼ αὐτήν, βασιλεῖς ἄρατε παρʼ ἐμοῦ, καὶ τοῖς Ἀσχαναζέοις· ἐπιστήσατε ἐπʼ αὐτὴν βελοστάσεις, ἀναβιβάσατε ἐπʼ αὐτὴν ἵππον ὡς ἀκρίδων πλῆθος.				
Jer	28	28		ἀναβιβάσατε ἐπʼ αὐτὴν ἔθνη, τὸν βασιλέα τῶν Μήδων καὶ πάσης τῆς γῆς, τοὺς ἡγουμένους αὐτοῦ καὶ πάντας τοὺς στρατηγοὺς αὐτοῦ.				
Jer	28	29		ἐσείσθη ἡ γῆ καὶ ἐπόνεσεν, διότι ἐξανέστη ἐπὶ Βαβυλῶνα λογισμὸς Κυρίου τοῦ θεῖναι τὴν γῆν Βαβυλῶνος εἰς ἀφανισμὸν καὶ μὴ κατοικεῖσθαι αὐτήν.				
Jer	28	30		ἐξέλιπεν μαχητὴς Βαβυλῶνος τοῦ πολεμεῖν, καθήσονται ἐκεῖ ἐν περιοχῇ, ἐθραύσθη ἡ δυναστεία αὐτῶν, ἐγενήθησαν ὡσεὶ γυναῖκες· ἐνεπυρίσθη τὰ σκηνώματα αὐτῆς, συνετρίβησαν οἱ μοχλοὶ αὐτῆς.				
Jer	28	31		διώκων εἰς ἀπάντησιν διώκοντος διώξεται, καὶ ἀναγγέλλων εἰς ἀπάντησιν ἀναγγέλλοντος τοῦ ἀναγγεῖλαι τῷ βασιλεῖ Βαβυλῶνος ὅτι ἑάλωκεν ἡ πόλις αὐτοῦ,				
Jer	28	32		ἀπ᾿ ἐσχάτου τῶν διαβάσεων αὐτοῦ ἐλήμφθησαν, καὶ τὰ συστέματα αὐτῶν ἐνέπρησαν ἐν πυρί, καὶ οἱ ἄνδρες αὐτοῦ οἱ πολεμισταὶ ἐξέρχονται.				
Jer	28	33		διότι τάδε λέγει Κύριος Οἶκοι βασιλέως Βαβυλῶνος ὡς ἅλων ὥριμος ἀλοηθήσονται· ἔτι μικρὸν καὶ ἤξει ὁ ἀμητὸς αὐτῆς.				
Jer	28	34		κατέφαγέν με, ἐμερίσατό με, κατέλαβέν με σκότος λεπτόν, Ναβουχοδονόσορ βασιλεὺς Βαβυλῶνος κατέπιέν με, ὡς δράκων ἔπλησεν τὴν κοιλίαν αὐτοῦ ἀπὸ τῆς τρυφῆς μου·				
Jer	28	35		ἐξῶσάν με οἱ μόχθοι μου καὶ αἱ ταλαιπωρίαι μου εἰς Βαβυλῶνα, ἐρεῖ κατοικοῦσα Σειών, καὶ τὸ αἷμά μου ἐπὶ τοὺς κατοικοῦντας Χαλδαίους, ἐρεῖ Ἰερουσαλήμ·				
Jer	28	36		διὰ τοῦτο τάδε λέγει Κύριος Ἰδοὺ ἐγὼ κρινῶ τὴν ἀντίδικόν σου καὶ ἐκδικήσω τὴν ἐκδίκησίν σου, καὶ ἐρημώσω τὴν θάλασσαν αὐτῆς καὶ ξηρανῶ τὴν πηγὴν αὐτῆς·				
Jer	28	37		καὶ ἔσται Βαβυλὼν εἰς ἀφανισμόν, καὶ οὐ κατοικηθήσεται.				
Jer	28	38		ὅτι ἄμα ὡς λέοντες ἐξηγέρθησαν καὶ ὡς σκύμνοι λεόντων.				
Jer	28	39		ἐν τῇ θερμασίᾳ αὐτῶν δώσω πότημα αὐτοῖς, καὶ μεθύσω αὐτοὺς ὅπως καρωθῶσιν καὶ ὑπνώσωσιν ὕπνον αἰώνιον καὶ οὐ μὴ ἐγερθῶσι, λέγει Κύριος.				
Jer	28	40		καὶ καταβίβασον αὐτοὺς ὡς ἄρνας εἰς σφαγὴν καὶ ὡς κριοὺς μετʼ ἐρίφων.				
Jer	28	41		πῶς ἑάλω καὶ ἐθηρεύθη τὸ καύχημα πάσης τῆς γῆς; πῶς ἐγένετο Βαβυλὼν εἰς ἀφανισμὸν ἐν τοῖς ἔθνεσιν;				
Jer	28	42		ἀνέβη ἐπὶ Βαβυλῶνα ἡ θάλασσα ἐν ἤχῳ κυμάτων αὐτῆς, καὶ κατεκαλύφθη.				
Jer	28	43		ἐγενήθησαν αἱ πόλεις αὐτῆς ὡς γῆ ἄνυδρος καὶ ἄβατος, οὐ κατοικήσει ἐν αὐτῇ οὐδὲ εἰς, οὐδὲ μὴ καταλύσει ἐν αὐτῇ υἱὸς ἀνθρώπου.				
Jer	28	44		καὶ ἐκδικήσω ἐπὶ Βαβυλῶνα, καὶ ἐξοίσω ὃ κατέπιεν ἐκ τοῦ στόματος αὐτῆς, καὶ οὐ μὴ συναχθῶσιν πρὸς αὐτὴν ἔτι τὰ ἔθνη,				
Jer	28	49		καὶ ἐν Βαβυλῶνι πεσοῦνται τραυματίαι πάσης τῆς γῆς.				
Jer	28	50		ἀνασωζόμενοι ἐκ γῆς, πορεύεσθε καὶ μὴ ἵστασθε· οἱ μακρόθεν, μνήσθητε τοῦ κυρίου, καὶ Ἰερουσαλὴμ ἀναβήτω ἐπὶ τὴν καρδίαν ὑμῶν.				
Jer	28	51		ᾐσχύνθημεν, ὅτι ἠκούσαμεν ὀνειδισμὸν ἡμῶν, κατεκάλυψεν ἀτιμία τὸ πρόσωπον ἡμᾶν, εἰσῆλθον ἀλλογενεῖς εἰς τὰ ἅγια ἡμῶν, εἰς οἶκον Κυρίου.				
Jer	28	52		διὰ τοῦτο ἰδοὺ ἡμέραι, λέγει Κύριος, καὶ ἐκδικήσω ἐπὶ τὰ γλυπτὰ αὐτῆς, καὶ ἐν πάσῃ τῇ γῇ αὐτῆς πεσοῦνται τραυματίαι.				
Jer	28	53		ὅτι ἐὰν ἀναβῇ Βαβυλὼν ὡς ὁ οὐρανός, καὶ ὅτι ἐὰν ἀχυρώσῃ τὰ τείχη ἰσχύι αὐτῆς, παρʼ ἐμοῦ ἥξουσιν ἐξολεθρεύοντες αὐτήν, λέγει Κύριος.				
Jer	28	54		φωνὴ κραυγῆς ἐν Βαβυλῶνι, καὶ συντριβὴ μεγάλη ἐν γῇ Χαλδαίων,				
Jer	28	55		ὅτι ἐξωλέθρευσεν Κύριος τὴν Βαβυλῶνα, καὶ ἀπώλεσεν ἀπʼ αὐτῆς φωνὴν μεγάλην ἠχοῦσαν ὡς ὕδατα πολλά, ἔδωκεν εἰς ὄλεθρον φωνὴν αὐτῆς.				
Jer	28	56		ὅτι ἦλθεν ἐπὶ Βαβυλῶνα ταλαιπωρία, ἑάλωσαν οἱ μαχηταὶ αὐτῆς, ἐπτόηται τὸ τόξον αὐτῶν, ὅτι ὁ θεὸς ἀνταποδίδωσιν αὐτοῖς.				
Jer	28	57		Κύριος ἀνταποδίδωσιν καὶ μεθύσει μέθῃ τοὺς ἡγεμόνας αὐτῆς καὶ τοὺς σοφοὺς αὐτῆς καὶ τοὺς στρατηγοὺς αὐτῆς, λέγει ὁ βασιλεύς, Κύριος Παντοκράτωρ ὄνομα αὐτῷ.				
Jer	28	58		τάδε λέγει Κύριος Τεῖχος Βαβυλῶνος ἐπλατύνθη, κατασκαπτόμενον κατασκαφήσεται, καὶ αἱ πύλαι αὐτῆς αἱ ὑψηλαὶ ἐνπυρισθήσονται, καὶ οὐ κοπιάσουσιν λαοὶ εἰς κενόν, καὶ ἔθνη ἐν ἀρχῇ ἐκλείψουσιν.				
Jer	28	59		Ὁ λόγος ὃν ἐνετείλατο Κύριος Ἰερεμίᾳ τῷ προφήτῃ εἰπεῖν τῷ Σαραία υἱῷ Νηρείου υἱῷ Μαασαίου, ὅτε ἐπορεύετο παρὰ Σεδεκίου βασιλέως Ἰούδα εἰς Βαβυλῶνα, ἐν τῷ ἔτει τῷ τετάρτῳ τῆς βασιλείας αὐτοῦ· καὶ Σαραίας ἄρχων δώρων.				
Jer	28	60		καὶ ἔγραψεν Ἰερεμίας πάντα τὰ κακὰ ἃ ἥξει ἐπὶ Βαβυλῶνα ἐν βιβλίῳ, πάντας τοὺς λόγους τούτους τοὺς γεγραμμένους ἐπὶ Βαβυλῶνα.				
Jer	28	61		Καὶ εἶπεν Ἰερεμίας πρὸς Σαραίαν Ὅταν ἔλθῃς εἰς Βαβυλῶνα, καὶ ὄψῃ καὶ ἀναγνώσῃ πάντας τοὺς λόγους τούτους,				
Jer	28	62		καὶ ἐρεῖς Κύριε Κύριε, σὺ ἐλάλησας ἐπὶ τὸν τόπον τοῦτον τοῦ ἐξολεθρεῦσαι αὐτὸν καὶ τοῦ μὴ εἶναι ἐν αὐτῷ κατοικοῦντας ἀπὸ ἀνθρώπου ἕως κτήνους, ὅτι ἀφανισμὸς εἰς τὸν αἰῶνα ἔσται.				
Jer	28	63		καὶ ἔσται ὅταν παύσῃ τοῦ ἀναγινώσκειν τὸ βιβλίον τοῦτο, καὶ ἐπιδήσεις ἐπʼ αὐτὸ λίθον καὶ ῥίψεις αὐτὸ εἰς μέσον τοῦ Εὐφράτου,				
Jer	28	64		καὶ ἐρεῖς Οὕτως καταδύσεται Βαβυλών, καὶ οὐ μὴ ἀναστῇ ἀπὸ προσώπου τῶν Χαλδαίων ὧν ἐγὼ ἐπάγω ἐπʼ αὐτήν.				
Jer	29	1	וְאֵלֶּה דִּבְרֵי הַסֵּפֶר אֲשֶׁר שָׁלַח יִרְמְיָה הַנָּבִיא מִירוּשָׁלִָם אֶל־יֶתֶר זִקְנֵי הַגּוֹלָה וְאֶל־הַכֹּהֲנִים וְאֶל־הַנְּבִיאִים וְאֶל־כָּל־הָעָם אֲשֶׁר הֶגְלָה נְבוּכַדְנֶאצַּר מִירוּשָׁלִַם בָּבֶלָה ׃	Ἐπὶ τοὺς ἀλλοφύλους. (2)Τάδε λέγει Κύριος	et haec sunt verba libri quae misit Hieremias propheta de Hierusalem ad reliquias seniorum transmigrationis et ad sacerdotes et ad prophetas et ad omnem populum quem transduxerat Nabuchodonosor de Hierusalem in Babylonem	Et hc sunt verba libri quem misit Jeremias propheta de Jerusalem ad reliquias seniorum transmigrationis, et ad sacerdotes, et ad prophetas, et ad omnem populum quem traduxerat Nabuchodonosor de Jerusalem in Babylonem,		Now these are the words of the letter that Jeremiah the prophet sent from Jerusalem unto the residue of the elders which were carried away captives, and to the priests, and to the prophets, and to all the people whom Nebuchadnezzar had carried away captive from Jerusalem to Babylon;
Jer	29	2	אַחֲרֵי צֵאת יְכָנְיָה־הַמֶּלֶךְ וְהַגְּבִירָה וְהַסָּרִיסִים שָׂרֵי יְהוּדָה וִירוּשָׁלִַם וְהֶחָרָשׁ וְהַמַּסְגֵּר מִירוּשָׁלִָם ׃	Ἰδοὺ ὕδατα ἀναβαίνει ἀπὸ βορρᾶ, καὶ ἔσται εἰς χειμάρρουν κατακλύζοντα, καὶ κατακλύσει γῆν καὶ τὸ πλήρωμα αὐτῆς, πολιν καὶ τοὺς κατοικοῦντας ἐν αὐτῇ· καὶ κεκράξονται οἱ ἄνθρωποι, καὶ ἀλαλάξουσιν ἄπαντες οἱ κατοικοῦντες τὴν γῆν	postquam egressus est Iechonias rex et domina et eunuchi et principes Iuda et Hierusalem et faber et inclusor de Hierusalem	postquam egressus est Jechonias rex, et domina, et eunuchi, et principes Juda et Jerusalem, et faber et inclusor, de Jerusalem,		(After that Jeconiah the king, and the queen, and the eunuchs, the princes of Judah and Jerusalem, and the carpenters, and the smiths, were departed from Jerusalem;)
Jer	29	3	בְּיַד אֶלְעָשָׂה בֶן־שָׁפָן וּגְמַרְיָה בֶּן־חִלְקִיָּה אֲשֶׁר שָׁלַח צִדְקִיָּה מֶלֶךְ־יְהוּדָה אֶל־נְבוּכַדְנֶאצַּר מֶלֶךְ בָּבֶל בָּבֶלָה לֵאמֹר ׃ ס	ἀπὸ φωνῆς ὁρμῆς αὐτοῦ, ἀπὸ τῶν ὁπλῶν τῶν ποδῶν αὐτοῦ καὶ ἀπὸ σεισμοῦ τῶν ἁρματων αὐτοῦ, ἤχου τροχῶν αὐτοῦ. οὐκ ἐπέστρεψαν πατέρες ἐφʼ υἱοὺς αὐτῶν ἀπὸ ἐκλύσεως χειρῶν αὐτῶν,	in manu Ellasa filii Saphan et Gamaliae filii Helciae quos misit Sedecias rex Iuda ad Nabuchodonosor regem Babylonis in Babylonem dicens	in manu Elasa filii Saphan, et Gamari filii Helci, quos misit Sedecias rex Juda ad Nabuchodonosor regem Babylonis in Babylonem, dicens:		By the hand of Elasah the son of Shaphan, and Gemariah the son of Hilkiah, (whom Zedekiah king of Judah sent unto Babylon to Nebuchadnezzar king of Babylon) saying,
Jer	29	4	כֹּה אָמַר יְהוָה צְבָאוֹת אֱלֹהֵי יִשְׂרָאֵל לְכָל־הַגּוֹלָה אֲשֶׁר־הִגְלֵיתִי מִירוּשָׁלִַם בָּבֶלָה ׃	ἐν τῇ ἡμέρᾳ τῇ ἐπερχομένῃ τοῦ ἀπολέσαι πάντας τοὺς ἀλλοφύλους. καὶ ἀφανιῶ τὴν Τύρον καὶ τὴν Σειδῶνα καὶ πάντας τοὺς καταλοίπους τῆς βοηθείας αὐτῶν, ὅτι ἐξολεθρεύσει Κύριος τοὺς καταλοίπους τῶν νήσων.	haec dicit Dominus exercituum Deus Israhel omni transmigrationi quam transtuli de Hierusalem in Babylonem	Hc dicit Dominus exercituum, Deus Isral, omni transmigrationi quam transtuli de Jerusalem in Babylonem:		Thus saith the Lord of hosts, the God of Israel, unto all that are carried away captives, whom I have caused to be carried away from Jerusalem unto Babylon;
Jer	29	5	בְּנוּ בָתִּים וְשֵׁבוּ וְנִטְעוּ גַנּוֹת וְאִכְלוּ אֶת־פִּרְיָן ׃	ἥκει φαλάκρωμα ἐπὶ Γάζαν, ἀπερίφη Ἀσκάλων καὶ οἱ κατάλοιποι Ἐνακείμ.	aedificate domos et habitate et plantate hortos et comedite fructum eorum	dificate domos, et habitate: et plantate hortos, et comedite fructum eorum.		Build ye houses, and dwell in them; and plant gardens, and eat the fruit of them;
Jer	29	6	קְחוּ נָשִׁים וְהוֹלִידוּ בָּנִים וּבָנוֹת וּקְחוּ לִבְנֵיכֶם נָשִׁים וְאֶת־בְּנוֹתֵיכֶם תְּנוּ לַאֲנָשִׁים וְתֵלַדְנָה בָּנִים וּבָנוֹת וּרְבוּ־שָׁם וְאַל־תִּמְעָטוּ ׃	ἕως τίνος κόψεις, (⁶)ἡ μάχαιρα τοῦ κυρίου; ἕως τίνος οὐχ ἡσυχάσεις; ἀποκατάστηθι εἰς τὸν κολεόν σου, ἀνάπαυσαι καὶ ἐπάρθητι.	accipite uxores et generate filios et filias date filiis vestris uxores et filias vestras date viris et pariant filios et filias et multiplicamini ibi et nolite esse pauci numero	Accipite uxores, et generate filios et filias: et date filiis vestris uxores, et filias vestras date viris, et pariant filios et filias: et multiplicamini ibi, et nolite esse pauci numero.		Take ye wives, and beget sons and daughters; and take wives for your sons, and give your daughters to husbands, that they may bear sons and daughters; that ye may be increased there, and not diminished.
Jer	29	7	וְדִרְשׁוּ אֶת־שְׁלוֹם הָעִיר אֲשֶׁר הִגְלֵיתִי אֶתְכֶם שָׁמָּה וְהִתְפַּלְלוּ בַעֲדָהּ אֶל־יְהוָה כִּי בִשְׁלוֹמָהּ יִהְיֶה לָכֶם שָׁלוֹם ׃ פ	πῶς ἡσυχάσεις καὶ Κύριος ἐνετείλατο αὐτῇ ἐπὶ τὴν Ἀσκάλωνα καὶ ἐπὶ τὰς παραθαλασσίους, ἐπὶ τὰς καταλοίπους, ἐπεγερθῆναι.	et quaerite pacem civitatis ad quam transmigrare vos feci et orate pro ea ad Dominum quia in pace illius erit pax vobis	Et qurite pacem civitatis ad quam transmigrare vos feci, et orate pro ea ad Dominum, quia in pace illius erit pax vobis.		And seek the peace of the city whither I have caused you to be carried away captives, and pray unto the Lord for it: for in the peace thereof shall ye have peace.
Jer	29	8	כִּי כֹה אָמַר יְהוָה צְבָאוֹת אֱלֹהֵי יִשְׂרָאֵל אַל־יַשִּׁיאוּ לָכֶם נְבִיאֵיכֶם אֲשֶׁר־בְּקִרְבְּכֶם וְקֹסְמֵיכֶם וְאַל־תִּשְׁמְעוּ אֶל־חֲלֹמֹתֵיכֶם אֲשֶׁר אַתֶּם מַחְלְמִים ׃	Τῇ Ἰδουμαίᾳ. Τάδε λέγει Κύριος Οὐκ ἔστιν ἔτι σοφία ἐν Θαιμάν, ἀπώλετο βουλὴ ἐκ συνετῶν, ὤχετο σοφία αὐτῶν,	haec enim dicit Dominus exercituum Deus Israhel non vos inducant prophetae vestri qui sunt in medio vestrum et divini vestri et ne adtendatis ad somnia vestra quae vos somniatis	Hc enim dicit Dominus exercituum, Deus Isral: Non vos seducant prophet vestri qui sunt in medio vestrum, et divini vestri, et ne attendatis ad somnia vestra qu vos somniatis,		For thus saith the Lord of hosts, the God of Israel; Let not your prophets and your diviners, that be in the midst of you, deceive you, neither hearken to your dreams which ye cause to be dreamed.
Jer	29	9	כִּי בְשֶׁקֶר הֵם נִבְּאִים לָכֶם בִּשְׁמִי לֹא שְׁלַחְתִּים נְאֻם־יְהוָה ׃ ס	ἠπατήθη ὁ τόπος αὐτῶν. βαθύνατε εἰς κάθισιν οἱ κατοικοῦντες ἐν Δαιδάμ, ὅτι δύσκολα ἐποίησεν· ἤγαγον ἐπʼ αὐτὸν ἐν χρόνῳ ᾧ ἐπεσκεψάμην ἐπʼ αὐτόν.	quia falso ipsi prophetant vobis in nomine meo et non misi eos dicit Dominus	quia falso ipsi prophetant vobis in nomine meo: et non misi eos, dicit Dominus.		For they prophesy falsely unto you in my name: I have not sent them, saith the Lord.
Jer	29	10	כִּי־כֹה אָמַר יְהוָה כִּי לְפִי מְלֹאת לְבָבֶל שִׁבְעִים שָׁנָה אֶפְקֹד אֶתְכֶם וַהֲקִמֹתִי עֲלֵיכֶם אֶת־דְּבָרִי הַטּוֹב לְהָשִׁיב אֶתְכֶם אֶל־הַמָּקוֹם הַזֶּה ׃	ὅτι τρυγηταὶ ἦλθον οἳ οὐ καταλείψουσίν σοι κατάλιμμα· ὡς κλέπται ἐν νυκτὶ ἐπιθήσουσιν χεῖρα αὐτῶν.	quia haec dicit Dominus cum coeperint impleri in Babylone septuaginta anni visitabo vos et suscitabo super vos verbum meum bonum ut reducam vos ad locum istum	Quia hc dicit Dominus: Cum cperint impleri in Babylone septuaginta anni, visitabo vos, et suscitabo super vos verbum meum bonum, ut reducam vos ad locum istum.		For thus saith the Lord, That after seventy years be accomplished at Babylon I will visit you, and perform my good word toward you, in causing you to return to this place.
Jer	29	11	כִּי אָנֹכִי יָדַעְתִּי אֶת־הַמַּחֲשָׁבֹת אֲשֶׁר אָנֹכִי חֹשֵׁב עֲלֵיכֶם נְאֻם־יְהוָה מַחְשְׁבוֹת שָׁלוֹם וְלֹא לְרָעָה לָתֵת לָכֶם אַחֲרִית וְתִקְוָה ׃	ὅτι ἐγὼ κατέσυρα τὸν Ἠσού, ἀνεκάλυψα τὰ κρυπτὰ αὐτῶν, κρυβῆναι οὐ μὴ δύνωνται· ὤλοντο διὰ χεῖρα ἀδελφοῦ αὐτοῦ γείτονός μου, καὶ οὐκ ἔστιν	ego enim scio cogitationes quas cogito super vos ait Dominus cogitationes pacis et non adflictionis ut dem vobis finem et patientiam	Ego enim scio cogitationes quas ego cogito super vos, ait Dominus, cogitationes pacis et non afflictionis, ut dem vobis finem et patientiam.		For I know the thoughts that I think toward you, saith the Lord, thoughts of peace, and not of evil, to give you an expected end.
Jer	29	12	וּקְרָאתֶם אֹתִי וַהֲלַכְתֶּם וְהִתְפַּלַּלְתֶּם אֵלָי וְשָׁמַעְתִּי אֲלֵיכֶם ׃	ὑπολιπέσθαι ὀρφανόν σου ἵνα ζήσεται· καὶ ἐγὼ ζήσομαι, καὶ χῆραι ἐπʼ ἐμέ πεποίθασιν.	et invocabitis me et ibitis et orabitis me et exaudiam vos	Et invocabitis me, et ibitis: et orabitis me, et ego exaudiam vos.		Then shall ye call upon me, and ye shall go and pray unto me, and I will hearken unto you.
Jer	29	13	וּבִקַּשְׁתֶּם אֹתִי וּמְצָאתֶם כִּי תִדְרְשֻׁנִי בְּכָל־לְבַבְכֶם ׃	ὅτι τάδε εἶπεν Κύριος Οἷς οὐκ ἦν νόμος πιεῖν τὸ ποτήριον, ἔπιον· καὶ σὺ ἀθῳωμένη οὐ μὴ ἀθῳωθῇς,	quaeretis me et invenietis cum quaesieritis me in toto corde vestro	Quretis me, et invenietis, cum qusieritis me in toto corde vestro.		And ye shall seek me, and find me, when ye shall search for me with all your heart.
Jer	29	14	וְנִמְצֵאתִי לָכֶם נְאֻם־יְהוָה וְשַׁבְתִּי אֶת־שְׁבִיתְכֶם וְקִבַּצְתִּי אֶתְכֶם מִכָּל־הַגּוֹיִם וּמִכָּל־הַמְּקוֹמוֹת אֲשֶׁר הִדַּחְתִּי אֶתְכֶם שָׁם נְאֻם־יְהוָה וַהֲשִׁבֹתִי אֶתְכֶם אֶל־הַמָּקוֹם אֲשֶׁר־הִגְלֵיתִי אֶתְכֶם מִשָּׁם ׃	ὅτι κατʼ ἐμαυτοῦ ὤμοσα, λέγει Κύριος, ὅτι εἰς ἄβατον καὶ εἰς ὀνειδισμὸν καὶ εἰς κατάρασιν ἔσῃ ἐν μέσῳ αὐτῆς, καὶ πᾶσαι αἱ πόλεις αὐτῆς ἔσονται ἔρημοι εἰς αἰῶνα.	et inveniar a vobis ait Dominus et reducam captivitatem vestram et congregabo vos de universis gentibus et de cunctis locis ad quae expuli vos dicit Dominus et reverti vos faciam de loco ad quem transmigrare vos feci	Et inveniar a vobis, ait Dominus: et reducam captivitatem vestram, et congregabo vos de universis gentibus et de cunctis locis ad qu expuli vos, dicit Dominus, et reverti vos faciam de loco ad quem transmigrare vos feci.		And I will be found of you, saith the Lord: and I will turn away your captivity, and I will gather you from all the nations, and from all the places whither I have driven you, saith the Lord; and I will bring you again into the place whence I caused you to be carried away captive.
Jer	29	15	כִּי אֲמַרְתֶּם הֵקִים לָנוּ יְהוָה נְבִאִים בָּבֶלָה ׃ ס	ἀκοὴν ἤκουσα παρὰ Κυρίου, καὶ ἀγγέλους εἰς ἔθνη ἀπέστειλεν Συνάχθητε καὶ παραγένεσθε εἰς αὐτήν, ἀνάστητε εἰς πόλεμον.	quia dixistis suscitavit nobis Dominus prophetas in Babylone	Quia dixistis: Suscitavit nobis Dominus prophetas in Babylone:		Because ye have said, The Lord hath raised us up prophets in Babylon;
Jer	29	16	כִּי־כֹה אָמַר יְהוָה אֶל־הַמֶּלֶךְ הַיּוֹשֵׁב אֶל־כִּסֵּא דָוִד וְאֶל־כָּל־הָעָם הַיּוֹשֵׁב בָּעִיר הַזֹּאת אֲחֵיכֶם אֲשֶׁר לֹא־יָצְאוּ אִתְּכֶם בַּגּוֹלָה ׃	μικρὸν ἔδωκά σε ἐν ἔθνεσιν, εὐκαταφρόνητον ἐν ἀνθρώποις.	quia haec dicit Dominus ad regem qui sedet super solium David et ad omnem populum habitatorem urbis huius ad fratres vestros qui non sunt egressi vobiscum in transmigrationem	quia hc dicit Dominus ad regem qui sedet super solium David, et ad omnem populum habitatorem urbis hujus, ad fratres vestros qui non sunt egressi vobiscum in transmigrationem:		Know that thus saith the Lord of the king that sitteth upon the throne of David, and of all the people that dwelleth in this city, and of your brethren that are not gone forth with you into captivity;
Jer	29	17	כֹּה אָמַר יְהוָה צְבָאוֹת הִנְנִי מְשַׁלֵּחַ בָּם אֶת־הַחֶרֶב אֶת־הָרָעָב וְאֶת־הַדָּבֶר וְנָתַתִּי אוֹתָם כַּתְּאֵנִים הַשֹּׁעָרִים אֲשֶׁר לֹא־תֵאָכַלְנָה מֵרֹעַ ׃	ἡ παιγνία σου ἐνεχείρησέν σοι, ἰταμία καρδίας σου κατέλυσεν τρυμαλιὰς πετρῶν, συνέλαβεν ἰσχὺν βουνοῦ ὑψηλοῦ· ὅτι ὕψωσεν ὥσπερ ἀετὸς νοσσιὰν αὐτοῦ, ἐκεῖθεν καθελῶ σε.	haec dicit Dominus exercituum ecce mittam in eis gladium et famem et pestem et ponam eos quasi ficus malas quae comedi non possunt eo quod pessimae sint	hc dicit Dominus exercituum: Ecce mittam in eos gladium, et famem, et pestem: et ponam eos quasi ficus malas, qu comedi non possunt eo quod pessim sint:		Thus saith the Lord of hosts; Behold, I will send upon them the sword, the famine, and the pestilence, and will make them like vile figs, that cannot be eaten, they are so evil.
Jer	29	18	וְרָדַפְתִּי אַחֲרֵיהֶם בַּחֶרֶב בָּרָעָב וּבַדָּבֶר וּנְתַתִּים לִזְוָעָה לְכֹל מַמְלְכוֹת הָאָרֶץ לְאָלָה וּלְשַׁמָּה וְלִשְׁרֵקָה וּלְחֶרְפָּה בְּכָל־הַגּוֹיִם אֲשֶׁר־הִדַּחְתִּים שָׁם ׃	καὶ ἔσται ἡ Ἰδουμαία εἰς ἄβατον, πᾶς ὁ παραπορευόμενος ἐπʼ αὐτὴν συριεῖ.	et persequar eos in gladio in fame et in pestilentia et dabo eos in vexationem universis regnis terrae in maledictionem et in stuporem et in sibilum et in obprobrium cunctis gentibus ad quas ego eieci eos	et persequar eos in gladio, et in fame, et in pestilentia: et dabo eos in vexationem universis regnis terr: in maledictionem, et in stuporem, et in sibilum, et in opprobrium cunctis gentibus ad quas ego ejeci eos,		And I will persecute them with the sword, with the famine, and with the pestilence, and will deliver them to be removed to all the kingdoms of the earth, to be a curse, and an astonishment, and an hissing, and a reproach, among all the nations whither I have driven them:
Jer	29	19	תַּחַת אֲשֶׁר־לֹא־שָׁמְעוּ אֶל־דְּבָרַי נְאֻם־יְהוָה אֲשֶׁר שָׁלַחְתִּי אֲלֵיהֶם אֶת־עֲבָדַי הַנְּבִאִים הַשְׁכֵּם וְשָׁלֹחַ וְלֹא שְׁמַעְתֶּם נְאֻם־יְהוָה ׃	ὥσπερ κατεστράφη Σόδομα καὶ Γόμορρα καὶ αἱ πάροικοι αὐτῆς, εἶπεν Κύριος Παντοκράτωρ, οὐ μὴ καθίσῃ ἐκεῖ ἄνθρωπος, καὶ οὐ μὴ ἐνοικήσει ἐκεῖ υἱὸς ἀνθρώπου.	eo quod non audierint verba mea dicit Dominus quae misi ad eos per servos meos prophetas de nocte consurgens et mittens et non audistis dicit Dominus	eo quod non audierint verba mea, dicit Dominus, qu misit ad eos per servos meos prophetas, de nocte consurgens et mittens: et non audistis, dicit Dominus.		Because they have not hearkened to my words, saith the Lord, which I sent unto them by my servants the prophets, rising up early and sending them; but ye would not hear, saith the Lord.
Jer	29	20	וְאַתֶּם שִׁמְעוּ דְבַר־יְהוָה כָּל־הַגּוֹלָה אֲשֶׁר־שִׁלַּחְתִּי מִירוּשָׁלִַם בָּבֶלָה ׃ ס	ἰδοὺ ὥσπερ λέων ἀναβήσεται ἐκ μέσου τοῦ Ἰορδάνου εἰς τόπον Αἰθάμ, ὅτι ταχὺ ἐκδιώξω αὐτοὺς ἀπʼ αὐτῆς· καὶ τοὺς νεανίσκους ἐπʼ αὐτὴν ἐπιστήσατε. ὅτι τίς ὥσπερ ἐγώ ; καὶ τίς ἀντιστήσεταί μοι; καὶ τίς οὗτος ποιμὴν ὃς στήσεται κατὰ πρόσωπόν μου;	vos ergo audite verbum Domini omnis transmigratio quam emisi de Hierusalem in Babylonem	Vos ergo audite verbum Domini, omnis transmigratio quam emisi de Jerusalem in Babylonem.		Hear ye therefore the word of the Lord, all ye of the captivity, whom I have sent from Jerusalem to Babylon:
Jer	29	21	כֹּה־אָמַר יְהוָה צְבָאוֹת אֱלֹהֵי יִשְׂרָאֵל אֶל־אַחְאָב בֶּן־קוֹלָיָה וְאֶל־צִדְקִיָּהוּ בֶן־מַעֲשֵׂיָה הַנִּבְּאִים לָכֶם בִּשְׁמִי שָׁקֶר הִנְנִי נֹתֵן אֹתָם בְּיַד נְבוּכַדְרֶאצַּר מֶלֶךְ־בָּבֶל וְהִכָּם לְעֵינֵיכֶם ׃	διὰ τοῦτο ἀκούσατε βουλὴν Κυρίου ἣν ἐβουλεύσατο ἐπὶ τὴν Ἰδουμαίαν, καὶ λογισμὸν αὐτοῦ ὃν ἐλογίσατο ἐπὶ τοὺς κατοικοῦντας Θαιμάν Ἐὰν μὴ συνψηθῶσιν τὰ ἐλάχιστα τῶν προβάτων, ἐὰν μὴ ἀβατωθῇ ἐπʼ αὐτὴν κατάλυσις αὐτῶν·	haec dicit Dominus exercituum Deus Israhel ad Ahab filium Culia et ad Sedeciam filium Maasiae qui prophetant vobis in nomine meo mendaciter ecce ego tradam eos in manu Nabuchodonosor regis Babylonis et percutiet eos in oculis vestris	Hc dicit Dominus exercituum, Deus Isral, ad Achab filium Coli, et ad Sedeciam filium Maasi, qui prophetant vobis in nomine meo mendaciter: Ecce ego tradam eos in manus Nabuchodonosor regis Babylonis, et percutiet eos in oculis vestris:		Thus saith the Lord of hosts, the God of Israel, of Ahab the son of Kolaiah, and of Zedekiah the son of Maaseiah, which prophesy a lie unto you in my name; Behold, I will deliver them into the hand of Nebuchadrezzar king of Babylon; and he shall slay them before your eyes;
Jer	29	22	וְלֻקַּח מֵהֶם קְלָלָה לְכֹל גָּלוּת יְהוּדָה אֲשֶׁר בְּבָבֶל לֵאמֹר יְשִׂמְךָ יְהוָה כְּצִדְקִיָּהוּ וּכְאֶחָב אֲשֶׁר־קָלָם מֶלֶךְ־בָּבֶל בָּאֵשׁ ׃	ὅτι ἀπὸ φωνῆς πτώσεως αὐτῶν ἐφοβήθη ἡ γῆ, καὶ κραυγὴ θαλάσσης οὐκ ἠκούσθη.	et adsumetur ex eis maledictio omni transmigrationi Iuda quae est in Babylone dicentium ponat te Dominus sicut Sedeciam et sicut Ahab quos frixit rex Babylonis in igne	et assumetur ex eis maledictio omni transmigrationi Juda qu est in Babylone, dicentium: Ponat te Dominus sicut Sedeciam et sicut Achab, quos frixit rex Babylonis in igne:		And of them shall be taken up a curse by all the captivity of Judah which are in Babylon, saying, The Lord make thee like Zedekiah and like Ahab, whom the king of Babylon roasted in the fire;
Jer	29	23	יַעַן אֲשֶׁר עָשׂוּ נְבָלָה בְּיִשְׂרָאֵל וַיְנַאֲפוּ אֶת־נְשֵׁי רֵעֵיהֶם וַיְדַבְּרוּ דָבָר בִּשְׁמִי שֶׁקֶר אֲשֶׁר לוֹא צִוִּיתִם וְאָנֹכִי הוּיֹדֵעַ וָעֵד נְאֻם־יְהוָה ׃ ס	ἰδοὺ ὥσπερ ἀετὸς ὄψεται καὶ ἐκτείνει τὰς πτέρυγας ἐπʼ ὀχυρώματα αὐτῆς· καὶ ἔσται ἡ καρδία τῶν ἰσχυρῶν τῆς Ἰδουμαίας ἐν τῇ ἡμέρᾳ ἐκείνῃ ὡς καρδία γυναικὸς ὠδινούσης.	pro eo quod fecerint stultitiam in Israhel et moechati sunt in uxores amicorum suorum et locuti sunt verbum in nomine meo mendaciter quod non mandavi eis ego sum iudex et testis dicit Dominus	pro eo quod fecerint stultitiam in Isral, et mchati sunt in uxores amicorum suorum, et locuti sunt verbum in nomine meo mendaciter, quod non mandavi eis. Ego sum judex et testis, dicit Dominus.		Because they have committed villany in Israel, and have committed adultery with their neighbours' wives, and have spoken lying words in my name, which I have not commanded them; even I know, and am a witness, saith the Lord.
Jer	29	24	וְאֶל־שְׁמַעְיָהוּ הַנֶּחֱלָמִי תֹּאמַר לֵאמֹר ׃		et ad Semeiam Neelamiten dices	Et ad Semeiam Nehelamiten dices:		Thus shalt thou also speak to Shemaiah the Nehelamite, saying,
Jer	29	25	כֹּה־אָמַר יְהוָה צְבָאוֹת אֱלֹהֵי יִשְׂרָאֵל לֵאמֹר יַעַן אֲשֶׁר אַתָּה שָׁלַחְתָּ בְשִׁמְכָה סְפָרִים אֶל־כָּל־הָעָם אֲשֶׁר בִּירוּשָׁלַםִ וְאֶל־צְפַנְיָה בֶן־מַעֲשֵׂיָה הַכֹּהֵן וְאֶל כָּל־הַכֹּהֲנִים לֵאמֹר ׃		haec dicit Dominus exercituum Deus Israhel pro eo quod misisti in nomine tuo libros ad omnem populum qui est in Hierusalem et ad Sophoniam filium Maasiae sacerdotem et ad universos sacerdotes dicens	Hc dicit Dominus exercituum, Deus Isral: Pro eo quod misisti in nomine tuo libros ad omnem populum qui est in Jerusalem, et ad Sophoniam filium Maasi sacerdotem, et ad universos sacerdotes, dicens:		Thus speaketh the Lord of hosts, the God of Israel, saying, Because thou hast sent letters in thy name unto all the people that are at Jerusalem, and to Zephaniah the son of Maaseiah the priest, and to all the priests, saying,
Jer	29	26	יְהוָה נְתָנְךָ כֹהֵן תַּחַת יְהוֹיָדָע הַכֹּהֵן לִהְיוֹת פְּקִדִים בֵּית יְהוָה לְכָל־אִישׁ מְשֻׁגָּע וּמִתְנַבֵּא וְנָתַתָּה אֹתוֹ אֶל־הַמַּהְפֶּכֶת וְאֶל־הַצִּינֹק ׃		Dominus dedit te sacerdotem pro Ioiadae sacerdote ut sis dux in domo Domini super omnem virum arrepticium et prophetantem ut mittas eum in nervum et in carcerem	Dominus dedit te sacerdotem pro Jojade sacerdote, ut sis dux in domo Domini, super omnem virum arreptitium et prophetantem, ut mittas eum in nervum et in carcerem:		The Lord hath made thee priest in the stead of Jehoiada the priest, that ye should be officers in the house of the Lord, for every man that is mad, and maketh himself a prophet, that thou shouldest put him in prison, and in the stocks.
Jer	29	27	וְעַתָּה לָמָּה לֹא גָעַרְתָּ בְּיִרְמְיָהוּ הָעֲנְּתֹתִי הַמִּתְנַבֵּא לָכֶם ׃		et nunc quare non increpasti Hieremiam Anathothiten qui prophetat vobis	et nunc quare non increpasti Jeremiam Anathothiten, qui prophetat vobis?		Now therefore why hast thou not reproved Jeremiah of Anathoth, which maketh himself a prophet to you?
Jer	29	28	כִּי עַל־כֵּן שָׁלַח אֵלֵינוּ בָּבֶל לֵאמֹר אֲרֻכָּה הִיא בְּנוּ בָתִּים וְשֵׁבוּ וְנִטְעוּ גַנּוֹת וְאִכְלוּ אֶת־פְּרִיהֶן ׃		quia super hoc misit ad nos in Babylonem dicens longum est aedificate domos et habitate et plantate hortos et comedite fructum eorum	Quia super hoc misit in Babylonem ad nos, dicens: Longum est: dificate domos, et habitate: et plantate hortos, et comedite fructus eorum.		For therefore he sent unto us in Babylon, saying, This captivity is long: build ye houses, and dwell in them; and plant gardens, and eat the fruit of them.
Jer	29	29	וַיִּקְרָא צְפַנְיָה הַכֹּהֵן אֶת־הַסֵּפֶר הַזֶּה בְּאָזְנֵי יִרְמְיָהוּ הַנָּבִיא ׃ פ		legit ergo Sophonias sacerdos librum istum in auribus Hieremiae prophetae	Legit ergo Sophonias sacerdos librum istum in auribus Jeremi prophet.		And Zephaniah the priest read this letter in the ears of Jeremiah the prophet.
Jer	29	30	וַיְהִי דְּבַר־יְהוָה אֶל־יִרְמְיָהוּ לֵאמֹר ׃		et factum est verbum Domini ad Hieremiam dicens	Et factum est verbum Domini ad Jeremiam, dicens:		Then came the word of the Lord unto Jeremiah, saying,
Jer	29	31	שְׁלַח עַל־כָּל־הַגּוֹלָה לֵאמֹר כֹּה אָמַר יְהוָה אֶל־שְׁמַעְיָה הַנֶּחֱלָמִי יַעַן אֲשֶׁר נִבָּא לָכֶם שְׁמַעְיָה וַאֲנִי לֹא שְׁלַחְתִּיו וַיַּבְטַח אֶתְכֶם עַל־שָׁקֶר ׃		mitte ad omnem transmigrationem dicens haec dicit Dominus ad Semeiam Neelamiten pro eo quod prophetavit vobis Semeias et ego non misi eum et fecit vos confidere in mendacio	Mitte ad omnem transmigrationem, dicens: Hc dicit Dominus ad Semeiam Nehelamiten: Pro eo quod prophetavit vobis Semeias, et ego non misi eum, et fecit vos confidere in mendacio,		Send to all them of the captivity, saying, Thus saith the Lord concerning Shemaiah the Nehelamite; Because that Shemaiah hath prophesied unto you, and I sent him not, and he caused you to trust in a lie:
Jer	29	32	לָכֵן כֹּה־אָמַר יְהוָה הִנְנִי פֹקֵד עַל־שְׁמַעְיָה הַנֶּחֱלָמִי וְעַל־זַרְעוֹ לֹא־יִהְיֶה לוֹ אִישׁ יוֹשֵׁב בְּתוֹךְ־הָעָם הַזֶּה וְלֹא־יִרְאֶה בַטּוֹב אֲשֶׁר־אֲנִי עֹשֶׂה־לְעַמִּי נְאֻם־יְהוָה כִּי־סָרָה דִבֶּר עַל־יְהוָה ׃ ס		idcirco haec dicit Dominus ecce ego visitabo super Semeiam Neelamiten et super semen eius non erit ei vir sedens in medio populi huius et non videbit bonum quod ego faciam populo meo ait Dominus quia praevaricationem locutus est adversum Dominum	idcirco hc dicit Dominus: Ecce ego visitabo super Semeiam Nehelamiten, et super semen ejus: non erit ei vir sedens in medio populi hujus, et non videbit bonum quod ego faciam populo meo, ait Dominus, quia prvaricationem locutus est adversus Dominum.		Therefore thus saith the Lord; Behold, I will punish Shemaiah the Nehelamite, and his seed: he shall not have a man to dwell among this people; neither shall he behold the good that I will do for my people, saith the Lord; because he hath taught rebellion against the Lord.
Jer	30	1	הַדָּבָר אֲשֶׁר הָיָה אֶל־יִרְמְיָהוּ מֵאֵת יְהוָה לֵאמֹר ׃	Τοῖς υἱοῖς Ἀμμῶν. Οὕτως εἶπεν Κύριος Μὴ υἱοὶ οὐκ εἰσὶν ἐν Ἰσραὴλ, ἡ παραλημψόμενος οὐκ ἔστιν αὐτοῖς; διὰ τί παρέλαβεν Μελχὸλ τὴν Γαλαάδ, καὶ ὁ λαὸς αὐτῶν ἐν πόλεσιν αὐτῶν ἐνοικήσει;	hoc verbum quod factum est ad Hieremiam a Domino dicens	Hoc verbum quod factum est ad Jeremiam a Domino, dicens:		The word that came to Jeremiah from the Lord, saying,
Jer	30	2	כֹּה־אָמַר יְהוָה אֱלֹהֵי יִשְׂרָאֵל לֵאמֹר כְּתָב־לְךָ אֵת כָּל־הַדְּבָרִים אֲשֶׁר־דִּבַּרְתִּי אֵלֶיךָ אֶל־סֵפֶר ׃	διὰ τοῦτο ἰδοὺ ἡμέραι ἔρχονται, φησὶν Κύριος, καὶ ἀκουτιῶ ἐπὶ Ῥαββὰθ θόρυβον πολέμων. καὶ ἔσονται εἰς ἄβατον καὶ εἰς ἀπώλειαν, καὶ βωμοὶ αὐτῆς ἐν πυρι κατακαυθήσονται, καὶ παραλήμψεται Ἰσραὴλ τὴν ἀρχὴν αὐτοῦ.	haec dicit Dominus Deus Israhel dicens scribe tibi omnia verba quae locutus sum ad te in libro	Hc dicit Dominus Deus Isral, dicens: Scribe tibi omnia verba, qu locutus sum ad te, in libro.		Thus speaketh the Lord God of Israel, saying, Write thee all the words that I have spoken unto thee in a book.
Jer	30	3	כִּי הִנֵּה יָמִים בָּאִים נְאֻם־יְהוָה וְשַׁבְתִּי אֶת־שְׁבוּת עַמִּי יִשְׂרָאֵל וִיהוּדָה אָמַר יְהוָה וַהֲשִׁבֹתִים אֶל־הָאָרֶץ אֲשֶׁר־נָתַתִּי לַאֲבוֹתָם וִירֵשׁוּהָ ׃ פ	ἀλάλαξον, Ἑσεβών, ὅτι ὤλετο· κεκράξατε θυγατέρες Ῥαββάθ, περιζώσασθε σάκκους καὶ κόψασθε, ὅτι Μελχὸλ ἐν ἀποικίᾳ βαδιεῖται, οἱ ἱερεῖς αὐτοῦ καὶ οἱ ἄρχοντες αὐτοῦ ἄμα.	ecce enim dies veniunt dicit Dominus et convertam conversionem populi mei Israhel et Iuda ait Dominus et convertam eos ad terram quam dedi patribus eorum et possidebunt eam	Ecce enim dies veniunt, dicit Dominus, et convertam conversionem populi mei Isral et Juda, ait Dominus: et convertam eos ad terram quam dedi patribus eorum, et possidebunt eam.		For, lo, the days come, saith the Lord, that I will bring again the captivity of my people Israel and Judah, saith the Lord: and I will cause them to return to the land that I gave to their fathers, and they shall possess it.
Jer	30	4	וְאֵלֶּה הַדְּבָרִים אֲשֶׁר דִּבֶּר יְהוָה אֶל־יִשְׂרָאֵל וְאֶל־יְהוּדָה ׃	τί ἀγαλλιᾶσθε ἐν τοῖς πεδίοις Ἐνακείμ; θύγατερ ἰταμίας, ἡ πεποιθυῖα ἐπὶ θησαυροῖς αὐτῆς, ἡ λέγουσα Τίς εἰσελεύσεται ἐπʼ ἐμέ;	et haec verba quae locutus est Dominus ad Israhel et ad Iudam	Et hc verba qu locutus est Dominus ad Isral et ad Judam:		And these are the words that the Lord spake concerning Israel and concerning Judah.
Jer	30	5	כִּי־כֹה אָמַר יְהוָה קוֹל חֲרָדָה שָׁמָעְנוּ פַּחַד וְאֵין שָׁלוֹם ׃	ἰδοὺ ἐγὼ φέρω φόβον ἐπὶ σέ, εἶπεν Κύριος, ἀπὸ πάσης τῆς περιοίκου σου, και διασπαρήσεσθε ἕκαστος εἰς πρόσαωπον αὐτοῦ· οὐκ ἔστιν ὁ συνάγων.	quoniam haec dicit Dominus vocem terroris audivimus formido et non est pax	[Quoniam hc dicit Dominus: Vocem terroris audivimus: formido, et non est pax.		For thus saith the Lord; We have heard a voice of trembling, of fear, and not of peace.
Jer	30	6	שַׁאֲלוּ־נָא וּרְאוּ אִם־יֹלֵד זָכָר מַדּוּעַ רָאִיתִי כָל־גֶּבֶר יָדָיו עַל־חֲלָצָיו כַּיּוֹלֵדָה וְנֶהֶפְכוּ כָל־פָּנִים לְיֵרָקוֹן ׃	Τῇ Κηδὰρ βασιλίσσῃ τῆς αὐλῆς, ἣν ἐπάταξεν Ναβουχοδονοσὸρ βασιλεὺς Βαβυλῶνος. Οὕτως εἶπεν Κύριος Ἀνάστητε καὶ ἀνάβητε ἐπὶ Κηδάρ, καὶ πλήσατε τοὺς υἱοὺς Κέδεμ.	interrogate et videte si generat masculus quare ergo vidi omnis viri manum super lumbum suum quasi parientis et conversae sunt universae facies in auruginem	Interrogate, et videte si generat masculus: quare ergo vidi omnis viri manum super lumbum suum, quasi parturientis, et convers sunt univers facies in auruginem?		Ask ye now, and see whether a man doth travail with child? wherefore do I see every man with his hands on his loins, as a woman in travail, and all faces are turned into paleness?
Jer	30	7	הוֹי כִּי גָדוֹל הַיּוֹם הַהוּא מֵאַיִן כָּמֹהוּ וְעֵת־צָרָה הִיא לְיַעֲקֹב וּמִמֶּנָּה יִוָּשֵׁעַ ׃	σκηνὰς αὐτῶν καὶ πρόβατα αὐτῶν λήμψονται· ἱμάτια αὐτῶν καὶ πάντα τὰ σκεύη αὐτῶν καὶ καμήλους αὐτῶν λήμψονται ἑαυτοῖς· καὶ καλέσατε ἐπʼ αὐτοὺς ἀπώλειαν κυκλόθεν.	vae quia magna dies illa nec est similis eius tempusque tribulationis est Iacob et ex ipso salvabitur	V! quia magna dies illa, nec est similis ejus: tempusque tribulationis est Jacob, et ex ipso salvabitur.		Alas! for that day is great, so that none is like it: it is even the time of Jacob's trouble, but he shall be saved out of it.
Jer	30	8	וְהָיָה בַיּוֹם הַהוּא נְאֻם יְהוָה צְבָאוֹת אֶשְׁבֹּר עֻלּוֹ מֵעַל צַוָּארֶךָ וּמוֹסְרוֹתֶיךָ אֲנַתֵּק וְלֹא־יַעַבְדוּ־בוֹ עוֹד זָרִים ׃	φεύγετε, λίαν ἐβαθύνατε εἰς κάθισιν, καθήμενοι ἐν τῇ αὐλῇ, ὅτι ἐβουλεύσατο ἐφʼ ὑμᾶς βασιλεὺς Βαβυλῶνος βουλὴν καὶ ἐλογίσατο λογισμόν.	et erit in die illa ait Dominus exercituum conteram iugum eius de collo tuo et vincula illius disrumpam et non dominabuntur ei amplius alieni	Et erit in die illa, ait Dominus exercituum, conteram jugum ejus de collo tuo: et vincula ejus dirumpam, et non dominabuntur ei amplius alieni:		For it shall come to pass in that day, saith the Lord of hosts, that I will break his yoke from off thy neck, and will burst thy bonds, and strangers shall no more serve themselves of him:
Jer	30	9	וְעָבְדוּ אֵת יְהוָה אֱלֹהֵיהֶם וְאֵת דָּוִד מַלְכָּם אֲשֶׁר אָקִים לָהֶם ׃ ס	ἀνάστηθι καὶ ἀνάβηθι ἐπ᾿ ἔθνος εὐσταθοῦν καθήμενον εἰς ἀναψυχήν, οἷς οὐκ εἰσὶν θύραι, οὐ βάλανοι, οὐ μοχλοί μόνοι καταλύουσιν.	sed servient Domino Deo suo et David regi suo quem suscitabo eis	sed servient Domino Deo suo, et David regi suo, quem suscitabo eis.		But they shall serve the Lord their God, and David their king, whom I will raise up unto them.
Jer	30	10	וְאַתָּה אַל־תִּירָא עַבְדִּי יַעֲקֹב נְאֻם־יְהוָֹה וְאַל־תֵּחַת יִשְׂרָאֵל כִּי הִנְנִי מוֹשִׁיעֲךָ מֵרָחוֹק וְאֶת־זַרְעֲךָ מֵאֶרֶץ שִׁבְיָם וְשָׁב יַעֲקֹב וְשָׁקַט וְשַׁאֲנַן וְאֵין מַחֲרִיד ׃	καὶ ἔσονται κάμηλοι αὐτῶν εἰς προνομὴν καὶ πλῆθος κτηνῶν αὐτῶν εἰς ἀπώλειαν, καὶ λικμήσω αὐτοὺς παντὶ πνεύματι κεκραμένους πρὸ προσώπου αὐτῶν, ἐκ παντὸς πέραν αὐτῶν οἴσω τὴν τροπὴν αὐτῶν, εἶπεν Κύριος.	tu ergo ne timeas serve meus Iacob ait Dominus neque paveas Israhel quia ecce ego salvo te de terra longinqua et semen tuum de terra captivitatis eorum et revertetur Iacob et quiescet et cunctis affluet et non erit quem formidet	Tu ergo ne timeas, serve meus Jacob, ait Dominus: neque paveas, Isral, quia ecce ego salvabo te de terra longinqua, et semen tuum de terra captivitatis eorum: et revertetur Jacob, et quiescet, et cunctis affluet bonis, et non erit quem formidet:		Therefore fear thou not, O my servant Jacob, saith the Lord; neither be dismayed, O Israel: for, lo, I will save thee from afar, and thy seed from the land of their captivity; and Jacob shall return, and shall be in rest, and be quiet, and none shall make him afraid.
Jer	30	11	כִּי־אִתְּךָ אֲנִי נְאֻם־יְהוָה לְהוֹשִׁיעֶךָ כִּי אֶעֱשֶׂה כָלָה בְּכָל־הַגּוֹיִם אֲשֶׁר הֲפִצוֹתִיךָ שָּׁם אַךְ אֹתְךָ לֹא־אֶעֱשֶׂה כָלָה וְיִסַּרְתִּיךָ לַמִּשְׁפָּט וְנַקֵּה לֹא אֲנַקֶּךָּ ׃ פ	καὶ ἔσται ἡ αὐλὴ διατριβὴ στρουθῶν καὶ ἄβατος ἕως αἰῶνος, οὐ μὴ καθίσῃ ἐκεῖ ἄνθρωπος, καὶ οὐ μὴ κατοικήσει ἐκεῖ υἱὸς ἀνθρώπου.	quoniam tecum ego sum ait Dominus ut salvem te faciam enim consummationem in cunctis gentibus in quibus dispersi te te autem non faciam in consummationem sed castigabo te in iudicio ut non tibi videaris innoxius	quoniam tecum ego sum, ait Dominus, ut salvem te. Faciam enim consummationem in cunctis gentibus in quibus dispersi te: te autem non faciam in consummationem: sed castigabo te in judicio, ut non videaris tibi innoxius.		For I am with thee, saith the Lord, to save thee: though I make a full end of all nations whither I have scattered thee, yet I will not make a full end of thee: but I will correct thee in measure, and will not leave thee altogether unpunished.
Jer	30	12	כִּי כֹה אָמַר יְהוָה אָנוּשׁ לְשִׁבְרֵךְ נַחְלָה מַכָּתֵךְ ׃	Τῇ Δαμασκῷ. Κατῃσχύνθη Θημὰρ καὶ Ἀρφάδ, ὅτι ἤκουσαν ἀκοὴν πονηράν· ἐξέστησαν, ἐθυμώθησαν, ἀναπαύσασθαι οὐ μὴ δύνωνται.	quia haec dicit Dominus insanabilis fractura tua pessima plaga tua	Quia hc dicit Dominus: Insanabilis fractura tua, pessima plaga tua:		For thus saith the Lord, Thy bruise is incurable, and thy wound is grievous.
Jer	30	13	אֵין־דָּן דִּינֵךְ לְמָזוֹר רְפֻאוֹת תְּעָלָה אֵין לָךְ ׃	ἐξελύθη Δαμασκός, ἀπεστράφη εἰς φυγήν, τρόμος ἐπελάβετο αὐτῆς.	non est qui iudicet iudicium tuum ad alligandum curationum utilitas non est tibi	non est qui judicet judicium tuum ad alligandum: curationum utilitas non est tibi.		There is none to plead thy cause, that thou mayest be bound up: thou hast no healing medicines.
Jer	30	14	כָּל־מְאַהֲבַיִךְ שְׁכֵחוּךְ אוֹתָךְ לֹא יִדְרֹשׁוּ כִּי מַכַּת אוֹיֵב הִכִּיתִיךְ מוּסַר אַכְזָרִי עַל רֹב עֲוֹנֵךְ עָצְמוּ חַטֹּאתָיִךְ ׃	πῶς οὐχὶ ἐνκατέλιπεν πολιν ἐμὴν κώμην ἠγάπησαν.	omnes amatores tui obliti sunt tui te non quaerent plaga enim inimici percussi te castigatione crudeli propter multitudinem iniquitatis tuae dura facta sunt peccata tua	Omnes amatores tui obliti sunt tui, teque non qurent: plaga enim inimici percussi te castigatione crudeli: propter multitudinem iniquitatis tu dura facta sunt peccata tua.		All thy lovers have forgotten thee; they seek thee not; for I have wounded thee with the wound of an enemy, with the chastisement of a cruel one, for the multitude of thine iniquity; because thy sins were increased.
Jer	30	15	מַה־תִּזְעַק עַל־שִׁבְרֵךְ אָנוּשׁ מַכְאֹבֵךְ עַל רֹב עֲוֹנֵךְ עָצְמוּ חַטֹּאתַיִךְ עָשִׂיתִי אֵלֶּה לָךְ ׃	διὰ τοῦτο πεσοῦνται νεανίσκοι ἐν πλατείαις σου, καὶ πάντες οἱ ἄνδρες οἱ πολεμισταί σου πεσοῦνται, φησὶν Κύριος,	quid clamas super contritione tua insanabilis est dolor tuus propter multitudinem iniquitatis tuae et dura peccata tua feci haec tibi	Quid clamas super contritione tua? insanabilis est dolor tuus: propter multitudinem iniquitatis tu, et propter dura peccata tua, feci hc tibi.		Why criest thou for thine affliction? thy sorrow is incurable for the multitude of thine iniquity: because thy sins were increased, I have done these things unto thee.
Jer	30	16	לָכֵן כָּל־אֹכְלַיִךְ יֵאָכֵלוּ וְכָל־צָרַיִךְ כֻּלָּם בַּשְּׁבִי יֵלֵכוּ וְהָיוּ שֹׁאסַיִךְ לִמְשִׁסָּה וְכָל־בֹּזְזַיִךְ אֶתֵּן לָבַז ׃	καὶ καύσω πῦρ ἐν τείχει Δαμασκοῦ καὶ καταφάγεται ἄμφοδα υἱοῦ Ἁδέρ.	propterea omnes qui comedunt te devorabuntur et universi hostes tui in captivitatem ducentur et qui te vastant vastabuntur cunctosque praedatores tuos dabo in praedam	Propterea omnes qui comedunt te devorabuntur, et universi hostes tui in captivitatem ducentur: et qui te vastant vastabuntur, cunctosque prdatores tuos dabo in prdam.		Therefore all they that devour thee shall be devoured; and all thine adversaries, every one of them, shall go into captivity; and they that spoil thee shall be a spoil, and all that prey upon thee will I give for a prey.
Jer	30	17	כִּי אַעֲלֶה אֲרֻכָה לָךְ וּמִמַּכּוֹתַיִךְ אֶרְפָּאֵךְ נְאֻם־יְהוָה כִּי נִדָּחָה קָרְאוּ לָךְ צִיּוֹן הִיא דֹּרֵשׁ אֵין לָהּ ׃ ס		obducam enim cicatricem tibi et a vulneribus tuis sanabo te dicit Dominus quia Eiectam vocaverunt te Sion haec est quae non habebat requirentem	Obducam enim cicatricem tibi, et a vulneribus tuis sanabo te, dicit Dominus. Quia ejectam vocaverunt te, Sion: hc est, qu non habebat requirentem.		For I will restore health unto thee, and I will heal thee of thy wounds, saith the Lord; because they called thee an Outcast, saying, This is Zion, whom no man seeketh after.
Jer	30	18	כֹּה אָמַר יְהוָה הִנְנִי־שָׁב שְׁבוּת אָהֳלֵי יַעֲקוֹב וּמִשְׁכְּנֹתָיו אֲרַחֵם וְנִבְנְתָה עִיר עַל־תִּלָּהּ וְאַרְמוֹן עַל־מִשְׁפָּטוֹ יֵשֵׁב ׃		haec dicit Dominus ecce ego convertam conversionem tabernaculorum Iacob et tectis eius miserebor et aedificabitur civitas in excelso suo et templum iuxta ordinem suum fundabitur	Hc dicit Dominus: Ecce ego convertam conversionem tabernaculorum Jacob, et tectis ejus miserebor, et dificabitur civitas in excelso suo, et templum juxta ordinem suum fundabitur:		Thus saith the Lord; Behold, I will bring again the captivity of Jacob's tents, and have mercy on his dwellingplaces; and the city shall be builded upon her own heap, and the palace shall remain after the manner thereof.
Jer	30	19	וְיָצָא מֵהֶם תּוֹדָה וְקוֹל מְשַׂחֲקִים וְהִרְבִּתִים וְלֹא יִמְעָטוּ וְהִכְבַּדְתִּים וְלֹא יִצְעָרוּ ׃		et egredietur de eis laus voxque ludentium et multiplicabo eos et non inminuentur et glorificabo eos et non adtenuabuntur	et egredietur de eis laus, voxque ludentium. Et multiplicabo eos, et non minuentur: et glorificabo eos, et non attenuabuntur.		And out of them shall proceed thanksgiving and the voice of them that make merry: and I will multiply them, and they shall not be few; I will also glorify them, and they shall not be small.
Jer	30	20	וְהָיוּ בָנָיו כְּקֶדֶם וַעֲדָתוֹ לְפָנַי תִּכּוֹן וּפָקַדְתִּי עַל כָּל־לֹחֲצָיו ׃		et erunt filii eius sicut a principio et coetus eius coram me permanebit et visitabo adversum omnes qui tribulant eum	Et erunt filii ejus sicut a principio, et ctus ejus coram me permanebit, et visitabo adversum omnes qui tribulant eum.		Their children also shall be as aforetime, and their congregation shall be established before me, and I will punish all that oppress them.
Jer	30	21	וְהָיָה אַדִּירוֹ מִמֶּנּוּ וּמֹשְׁלוֹ מִקִּרְבּוֹ יֵצֵא וְהִקְרַבְתִּיו וְנִגַּשׁ אֵלָי כִּי מִי הוּא־זֶה עָרַב אֶת־לִבּוֹ לָגֶשֶׁת אֵלַי נְאֻם־יְהוָה ׃		et erit dux eius ex eo et princeps de medio eius producetur et adplicabo eum et accedet ad me quis enim iste est qui adplicet cor suum ut adpropinquet mihi ait Dominus	Et erit dux ejus ex eo, et princeps de medio ejus producetur: et applicabo eum, et accedet ad me. Quis enim iste est qui applicet cor suum ut appropinquet mihi? ait Dominus:		And their nobles shall be of themselves, and their governor shall proceed from the midst of them; and I will cause him to draw near, and he shall approach unto me: for who is this that engaged his heart to approach unto me? saith the Lord.
Jer	30	22	וִהְיִיתֶם לִי לְעָם וְאָנֹכִי אֶהְיֶה לָכֶם לֵאלֹהִים ׃ ס		et eritis mihi in populum et ego ero vobis in Deum	et eritis mihi in populum, et ego ero vobis in Deum.		And ye shall be my people, and I will be your God.
Jer	30	23	הִנֵּה סַעֲרַת יְהוָה חֵמָה יָצְאָה סַעַר מִתְגּוֹרֵר עַל רֹאשׁ רְשָׁעִים יָחוּל ׃		ecce turbo Domini furor egrediens procella ruens in capite impiorum conquiescet	Ecce turbo Domini, furor egrediens, procella ruens: in capite impiorum conquiescet.		Behold, the whirlwind of the Lord goeth forth with fury, a continuing whirlwind: it shall fall with pain upon the head of the wicked.
Jer	30	24	לֹא יָשׁוּב חֲרוֹן אַף־יְהוָה עַד־עֲשֹׂתוֹ וְעַד־הֲקִימוֹ מְזִמּוֹת לִבּוֹ בְּאַחֲרִית הַיָּמִים תִּתְבּוֹנְנוּ בָהּ ׃		non avertet iram indignationis Dominus donec faciat et conpleat cogitationem cordis sui in novissimo dierum intellegetis ea	Non avertet iram indignationis Dominus, donec faciat et compleat cogitationem cordis sui: in novissimo dierum intelligetis ea.]		The fierce anger of the Lord shall not return, until he hath done it, and until he have performed the intents of his heart: in the latter days ye shall consider it.
Jer	31	1	בָּעֵת הַהִיא נְאֻם־יְהוָה אֶהְיֶה לֵאלֹהִים לְכֹל מִשְׁפְּחוֹת יִשְׂרָאֵל וְהֵמָּה יִהְיוּ־לִי לְעָם ׃ ס	Τῇ Μωάβ. Οὕτως εἶπεν Κύριος Οὐαὶ ἐπὶ Ναβαύ, ὅτι ὤλετο· ἐλήμφθη Καριαθέμ, ᾐσχύνθη Ἁμὰθ καὶ Ἁγάθ.	in tempore illo dicit Dominus ero Deus universis cognationibus Israhel et ipsi erunt mihi in populum	[In tempore illo, dicit Dominus, ero Deus universis cognationibus Isral, et ipsi erunt mihi in populum.		At the same time, saith the Lord, will I be the God of all the families of Israel, and they shall be my people.
Jer	31	2	כֹּה אָמַר יְהוָה מָצָא חֵן בַּמִּדְבָּר עַם שְׂרִידֵי חָרֶב הָלוֹךְ לְהַרְגִּיעוֹ יִשְׂרָאֵל ׃	οὐκ ἔστιν ἔτι ἰατρεία Μωάβ, ἀγαυρίαμα ἐν Ἑσεβών· ἐλογίσατο ἐπʼ αὐτὴν κακά· ἐκόψαμεν αὐτὴν ἀπὸ ἔθνους, καὶ παῦσιν παύσεται. ὄπισθέν σου βαδιεῖται μάχαιρα,	haec dicit Dominus invenit gratiam in deserto populus qui remanserat gladio vadet ad requiem suam Israhel	Hc dicit Dominus: Invenit gratiam in deserto populus qui remanserat a gladio: vadet ad requiem suam Isral.		Thus saith the Lord, The people which were left of the sword found grace in the wilderness; even Israel, when I went to cause him to rest.
Jer	31	3	מֵרָחוֹק יְהוָה נִרְאָה לִי וְאַהֲבַת עוֹלָם אֲהַבְתִּיךְ עַל־כֵּן מְשַׁכְתִּיךְ חָסֶד ׃	ὅτι φωνὴν κεκραγότων ἐξ Ὡρωνάιμ, ὄλεθρον καὶ σύντριμμα μέγα·	longe Dominus apparuit mihi et in caritate perpetua dilexi te ideo adtraxi te miserans	Longe Dominus apparuit mihi. Et in caritate perpetua dilexi te: ideo attraxi te, miserans.		The Lord hath appeared of old unto me, saying, Yea, I have loved thee with an everlasting love: therefore with lovingkindness have I drawn thee.
Jer	31	4	עוֹד אֶבְנֵךְ וְנִבְנֵית בְּתוּלַת יִשְׂרָאֵל עוֹד תַּעְדִּי תֻפַּיִךְ וְיָצָאת בִּמְחוֹל מְשַׂחֲקִים ׃	συνετρίβη Μωάβ. ἀναγγείλατε εἰς Ζόγορα,	rursumque aedificabo te et aedificaberis virgo Israhel adhuc ornaberis tympanis tuis et egredieris in choro ludentium	Rursumque dificabo te, et dificaberis, virgo Isral: adhuc ornaberis tympanis tuis, et egredieris in choro ludentium.		Again I will build thee, and thou shalt be built, O virgin of Israel: thou shalt again be adorned with thy tabrets, and shalt go forth in the dances of them that make merry.
Jer	31	5	עוֹד תִּטְּעִי כְרָמִים בְּהָרֵי שֹׁמְרוֹן נָטְעוּ נֹטְעִים וְחִלֵּלוּ ׃	ὅτι ἐπλήσθη Ἁλὼθ ἐν κλαυθμῷ. ἀναβήσεται κλαίων ἐν ὁδῷ Ὡρωνάιμ, κραυγὴν συντρίμματος ἠκοὔσατε·	adhuc plantabis vineas in montibus Samariae plantabunt plantantes et donec tempus veniat non vindemiabunt	Adhuc plantabis vineas in montibus Samari: plantabunt plantantes, et donec tempus veniat, non vindemiabunt.		Thou shalt yet plant vines upon the mountains of Samaria: the planters shall plant, and shall eat them as common things.
Jer	31	6	כִּי יֶשׁ־יוֹם קָרְאוּ נֹצְרִים בְּהַר אֶפְרָיִם קוּמוּ וְנַעֲלֶה צִיּוֹן אֶל־יְהוָה אֱלֹהֵינוּ ׃ פ	φεύγετε καὶ σώσατε τὰς ψυχὰς ὑμῶν, καὶ θέσθε ὥσπερ ὄνος ἄγριος ἐν ἐρήμῳ.	quia erit dies in qua clamabunt custodes in monte Ephraim surgite et ascendamus in Sion ad Dominum Deum nostrum	Quia erit dies in qua clamabunt custodes in monte Ephraim: Surgite, et ascendamus in Sion ad Dominum Deum nostrum.		For there shall be a day, that the watchmen upon the mount Ephraim shall cry, Arise ye, and let us go up to Zion unto the Lord our God.
Jer	31	7	כִּי־כֹה אָמַר יְהוָה רָנּוּ לְיַעֲקֹב שִׂמְחָה וְצַהֲלוּ בְּרֹאשׁ הַגּוֹיִם הַשְׁמִיעוּ הַלְלוּ וְאִמְרוּ הוֹשַׁע יְהוָה אֶת־עַמְּךָ אֵת שְׁאֵרִית יִשְׂרָאֵל ׃	ἐπειδὴ ἐπεποίθεις ἐν ἀχυρώμασίν σου, καὶ σὺ συλληφθήσῃ· καὶ ἐξελεύσεται Χαμὼς ἐν ἀποικία, καὶ οἱ ἱερεῖς αὐτοῦ καὶ οἱ ἄρχοντες αὐτοῦ ἄμα.	quia haec dicit Dominus exultate in laetitia Iacob et hinnite contra caput gentium personate canite et dicite salva Domine populum tuum reliquias Israhel	Quia hc dicit Dominus: Exsultate in ltitia, Jacob, et hinnite contra caput gentium: personate, et canite, et dicite: Salva, Domine, populum tuum, reliquias Isral.		For thus saith the Lord; Sing with gladness for Jacob, and shout among the chief of the nations: publish ye, praise ye, and say, O Lord, save thy people, the remnant of Israel.
Jer	31	8	הִנְנִי מֵבִיא אוֹתָם מֵאֶרֶץ צָפוֹן וְקִבַּצְתִּים מִיַּרְכְּתֵי־אָרֶץ בָּם עִוֵּר וּפִסֵּחַ הָרָה וְיֹלֶדֶת יַחְדָּו קָהָל גָּדוֹל יָשׁוּבוּ הֵנָּה ׃	καὶ ἥξει ὄλεθρος ἐπὶ πᾶσαν πόλιν, οὐ μὴ σωθῇ, καὶ ἀπολεῖται ὁ αὐλών, καὶ ἐξολοθρευθήσεται ἡ πεδινή, καθὼς εἶπεν Κύριος.	ecce ego adducam eos de terra aquilonis et congregabo eos ab extremis terrae inter quos erunt caecus et claudus et praegnans et pariens simul coetus magnus revertentium huc	Ecce ego adducam eos de terra aquilonis, et congregabo eos ab extremis terr: inter quos erunt ccus et claudus, prgnans et pariens simul, ctus magnus revertentium huc.		Behold, I will bring them from the north country, and gather them from the coasts of the earth, and with them the blind and the lame, the woman with child and her that travaileth with child together: a great company shall return thither.
Jer	31	9	בִּבְכִי יָבֹאוּ וּבְתַחֲנוּנִים אוֹבִילֵם אוֹלִיכֵם אֶל־נַחֲלֵי מַיִם בְּדֶרֶךְ יָשָׁר לֹא יִכָּשְׁלוּ בָּהּ כִּי־הָיִיתִי לְיִשְׂרָאֵל לְאָב וְאֶפְרַיִם בְּכֹרִי הוּא ׃ ס	δότε σημεῖα τῇ Μωάβ, ὅτι ἁφῇ ἁρθήσεται, καὶ πᾶσαι αἱ πόλεις αὐτῆς εἰς ἄβατου ἔσονται· πόθεν ἔνοικος αὐτῇ;	in fletu venient et in precibus deducam eos et adducam eos per torrentes aquarum in via recta et non inpingent in ea quia factus sum Israheli pater et Ephraim primogenitus meus est	In fletu venient, et in misericordia reducam eos: et adducam eos per torrentes aquarum in via recta, et non impingent in ea, quia factus sum Israli pater, et Ephraim primogenitus meus est.		They shall come with weeping, and with supplications will I lead them: I will cause them to walk by the rivers of waters in a straight way, wherein they shall not stumble: for I am a father to Israel, and Ephraim is my firstborn.
Jer	31	10	שִׁמְעוּ דְבַר־יְהוָה גּוֹיִם וְהַגִּידוּ בָאִיִּים מִמֶּרְחָק וְאִמְרוּ מְזָרֵה יִשְׂרָאֵל יְקַבְּצֶנּוּ וּשְׁמָרוֹ כְּרֹעֶה עֶדְרוֹ ׃	ἐπικατάρατος ὁ ποιῶν τὰ ἔργα Κυρίου ἀμελῶς, ἐξαίρων μάχαιραν αὐτοῦ ἀφʼ αἵματος.	audite verbum Domini gentes et adnuntiate insulis quae procul sunt et dicite qui dispersit Israhel congregabit eum et custodiet eum sicut pastor gregem suum	Audite verbum Domini, gentes, et annuntiate in insulis qu procul sunt, et dicite: Qui dispersit Isral congregabit eum, et custodiet eum sicut pastor gregem suum.		Hear the word of the Lord, O ye nations, and declare it in the isles afar off, and say, He that scattered Israel will gather him, and keep him, as a shepherd doth his flock.
Jer	31	11	כִּי־פָדָה יְהוָה אֶת־יַעֲקֹב וּגְאָלוֹ מִיַּד חָזָק מִמֶּנּוּ ׃	ἀνεπαύσατο Μωὰβ ἐκ παιδαρίου, καὶ πεποιθὼς ἦν ἐπὶ τῇ δόξῃ αὐτοῦ· οὐκ ἐνέχεεν ἐξ ἀγγείου εἰς ἀγγεῖον, καὶ εἰς ἀποικισμὸν οὐκ ᾤχετο· διὰ τοῦτο ἔστη γεὺμα αὐτοῦ ἐν αὐτῷ, καὶ ὀσμὴ αὐτοῦ οὐκ ἐξέλιπεν.	redemit enim Dominus Iacob et liberavit eum de manu potentioris	Redemit enim Dominus Jacob, et liberavit eum de manu potentioris.		For the Lord hath redeemed Jacob, and ransomed him from the hand of him that was stronger than he.
Jer	31	12	וּבָאוּ וְרִנְּנוּ בִמְרוֹם־צִיּוֹן וְנָהֲרוּ אֶל־טוּב יְהוָה עַל־דָּגָן וְעַל־תִּירֹשׁ וְעַל־יִצְהָר וְעַל־בְּנֵי־צֹאן וּבָקָר וְהָיְתָה נַפְשָׁם כְּגַן רָוֶה וְלֹא־יוֹסִיפוּ לְדַאֲבָה עוֹד ׃	διὰ τοῦτο ἰδοὺ ἡμέραι αὐτοῦ ἔρχονται, φησὶν Κύριος, καὶ ἀποστελῶ αὐτῷ κλίνοντας, καὶ κλινοῦσιν αὐτὸν καὶ τὰ σκεύη αὐτοῦ λεπτυνοῦσιν καὶ τὰ κέρατα αὐτοῦ συγκόψουσιν,	et venient et laudabunt in monte Sion et confluent ad bona Domini super frumento et vino et oleo et fetu pecorum et armentorum eritque anima eorum quasi hortus inriguus et ultra non esurient	Et venient, et laudabunt in monte Sion: et confluent ad bona Domini, super frumento, et vino, et oleo, et ftu pecorum et armentorum: eritque anima eorum quasi hortus irriguus, et ultra non esurient.		Therefore they shall come and sing in the height of Zion, and shall flow together to the goodness of the Lord, for wheat, and for wine, and for oil, and for the young of the flock and of the herd: and their soul shall be as a watered garden; and they shall not sorrow any more at all.
Jer	31	13	אָז תִּשְׂמַח בְּתוּלָה בְּמָחוֹל וּבַחֻרִים וּזְקֵנִים יַחְדָּו וְהָפַכְתִּי אֶבְלָם לְשָׂשׂוֹן וְנִחַמְתִּים וְשִׂמַּחְתִּים מִיגוֹנָם ׃	καὶ καταισχυνθήσεται Μωὰβ ἀπὸ Χαμὼς ὥσπερ καταισχύνθη οἶκος Ἰσραὴλ ἀπὸ Βαιθὴλ ἐλπίδος αὐτῶν, πεποιθότες ἐπʼ αὐτοῖς.	tunc laetabitur virgo in choro iuvenes et senes simul et convertam luctum eorum in gaudium et consolabor eos et laetificabo a dolore suo	Tunc ltabitur virgo in choro, juvenes et senes simul: et convertam luctum eorum in gaudium, et consolabor eos, et ltificabo a dolore suo.		Then shall the virgin rejoice in the dance, both young men and old together: for I will turn their mourning into joy, and will comfort them, and make them rejoice from their sorrow.
Jer	31	14	וְרִוֵּיתִי נֶפֶשׁ הַכֹּהֲנִים דָּשֶׁן וְעַמִּי אֶת־טוּבִי יִשְׂבָּעוּ נְאֻם־יְהוָה ׃ ס	πῶς ἐρεῖτε Ἰσχυροί ἐσμεν, καὶ ἄνθρωπος ἰσχύων εἰς τὰ πολεμικά;	et inebriabo animam sacerdotum pinguedine et populus meus bonis meis adimplebitur ait Dominus	Et inebriabo animam sacerdotum pinguedine, et populus meus bonis meis adimplebitur, ait Dominus.		And I will satiate the soul of the priests with fatness, and my people shall be satisfied with my goodness, saith the Lord.
Jer	31	15	כֹּה אָמַר יְהוָה קוֹל בְּרָמָה נִשְׁמָע נְהִי בְּכִי תַמְרוּרִים רָחֵל מְבַכָּה עַל־בָּנֶיהָ מֵאֲנָה לְהִנָּחֵם עַל־בָּנֶיהָ כִּי אֵינֶנּוּ ׃ ס	ὤλετο Μωὰβ πόλις αὐτοῦ, καὶ ἐκλεκτοὶ νεανίσκοι αὐτοῦ κατέβησαν εἰς σφαγήν·	haec dicit Dominus vox in excelso audita est lamentationis fletus et luctus Rachel plorantis filios suos et nolentis consolari super eis quia non sunt	Hc dicit Dominus: Vox in excelso audita est lamentationis, luctus, et fletus Rachel plorantis filios suos, et nolentis consolari super eis, quia non sunt.		Thus saith the Lord; A voice was heard in Ramah, lamentation, and bitter weeping; Rahel weeping for her children refused to be comforted for her children, because they were not.
Jer	31	16	כֹּה אָמַר יְהוָה מִנְעִי קוֹלֵךְ מִבֶּכִי וְעֵינַיִךְ מִדִּמְעָה כִּי יֵשׁ שָׂכָר לִפְעֻלָּתֵךְ נְאֻם־יְהוָה וְשָׁבוּ מֵאֶרֶץ אוֹיֵב ׃	ἐγγὺς ἡμέρα Μωὰβ ἐλθεῖν, καὶ πονηρία αὐτοῦ ταχεῖα σφόδρα.	haec dicit Dominus quiescat vox tua a ploratu et oculi tui a lacrimis quia est merces operi tuo ait Dominus et revertentur de terra inimici	Hc dicit Dominus: Quiescat vox tua a ploratu, et oculi tui a lacrimis, quia est merces operi tuo, ait Dominus, et revertentur de terra inimici:		Thus saith the Lord; Refrain thy voice from weeping, and thine eyes from tears: for thy work shall be rewarded, saith the Lord; and they shall come again from the land of the enemy.
Jer	31	17	וְיֵשׁ־תִּקְוָה לְאַחֲרִיתֵךְ נְאֻם־יְהוָה וְשָׁבוּ בָנִים לִגְבוּלָם ׃ ס	κινήσατε αὐτῷ πάντες κυκλόθεν αὐτοῦ, πάντες ἔκδοτε ὄνομα αὐτοῦ· εἴπατε Πῶς συνετρίβη βακτηρία εὐκλεής, ῥάβδος μεγαλώματος;	et est spes novissimis tuis ait Dominus et revertentur filii ad terminos suos	et est spes novissimis tuis, ait Dominus, et revertentur filii ad terminos suos.		And there is hope in thine end, saith the Lord, that thy children shall come again to their own border.
Jer	31	18	שָׁמוֹעַ שָׁמַעְתִּי אֶפְרַיִם מִתְנוֹדֵד יִסַּרְתַּנִי וָאִוָּסֵר כְּעֵגֶל לֹא לֻמָּד הֲשִׁיבֵנִי וְאָשׁוּבָה כִּי אַתָּה יְהוָה אֱלֹהָי ׃	κατάβηθι ἀπὸ δόξης καὶ κάθισον ἐν ὑγρασίᾳ καθημένη. Δαιβὼν ἐκτρίβεται, ὅτι ὤλετο Μωάβ· ἀνέβη εἰς σέ λυμαινόμενος ὀχύρωμά σου.	audiens audivi Ephraim transmigrantem castigasti me et eruditus sum quasi iuvenculus indomitus converte me et revertar quia tu Dominus Deus meus	Audiens audivi Ephraim transmigrantem: Castigasti me, et eruditus sum, quasi juvenculus indomitus: converte me, et convertar, quia tu Dominus Deus meus.		I have surely heard Ephraim bemoaning himself thus; Thou hast chastised me, and I was chastised, as a bullock unaccustomed to the yoke: turn thou me, and I shall be turned; for thou art the Lord my God.
Jer	31	19	כִּי־אַחֲרֵי שׁוּבִי נִחַמְתִּי וְאַחֲרֵי הִוָּדְעִי סָפַקְתִּי עַל־יָרֵךְ בֹּשְׁתִּי וְגַם־נִכְלַמְתִּי כִּי נָשָׂאתִי חֶרְפַּת נְעוּרָי ׃	ἐφ᾿ ὁδοῦ στῆθι καὶ ἔπιδε, καθημένη ἐν Ἀροήρ, καὶ ἐρώτησον φεύγοντα καὶ σωζόμενον καὶ εἰπόν Τί ἐγένετο;	postquam enim convertisti me egi paenitentiam et postquam ostendisti mihi percussi femur meum confusus sum et erubui quoniam sustinui obprobrium adulescentiae meae	Postquam enim convertisti me, egi pnitentiam: et postquam ostendisti mihi, percussi femur meum. Confusus sum, et erubui, quoniam sustinui opprobrium adolescenti me.		Surely after that I was turned, I repented; and after that I was instructed, I smote upon my thigh: I was ashamed, yea, even confounded, because I did bear the reproach of my youth.
Jer	31	20	הֲבֵן יַקִּיר לִי אֶפְרַיִם אִם יֶלֶד שַׁעֲשֻׁעִים כִּי־מִדֵּי דַבְּרִי בּוֹ זָכֹר אֶזְכְּרֶנּוּ עוֹד עַל־כֵּן הָמוּ מֵעַי לוֹ רַחֵם אֲרַחֲמֶנּוּ נְאֻם־יְהוָה ׃ ס	κατῃσχύνθη Μωάβ, ὅτι συνετρίβη· ὀλόλυξον καὶ κέκραξον, ἀνάγγειλον ἐν Ἀρνὼν ὅτι ὤλετο Μωάβ,	si filius honorabilis mihi Ephraim si puer delicatus quia ex quo locutus sum de eo adhuc recordabor eius idcirco conturbata sunt viscera mea super eum miserans miserebor eius ait Dominus	Si filius honorabilis mihi Ephraim, si puer delicatus! quia ex quo locutus sum de eo, adhuc recordabor ejus. Idcirco conturbata sunt viscera mea super eum: miserans miserebor ejus, ait Dominus.		Is Ephraim my dear son? is he a pleasant child? for since I spake against him, I do earnestly remember him still: therefore my bowels are troubled for him; I will surely have mercy upon him, saith the Lord.
Jer	31	21	הַצִּיבִי לָךְ צִיֻּנִים שִׂמִי לָךְ תַּמְרוּרִים שִׁתִי לִבֵּךְ לַמְסִלָּה דֶּרֶךְ הָלָכְתִּי שׁוּבִי בְּתוּלַת יִשְׂרָאֵל שֻׁבִי אֶל־עָרַיִךְ אֵלֶּה ׃	καὶ κρίσις ἔρχεται εἰς γῆν τοῦ Μεισὼρ ἐπὶ Χαιλὼν καὶ Ῥεφὰς καὶ Μωράς,	statue tibi speculam pone tibi amaritudines dirige cor tuum in viam directam in qua ambulasti revertere virgo Israhel revertere ad civitates tuas istas	Statue tibi speculam, pone tibi amaritudines: dirige cor tuum in viam rectam in qua ambulasti: revertere, virgo Isral, revertere ad civitates tuas istas.		Set thee up waymarks, make thee high heaps: set thine heart toward the highway, even the way which thou wentest: turn again, O virgin of Israel, turn again to these thy cities.
Jer	31	22	עַד־מָתַי תִּתְחַמָּקִין הַבַּת הַשּׁוֹבֵבָה כִּי־בָרָא יְהוָה חֲדָשָׁה בָּאָרֶץ נְקֵבָה תְּסוֹבֵב גָּבֶר ׃ ס	καὶ ἐπὶ Δαιβὼν καὶ ἐπὶ Ναβαὺ καὶ ἐπʼ οἶκον Δαιβλαθάιμ,	usquequo deliciis dissolveris filia vaga quia creavit Dominus novum super terram femina circumdabit virum	Usquequo deliciis dissolveris, filia vaga? quia creavit Dominus novum super terram: femina circumdabit virum.		How long wilt thou go about, O thou backsliding daughter? for the Lord hath created a new thing in the earth, A woman shall compass a man.
Jer	31	23	כֹּה־אָמַר יְהוָה צְבָאוֹת אֱלֹהֵי יִשְׂרָאֵל עוֹד יֹאמְרוּ אֶת־הַדָּבָר הַזֶּה בְּאֶרֶץ יְהוּדָה וּבְעָרָיו בְּשׁוּבִי אֶת־שְׁבוּתָם יְבָרֶכְךָ יְהוָה נְוֵה־צֶדֶק הַר הַקֹּדֶשׁ ׃	καὶ ἐπὶ Καριαθάιμ καὶ ἐπʼ οἶκον Γαιμὼλ καὶ ἐπʼ οἶκον Μαών,	haec dicit Dominus exercituum Deus Israhel adhuc dicent verbum istud in terra Iuda et in urbibus eius cum convertero captivitatem eorum benedicat tibi Dominus pulchritudo iustitiae mons sanctus	Hc dicit Dominus exercituum, Deus Isral: Adhuc dicent verbum istud in terra Juda et in urbibus ejus, cum convertero captivitatem eorum: Benedicat tibi Dominus, pulchritudo justiti, mons sanctus:		Thus saith the Lord of hosts, the God of Israel; As yet they shall use this speech in the land of Judah and in the cities thereof, when I shall bring again their captivity; The Lord bless thee, O habitation of justice, and mountain of holiness.
Jer	31	24	וְיָשְׁבוּ בָהּ יְהוּדָה וְכָל־עָרָיו יַחְדָּו אִכָּרִים וְנָסְעוּ בַּעֵדֶר ׃	καὶ ἐπὶ Καριὼθ καὶ ἐπὶ Βοσὸρ καὶ ἐπὶ πάσας τὰς πόλεις Μωὰβ τὰς πόρρω καὶ τὰς ἐγγύς.	et habitabunt in eo Iudas et omnes civitates eius simul agricolae et minantes greges	et habitabunt in eo Judas et omnes civitates ejus simul, agricol et minantes greges.		And there shall dwell in Judah itself, and in all the cities thereof together, husbandmen, and they that go forth with flocks.
Jer	31	25	כִּי הִרְוֵיתִי נֶפֶשׁ עֲיֵפָה וְכָל־נֶפֶשׁ דָּאֲבָה מִלֵּאתִי ׃	κατεάχθη κέρας Μωάβ, καὶ τὸ ἐπίχειρον αὐτοῦ συνετρίβη.	quia inebriavi animam lassam et omnem animam esurientem saturavi	Quia inebriavi animam lassam, et omnem animam esurientem saturavi.		For I have satiated the weary soul, and I have replenished every sorrowful soul.
Jer	31	26	עַל־זֹאת הֱקִיצֹתִי וָאֶרְאֶה וּשְׁנָתִי עָרְבָה לִּי ׃ ס	μεθύσατε αὐτόν, ὅτι ἐπὶ Κύριον ἐμεγαλύνθη· καὶ ἐπικρούσει Μωὰβ ἐν χειρὶ αὐτοῦ, καὶ ἔσται εἰς γέλωτα καὶ αὐτός.	ideo quasi de somno suscitatus sum et vidi et somnus meus dulcis mihi	Ideo quasi de somno suscitatus sum: et vidi, et somnus meus dulcis mihi.		Upon this I awaked, and beheld; and my sleep was sweet unto me.
Jer	31	27	הִנֵּה יָמִים בָּאִים נְאֻם־יְהוָה וְזָרַעְתִּי אֶת־בֵּית יִשְׂרָאֵל וְאֶת־בֵּית יְהוּדָה זֶרַע אָדָם וְזֶרַע בְּהֵמָה ׃	καὶ εἰ μὴ εἰς γελοιασμὸν ἦν σοι, Ἰσραήλ, καὶ ἐν κλοπαῖς σου εὑρέθη, ὅτι ἐπολέμεις αὐτόν.	ecce dies veniunt dicit Dominus et seminabo domum Israhel et domum Iuda semine hominis et semine iumentorum	Ecce dies veniunt, dicit Dominus, et seminabo domum Isral et domum Juda semine hominum et semine jumentorum.		Behold, the days come, saith the Lord, that I will sow the house of Israel and the house of Judah with the seed of man, and with the seed of beast.
Jer	31	28	וְהָיָה כַּאֲשֶׁר שָׁקַדְתִּי עֲלֵיהֶם לִנְתוֹשׁ וְלִנְתוֹץ וְלַהֲרֹס וּלְהַאֲבִיד וּלְהָרֵעַ כֵּן אֶשְׁקֹד עֲלֵיהֶם לִבְנוֹת וְלִנְטוֹעַ נְאֻם־יְהוָה ׃	κατέλιπον τὰς πόλεις καὶ ιᾤκησαν ἐν πέτραις οἱ κατοικοῦντες Μωάβ· ἐγενήθησαν ὥσπερ περιστεραὶ νοσσεύουσαι ἐν πέτραις στόματι βοθύυου.	et sicut vigilavi super eos ut evellerem et demolirer et dissiparem et disperderem et adfligerem sic vigilabo super eos ut aedificem et plantem ait Dominus	Et sicut vigilavi super eos ut evellerem, et demolirer, et dissiparem, et disperderem, et affligerem, sic vigilabo super eos ut dificem et plantem, ait Dominus.		And it shall come to pass, that like as I have watched over them, to pluck up, and to break down, and to throw down, and to destroy, and to afflict; so will I watch over them, to build, and to plant, saith the Lord.
Jer	31	29	בַּיָּמִים הָהֵם לֹא־יֹאמְרוּ עוֹד אָבוֹת אָכְלוּ בֹסֶר וְשִׁנֵּי בָנִים תִּקְהֶינָה ׃	καὶ ἤκουσα ὕβριν Μωάβ, ὕβρισεν λίαν, ὕβριν αὐτοῦ καὶ ὑπερηφανίαν αὐτοῦ, καὶ ὑψώθη ἡ καρδία αὐτοῦ,	in diebus illis non dicent ultra patres comederunt uvam acerbam et dentes filiorum obstipuerunt	In diebus illis non dicent ultra: Patres comederunt uvam acerbam, et dentes filiorum obstupuerunt.		In those days they shall say no more, The fathers have eaten a sour grape, and the children's teeth are set on edge.
Jer	31	30	כִּי אִם־אִישׁ בַּעֲוֹנוֹ יָמוּת כָּל־הָאָדָם הָאֹכֵל הַבֹּסֶר תִּקְהֶינָה שִׁנָּיו ׃ ס	ἐγὼ δὲ ἔγνων ἔργα αὐτοῦ· οὐχὶ τὸ ἱκανὸν αὐτῷ οὐχ οὕτως ἐποίησεν;	sed unusquisque in iniquitate sua morietur omnis homo qui comederit uvam acerbam obstupescent dentes eius	Sed unusquisque in iniquitate sua morietur: omnis homo, qui comederit uvam acerbam, obstupescent dentes ejus.		But every one shall die for his own iniquity: every man that eateth the sour grape, his teeth shall be set on edge.
Jer	31	31	הִנֵּה יָמִים בָּאִים נְאֻם־יְהוָה וְכָרַתִּי אֶת־בֵּית יִשְׂרָאֵל וְאֶת־בֵּית יְהוּדָה בְּרִית חֲדָשָׁה ׃	διὰ τοῦτο ἐπὶ Μωὰβ ὀλολύζετε πάντοθεν· βοήσατε ἐπ᾿ ἄνδρας Κεὶρ Ἅδας αὐχμοῦ.	ecce dies veniunt dicit Dominus et feriam domui Israhel et domui Iuda foedus novum	Ecce dies venient, dicit Dominus, et feriam domui Isral et domui Juda fdus novum,		Behold, the days come, saith the Lord, that I will make a new covenant with the house of Israel, and with the house of Judah:
Jer	31	32	לֹא כַבְּרִית אֲשֶׁר כָּרַתִּי אֶת־אֲבוֹתָם בְּיוֹם הֶחֱזִיקִי בְיָדָם לְהוֹצִיאָם מֵאֶרֶץ מִצְרָיִם אֲשֶׁר־הֵמָּה הֵפֵרוּ אֶת־בְּרִיתִי וְאָנֹכִי בָּעַלְתִּי בָם נְאֻם־יְהוָה ׃	ὡς κλαυθμὸν Ἰαζὴρ ἀποκλαύσομαί σοι, ἄμπελος Ωσερημά· κλήματά σου διῆλθεν θάλασσαν, πόλεις Ἰαζὴρ ἥψαντο ἐπὶ ὀπώραν σου, ἐπὶ τρυγηταῖς σου ὄλεθρος ἐπέπεσεν·	non secundum pactum quod pepigi cum patribus vestris in die qua adprehendi manum eorum ut educerem eos de terra Aegypti pactum quod irritum fecerunt et ego dominatus sum eorum dicit Dominus	non secundum pactum quod pepigi cum patribus eorum in die qua apprehendi manum eorum ut educerem eos de terra gypti, pactum quod irritum fecerunt: et ego dominatus sum eorum, dicit Dominus.		Not according to the covenant that I made with their fathers in the day that I took them by the hand to bring them out of the land of Egypt; which my covenant they brake, although I was an husband unto them, saith the Lord:
Jer	31	33	כִּי זֹאת הַבְּרִית אֲשֶׁר אֶכְרֹת אֶת־בֵּית יִשְׂרָאֵל אַחֲרֵי הַיָּמִים הָהֵם נְאֻם־יְהוָה נָתַתִּי אֶת־תּוֹרָתִי בְּקִרְבָּם וְעַל־לִבָּם אֶכְתֲּבֶנָּה וְהָיִיתִי לָהֶם לֵאלֹהִים וְהֵמָּה יִהְיוּ־לִי לְעָם ׃	συνεψήσθη χαρμοσύνη καὶ εὐφροσύνη ἐκ τῆς Μωαβείτιδος, καὶ οἶνος ἦν ἐπὶ ληνοῖς σου· πρωὶ οὐκ ἐπάτησαν, οὐδὲ δείλης οὐκ ἐποίησαν αἵδε.	sed hoc erit pactum quod feriam cum domo Israhel post dies illos dicit Dominus dabo legem meam in visceribus eorum et in corde eorum scribam eam et ero eis in Deum et ipsi erunt mihi in populum	Sed hoc erit pactum quod feriam cum domo Isral post dies illos, dicit Dominus: dabo legem meam in visceribus eorum, et in corde eorum scribam eam, et ero eis in Deum, et ipsi erunt mihi in populum:		But this shall be the covenant that I will make with the house of Israel; After those days, saith the Lord, I will put my law in their inward parts, and write it in their hearts; and will be their God, and they shall be my people.
Jer	31	34	וְלֹא יְלַמְּדוּ עוֹד אִישׁ אֶת־רֵעֵהוּ וְאִישׁ אֶת־אָחִיו לֵאמֹר דְּעוּ אֶת־יְהוָה כִּי־כוּלָּם יֵדְעוּ אוֹתִי לְמִקְטַנָּם וְעַד־גְּדוֹלָם נְאֻם־יְהוָה כִּי אֶסְלַח לַעֲוֹנָם וּלְחַטָּאתָם לֹא אֶזְכָּר־עוֹד ׃	ἀπὸ κραυγῆς Ἑσεβὼν ἕως Αἰτὰμ αἱ πόλεις αὐτῶν ἔδωκαν φωνὴν αὐτῶν ἀπὸ Ζόγορ ἕως Ὡρωνάιμ καὶ ἀγγελίαν Σαλασειά, ὅτι καὶ τὸ ὕδωρ Νεβρεὶν εἰς κατάκαυμα ἔσται.	et non docebunt ultra vir proximum suum et vir fratrem suum dicens cognoscite Dominum omnes enim cognoscent me a minimo eorum usque ad maximum ait Dominus quia propitiabor iniquitati eorum et peccati eorum non ero memor amplius	et non docebit ultra vir proximum suum et vir fratrem suum, dicens: Cognosce Dominum: omnes enim cognoscent me, a minimo eorum usque ad maximum, ait Dominus: quia propitiabor iniquitati eorum, et peccati eorum non memorabor amplius.		And they shall teach no more every man his neighbour, and every man his brother, saying, Know the Lord: for they shall all know me, from the least of them unto the greatest of them, saith the Lord: for I will forgive their iniquity, and I will remember their sin no more.
Jer	31	35	ס כֹּה אָמַר יְהוָה נֹתֵן שֶׁמֶשׁ לְאוֹר יוֹמָם חֻקֹּת יָרֵחַ וְכוֹכָבִים לְאוֹר לָיְלָה רֹגַע הַיָּם וַיֶּהֱמוּ גַלָּיו יְהוָה צְבָאוֹת שְׁמוֹ ׃	καὶ ἀπολῶ τὸν Μωάβ, φησὶν Κύριος, ἀναβαίνοντα ἐπὶ τὸν βωμὸν καὶ θυμιῶντα θεοῖς αὐτοῦ.	haec dicit Dominus qui dat solem in lumine diei ordinem lunae et stellarum in lumine noctis qui turbat mare et sonant fluctus eius Dominus exercituum nomen illi	Hc dicit Dominus qui dat solem in lumine diei, ordinem lun et stellarum in lumine noctis: qui turbat mare, et sonant fluctus ejus: Dominus exercituum nomen illi:		Thus saith the Lord, which giveth the sun for a light by day, and the ordinances of the moon and of the stars for a light by night, which divideth the sea when the waves thereof roar; The Lord of hosts is his name:
Jer	31	36	אִם־יָמֻשׁוּ הַחֻקִּים הָאֵלֶּה מִלְּפָנַי נְאֻם־יְהוָה גַּם זֶרַע יִשְׂרָאֵל יִשְׁבְּתוּ מִהְיוֹת גּוֹי לְפָנַי כָּל־הַיָּמִים ׃ ס	διὰ τοῦτο καρδία τοῦ Μωὰβ ὥσπερ αὐλοὶ βομβήσουσιν, καρδία μου ἐπʼ ἀνθρώπους κειράδας ὥσπερ αὐλὸς βομβήσει· διά τοῦτο ἃ περιεποιήσατο ἀπώλετο ἀπὸ ἀνθρώπου.	si defecerint leges istae coram me dicit Dominus tunc et semen Israhel deficiet ut non sit gens coram me cunctis diebus	Si defecerint leges ist coram me, dicit Dominus, tunc et semen Isral deficiet, ut non sit gens coram me cunctis diebus.		If those ordinances depart from before me, saith the Lord, then the seed of Israel also shall cease from being a nation before me for ever.
Jer	31	37	כֹּה אָמַר יְהוָה אִם־יִמַּדּוּ שָׁמַיִם מִלְמַעְלָה וְיֵחָקְרוּ מוֹסְדֵי־אֶרֶץ לְמָטָּה גַּם־אֲנִי אֶמְאַס בְּכָל־זֶרַע יִשְׂרָאֵל עַל־כָּל־אֲשֶׁר עָשׂוּ נְאֻם־יְהוָה ׃ ס	πᾶσαν κεφαλὴν ἐν παντὶ τόπῳ ξυρηθήσονται, καὶ πᾶς πώγων ξυρηθήσεται, καὶ πᾶσαι χεῖρες κόψονται, καὶ ἐπὶ πάσης ὀσφύος σάκκος.	haec dicit Dominus si mensurari potuerint caeli sursum et investigari fundamenta terrae deorsum et ego abiciam universum semen Israhel propter omnia quae fecerunt dicit Dominus	Hc dicit Dominus: Si mensurari potuerint cli sursum, et investigari fundamenta terr deorsum, et ego abjiciam universum semen Isral, propter omnia qu fecerunt, dicit Dominus.		Thus saith the Lord; If heaven above can be measured, and the foundations of the earth searched out beneath, I will also cast off all the seed of Israel for all that they have done, saith the Lord.
Jer	31	38	הִנֵּה יָמִים ִָ נְאֻם־יְהוָה וְנִבְנְתָה הָעִיר לַיהוָה מִמִּגְדַּל חֲנַנְאֵל שַׁעַר הַפִּנָּה ׃	καὶ ἐπὶ πάντων τῶν δωμάτων Μωὰβ καὶ ἐπὶ πλατείαις αὐτῆς, ὅτι συνέτριψα, φησὶν Κύριος, ὡς ἀγγεῖον οὗ οὐκ ἔστιν χρεία αὐτοῦ.	ecce dies veniunt dicit Dominus et aedificabitur civitas Domino a turre Ananehel usque ad portam Anguli	Ecce dies veniunt, dicit Dominus, et dificabitur civitas Domino, a turre Hananeel usque ad portam anguli.		Behold, the days come, saith the Lord, that the city shall be built to the Lord from the tower of Hananeel unto the gate of the corner.
Jer	31	39	וְיָצָא עוֹד קְוֵה הַמִּדָּה נֶגְדּוֹ עַל גִּבְעַת גָּרֵב וְנָסַב גֹּעָתָה ׃	πῶς κατήλλαξεν; πῶς ἔστρεψεν νῶτον Μωάβ; ᾐσχύνθη, καὶ ἐγένετο Μωὰβ εἰς γέλωτα καὶ ἐνκότημα πᾶσιν τοῖς κύκλῳ αὐτῆς.	et exibit ultra norma mensurae in conspectu eius super collem Gareb et circuibit Goatha	Et exibit ultra norma mensur in conspectu ejus super collem Gareb, et circuibit Goatha,		And the measuring line shall yet go forth over against it upon the hill Gareb, and shall compass about to Goath.
Jer	31	40	וְכָל־הָעֵמֶק הַפְּגָרִים וְהַדֶּשֶׁן וְכָל־הַשְּׁרֵמוֹת עַד־נַחַל קִדְרוֹן עַד־פִּנַּת שַׁעַר הַסּוּסִים מִזְרָחָה קֹדֶשׁ לַיהוָה לֹא־יִנָּתֵשׁ וְלֹא־יֵהָרֵס עוֹד לְעוֹלָם ׃ ס	ὅτι οὕτως εἶπεν Κύριος	et omnem vallem cadaverum et cineris et universam regionem mortis usque ad torrentem Cedron et usque ad angulum portae Equorum orientalis sanctum Domini non evelletur et non destruetur ultra in perpetuum	et omnem vallem cadaverum, et cineris, et universam regionem mortis usque ad torrentem Cedron, et usque ad angulum port equorum orientalis, Sanctum Domini: non evelletur, et non destruetur ultra in perpetuum.]		And the whole valley of the dead bodies, and of the ashes, and all the fields unto the brook of Kidron, unto the corner of the horse gate toward the east, shall be holy unto the Lord; it shall not be plucked up, nor thrown down any more for ever.
Jer	31	41		Ἐλήμφθη Ἀκκαρών, καὶ τά ὀχυρώματα συνελήμφθη,				
Jer	31	42		καὶ ἀπολεῖται Μωὰβ ἀπὸ ὄχλου, ὅτι ἐπὶ τὸν κύριον ἐμεγαλύνθη.				
Jer	31	43		παγὶς καὶ φόβος καὶ βόθυνος ἐπὶ σοί, καθήμενος Μωάβ.				
Jer	31	44		ὁ φεύγων ἀπὸ προσώπου τοῦ φόβου ἐνπεσεῖται εἰς τὸν βόθυνον· καὶ ὁ ἀναβαίνων ἐκ τοῦ βοθύνου, συλλημφθήσεται ἐν τῇ παγίδι· ὅτι ἐπάξω ταῦτα ἐπὶ Μωὰβ ἐν ἐνιαυτῷ ἐπισκέψεως αὐτῶν.				
Jer	32	1	הַדָּבָר אֲשֶׁר־הָיָה אֶל־יִרְמְיָהוּ מֵאֵת יְהוָה בִּשְׁנַת הָעֲשִׂרִית לְצִדְקִיָּהוּ מֶלֶךְ יְהוּדָה הִיא הַשָּׁנָה שְׁמֹנֶה־עֶשְׂרֵה שָׁנָה לִנְבוּכַדְרֶאצַּר ׃	Οὕτως εἶπεν Κύριος ὁ θεὸς Ἰσραὴλ Λάβε τὸ ποτήριον τοῦ οἴνου τοῦ ἀκράτου τούτου ἐκ χειρός μου, καὶ ποτιεῖς πάντα τὰ ἔθνη πρὸς ἃ ἐγὼ ἀποστέλλω σε πρὸς αὐτούς,	verbum quod factum est ad Hieremiam a Domino in anno decimo Sedeciae regis Iuda ipse est annus octavusdecimus Nabuchodonosor	Verbum quod factum est ad Jeremiam a Domino, in anno decimo Sedeci regis Juda, ipse est annus decimus octavus Nabuchodonosor.		The word that came to Jeremiah from the Lord in the tenth year of Zedekiah king of Judah, which was the eighteenth year of Nebuchadrezzar.
Jer	32	2	וְאָז חֵיל מֶלֶךְ בָּבֶל צָרִים עַל־יְרוּשָׁלִָם וְיִרְמְיָהוּ הַנָּבִיא הָיָה כָלוּא בַּחֲצַר הַמַּטָּרָה אֲשֶׁר בֵּית־מֶלֶךְ יְהוּדָה ׃	καὶ ἐξεμοῦνται, καὶ μανήσονται ἀπὸ προσώπου τῆς μαχαίρας ἧς ἐγὼ ἀποστέλλω ἀνὰ μέσον αὐτῶν.	tunc exercitus regis Babylonis obsidebat Hierusalem et Hieremias propheta erat clausus in atrio carceris qui erat in domo regis Iuda	Tunc exercitus regis Babylonis obsidebat Jerusalem, et Jeremias propheta erat clausus in atrio carceris qui erat in domo regis Juda.		For then the king of Babylon's army besieged Jerusalem: and Jeremiah the prophet was shut up in the court of the prison, which was in the king of Judah's house.
Jer	32	3	אֲשֶׁר כְּלָאוֹ צִדְקִיָּהוּ מֶלֶךְ־יְהוּדָה לֵאמֹר מַדּוּעַ אַתָּה נִבָּא לֵאמֹר כֹּה אָמַר יְהוָה הִנְנִי נֹתֵן אֶת־הָעִיר הַזֹּאת בְּיַד מֶלֶךְ־בָּבֶל וּלְכָדָהּ ׃	καὶ ἔλαβον τὸ ποτήριον ἐκ χειρὸς Κυρίου, καὶ ἐπότισα τὰ ἔθνη πρὸς ἃ ἀπέστειλέν με Κύριος πρὸς αὐτά,	clauserat enim eum Sedecias rex Iuda dicens quare vaticinaris dicens haec dicit Dominus ecce ego dabo civitatem istam in manu regis Babylonis et capiet eam	Clauserat enim eum Sedecias rex Juda, dicens: Quare vaticinaris, dicens: Hc dicit Dominus: Ecce ego dabo civitatem istam in manus regis Babylonis, et capiet eam;		For Zedekiah king of Judah had shut him up, saying, Wherefore dost thou prophesy, and say, Thus saith the Lord, Behold, I will give this city into the hand of the king of Babylon, and he shall take it;
Jer	32	4	וְצִדְקִיָּהוּ מֶלֶךְ יְהוּדָה לֹא יִמָּלֵט מִיַּד הַכַּשְׂדִּים כִּי הִנָּתֹן יִנָּתֵן בְּיַד מֶלֶךְ־בָּבֶל וְדִבֶּר־פִּיו עִם־פִּיו וְעֵינָיו אֶת־עֵינוֹ תִּרְאֶינָה ׃	τὴν Ἰερουσαλὴμ καὶ τὰς πόλεις Ἰούδα καὶ βασιλεῖς Ἰούδα καὶ ἄρχοντας αὐτοῦ, τοῦ θεῖναι αὐτὰς εἰς ἐρήμωσιν καὶ εἰς ἄβατον καὶ εἰς συριγμόν,	et Sedecias rex Iuda non effugiet de manu Chaldeorum sed tradetur in manu regis Babylonis et loquetur os eius cum ore illius et oculi eius oculos illius videbunt	et Sedecias rex Juda non effugiet de manu Chaldorum, sed tradetur in manus regis Babylonis: et loquetur os ejus cum ore illius, et oculi ejus oculos illius videbunt:		And Zedekiah king of Judah shall not escape out of the hand of the Chaldeans, but shall surely be delivered into the hand of the king of Babylon, and shall speak with him mouth to mouth, and his eyes shall behold his eyes;
Jer	32	5	וּבָבֶל יוֹלִךְ אֶת־צִדְקִיָּהוּ וְשָׁם יִהְיֶה עַד־פָּקְדִי אֹתוֹ נְאֻם־יְהוָה כִּי תִלָּחֲמוּ אֶת־הַכַּשְׂדִּים לֹא תַצְלִיחוּ ׃ פ	καὶ τὸν Φαραὼ βασιλέα Αἰγύπτου καὶ τοὺς παῖδας αὐτοῦ καὶ τοὺς μεγιστᾶνας αὐτοῦ	et in Babylonem ducet Sedeciam et ibi erit donec visitem eum ait Dominus si autem dimicaveritis adversum Chaldeos nihil prosperum habebitis	et in Babylonem ducet Sedeciam, et ibi erit donec visitem eum, ait Dominus: si autem dimicaveritis adversum Chaldos, nihil prosperum habebitis?		And he shall lead Zedekiah to Babylon, and there shall he be until I visit him, saith the Lord: though ye fight with the Chaldeans, ye shall not prosper.
Jer	32	6	וַיֹּאמֶר יִרְמְיָהוּ הָיָה דְּבַר־יְהוָה אֵלַי לֵאמֹר ׃	καὶ πάντα τὸν λαὸν αὐτοῦ καὶ πάντας τοὺς συμμίκτους, καὶ πάντας τοὺς βασιλεῖς ἀλλοφύλων, τὴν Ἀσκάλωνα καὶ τὴν Γάζαν καὶ τὴν Ἀκκαρών, καὶ τὸ ἐπί λοιπον Ἀζώτου,	et dixit Hieremias factum est verbum Domini ad me dicens	Et dixit Jeremias: Factum est verbum Domini ad me, dicens:		And Jeremiah said, The word of the Lord came unto me, saying,
Jer	32	7	הִנֵּה חֲנַמְאֵל בֶּן־שַׁלֻּם דֹּדְךָ בָּא אֵלֶיךָ לֵאמֹר קְנֵה לְךָ אֶת־שָׂדִי אֲשֶׁר בַּעֲנָתוֹת כִּי לְךָ מִשְׁפַּט הַגְּאֻלָּה לִקְנוֹת ׃	καὶ τὴν Ἰδουμαίαν καὶ τὴν Μωαβεῖτιν καὶ τοὺς υἱοὺς Ἀμμών,	ecce Anamehel filius Sellum patruelis tuus veniet ad te dicens eme tibi agrum meum qui est in Anathoth tibi enim conpetit ex propinquitate ut emas	Ecce Hanameel filius Sellum, patruelis tuus, veniet ad te, dicens: Eme tibi agrum meum qui est in Anathoth, tibi enim competit ex propinquitate ut emas.		Behold, Hanameel the son of Shallum thine uncle shall come unto thee saying, Buy thee my field that is in Anathoth: for the right of redemption is thine to buy it.
Jer	32	8	וַיָּבֹא אֵלַי חֲנַמְאֵל בֶּן־דֹּדִי כִּדְבַר יְהוָה אֶל־חֲצַר הַמַּטָּרָה וַיֹּאמֶר אֵלַי קְנֵה נָא אֶת־שָׂדִי אֲשֶׁר־בַּעֲנָתוֹת אֲשֶׁר בְּאֶרֶץ בִּנְיָמִין כִּי־לְךָ מִשְׁפַּט הַיְרֻשָּׁה וּלְךָ הַגְּאֻלָּה קְנֵה־לָךְ וָאֵדַע כִּי דְבַר־יְהוָה הוּא ׃	καὶ βασιλεῖς Γύρου καὶ βασιλεῖς Σειδῶνος καὶ βασιλεῖς τοὺς ἐν τῷ πέραν τῆς θαλάσσης,	et venit ad me Anamehel filius patrui mei secundum verbum Domini ad vestibulum carceris et ait ad me posside agrum meum qui est in Anathoth in terra Beniamin quia tibi conpetit hereditas et tu propinquus ut possideas intellexi autem quod verbum Domini esset	Et venit ad me Hanameel filius patrui mei, secundum verbum Domini, ad vestibulum carceris, et ait ad me: Posside agrum meum qui est in Anathoth, in terra Benjamin, quia tibi competit hreditas, et tu propinquus es ut possideas. Intellexi autem quod verbum Domini esset:		So Hanameel mine uncle's son came to me in the court of the prison according to the word of the Lord, and said unto me, Buy my field, I pray thee, that is in Anathoth, which is in the country of Benjamin: for the right of inheritance is thine, and the redemption is thine; buy it for thyself. Then I knew that this was the word of the Lord.
Jer	32	9	וָאֶקְנֶה אֶת־הַשָּׂדֶה מֵאֵת חֲנַמְאֵל בֶּן־דֹּדִי אֲשֶׁר בַּעֲנָתוֹת וָאֶשְׁקֲלָה־לּוֹ אֶת־הַכֶּסֶף שִׁבְעָה שְׁקָלִים וַעֲשָׂרָה הַכָּסֶף ׃	καὶ τὴν Δαιδὰν καὶ τὴν Θαιμὰν καὶ τὴν Ῥὼς καὶ πᾶν περικεκαρμένον κατὰ πρόσαωπον αὐτοῦ,	et emi agrum ab Anamehel filio patrui mei qui est in Anathoth et adpendi ei argentum septem stateres et decem argenteos	et emi agrum ab Hanameel filio patrui mei, qui est in Anathoth, et appendi ei argentum: septem stateres, et decem argenteos.		And I bought the field of Hanameel my uncle's son, that was in Anathoth, and weighed him the money, even seventeen shekels of silver.
Jer	32	10	וָאֶכְתֹּב בַּסֵּפֶר וָאֶחְתֹּם וָאָעֵד עֵדִים וָאֶשְׁקֹל הַכֶּסֶף בְּמֹאזְנָיִם ׃	καὶ πάντας τοὺς συμμίκτους τοὺς καταλύοντας ἐν τῇ ἐρήμῳ,	et scripsi in libro et signavi et adhibui testes et adpendi argentum in statera	Et scripsi in libro, et signavi, et adhibui testes, et appendi argentum in statera.		And I subscribed the evidence, and sealed it, and took witnesses, and weighed him the money in the balances.
Jer	32	11	וָאֶקַּח אֶת־סֵפֶר הַמִּקְנָה אֶת־הֶחָתוּם הַמִּצְוָה וְהַחֻקִּים וְאֶת־הַגָּלוּי ׃	καὶ πάντας βασιλεῖς Aἰλὰμ καὶ πάντας βασιλεῖς Περσῶν,	et accepi librum possessionis signatum stipulationes et rata et signa forinsecus	Et accepi librum possessionis signatum et stipulationes, et rata, et signa forinsecus:		So I took the evidence of the purchase, both that which was sealed according to the law and custom, and that which was open:
Jer	32	12	וָאֶתֵּן אֶת־הַסֵּפֶר הַמִּקְנָה אֶל־בָּרוּךְ בֶּן־נֵרִיָּה בֶּן־מַחְסֵיָה לְעֵינֵי חֲנַמְאֵל דֹּדִי וּלְעֵינֵי הָעֵדִים הַכֹּתְבִים בְּסֵפֶר הַמִּקְנָה לְעֵינֵי כָּל־הַיְּהוּדִים הַיֹּשְׁבִים בַּחֲצַר הַמַּטָּרָה ׃	καὶ πάντας βασιλεῖς ἀπὸ ἀπηλιώτου τοὺς πόρρω καὶ τοὺς ἐγγύς, ἕκαστον πρὸς τὸν ἀδελφὸν αὐτοῦ, καὶ πάσας βασιλείας τὰς ἐπὶ προσώπου τῆς γῆς.	et dedi librum possessionis Baruch filio Neri filii Maasiae in oculis Anamehel patruelis mei et in oculis testium qui scripti erant in libro emptionis in oculis omnium Iudaeorum qui sedebant in atrio carceris	et dedi librum possessionis Baruch filio Neri filii Maasi, in oculis Hanameel patruelis mei, in oculis testium qui scripti erant in libro emptionis, et in oculis omnium Judorum qui sedebant in atrio carceris.		And I gave the evidence of the purchase unto Baruch the son of Neriah, the son of Maaseiah, in the sight of Hanameel mine uncle's son, and in the presence of the witnesses that subscribed the book of the purchase, before all the Jews that sat in the court of the prison.
Jer	32	13	וָאֲצַוֶּה אֶת בָּרוּךְ לְעֵינֵיהֶם לֵאמֹר ׃	καὶ ἐρεῖς αὐτοῖς Οὕτως εἶπεν Κύριος Παντοκράτωρ Πίετε, μεθύσθητε, καὶ ἐξεμέσετε καὶ πεσεῖσθε, καὶ οὐ μὴ ἀναστῆτε ἀπὸ προσώπου τῆς μαχαίρας ἧς ἐγὼ ἀποστέλλω ἀνὰ μέσον ὑμῶν.	et praecepi Baruch coram eis dicens	Et prcepi Baruch coram eis, dicens:		And I charged Baruch before them, saying,
Jer	32	14	כֹּה־אָמַר יְהוָה צְבָאוֹת אֱלֹהֵי יִשְׂרָאֵל לָקוֹחַ אֶת־הַסְּפָרִים הָאֵלֶּה אֵת סֵפֶר הַמִּקְנָה הַזֶּה וְאֵת הֶחָתוּם וְאֵת סֵפֶר הַגָּלוּי הַזֶּה וּנְתַתָּם בִּכְלִי־חָרֶשׂ לְמַעַן יַעַמְדוּ יָמִים רַבִּים ׃ ס	καὶ ἔσται ὅταν μὴ βούλωνται δέξασθαι τὸ ποτήριον ἐκ τῆς χειρός σου ὥστε πιεῖν, καὶ ἐρεῖς Οὕτως εἶπεν Κύριος Πιόντες πίεσθε,	haec dicit Dominus exercituum Deus Israhel sume libros istos librum emptionis hunc signatum et librum hunc qui apertus est et pones illos in vase fictili ut permanere possint diebus multis	Hc dicit Dominus exercituum, Deus Isral: Sume libros istos, librum emptionis hunc signatum, et librum hunc qui apertus est, et pone illos in vase fictili, ut permanere possint diebus multis:		Thus saith the Lord of hosts, the God of Israel; Take these evidences, this evidence of the purchase, both which is sealed, and this evidence which is open; and put them in an earthen vessel, that they may continue many days.
Jer	32	15	כִּי כֹה אָמַר יְהוָה צְבָאוֹת אֱלֹהֵי יִשְׂרָאֵל עוֹד יִקָּנוּ בָתִּים וְשָׂדוֹת וּכְרָמִים בָּאָרֶץ הַזֹּאת ׃ פ	ὅτι ἐν πόλει ἐν ᾗ ὠνομάσθη τὸ ὄνομά μου ἐπʼ αὐτὴν ἐγὼ ἄρχομαι κακῶσαι, καὶ ὑμεῖς καθάρσει οὐ μὴ καθαρισθῆτε, ὅτι μάχαιραν ἐγὼ καλῶ ἐπὶ τοὺς καθημένους ἐπὶ τῆς γῆς.	haec enim dicit Dominus exercituum Deus Israhel adhuc possidebuntur domus et agri et vineae in terra ista	hc enim dicit Dominus exercituum, Deus Isral: Adhuc possidebuntur domus, et agri, et vine in terra ista.		For thus saith the Lord of hosts, the God of Israel; Houses and fields and vineyards shall be possessed again in this land.
Jer	32	16	וָאֶתְפַּלֵּל אֶל־יְהוָה אַחֲרֵי תִתִּי אֶת־סֵפֶר הַמִּקְנָה אֶל־בָּרוּךְ בֶּן־נֵרִיָּה לֵאמֹר ׃	καὶ σὺ προφητεύσεις ἐπʼ αὐτοὺς τοὺς λόγους τούτους, καὶ ἐρεῖς Κύριος ἀφʼ ὑψηλοῦ χρηματιεῖ, ἀπὸ τοῦ ἁγίου αὐτοῦ δώσει φωνὴν αὐτοῦ, λόγον χρηματιεῖ ἐπὶ τοῦ τόπου αὐτοῦ, καὶ οἵδε ὥσπερ τρυγῶντες ἀποκριθήσονται. καὶ ἐπὶ καθημένους τὴν γῆν ἤκει ὄλεθρος,	et oravi ad Dominum postquam tradidi librum possessionis Baruch filio Neri dicens	Et oravi ad Dominum, postquam tradidi librum possessionis Baruch filio Neri, dicens:		Now when I had delivered the evidence of the purchase unto Baruch the son of Neriah, I prayed unto the Lord, saying,
Jer	32	17	אֲהָהּ אֲדֹנָי יְהוִה הִנֵּה אַתָּה עָשִׂיתָ אֶת־הַשָּׁמַיִם וְאֶת־הָאָרֶץ בְּכֹחֲךָ הַגָּדוֹל וּבִזְרֹעֲךָ הַנְּטוּיָה לֹא־יִפָּלֵא מִמְּךָ כָּל־דָּבָר ׃	ἐπὶ μέρος τῆς γῆς. ὅτι κρίσις τῷ κυρίῳ ἐν τοῖς ἔθνεσιν· κρίνεται αὐτὸς πρὸς πᾶσαν σάρκα, οἱ δέ ἀσεβεῖς ἐδόθησαν εἰς μάχαιραν, λέγει Κύριος.	heu heu heu Domine Deus ecce tu fecisti caelum et terram in fortitudine tua magna et in brachio tuo extento non erit tibi difficile omne verbum	[Heu! heu! heu! Domine Deus, ecce tu fecisti clum et terram in fortitudine tua magna, et in brachio tuo extento: non erit tibi difficile omne verbum:		Ah Lord God! behold, thou hast made the heaven and the earth by thy great power and stretched out arm, and there is nothing too hard for thee:
Jer	32	18	עֹשֶׂה חֶסֶד לַאֲלָפִים וּמְשַׁלֵּם עֲוֹן אָבוֹת אֶל־חֵיק בְּנֵיהֶם אַחֲרֵיהֶם הָאֵל הַגָּדוֹל הַגִּבּוֹר יְהוָה צְבָאוֹת שְׁמוֹ ׃	Οὕτως εἶπεν Κύριος Ἰδοὺ κακὰ ἔρχεται ἀπὸ ἔθνους ἐπὶ ἔθνος, καὶ λαῖλαψ μεγάλη ἐκπορεύεται ἀπʼ ἐσχάτου τῆς γῆς,	qui facis misericordiam in milibus et reddes iniquitatem patrum in sinu filiorum eorum post eos fortissime magne potens Dominus exercituum nomen tibi	qui facis misericordiam in millibus, et reddis iniquitatem patrum in sinum filiorum eorum post eos: fortissime, magne, et potens, Dominus exercituum nomen tibi.		Thou shewest lovingkindness unto thousands, and recompensest the iniquity of the fathers into the bosom of their children after them: the Great, the Mighty God, the Lord of hosts, is his name,
Jer	32	19	גְּדֹל הָעֵצָה וְרַב הָעֲלִילִיָּה אֲשֶׁר־עֵינֶיךָ פְקֻחוֹת עַל־כָּל־דַּרְכֵי בְּנֵי אָדָם לָתֵת לְאִישׁ כִּדְרָכָיו וְכִפְרִי מַעֲלָלָיו ׃	καὶ ἔσονται τραυματίαι ὑπὸ Κυρίου ἐν ἡμέρᾳ Κυρίου ἐκ μέρους τῆς γῆς καὶ ἕως εἰς μέρος τῆς γῆς· οὐ μὴ κατορυγῶσιν, εἰς κόπρια ἐπὶ προσώπου τῆς γῆς ἔσονται.	magnus consilio et inconprehensibilis cogitatu cuius oculi aperti sunt super omnes vias filiorum Adam ut reddas unicuique secundum vias suas et secundum fructum adinventionum eius	Magnus consilio, et incomprehensibilis cogitatu: cujus oculi aperti sunt super omnes vias filiorum Adam, ut reddas unicuique secundum vias suas, et secundum fructum adinventionum ejus.		Great in counsel, and mighty in work: for thine eyes are open upon all the ways of the sons of men: to give every one according to his ways, and according to the fruit of his doings:
Jer	32	20	אֲשֶׁר־שַׂמְתָּ אֹתוֹת וּמֹפְתִים בְּאֶרֶץ־מִצְרַיִם עַד־הַיּוֹם הַזֶּה וּבְיִשְׂרָאֵל וּבָאָדָם וַתַּעֲשֶׂה־לְּךָ שֵׁם כַּיּוֹם הַזֶּה ׃	ἀλαλάξατε, ποιμένες, καὶ κεκράξατε καὶ κόπτεσθε, οἱ κριοὶ τῶν προβάτων, ὅτι ἐπληρώθησαν αἱ ἡμέραι ὑμῶν εἰς σφαγήν, καὶ πεσεῖσθε ὥσπερ οἱ κριοὶ οἱ ἐκλεκτοί	qui posuisti signa et portenta in terra Aegypti usque ad diem hanc et in Israhel et in hominibus et fecisti tibi nomen sicut est dies haec	Qui posuisti signa et portenta in terra gypti usque ad diem hanc, et in Isral, et in hominibus, et fecisti tibi nomen sicut est dies hc.		Which hast set signs and wonders in the land of Egypt, even unto this day, and in Israel, and among other men; and hast made thee a name, as at this day;
Jer	32	21	וַתֹּצֵא אֶת־עַמְּךָ אֶת־יִשְׂרָאֵל מֵאֶרֶץ מִצְרָיִם בְּאֹתוֹת וּבְמוֹפְתִים וּבְיָד חֲזָקָה וּבְאֶזְרוֹעַ נְטוּיָה וּבְמוֹרָא גָּדוֹל ׃	καὶ ἀπολεῖται φυγὴ ἀπὸ τῶν ποιμένων, καὶ σωτηρία ἀπὸ τῶν κριῶν τῶν προβάτων.	et eduxisti populum tuum Israhel de terra Aegypti in signis et in portentis et in manu robusta et in brachio extento et in terrore magno	Et eduxisti populum tuum Isral de terra gypti, in signis et in portentis, et in manu robusta et in brachio extento, et in terrore magno:		And hast brought forth thy people Israel out of the land of Egypt with signs, and with wonders, and with a strong hand, and with a stretched out arm, and with great terror;
Jer	32	22	וַתִּתֵּן לָהֶם אֶת־הָאָרֶץ הַזֹּאת אֲשֶׁר־נִשְׁבַּעְתָּ לַאֲבוֹתָם לָתֵת לָהֶם אֶרֶץ זָבַת חָלָב וּדְבָשׁ ׃	φωνὴ κραυγῆς τῶν ποιμένων, καὶ ἀλαλαγμὸς τῶν προβάτων καὶ τῶν κριῶν, ὅτι ὠλέθρευσεν Κύριος τὰ βοσκήματα αὐτῶν,	et dedisti eis terram hanc quam iurasti patribus eorum ut dares eis terram fluentem lacte et melle	et dedisti eis terram hanc, quam jurasti patribus eorum ut dares eis, terram fluentem lacte et melle.		And hast given them this land, which thou didst swear to their fathers to give them, a land flowing with milk and honey;
Jer	32	23	וַיָּבֹאוּ וַיִּרְשׁוּ אֹתָהּ וְלֹא־שָׁמְעוּ בְקוֹלֶךָ וּבְתֹרוֹתֶךָ לֹא־הָלָכוּ אֵת כָּל־אֲשֶׁר צִוִּיתָה לָהֶם לַעֲשׂוֹת לֹא עָשׂוּ וַתַּקְרֵא אֹתָם אֵת כָּל־הָרָעָה הַזֹּאת ׃	καὶ παύσεται τὰ κατάλοιπα τῆς εἰρήνης ἀπὸ προσώπου ἀργῆς θυμοῦ μου.	et ingressi sunt et possederunt eam et non oboedierunt voci tuae et in lege tua non ambulaverunt omnia quae mandasti eis ut facerent non fecerunt et evenerunt eis omnia mala haec	Et ingressi sunt, et possederunt eam, et non obedierunt voci tu, et in lege tua non ambulaverunt: omnia qu mandasti eis ut facerent non fecerunt, et evenerunt eis omnia mala hc.		And they came in, and possessed it; but they obeyed not thy voice, neither walked in thy law; they have done nothing of all that thou commandedst them to do: therefore thou hast caused all this evil to come upon them:
Jer	32	24	הִנֵּה הַסֹּלְלוֹת בָּאוּ הָעִיר לְלָכְדָהּ וְהָעִיר נִתְּנָה בְּיַד הַכַּשְׂדִּים הַנִּלְחָמִים עָלֶיהָ מִפְּנֵי הַחֶרֶב וְהָרָעָב וְהַדָּבֶר וַאֲשֶׁר דִּבַּרְתָּ הָיָה וְהִנְּךָ רֹאֶה ׃	ἐνκατέλιπεν ὥσπερ λέων κατάλυμα αὐτοῦ, ὅτι ἐγενήθη ἡ γῆ αὐτῶν εἰς ἄβατον ἀπὸ προσώπου τῆς μαχαίρας τῆς μεγάλης.	ecce munitiones extructae sunt adversum civitatem ut capiatur et urbs data est in manu Chaldeorum qui proeliantur adversum eam a facie gladii et famis et pestilentiae et quaecumque locutus es acciderunt ut ipse tu cernis	Ecce munitiones exstruct sunt adversum civitatem ut capiatur, et urbs data est in manus Chaldorum, qui prliantur adversus eam, a facie gladii, et famis, et pestilenti: et qucumque locutus es acciderunt, ut tu ipse cernis.		Behold the mounts, they are come unto the city to take it; and the city is given into the hand of the Chaldeans, that fight against it, because of the sword, and of the famine, and of the pestilence: and what thou hast spoken is come to pass; and, behold, thou seest it.
Jer	32	25	וְאַתָּה אָמַרְתָּ אֵלַי אֲדֹנָי יְהוִה קְנֵה־לְךָ הַשָּׂדֶה בַּכֶּסֶף וְהָעֵד עֵדִים וְהָעִיר נִתְּנָה בְּיַד הַכַּשְׂדִּים ׃		et tu dicis mihi Domine Deus eme agrum argento et adhibe testes cum urbs data sit in manu Chaldeorum	Et tu dicis mihi, Domine Deus: Eme agrum argento, et adhibe testes, cum urbs data sit in manus Chaldorum?]		And thou hast said unto me, O Lord God, Buy thee the field for money, and take witnesses; for the city is given into the hand of the Chaldeans.
Jer	32	26	וַיְהִי דְּבַר־יְהוָה אֶל־יִרְמְיָהוּ לֵאמֹר ׃		et factum est verbum Domini ad Hieremiam dicens	Et factum est verbum Domini ad Jeremiam, dicens:		Then came the word of the Lord unto Jeremiah, saying,
Jer	32	27	הִנֵּה אֲנִי יְהוָה אֱלֹהֵי כָּל־בָּשָׂר הֲמִמֶּנִּי יִפָּלֵא כָּל־דָּבָר ׃		ecce ego Dominus Deus universae carnis numquid mihi difficile erit omne verbum	[Ecce ego Dominus Deus univers carnis: numquid mihi difficile erit omne verbum?		Behold, I am the Lord, the God of all flesh: is there any thing too hard for me?
Jer	32	28	לָכֵן כֹּה אָמַר יְהוָה הִנְנִי נֹתֵן אֶת־הָעִיר הַזֹּאת בְּיַד הַכַּשְׂדִּים וּבְיַד נְבוּכַדְרֶאצַּר מֶלֶךְ־בָּבֶל וּלְכָדָהּ ׃		propterea haec dicit Dominus ecce ego tradam civitatem istam in manu Chaldeorum et in manu regis Babylonis et capiet eam	Propterea hc dicit Dominus: Ecce ego tradam civitatem istam in manus Chaldorum, et in manus regis Babylonis, et capient eam.		Therefore thus saith the Lord; Behold, I will give this city into the hand of the Chaldeans, and into the hand of Nebuchadrezzar king of Babylon, and he shall take it:
Jer	32	29	וּבָאוּ הַכַּשְׂדִּים הַנִּלְחָמִים עַל־הָעִיר הַזֹּאת וְהִצִּיתוּ אֶת־הָעִיר הַזֹּאת בָּאֵשׁ וּשְׂרָפוּהָ וְאֵת הַבָּתִּים אֲשֶׁר קִטְּרוּ עַל־גַּגּוֹתֵיהֶם לַבַּעַל וְהִסִּכוּ נְסָכִים לֵאלֹהִים אֲחֵרִים לְמַעַן הַכְעִסֵנִי ׃		et venient Chaldei proeliantes adversum urbem hanc et succendent eam igni et conburent eam et domos in quarum domatibus sacrificabant Baal et libabant diis alienis libamina ad inritandum me	Et venient Chaldi prliantes adversum urbem hanc, et succendent eam igni, et comburent eam, et domos in quarum domatibus sacrificabant Baal, et libabant diis alienis libamina ad irritandum me.		And the Chaldeans, that fight against this city, shall come and set fire on this city, and burn it with the houses, upon whose roofs they have offered incense unto Baal, and poured out drink offerings unto other gods, to provoke me to anger.
Jer	32	30	כִּי־הָיוּ בְנֵי־יִשְׂרָאֵל וּבְנֵי יְהוּדָה אַךְ עֹשִׂים הָרַע בְּעֵינַי מִנְּעֻרֹתֵיהֶם כִּי בְנֵי־יִשְׂרָאֵל אַךְ מַכְעִסִים אֹתִי בְּמַעֲשֵׂה יְדֵיהֶם נְאֻם־יְהוָה ׃		erant enim filii Israhel et filii Iuda iugiter facientes malum in oculis meis ab adulescentia sua filii Israhel qui usque nunc exacerbant me in opere manuum suarum dicit Dominus	Erant enim filii Isral et filii Juda jugiter facientes malum in oculis meis ab adolescentia sua: filii Isral, qui usque nunc exacerbant me in opere manuum suarum, dicit Dominus.		For the children of Israel and the children of Judah have only done evil before me from their youth: for the children of Israel have only provoked me to anger with the work of their hands, saith the Lord.
Jer	32	31	כִּי עַל־אַפִּי וְעַל־חֲמָתִי הָיְתָה לִּי הָעִיר הַזֹּאת לְמִן־הַיּוֹם אֲשֶׁר בָּנוּ אוֹתָהּ וְעַד הַיּוֹם הַזֶּה לַהֲסִירָהּ מֵעַל פָּנָי ׃		quia in furore et in indignatione mea facta est mihi civitas haec a die qua aedificaverunt eam usque ad diem istam qua aufertur de conspectu meo	Quia in furore et in indignatione mea facta est mihi civitas hc, a die qua dificaverunt eam, usque ad diem istam qua auferetur de conspectu meo,		For this city hath been to me as a provocation of mine anger and of my fury from the day that they built it even unto this day; that I should remove it from before my face,
Jer	32	32	עַל כָּל־רָעַת בְּנֵי־יִשְׂרָאֵל וּבְנֵי יְהוּדָה אֲשֶׁר עָשׂוּ לְהַכְעִסֵנִי הֵמָּה מַלְכֵיהֶם שָׂרֵיהֶם כֹּהֲנֵיהֶם וּנְבִיאֵיהֶם וְאִישׁ יְהוּדָה וְיֹשְׁבֵי יְרוּשָׁלִָם ׃		propter malitiam filiorum Israhel et filiorum Iuda quam fecerunt ad iracundiam me provocantes ipsi et reges eorum principes eorum et sacerdotes et prophetae eorum vir Iuda et habitatores Hierusalem	propter malitiam filiorum Isral et filiorum Juda, quam fecerunt ad iracundiam me provocantes, ipsi et reges eorum, principes eorum, et sacerdotes eorum, et prophet eorum, viri Juda et habitatores Jerusalem.		Because of all the evil of the children of Israel and of the children of Judah, which they have done to provoke me to anger, they, their kings, their princes, their priests, and their prophets, and the men of Judah, and the inhabitants of Jerusalem.
Jer	32	33	וַיִּפְנוּ אֵלַי עֹרֶף וְלֹא פָנִים וְלַמֵּד אֹתָם הַשְׁכֵּם וְלַמֵּד וְאֵינָם שֹׁמְעִים לָקַחַת מוּסָר ׃		et verterunt ad me terga et non facies cum docerem eos diluculo et erudirem et nollent audire ut acciperent disciplinam	Et verterunt ad me terga, et non facies, cum docerem eos diluculo et erudirem, et nollent audire, ut acciperent disciplinam.		And they have turned unto me the back, and not the face: though I taught them, rising up early and teaching them, yet they have not hearkened to receive instruction.
Jer	32	34	וַיָּשִׂימוּ שִׁקּוּצֵיהֶם בַּבַּיִת אֲשֶׁר־נִקְרָא־שְׁמִי עָלָיו לְטַמְּאוֹ ׃		et posuerunt idola sua in domo in qua invocatum est nomen meum ut polluerent eam	Et posuerunt idola sua in domo in qua invocatum est nomen meum, ut polluerent eam.		But they set their abominations in the house, which is called by my name, to defile it.
Jer	32	35	וַיִּבְנוּ אֶת־בָּמוֹת הַבַּעַל אֲשֶׁר בְּגֵיא בֶן־הִנֹּם לְהַעֲבִיר אֶת־בְּנֵיהֶם וְאֶת־בְּנוֹתֵיהֶם לַמֹּלֶךְ אֲשֶׁר לֹא־צִוִּיתִים וְלֹא עָלְתָה עַל־לִבִּי לַעֲשׂוֹת הַתּוֹעֵבָה הַזֹּאת לְמַעַן הַחֲטִי אֶת־יְהוּדָה ׃ ס		et aedificaverunt excelsa Baal quae sunt in valle filii Ennom ut initiarent filios suos et filias suas Moloch quod non mandavi eis nec ascendit in cor meum ut facerent abominationem hanc et in peccatum deducerent Iudam	Et dificaverunt excelsa Baal, qu sunt in valle filii Ennom, ut initiarent filios suos et filias suas Moloch, quod non mandavi eis, nec ascendit in cor meum ut facerent abominationem hanc, et in peccatum deducerent Judam.		And they built the high places of Baal, which are in the valley of the son of Hinnom, to cause their sons and their daughters to pass through the fire unto Molech; which I commanded them not, neither came it into my mind, that they should do this abomination, to cause Judah to sin.
Jer	32	36	וְעַתָּה לָכֵן כֹּה־אָמַר יְהוָה אֱלֹהֵי יִשְׂרָאֵל אֶל־הָעִיר הַזֹּאת אֲשֶׁר אַתֶּם אֹמְרִים נִתְּנָה בְּיַד מֶלֶךְ־בָּבֶל בַּחֶרֶב וּבָרָעָב וּבַדָּבֶר ׃		et nunc propter ista haec dicit Dominus Deus Israhel ad civitatem hanc de qua vos dicitis quod tradatur in manu regis Babylonis in gladio et in fame et in peste	Et nunc propter ista, hc dicit Dominus Deus Isral ad civitatem hanc, de qua vos dicitis quod tradetur in manus regis Babylonis, in gladio, et in fame, et in peste:		And now therefore thus saith the Lord, the God of Israel, concerning this city, whereof ye say, It shall be delivered into the hand of the king of Babylon by the sword, and by the famine, and by the pestilence;
Jer	32	37	הִנְנִי מְקַבְּצָם מִכָּל־הָאֲרָצוֹת אֲשֶׁר הִדַּחְתִּים שָׁם בְּאַפִּי וּבַחֲמָתִי וּבְקֶצֶף גָּדוֹל וַהֲשִׁבֹתִים אֶל־הַמָּקוֹם הַזֶּה וְהֹשַׁבְתִּים לָבֶטַח ׃		ecce ego congregabo eos de universis terris ad quas eieci eos in furore meo et in ira mea et in indignatione grandi et reducam eos ad locum istum et habitare eos faciam confidenter	Ecce ego congregabo eos de universis terris ad quas ejeci eos in furore meo, et in ira mea, et indignatione grandi: et reducam eos ad locum istum, et habitare eos faciam confidenter:		Behold, I will gather them out of all countries, whither I have driven them in mine anger, and in my fury, and in great wrath; and I will bring them again unto this place, and I will cause them to dwell safely:
Jer	32	38	וְהָיוּ לִי לְעָם וַאֲנִי אֶהְיֶה לָהֶם לֵאלֹהִים ׃		et erunt mihi in populum et ego ero eis in Deum	et erunt mihi in populum, et ego ero eis in Deum.		And they shall be my people, and I will be their God:
Jer	32	39	וְנָתַתִּי לָהֶם לֵב אֶחָד וְדֶרֶךְ אֶחָד לְיִרְאָה אוֹתִי כָּל־הַיָּמִים לְטוֹב לָהֶם וְלִבְנֵיהֶם אַחֲרֵיהֶם ׃		et dabo eis cor unum et viam unam ut timeant me universis diebus et bene sit eis et filiis eorum post eos	Et dabo eis cor unum, et viam unam, ut timeant me universis diebus, et bene sit eis, et filiis eorum post eos.		And I will give them one heart, and one way, that they may fear me for ever, for the good of them, and of their children after them:
Jer	32	40	וְכָרַתִּי לָהֶם בְּרִית עוֹלָם אֲשֶׁר לֹא־אָשׁוּב מֵאַחֲרֵיהֶם לְהֵיטִיבִי אוֹתָם וְאֶת־יִרְאָתִי אֶתֵּן בִּלְבָבָם לְבִלְתִּי סוּר מֵעָלָי ׃		et feriam eis pactum sempiternum et non desinam eis benefacere et timorem meum dabo in corde eorum ut non recedant a me	Et feriam eis pactum sempiternum, et non desinam eis benefacere: et timorem meum dabo in corde eorum, ut non recedant a me.		And I will make an everlasting covenant with them, that I will not turn away from them, to do them good; but I will put my fear in their hearts, that they shall not depart from me.
Jer	32	41	וְשַׂשְׂתִּי עֲלֵיהֶם לְהֵטִיב אוֹתָם וּנְטַעְתִּים בָּאָרֶץ הַזֹּאת בֶּאֱמֶת בְּכָל־לִבִּי וּבְכָל־נַפְשִׁי ׃ ס		et laetabor super eis cum bene eis fecero et plantabo eos in terra ista in veritate in toto corde meo et in tota anima mea	Et ltabor super eis, cum bene eis fecero: et plantabo eos in terra ista in veritate, in toto corde meo et in tota anima mea.		Yea, I will rejoice over them to do them good, and I will plant them in this land assuredly with my whole heart and with my whole soul.
Jer	32	42	כִּי־כֹה אָמַר יְהוָה כַּאֲשֶׁר הֵבֵאתִי אֶל־הָעָם הַזֶּה אֵת כָּל־הָרָעָה הַגְּדוֹלָה הַזֹּאת כֵּן אָנֹכִי מֵבִיא עֲלֵיהֶם אֶת־כָּל־הַטּוֹבָה אֲשֶׁר אָנֹכִי דֹּבֵר עֲלֵיהֶם ׃		quia haec dicit Dominus sicut adduxi super populum istum omne malum hoc grande sic adducam super eos omne bonum quod ego loquor ad eos	Quia hc dicit Dominus: Sicut adduxi super populum istum omne malum hoc grande, sic adducam super eos omne bonum quod ego loquor ad eos.		For thus saith the Lord; Like as I have brought all this great evil upon this people, so will I bring upon them all the good that I have promised them.
Jer	32	43	וְנִקְנָה הַשָּׂדֶה בָּאָרֶץ הַזֹּאת אֲשֶׁר אַתֶּם אֹמְרִים שְׁמָמָה הִיא מֵאֵין אָדָם וּבְהֵמָה נִתְּנָה בְּיַד הַכַּשְׂדִּים ׃		et possidebuntur agri in terra ista de qua vos dicitis quod deserta sit eo quod non remanserit homo et iumentum et data sit in manu Chaldeorum	Et possidebuntur agri in terra ista, de qua vos dicitis quod deserta sit, eo quod non remanserit homo et jumentum, et data sit in manus Chaldorum.		And fields shall be bought in this land, whereof ye say, It is desolate without man or beast; it is given into the hand of the Chaldeans.
Jer	32	44	שָׂדוֹת בַּכֶּסֶף יִקְנוּ וְכָתוֹב בַּסֵּפֶר וְחָתוֹם וְהָעֵד עֵדִים בְּאֶרֶץ בִּנְיָמִן וּבִסְבִיבֵי יְרוּשָׁלַםִ וּבְעָרֵי יְהוּדָה וּבְעָרֵי הָהָר וּבְעָרֵי הַשְּׁפֵלָה וּבְעָרֵי הַנֶּגֶב כִּי־אָשִׁיב אֶת־שְׁבוּתָם נְאֻם־יְהוָה ׃ פ		agri pecunia ementur et scribentur in libro et inprimetur signum et testis adhibebitur in terra Beniamin et in circuitu Hierusalem in civitatibus Iuda et in civitatibus montanis et in civitatibus campestribus et in civitatibus quae ad austrum sunt quia convertam captivitatem eorum ait Dominus	Agri ementur pecunia, et scribentur in libro, et imprimetur signum, et testis adhibebitur, in terra Benjamin et in circuitu Jerusalem, in civitatibus Juda, et in civitatibus montanis, et in civitatibus campestribus, et in civitatibus qu ad austrum sunt, quia convertam captivitatem eorum, ait Dominus.]		Men shall buy fields for money, and subscribe evidences, and seal them, and take witnesses in the land of Benjamin, and in the places about Jerusalem, and in the cities of Judah, and in the cities of the mountains, and in the cities of the valley, and in the cities of the south: for I will cause their captivity to return, saith the Lord.
Jer	33	1	וַיְהִי דְבַר־יְהוָה אֶל־יִרְמְיָהוּ שֵׁנִית וְהוּא עוֹדֶנּוּ עָצוּר בַּחֲצַר הַמַּטָּרָה לֵאמֹר ׃	Ἐν ἀρχῇ βασιλέως Ἰωακεὶμ υἱοῦ Ἰωσεία ἐγενήθη ὁ λόγος οὗτος παρὰ Κυρίου.	et factum est verbum Domini ad Hieremiam secundo cum adhuc clausus esset in atrio carceris dicens	Et factum est verbum Domini ad Jeremiam secundo, cum adhuc clausus esset in atrio carceris, dicens:		Moreover the word of the Lord came unto Jeremiah the second time, while he was yet shut up in the court of the prison, saying,
Jer	33	2	כֹּה־אָמַר יְהוָה עֹשָׂהּ יְהוָה יוֹצֵר אוֹתָהּ לַהֲכִינָהּ יְהוָה שְׁמוֹ ׃	Οὕτως εἶπεν Κύριος Στῆθι ἐν αὐλῇ οἴκου Κυρίου, καὶ χρηματιεῖς ἅπασι τοῖς Ἰουδαίοις καὶ πᾶσι τοῖς ἐρχομένοις προσκυνεῖν ἐν οἴκῳ Κυρίου ἅπαντας τοὺς λόγους οὓς συνέταξά σοι αὐτοῖς χρηματίσαι, μὴ ἀφέλῃς ῥῆμα.	haec dicit Dominus qui facturus est Dominus et formaturus illud et paraturus Dominus nomen eius	[Hc dicit Dominus, qui facturus est, et formaturus illud, et paraturus: Dominus nomen ejus:		Thus saith the Lord the maker thereof, the Lord that formed it, to establish it; the Lord is his name;
Jer	33	3	קְרָא אֵלַי וְאֶעֱנֶךָּ וְאַגִּידָה לְּךָ גְּדֹלוֹת וּבְצֻרוֹת לֹא יְדַעְתָּם ׃ ס	ἵσως ἀκούσονται καὶ ἀποστραφήσονται ἕκαστος ἀπὸ τῆς ὁδοῦ αὐτοῦ τῆς πονηρᾶς, καὶ παύσομαι ἀπὸ τῶν κακῶν ὧν ἐγὼ λογίζομαι τοῦ ποιῆσαι αὐτοῖς ἕνεκεν τῶν πονηρῶν ἐπιτηδευμάτων αὐτῶν.	clama ad me et exaudiam te et adnuntiabo tibi grandia et firma quae nescis	Clama ad me, et exaudiam te: et annuntiabo tibi grandia et firma qu nescis.		Call unto me, and I will answer thee, and show thee great and mighty things, which thou knowest not.
Jer	33	4	כִּי כֹה אָמַר יְהוָה אֱלֹהֵי יִשְׂרָאֵל עַל־בָּתֵּי הָעִיר הַזֹּאת וְעַל־בָּתֵּי מַלְכֵי יְהוּדָה הַנְּתֻצִים אֶל־הַסֹּלְלוֹת וְאֶל־הֶחָרֶב ׃	καὶ ἐρεῖς Οὕτως εἶπεν Κύριος Ἐὰν μὴ ἀκούσητέ μου τοῦ πορεύεσθαι ἐν τοῖς νομίμοις μου οἷς ἔδωκα κατὰ πρόσωπον ὑμῶν,	quia haec dicit Dominus Deus Israhel ad domos urbis huius et ad domos regis Iuda quae destructae sunt et ad munitiones et gladium	Quia hc dicit Dominus Deus Isral ad domos urbis hujus, et ad domos regis Juda, qu destruct sunt, et ad munitiones, et ad gladium		For thus saith the Lord, the God of Israel, concerning the houses of this city, and concerning the houses of the kings of Judah, which are thrown down by the mounts, and by the sword;
Jer	33	5	בָּאִים לְהִלָּחֵם אֶת־הַכַּשְׂדִּים וּלְמַלְאָם אֶת־פִּגְרֵי הָאָדָם אֲשֶׁר־הִכֵּיתִי בְאַפִּי וּבַחֲמָתִי וַאֲשֶׁר הִסְתַּרְתִּי פָנַי מֵהָעִיר הַזֹּאת עַל כָּל־רָעָתָם ׃	εἰσακούειν τῶν λόγων τῶν παίδων μου τῶν προφητῶν οὓς ἐγὼ ἀποστέλλω πρὸς ὑμᾶς ὄρθρου, καὶ ἀπέστειλα καὶ οὐκ ἠκούσατέ μου·	venientium ut dimicent cum Chaldeis et impleant eas cadaveribus hominum quas percussi in furore meo et in indignatione mea abscondens faciem meam a civitate hac propter omnem malitiam eorum	venientium ut dimicent cum Chaldis, et impleant eas cadaveribus hominum quos percussi in furore meo et in indignatione mea, abscondens faciem meam a civitate hac, propter omnem malitiam eorum.		They come to fight with the Chaldeans, but it is to fill them with the dead bodies of men, whom I have slain in mine anger and in my fury, and for all whose wickedness I have hid my face from this city.
Jer	33	6	הִנְנִי מַעֲלֶה־לָּהּ אֲרֻכָה וּמַרְפֵּא וּרְפָאתִים וְגִלֵּיתִי לָהֶם עֲתֶרֶת שָׁלוֹם וֶאֱמֶת ׃	καὶ δώσω τὸν οἶκον τοῦτον ὥσπερ Σηλώ, καὶ τὴν πόλιν δώσω εἰς κατάραν πᾶσιν τοῖς ἔθνεσιν πάσης τῆς γῆς.	ecce ego obducam ei cicatricem et sanitatem et curabo eos et revelabo illis deprecationem pacis et veritatis	Ecce ego obducam eis cicatricem et sanitatem, et curabo eos, et revelabo illis deprecationem pacis et veritatis.		Behold, I will bring it health and cure, and I will cure them, and will reveal unto them the abundance of peace and truth.
Jer	33	7	וַהֲשִׁבֹתִי אֶת־שְׁבוּת יְהוּדָה וְאֵת שְׁבוּת יִשְׂרָאֵל וּבְנִתִים כְּבָרִאשֹׁנָה ׃	καὶ ἤκουσαν οἱ ἱερεῖς καὶ οἱ ψευδοπροφῆται καὶ πᾶς ὁ λαὸς τοῦ Ἰερεμίου λαλοῦντος τοὺς λόγους τούτους ἐν οἴκῳ Κυρίου.	et convertam conversionem Iuda et conversionem Hierusalem et aedificabo eos sicut a principio	Et convertam conversionem Juda et conversionem Jerusalem, et dificabo eos sicut a principio.		And I will cause the captivity of Judah and the captivity of Israel to return, and will build them, as at the first.
Jer	33	8	וְטִהַרְתִּים מִכָּל־עֲוֹנָם אֲשֶׁר חָטְאוּ־לִי וְסָלַחְתִּי לְכָול־עֲוֹנוֹתֵיהֶם אֲשֶׁר חָטְאוּ־לִי וַאֲשֶׁר פָּשְׁעוּ בִי ׃	καὶ ἐγένετο Ἰερεμίου παυσαμένου λαλοῦντος πάντα ἃ συνέταξεν αὐτῷ Κύριος λαλῆσαι παντὶ τῷ λαῷ, καὶ συνελάβοσαν αὐτὸν οἱ ἱερεῖς καὶ οἱ ψευδοπροφῆται καὶ πᾶς ὁ λαὸς λέγων Θανάτῳ ἀποθανῇ,	et emundabo illos ab omni iniquitate sua in qua peccaverunt mihi et propitius ero cunctis iniquitatibus eorum in quibus deliquerunt mihi et spreverunt me	Et emundabo illos ab omni iniquitate sua in qua peccaverunt mihi, et propitius ero cunctis iniquitatibus eorum, in quibus dereliquerunt mihi et spreverunt me.		And I will cleanse them from all their iniquity, whereby they have sinned against me; and I will pardon all their iniquities, whereby they have sinned, and whereby they have transgressed against me.
Jer	33	9	וְהָיְתָה לִּי לְשֵׁם שָׂשׂוֹן לִתְהִלָּה וּלְתִפְאֶרֶת לְכֹל גּוֹיֵי הָאָרֶץ אֲשֶׁר יִשְׁמְעוּ אֶת־כָּל־הַטּוֹבָה אֲשֶׁר אָנֹכִי עֹשֶׂה אֹתָם וּפָחֲדוּ וְרָגְזוּ עַל כָּל־הַטּוֹבָה וְעַל כָּל־הַשָּׁלוֹם אֲשֶׁר אָנֹכִי עֹשֶׂה לָּהּ ׃ ס	ὅτι ἐπροφήτευσας τῷ ὀνόματι Κυρίου λέγων Ὡσπερ Σηλὼ ἔσται ὁ οἶκος οὗτος, καὶ ἡ πόλις αὕτη ἐρημωθήσεται ἀπὸ κατοικούντων· καὶ ἐξεκκλησιάσθη πᾶς ὁ λαὸς ἐπὶ Ἰερεμίαν ἐν οἴκῳ Κυρίου.	et erit mihi in nomen et in gaudium et in laudem et in exultationem cunctis gentibus terrae quae audierint omnia bona quae ego facturus sum eis et pavebunt et turbabuntur in universis bonis et in omni pace quam ego faciam ei	Et erit mihi in nomen, et in gaudium, et in laudem, et in exsultationem cunctis gentibus terr, qu audierint omnia bona qu ego facturus sum eis: et pavebunt et turbabuntur in universis bonis, et in omni pace quam ego faciam eis.		And it shall be to me a name of joy, a praise and an honour before all the nations of the earth, which shall hear all the good that I do unto them: and they shall fear and tremble for all the goodness and for all the prosperity that I procure unto it.
Jer	33	10	כֹּה אָמַר יְהוָה עוֹד יִשָּׁמַע בַּמָּקוֹם־הַזֶּה אֲשֶׁר אַתֶּם אֹמְרִים חָרֵב הוּא מֵאֵין אָדָם וּמֵאֵין בְּהֵמָה בְּעָרֵי יְהוּדָה וּבְחֻצוֹת יְרוּשָׁלַםִ הַנְשַׁמּוֹת מֵאֵין אָדָם וּמֵאֵין יוֹשֵׁב וּמֵאֵין בְּהֵמָה ׃	Καὶ ἤκουσαν οἱ ἄρχοντες Ἰούδα τὸν λόγον τοῦτον, καὶ ἀνέβησαν ἐξ οἴκου τοῦ βασιλέως εἰς οἶκον Κυρίου, καὶ ἐκάθισαν ἐν προθύροις πύλης τῆς καινῆς.	haec dicit Dominus adhuc audietur in loco isto quem vos dicitis esse desertum eo quod non sit homo et iumentum in civitatibus Iuda et foris Hierusalem quae desolatae sunt absque homine et absque habitatore et absque pecore	Hc dicit Dominus: Adhuc audietur in loco isto quem vos dicitis esse desertum, eo quod non sit homo nec jumentum in civitatibus Juda, et foris Jerusalem, qu desolat sunt, absque homine, et absque habitatore, et absque pecore,		Thus saith the Lord; Again there shall be heard in this place, which ye say shall be desolate without man and without beast, even in the cities of Judah, and in the streets of Jerusalem, that are desolate, without man, and without inhabitant, and without beast,
Jer	33	11	קוֹל שָׂשׂוֹן וְקוֹל שִׂמְחָה קוֹל חָתָן וְקוֹל כַּלָּה קוֹל אֹמְרִים הוֹדוּ אֶת־יְהוָה צְבָאוֹת כִּי־טוֹב יְהוָה כִּי־לְעוֹלָם חַסְדּוֹ מְבִאִים תּוֹדָה בֵּית יְהוָה כִּי־אָשִׁיב אֶת־שְׁבוּת־הָאָרֶץ כְּבָרִאשֹׁנָה אָמַר יְהוָה ׃ ס	καὶ εἶπαν οἱ ἱερεῖς καὶ οἱ ψευδοπροφῆται πρὸς τοὺς ἄρχοντας καὶ παντὶ τῷ λαῷ Κρίσις θανάτου τῷ ἀνθρώπῳ τούτῳ, ὅτι ἐπροφήτευσεν κατὰ τῆς πόλεως ταύτης καθὼς ἠκούσατε ἐν τοῖς ὑσὶν ὑμῶν.	vox gaudii et vox laetitiae vox sponsi et vox sponsae vox dicentium confitemini Domino exercituum quoniam bonus Dominus quoniam in aeternum misericordia eius et portantium vota in domum Domini reducam enim conversionem terrae sicut a principio dicit Dominus	vox gaudii et vox ltiti, vox sponsi et vox spons, vox dicentium: Confitemini Domino exercituum, quoniam bonus Dominus, quoniam in ternum misericordia ejus: et portantium vota in domum Domini: reducam enim conversionem terr sicut a principio, dicit Dominus.		The voice of joy, and the voice of gladness, the voice of the bridegroom, and the voice of the bride, the voice of them that shall say, Praise the Lord of hosts: for the Lord is good; for his mercy endureth for ever: and of them that shall bring the sacrifice of praise into the house of the Lord. For I will cause to return the captivity of the land, as at the first, saith the Lord.
Jer	33	12	כֹּה־אָמַר יְהוָה צְבָאוֹת עוֹד יִהְיֶה בַּמָּקוֹם הַזֶּה הֶחָרֵב מֵאֵין־אָדָם וְעַד־בְּהֵמָה וּבְכָל־עָרָיו נְוֵה רֹעִים מַרְבִּצִים צֹאן ׃	καὶ εἶπεν Ἰερεμίας πρὸς τοὺς ἄρχοντας καὶ παντὶ τῷ λαῷ λέγων Κύριος ἀπέστειλέν με προφητεῦσαι ἐπὶ τὸν οἶκον τοῦτον καὶ ἐπὶ τὴν πόλιν ταύτην πάντας τοὺς λόγους οὓς ἠκούσατε.	haec dicit Dominus exercituum adhuc erit in loco isto deserto absque homine et absque iumento et in cunctis civitatibus eius habitaculum pastorum accubantium gregum	Hc dicit Dominus exercituum: Adhuc erit in loco isto deserto, absque homine et absque jumento, et in cunctis civitatibus ejus, habitaculum pastorum accubantium gregum.		Thus saith the Lord of hosts; Again in this place, which is desolate without man and without beast, and in all the cities thereof, shall be an habitation of shepherds causing their flocks to lie down.
Jer	33	13	בְּעָרֵי הָהָר בְּעָרֵי הַשְּׁפֵלָה וּבְעָרֵי הַנֶּגֶב וּבְאֶרֶץ בִּנְיָמִן וּבִסְבִיבֵי יְרוּשָׁלַםִ וּבְעָרֵי יְהוּדָה עֹד תַּעֲבֹרְנָה הַצֹּאן עַל־יְדֵי מוֹנֶה אָמַר יְהוָה ׃ ס	καὶ νῦν βελτίους ποιήσατε τὰς ὁδοὺς ὑμῶν καὶ τὰ ἔργα ὑμῶν, καὶ ἀκούσατε τῆς φωνῆς Κυρίου, καὶ παύσεται Κύριος ἀπὸ τῶν κακῶν ὧν ἐλάλησεν ἐφʼ ὑμᾶς.	in civitatibus montuosis et in civitatibus campestribus et in civitatibus quae ad austrum sunt et in terra Beniamin et in circuitu Hierusalem et in civitatibus Iuda adhuc transibunt greges ad manum numerantis ait Dominus	In civitatibus montuosis, et in civitatibus campestribus, et in civitatibus qu ad austrum sunt, et in terra Benjamin, et in circuitu Jerusalem, et in civitatibus Juda, adhuc transibunt greges ad manum numerantis, ait Dominus.]		In the cities of the mountains, in the cities of the vale, and in the cities of the south, and in the land of Benjamin, and in the places about Jerusalem, and in the cities of Judah, shall the flocks pass again under the hands of him that telleth them, saith the Lord.
Jer	33	14	הִנֵּה יָמִים בָּאִים נְאֻם־יְהוָה וַהֲקִמֹתִי אֶת־הַדָּבָר הַטּוֹב אֲשֶׁר דִּבַּרְתִּי אֶל־בֵּית יִשְׂרָאֵל וְעַל־בֵּית יְהוּדָה ׃	καὶ ἰδοὺ ἐγὼ ἐν χερσὶν ὑμῶν, ποιήσατέ μοι ὡς συμφέρει καὶ ὡς βέλτιον ὑμῖν.	ecce dies veniunt dicit Dominus et suscitabo verbum bonum quod locutus sum ad domum Israhel et ad domum Iuda	[Ecce dies veniunt, dicit Dominus, et suscitabo verbum bonum quod locutus sum ad domum Isral et ad domum Juda.		Behold, the days come, saith the Lord, that I will perform that good thing which I have promised unto the house of Israel and to the house of Judah.
Jer	33	15	בַּיָּמִים הָהֵם וּבָעֵת הַהִיא אַצְמִיחַ לְדָוִד צֶמַח צְדָקָה וְעָשָׂה מִשְׁפָּט וּצְדָקָה בָּאָרֶץ ׃	ἀλλ᾿ ἢ γνόντες γνώσεσθε ὅτι εἰ ἀναιρεῖτέ με, αἷμα ἀθῷον δίδοτε ἐφʼ ὑμᾶς καὶ ἐπὶ τὴν πόλιν ταύτην καὶ ἐπὶ τοὺς κατοικοῦντας ἐν αὐτῇ· ὅτι ἐν ἀληθείᾳ ἀπέσταλκέν με Κύριος πρὸς ὑμᾶς λαλῆσαι εἰς τὰ ὦτα ὑμῶν πάντας τοὺς λόγους τούτους.	in diebus illis et in tempore illo germinare faciam David germen iustitiae et faciet iudicium et iustitiam in terra	In diebus illis et in tempore illo germinare faciam David germen justiti, et faciet judicium et justitiam in terra:		In those days, and at that time, will I cause the Branch of righteousness to grow up unto David; and he shall execute judgment and righteousness in the land.
Jer	33	16	בַּיָּמִים הָהֵם תִּוָּשַׁע יְהוּדָה וִירוּשָׁלִַם תִּשְׁכּוֹן לָבֶטַח וְזֶה אֲשֶׁר־יִקְרָא־לָהּ יְהוָה צִדְקֵנוּ ׃ ס	καὶ εἶπαν οἱ ἄρχοντες καὶ πᾶς ὁ λαὸς πρὸς τοὺς ἱερεῖς καὶ πρὸς τοὺς ψευδοπροφήτας Οὐκ ἔστι τῷ ἀνθρώπῳ τούτῳ κρίσις θανάτου, ὅτι ἐπὶ τῷ ὀνόματι Κυρίου τοῦ θεοῦ ἡμῶν ἐλάλησεν πρὸς ἡμᾶς.	in diebus illis salvabitur Iuda et Hierusalem habitabit confidenter et hoc est quod vocabit eam Dominus iustus noster	in diebus illis salvabitur Juda, et Jerusalem habitabit confidenter: et hoc est nomen quod vocabunt eum: Dominus justus noster.		In those days shall Judah be saved, and Jerusalem shall dwell safely: and this is the name wherewith she shall be called, The Lord our righteousness.
Jer	33	17	כִּי־כֹה אָמַר יְהוָה לֹא־יִכָּרֵת לְדָוִד אִישׁ יֹשֵׁב עַל־כִּסֵּא בֵית־יִשְׂרָאֵל ׃	καὶ ἀνέστησαν ἄνδρες τῶν πρεσβυτέρων τῆς γῆς καὶ εἶπαν πάσῃ τῇ συναγωγῇ τοῦ λαοῦ	quia haec dicit Dominus non interibit de David vir qui sedeat super thronum domus Israhel	Quia hc dicit Dominus: Non interibit de David vir qui sedeat super thronum domus Isral:		For thus saith the Lord; David shall never want a man to sit upon the throne of the house of Israel;
Jer	33	18	וְלַכֹּהֲנִים הַלְוִיִּם לֹא־יִכָּרֵת אִישׁ מִלְּפָנָי מַעֲלֶה עוֹלָה וּמַקְטִיר מִנְחָה וְעֹשֶׂה זֶּבַח כָּל־הַיָּמִים ׃ ס	Μειχαίας ὁ Μωραθείτης ἦν ἐν ταῖς ἡμέραις Ἐζεκίου βασιλέως Ἰούδα καὶ εἶπεν παντὶ τῷ λαῷ Ἰούδα Οὕτως εἶπεν Κύριος Σειὼν ὡς ἀγρὸς ἀροτριαθήσεται, καὶ Ἰερουσαλὴμ εἰς ἄβατον ἔσται, καὶ τὸ ὄρος τοῦ οἴκου εἰς ἄλσος δρυμοῦ.	et de sacerdotibus et Levitis non interibit vir a facie mea qui offerat holocaustomata et incendat sacrificium et caedat victimas cunctis diebus	et de sacerdotibus et de Levitis non interibit vir a facie mea, qui offerat holocautomata, et incendat sacrificum, et cdat victimas omnibus diebus.]		Neither shall the priests the Levites want a man before me to offer burnt offerings, and to kindle meat offerings, and to do sacrifice continually.
Jer	33	19	וַיְהִי דְּבַר־יְהוָה אֶל־יִרְמְיָהוּ לֵאמוֹר ׃	μὴ ἀνελὼν ἀνεῖλεν αὐτὸν Ἐζεκίας καὶ πᾶς Ἰουδά; οὐχ ὅτι ἐφοβήθησαν τὸν κύριον, καὶ ὅτι ἐδεήθησαν τοῦ προσώπου Κυρίου, καὶ ἐπαύσατο Κύριος ἀπὸ τῶν κακῶν ὧν ἐλάλησεν ἐπʼ αὐτούς; καὶ ἡμεῖς ἐποιήσαμεν κακὰ μεγάλα ἐπι ψυχὰς ἡμῶν.	et factum est verbum Domini ad Hieremiam dicens	Et factum est verbum Domini ad Jeremiam, dicens:		And the word of the Lord came unto Jeremiah, saying,
Jer	33	20	כֹּה אָמַר יְהוָה אִם־תָּפֵרוּ אֶת־בְּרִיתִי הַיּוֹם וְאֶת־בְּרִיתִי הַלָּיְלָה וּלְבִלְתִּי הֱיוֹת יוֹמָם־וָלַיְלָה בְּעִתָּם ׃	καὶ ἄνθρωπος ἦν προφητεύων τῷ ὀνόματι Κυρίου, Οὐρείας υἱὸς Σαμαίου ἐκ Καριαθιαρείμ, καὶ ἐπροφήτευσεν περὶ τῆς γῆς ταύτης κατὰ πάντας τοὺς λόγους Ἰερεμίου.	haec dicit Dominus si irritum fieri potest pactum meum cum die et pactum meum cum nocte ut non sit dies et nox in tempore suo	[Hc dicit Dominus: Si irritum potest fieri pactum meum cum die, et pactum meum cum nocte, ut non sit dies et nox in tempore suo,		Thus saith the Lord; If ye can break my covenant of the day, and my covenant of the night, and that there should not be day and night in their season;
Jer	33	21	גַּם־בְּרִיתִי תֻפַר אֶת־דָּוִד עַבְדִּי מִהְיוֹת־לוֹ בֵן מֹלֵךְ עַל־כִּסְאוֹ וְאֶת־הַלְוִיִּם הַכֹּהֲנִים מְשָׁרְתָי ׃	καὶ ἤκουσεν ὁ βασιλεὺς Ἰωακεὶμ καὶ πάντες οἱ ἄρχοντες πάντας τοὺς λόγους αὐτοῦ, καὶ ἐζήτουν ἀποκτεῖναι αὐτόν· καὶ ἤκουσεν Οὐρείας, καὶ εἰσῆλθεν εἰς Αἴγυπτον.	et pactum meum irritum esse poterit cum David servo meo ut non sit ex eo filius qui regnet in throno eius et Levitae et sacerdotes ministri mei	et pactum meum irritum esse poterit cum David servo meo, ut non sit ex eo filius qui regnet in throno ejus, et Levit et sacerdotes ministri mei.		Then may also my covenant be broken with David my servant, that he should not have a son to reign upon his throne; and with the Levites the priests, my ministers.
Jer	33	22	אֲשֶׁר לֹא־יִסָּפֵר צְבָא הַשָּׁמַיִם וְלֹא יִמַּד חוֹל הַיָּם כֵּן אַרְבֶּה אֶת־זֶרַע דָּוִד עַבְדִּי וְאֶת־הַלְוִיִּם מְשָׁרְתֵי אֹתִי ׃ ס	καὶ ἐξαπέστειλεν ὁ βασιλεὺς ἄνδρας εἰς Αἴγυπτον,	sicuti numerari non possunt stellae caeli et metiri harena maris sic multiplicabo semen David servi mei et Levitas ministros meos	Sicuti enumerari non possunt stell cli, et metiri arena maris, sic multiplicabo semen David servi mei, et Levitas ministros meos.]		As the host of heaven cannot be numbered, neither the sand of the sea measured: so will I multiply the seed of David my servant, and the Levites that minister unto me.
Jer	33	23	וַיְהִי דְּבַר־יְהוָה אֶל־יִרְמְיָהוּ לֵאמֹר ׃	καὶ ἐξηγάγοσαν αὐτὸν ἐκεῖθεν καὶ εἰσηγάγοσαν αὐτὸν πρὸς τὸν βασιλέα· καὶ ἐπάταξεν αὐτὸν ἐν μαχαίρᾳ. καὶ ἔριψεν αὐτὸν εἰς τὸ μνῆμα υἱῶν λαοῦ αὐτοῦ.	et factum est verbum Domini ad Hieremiam dicens	Et factum est verbum Domini ad Jeremiam, dicens:		Moreover the word of the Lord came to Jeremiah, saying,
Jer	33	24	הֲלוֹא רָאִיתָ מָה־הָעָם הַזֶּה דִּבְּרוּ לֵאמֹר שְׁתֵּי הַמִּשְׁפָּחוֹת אֲשֶׁר בָּחַר יְהוָה בָּהֶם וַיִּמְאָסֵם וְאֶת־עַמִּי יִנְאָצוּן מִהְיוֹת עוֹד גּוֹי לִפְנֵיהֶם ׃	πλὴν χεὶρ Ἀχεικὰμ υἱοῦ Σαφὰν ἦν μετὰ Ἰερεμίου τοῦ μὴ παραδοῦναι αὐτὸν εἰς χεῖρας τοῦ λαοῦ, μὴ ἀνελεῖν αὐτόν.	numquid non vidisti quid populus hic locutus sit dicens duae cognationes quas elegerat Dominus abiectae sunt et populum meum despexerunt eo quod non sit ultra gens coram eis	[Numquid non vidisti quid populus hic locutus sit, dicens: Du cognationes quas elegerat Dominus abject sunt? Et populum meum despexerunt, eo quod non sit ultra gens coram eis.		Considerest thou not what this people have spoken, saying, The two families which the Lord hath chosen, he hath even cast them off? thus they have despised my people, that they should be no more a nation before them.
Jer	33	25	ס כֹּה אָמַר יְהוָה אִם־לֹא בְרִיתִי יוֹמָם וָלָיְלָה חֻקּוֹת שָׁמַיִם וָאָרֶץ לֹא־שָׂמְתִּי ׃		haec dicit Dominus si pactum meum inter diem et noctem et leges caelo et terrae non posui	Hc dicit Dominus: Si pactum meum inter diem et noctem, et leges clo et terr non posui,		Thus saith the Lord; If my covenant be not with day and night, and if I have not appointed the ordinances of heaven and earth;
Jer	33	26	גַּם־זֶרַע יַעֲקוֹב וְדָוִד עַבְדִּי אֶמְאַס מִקַּחַת מִזַּרְעוֹ מֹשְׁלִים אֶל־זֶרַע אַבְרָהָם יִשְׂחָק וְיַעֲקֹב כִּי־אָשׁוּב אֶת־שְׁבוּתָם וְרִחַמְתִּים ׃ ס		equidem et semen Iacob et David servi mei proiciam ut non adsumam de semine eius principes seminis Abraham et Isaac et Iacob reducam enim conversionem eorum et miserebor eis	equidem et semen Jacob et David servi mei projiciam, ut non assumam de semine ejus principes seminis Abraham, Isaac, et Jacob: reducam enim conversionem eorum, et miserebor eis.]		Then will I cast away the seed of Jacob and David my servant, so that I will not take any of his seed to be rulers over the seed of Abraham, Isaac, and Jacob: for I will cause their captivity to return, and have mercy on them.
Jer	34	1	הַדָּבָר אֲשֶׁר־הָיָה אֶל־יִרְמְיָהוּ מֵאֵת יְהוָה וּנְבוּכַדְרֶאצַּר מֶלֶךְ־בָּבֶל וְכָל־חֵילוֹ וְכָל־מַמְלְכוֹת אֶרֶץ מֶמְשֶׁלֶת יָדוֹ וְכָל־הָעַמִּים נִלְחָמִים עַל־יְרוּשָׁלִַם וְעַל־כָּל־עָרֶיהָ לֵאמֹר ׃	Οὕτως εἶπεν Κύριος Ποἰησον δεσμοὺς καὶ κλοιούς. καὶ περί· θου περὶ τὸν τράχηλόν σου,	verbum quod factum est ad Hieremiam a Domino quando Nabuchodonosor rex Babylonis et omnis exercitus eius universaque regna terrae quae erant sub potestate manus eius et omnes populi bellabant contra Hierusalem et contra omnes urbes eius dicens	Verbum quod factum est ad Jeremiam a Domino quando Nabuchodonosor rex Babylonis, et omnis exercitus ejus, universaque regna terr, qu erant sub potestate manus ejus, et omnes populi, bellabant contra Jerusalem, et contra omnes urbes ejus, dicens:		The word which came unto Jeremiah from the Lord, when Nebuchadnezzar king of Babylon, and all his army, and all the kingdoms of the earth of his dominion, and all the people, fought against Jerusalem, and against all the cities thereof, saying,
Jer	34	2	כֹּה־אָמַר יְהוָה אֱלֹהֵי יִשְׂרָאֵל הָלֹךְ וְאָמַרְתָּ אֶל־צִדְקִיָּהוּ מֶלֶךְ יְהוּדָה וְאָמַרְתָּ אֵלָיו כֹּה אָמַר יְהוָה הִנְנִי נֹתֵן אֶת־הָעִיר הַזֹּאת בְּיַד מֶלֶךְ־בָּבֶל וּשְׂרָפָהּ בָּאֵשׁ ׃	καὶ ἀποστελεῖς αὐτοὺς πρὸς βασιλέα Ἰδουμαίας καὶ πρὸς βασιλέα Μωὰβ καὶ πρὸς βασιλέα υἱῶν Ἀμμὼν καὶ πρὸς βασιλέα Γύρου καὶ πρὸς βασιλέα Σειδῶνος ἐν χερσὶν ἀγγέλων αὐτῶν τῶν ἐρχομένων εἰς ἀπάντησιν αὐτῶν εἰς Ἰερουσαλὴμ πρὸς Σεδεκίαν βασιλέα Ἰούδα.	haec dicit Dominus Deus Israhel vade et loquere ad Sedeciam regem Iuda et dices ad eum haec dicit Dominus ecce ego tradam civitatem hanc in manu regis Babylonis et succendet eam igni	Hc dicit Dominus Deus Isral: Vade, et loquere ad Sedeciam regem Juda, et dices ad eum: Hc dicit Dominus: Ecce ego tradam civitatem hanc in manus regis Babylonis, et succendet eam igni:		Thus saith the Lord, the God of Israel; Go and speak to Zedekiah king of Judah, and tell him, Thus saith the Lord; Behold, I will give this city into the hand of the king of Babylon, and he shall burn it with fire:
Jer	34	3	וְאַתָּה לֹא תִמָּלֵט מִיָּדוֹ כִּי תָּפֹשׂ תִּתָּפֵשׂ וּבְיָדוֹ תִּנָּתֵן וְעֵינֶיךָ אֶת־עֵינֵי מֶלֶךְ־בָּבֶל תִּרְאֶינָה וּפִיהוּ אֶת־פִּיךָ יְדַבֵּר וּבָבֶל תָּבוֹא ׃	καὶ συντάξεις αὐτοῖς πρὸς τοὺς κυρίους αὐτῶν εἰπεῖν Οὕτως εἶπεν Κύριος ὁ θεὸς Ἰσραήλ Οὕτως ἐρεῖτε πρὸς τοὺς κυρίους ὑμῶν	et tu non effugies de manu eius sed conprehensione capieris et in manu eius traderis et oculi tui oculos regis Babylonis videbunt et os eius cum ore tuo loquetur et Babylonem introibis	et tu non effugies de manu ejus, sed comprehensione capieris, et in manu ejus traderis: et oculi tui oculos regis Babylonis videbunt, et os ejus cum ore tuo loquetur, et Babylonem introibis.		And thou shalt not escape out of his hand, but shalt surely be taken, and delivered into his hand; and thine eyes shall behold the eyes of the king of Babylon, and he shall speak with thee mouth to mouth, and thou shalt go to Babylon.
Jer	34	4	אַךְ שְׁמַע דְּבַר־יְהוָה צִדְקִיָּהוּ מֶלֶךְ יְהוּדָה כֹּה־אָמַר יְהוָה עָלֶיךָ לֹא תָמוּת בֶּחָרֶב ׃	ὅτι ἐγὼ ἐποίησα τὴν γῆν ἐν τῇ ἰσχύι μου τῇ μεγάλῃ και ἐν τῷ ἐπιχείρῳ μου τῷ ὑψηλῷ, καὶ δώσω αὐτὴν ᾧ ἐὰν δόξῃ ἐν ὀφθαλμοῖς μου.	attamen audi verbum Domini Sedecia rex Iuda haec dicit Dominus ad te non morieris in gladio	Attamen audi verbum Domini, Sedecia, rex Juda: Hc dicit Dominus ad te: Non morieris in gladio,		Yet hear the word of the Lord, O Zedekiah king of Judah; Thus saith the Lord of thee, Thou shalt not die by the sword:
Jer	34	5	בְּשָׁלוֹם תָּמוּת וּכְמִשְׂרְפוֹת אֲבוֹתֶיךָ הַמְּלָכִים הָרִאשֹׁנִים אֲשֶׁר־הָיוּ לְפָנֶיךָ כֵּן יִשְׂרְפוּ־לָךְ וְהוֹי אָדוֹן יִסְפְּדוּ־לָךְ כִּי־דָבָר אֲנִי־דִבַּרְתִּי נְאֻם־יְהוָה ׃ ס	ἔδωκα τὴν γῆν τῷ Ναβουχοδονοσὸρ βασιλεῖ Βαβυλῶνος δουλεύειν αὐτῷ, καὶ τὰ θηρία τοῦ ἀγροῦ ἐργάζεσθαι αὐτῷ.	sed in pace morieris et secundum conbustiones patrum tuorum regum priorum qui fuerunt ante te sic conburent te et vae domine plangent te quia verbum ego locutus sum dicit Dominus	sed in pace morieris: et secundum combustiones patrum tuorum, regum priorum qui fuerunt ante te, sic comburent te: et v domine, plangent te: quia verbum ego locutus sum, dicit Dominus.		But thou shalt die in peace: and with the burnings of thy fathers, the former kings which were before thee, so shall they burn odours for thee; and they will lament thee, saying, Ah lord! for I have pronounced the word, saith the Lord.
Jer	34	6	וַיְדַבֵּר יִרְמְיָהוּ הַנָּבִיא אֶל־צִדְקִיָּהוּ מֶלֶךְ יְהוּדָה אֵת כָּל־הַדְּבָרִים הָאֵלֶּה בִּירוּשָׁלָםִ ׃	καὶ τὸ ἔθνος καὶ ἡ βασιλεία ὅσοι ἐὰν μὴ ἐμβάλωσιν τὸν τράχηλον αὐτῶν ὑπὸ τὸν ζυγὸν βασιλέως Βαβυλῶνος, ἐν μαχαίρᾳ καὶ ἐν λιμῷ ἐπισκέψομαι αὐτούς, εἶπεν Κύριος, ἕως ἐκλίπωσιν ἐν χειρὶ αὐτοῦ.	et locutus est Hieremias propheta ad Sedeciam regem Iuda universa verba haec in Hierusalem	Et locutus est Jeremias propheta ad Sedeciam regem Juda universa verba hc in Jerusalem.		Then Jeremiah the prophet spake all these words unto Zedekiah king of Judah in Jerusalem,
Jer	34	7	וְחֵיל מֶלֶךְ־בָּבֶל נִלְחָמִים עַל־יְרוּשָׁלִַם וְעַל כָּל־עָרֵי יְהוּדָה הַנּוֹתָרוֹת אֶל־לָכִישׁ וְאֶל־עֲזֵקָה כִּי הֵנָּה נִשְׁאֲרוּ בְּעָרֵי יְהוּדָה עָרֵי מִבְצָר ׃ פ	καὶ ὑμεῖς μὴ ἀκούετε τῶν ψευδοπροφητῶν ὑμῶν καὶ τῶν μαντευομένων ὑμίν καὶ τῶν ἐνυπνιαζομένων ὑμῖν καὶ τῶν οἰωνισμάτων ὑμῶν καὶ τῶν φαρμακῶν ὑμῶν τῶν λεγόντων Οὐ μὴ ἐργάσησθε τῷ βασιλεῖ Βαβυλῶνος,	et exercitus regis Babylonis pugnabat contra Hierusalem et contra omnes civitates Iuda quae reliquae erant contra Lachis et contra Azeca haec enim supererant de civitatibus Iuda urbes munitae	Et exercitus regis Babylonis pugnabat contra Jerusalem, et contra omnes civitates Juda qu reliqu erant, contra Lachis et contra Azecha: h enim supererant de civitatibus Juda, urbes munit.		When the king of Babylon's army fought against Jerusalem, and against all the cities of Judah that were left, against Lachish, and against Azekah: for these defenced cities remained of the cities of Judah.
Jer	34	8	הַדָּבָר אֲשֶׁר־הָיָה אֶל־יִרְמְיָהוּ מֵאֵת יְהוָה אַחֲרֵי כְּרֹת הַמֶּלֶךְ צִדְקִיָּהוּ בְּרִית אֶת־כָּל־הָעָם אֲשֶׁר בִּירוּשָׁלַםִ לִקְרֹא לָהֶם דְּרוֹר ׃	ὅτι ψευδῆ αὐτοὶ προφητεύουσιν ὑμῖν πρὸς τὸ μακρῦναι ὑμᾶς ἀπὸ τῆς γῆς ὑμῶν.	verbum quod factum est ad Hieremiam a Domino postquam percussit rex Sedecias foedus cum omni populo in Hierusalem praedicans	Verbum quod factum est ad Jeremiam a Domino, postquam percussit rex Sedecias fdus cum omni populo in Jerusalem, prdicans,		This is the word that came unto Jeremiah from the Lord, after that the king Zedekiah had made a covenant with all the people which were at Jerusalem, to proclaim liberty unto them;
Jer	34	9	לְשַׁלַּח אִישׁ אֶת־עַבְדּוֹ וְאִישׁ אֶת־שִׁפְחָתוֹ הָעִבְרִי וְהָעִבְרִיָּה חָפְשִׁים לְבִלְתִּי עֲבָד־בָּם בִּיהוּדִי אָחִיהוּ אִישׁ ׃	καὶ τὸ ἔθνος ὃ ἐὰν εἰσαγάγῃ τὸν τράχηλον αὐτοῦ ὑπὸ τὸν ζυγὸν βασιλέως Βαβυλῶνος καὶ ἐργάσηται αὐτῷ, καὶ καταλείψω αὐτὸν ἐπὶ τῆς γῆς αὐτοῦ· καὶ ἐργᾶται αὐτῷ καὶ ἐνοικήσεῖ ἐν αὐτῇ.	ut dimitteret unusquisque servum suum et unusquisque ancillam suam hebraeum et hebraeam liberos et nequaquam dominarentur eis id est in Iudaeo et fratre suo	ut dimitteret unusquisque servum suum et unusquisque ancillam suam, Hebrum et Hebram, liberos, et nequaquam dominarentur eis, id est, in Judo et fratre suo.		That every man should let his manservant, and every man his maidservant, being an Hebrew or an Hebrewess, go free; that none should serve himself of them, to wit, of a Jew his brother.
Jer	34	10	וַיִּשְׁמְעוּ כָל־הַשָּׂרִים וְכָל־הָעָם אֲשֶׁר־בָּאוּ בַבְּרִית לְשַׁלַּח אִישׁ אֶת־עַבְדּוֹ וְאִישׁ אֶת־שִׁפְחָתוֹ חָפְשִׁים לְבִלְתִּי עֲבָד־בָּם עוֹד וַיִּשְׁמְעוּ וַיְשַׁלֵּחוּ ׃	Καὶ πρὸς Σεδεκίαν βασιλέα Ἰούδα ἐλάλησα κατὰ πάντας τοὺς λόγους τούτους λέγων Εἰσαγάγετε τὸν τράχηλον ὑμῶν καὶ ἐργάσασθε τῷ βασιλεῖ Βαβυλῶνος.	audierunt ergo omnes principes et universus populus qui inierant pactum ut dimitteret unusquisque servum suum et unusquisque ancillam suam liberos et ultra non dominarentur in eis audierunt igitur et dimiserunt	Audierunt ergo omnes principes et universus populus, qui inierant pactum ut dimitteret unusquisque servum suum et unusquisque ancillam suam liberos, et ultra non dominarentur eis: audierunt igitur, et dimiserunt.		Now when all the princes, and all the people, which had entered into the covenant, heard that every one should let his manservant, and every one his maidservant, go free, that none should serve themselves of them any more, then they obeyed, and let them go.
Jer	34	11	וַיָּשׁוּבוּ אַחֲרֵי־כֵן וַיָּשִׁבוּ אֶת־הָעֲבָדִים וְאֶת־הַשְּׁפָחוֹת אֲשֶׁר שִׁלְּחוּ חָפְשִׁים וַיַּכְבִּישׁוּם לַעֲבָדִים וְלִשְׁפָחוֹת ׃ ס	ὅτι ἄδικα αὐτοὶ προφητεύουσιν ὑμὶν,	et conversi sunt deinceps et retraxerunt servos et ancillas suas quos dimiserant liberos et subiugaverunt in famulos et in famulas	Et conversi sunt deinceps: et retraxerunt servos et ancillas suas quos dimiserant liberos, et subjugaverunt in famulos et famulas.		But afterward they turned, and caused the servants and the handmaids, whom they had let go free, to return, and brought them into subjection for servants and for handmaids.
Jer	34	12	וַיְהִי דְבַר־יְהוָה אֶל־יִרְמְיָהוּ מֵאֵת יְהוָה לֵאמֹר ׃	ὅτι οὐκ ἀπέστειλα αὐτούς, φησὶν Κύριος, καὶ προφητεύουσιν τῷ ὀνόματί μου ἐπʼ ἀδίκῳ πρὸς τὸ ἀπολέσαι ὑμᾶς· καὶ ἀπολεῖσθε ὑμεῖς καὶ οἱ προφῆται ὑμῶν οἱ προφητεύοντες ὑμῖν ἐπʼ ἀδίκῳ ψευδῆ.	et factum est verbum Domini ad Hieremiam a Domino dicens	Et factum est verbum Domini ad Jeremiam a Domino, dicens:		Therefore the word of the Lord came to Jeremiah from the Lord, saying,
Jer	34	13	כֹּה־אָמַר יְהוָה אֱלֹהֵי יִשְׂרָאֵל אָנֹכִי כָּרַתִּי בְרִית אֶת־אֲבוֹתֵיכֶם בְּיוֹם הוֹצִאִי אוֹתָם מֵאֶרֶץ מִצְרַיִם מִבֵּית עֲבָדִים לֵאמֹר ׃	ὑμῖν καὶ παντὶ τῷ λαῷ τούτῳ καὶ τοῖς ἱερεῦσιν ἐλάλησα λέγων Οὕτως εἶπεν Κύριος Μὴ ἀκούετε τῶν λόγων τῶν προφητῶν τῶν προφητευόντων ὑμῖν λεγόντων Ἰδοὺ σκεύη οἴκου Κυρίου ἐπιστρέψει ἐκ Βαβυλῶνος, ὅτι ἄδικα αὐτοὶ προφητεύουσιν ὑμῖν·	haec dicit Dominus Deus Israhel ego percussi foedus cum patribus vestris in die qua eduxi eos de terra Aegypti de domo servitutis dicens	Hc dicit Dominus Deus Isral: Ego percussi fdus cum patribus vestris in die qua eduxi eos de terra gypti, de domo servitutis, dicens:		Thus saith the Lord, the God of Israel; I made a covenant with your fathers in the day that I brought them forth out of the land of Egypt, out of the house of bondmen, saying,
Jer	34	14	מִקֵּץ שֶׁבַע שָׁנִים תְּשַׁלְּחוּ אִישׁ אֶת־אָחִיו הָעִבְרִי אֲשֶׁר־יִמָּכֵר לְךָ וַעֲבָדְךָ שֵׁשׁ שָׁנִים וְשִׁלַּחְתּוֹ חָפְשִׁי מֵעִמָּךְ וְלֹא־שָׁמְעוּ אֲבוֹתֵיכֶם אֵלַי וְלֹא הִטּוּ אֶת־אָזְנָם ׃	οὐκ ἀπέστειλα αὐτούς.	cum conpleti fuerint septem anni dimittat unusquisque fratrem suum hebraeum qui venditus est ei et serviet tibi sex annis et dimittes eum a te liberum et non audierunt patres vestri me nec inclinaverunt aurem suam	Cum completi fuerint septem anni, dimittat unusquisque fratrem suum Hebrum, qui venditus est ei: et serviet tibi sex annis, et dimittes eum a te liberum: et non audierunt patres vestri me, nec inclinaverunt aurem suam.		At the end of seven years let ye go every man his brother an Hebrew, which hath been sold unto thee; and when he hath served thee six years, thou shalt let him go free from thee: but your fathers hearkened not unto me, neither inclined their ear.
Jer	34	15	וַתָּשֻׁבוּ אַתֶּם הַיּוֹם וַתַּעֲשׂוּ אֶת־הַיָּשָׁר בְּעֵינַי לִקְרֹא דְרוֹר אִישׁ לְרֵעֵהוּ וַתִּכְרְתוּ בְרִית לְפָנַי בַּבַּיִת אֲשֶׁר־נִקְרָא שְׁמִי עָלָיו ׃	εἰ προφῆταί εἰσιν, καὶ εἰ ἔστιν λόγος Κυρίου ἐν αὐτοῖς, ἀπαντησάτωσάν μοι·	et conversi estis vos hodie et fecistis quod rectum est in oculis meis ut praedicaretis libertatem unusquisque ad amicum suum et inistis pactum in conspectu meo in domo in qua invocatum est nomen meum super eam	Et conversi estis vos hodie, et fecistis quod rectum est in oculis meis, ut prdicaretis libertatem unusquisque ad amicum suum: et inistis pactum in conspectu meo, in domo in qua invocatum est nomen meum super eam:		And ye were now turned, and had done right in my sight, in proclaiming liberty every man to his neighbour; and ye had made a covenant before me in the house which is called by my name:
Jer	34	16	וַתָּשֻׁבוּ וַתְּחַלְּלוּ אֶת־שְׁמִי וַתָּשִׁבוּ אִישׁ אֶת־עַבְדּוֹ וְאִישׁ אֶת־שִׁפְחָתוֹ אֲשֶׁר־שִׁלַּחְתֶּם חָפְשִׁים לְנַפְשָׁם וַתִּכְבְּשׁוּ אֹתָם לִהְיוֹת לָכֶם לַעֲבָדִים וְלִשְׁפָחוֹת ׃ ס	ὅτι οὕτως εἶπεν Κύριος Καὶ τῶν ἐπιλοίπων σκευῶν,	et reversi estis et commaculastis nomen meum et reduxistis unusquisque servum suum et unusquisque ancillam suam quos dimiseratis ut essent liberi et suae potestatis et subiugastis eos ut sint vobis servi et ancillae	et reversi estis, et commaculastis nomen meum, et reduxistis unusquisque servum suum et unusquisque ancillam suam, quos dimiseratis ut essent liberi et su potestatis, et subjugastis eos ut sint vobis servi et ancill.		But ye turned and polluted my name, and caused every man his servant, and every man his handmaid, whom he had set at liberty at their pleasure, to return, and brought them into subjection, to be unto you for servants and for handmaids.
Jer	34	17	לָכֵן כֹּה־אָמַר יְהוָה אַתֶּם לֹא־שְׁמַעְתֶּם אֵלַי לִקְרֹא דְרוֹר אִישׁ לְאָחִיו וְאִישׁ לְרֵעֵהוּ הִנְנִי קֹרֵא לָכֶם דְּרוֹר נְאֻם־יְהוָה אֶל־הַחֶרֶב אֶל־הַדֶּבֶר וְאֶל־הָרָעָב וְנָתַתִּי אֶתְכֶם לִזְוָעָה לְכֹל מַמְלְכוֹת הָאָרֶץ ׃	ὧν οὐκ ἔλαβεν βασιλεὺς Βαβυλῶνος, ὅτε ἀπῴκισεν τὸν Ἰεχονίαν ἐξ Ἰερουσαλήμ,	propterea haec dicit Dominus vos non audistis me ut praedicaretis libertatem unusquisque fratri suo et unusquisque amico suo ecce ego praedico libertatem ait Dominus ad gladium et pestem et famem et dabo vos in commotionem cunctis regnis terrae	Propterea hc dicit Dominus: Vos non audistis me, ut prdicaretis libertatem unusquisque fratri suo et unusquisque amico suo: ecce ego prdico vobis libertatem, ait Dominus, ad gladium, ad pestem, et ad famem, et dabo vos in commotionem cunctis regnis terr.		Therefore thus saith the Lord; Ye have not hearkened unto me, in proclaiming liberty, every one to his brother, and every man to his neighbour: behold, I proclaim a liberty for you, saith the Lord, to the sword, to the pestilence, and to the famine; and I will make you to be removed into all the kingdoms of the earth.
Jer	34	18	וְנָתַתִּי אֶת־הָאֲנָשִׁים הָעֹבְרִים אֶת־בְּרִתִי אֲשֶׁר לֹא־הֵקִימוּ אֶת־דִּבְרֵי הַבְּרִית אֲשֶׁר כָּרְתוּ לְפָנָי הָעֵגֶל אֲשֶׁר כָּרְתוּ לִשְׁנַיִם וַיַּעַבְרוּ בֵּין בְּתָרָיו ׃	εἰς Βαβυλῶνα εἰσελεύσεται, λέγει Κύριος.	et dabo viros qui praevaricantur foedus meum et non observaverunt verba foederis quibus adsensi sunt in conspectu meo vitulum quem ceciderunt in duas partes et transierunt inter divisiones eius	Et dabo viros qui prvaricantur fdus meum, et non observaverunt verba fderis quibus assensi sunt in conspectu meo, vitulum quem conciderunt in duas partes, et transierunt inter divisiones ejus,		And I will give the men that have transgressed my covenant, which have not performed the words of the covenant which they had made before me, when they cut the calf in twain, and passed between the parts thereof,
Jer	34	19	שָׂרֵי יְהוּדָה וְשָׂרֵי יְרוּשָׁלַםִ הַסָּרִסִים וְהַכֹּהֲנִים וְכֹל עַם הָאָרֶץ הָעֹבְרִים בֵּין בִּתְרֵי הָעֵגֶל ׃		principes Iuda et principes Hierusalem eunuchi et sacerdotes et omnis populus terrae qui transierunt inter divisiones vituli	principes Juda et principes Jerusalem, eunuchi et sacerdotes, et omnis populus terr, qui transierunt inter divisiones vituli:		The princes of Judah, and the princes of Jerusalem, the eunuchs, and the priests, and all the people of the land, which passed between the parts of the calf;
Jer	34	20	וְנָתַתִּי אוֹתָם בְּיַד אֹיְבֵיהֶם וּבְיַד מְבַקְשֵׁי נַפְשָׁם וְהָיְתָה נִבְלָתָם לְמַאֲכָל לְעוֹף הַשָּׁמַיִם וּלְבֶהֱמַת הָאָרֶץ ׃		et dabo eos in manu inimicorum suorum et in manu quaerentium animam eorum et erit morticinum eorum in escam volucribus caeli et bestiis terrae	et dabo eos in manus inimicorum suorum, et in manus qurentium animam eorum, et erit morticinum eorum in escam volatilibus cli et bestiis terr.		I will even give them into the hand of their enemies, and into the hand of them that seek their life: and their dead bodies shall be for meat unto the fowls of the heaven, and to the beasts of the earth.
Jer	34	21	וְאֶת־צִדְקִיָּהוּ מֶלֶךְ־יְהוּדָה וְאֶת־שָׂרָיו אֶתֵּן בְּיַד אֹיְבֵיהֶם וּבְיַד מְבַקְשֵׁי נַפְשָׁם וּבְיַד חֵיל מֶלֶךְ בָּבֶל הָעֹלִים מֵעֲלֵיכֶם ׃		et Sedeciam regem Iuda et principes eius dabo in manu inimicorum suorum et in manu quaerentium animam eorum et in manu exercituum regis Babylonis qui recesserunt a vobis	Et Sedeciam regem Juda, et principes ejus, dabo in manus inimicorum suorum, et in manus qurentium animas eorum, et in manus exercituum regis Babylonis, qui recesserunt a vobis.		And Zedekiah king of Judah and his princes will I give into the hand of their enemies, and into the hand of them that seek their life, and into the hand of the king of Babylon's army, which are gone up from you.
Jer	34	22	הִנְנִי מְצַוֶּה נְאֻם־יְהוָה וַהֲשִׁבֹתִים אֶל־הָעִיר הַזֹּאת וְנִלְחֲמוּ עָלֶיהָ וּלְכָדוּהָ וּשְׂרָפֻהָ בָאֵשׁ וְאֶת־עָרֵי יְהוּדָה אֶתֵּן שְׁמָמָה מֵאֵין יֹשֵׁב ׃ פ		ecce ego praecipio dicit Dominus et reducam eos in civitatem hanc et proeliabuntur adversum eam et capient eam et incendent igni et civitates Iuda dabo in solitudinem eo quod non sit habitator	Ecce ego prcipio, dicit Dominus, et reducam eos in civitatem hanc, et prliabuntur adversus eam, et capient eam, et incendent igni: et civitates Juda dabo in solitudinem, eo quod non sit habitator.		Behold, I will command, saith the Lord, and cause them to return to this city; and they shall fight against it, and take it, and burn it with fire: and I will make the cities of Judah a desolation without an inhabitant.
Jer	35	1	הַדָּבָר אֲשֶׁר־הָיָה אֶל־יִרְמְיָהוּ מֵאֵת יְהוָה בִּימֵי יְהוֹיָקִים בֶּן־יֹאשִׁיָּהוּ מֶלֶךְ יְהוּדָה לֵאמֹר ׃	Καὶ ἐγένετο ἐν τῷ τετάρτῳ ἔτει Σεδεκία βασιλέως Ἰούδα ἐν μηνὶ τῷ πέμπτῳ εἶπέν μοι Ἀνανίας υἱὸς Ἀζὼρ ὁ ψευδοπροφήτης ἀπὸ Γαβαὼν ἐν οἴκῳ Κυρίου κατʼ ὀφθαλμοὺς τῶν ἱερέων καὶ παντὸς τοῦ λαοῦ λέγων	verbum quod factum est ad Hieremiam a Domino in diebus Ioachim filii Iosiae regis Iuda dicens	Verbum quod factum est ad Jeremiam a Domino in diebus Joakim filii Josi regis Juda, dicens:		The word which came unto Jeremiah from the Lord in the days of Jehoiakim the son of Josiah king of Judah, saying,
Jer	35	2	הָלוֹךְ אֶל־בֵּית הָרֵכָבִים וְדִבַּרְתָּ אוֹתָם וַהֲבִאוֹתָם בֵּית יְהוָה אֶל־אַחַת הַלְּשָׁכוֹת וְהִשְׁקִיתָ אוֹתָם יָיִן ׃	Οὕτως εἶπεν Κύριος Συνέτριψα τὸν ζυγὸν τοῦ βασιλέως Βαβυλῶνος.	vade ad domum Rechabitarum et loquere eis et introduces eos in domum Domini in unam exedram thesaurorum et dabis eis bibere vinum	Vade ad domum Rechabitarum, et loquere eis, et introduces eos in domum Domini, in unam exedram thesaurorum, et dabis eis bibere vinum.		Go unto the house of the Rechabites, and speak unto them, and bring them into the house of the Lord, into one of the chambers, and give them wine to drink.
Jer	35	3	וָאֶקַּח אֶת־יַאֲזַנְיָה בֶן־יִרְמְיָהוּ בֶּן־חֲבַצִּנְיָה וְאֶת־אֶחָיו וְאֶת־כָּל־בָּנָיו וְאֵת כָּל־בֵּית הָרֵכָבִים ׃	ἔτι δύο ἔτη ἡμερῶν καὶ ἐγὼ ἀποστρέψω εἰς τὸν τόπον τοῦτον τὰ σκεύη οἴκου Κυρίου	et adsumpsi Iezoniam filium Hieremiae filii Absaniae et fratres eius et omnes filios eius et universam domum Rechabitarum	Et assumpsi Jezoniam filium Jeremi filii Habsani, et fratres ejus, et omnes filios ejus, et universam domum Rechabitarum,		Then I took Jaazaniah the son of Jeremiah, the son of Habaziniah, and his brethren, and all his sons, and the whole house of the Rechabites;
Jer	35	4	וָאָבִא אֹתָם בֵּית יְהוָה אֶל־לִשְׁכַּת בְּנֵי חָנָן בֶּן־יִגְדַּלְיָהוּ אִישׁ הָאֱלֹהִים אֲשֶׁר־אֵצֶל לִשְׁכַּת הַשָּׂרִים אֲשֶׁר מִמַּעַל לְלִשְׁכַּת מַעֲשֵׂיָהוּ בֶן־שַׁלֻּם שֹׁמֵר הַסַּף ׃	καὶ Ἰεχονίαν καὶ τὴν ἀποικίον Ἰούδα, ὅτι συντρίψω τὸν ζυγὸν βασιλέως Βαβυλῶνος.	et introduxi eos in domum Domini ad gazofilacium filiorum Anan filii Hiegedeliae hominis Dei quod erat iuxta gazofilacium principum super thesaurum Maasiae filii Sellum qui erat custos vestibuli	et introduxi eos in domum Domini, ad gazophylacium filiorum Hanan filii Jegedeli hominis Dei, quod erat juxta gazophylacium principum, super thesaurum Maasi filii Sellum, qui erat custos vestibuli:		And I brought them into the house of the Lord, into the chamber of the sons of Hanan, the son of Igdaliah, a man of God, which was by the chamber of the princes, which was above the chamber of Maaseiah the son of Shallum, the keeper of the door:
Jer	35	5	וָאֶתֵּן לִפְנֵי בְּנֵי בֵית־הָרֵכָבִים גְּבִעִים מְלֵאִים יַיִן וְכֹסוֹת וָאֹמַר אֲלֵיהֶם שְׁתוּ־יָיִן ׃	καὶ εἶπεν Ἰερεμίας πρὸς Ἀνανίαν κατʼ ὀφθαλμοὺς παντὸς τοῦ λαοῦ καὶ κατʼ ὀφθαλμοὺς τῶν ἱερέων τῶν ἑστηκότων ἐν οἴκῳ Κυρίου,	et posui coram filiis domus Rechabitarum scyphos plenos vino et calices et dixi ad eos bibite vinum	et posui coram filiis domus Rechabitarum scyphos plenos vino, et calices, et dixi ad eos: Bibite vinum.		And I set before the sons of the house of the Rechabites pots full of wine, and cups, and I said unto them, Drink ye wine.
Jer	35	6	וַיֹּאמְרוּ לֹא נִשְׁתֶּה־יָּיִן כִּי יוֹנָדָב בֶּן־רֵכָב אָבִינוּ צִוָּה עָלֵינוּ לֵאמֹר לֹא תִשְׁתּוּ־יַיִן אַתֶּם וּבְנֵיכֶם עַד־עוֹלָם ׃	καὶ εἶπεν Ἰερεμίας Ἀληθῶς οὕτω ποιήσαι Κύριος· στήσαι τὸν λόγον σου ὃν σὺ προφητεύεις, τοῦ ἐπιστρέψαι τὰ σκεύη οἴκου Κυρίου καὶ πᾶσαν τὴν ἀποικίαν ἐκ Βαβυλῶνος εἰς τὸν τόπον τοῦτον.	qui responderunt non bibemus vinum quia Ionadab filius Rechab pater noster praecepit nobis dicens non bibetis vinum vos et filii vestri usque in sempiternum	Qui responderunt Non bibemus vinum, quia Jonadab filius Rechab, pater noster, prcepit nobis, dicens: Non bibetis vinum, vos et filii vestri, usque in sempiternum:		But they said, We will drink no wine: for Jonadab the son of Rechab our father commanded us, saying, Ye shall drink no wine, neither ye, nor your sons for ever:
Jer	35	7	וּבַיִת לֹא־תִבְנוּ וְזֶרַע לֹא־תִזְרָעוּ וְכֶרֶם לֹא־תִטָּעוּ וְלֹא יִהְיֶה לָכֶם כִּי בָּאֳהָלִים תֵּשְׁבוּ כָּל־יְמֵיכֶם לְמַעַן תִּחְיוּ יָמִים רַבִּים עַל־פְּנֵי הָאֲדָמָה אֲשֶׁר אַתֶּם גָּרִים שָׁם ׃	πλὴν ἀκούσατε τὸν λόγον Κυρίου ὃν ἐγὼ λέγω εἰς τὰ ὦτα ὑμῶν καὶ εἰς τὰ ὦτα παντὸς τοῦ λαοῦ	et domum non aedificabitis et sementem non seretis et vineas non plantabitis nec habebitis sed in tabernaculis habitabitis cunctis diebus vestris ut vivatis diebus multis super faciem terrae in qua vos peregrinamini	et domum non dificabitis, et sementem non seretis, et vineas non plantabitis, nec habebitis: sed in tabernaculis habitabitis cunctis diebus vestris, ut vivatis diebus multis super faciem terr in qua vos peregrinamini.		Neither shall ye build house, nor sow seed, nor plant vineyard, nor have any: but all your days ye shall dwell in tents; that ye may live many days in the land where ye be strangers.
Jer	35	8	וַנִּשְׁמַע בְּקוֹל יְהוֹנָדָב בֶּן־רֵכָב אָבִינוּ לְכֹל אֲשֶׁר צִוָּנוּ לְבִלְתִּי שְׁתוֹת־יַיִן כָּל־יָמֵינוּ אֲנַחְנוּ נָשֵׁינוּ בָּנֵינוּ וּבְנֹתֵינוּ ׃	Οἱ προφῆται οἱ γεγονότες πρότεροί μου καὶ πρότεροι ὑμῶν ἀπὸ τοῦ αἰῶνος, καὶ ἐπροφήτευσαν ἐπὶ γῆς πολλῆς καὶ ἐπὶ βασιλείας μεγάλας εἰς πόλεμον·	oboedivimus ergo voci Ionadab filii Rechab patris nostri in omnibus quae praecepit nobis ita ut non biberemus vinum cunctis diebus nostris nos et mulieres nostrae filii et filiae nostrae	Obedivimus ergo voci Jonadab filii Rechab, patris nostri, in omnibus qu prcepit nobis, ita ut non biberemus vinum cunctis diebus nostris, nos, et mulieres nostr, filii, et fili nostr,		Thus have we obeyed the voice of Jonadab the son of Rechab our father in all that he hath charged us, to drink no wine all our days, we, our wives, our sons, nor our daughters;
Jer	35	9	וּלְבִלְתִּי בְּנוֹת בָּתִּים לְשִׁבְתֵּנוּ וְכֶרֶם וְשָׂדֶה וָזֶרַע לֹא יִהְיֶה־לָּנוּ ׃	ὁ προφήτης ὁ προφητεύσας εἰς εἰρήνην, ἐλθόντος τοῦ λόγου γνώσονται τὸν προφήτην ὃν ἀπέστειλεν αὐτοῖς Κύριος ἐν πίστει.	et non aedificaremus domos ad habitandum et vineam et agrum et sementem non habuimus	et non dificaremus domos ad habitandum: et vineam, et agrum, et sementem non habuimus:		Nor to build houses for us to dwell in: neither have we vineyard, nor field, nor seed:
Jer	35	10	וַנֵּשֶׁב בָּאֳהָלִים וַנִּשְׁמַע וַנַּעַשׂ כְּכֹל אֲשֶׁר־צִוָּנוּ יוֹנָדָב אָבִינוּ ׃	καὶ ἔλαβεν Ἀνανίας ἐν ὀφθαλμοῖς παντὸς τοῦ λαοῦ τοὺς κλοιοὺς ἀπὸ τοῦ τραχήλου Ἰερεμίου καὶ συνέτριψεν αὐτούς.	sed habitavimus in tabernaculis et oboedientes fecimus iuxta omnia quae praecepit nobis Ionadab pater noster	sed habitavimus in tabernaculis, et obedientes fuimus juxta omnia qu prcepit nobis Jonadab pater noster.		But we have dwelt in tents, and have obeyed, and done according to all that Jonadab our father commanded us.
Jer	35	11	וַיְהִי בַּעֲלוֹת נְבוּכַדְרֶאצַּר מֶלֶךְ־בָּבֶל אֶל־הָאָרֶץ וַנֹּאמֶר בֹּאוּ וְנָבוֹא יְרוּשָׁלַםִ מִפְּנֵי חֵיל הַכַּשְׂדִּים וּמִפְּנֵי חֵיל אֲרָם וַנֵּשֶׁב בִּירוּשָׁלָםִ ׃ פ	καὶ εἶπεν Ἀνανίας κατʼ ὀφθαλμοὺς παντὸς τοῦ λαοῦ λέγων Οὕτως εἶπεν Κύριος Οὕτως συντρίψω τὸν ζυγὸν βασιλέως Βαβυλῶνος ἀπὸ τραχήλων πάντων τῶν ἐθνῶν. καὶ ᾤχετο Ἰερεμίας εἰς τὴν ὁδὸν αὐτοῦ.	cum autem ascendisset Nabuchodonosor rex Babylonis ad terram nostram diximus venite et ingrediamur Hierusalem a facie exercitus Chaldeorum et a facie exercitus Syriae et mansimus in Hierusalem	Cum autem ascendisset Nabuchodonosor rex Babylonis ad terram nostram, diximus: Venite, et ingrediamur Jerusalem a facie exercitus Chaldorum, et a facie exercitus Syri: et mansimus in Jerusalem.		But it came to pass, when Nebuchadrezzar king of Babylon came up into the land, that we said, Come, and let us go to Jerusalem for fear of the army of the Chaldeans, and for fear of the army of the Syrians: so we dwell at Jerusalem.
Jer	35	12	וַיְהִי דְּבַר־יְהוָה אֶל־יִרְמְיָהוּ לֵאמֹר ׃	καὶ ἐγένετο λόγος Κυρίου πρὸς Ἰερεμίαν μετὰ τὸ συντρίψαι Ἁνανίαν τοὺς κλοιοὺς ἀπὸ τοῦ τραχήλου αὐτοῦ λέγων	et factum est verbum Domini ad Hieremiam dicens	Et factum est verbum Domini ad Jeremiam, dicens:		Then came the word of the Lord unto Jeremiah, saying,
Jer	35	13	כֹּה־אָמַר יְהוָה צְבָאוֹת אֱלֹהֵי יִשְׂרָאֵל הָלֹךְ וְאָמַרְתָּ לְאִישׁ יְהוּדָה וּלְיוֹשְׁבֵי יְרוּשָׁלִָם הֲלוֹא תִקְחוּ מוּסָר לִשְׁמֹעַ אֶל־דְּבָרַי נְאֻם־יְהוָה ׃	Βάδιζε καὶ εἰπὸν πρὸς Ἀνανίαν λέγων Οὕτως εἶπεν Κύριος Κλοιοὺς ξυλίνους συνέτριψας, καὶ ποιήσω ἀντʼ αὐτῶν κλοιοὺς σιδηροῦς.	haec dicit Dominus exercituum Deus Israhel vade et dic viris Iuda et habitatoribus Hierusalem numquid non recipietis disciplinam ut oboediatis verbis meis dicit Dominus	Hc dicit Dominus exercituum, Deus Isral: Vade, et dic viris Juda et habitatoribus Jerusalem: Numquid non recipietis disciplinam, ut obediatis verbis meis? dicit Dominus.		Thus saith the Lord of hosts, the God of Israel; Go and tell the men of Judah and the inhabitants of Jerusalem, Will ye not receive instruction to hearken to my words? saith the Lord.
Jer	35	14	הוּקַם אֶת־דִּבְרֵי יְהוֹנָדָב בֶּן־רֵכָב אֲשֶׁר־צִוָּה אֶת־בָּנָיו לְבִלְתִּי שְׁתוֹת־יַיִן וְלֹא שָׁתוּ עַד־הַיּוֹם הַזֶּה כִּי שָׁמְעוּ אֵת מִצְוַת אֲבִיהֶם וְאָנֹכִי דִּבַּרְתִּי אֲלֵיכֶם הַשְׁכֵּם וְדַבֵּר וְלֹא שְׁמַעְתֶּם אֵלָי ׃	ὅτι οὕτως εἶπεν Κύριος Ζυγὸν σιδηροῦν ἔθηκα ἐπὶ τὸν τράχηλον πάντων τῶν ἐθνῶν ἐργάζεσθαι τῷ βασιλεῖ Βαβυλῶνος.	praevaluerunt sermones Ionadab filii Rechab quos praecepit filiis suis ut non biberent vinum et non biberunt usque ad diem hanc quia oboedierunt praecepto patris sui ego autem locutus sum ad vos de mane consurgens et loquens et non oboedistis mihi	Prvaluerunt sermones Jonadab filii Rechab, quos prcepit filiis suis ut non biberent vinum, et non biberunt usque ad diem hanc, quia obedierunt prcepto patris sui: ego autem locutus sum ad vos, de mane consurgens et loquens, et non obedistis mihi.		The words of Jonadab the son of Rechab, that he commanded his sons not to drink wine, are performed; for unto this day they drink none, but obey their father's commandment: notwithstanding I have spoken unto you, rising early and speaking; but ye hearkened not unto me.
Jer	35	15	וָאֶשְׁלַח אֲלֵיכֶם אֶת־כָּל־עֲבָדַי הַנְּבִאִים הַשְׁכֵּים וְשָׁלֹחַ לֵאמֹר שֻׁבוּ־נָא אִישׁ מִדַּרְכּוֹ הָרָעָה וְהֵיטִיבוּ מַעַלְלֵיכֶם וְאַל־תֵּלְכוּ אַחֲרֵי אֱלֹהִים אֲחֵרִים לְעָבְדָם וּשְׁבוּ אֶל־הָאֲדָמָה אֲשֶׁר־נָתַתִּי לָכֶם וְלַאֲבֹתֵיכֶם וְלֹא הִטִּיתֶם אֶת־אָזְנְכֶם וְלֹא שְׁמַעְתֶּם אֵלָי ׃	καὶ εἶπεν Ἰερεμίας τῷ Ἀνανίᾳ Οὐκ ἀπέσταλκέν σε Κύριος. καὶ πεποιθέναι ἐποίησας τὸν λαὸν τοῦτον ἐπʼ ἀδίκῳ.	misique ad vos omnes servos meos prophetas consurgens diluculo mittensque et dicens convertimini unusquisque a via sua pessima et bona facite studia vestra et nolite sequi deos alienos neque colatis eos et habitabitis in terra quam dedi vobis et patribus vestris et non inclinastis aurem vestram neque audistis me	Misique ad vos omnes servos meos prophetas, consurgens diluculo mittensque, et dicens: Convertimini unusquisque a via sua pessima, et bona facite studia vestra: et nolite sequi deos alienos, neque colatis eos, et habitabitis in terra quam dedi vobis et patribus vestris: et non inclinastis aurem vestram, neque audistis me.		I have sent also unto you all my servants the prophets, rising up early and sending them, saying, Return ye now every man from his evil way, and amend your doings, and go not after other gods to serve them, and ye shall dwell in the land which I have given to you and to your fathers: but ye have not inclined your ear, nor hearkened unto me.
Jer	35	16	כִּי הֵקִימוּ בְּנֵי יְהוֹנָדָב בֶּן־רֵכָב אֶת־מִצְוַת אֲבִיהֶם אֲשֶׁר צִוָּם וְהָעָם הַזֶּה לֹא שָׁמְעוּ אֵלָי ׃ ס	διὰ τοῦτο οὕτως εἶπεν Κύριος Ἰδοὺ ἐγὼ ἐξαποστέλλω σε ἀπὸ προσώπου τῆς γῆς· τούτῳ τῷ ἐνιαυτῷ ἀποθανῇ.	firmaverunt igitur filii Ionadab filii Rechab praeceptum patris sui quod praeceperat eis populus autem iste non oboedivit mihi	Firmaverunt igitur filii Jonadab filii Rechab prceptum patris sui, quod prceperat eis: populus autem iste non obedivit mihi.		Because the sons of Jonadab the son of Rechab have performed the commandment of their father, which he commanded them; but this people hath not hearkened unto me:
Jer	35	17	לָכֵן כֹּה־אָמַר יְהוָה אֱלֹהֵי צְבָאוֹת אֱלֹהֵי יִשְׂרָאֵל הִנְנִי מֵבִיא אֶל־יְהוּדָה וְאֶל כָּל־יוֹשְׁבֵי יְרוּשָׁלַםִ אֵת כָּל־הָרָעָה אֲשֶׁר דִּבַּרְתִּי עֲלֵיהֶם יַעַן דִּבַּרְתִּי אֲלֵיהֶם וְלֹא שָׁמֵעוּ וָאֶקְרָא לָהֶם וְלֹא עָנוּ ׃	καὶ ἀπέθανεν ἐν τῷ μηνὶ τῷ ἑβδόμῳ.	idcirco haec dicit Dominus exercituum Deus Israhel ecce ego adduco super Iudam et super omnes habitatores Hierusalem universam adflictionem quam locutus sum adversum eos eo quod locutus sum ad illos et non audierunt vocavi illos et non responderunt mihi	Idcirco hc dicit Dominus exercituum, Deus Isral: Ecce ego adducam super Judam et super omnes habitatores Jerusalem universam afflictionem, quam locutus sum adversum illos, eo quod locutus sum ad illos, et non audierunt: vocavi illos, et non responderunt mihi.		Therefore thus saith the Lord God of hosts, the God of Israel; Behold, I will bring upon Judah and upon all the inhabitants of Jerusalem all the evil that I have pronounced against them: because I have spoken unto them, but they have not heard; and I have called unto them, but they have not answered.
Jer	35	18	וּלְבֵית הָרֵכָבִים אָמַר יִרְמְיָהוּ כֹּה־אָמַר יְהוָה צְבָאוֹת אֱלֹהֵי יִשְׂרָאֵל יַעַן אֲשֶׁר שְׁמַעְתֶּם עַל־מִצְוַת יְהוֹנָדָב אֲבִיכֶם וַתִּשְׁמְרוּ אֶת־כָּל־מִצְוֹתָיו וַתַּעֲשׂוּ כְּכֹל אֲשֶׁר־צִוָּה אֶתְכֶם ׃ ס		domui autem Rechabitarum dixit Hieremias haec dicit Dominus exercituum Deus Israhel pro eo quod oboedistis praecepto Ionadab patris vestri et custodistis omnia mandata eius et fecistis universa quae praecepit vobis	Domui autem Rechabitarum dixit Jeremias: Hc dicit Dominus exercituum, Deus Isral: Pro eo quod obedistis prcepto Jonadab patris vestri, et custodistis omnia mandata ejus, et fecistis universa qu prcepit vobis,		And Jeremiah said unto the house of the Rechabites, Thus saith the Lord of hosts, the God of Israel; Because ye have obeyed the commandment of Jonadab your father, and kept all his precepts, and done according unto all that he hath commanded you:
Jer	35	19	לָכֵן כֹּה אָמַר יְהוָה צְבָאוֹת אֱלֹהֵי יִשְׂרָאֵל לֹא־יִכָּרֵת אִישׁ לְיוֹנָדָב בֶּן־רֵכָב עֹמֵד לְפָנַי כָּל־הַיָּמִים ׃ פ		propterea haec dicit Dominus exercituum Deus Israhel non deficiet vir de stirpe Ionadab filii Rechab stans in conspectu meo cunctis diebus	propterea hc dicit Dominus exercituum, Deus Isral: Non deficiet vir de stirpe Jonadab filii Rechab, stans in conspectu meo cunctis diebus.		Therefore thus saith the Lord of hosts, the God of Israel; Jonadab the son of Rechab shall not want a man to stand before me for ever.
Jer	36	1	וַיְהִי בַּשָּׁנָה הָרְבִיעִת לִיהוֹיָקִים בֶּן־יֹאשִׁיָּהוּ מֶלֶךְ יְהוּדָה הָיָה הַדָּבָר הַזֶּה אֶל־יִרְמְיָהוּ מֵאֵת יְהוָה לֵאמֹר ׃	Καὶ οὗτοι οἱ λόγοι τῆς βίβλου οὓς ἀπέστειλεν Ἰερεμίας ἐξ Ἰερουσαλὴμ πρὸς τοὺς πρεσβυτέρους τῆς ἀποικίας καὶ πρὸς τοὺς ἱερεῖς καὶ πρὸς τοὺς ψευδοπροφήτας, ἐπιστολὴν εἰς Βαβυλῶνα τῇ ἀποικίᾳ, καὶ πρὸς ἅπαντα τὸν λαόν,	et factum est in anno quarto Ioachim filii Iosiae regis Iuda factum est verbum hoc ad Hieremiam a Domino dicens	Et factum est in anno quarto Joakim filii Josi regis Juda, factum est verbum hoc ad Jeremiam a Domino, dicens:		And it came to pass in the fourth year of Jehoiakim the son of Josiah king of Judah, that this word came unto Jeremiah from the Lord, saying,
Jer	36	2	קַח־לְךָ מְגִלַּת־סֵפֶר וְכָתַבְתָּ אֵלֶיהָ אֵת כָּל־הַדְּבָרִים אֲשֶׁר־דִּבַּרְתִּי אֵלֶיךָ עַל־יִשְׂרָאֵל וְעַל־יְהוּדָה וְעַל־כָּל־הַגּוֹיִם מִיּוֹם דִּבַּרְתִּי אֵלֶיךָ מִימֵי יֹאשִׁיָּהוּ וְעַד הַיּוֹם הַזֶּה ׃	ὕστερον ἐξελθόντος Ἰεχονίου τοῦ βασιλέως καὶ τῆς βασιλίσσης καὶ τῶν εὐνούχων καὶ παντὸς ἐλευθέρου καὶ δεσμώτου καὶ τεχνίτου ἐξ Ἰερουσαλήμ,	tolle volumen libri et scribes in eo omnia verba quae locutus sum tibi adversum Israhel et Iudam et adversum omnes gentes a die qua locutus sum ad te ex diebus Iosiae usque ad diem hanc	Tolle volumen libri, et scribes in eo omnia verba qu locutus sum tibi adversum Isral et Judam, et adversum omnes gentes, a die qua locutus sum ad te, ex diebus Josi usque ad diem hanc:		Take thee a roll of a book, and write therein all the words that I have spoken unto thee against Israel, and against Judah, and against all the nations, from the day I spake unto thee, from the days of Josiah, even unto this day.
Jer	36	3	אוּלַי יִשְׁמְעוּ בֵּית יְהוּדָה אֵת כָּל־הָרָעָה אֲשֶׁר אָנֹכִי חֹשֵׁב לַעֲשׂוֹת לָהֶם לְמַעַן יָשׁוּבוּ אִישׁ מִדַּרְכּוֹ הָרָעָה וְסָלַחְתִּי לַעֲוֹנָם וּלְחַטָּאתָם ׃ ס	ἐν χειρὶ Ἐλεασὰν υἱοῦ Σαφὰν καὶ Γομαρίου υἱοῦ Χελκίου, ὃν ἀπέστειλεν Σεδεκίας βασιλεὺς Ἰούδα πρὸς βασιλέα Βαβυλῶνος εἰς Βαβυλῶνα, λέγων	si forte audiente domo Iuda universa mala quae ego cogito facere eis revertatur unusquisque a via sua pessima et propitius ero iniquitati et peccato eorum	si forte, audiente domo Juda universa mala qu ego cogito facere eis, revertatur unusquisque a via sua pessima, et propitius ero iniquitati et peccato eorum.		It may be that the house of Judah will hear all the evil which I purpose to do unto them; that they may return every man from his evil way; that I may forgive their iniquity and their sin.
Jer	36	4	וַיִּקְרָא יִרְמְיָהוּ אֶת־בָּרוּךְ בֶּן־נֵרִיָּה וַיִּכְתֹּב בָּרוּךְ מִפִּי יִרְמְיָהוּ אֵת כָּל־דִּבְרֵי יְהוָה אֲשֶׁר־דִּבֶּר אֵלָיו עַל־מְגִלַּת־סֵפֶר ׃	Οὕτως εἶπεν Κύριος ὁ θεὸς Ἰσραὴλ ἐπὶ τὴν ἀποικίαν ἣν ἀπῴκισα ἀπὸ Ἰερουσαλήμ	vocavit ergo Hieremias Baruch filium Neriae et scripsit Baruch ex ore Hieremiae omnes sermones Domini quos locutus est ad eum in volumine libri	Vocavit ergo Jeremias Baruch filium Neri: et scripsit Baruch ex ore Jeremi omnes sermones Domini quos locutus est ad eum, in volumine libri:		Then Jeremiah called Baruch the son of Neriah: and Baruch wrote from the mouth of Jeremiah all the words of the Lord, which he had spoken unto him, upon a roll of a book.
Jer	36	5	וַיְצַוֶּה יִרְמְיָהוּ אֶת־בָּרוּךְ לֵאמֹר אֲנִי עָצוּר לֹא אוּכַל לָבוֹא בֵּית יְהוָה ׃	Οἰκοδομήσατε οἴκους καὶ κατοικήσατε, καὶ φυτεύσατε παραδείσους καὶ φάγετε τοὺς καρποὺς αὐτῶν,	et praecepit Hieremias Baruch dicens ego clausus sum nec valeo ingredi domum Domini	et prcepit Jeremias Baruch, dicens: Ego clausus sum, nec valeo ingredi domum Domini.		And Jeremiah commanded Baruch, saying, I am shut up; I cannot go into the house of the Lord:
Jer	36	6	וּבָאתָ אַתָּה וְקָרָאתָ בַמְּגִלָּה אֲשֶׁר־כָּתַבְתָּ־מִפִּי אֶת־דִּבְרֵי יְהוָה בְּאָזְנֵי הָעָם בֵּית יְהוָה בְּיוֹם צוֹם וְגַם בְּאָזְנֵי כָל־יְהוּדָה הַבָּאִים מֵעָרֵיהֶם תִּקְרָאֵם ׃	καὶ λάβετε γυναῖκας καὶ τεκνοποιήσατε υἱοὺς καὶ θυγατέρας, καὶ λάβετε τοῖς υἱοῖς ὑμῶν γυναῖκας, καὶ τὰς θυγατέρας ὑμῶν ἀνδράσιν δότε, καὶ πληθύνεσθε καὶ| μὴ σμικρυνθῆτε,	ingredere ergo tu et lege de volumine in quo scripsisti ex ore meo verba Domini audiente populo in domo Domini in die ieiunii insuper et audiente universo Iuda qui veniunt de civitatibus suis leges eis	Ingredere ergo tu, et lege de volumine in quo scripsisti ex ore meo verba Domini, audiente populo in domo Domini, in die jejunii, insuper et audiente universo Juda, qui veniunt de civitatibus suis, leges eis,		Therefore go thou, and read in the roll, which thou hast written from my mouth, the words of the Lord in the ears of the people in the Lord's house upon the fasting day: and also thou shalt read them in the ears of all Judah that come out of their cities.
Jer	36	7	אוּלַי תִּפֹּל תְּחִנָּתָם לִפְנֵי יְהוָה וְיָשֻׁבוּ אִישׁ מִדַּרְכּוֹ הָרָעָה כִּי־גָדוֹל הָאַף וְהַחֵמָה אֲשֶׁר־דִּבֶּר יְהוָה אֶל־הָעָם הַזֶּה ׃	καὶ ζητήσατε εἰς εἰρήνην τῆς γῆς εἰς ἣν ἀπῴκισα ὑμᾶς ἐκεῖ, καὶ προσεύξασθε περὶ αὐτῶν πρὸς Κύριον, ὅτι ἐν εἰρήνῃ αὐτῆς εἰρήνη ὑμῶν.	si forte cadat oratio eorum in conspectu Domini et revertatur unusquisque a via sua pessima quoniam magnus furor et indignatio quam locutus est Dominus adversum populum hunc	si forte cadat oratio eorum in conspectu Domini, et revertatur unusquisque a via sua pessima, quoniam magnus furor et indignatio est quam locutus est Dominus adversus populum hunc.		It may be they will present their supplication before the Lord, and will return every one from his evil way: for great is the anger and the fury that the Lord hath pronounced against this people.
Jer	36	8	וַיַּעַשׂ בָּרוּךְ בֶּן־נֵרִיָּה כְּכֹל אֲשֶׁר־צִוָּהוּ יִרְמְיָהוּ הַנָּבִיא לִקְרֹא בַסֵּפֶר דִּבְרֵי יְהוָה בֵּית יְהֹוָה ׃ ס	ὅτι οὕτως εἶπεν Κύριος Μὴ ἀναπειθέτωσαν ὑμᾶς οἱ ψευδοπροφῆται οἱ ἐν ὑμῖν, καὶ μὴ ἀναπειθέτωσαν ὑμᾶς οἱ μάντεις ὑμῶν, καὶ μὴ ἀκούετε εἰς τὰ ἐνύπνια ὑμῶν ἃ ὑμεῖς ἐνυπνιάζεσθε·	et fecit Baruch filius Neriae iuxta omnia quae praeceperat ei Hieremias propheta legens ex volumine sermones Domini in domo Domini	Et fecit Baruch filius Neri juxta omnia qu prceperat ei Jeremias propheta, legens ex volumine sermones Domini in domo Domini.		And Baruch the son of Neriah did according to all that Jeremiah the prophet commanded him, reading in the book the words of the Lord in the Lord's house.
Jer	36	9	וַיְהִי בַשָּׁנָה הַחֲמִשִׁית לִיהוֹיָקִים בֶּן־יֹאשִׁיָּהוּ מֶלֶךְ־יְהוּדָה בַּחֹדֶשׁ הַתְּשִׁעִי קָרְאוּ צוֹם לִפְנֵי יְהוָה כָּל־הָעָם בִּירוּשָׁלָםִ וְכָל־הָעָם הַבָּאִים מֵעָרֵי יְהוּדָה בִּירוּשָׁלָםִ ׃	ὅτι ἄδικα αὐτοὶ προφητεύουσιν ὑμῖν ἐπὶ τῷ ὀνόματί μου καὶ οὐκ ἀπέστειλα αὐτούς.	factum est autem in anno quinto Ioachim filii Iosiae regis Iuda in mense nono praedicaverunt ieiunium in conspectu Domini omni populo in Hierusalem et universae multitudini quae confluxerat de civitatibus Iuda in Hierusalem	Factum est autem in anno quinto Joakim filii Josi regis Juda, in mense nono: prdicaverunt jejunium in conspectu Domini omni populo in Jerusalem, et univers multitudini qu confluxerat de civitatibus Juda in Jerusalem.		And it came to pass in the fifth year of Jehoiakim the son of Josiah king of Judah, in the ninth month, that they proclaimed a fast before the Lord to all the people in Jerusalem, and to all the people that came from the cities of Judah unto Jerusalem.
Jer	36	10	וַיִּקְרָא בָרוּךְ בַּסֵּפֶר אֶת־דִּבְרֵי יִרְמְיָהוּ בֵּית יְהוָה בְּלִשְׁכַּת גְּמַרְיָהוּ בֶן־שָׁפָן הַסֹּפֵר בֶּחָצֵר הָעֶלְיוֹן פֶּתַח שַׁעַר בֵּית־יְהוָה הֶחָדָשׁ בְּאָזְנֵי כָּל־הָעָם ׃	ὅτι οὕτως εἶπεν Κύριος Ὅταν μέλλῃ πληροῦσθαι Βαβυλῶνι ἑβδομήκοντα ἔτη, ἐπισκέψομαι ὑμᾶς καὶ ἐπιστήσω τοὺς λόγους μου ἐφʼ ὑμᾶς τοῦ τὸν λαὸν ὑμῶν ἀποστρέψαι εἰς τὸν τόπον τοῦτον,	legitque Baruch ex volumine sermones Hieremiae in domo Domini in gazofilacio Gamariae filii Saphan scribae in vestibulo superiori in introitu portae novae domus Domini audiente omni populo	Legitque Baruch ex volumine sermones Jeremi in domo Domini, in gazophylacio Gamari, filii Saphan scrib, in vestibulo superiori, in introitu port nov domus Domni, audiente omni populo.		Then read Baruch in the book the words of Jeremiah in the house of the Lord, in the chamber of Gemariah the son of Shaphan the scribe, in the higher court, at the entry of the new gate of the Lord's house, in the ears of all the people.
Jer	36	11	וַיִּשְׁמַע מִכָיְהוּ בֶן־גְּמַרְיָהוּ בֶן־שָׁפָן אֶת־כָּל־דִּבְרֵי יְהוָה מֵעַל הַסֵּפֶר ׃	καὶ λογιοῦμαι ἐφʼ ὑμᾶς λογισμὸν εἰρήνης καὶ οὐ κακά, τοῦ δοῦναι ὑμῖν ταῦτα.	cumque audisset Micheas filius Gamariae filii Saphan omnes sermones Domini ex libro	Cumque audisset Michas filius Gamari filii Saphan, omnes sermones Domini ex libro,		When Michaiah the son of Gemariah, the son of Shaphan, had heard out of the book all the words of the Lord,
Jer	36	12	וַיֵּרֶד בֵּית־הַמֶּלֶךְ עַל־לִשְׁכַּת הַסֹּפֵר וְהִנֵּה־שָׁם כָּל־הַשָּׂרִים יוֹשְׁבִים אֱלִישָׁמָע הַסֹּפֵר וּדְלָיָהוּ בֶן־שְׁמַעְיָהוּ וְאֶלְנָתָן בֶּן־עַכְבּוֹר וּגְמַרְיָהוּ בֶן־שָׁפָן וְצִדְקִיָּהוּ בֶן־חֲנַנְיָהוּ וְכָל־הַשָּׂרִים ׃	καὶ προσεύξασθε πρὸς μέ, καὶ εἰσακούσομαι ὑμῶν·	descendit in domum regis ad gazofilacium scribae et ecce ibi omnes principes sedebant Elisama scriba et Dalaias filius Semeiae et Elnathan filius Achobor et Gamarias filius Saphan et Sedecias filius Ananiae et universi principes	descendit in domum regis, ad gazophylacium scrib, et ecce ibi omnes principes sedebant: Elisama scriba, et Dalaias filius Semei, et Elnathan filius Achobor, et Gamarias filius Saphan, et Sedecias filius Hanani, et universi principes:		Then he went down into the king's house, into the scribe's chamber: and, lo, all the princes sat there, even Elishama the scribe, and Delaiah the son of Shemaiah, and Elnathan the son of Achbor, and Gemariah the son of Shaphan, and Zedekiah the son of Hananiah, and all the princes.
Jer	36	13	וַיַּגֵּד לָהֶם מִכָיְהוּ אֵת כָּל־הַדְּבָרִים אֲשֶׁר שָׁמֵעַ בִּקְרֹא בָרוּךְ בַּסֵּפֶר בְּאָזְנֵי הָעָם ׃	καὶ ἐκζητήσατέ με, καὶ εὑρήσετέ με· ὅτι ζητήσετέ με ἐν ὅλῃ καρδίᾳ ὑμῶν,	et nuntiavit eis Micheas omnia verba quae audivit legente Baruch ex volumine in auribus populi	et nuntiavit eis Michas omnia verba qu audivit, legente Baruch ex volumine in auribus populi.		Then Michaiah declared unto them all the words that he had heard, when Baruch read the book in the ears of the people.
Jer	36	14	וַיִּשְׁלְחוּ כָל־הַשָּׂרִים אֶל־בָּרוּךְ אֶת־יְהוּדִי בֶּן־נְתַנְיָהוּ בֶּן־שֶׁלֶמְיָהוּ בֶן־כּוּשִׁי לֵאמֹר הַמְּגִלָּה אֲשֶׁר קָרָאתָ בָּהּ בְּאָזְנֵי הָעָם קָחֶנָּה בְיָדְךָ וָלֵךְ וַיִּקַּח בָּרוּךְ בֶּן־נֵרִיָּהוּ אֶת־הַמְּגִלָּה בְּיָדוֹ וַיָּבֹא אֲלֵיהֶם ׃	καὶ ἐπιφανοῦμαι ὑμῖν.	miserunt itaque omnes principes ad Baruch Iudi filium Nathaniae filii Selemiae filii Chusi dicentes volumen ex quo legisti audiente populo sume in manu tua et veni tulit ergo Baruch filius Neriae volumen in manu sua et venit ad eos	Miserunt itaque omnes principes ad Baruch Judi filium Nathani filii Selemi filii Chusi, dicentes: Volumen ex quo legisti, audiente populo, sume in manu tua, et veni. Tulit ergo Baruch filius Neri volumen in manu sua, et venit ad eos,		Therefore all the princes sent Jehudi the son of Nethaniah, the son of Shelemiah, the son of Cushi, unto Baruch, saying, Take in thine hand the roll wherein thou hast read in the ears of the people, and come. So Baruch the son of Neriah took the roll in his hand, and came unto them.
Jer	36	15	וַיֹּאמְרוּ אֵלָיו שֵׁב נָא וּקְרָאֶנָּה בְּאָזְנֵינוּ וַיִּקְרָא בָרוּךְ בְּאָזְנֵיהֶם ׃	Ὅτι εἴπατε Κατέστησεν ἡμῖν Κύριος προφήτας ἐν Βαβυλῶνι·	et dixerunt ad eum sede et lege haec in auribus nostris et legit Baruch in auribus eorum	et dixerunt ad eum: Sede, et lege hc in auribus nostris. Et legit Baruch in auribus eorum.		And they said unto him, Sit down now, and read it in our ears. So Baruch read it in their ears.
Jer	36	16	וַיְהִי כְּשָׁמְעָם אֶת־כָּל־הַדְּבָרִים פָּחֲדוּ אִישׁ אֶל־רֵעֵהוּ וַיֹּאמְרוּ אֶל־בָּרוּךְ הַגֵּיד נַגִּיד לַמֶּלֶךְ אֵת כָּל־הַדְּבָרִים הָאֵלֶּה ׃		igitur cum audissent omnia verba obstipuerunt unusquisque ad proximum suum et dixerunt ad Baruch nuntiare debemus regi omnes sermones istos	Igitur cum audissent omnia verba, obstupuerunt unusquisque ad proximum suum, et dixerunt ad Baruch: Nuntiare debemus regi omnes sermones istos.		Now it came to pass, when they had heard all the words, they were afraid both one and other, and said unto Baruch, We will surely tell the king of all these words.
Jer	36	17	וְאֶת־בָּרוּךְ שָׁאֲלוּ לֵאמֹר הַגֶּד־נָא לָנוּ אֵיךְ כָּתַבְתָּ אֶת־כָּל־הַדְּבָרִים הָאֵלֶּה מִפִּיו ׃		et interrogaverunt eum dicentes indica nobis quomodo scripsisti omnes sermones istos ex ore eius	Et interrogaverunt eum, dicentes: Indica nobis quomodo scripsisti omnes sermones istos ex ore ejus.		And they asked Baruch, saying, Tell us now, How didst thou write all these words at his mouth?
Jer	36	18	וַיֹּאמֶר לָהֶם בָּרוּךְ מִפִּיו יִקְרָא אֵלַי אֵת כָּל־הַדְּבָרִים הָאֵלֶּה וַאֲנִי כֹּתֵב עַל־הַסֵּפֶר בַּדְּיוֹ ׃ פ		dixit autem eis Baruch ex ore suo loquebatur quasi legens ad me omnes sermones istos et ego scribebam in volumine atramento	Dixit autem eis Baruch: Ex ore suo loquebatur quasi legens ad me omnes sermones istos, et ego scribebam in volumine atramento.		Then Baruch answered them, He pronounced all these words unto me with his mouth, and I wrote them with ink in the book.
Jer	36	19	וַיֹּאמְרוּ הַשָּׂרִים אֶל־בָּרוּךְ לֵךְ הִסָּתֵר אַתָּה וְיִרְמְיָהוּ וְאִישׁ אַל־יֵדַע אֵיפֹה אַתֶּם ׃		et dixerunt principes ad Baruch vade et abscondere tu et Hieremias et nemo sciat ubi sitis	Et dixerunt principes ad Baruch: Vade, et abscondere, tu et Jeremias, et nemo sciat ubi sitis.		Then said the princes unto Baruch, Go, hide thee, thou and Jeremiah; and let no man know where ye be.
Jer	36	20	וַיָּבֹאוּ אֶל־הַמֶּלֶךְ חָצֵרָה וְאֶת־הַמְּגִלָּה הִפְקִדוּ בְּלִשְׁכַּת אֱלִישָׁמָע הַסֹּפֵר וַיַּגִּידוּ בְּאָזְנֵי הַמֶּלֶךְ אֵת כָּל־הַדְּבָרִים ׃		et ingressi sunt ad regem in atrium porro volumen commendaverunt in gazofilacio Elisamae scribae et nuntiaverunt audiente rege omnes sermones	Et ingressi sunt ad regem in atrium: porro volumen commendaverunt in gazophylacio Elisam scrib, et nuntiaverunt, audiente rege, omnes sermones.		And they went in to the king into the court, but they laid up the roll in the chamber of Elishama the scribe, and told all the words in the ears of the king.
Jer	36	21	וַיִּשְׁלַח הַמֶּלֶךְ אֶת־יְהוּדִי לָקַחַת אֶת־הַמְּגִלָּה וַיִּקָּחֶהָ מִלִּשְׁכַּת אֱלִישָׁמָע הַסֹּפֵר וַיִּקְרָאֶהָ יְהוּדִי בְּאָזְנֵי הַמֶּלֶךְ וּבְאָזְנֵי כָּל־הַשָּׂרִים הָעֹמְדִים מֵעַל הַמֶּלֶךְ ׃	οὕτως εἶπεν Κύριος ἐπὶ Ἀχιὰβ καὶ ἐπὶ Σεδεκίαν Ἰδοὺ ἐγὼ δίδωμι αὐτοὺς εἰς χεῖρας βασιλέως Βαβυλῶνος, καὶ πατάξει αὐτοὺς κατʼ ὀφθαλμοὺς ὑμῶν.	misitque rex Iudi ut sumeret volumen qui tollens illud de gazofilacio Elisamae scribae legit audiente rege et universis principibus qui stabant circa regem	Misitque rex Judi ut sumeret volumen: qui tollens illud de gazophylacio Elisam scrib, legit, audiente rege et universis principibus qui stabant circa regem.		So the king sent Jehudi to fetch the roll: and he took it out of Elishama the scribe's chamber. And Jehudi read it in the ears of the king, and in the ears of all the princes which stood beside the king.
Jer	36	22	וְהַמֶּלֶךְ יוֹשֵׁב בֵּית הַחֹרֶף בַּחֹדֶשׁ הַתְּשִׁיעִי וְאֶת־הָאָח לְפָנָיו מְבֹעָרֶת ׃	καὶ λήμψονται ἀτ᾿ αὐτῶν κατάραν ἐν πάσῃ τῇ ἀποικίᾶ Ἰούδα ἐν Βαβυλῶνι λέγοντες Ποιήσαι σε Κύριος ὡς Σεδεκίαν ἐποίησεν καὶ ὡς Ἀχιάβ, οὕς ἀπετηγάνισεν βασιλεὺς Βαβυλῶνος ἐν πυρί,	rex autem sedebat in domo hiemali in mense nono et posita erat arula coram eo plena prunis	Rex autem sedebat in domo hiemali, in mense nono, et posita erat arula coram eo plena prunis.		Now the king sat in the winterhouse in the ninth month: and there was a fire on the hearth burning before him.
Jer	36	23	וַיְהִי כִּקְרוֹא יְהוּדִי שָׁלֹשׁ דְּלָתוֹת וְאַרְבָּעָה יִקְרָעֶהָ בְּתַעַר הַסֹּפֵר וְהַשְׁלֵךְ אֶל־הָאֵשׁ אֲשֶׁר אֶל־הָאָח עַד־תֹּם כָּל־הַמְּגִלָּה עַל־הָאֵשׁ אֲשֶׁר עַל־הָאָח ׃	δι᾿ ἣν ἐποίησαν ἀνομίαν ἐν Ἰσραήλ, καὶ ἐμοιχῶντο τὰς γυναῖκας τῶν πολιτῶν αὐτῶν, καὶ λόγον ἐχρημάτισαν ἐν τῷ ὀνόματί μου ὃν οὐ συνέταξζ αὐτοῖς, καὶ ἐγὼ μάρτυς, φησὶν Κύριος.	cumque legisset Iudi tres pagellas vel quattuor scidit illud scalpello scribae et proiecit in igne qui erat super arulam donec consumeretur omne volumen igni qui erat in arula	Cumque legisset Judi tres pagellas vel quatuor, scidit illud scalpello scrib, et projecit in ignem qui erat super arulam, donec consumeretur omne volumen igni qui erat in arula.		And it came to pass, that when Jehudi had read three or four leaves, he cut it with the penknife, and cast it into the fire that was on the hearth, until all the roll was consumed in the fire that was on the hearth.
Jer	36	24	וְלֹא פָחֲדוּ וְלֹא קָרְעוּ אֶת־בִּגְדֵיהֶם הַמֶּלֶךְ וְכָל־עֲבָדָיו הַשֹּׁמְעִים אֵת כָּל־הַדְּבָרִים הָאֵלֶּה ׃	Καί πρὸς Σαμαίαν τὸν Αἰλαμείτην ἐρεῖς	et non timuerunt neque sciderunt vestimenta sua rex et omnes servi eius qui audierunt universos sermones istos	Et non timuerunt, neque sciderunt vestimenta sua, rex et omnes servi ejus qui audierunt universos sermones istos.		Yet they were not afraid, nor rent their garments, neither the king, nor any of his servants that heard all these words.
Jer	36	25	וְגַם אֶלְנָתָן וּדְלָיָהוּ וּגְמַרְיָהוּ הִפְגִּעוּ בַמֶּלֶךְ לְבִלְתִּי שְׂרֹף אֶת־הַמְּגִלָּה וְלֹא שָׁמַע אֲלֵיהֶם ׃	Οὐκ ἀπέστειλά σε τῷ ὀνόματί μου. καὶ πρὸς Σοφονίαν νἱὸν Μαασίου τὸν ἱερέα εἰπέ	verumtamen Elnathan et Dalaias et Gamarias contradixerunt regi ne conbureret librum et non audivit eos	Verumtamen Elnathan, et Dalaias, et Gamarias, contradixerunt regi, ne combureret librum: et non audivit eos.		Nevertheless Elnathan and Delaiah and Gemariah had made intercession to the king that he would not burn the roll: but he would not hear them.
Jer	36	26	וַיְצַוֶּה הַמֶּלֶךְ אֶת־יְרַחְמְאֵל בֶּן־הַמֶּלֶךְ וְאֶת־שְׂרָיָהוּ בֶן־עַזְרִיאֵל וְאֶת־שֶׁלֶמְיָהוּ בֶּן־עַבְדְּאֵל לָקַחַת אֶת־בָּרוּךְ הַסֹּפֵר וְאֵת יִרְמְיָהוּ הַנָּבִיא וַיַּסְתִּרֵם יְהוָה ׃ ס	Κύριος ἔδωκέν σε εἰς ἱερέα ἀντὶ Ἰωδᾶε τοῦ ἱερέως, γενέσθαι ἐνιστάτην ἐν τῷ οἴκῳ Κυρίου παντὶ ἀνθρώπῳω προφητεύοντι καὶ παντὶ ἀνθρώπῳ μαινομένῳ, καὶ δώσεις αὐτὸν εἰς τὸ ἀπόκλεισμα καὶ εἰς τὸν καταράκτην.	et praecepit rex Hieremahel filio Ammelech et Saraiae filio Ezrihel et Selemiae filio Abdehel ut conprehenderent Baruch scribam et Hieremiam prophetam abscondit autem eos Dominus	Et prcepit rex Jeremiel filio Amelech, et Sarai filio Ezriel, et Selemi filio Abdeel, ut comprehenderent Baruch scribam, et Jeremiam prophetam: abscondit autem eos Dominus.		But the king commanded Jerahmeel the son of Hammelech, and Seraiah the son of Azriel, and Shelemiah the son of Abdeel, to take Baruch the scribe and Jeremiah the prophet: but the Lord hid them.
Jer	36	27	וַיְהִי דְבַר־יְהוָה אֶל־יִרְמְיָהוּ אַחֲרֵי שְׂרֹף הַמֶּלֶךְ אֶת־הַמְּגִלָּה וְאֶת־הַדְּבָרִים אֲשֶׁר כָּתַב בָּרוּךְ מִפִּי יִרְמְיָהוּ לֵאמֹר ׃	καὶ νῦν διὰ τί συνελοιδορήσατε Ἰερεμίαν τὸν ἐξ Ἀναθὼθ τὸν προφητεύσαντα ὑμῖν;	et factum est verbum Domini ad Hieremiam postquam conbuserat rex volumen et sermones quos scripserat Baruch ex ore Hieremiae dicens	Et factum est verbum Domini ad Jeremiam prophetam, postquam combusserat rex volumen et sermones quos scripserat Baruch ex ore Jeremi, dicens:		Then the word of the Lord came to Jeremiah, after that the king had burned the roll, and the words which Baruch wrote at the mouth of Jeremiah, saying,
Jer	36	28	שׁוּב קַח־לְךָ מְגִלָּה אַחֶרֶת וּכְתֹב עָלֶיהָ אֵת כָּל־הַדְּבָרִים הָרִאשֹׁנִים אֲשֶׁר הָיוּ עַל־הַמְּגִלָּה הָרִאשֹׁנָה אֲשֶׁר שָׂרַף יְהוֹיָקִים מֶלֶךְ־יְהוּדָה ׃	οὐ διὰ τοῦτο ἀπέστειλεν πρὸς ὑμᾶς εἰς Βαβυλῶνα λέγων Μακράν ἐστιν, οἰκοδομήσατε οἰκίας καὶ κατοικήσατε, καὶ φυτεύσατε κήπους καὶ φάγεσθε τὸν καρπὸν αὐτῶν;	rursum tolle volumen aliud et scribe in eo omnes sermones priores qui erant in volumine primo quod conbusit Ioachim rex Iuda	Rursum tolle volumen aliud, et scribe in eo omnes sermones priores qui erant in primo volumine, quod combussit Joakim rex Juda.		Take thee again another roll, and write in it all the former words that were in the first roll, which Jehoiakim the king of Judah hath burned.
Jer	36	29	וְעַל־יְהוֹיָקִים מֶלֶךְ־יְהוּדָה תֹאמַר כֹּה אָמַר יְהוָה אַתָּה שָׂרַפְתָּ אֶת־הַמְּגִלָּה הַזֹּאת לֵאמֹר מַדּוּעַ כָּתַבְתָּ עָלֶיהָ לֵאמֹר בֹּא־יָבוֹא מֶלֶךְ־בָּבֶל וְהִשְׁחִית אֶת־הָאָרֶץ הַזֹּאת וְהִשְׁבִּית מִמֶּנָּה אָדָם וּבְהֵמָה ׃ ס	καὶ ἀνέγνω Σοφονίας τὸ βιβλίον εἰς τὰ ὦτα Ἰερεμίου.	et ad Ioachim regem Iuda dices haec dicit Dominus tu conbusisti volumen illud dicens quare scripsisti in eo adnuntians festinus veniet rex Babylonis et vastabit terram hanc et cessare faciet ex illa hominem et iumentum	Et ad Joakim regem Juda dices: Hc dicit Dominus: Tu combussisti volumen illud, dicens: Quare scripsisti in eo annuntians: Festinus veniet rex Babylonis, et vastabit terram hanc, et cessare faciet ex illa hominem et jumentum?		And thou shalt say to Jehoiakim king of Judah, Thus saith the Lord; Thou hast burned this roll, saying, Why hast thou written therein, saying, The king of Babylon shall certainly come and destroy this land, and shall cause to cease from thence man and beast?
Jer	36	30	לָכֵן כֹּה־אָמַר יְהוָה עַל־יְהוֹיָקִים מֶלֶךְ יְהוּדָה לֹא־יִהְיֶה־לּוֹ יוֹשֵׁב עַל־כִּסֵּא דָוִד וְנִבְלָתוֹ תִּהְיֶה מֻשְׁלֶכֶת לַחֹרֶב בַּיּוֹם וְלַקֶּרַח בַּלָּיְלָה ׃	καὶ ἐγένετο λόγος Κυρίου πρὸς Ἰερεμίαν λέγων	propterea haec dicit Dominus contra Ioachim regem Iuda non erit ex eo qui sedeat super solium David et cadaver eius proicietur ad aestum per diem et ad gelu per noctem	Propterea hc dicit Dominus contra Joakim regem Juda: Non erit ex eo qui sedeat super solium David: et cadaver ejus projicietur ad stum per diem, et ad gelu per noctem.		Therefore thus saith the Lord of Jehoiakim king of Judah; He shall have none to sit upon the throne of David: and his dead body shall be cast out in the day to the heat, and in the night to the frost.
Jer	36	31	וּפָקַדְתִּי עָלָיו וְעַל־זַרְעוֹ וְעַל־עֲבָדָיו אֶת־עֲוֹנָם וְהֵבֵאתִי עֲלֵיהֶם וְעַל־יֹשְׁבֵי יְרוּשָׁלַםִ וְאֶל־אִישׁ יְהוּדָה אֵת כָּל־הָרָעָה אֲשֶׁר־דִּבַּרְתִּי אֲלֵיהֶם וְלֹא שָׁמֵעוּ ׃ ס	Ἀπόστειλον πρὸς τὴν ἀποικίαν λέγων Οὕτως εἶπεν Κύριος ἐπὶ Σαμαίαν τὸν Αἰλαμείτην Ἐπειδὴ ἐπροφήτευσεν ὑμῖν Σαμαίας καὶ ἐγὼ οὐκ ἀπέστειλα αὐτόν, καὶ πεποιθέναι ἐποίησεν ὑμᾶς ἐπ᾿ ἀδίκοις,	et visitabo contra eum et contra semen eius et contra servos eius iniquitates suas et adducam super eos et super habitatores Hierusalem et super viros Iuda omne malum quod locutus sum ad eos et non audierunt	Et visitabo contra eum, et contra semen ejus, et contra servos ejus, iniquitates suas: et adducam super eos, et super habitatores Jerusalem, et super viros Juda, omne malum quod locutus sum ad eos, et non audierunt.		And I will punish him and his seed and his servants for their iniquity; and I will bring upon them, and upon the inhabitants of Jerusalem, and upon the men of Judah, all the evil that I have pronounced against them; but they hearkened not.
Jer	36	32	וְיִרְמְיָהוּ לָקַח מְגִלָּה אַחֶרֶת וַיִּתְּנָהּ אֶל־בָּרוּךְ בֶּן־נֵרִיָּהוּ הַסֹּפֵר וַיִּכְתֹּב עָלֶיהָ מִפִּי יִרְמְיָהוּ אֵת כָּל־דִּבְרֵי הַסֵּפֶר אֲשֶׁר שָׂרַף יְהוֹיָקִים מֶלֶךְ־יְהוּדָה בָּאֵשׁ וְעוֹד נוֹסַף עֲלֵיהֶם דְּבָרִים רַבִּים כָּהֵמָּה ׃ ס	διὰ τοῦτο οὕτως εἶπεν Κύριος Ἰδοὺ ἐγὼ ἐπισκέψομαι ἐπὶ Σαμαίαν καὶ ἐπὶ τὸ γένος αὐτοῦ, καὶ οὐκ ἔσται αὐτῶν ἄνθρωπος ἐν μέσῳ ὑμῶν τοῦ ἰδεῖν τὰ ἀγαθὰ ἃ ἐγὼ ποιήσω ὑμῖω. οὐκ ὄψονται.	Hieremias autem tulit volumen aliud et dedit illud Baruch filio Neriae scribae qui scripsit in eo ex ore Hieremiae omnes sermones libri quem conbuserat Ioachim rex Iuda igni et insuper additi sunt sermones multo plures quam ante fuerant	Jeremias autem tulit volumen aliud, et dedit illud Baruch filio Neri scrib: qui scripsit in eo ex ore Jeremi omnes sermones libri quem combusserat Joakim rex Juda igni: et insuper additi sunt sermones multo plures quam antea fuerant.		Then took Jeremiah another roll, and gave it to Baruch the scribe, the son of Neriah; who wrote therein from the mouth of Jeremiah all the words of the book which Jehoiakim king of Judah had burned in the fire: and there were added besides unto them many like words.
Jer	37	1	וַיִּמְלָךְ־מֶלֶךְ צִדְקִיָּהוּ בֶּן־יֹאשִׁיָּהוּ תַּחַת כָּנְיָהוּ בֶּן־יְהוֹיָקִים אֲשֶׁר הִמְלִיךְ נְבוּכַדְרֶאצַּר מֶלֶךְ־בָּבֶל בְּאֶרֶץ יְהוּדָה ׃	Ὁ λόγος ὁ γενόμενος πρὸς Ἰερεμίαν παρὰ Κυρίου εἰπεῖν	et regnavit rex Sedecias filius Iosiae pro Iechonia filio Ioachim quem constituit regem Nabuchodonosor rex Babylonis in terra Iuda	Et regnavit rex Sedecias filius Josi pro Jechonia filio Joakim, quem constituit regem Nabuchodonosor rex Babylonis in terra Juda:		And king Zedekiah the son of Josiah reigned instead of Coniah the son of Jehoiakim, whom Nebuchadrezzar king of Babylon made king in the land of Judah.
Jer	37	2	וְלֹא שָׁמַע הוּא וַעֲבָדָיו וְעַם הָאָרֶץ אֶל־דִּבְרֵי יְהוָה אֲשֶׁר דִּבֶּר בְּיַד יִרְמְיָהוּ הַנָּבִיא ׃	Οὕτως εἶπεν Κύριος ὁ θεὸς Ἰσραὴλ λέγων Γράψον πάντας τοὺς λόγους οὓς ἐχρημάτισα πρὸς σὲ ἐπὶ βιβλίου.	et non oboedivit ipse et servi eius et populus terrae verbis Domini quae locutus est in manu Hieremiae prophetae	et non obedivit ipse, et servi ejus, et populus terr, verbis Domini, qu locutus est in manu Jeremi prophet.		But neither he, nor his servants, nor the people of the land, did hearken unto the words of the Lord, which he spake by the prophet Jeremiah.
Jer	37	3	וַיִּשְׁלַח הַמֶּלֶךְ צִדְקִיָּהוּ אֶת־יְהוּכַל בֶּן־שֶׁלֶמְיָה וְאֶת־צְפַנְיָהוּ בֶן־מַעֲשֵׂיָה הַכֹּהֵן אֶל־יִרְמְיָהוּ הַנָּבִיא לֵאמֹר הִתְפַּלֶּל־נָא בַעֲדֵנוּ אֶל־יְהוָה אֱלֹהֵינוּ ׃	ὅτι ἰδοὺ ἡμέραι ἔρχονται, φησὶν Κύριος, καὶ ἀποστρέψω τὴν ἀποικίαν λαοῦ μου Ἰσραὴλ καὶ Ἰουδά, εἶπεν Κύριος, καὶ ἀποστρέψω αὐτοὺς εἰς τὴν γῆν ἣν ἔδωκα τοῖς πατράσιν αὐτῶν, καὶ κυριεύσουσιν αὐτῆς.	et misit rex Sedecias Iuchal filium Selemiae et Sophoniam filium Maasiae sacerdotem ad Hieremiam prophetam dicens ora pro nobis Dominum Deum nostrum	Et misit rex Sedecias Juchal filium Selemi, et Sophoniam filium Maasi, sacerdotem, ad Jeremiam prophetam, dicens: Ora pro nobis Dominum Deum nostrum.		And Zedekiah the king sent Jehucal the son of Shelemiah and Zephaniah the son of Maaseiah the priest to the prophet Jeremiah, saying, Pray now unto the Lord our God for us.
Jer	37	4	וְיִרְמְיָהוּ בָּא וְיֹצֵא בְּתוֹךְ הָעָם וְלֹא־נָתְנוּ אֹתוֹ בֵּית הַכְּלִיא ׃	Καὶ οὔτοι οἱ λόγοι οὕς ἐλάλησεν Κύριος ἐπὶ Ἰσραὴλ καὶ Ἰουδά.	Hieremias autem libere ambulabat in medio populi non enim miserant eum in custodiam carceris igitur exercitus Pharao egressus est Aegyptum et audientes Chaldei qui obsidebant Hierusalem huiuscemodi nuntium recesserunt ab Hierusalem	Jeremias autem libere ambulabat in medio populi: non enim miserant eum in custodiam carceris. Igitur exercitus Pharaonis egressus est de gypto, et audientes Chaldi, qui obsidebant Jerusalem, hujuscemodi nuntium, recesserunt ab Jerusalem.		Now Jeremiah came in and went out among the people: for they had not put him into prison.
Jer	37	5	וְחֵיל פַּרְעֹה יָצָא מִמִּצְרָיִם וַיִּשְׁמְעוּ הַכַּשְׂדִּים הַצָּרִים עַל־יְרוּשָׁלִַם אֶת־שִׁמְעָם וַיֵּעָלוּ מֵעַל יְרוּשָׁלִָם ׃ פ	Οὕτως εἶπεν Κύριος Φωνὴν φόβου ἀκούσεσθε· φόβος, καὶ οὐκ ἔστιν εἰρήνη.	et factum est verbum Domini ad Hieremiam prophetam dicens	Et factum est verbum Domini ad Jeremiam prophetam, dicens:		Then Pharaoh's army was come forth out of Egypt: and when the Chaldeans that besieged Jerusalem heard tidings of them, they departed from Jerusalem.
Jer	37	6	וַיְהִי דְּבַר־יְהוָה אֶל־יִרְמְיָהוּ הַנָּבִיא לֵאמֹר ׃	ἐρωτήσατε καὶ ἴδετε εἰ ἔτεκεν ἄρσεν καὶ περὶ φόβου ἐν ᾧ καθέξουσιν ὀσφὺν καὶ σωτηρίαν ; διότι ἑώρακα πάντα ἄνθρωπον καὶ αἱ χεῖρες αὐτοῦ ἐπὶ τῆς ὀσφύος αὐτοῦ, ἐστράφησαν πρόσωπα εἰς ἴκτερον ἐγενήθη.	haec dicit Dominus Deus Israhel sic dicetis regi Iuda qui misit vos ad me ad interrogandum ecce exercitus Pharaonis qui egressus est vobis in auxilium revertetur in terram suam in Aegyptum	Hc dicit Dominus Deus Isral: Sic dicetis regi Juda, qui misit vos ad me interrogandum: Ecce exercitus Pharaonis, qui egressus est vobis in auxilium, revertetur in terram suam in gyptum:		Then came the word of the Lord unto the prophet Jeremiah saying,
Jer	37	7	כֹּה־אָמַר יְהוָה אֱלֹהֵי יִשְׂרָאֵל כֹּה תֹאמְרוּ אֶל־מֶלֶךְ יְהוּדָה הַשֹּׁלֵחַ אֶתְכֶם אֵלַי לְדָרְשֵׁנִי הִנֵּה חֵיל פַּרְעֹה הַיֹּצֵא לָכֶם לְעֶזְרָה שָׁב לְאַרְצוֹ מִצְרָיִם ׃	ὅτι μεγάλη ἡ ἡμέρα ἐκείνη καὶ οὐκ ἔστιν τοιαύτη, καὶ χρόνος στενός ἐστιν τῷ Ἰακώβ,	et redient Chaldei et bellabunt contra civitatem hanc et capient eam et incendent igni	et redient Chaldi, et bellabunt contra civitatem hanc, et capient eam, et succendent eam igni.		Thus saith the Lord, the God of Israel; Thus shall ye say to the king of Judah, that sent you unto me to enquire of me; Behold, Pharaoh's army, which is come forth to help you, shall return to Egypt into their own land.
Jer	37	8	וְשָׁבוּ הַכַּשְׂדִּים וְנִלְחֲמוּ עַל־הָעִיר הַזֹּאת וּלְכָדֻהָ וּשְׂרָפֻהָ בָאֵשׁ ׃ ס	καὶ ἀπὸ τούτου σωθήσεται. ἐν τῇ ἡμέρᾳ ἐκείνῃ, εἶπεν Κύριος, συντρίψω τὸν ζυγὸν ἀπὸ τοῦ τραχήλου αὐτῶν καὶ τοὺς δεσμοὺς αὐτῶν διαρρήξω, καὶ οὐκ ἐργῶνται αὐτοὶ ἀλλοτρίοις,	haec dicit Dominus nolite decipere animas vestras dicentes euntes abibunt et recedent a nobis Chaldei quia non abibunt	Hc dicit Dominus: Nolite decipere animas vestras, dicentes: Euntes abibunt, et recedent a nobis Chaldi: quia non abibunt.		And the Chaldeans shall come again, and fight against this city, and take it, and burn it with fire.
Jer	37	9	כֹּה אָמַר יְהוָה אַל־תַּשִּׁאוּ נַפְשֹׁתֵיכֶם לֵאמֹר הָלֹךְ יֵלְכוּ מֵעָלֵינוּ הַכַּשְׂדִּים כִּי־לֹא יֵלֵכוּ ׃	καὶ ἐργῶνται τῷ κυρίῳ θεῷ οὐτῶν, καὶ τὸν Δαυεὶδ βασιλέα αὐτῶν ἀναστήσω αὐτοῖς.	sed et si percusseritis omnem exercitum Chaldeorum qui proeliantur adversum vos et derelicti fuerint ex eis aliqui vulnerati singuli de tentorio suo consurgent et incendent civitatem hanc igni	Sed etsi percusseritis omnem exercitum Chaldorum qui prliantur adversum vos, et derelicti fuerint ex eis aliqui vulnerati, singuli de tentorio suo consurgent, et incendent civitatem hanc igni.		Thus saith the Lord; Deceive not yourselves, saying, The Chaldeans shall surely depart from us: for they shall not depart.
Jer	37	10	כִּי אִם־הִכִּיתֶם כָּל־חֵיל כַּשְׂדִּים הַנִּלְחָמִים אִתְּכֶם וְנִשְׁאֲרוּ בָם אֲנָשִׁים מְדֻקָּרִים אִישׁ בְּאָהֳלוֹ יָקוּמוּ וְשָׂרְפוּ אֶת־הָעִיר הַזֹּאת בָּאֵשׁ ׃		ergo cum recessisset exercitus Chaldeorum ab Hierusalem propter exercitum Pharaonis	Ergo cum recessisset exercitus Chaldorum ab Jerusalem, propter exercitum Pharaonis,		For though ye had smitten the whole army of the Chaldeans that fight against you, and there remained but wounded men among them, yet should they rise up every man in his tent, and burn this city with fire.
Jer	37	11	וְהָיָה בְּהֵעָלוֹת חֵיל הַכַּשְׂדִּים מֵעַל יְרוּשָׁלִָם מִפְּנֵי חֵיל פַּרְעֹה ׃ ס		egressus est Hieremias de Hierusalem ut iret in terram Beniamin et divideret ibi possessionem in conspectu civium	egressus est Jeremias de Jerusalem ut iret in terram Benjamin, et divideret ibi possessionem in conspectu civium.		And it came to pass, that when the army of the Chaldeans was broken up from Jerusalem for fear of Pharaoh's army,
Jer	37	12	וַיֵּצֵא יִרְמְיָהוּ מִירוּשָׁלִַם לָלֶכֶת אֶרֶץ בִּנְיָמִן לַחֲלִק מִשָּׁם בְּתוֹךְ הָעָם ׃	Οὕτως εἶπεν Κύριος Ἀνέστησα σύντριμμα, ἀλγηρὰ ἡ πληγή σου,	cumque pervenisset ad portam Beniamin erat ibi custos portae per vices nomine Hierias filius Selemiae filii Ananiae et adprehendit Hieremiam prophetam dicens ad Chaldeos profugis	Cumque pervenisset ad portam Benjamin, erat ibi custos port per vices, nomine Jerias filius Selemi filii Hanani, et apprehendit Jeremiam prophetam, dicens: Ad Chaldos profugis.		Then Jeremiah went forth out of Jerusalem to go into the land of Benjamin, to separate himself thence in the midst of the people.
Jer	37	13	וַיְהִי־הוּא בְּשַׁעַר בִּנְיָמִן וְשָׁם בַּעַל פְּקִדֻת וּשְׁמוֹ יִרְאִיָּיה בֶּן־שֶׁלֶמְיָה בֶּן־חֲנַנְיָה וַיִּתְפֹּשׂ אֶת־יִרְמְיָהוּ הַנָּבִיא לֵאמֹר אֶל־הַכַּשְׂדִּים אַתָּה נֹפֵל ׃	οὐκ ἔστιν κρίνων κρίσιν σου, εἰς ἀλγηρὸν ἰατρεύθης, ὠφελία σοι οὐκ ἔστιν.	et respondit Hieremias falsum est non fugio ad Chaldeos et non audivit eum sed conprehendit Hierias Hieremiam et adduxit eum ad principes	Et respondit Jeremias: Falsum est, non fugio ad Chaldos. Et non audivit eum, sed comprehendit Jerias Jeremiam, et adduxit eum ad principes:		And when he was in the gate of Benjamin, a captain of the ward was there, whose name was Irijah, the son of Shelemiah, the son of Hananiah; and he took Jeremiah the prophet, saying, Thou fallest away to the Chaldeans.
Jer	37	14	וַיֹּאמֶר יִרְמְיָהוּ שֶׁקֶר אֵינֶנִּי נֹפֵל עַל־הַכַּשְׂדִּים וְלֹא שָׁמַע אֵלָיו וַיִּתְפֹּשׂ יִרְאִיָּיה בְּיִרְמְיָהוּ וַיְבִאֵהוּ אֶל־הַשָּׂרִים ׃	πάντες οἱ φίλοι σου ἐπελάθοντό σου, οὐ μὴ ἐπερωτήσουσιν· ὅτι πληγὴν ἐχθροῦ ἔπαισά σε, παιδείαν στερεάν, ἐπὶ πᾶσαν ἀδικίαν σου ἐπλήθυναν αἱ ἁμαρτίαι σου.	quam ob rem irati principes contra Hieremiam caesum eum miserunt in carcerem qui erat in domo Ionathan scribae ipse enim praepositus erat super carcerem	quam ob rem irati principes contra Jeremiam, csum eum miserunt in carcerem, qui erat in domo Jonathan scrib: ipse enim prpositus erat super carcerem.		Then said Jeremiah, It is false; I fall not away to the Chaldeans. But he hearkened not to him: so Irijah took Jeremiah, and brought him to the princes.
Jer	37	15	וַיִּקְצְפוּ הַשָּׂרִים עַל־יִרְמְיָהוּ וְהִכּוּ אֹתוֹ וְנָתְנוּ אוֹתוֹ בֵּית הָאֵסוּר בֵּית יְהוֹנָתָן הַסֹּפֵר כִּי־אֹתוֹ עָשׂוּ לְבֵית הַכֶּלֶא ׃		itaque ingressus est Hieremias in domum laci et in ergastula et sedit ibi Hieremias diebus multis	Itaque ingressus est Jeremias in domum laci et in ergastulum: et sedit ibi Jeremias diebus multis.		Wherefore the princes were wroth with Jeremiah, and smote him, and put him in prison in the house of Jonathan the scribe: for they had made that the prison.
Jer	37	16	כִּי בָא יִרְמְיָהוּ אֶל־בֵּית הַבּוֹר וְאֶל־הַחֲנֻיוֹת וַיֵּשֶׁב־שָׁם יִרְמְיָהוּ יָמִים רַבִּים ׃ פ	διὰ τοῦτο πάντες οἱ ἔσθοντές σε βρωθήσονται, καὶ πάντες οἱ ἐχθροί σου κρέας αὐτῶν πᾶν ἔδονται· ἐπὶ πλῆθος ἀδικιῶν σου ἐπληθύνθησαν αἱ ἁμαρτίαι σου, ἐποίησαν ταῦτά σοι· καὶ ἔσονται οἱ διαφοροῦντές σε εἰς διαφόρημα, καὶ πάντας τοὺς προνομεύοντάς σε δώσω εἰς προνομήν.	mittens autem rex Sedecias tulit eum et interrogavit in domo sua abscondite et dixit putasne est sermo a Domino et dixit Hieremias est et ait in manu regis Babylonis traderis	Mittens autem Sedecias rex, tulit eum: et interrogavit eum in domo sua abscondite, et dixit: Putasne est sermo a Domino? Et dixit Jeremias: Est: et ait: In manus regis Babylonis traderis.		When Jeremiah was entered into the dungeon, and into the cabins, and Jeremiah had remained there many days;
Jer	37	17	וַיִּשְׁלַח הַמֶּלֶךְ צִדְקִיָּהוּ וַיִּקָּחֵהוּ וַיִּשְׁאָלֵהוּ הַמֶּלֶךְ בְּבֵיתוֹ בַּסֵּתֶר וַיֹּאמֶר הֲיֵשׁ דָּבָר מֵאֵת יְהוָה וַיֹּאמֶר יִרְמְיָהוּ יֵשׁ וַיֹּאמֶר בְּיַד מֶלֶךְ־בָּבֶל תִּנָּתֵן ׃ ס	ὅτι ἀνάξω τὸ ἴαμά σου, ἀπὸ πληγῆς ὀδυνηρᾶς ἰατρεύσω σε, φησὶν Κύριος· ὅτι ἐσπαρμένη ἐκλήθης· θήρευμα ὑμῶν ἐστίν, ὅτι ζητῶν οὐκ ἔστιν αὐτήν.	et dixit Hieremias ad regem Sedeciam quid peccavi tibi et servis tuis et populo tuo quia misisti me in domum carceris	Et dixit Jeremias ad regem Sedeciam: Quid peccavi tibi, et servis tuis, et populo tuo, quia misisti me in domum carceris?		Then Zedekiah the king sent, and took him out: and the king asked him secretly in his house, and said, Is there any word from the Lord? And Jeremiah said, There is: for, said he, thou shalt be delivered into the hand of the king of Babylon.
Jer	37	18	וַיֹּאמֶר יִרְמְיָהוּ אֶל־הַמֶּלֶךְ צִדְקִיָּהוּ מֶה חָטָאתִי לְךָ וְלַעֲבָדֶיךָ וְלָעָם הַזֶּה כִּי־נְתַתֶּם אוֹתִי אֶל־בֵּית הַכֶּלֶא ׃	οὕτως εἶπεν Κύριος Ἰδοὺ ἐγὼ ἀποστρέψω τὴν ἀποικίαν Ἰακώβ, καὶ αἰχμαλωσίαν αὐτοῦ ἐλεήσω· καὶ οἰκοδομηθήσεται πόλις ἐπὶ τὸ ὕψος αὐτῆς, καὶ ὁ λαὸς κατὰ τὸ κρίμα αὐτοῦ καθεδεῖται.	ubi sunt prophetae vestri qui prophetabant vobis et dicebant non veniet rex Babylonis super vos et super terram hanc	Ubi sunt prophet vestri, qui prophetabant vobis, et dicebant: Non veniet rex Babylonis super vos, et super terram hanc?		Moreover Jeremiah said unto king Zedekiah, What have I offended against thee, or against thy servants, or against this people, that ye have put me in prison?
Jer	37	19	וְאַיּוֹ נְבִיאֵיכֶם אֲשֶׁר־נִבְּאוּ לָכֶם לֵאמֹר לֹא־יָבֹא מֶלֶךְ־בָּבֶל עֲלֵיכֶם וְעַל הָאָרֶץ הַזֹּאת ׃	καὶ ἐξελεύσονται ἀπʼ αὐτῶν ἄδοντες, φωνὴ παιζόντων· καὶ πλεονάσω αὐτούς, καὶ οὐ μὴ ἐλαττωθῶσιν.	nunc ergo audi obsecro domine mi rex valeat deprecatio mea in conspectu tuo et ne me remittas in domum Ionathan scribae ne moriar ibi	Nunc ergo audi, obsecro, domine mi rex: valeat deprecatio mea in conspectu tuo, et ne me remittas in domum Jonathan scrib, ne moriar ibi.		Where are now your prophets which prophesied unto you, saying, The king of Babylon shall not come against you, nor against this land?
Jer	37	20	וְעַתָּה שְׁמַע־נָא אֲדֹנִי הַמֶּלֶךְ תִּפָּל־נָא תְחִנָּתִי לְפָנֶיךָ וְאַל־תְּשִׁבֵנִי בֵּית יְהוֹנָתָן הַסֹּפֵר וְלֹא אָמוּת שָׁם ׃	καὶ εἰσελεύσονται οἱ υἱοὶ αὐτῶν ὡς τὸ πρότερον, καὶ τὰ μαρτύρια αὐτῶν κατὰ πρόσωπόν μου ὀρθωωθήσεται· καὶ ἐπισκέψομαι τοὺς θλίβοντας αὐτούς,	praecepit ergo rex Sedecias ut traderetur Hieremias in vestibulo carceris et daretur ei torta panis cotidie excepto pulmento donec consumerentur omnes panes de civitate et mansit Hieremias in vestibulo carceris	Prcepit ergo rex Sedecias ut traderetur Jeremias in vestibulo carceris, et daretur ei torta panis quotidie, excepto pulmento, donec consumerentur omnes panes de civitate: et mansit Jeremias in vestibulo carceris.		Therefore hear now, I pray thee, O my lord the king: let my supplication, I pray thee, be accepted before thee; that thou cause me not to return to the house of Jonathan the scribe, lest I die there.
Jer	37	21	וַיְצַוֶּה הַמֶּלֶךְ צִדְקִיָּהוּ וַיַּפְקִדוּ אֶת־יִרְמְיָהוּ בַּחֲצַר הַמַּטָּרָה וְנָתֹן לוֹ כִכַּר־לֶחֶם לַיּוֹם מִחוּץ הָאֹפִים עַד־תֹּם כָּל־הַלֶּחֶם מִן־הָעִיר וַיֵּשֶׁב יִרְמְיָהוּ בַּחֲצַר הַמַּטָּרָה ׃	καὶ ἔσονται ἰσχυρότεροι αὐτοῦ ἐπʼ αὐτούς, καὶ ὁ ἄρχων αὐτοῦ ἐξ αὐτοῦ ἐξελεύσεται· καὶ συνάξω αὐτοὺς καὶ ἀποστρέψουσιν πρὸς μέ, ὅτι τίς ἐστιν οὗτος ὃς ἔδωκεν τὴν καρδίαν αὐτοῦ ἀποστρέψαι πρὸς μέ, φησὶν Κύριος;				Then Zedekiah the king commanded that they should commit Jeremiah into the court of the prison, and that they should give him daily a piece of bread out of the bakers' street, until all the bread in the city were spent. Thus Jeremiah remained in the court of the prison.
Jer	37	23		ὅτι ὀργὴ Κυρίου ἐξῆλθεν θυμώδης, ἐξῆλθεν ὀργὴ στρεφομένη, ἐπʼ ἀσεβεῖς ἤξει.				
Jer	37	24		οὐ μὴ ἀποστραφῇ ὀργὴ θυμοῦ Κυρίου ἕως ποιήσῃ, καὶ ἕως καταστήσῃ ἐγχείρημα καρδίας αὐτοῦ· ἐπʼ ἐσχάτων τῶν ἡμερῶν γνώσεσθε αὐτά.				
Jer	38	1	וַיִּשְׁמַע שְׁפַטְיָה בֶן־מַתָּן וּגְדַלְיָהוּ בֶּן־פַּשְׁחוּר וְיוּכַל בֶּן־שֶׁלֶמְיָהוּ וּפַשְׁחוּר בֶּן־מַלְכִּיָּה אֶת־הַדְּבָרִים אֲשֶׁר יִרְמְיָהוּ מְדַבֵּר אֶל־כָּל־הָעָם לֵאמֹר ׃ ס	(24)Ἐν τῷ χρόνῳ ἐκείνῳ, εἶπεν Κύριος, ἔσομαι εἰς θεὸν τῷ γένει Ἰσραήλ, καὶ αὐτοὶ ἔσονταί μοι εἰς λαόν.	audivit autem Saphatias filius Matthan et Gedelias filius Phassur et Iuchal filius Selemiae et Phassur filius Melchiae sermones quos Hieremias loquebatur ad omnem populum dicens	Audivit autem Saphatias filius Mathan, et Gedelias filius Phassur, et Juchal filius Selemi, et Phassur filius Melchi, sermones quos Jeremias loquebatur ad omnem populum, dicens:		Then Shephatiah the son of Mattan, and Gedaliah the son of Pashur, and Jucal the son of Shelemiah, and Pashur the son of Malchiah, heard the words that Jeremiah had spoken unto all the people, saying,
Jer	38	2	כֹּה אָמַר יְהוָה הַיֹּשֵׁב בָּעִיר הַזֹּאת יָמוּת בַּחֶרֶב בָּרָעָב וּבַדָּבֶר וְהַיֹּצֵא אֶל־הַכַּשְׂדִּים יִחְיֶה וְהָיְתָה־לּוֹ נַפְשׁוֹ לְשָׁלָל וָחָי ׃ ס	οὕτως εἶπεν Κύριος Εὗρον θερμὸν ἐν ἐρήμῳ μετὰ ὀλωλότων ἐν μαχαίρᾳ· βαδίσατε καὶ μὴ ὀλέσητε τὸν Ἰσραήλ.	haec dicit Dominus quicumque manserit in civitate hac morietur gladio et fame et peste qui autem profugerit ad Chaldeos vivet et erit anima eius sospes et vivens	Hc dicit Dominus: Quicumque manserit in civitate hac, morietur gladio, et fame, et peste: qui autem profugerit ad Chaldos, vivet, et erit anima ejus sospes et vivens.		Thus saith the Lord, He that remaineth in this city shall die by the sword, by the famine, and by the pestilence: but he that goeth forth to the Chaldeans shall live; for he shall have his life for a prey, and shall live.
Jer	38	3	כֹּה אָמַר יְהוָה הִנָּתֹן תִּנָּתֵן הָעִיר הַזֹּאת בְּיַד חֵיל מֶלֶךְ־בָּבֶל וּלְכָדָהּ ׃	Κύριος πόρρωθεν ὤφθη αὐτῷ. Ἀγάπησιν αἰώνιον ἠγάπησά σε, διὰ τοῦτο εἵλκυσά σε εἰς οἰκτείρημα.	haec dicit Dominus tradenda tradetur civitas haec in manu exercitus regis Babylonis et capiet eam	Hc dicit Dominus: Tradendo tradetur civitas hc in manu exercitus regis Babylonis, et capiet eam.		Thus saith the Lord, This city shall surely be given into the hand of the king of Babylon's army, which shall take it.
Jer	38	4	וַיֹּאמְרוּ הַשָּׂרִים אֶל־הַמֶּלֶךְ יוּמַת נָא אֶת־הָאִישׁ הַזֶּה כִּי־עַל־כֵּן הוּא־מְרַפֵּא אֶת־יְדֵי אַנְשֵׁי הַמִּלְחָמָה הַנִּשְׁאָרִים בָּעִיר הַזֹּאת וְאֵת יְדֵי כָל־הָעָם לְדַבֵּר אֲלֵיהֶם כַּדְּבָרִים הָאֵלֶּה כִּי הָאִישׁ הַזֶּה אֵינֶנּוּ דֹרֵשׁ לְשָׁלוֹם לָעָם הַזֶּה כִּי אִם־לְרָעָה ׃	ὅτι οἰκοδομήσω σε, καὶ οἰκοδομηθήσῃ παρθένος Ἰσραήλ· ἐπιλήμψει τύμπανόν σου καὶ ἐξελεύσῃ μετὰ συναγωγῆς παιζόντων.	et dixerunt principes regi rogamus ut occidatur homo iste de industria enim dissolvit manus virorum bellantium qui remanserunt in civitate hac et manus universi populi loquens ad eos iuxta verba haec siquidem homo hic non quaerit pacem populi huius sed malum	Et dixerunt principes regi: Rogamus ut occidatur homo iste: de industria enim dissolvit manus virorum bellantium qui remanserunt in civitate hac, et manus universi populi, loquens ad eos juxta verba hc: siquidem homo iste non qurit pacem populo huic, sed malum.		Therefore the princes said unto the king, We beseech thee, let this man be put to death: for thus he weakeneth the hands of the men of war that remain in this city, and the hands of all the people, in speaking such words unto them: for this man seeketh not the welfare of this people, but the hurt.
Jer	38	5	וַיֹּאמֶר הַמֶּלֶךְ צִדְקִיָּהוּ הִנֵּה־הוּא בְּיֶדְכֶם כִּי־אֵין הַמֶּלֶךְ יוּכַל אֶתְכֶם דָּבָר ׃	ὅτι ἐφυτεύσατε ἀμπελῶνας ἐν ὄρεσιν Σαμαρείας, φυτεύσατε καὶ αἰνέσατε,	et dixit rex Sedecias ecce ipse in manibus vestris est nec enim fas est regem vobis quicquam negare	Et dixit rex Sedecias: Ecce ipse in manibus vestris est: nec enim fas est regem vobis quidquam negare.		Then Zedekiah the king said, Behold, he is in your hand: for the king is not he that can do any thing against you.
Jer	38	6	וַיִּקְחוּ אֶת־יִרְמְיָהוּ וַיַּשְׁלִכוּ אֹתוֹ אֶל־הַבּוֹר מַלְכִּיָּהוּ בֶן־הַמֶּלֶךְ אֲשֶׁר בַּחֲצַר הַמַּטָּרָה וַיְשַׁלְּחוּ אֶת־יִרְמְיָהוּ בַּחֲבָלִים וּבַבּוֹר אֵין־מַיִם כִּי אִם־טִיט וַיִּטְבַּע יִרְמְיָהוּ בַּטִּיט ׃ ס	ὅτι ἔστιν ἡμέρα κλήσεως ἀπολογουμένων ἐν ὄρεσιν Ἐφράιμ Ἀνάστητε καὶ ἀνάβητε εἰς Σειὼν πρὸς Κύριον τὸν θεὸν ἡμῶν.	tulerunt ergo Hieremiam et proiecerunt eum in lacu Melchiae filii Ammelech qui erat in vestibulo carceris et submiserunt Hieremiam in funibus et in lacum non erat aqua sed lutum descendit itaque Hieremias in caenum	Tulerunt ergo Jeremiam, et projecerunt eum in lacum Melchi filii Amelech, qui erat in vestibulo carceris: et submiserunt Jeremiam funibus in lacum, in quo non erat aqua, sed lutum: descendit itaque Jeremias in cnum.		Then took they Jeremiah, and cast him into the dungeon of Malchiah the son of Hammelech, that was in the court of the prison: and they let down Jeremiah with cords. And in the dungeon there was no water, but mire: so Jeremiah sunk in the mire.
Jer	38	7	וַיִּשְׁמַע עֶבֶד־מֶלֶךְ הַכּוּשִׁי אִישׁ סָרִיס וְהוּא בְּבֵית הַמֶּלֶךְ כִּי־נָתְנוּ אֶת־יִרְמְיָהוּ אֶל־הַבּוֹר וְהַמֶּלֶךְ יוֹשֵׁב בְּשַׁעַר בִּנְיָמִן ׃	ὅτι οὕτως εἶπεν Κύριος τῷ Ἰακώβ Ευφράνθητε καὶ χρεμετίσατε ἐπὶ κεφαλὴν ἐθνῶν, ἀκουστὰ ποιήσατε καὶ αἰνέσατε· εἴπατε Ἔσωσεν Κύριος τὸν λαὸν αὐτοῦ, τὸ κατάλοιπον τοῦ Ἰσραήλ.	audivit autem Abdemelech Aethiops vir eunuchus qui erat in domo regis quod misissent Hieremiam in lacum porro rex sedebat in porta Beniamin	Audivit autem Abdemelech thiops, vir eunuchus, qui erat in domo regis, quod misissent Jeremiam in lacum. Porro rex sedebat in porta Benjamin:		Now when Ebedmelech the Ethiopian, one of the eunuchs which was in the king's house, heard that they had put Jeremiah in the dungeon; the king then sitting in the gate of Benjamin;
Jer	38	8	וַיֵּצֵא עֶבֶד־מֶלֶךְ מִבֵּית הַמֶּלֶךְ וַיְדַבֵּר אֶל־הַמֶּלֶךְ לֵאמֹר ׃	ἰδοὺ ἐγὼ ἄγω αὐτοὺς ἀπὸ βορρᾶ, καὶ συνάξω αὐτοὺς ἀπʼ ἐσχάτου τῆς γῆς ἐν ἑορτῇ φάσεκ· καὶ τεκνοποιήσῃ ὄχλον πολύν, καὶ ἀποστρέψουσιν ὧδε.	et egressus est Abdemelech de domo regis et locutus est ad regem dicens	et egressus est Abdemelech de domo regis, et locutus est ad regem, dicens:		Ebedmelech went forth out of the king's house, and spake to the king saying,
Jer	38	9	אֲדֹנִי הַמֶּלֶךְ הֵרֵעוּ הָאֲנָשִׁים הָאֵלֶּה אֵת כָּל־אֲשֶׁר עָשׂוּ לְיִרְמְיָהוּ הַנָּבִיא אֵת אֲשֶׁר־הִשְׁלִיכוּ אֶל־הַבּוֹר וַיָּמָת תַּחְתָּיו מִפְּנֵי הָרָעָב כִּי אֵין הַלֶּחֶם עוֹד בָּעִיר ׃	ἐν κλαυθμῷ ἐξῆλθον, καὶ ἐν παρακλήσει ἀνάξω αὐτούς, αὐλίζων ἐπὶ διώρυγας ὑδάτων ἐν ὁδῷ ὀρθῇ, καὶ οὐ μὴ πλανηθῶσιν ἐν αὐτῇ· ὅτι ἐγενόμην τῷ Ἰσραὴλ εἰς πατέρα, καὶ Ἐφράιμ πρωτότοκός μού ἐστιν.	domine mi rex malefecerunt viri isti omnia quaecumque perpetrarunt contra Hieremiam prophetam mittentes eum in lacum ut moriatur ibi fame non sunt enim panes ultra in civitate	Domine mi rex, male fecerunt viri isti omnia qucumque perpetrarunt contra Jeremiam prophetam, mittentes eum in lacum, ut moriatur ibi fame: non sunt enim panes ultra in civitate.		My lord the king, these men have done evil in all that they have done to Jeremiah the prophet, whom they have cast into the dungeon; and he is like to die for hunger in the place where he is: for there is no more bread in the city.
Jer	38	10	וַיְצַוֶּה הַמֶּלֶךְ אֵת עֶבֶד־מֶלֶךְ הַכּוּשִׁי לֵאמֹר קַח בְּיָדְךָ מִזֶּה שְׁלֹשִׁים אֲנָשִׁים וְהַעֲלִיתָ אֶת־יִרְמְיָהוּ הַנָּבִיא מִן־הַבּוֹר בְּטֶרֶם יָמוּת ׃	Ἀκούσατε λόγους Κυρίου, ἔθνη, καὶ ἀναγγείλατε εἰς νήσους τὰς μακρότερον· εἴπατε Ὁ λικμήσας τὸν Ἰσραὴλ συνάξει αὐτόν, καὶ φυλάξει αὐτὸν ὡς ὁ βόσκων ποίμνιον αὐτοῦ.	praecepit itaque rex Abdemelech Aethiopi dicens tolle tecum hinc triginta viros et leva Hieremiam prophetam de lacu antequam moriatur	Prcepit itaque rex Abdemelech thiopi, dicens: Tolle tecum hinc triginta viros, et leva Jeremiam prophetam de lacu, antequam moriatur.		Then the king commanded Ebedmelech the Ethiopian, saying, Take from hence thirty men with thee, and take up Jeremiah the prophet out of the dungeon, before he die.
Jer	38	11	וַיִּקַּח עֶבֶד־מֶלֶךְ אֶת־הָאֲנָשִׁים בְּיָדוֹ וַיָּבֹא בֵית־הַמֶּלֶךְ אֶל־תַּחַת הָאוֹצָר וַיִּקַּח מִשָּׁם בְּלוֹיֵ הַסְּחָבוֹת וּבְלוֹיֵ מְלָחִים וַיְשַׁלְּחֵם אֶל־יִרְמְיָהוּ אֶל־הַבּוֹר בַּחֲבָלִים ׃	ὅτι ἐλυτρώσατο Κύριος τὸν Ἰακώβ, ἐξείλατο αὐτὸν ἐκ χειρὸς στερεωτέρων αὐτοῦ.	adsumptis ergo Abdemelech secum viris ingressus est domum regis quae erat sub cellario et tulit inde veteres pannos et antiqua quae conputruerant et submisit ea ad Hieremiam in lacum per funiculos	Assumptis ergo Abdemelech secum viris, ingressus est domum regis, qu erat sub cellario, et tulit inde veteres pannos, et antiqua qu computruerant, et submisit ea ad Jeremiam in lacum per funiculos.		So Ebedmelech took the men with him, and went into the house of the king under the treasury, and took thence old cast clouts and old rotten rags, and let them down by cords into the dungeon to Jeremiah.
Jer	38	12	וַיֹּאמֶר עֶבֶד־מֶלֶךְ הַכּוּשִׁי אֶל־יִרְמְיָהוּ שִׂים נָא בְּלוֹאֵי הַסְּחָבוֹת וְהַמְּלָחִים תַּחַת אַצִּלוֹת יָדֶיךָ מִתַּחַת לַחֲבָלִים וַיַּעַשׂ יִרְמְיָהוּ כֵּן ׃	καὶ ἥξουσιν καὶ εὐφρανθήσονται ἐν τῷ ὄρει Σειών, καὶ ἥξουσιν ἐπʼ ἀγαθὰ Κυρίου, ἐπὶ γῆν σίτου καὶ οἴνου καὶ καρπῶν καὶ κτηνῶν καὶ προβάτων· καὶ ἔσται ἡ ψυχὴ αὐτῶν ὥσπερ ξύλον ἔνκαρπον, καὶ οὐ πεινάσουσιν ἔτι.	dixitque Abdemelech Aethiops ad Hieremiam pone veteres pannos et haec scissa et putrida sub cubitu manuum tuarum et subter funes fecit ergo Hieremias sic	Dixitque Abdemelech thiops ad Jeremiam: Pone veteres pannos, et hc scissa et putrida, sub cubito manuum tuarum, et super funes. Fecit ergo Jeremias sic,		And Ebedmelech the Ethiopian said unto Jeremiah, Put now these old cast clouts and rotten rags under thine armholes under the cords. And Jeremiah did so.
Jer	38	13	וַיִּמְשְׁכוּ אֶת־יִרְמְיָהוּ בַּחֲבָלִים וַיַּעֲלוּ אֹתוֹ מִן־הַבּוֹר וַיֵּשֶׁב יִרְמְיָהוּ בַּחֲצַר הַמַּטָּרָה ׃ ס	τότε χαρήσονται παρθένοι ἐν συναγωγῇ νεανίσκων, καὶ πρεσβῦται χαρήσονται, καὶ στρέψω τὸ πένθος αὐτῶν εἰς χαρμονήν, καὶ ποιήσω αὐτοὺς εὐφραινομένους.	et extraxerunt Hieremiam funibus et eduxerunt eum de lacu mansit autem Hieremias in vestibulo carceris	et extraxerunt Jeremiam funibus, et eduxerunt eum de lacu: mansit autem Jeremias in vestibulo carceris.		So they drew up Jeremiah with cords, and took him up out of the dungeon: and Jeremiah remained in the court of the prison.
Jer	38	14	וַיִּשְׁלַח הַמֶּלֶךְ צִדְקִיָּהוּ וַיִּקַּח אֶת־יִרְמְיָהוּ הַנָּבִיא אֵלָיו אֶל־מָבוֹא הַשְּׁלִישִׁי אֲשֶׁר בְּבֵית יְהוָה וַיֹּאמֶר הַמֶּלֶךְ אֶל־יִרְמְיָהוּ שֹׁאֵל אֲנִי אֹתְךָ דָּבָר אַל־תְּכַחֵד מִמֶּנִּי דָּבָר ׃	μεγαλυνῶ καὶ μεθύσω τὴν ψυχὴν τῶν ἱερέων υἱῶν Λευεί, καὶ ὁ λαός μου τῶν ἀγαθῶν μου ἐμπλησθήσεται.	et misit rex Sedecias et tulit ad se Hieremiam prophetam ad ostium tertium quod erat in domo Domini et dixit rex ad Hieremiam interrogo ego te sermonem ne abscondas a me aliquid	Et misit rex Sedecias, et tulit ad se Jeremiam prophetam ad ostium tertium quod erat in domo Domini: et dixit rex ad Jeremiam: Interrogo ego te sermonem, ne abscondas a me aliquid.		Then Zedekiah the king sent, and took Jeremiah the prophet unto him into the third entry that is in the house of the Lord: and the king said unto Jeremiah, I will ask thee a thing; hide nothing from me.
Jer	38	15	וַיֹּאמֶר יִרְמְיָהוּ אֶל־צִדְקִיָּהוּ כִּי אַגִּיד לְךָ הֲלוֹא הָמֵת תְּמִיתֵנִי וְכִי אִיעָצְךָ לֹא תִשְׁמַע אֵלָי ׃	Οὕτως εἶπεν Κύριος Φωνὴ ἐν Ῥαμὰ ἠκούσθη θρήνου καὶ κλαυθμοῦ καὶ ὀδυρμοῦ· Ῥαχὴλ ἀποκλαιομένη οὐκ ἤθελεν παύσασθαι ἐπὶ τοῖς υἱοῖς αὐτῆς, ὅτι οὐκ εἰσίν.	dixit autem Hieremias ad Sedeciam si adnuntiavero tibi numquid non interficies me et si consilium tibi dedero non me audies	Dixit autem Jeremias ad Sedeciam: Si annuntiavero tibi, numquid non interficies me? et si consilium dedero tibi, non me audies.		Then Jeremiah said unto Zedekiah, If I declare it unto thee, wilt thou not surely put me to death? and if I give thee counsel, wilt thou not hearken unto me?
Jer	38	16	וַיִּשָּׁבַע הַמֶּלֶךְ צִדְקִיָּהוּ אֶל־יִרְמְיָהוּ בַּסֵּתֶר לֵאמֹר חַי־יְהוָה אֶת אֲשֶׁר עָשָׂה־לָנוּ אֶת־הַנֶּפֶשׁ הַזֹּאת אִם־אֲמִיתֶךָ וְאִם־אֶתֶּנְךָ בְּיַד הָאֲנָשִׁים הָאֵלֶּה אֲשֶׁר מְבַקְשִׁים אֶת־נַפְשֶׁךָ ׃ ס	οὕτως εἶπεν Κύριος Διαλιπέτω ἡ φωνή σου ἀπὸ κλαυθμοῦ, καὶ οἱ ὀφθαλμοί σου ἀπὸ δακρύων σου, ὅτι ἔστιν μισθὸς τοῖς σοῖς ἔργοις, καὶ ἐπιστρέψουσιν ἐκ γῆς ἐχθρῶν,	iuravit ergo rex Sedecias Hieremiae clam dicens vivit Dominus qui fecit nobis animam hanc si occidero te et si tradidero te in manu virorum istorum qui quaerunt animam tuam	Juravit ergo rex Sedecias Jeremi clam, dicens: Vivit Dominus, qui fecit nobis animam hanc, si occidero te, et si tradidero te in manus virorum istorum qui qurunt animam tuam.		So Zedekiah the king sware secretly unto Jeremiah, saying, As the Lord liveth, that made us this soul, I will not put thee to death, neither will I give thee into the hand of these men that seek thy life.
Jer	38	17	וַיֹּאמֶר יִרְמְיָהוּ אֶל־צִדְקִיָּהוּ כֹּה־אָמַר יְהוָה אֱלֹהֵי צְבָאוֹת אֱלֹהֵי יִשְׂרָאֵל אִם־יָצֹא תֵצֵא אֶל־שָׂרֵי מֶלֶךְ־בָּבֶל וְחָיְתָה נַפְשֶׁךָ וְהָעִיר הַזֹּאת לֹא תִשָּׂרֵף בָּאֵשׁ וְחָיִתָה אַתָּה וּבֵיתֶךָ ׃	μόνιμον τοῖς σοῖς τέκνοις.	et dixit Hieremias ad Sedeciam haec dicit Dominus exercituum Deus Israhel si profectus exieris ad principes regis Babylonis vivet anima tua et civitas haec non succendetur igni et salvus eris tu et domus tua	Et dixit Jeremias ad Sedeciam: Hc dicit Dominus exercituum, Deus Isral: Si profectus exieris ad principes regis Babylonis, vivet anima tua, et civitas hc non succendetur igni: et salvus eris tu, et domus tua.		Then said Jeremiah unto Zedekiah, Thus saith the Lord, the God of hosts, the God of Israel; If thou wilt assuredly go forth unto the king of Babylon's princes, then thy soul shall live, and this city shall not be burned with fire; and thou shalt live, and thine house:
Jer	38	18	וְאִם לֹא־תֵצֵא אֶל־שָׂרֵי מֶלֶךְ בָּבֶל וְנִתְּנָה הָעִיר הַזֹּאת בְּיַד הַכַּשְׂדִּים וּשְׂרָפוּהָ בָּאֵשׁ וְאַתָּה לֹא־תִמָּלֵט מִיָּדָם ׃ ס	ἀκοὴν ἤκουσα Ἐφράιμ ὀδυρομένου Ἐπαίδευσάς με καὶ ἐπαιδεύθην· ἐγὼ ὥσπερ μόσχος οὐκ ἐδιδάχθην· ἐπίστρεψόν με καὶ ἐπιστρέψω, ὅτι σὺ Κύριος ὁ θεός μου.	si autem non exieris ad principes regis Babylonis tradetur civitas haec in manu Chaldeorum et succendent eam igni et tu non effugies de manu eorum	Si autem non exieris ad principes regis Babylonis, tradetur civitas hc in manus Chaldorum, et succendent eam igni: et tu non effugies de manu eorum.		But if thou wilt not go forth to the king of Babylon's princes, then shall this city be given into the hand of the Chaldeans, and they shall burn it with fire, and thou shalt not escape out of their hand.
Jer	38	19	וַיֹּאמֶר הַמֶּלֶךְ צִדְקִיָּהוּ אֶל־יִרְמְיָהוּ אֲנִי דֹאֵג אֶת־הַיְּהוּדִים אֲשֶׁר נָפְלוּ אֶל־הַכַּשְׂדִּים פֶּן־יִתְּנוּ אֹתִי בְּיָדָם וְהִתְעַלְּלוּ־בִי ׃ פ	ὅτι ὕστερον αἰχμαλωσίας μου μετενόησα, καὶ ὕστερον τοῦ γνῶναί με ἐστέναξα ἐφʼ ἡμέρας αἰσχύνης, καὶ ὑπέδειξά σοι ὅτι ἔλαβον ὀνειδισμὸν ἐκ νεότητός μου.	et dixit rex Sedecias ad Hieremiam sollicitus sum propter Iudaeos qui transfugerunt ad Chaldeos ne forte tradar in manus eorum et inludant mihi	Et dixit rex Sedecias ad Jeremiam: Sollicitus sum propter Judos qui transfugerunt ad Chaldos, ne forte tradar in manus eorum, et illudant mihi.		And Zedekiah the king said unto Jeremiah, I am afraid of the Jews that are fallen to the Chaldeans, lest they deliver me into their hand, and they mock me.
Jer	38	20	וַיֹּאמֶר יִרְמְיָהוּ לֹא יִתֵּנוּ שְׁמַע־נָא בְּקוֹל יְהוָה לַאֲשֶׁר אֲנִי דֹּבֵר אֵלֶיךָ וְיִיטַב לְךָ וּתְחִי נַפְשֶׁךָ ׃	υἱὸς ἀγαπητὸς Ἐφράιμ ἐμοί, παιδίον ἐντρυφῶν, ὅτι ἀνθʼ ὧν οἱ λόγοι μου ἐν αὐτῷ, μνείᾳ μνησθήσομαι αὐτοῦ· διὰ τοῦτο ἔσπευσα ἐπʼ αὐτῷ, ἐλεῶν ἐλεήσω αὐτόν, φησὶν Κύριος.	respondit autem Hieremias non te tradent audi quaeso vocem Domini quam ego loquor ad te et bene tibi erit et vivet anima tua	Respondit autem Jeremias: Non te tradent. Audi, quso, vocem Domini, quam ego loquor ad te, et bene tibi erit, et vivet anima tua.		But Jeremiah said, They shall not deliver thee. Obey, I beseech thee, the voice of the Lord, which I speak unto thee: so it shall be well unto thee, and thy soul shall live.
Jer	38	21	וְאִם־מָאֵן אַתָּה לָצֵאת זֶה הַדָּבָר אֲשֶׁר הִרְאַנִי יְהוָה ׃	Στῆσον σεαυτήν, Σειών, ποίησον τιμωρίαν, δὸς καρδίαν σου εἰς τοὺς ὤμους· ὁδὸν ἦ ἐπορεύθης ἀποστράφητι, παρθένος Ἰσραήλ, ἀποστράφητι εἰς τὰς πόλεις σου πενθοῦσα.	quod si nolueris egredi iste est sermo quem ostendit mihi Dominus	Quod si nolueris egredi, iste est sermo quem ostendit mihi Dominus:		But if thou refuse to go forth, this is the word that the Lord hath shewed me:
Jer	38	22	וְהִנֵּה כָל־הַנָּשִׁים אֲשֶׁר נִשְׁאֲרוּ בְּבֵית מֶלֶךְ־יְהוּדָה מוּצָאוֹת אֶל־שָׂרֵי מֶלֶךְ בָּבֶל וְהֵנָּה אֹמְרוֹת הִסִּיתוּךָ וְיָכְלוּ לְךָ אַנְשֵׁי שְׁלֹמֶךָ הָטְבְּעוּ בַבֹּץ רַגְלֶךָ נָסֹגוּ אָחוֹר ׃	ἕως πότε ἀποστρέψεις, θυγάτηρ ἠτιμωμένη; ὅτι ἔκτισεν Κύριος σωτηρίαν εἰς καταφύτευσιν καινήν, ἐν σωτηρίᾳ περιελεύσονται ἄνθρωποι.	ecce omnes mulieres quae remanserunt in domo regis Iuda educentur ad principes regis Babylonis et ipsae dicent seduxerunt te et praevaluerunt adversum te viri pacifici tui demerserunt in caeno et lubrico pedes tuos et recesserunt a te	ecce omnes mulieres qu remanserunt in domo regis Juda educentur ad principes regis Babylonis, et ips dicent: Seduxerunt te, et prvaluerunt adversum te, viri pacifici tui: demerserunt in cno et in lubrico pedes tuos, et recesserunt a te.		And, behold, all the women that are left in the king of Judah's house shall be brought forth to the king of Babylon's princes, and those women shall say, Thy friends have set thee on, and have prevailed against thee: thy feet are sunk in the mire, and they are turned away back.
Jer	38	23	וְאֶת־כָּל־נָשֶׁיךָ וְאֶת־בָּנֶיךָ מוֹצִאִים אֶל־הַכַּשְׂדִּים וְאַתָּה לֹא־תִמָּלֵט מִיָּדָם כִּי בְיַד מֶלֶךְ־בָּבֶל תִּתָּפֵשׂ וְאֶת־הָעִיר הַזֹּאת תִּשְׂרֹף בָּאֵשׁ ׃ פ	ὅτι οὕτως εἶπεν Κύριος Ἔτι ἐροῦσιν τὸν λόγον τοῦτον ἐν γῇ Ἰούδα καὶ ἐν πόλεσιν αὐτοῦ, ὅταν ἀποστρέψω τὴν αἰχμαλωσίαν αὐτοῦ Εὐλογημένος Κύριος ἐπὶ δίκαιον ὄρος τὸ ἅγιον αὐτοῦ·	et omnes uxores tuae et filii tui educentur ad Chaldeos et non effugies manus eorum sed in manu regis Babylonis capieris et civitatem hanc conburet igni	Et omnes uxores tu et filii tui educentur ad Chaldos: et non effugies manus eorum, sed in manu regis Babylonis capieris, et civitatem hanc comburet igni.		So they shall bring out all thy wives and thy children to the Chaldeans: and thou shalt not escape out of their hand, but shalt be taken by the hand of the king of Babylon: and thou shalt cause this city to be burned with fire.
Jer	38	24	וַיֹּאמֶר צִדְקִיָּהוּ אֶל־יִרְמְיָהוּ אִישׁ אַל־יֵדַע בַּדְּבָרִים־הָאֵלֶּה וְלֹא תָמוּת ׃	καὶ ἐνοικοῦντες ἐν ταῖς πόλεσιν Ἰούδα καὶ ἐν πάσῃ τῇ γῇ αὐτοῦ ἄμα γεωργῷ, καὶ ἀρθήσεται ἐν ποιμνίῳ.	dixit ergo Sedecias ad Hieremiam nullus sciat verba haec et non morieris	Dixit ergo Sedecias ad Jeremiam: Nullus sciat verba hc, et non morieris.		Then said Zedekiah unto Jeremiah, Let no man know of these words, and thou shalt not die.
Jer	38	25	וְכִי־יִשְׁמְעוּ הַשָּׂרִים כִּי־דִבַּרְתִּי אִתָּךְ וּבָאוּ אֵלֶיךָ וְאָמְרוּ אֵלֶיךָ הַגִּידָה־נָּא לָנוּ מַה־דִּבַּרְתָּ אֶל־הַמֶּלֶךְ אַל־תְּכַחֵד מִמֶּנּוּ וְלֹא נְמִיתֶךָ וּמַה־דִּבֶּר אֵלֶיךָ הַמֶּלֶךְ ׃	ὅτι ἐμέθυσα πᾶσαν ψυχὴν διψῶσαν, καὶ πᾶσαν ψυχὴν πεινῶσαν ἐνέπλησα.	si autem audierint principes quia locutus sum tecum et venerint ad te et dixerint tibi indica nobis quid locutus sis cum rege ne celes nos et non te interficiemus et quid locutus est tecum rex	Si autem audierint principes quia locutus sum tecum, et venerint ad te, et dixerint tibi: Indica nobis quid locutus sis cum rege: ne celes nos, et non te interficiemus, et quid locutus est tecum rex,		But if the princes hear that I have talked with thee, and they come unto thee, and say unto thee, Declare unto us now what thou hast said unto the king, hide it not from us, and we will not put thee to death; also what the king said unto thee:
Jer	38	26	וְאָמַרְתָּ אֲלֵיהֶם מַפִּיל־אֲנִי תְחִנָּתִי לִפְנֵי הַמֶּלֶךְ לְבִלְתִּי הֲשִׁיבֵנִי בֵּית יְהוֹנָתָן לָמוּת שָׁם ׃ פ	διὰ τοῦτο ἐξηγέρθην καὶ ἴδον, καὶ ὁ ὕπνος μου ἡδύς μοι ἐγενήθη.	dices ad eos prostravi ego preces meas coram rege ne me reduci iuberet in domum Ionathan et ibi morerer	dices ad eos: Prostravi ego preces meas coram rege, ne me reduci juberet in domum Jonathan, et ibi morerer.		Then thou shalt say unto them, I presented my supplication before the king, that he would not cause me to return to Jonathan's house, to die there.
Jer	38	27	וַיָּבֹאוּ כָל־הַשָּׂרִים אֶל־יִרְמְיָהוּ וַיִּשְׁאֲלוּ אֹתוֹ וַיַּגֵּד לָהֶם כְּכָל־הַדְּבָרִים הָאֵלֶּה אֲשֶׁר צִוָּה הַמֶּלֶךְ וַיַּחֲרִשׁוּ מִמֶּנּוּ כִּי לֹא־נִשְׁמַע הַדָּבָר ׃ פ	διὰ τοῦτο ἰδοὺ ἡμέραι ἔρχονται, φησὶν Κύριος, καὶ σπερῶ τὸν Ἰσραὴλ καὶ τὸν Ἰουδά, σπέρμα ἀνθρώπου καὶ σπέρμα κτήνους.	venerunt ergo omnes principes ad Hieremiam et interrogaverunt eum et locutus est eis iuxta omnia verba quae praeceperat ei rex et cessaverunt ab eo nihil enim fuerat auditum	Venerunt ergo omnes principes ad Jeremiam, et interrogaverunt eum, et locutus est eis juxta omnia verba qu prceperat ei rex: et cessaverunt ab eo: nihil enim fuerat auditum.		Then came all the princes unto Jeremiah, and asked him: and he told them according to all these words that the king had commanded. So they left off speaking with him; for the matter was not perceived.
Jer	38	28	וַיֵּשֶׁב יִרְמְיָהוּ בַּחֲצַר הַמַּטָּרָה עַד־יוֹם אֲשֶׁר־נִלְכְּדָה יְרוּשָׁלִָם ס וְהָיָה כַּאֲשֶׁר נִלְכְּדָה יְרוּשָׁלִָם ׃ פ	καὶ ἔσται ὥσπερ ἐγρηγόρουν ἐπʼ αὐτοὺς καθαιρεῖν καὶ κακοῦν, οὕτως γρηγορήσω ἐπʼ αὐτοὺς τοῦ οἰκοδομεῖν καὶ καταφυτεύειν, φησὶν Κύριος.	mansit vero Hieremias in vestibulo carceris usque ad diem quo capta est Hierusalem et factum est ut caperetur Hierusalem	Mansit vero Jeremias in vestibulo carceris usque ad diem quo capta est Jerusalem: et factum est ut caperetur Jerusalem.		So Jeremiah abode in the court of the prison until the day that Jerusalem was taken: and he was there when Jerusalem was taken.
Jer	38	29		ἐν ταῖς ἡμέραις ἐκείναις οὐ μὴ εἴπωσιν Οἱ πατέοες ἔφαγον ὄμφακα, καὶ οἱ ὀδόντες τῶν τέκνων ᾑμωδίασαν·				
Jer	38	30		ἀλλʼ ἡ ἕκαστος ἐν τῇ ἑαυτοῦ ἁμαρτίᾳ ἀποθανεῖται, καὶ τοῦ φαγόντος τὸν ὄμφακα αἱμωδιάσουσιν οἱ ὀδόντες αὐτοῦ.				
Jer	38	31		Ἰδοὺ ἡμέραι ἔρχονται, φησὶν Κύριος, καὶ διαθήσομαι τῷ οἴκῳ Ἰσραὴλ καὶ τῷ οἴκῳ Ἰούδα διαθήκην καινήν,				
Jer	38	32		οὐ κατὰ τὴν διαθήκην ἣν διεθέμην τοῖς πατράσιν αὐτῶν, ἐν ἡμέρᾳ ἐπιλαβομένου μου τῆς χειρὸς αὐτῶν ἐξαγαγεῖν αὐτοὺς ἐκ γῆς Αἰγύπτου, ὅτι αὐτοὶ οὐκ ἐνέμειναν ἐν τῇ διαθήκῃ μου, καὶ ἐγὼ ἠμέλησα αὐτῶν, φησὶν Κύριος.				
Jer	38	33		ὅτι αὕτη ἡ διαθήκη μου ἣν διαθήσομαι τῷ οἴκῳ Ἰσραήλ Μετὰ τὰς ἡμέρας ἐκείνας, φησὶν Κύριος, διδοὺς δώσω νόμους μου εἰς τὴν διάνοιαν αὐτῶν, καὶ ἐπὶ καρδίας αὐτῶν γράψω αὐτούς, καὶ ἔσομαι αὐτοῖς εἰς θεὸν καὶ αὐτοὶ ἔσονταί μοι εἰς λαόν.				
Jer	38	34		καὶ οὐ διδάξουσιν ἕκαστος τὸν πολίτην αὐτοῦ καὶ ἕκαστος τὸν ἀδελφὸν αὐτοῦ λέγων Γνῶθι τὸν κύριον· ὅτι πάντες εἰδήσουσίν με ἀπὸ μικροῦ αὐτῶν ἕως μεγάλου αὐτῶν, ὅτι ἵλεως ἔσομαι ταῖς ἀδικίαις αὐτῶν καὶ τῶν ἁμαρτιῶν αὐτῶν οὐ μὴ μνησθῶ ἔτι.				
Jer	38	35		ἐὰν ὑψωθῇ ὁ οὐρανὸς εἰς τὸ μετέωρον, φησὶν Κύριος, καὶ ἐὰν ταπεινωθῇ τὸ ἔδαφος τῆς γῆς κάτω, καὶ ἐγὼ οὐκ ἀποδοκιμῶ τὸ γένος Ἰσραήλ, φησὶν Κύριος, περὶ πάντων ὧν ἐποίησαν.				
Jer	38	36		οὕτως εἶπεν Κύριος, ὁ δοὺς τὸν ἥλιον εἰς φῶς τῆς ἡμέρας, σελήνην καὶ ἀστέρας εἰς φῶς τῆς νυκτός, καὶ κραυγὴν ἐν θαλάσσῃ, καὶ ἐβόμβησεν τὰ κύματα αὐτῆς, Κύριος Παντοκράτωρ ὄνομα αὐτῷ				
Jer	38	37		Ἐὰν παύσωνται οἱ νόμοι οὗτοι ἀπὸ προσώπου μου, φησὶν Κύριος, καὶ τὸ γένος Ἰσραὴλ παύσεται γενέσθαι ἔθνος κατὰ πρόσαωπόν μου πάσας τὰς ἡμέρας.				
Jer	38	38		ἰβοὺ ἡμέραι ἔρχονται, φησὶν Κύριος. καὶ οἰκοδομηθήσεται πόλις τῷ κυρίῳ ἀπὸ πύργου Ἁναμεὴλ ἕως πύλης τῆς γωνίας,				
Jer	38	39		καὶ ἐξελεύσεται ἡ διαμέτρησις αὐτῆς ἀπέναντι αὐτῶν ἕως βουνῶν Γαρήβ, καὶ περικυκλωθήσεται κύκλῳ ἐξ ἐκλεκτῶν λίθων,				
Jer	38	40		καὶ πάντες ἁσαρημὼθ ἕως νάχαλ Κεδρών, ἕως γωνίας πύλης ἵππων ἀνατολῆς, ἁγίασμα τῷ κυρίῳ, καὶ οὐκέτι οὐ μὴ ἐκλίπῃ καὶ οὐ μὴ καθαιρεθῇ ἕως τοῦ αἰῶνος.				
Jer	39	1	בַּשָּׁנָה הַתְּשִׁעִית לְצִדְקִיָּהוּ מֶלֶךְ־יְהוּדָה בַּחֹדֶשׁ הָעֲשִׂרִי בָּא נְבוּכַדְרֶאצַּר מֶלֶךְ־בָּבֶל וְכָל־חֵילוֹ אֶל־יְרוּשָׁלִַם וַיָּצֻרוּ עָלֶיהָ ׃ ס	Ὁ λόγος ὁ γενόμενος παρὰ Κυρίου πρὸς Ἰερεμίαν ἐν τῷ ἐνιαυτῷ τῷ δεκάτῳ βασιλεῖ Σεδεκίᾳ, οὕτος ἐνιαυτὸς ὀκτωκαιδέκατος τῷ βασιλεῖ Ναβουχοδονοσὸρ βασιλεῖ Βαβυλῶνος.	anno nono Sedeciae regis Iuda mense decimo venit Nabuchodonosor rex Babylonis et omnis exercitus eius ad Hierusalem et obsidebant eam	Anno nono Sedeci regis Juda, mense decimo, venit Nabuchodonosor rex Babylonis, et omnis exercitus ejus, ad Jerusalem, et obsidebant eam.		In the ninth year of Zedekiah king of Judah, in the tenth month, came Nebuchadrezzar king of Babylon and all his army against Jerusalem, and they besieged it.
Jer	39	2	בְּעַשְׁתֵּי־עֶשְׂרֵה שָׁנָה לְצִדְקִיָּהוּ בַּחֹדֶשׁ הָרְבִיעִי בְּתִשְׁעָה לַחֹדֶשׁ הָבְקְעָה הָעִיר ׃	Καὶ δύναμις βασιλέως Βαβυλῶνος ἐχαράκωσεν ἐπὶ Ἰερουσαλήμ, καὶ Ιερεμίας ἐφυλάσσετο ἐν αὐλῇ τῆς φυλακῆς ἥ ἐστιν ἐν οἴκῳ βασιλέως,	undecimo autem anno Sedeciae mense quarto quinta mensis aperta est civitas	Undecimo autem anno Sedeci, mense quarto, quinta mensis, aperta est civitas:		And in the eleventh year of Zedekiah, in the fourth month, the ninth day of the month, the city was broken up.
Jer	39	3	וַיָּבֹאוּ כֹּל שָׂרֵי מֶלֶךְ־בָּבֶל וַיֵּשְׁבוּ בְּשַׁעַר הַתָּוֶךְ נֵרְגַל שַׂר־אֶצֶר סַמְגַּר־נְבוּ שַׂר־סְכִים רַב־סָרִיס נֵרְגַל שַׂר־אֶצֶר רַב־מָג וְכָל־שְׁאֵרִית שָׂרֵי מֶלֶךְ בָּבֶל ׃	ἐν ᾗ κατέκλεισεν αὐτὸν ὁ βασιλεὺς Σεδεκίας λέγων Διὰ τί σὺ προφητεύεις λέγων Οὕτως εἶπεν Κύριος Ἰδοὺ ἐγὼ δίδωμι τὴν πόλιν ταύτην ἐν χερσὶυ βασιλέως Βαβυλῶνος καὶ λήμψεται αὐτήν,	et ingressi sunt omnes principes regis Babylonis et sederunt in porta media Neregel Sereser Semegar Nabu Sarsachim Rabsares Neregel Sereser Rebmag et omnes reliqui principes regis Babylonis	et ingressi sunt omnes principes regis Babylonis, et sederunt in porta media: Neregel, Sereser, Semegarnabu, Sarsachim, Rabsares, Neregel, Sereser, Rebmag, et omnes reliqui principes regis Babylonis.		And all the princes of the king of Babylon came in, and sat in the middle gate, even Nergalsharezer, Samgarnebo, Sarsechim, Rabsaris, Nergalsharezer, Rabmag, with all the residue of the princes of the king of Babylon.
Jer	39	4	וַיְהִי כַּאֲשֶׁר רָאָם צִדְקִיָּהוּ מֶלֶךְ־יְהוּדָה וְכֹל אַנְשֵׁי הַמִּלְחָמָה וַיִּבְרְחוּ וַיֵּצְאוּ לַיְלָה מִן־הָעִיר דֶּרֶךְ גַּן הַמֶּלֶךְ בְּשַׁעַר בֵּין הַחֹמֹתָיִם וַיֵּצֵא דֶּרֶךְ הָעֲרָבָה ׃	καὶ Σεδεκίας οὐ μὴ σωθῇ ἐκ χειρὸς τῶν Χαλδαίων, ὅτι παραδόσει παραδοθήσεται εἰς χεῖρας βασιλέως Βαβυλῶνος, καὶ λαλήσει στόμα αὐτοῦ πρὸς στόμα αὐτοῦ, καὶ οἱ ὀφθαλμοὶ αὐτοῦ τοὺς ὀφθαλμοὺς αὐτοῦ ὄψονται,	cumque vidisset eos Sedecias rex Iuda et omnes viri bellatores fugerunt et egressi sunt nocte de civitate per viam horti regis et per portam quae erat inter duos muros et egressi sunt ad viam deserti	Cumque vidisset eos Sedecias rex Juda, et omnes viri bellatores, fugerunt: et egressi sunt nocte de civitate per viam horti regis, et per portam qu erat inter duos muros, et egressi sunt ad viam deserti.		And it came to pass, that when Zedekiah the king of Judah saw them, and all the men of war, then they fled, and went forth out of the city by night, by the way of the king's garden, by the gate betwixt the two walls: and he went out the way of the plain.
Jer	39	5	וַיִּרְדְּפוּ חֵיל־כַּשְׂדִּים אַחֲרֵיהֶם וַיַּשִּׂגוּ אֶת־צִדְקִיָּהוּ בְּעַרְבוֹת יְרֵחוֹ וַיִּקְחוּ אֹתוֹ וַיַּעֲלֻהוּ אֶל־נְבוּכַדְרֶאצַּר מֶלֶךְ־בָּבֶל רִבְלָתָה בְּאֶרֶץ חֲמָת וַיְדַבֵּר אִתּוֹ מִשְׁפָּטִים ׃	καὶ εἰσελεύσεται Σεδεκίας εἰς Βαβυλῶνα καὶ ἐκεῖ καθιεῖται.	persecutus est autem eos exercitus Chaldeorum et conprehenderunt Sedeciam in campo solitudinis hiericuntinae et captum adduxerunt ad Nabuchodonosor regem Babylonis in Reblatha quae est in terra Emath et locutus est ad eum iudicia	Persecutus est autem eos exercitus Chaldorum, et comprehenderunt Sedeciam in campo solitudinis Jerichontin, et captum adduxerunt ad Nabuchodonosor regem Babylonis, in Reblatha, qu est in terra Emath: et locutus est ad eum judicia.		But the Chaldeans' army pursued after them, and overtook Zedekiah in the plains of Jericho: and when they had taken him, they brought him up to Nebuchadnezzar king of Babylon to Riblah in the land of Hamath, where he gave judgment upon him.
Jer	39	6	וַיִּשְׁחַט מֶלֶךְ בָּבֶל אֶת־בְּנֵי צִדְקִיָּהוּ בְּרִבְלָה לְעֵינָיו וְאֵת כָּל־חֹרֵי יְהוּדָה שָׁחַט מֶלֶךְ בָּבֶל ׃	Καὶ λόγος Κυρίου ἐγενήθη πρὸς Ἰερεμίαν λέγων	et occidit rex Babylonis filios Sedeciae in Reblatha in oculis eius et omnes nobiles Iuda occidit rex Babylonis	Et occidit rex Babylonis filios Sedeci in Reblatha, in oculis ejus: et omnes nobiles Juda occidit rex Babylonis.		Then the king of Babylon slew the sons of Zedekiah in Riblah before his eyes: also the king of Babylon slew all the nobles of Judah.
Jer	39	7	וְאֶת־עֵינֵי צִדְקִיָּהוּ עִוֵּר וַיַּאַסְרֵהוּ בַּנְחֻשְׁתַּיִם לָבִיא אֹתוֹ בָּבֶלָה ׃	Ἰδοὺ Ἁναμεὴλ υἱὸς Σαλὼμ ἀδελφοῦ πατρός σου ἔρχεται πρὸς σέ λέγων Κτῆσαι σεαυτῷ τὸν ἀγρόν μου τὸν ἐν Ἀναθώθ, ὅτι σοὶ κρίσις παραλαβεῖν εἰς κτῆσιν.	oculos quoque Sedeciae eruit et vinxit eum conpedibus ut duceretur in Babylonem	Oculos quoque Sedeci eruit, et vinxit eum compedibus ut duceretur in Babylonem.		Moreover he put out Zedekiah's eyes, and bound him with chains, to carry him to Babylon.
Jer	39	8	וְאֶת־בֵּית הַמֶּלֶךְ וְאֶת־בֵּית הָעָם שָׂרְפוּ הַכַּשְׂדִּים בָּאֵשׁ וְאֶת־חֹמוֹת יְרוּשָׁלַםִ נָתָצוּ ׃	καὶ ἦλθεν πρὸς μέ Ἁναμεὴλ υἱὸς Σαμὼλ ἀδελφοῦ πατρός μου εἰς τὴν αὐλὴν τῆς φυλακῆς καὶ εἶπε Κτῆσαι τὸν ἀγρόν μου τὸν ἐν γῇ Βενιαμεὶν τὸν ἐν Ἀναθώθ, ὅτι σοὶ κρίμα κτήσασθαι αὐτὸν καὶ σὺ πρεσβύτερος. καὶ ἔγνων ὅτι λόγος Κυρίου ἐστίν,	domum quoque regis et domum vulgi succenderunt Chaldei igni et murum Hierusalem subverterunt	Domum quoque regis et domum vulgi succenderunt Chaldi igni, et murum Jerusalem subverterunt.		And the Chaldeans burned the king's house, and the houses of the people, with fire, and brake down the walls of Jerusalem.
Jer	39	9	וְאֵת יֶתֶר הָעָם הַנִּשְׁאָרִים בָּעִיר וְאֶת־הַנֹּפְלִים אֲשֶׁר נָפְלוּ עָלָיו וְאֵת יֶתֶר הָעָם הַנִּשְׁאָרִים הֶגְלָה נְבוּזַר־אֲדָן רַב־טַבָּחִים בָּבֶל ׃	καὶ ἐκτησάμην τὸν ἀγρὸν Ἁναμεὴλ υἱοῦ ἀδελφοῦ πατρός μου, καὶ ἔστησα αὐτῷ ἑπτὰ σίκλους καὶ δέκα ἀργυρίου,	et reliquias populi quae remanserunt in civitate et perfugas qui transfugerant ad eum et superfluos vulgi qui remanserant transtulit Nabuzardan magister militum in Babylonem	Et reliquias populi qui remanserant in civitate, et perfugas qui transfugerant ad eum, et superfluos vulgi qui remanserant, transtulit Nabuzardan, magister militum, in Babylonem.		Then Nebuzaradan the captain of the guard carried away captive into Babylon the remnant of the people that remained in the city, and those that fell away, that fell to him, with the rest of the people that remained.
Jer	39	10	וּמִן־הָעָם הַדַּלִּים אֲשֶׁר אֵין־לָהֶם מְאוּמָה הִשְׁאִיר נְבוּזַרְאֲדָן רַב־טַבָּחִים בְּאֶרֶץ יְהוּדָה וַיִּתֵּן לָהֶם כְּרָמִים וִיגֵבִים בַּיּוֹם הַהוּא ׃	καὶ ἔγραψα εἰς βιβλίον καὶ ἐσφραγισάμην, καὶ διεμαρτυράμην μάρτυρας, καὶ ἔστησα τὸ ἀργύριον ἐν ζυγῷ.	et de plebe pauperum qui nihil penitus habebant dimisit Nabuzardan magister militum in terra Iuda et dedit eis vineas et cisternas in die illa	Et de plebe pauperum, qui nihil penitus habebant, dimisit Nabuzardan, magister militum, in terra Juda, et dedit eis vineas et cisternas in die illa.		But Nebuzaradan the captain of the guard left of the poor of the people, which had nothing, in the land of Judah, and gave them vineyards and fields at the same time.
Jer	39	11	וַיְצַו נְבוּכַדְרֶאצַּר מֶלֶךְ־בָּבֶל עַל־יִרְמְיָהוּ בְּיַד נְבוּזַרְאֲדָן רַב־טַבָּחִים לֵאמֹר ׃	καὶ ἔλαβον τὸ βιβλίον τῆς κτήσεως τὸ ἐσφραγισμένον	praeceperat autem Nabuchodonosor rex Babylonis de Hieremia Nabuzardan magistro militiae dicens	Prceperat autem Nabuchodonosor rex Babylonis de Jeremia Nabuzardan, magistro militum, dicens:		Now Nebuchadrezzar king of Babylon gave charge concerning Jeremiah to Nebuzaradan the captain of the guard, saying,
Jer	39	12	קָחֶנּוּ וְעֵינֶיךָ שִׂים עָלָיו וְאַל־תַּעַשׂ לוֹ מְאוּמָה רָּע כִּי אִם כַּאֲשֶׁר יְדַבֵּר אֵלֶיךָ כֵּן עֲשֵׂה עִמּוֹ ׃	καὶ ἔδωκα αὐτὸ τῷ Βαροὺχ υἱῷ Νηρίου υἱῷ Μαασαίου κατʼ ὀφθαλμοὺς Ἁναμεὴλ υἱοῦ ἀδελφοῦ πατρός μου καὶ κατʼ ὀφθαλμοὺς τῶν ἀνδρῶν τῶν παρεστηκότων καὶ γραφόντων ἐν τῷ βιβλίῳ τῆς κτήσεως καὶ κατʼ ὀφθαλμοὺς τῶν Ἰουδαίων τῶν ἐν τῇ αὐλῇ τῆς φυλακῆς.	tolle illum et pone super eum oculos tuos nihilque ei mali facias sed ut voluerit sic facies ei	Tolle illum, et pone super eum oculos tuos, nihilque ei mali facias: sed ut voluerit, sic facias ei.		Take him, and look well to him, and do him no harm; but do unto him even as he shall say unto thee.
Jer	39	13	וַיִּשְׁלַח נְבוּזַרְאֲדָן רַב־טַבָּחִים וּנְבוּשַׁזְבָּן רַב־סָרִיס וְנֵרְגַל שַׂר־אֶצֶר רַב־מָג וְכֹל רַבֵּי מֶלֶךְ־בָּבֶל ׃	καὶ συνέταξα τῷ Βαροὺχ κατʼ ὀφθαλμοὺς αὐτῶν λέγων	misit ergo Nabuzardan princeps militiae et Nabu et Sesban et Rabsares et Neregel et Sereser et Rebmag et omnes optimates regis Babylonis	Misit ergo Nabuzardan princeps militi, et Nabusezban, et Rabsares, et Neregel, et Sereser, et Rebmag, et omnes optimates regis Babylonis,		So Nebuzaradan the captain of the guard sent, and Nebushasban, Rabsaris, and Nergalsharezer, Rabmag, and all the king of Babylon's princes;
Jer	39	14	וַיִּשְׁלְחוּ וַיִּקְחוּ אֶת־יִרְמְיָהוּ מֵחֲצַר הַמַּטָּרָה וַיִּתְּנוּ אֹתוֹ אֶל־גְּדַלְיָהוּ בֶּן־אֲחִיקָם בֶּן־שָׁפָן לְהוֹצִאֵהוּ אֶל־הַבָּיִת וַיֵּשֶׁב בְּתוֹךְ הָעָם ׃ ס	Οὕτως εἶπεν Κύριος Παντοκράτωρ Λάβε τὸ βιβλίον τῆς κτήσεως τοῦτο καὶ τὸ βιβλίον τὸ ἀνεγνωσμένον καὶ θήσεις αὐτὸ εἰς ἀγγεῖον ὀστράκινον, ἵνα διαμένῃ ἡμέρας πλείους.	miserunt et tulerunt Hieremiam de vestibulo carceris et tradiderunt eum Godoliae filio Ahicam filii Saphan ut intraret domum et habitaret in populo	miserunt, et tulerunt Jeremiam de vestibulo carceris, et tradiderunt eum Godoli filio Ahicam filii Saphan, ut intraret in domum, et habitaret in populo.		Even they sent, and took Jeremiah out of the court of the prison, and committed him unto Gedaliah the son of Ahikam the son of Shaphan, that he should carry him home: so he dwelt among the people.
Jer	39	15	וְאֶל־יִרְמְיָהוּ הָיָה דְבַר־יְהוָה בִּהְיֹתוֹ עָצוּר בַּחֲצַר הַמַּטָּרָה לֵאמֹר ׃	ὅτι οὕτως εἶπεν Κύριος Ἔτι κτισθήσονται ἀγροὶ καὶ οἰκίαι καὶ ἀμπελῶνες ἐν τῇ γῆ ταύτῃ.	ad Hieremiam autem factus fuerat sermo Domini cum clausus esset in vestibulo carceris dicens	Ad Jeremiam autem factus fuerat sermo Domini, cum clausus esset in vestibulo carceris, dicens:		Now the word of the Lord came unto Jeremiah, while he was shut up in the court of the prison, saying,
Jer	39	16	הָלוֹךְ וְאָמַרְתָּ לְעֶבֶד־מֶלֶךְ הַכּוּשִׁי לֵאמֹר כֹּה־אָמַר יְהוָה צְבָאוֹת אֱלֹהֵי יִשְׂרָאֵל הִנְנִי מֵבִי אֶת־דְּבָרַי אֶל־הָעִיר הַזֹּאת לְרָעָה וְלֹא לְטוֹבָה וְהָיוּ לְפָנֶיךָ בַּיּוֹם הַהוּא ׃	καὶ προσευξάμην πρὸς Κύριον μετὰ τὸ δοῦναί με τὸ βιβλίον τῆς κτήσεως πρὸς Βαροὺχ υἱὸν Νηρίου λέγων	vade et dic Abdemelech Aethiopi dicens haec dicit Dominus exercituum Deus Israhel ecce ego inducam sermones meos super civitatem hanc in malum et non in bonum et erunt in conspectu tuo in die illa	Vade, et dic Abdemelech thiopi, dicens: Hc dicit Dominus exercituum, Deus Isral: Ecce ego inducam sermones meos super civitatem hanc in malum, et non in bonum, et erunt in conspectu tuo in die illa.		Go and speak to Ebedmelech the Ethiopian, saying, Thus saith the Lord of hosts, the God of Israel; Behold, I will bring my words upon this city for evil, and not for good; and they shall be accomplished in that day before thee.
Jer	39	17	וְהִצַּלְתִּיךָ בַיּוֹם־הַהוּא נְאֻם־יְהוָה וְלֹא תִנָּתֵן בְּיַד הָאֲנָשִׁים אֲשֶׁר־אַתָּה יָגוֹר מִפְּנֵיהֶם ׃	Ὁ ὢν Κύριε, σὺ ἐποίησας τὸν οὐρανὸν καὶ τὴν γῆν τῇ ἰσχύι σου τῆ μεγάλῃ καὶ τῷ βραχίονί σου τῷ ὑψηλῷ καὶ τῷ μετεώρῳ, οὐ μὴ ἀποκρυβῇ ἀπὸ σοῦ οὐθέν,	et liberabo te in die illa ait Dominus et non traderis in manus virorum quos tu formidas	Et liberabo te in die illa, ait Dominus, et non traderis in manus virorum quos tu formidas:		But I will deliver thee in that day, saith the Lord: and thou shalt not be given into the hand of the men of whom thou art afraid.
Jer	39	18	כִּי מַלֵּט אֲמַלֶּטְךָ וּבַחֶרֶב לֹא תִפֹּל וְהָיְתָה לְךָ נַפְשְׁךָ לְשָׁלָל כִּי־בָטַחְתָּ בִּי נְאֻם־יְהוָה ׃ ס	πσιῶν ἔλεος εἰς χιλιάδας καὶ ἀποδιδοὺς ἁμαρτίας πατέρων εἰς κόλπους τέκνων αὐτῶν μετʼ αὐτούς, ὁ θεὸς ὁ μέγας ὁ ἰσχυρός,	sed eruens liberabo te et gladio non cades sed erit tibi anima tua in salutem quia in me habuisti fiduciam ait Dominus	sed eruens liberabo te, et gladio non cades, sed erit tibi anima tua in salutem, quia in me habuisti fiduciam, ait Dominus.		For I will surely deliver thee, and thou shalt not fall by the sword, but thy life shall be for a prey unto thee: because thou hast put thy trust in me, saith the Lord.
Jer	39	19		Κύριος μεγάλης βουλῆς καὶ δυνατὸς τοῖς ἔργοις, ὁ θεὸς ὁ μέγας ὁ παντοκράτωρ καὶ μεγαλώνυμος Κύριος· οἱ ὀφθαλμοί σου εἰς τὰς ὁδοὺς τῶν υἱῶν τῶν ἀνθρώπων δοῦναι ἑκάστῳ κατὰ τὴν ὁδὸν αὐτοῦ·				
Jer	39	20		ὃς ἐποίησας σημεῖα καὶ τέρατα ἐν γῇ Αἰγύπτῳ ἕως τῆς ἡμέρας ταύτης, καὶ ἐν Ἰσραὴλ καὶ ἐν τοῖς γηγενέσιν, καὶ ἐποίησας σεαυτῷ ὄνομα ὡς ἡ ἡμέρα αὕτη,				
Jer	39	21		καὶ ἐξήγαγες τὸν λαόν σου Ἰσραὴλ ἐκ γῆς Αἰγύπτου ἐν σημείοις καὶ ἐν τέρασιν, ἐν χειρὶ κραταιῷ καὶ ἐν βραχίονι ὑψηλῷ				
Jer	39	22		καὶ ἐν ὁράμασιν μεγάλοις, καὶ ἔδωκας αὐτοῖς τὴν γῆν ταύτην ἣν ὤμοσας τοῖς πατράσιν αὐτῶν, γῆν ῥέουσαν γάλα καὶ μέλι.				
Jer	39	23		καὶ εἰσήλθοσαν καὶ ἔλαβον αὐτήν, καὶ οὐκ ἤκουσαν τῆς φωνῆς σου, καὶ ἐν τοῖς προστάγμασίν σου οὐκ ἐπορεύθησαν· ἅπαντα ἃ ἐνετείλω οὐτοῖς οὐκ ἐποίησαν, συμβῆναι αὐτοῖς πάντα τὰ κακὰ ταῦτα.				
Jer	39	24		ἰδοὺ ὄχλος ἤκει εἰς τὴν πόλιν συλλαβεῖν αὐτήν, καὶ ἡ πόλις ἐδόθη εἰς χεῖρας Χαλδαίων τῶν πολεμούντων αὐτὴν ἀπὸ προσώπου μαχαίρας καὶ τοῦ λιμοῦ· ὡς ἐλάλησας, οὕτως ἐγένετο.				
Jer	39	25		καὶ σὺ λέγεις πρὸς μέ Κτῆσαι σεαυτῷ τὸν ἀγρὸν ἀργυρίου· καὶ ἔγραψα βιβλίον καὶ ἐσφραγισάμην, καὶ ἐπεμαρτυράμην μάρτυρας, καὶ ἡ πόλις ἐδόθη εἰς χεῖρας Χαλδαίων.				
Jer	39	26		Καὶ ἐγένετο λόγος Κυρίου πρὸς μέ λέγων				
Jer	39	27		Ἐγὼ Κύριος ὁ θεὸς πάσης σαρκός, μὴ ἀπʼ ἐμοῦ κρυβήσεταί τι;				
Jer	39	28		διὰ τοῦτο οὕτως εἶπεν Κύριος ὁ θεὸς Ἰσραήλ Δοθεῖσα παραδοθήσεται ἡ πόλις αὕτη εἰς χεῖρας βασιλέως Βαβυλῶνος, καὶ λήμψεται αὐτήν,				
Jer	39	29		καὶ ἥξουσιν οἱ Χαλδαῖοι πολεμοῦντες ἐπὶ τὴν πόλιν ταύτην, καὶ καύσουσιν τὴν πόλιν ταύτην ἐν πυρί, καὶ κατακαύσουσιν τὰς οἰκίας ἐν αἷς ἐθυμιῶσαν ἐπὶ τῶν δωμάτων αὐτῶν τῇ Βάαλ, καὶ ἔσπενδον σπονδὰς θεοῖς ἑτέροις πρὸς τὸ παραπικρᾶναί με.				
Jer	39	30		ὅτι ἦσαν οἱ υἱοὶ Ἰσραὴλ καὶ οἱ υἱοὶ Ἰούδα μόνοι ποιοῦντες τὸ πονηρὸν κατʼ ὀφθαλμούς μου ἐκ νεοτητος αὐτῶν·				
Jer	39	31		ὅτι ἐπὶ τὴν ὀργήν μου καὶ ἐπὶ τὸν θυμόν μου ἦν ἡ πόλις αὕτη, ἀφʼ ἧς ἡμέρας ᾠκοδόμησαν αὐτὴν καὶ ἕως τῆς ἡμέρας ταύτης, ἀπαλλάξαι αὐτὴν ἀπὸ προσώπου μου,				
Jer	39	32		διὰ πάσας τὰς πονηρίας τῶν υἱῶν Ἰσραὴλ καὶ Ἰούδα ὧν ἐποίησαν πικρᾶναί με, αὐτοὶ καὶ οἱ βασιλεῖς αὐτῶν καὶ οἱ ἄρχοντες αὐτῶν καὶ οἱ ἱερεῖς αὐτῶν καὶ οἱ προφῆται αὐτῶν, ἄνδρες Ἰούδα καὶ οἱ κατοικοῦντες ἐν Ἰερουσαλήμ,				
Jer	39	33		καὶ ἀπέστρεψαν πρὸς μέ νῶτον καὶ οὐ πρόσωπον, καὶ ἐδίδαξα αὐτοὺς ὄρθρου καὶ ἐδίδαξα καὶ οὐκ ἤκουσαν ἔτι λαβεῖν παιδείαν.				
Jer	39	34		καὶ ἔθηκαν τὰ μιάσματα αὐτῶν ἐν τῷ οἴκῳ οὗ ἐπεκλήθη τὸ ὄνομά μου ἐπʼ αὐτῷ ἐν ἀκαθαρσίαις αὐτῶν.				
Jer	39	35		καὶ ᾠκοδόμησαν τοὺς βωμοὺς τῇ Βάαλ τοὺς ἐν φάραγγι υἱοῦ Ἑννὸμ τοῦ ἀναφέρειν τοὺς υἱοὺς αὐτῶν καὶ τὰς θυγατέρας αὐτῶν τῷ Μόλόχ βασιλεῖ, ἃ οὐ συνέταξα αὐτοῖς καὶ οὐκ ἀνέβη ἐπὶ καρδίαν μου, τοῦ ποιῆσαι τὸ βδέλυγμα τοῦτο πρὸς τὸ ἐφαμαρτεῖν τὸν Ἰουδά.				
Jer	39	36		Καὶ νῦν οὕτως εἶπεν Κύριος ὁ θεὸς Ἰσραὴλ ἐπὶ τὴν πόλιν ἣν σὺ λέγεις Παραδοθήσεται εἰς χεῖρας βασιλέως Βαβυλῶνος ἐν μαχαίρᾳ καὶ ἐν λιμῷ καὶ ἐν ἀποστολῇ.				
Jer	39	37		Ἰδοὺ ἐγὼ συνάγω αὐτοὺς ἐκ πάσης τῆς γῆς οὗ διέσπειρα αὐτοὺς ἐκεῖ ἐν ἀργῇ μου καὶ τῷ θυμῷ μου καὶ παροξυσμῷ μεγάλῳ, καὶ ἐπιστρέψω αὐτοὺς εἰς τὸν τόπον τοῦτον, καὶ καθιῶ αὐτοὺς πεποιθότας,				
Jer	39	38		καὶ ἔσονταί μοι εἰς λαὸν καὶ ἐγὼ ἔσομαι αὐτοῖς εἰς θεόν.				
Jer	39	39		καὶ δώσω αὐτοῖς ὀδὸν ἑτέραν καὶ καρδίαν ἑτέραν, φοβηθῆναί με πάσας τὰς ἡμέρας, καὶ εἰς ἀγαθὸν αὐτοῖς καὶ τοῖς τέκνοις αὐτῶν μετʼ αὐτοὺς.				
Jer	39	40		καὶ διαθήσομαι αὐτοῖς διαθήκην αἰωνίαν, ἣν οὐ μὴ ἀποστρέψω ὄπισθεν αὐτῶν· καὶ τὸν φόβον μου δώσω εἰς τὴν καρδίαν αὐτῶν πρὸς τὸ μὴ ἀποστῆναι αὐτοὺς ἀπʼ ἐμοῦ.				
Jer	39	41		καὶ ἐπισκέψομαι τοῦ ἀγαθῶσαι αὐτούς, καὶ φυτεύσω αὐτοὺς ἐν τῇ γῆ ταύτῃ ἐν πίστει καὶ ἐν πάσῃ καρδίᾳ καὶ ἐν πάσῃ ψυχῇ.				
Jer	39	42		ὅτι οὕτως εἶπεν Κύριος Καθὰ ἐπήγαγον ἐπὶ τὸν λαὸν τοῦτον πάντα τὰ κακὰ τὰ μεγάλα ταῦτα, οὕτως ἐγὼ ἐπάξω ἐπʼ αὐτοὺς πάντα τὰ ἀγαθὰ ἃ ἐλάλησα ἐπʼ αὐτούς.				
Jer	39	43		καὶ κτηθήσονται ἔτι ἀγροὶ ἐν τῇ γῇ ᾖ σὺ λέγεις Ἄβατος ἔσται ἀπὸ ἀνθρώπων καὶ κτήνους, καὶ παρεδόθησαν εἰς χεῖρας Χαλδαίων·				
Jer	39	44		καὶ κτήσονται ἀγροὺς ἐν ἀργυρίῳ, καὶ γράψεις βιβλίον καὶ σφραγιῇ, καὶ διαμαρτυρῇ μάρτυρας, ἐν γῇ Βενιαμεὶν καὶ κύκλῳ τῆς Ἰερουσαλὴμ καὶ ἐν πόλεσιν Ἰούδα καὶ ἐν πόλεσιν τοῦ ὄρους τῆς σεφηλὰ καὶ ἐν πόλεσιν τῆς νάγεβ, ὅτι ἀποστρέψω τὰς ἀποικίας αὐτῶν.				
Jer	40	1	הַדָּבָר אֲשֶׁר־הָיָה אֶל־יִרְמְיָהוּ מֵאֵת יְהוָה אַחַר שַׁלַּח אֹתוֹ נְבוּזַרְאֲדָן רַב־טַבָּחִים מִן־הָרָמָה בְּקַחְתּוֹ אֹתוֹ וְהוּא־אָסוּר בָּאזִקִּים בְּתוֹךְ כָּל־גָּלוּת יְרוּשָׁלַםִ וִיהוּדָה הַמֻּגְלִים בָּבֶלָה ׃	Καὶ ἐγενετο λόγος Κυρίου πρὸς Ἰερεμίαν δεύτερον, καὶ αὐτὸς ἦν ἔτι δεδεμένος ἐν τῇ αὐλῇ τῆς φυλακῆς, λέγων	sermo qui factus est ad Hieremiam a Domino postquam dimissus est a Nabuzardan magistro militiae de Rama quando tulit eum vinctum catenis in medio omnium qui migrabant de Hierusalem et Iuda et ducebantur in Babylonem	Sermo qui factus est ad Jeremiam a Domino, postquam dimissus est a Nabuzardan magistro militi de Rama, quando tulit eum vinctum catenis in medio omnium qui migrabant de Jerusalem et Juda, et ducebantur in Babylonem.		The word that came to Jeremiah from the Lord, after that Nebuzaradan the captain of the guard had let him go from Ramah, when he had taken him being bound in chains among all that were carried away captive of Jerusalem and Judah, which were carried away captive unto Babylon.
Jer	40	2	וַיִּקַּח רַב־טַבָּחִים לְיִרְמְיָהוּ וַיֹּאמֶר אֵלָיו יְהוָה אֱלֹהֶיךָ דִּבֶּר אֶת־הָרָעָה הַזֹּאת אֶל־הַמָּקוֹם הַזֶּה ׃	Οὕτως εἶπεν Κύριος, ποιῶν γῆν καὶ πλάσσων αὐτὴν τοῦ ἀνορθῶσαι αὐτήν, Κύριος ὄνομα αὐτῷ	tollens ergo princeps militiae Hieremiam dixit ad eum Dominus Deus tuus locutus est malum hoc super locum istum	Tollens ergo princeps militi Jeremiam, dixit ad eum: Dominus Deus tuus locutus est malum hoc super locum istum:		And the captain of the guard took Jeremiah, and said unto him, The Lord thy God hath pronounced this evil upon this place.
Jer	40	3	וַיָּבֵא וַיַּעַשׂ יְהוָה כַּאֲשֶׁר דִּבֵּר כִּי־חֲטָאתֶם לַיהוָה וְלֹא־שְׁמַעְתֶּם בְּקוֹלוֹ וְהָיָה לָכֶם דָּבָר הַזֶּה ׃	Κέκραξον πρὸς μέ καὶ ἀποκριθήσομαί σοι, καὶ ἀπαγγελῶ σοι μεγάλα καὶ ἰσχυρὰ ἃ οὐκ ἔγνως αὐτά.	et adduxit et fecit Dominus sicut locutus est quia peccastis Domino et non audistis vocem eius et factus est vobis sermo hic	et adduxit, et fecit Dominus sicut locutus est, quia peccastis Domino, et non audistis vocem ejus: et factus est vobis sermo hic.		Now the Lord hath brought it, and done according as he hath said: because ye have sinned against the Lord, and have not obeyed his voice, therefore this thing is come upon you.
Jer	40	4	וְעַתָּה הִנֵּה פִתַּחְתִּיךָ הַיּוֹם מִן־הָאזִקִּים אֲשֶׁר עַל־יָדֶךָ אִם־טוֹב בְּעֵינֶיךָ לָבוֹא אִתִּי בָבֶל בֹּא וְאָשִׂים אֶת־עֵינִי עָלֶיךָ וְאִם־רַע בְּעֵינֶיךָ לָבוֹא־אִתִּי בָבֶל חֲדָל רְאֵה כָּל־הָאָרֶץ לְפָנֶיךָ אֶל־טוֹב וְאֶל־הַיָּשָׁר בְּעֵינֶיךָ לָלֶכֶת שָׁמָּה לֵךְ ׃	ὅτι οὕτως εἶπεν Κύριος περὶ οἴκων τῆς πόλεως ταύτης καὶ περὶ οἴκων βασιλέως Ἰούδα τῶν καθῃρημένων εἰς χάρακας καὶ προμαχῶνας,	nunc ergo ecce solvi te hodie de catenis quae sunt in manibus tuis si placet tibi ut venias mecum in Babylonem veni et ponam oculos meos super te si autem displicet tibi venire mecum in Babylonem reside ecce omnis terra in conspectu tuo quod elegeris et quo placuerit tibi ut vadas illuc perge	Nunc ergo ecce solvi te hodie de catenis qu sunt in manibus tuis: si placet tibi ut venias mecum in Babylonem, veni, et ponam oculos meos super te: si autem displicet tibi venire mecum in Babylonem, reside: ecce omnis terra in conspectu tuo est: quod elegeris, et quo placuerit tibi ut vadas, illuc perge:		And now, behold, I loose thee this day from the chains which were upon thine hand. If it seem good unto thee to come with me into Babylon, come; and I will look well unto thee: but if it seem ill unto thee to come with me into Babylon, forbear: behold, all the land is before thee: whither it seemeth good and convenient for thee to go, thither go.
Jer	40	5	וְעוֹדֶנּוּ לֹא־יָשׁוּב וְשֻׁבָה אֶל־גְּדַלְיָה בֶן־אֲחִיקָם בֶּן־שָׁפָן אֲשֶׁר הִפְקִיד מֶלֶךְ־בָּבֶל בְּעָרֵי יְהוּדָה וְשֵׁב אִתּוֹ בְּתוֹךְ הָעָם אוֹ אֶל־כָּל־הַיָּשָׁר בְּעֵינֶיךָ לָלֶכֶת לֵךְ וַיִּתֶּן־לוֹ רַב־טַבָּחִים אֲרֻחָה וּמַשְׂאֵת וַיְשַׁלְּחֵהוּ ׃	τοῦ μάχεσθαι πρὸς τοὺς Χαλδαίους καὶ πληρῶσαι αὐτὴν τῶν νεκρῶν τῶν ἀνθρώπων οὓς ἐπάταξα ἐν ὀργῇ μου καὶ ἐν θυμῷ μου, καὶ ἀπέστρεψα τὸ πρόσωπόν μου ἀπʼ αὐτῶν περὶ πασῶν τῶν πονηριῶν αὐτῶυ	et mecum noli venire sed habita apud Godoliam filium Ahicam filii Saphan quem praeposuit rex Babylonis civitatibus Iudaeae habita ergo cum eo in medio populi vel quocumque placuerit tibi ut vadas vade dedit quoque ei magister militiae cibaria et munuscula et dimisit eum	et mecum noli venire, sed habita apud Godoliam filium Ahicam filii Saphan, quem prposuit rex Babylonis civitatibus Juda: habita ergo cum eo in medio populi: vel quocumque placuerit tibi ut vadas, vade. Dedit quoque ei magister militi cibaria, et munuscula, et dimisit eum.		Now while he was not yet gone back, he said, Go back also to Gedaliah the son of Ahikam the son of Shaphan, whom the king of Babylon hath made governor over the cities of Judah, and dwell with him among the people: or go wheresoever it seemeth convenient unto thee to go. So the captain of the guard gave him victuals and a reward, and let him go.
Jer	40	6	וַיָּבֹא יִרְמְיָהוּ אֶל־גְּדַלְיָה בֶן־אֲחִיקָם הַמִּצְפָּתָה וַיֵּשֶׁב אִתּוֹ בְּתוֹךְ הָעָם הַנִּשְׁאָרִים בָּאָרֶץ ׃ ס	Ἰδοὺ ἐγὼ ἀνάγω αὐτῇ συνούλωσιν καὶ ἴαμα, καὶ φανερώσω αὐτοῖς καὶ ἰατρεύσω αὐτήν, καὶ εἰρήνην καὶ πίστιν·	venit autem Hieremias ad Godoliam filium Ahicam in Masphat et habitavit cum eo in medio populi qui relictus fuerat in terra	Venit autem Jeremias ad Godoliam filium Ahicam in Masphath, et habitavit cum eo in medio populi qui relictus fuerat in terra.		Then went Jeremiah unto Gedaliah the son of Ahikam to Mizpah; and dwelt with him among the people that were left in the land.
Jer	40	7	וַיִּשְׁמְעוּ כָל־שָׂרֵי הַחֲיָלִים אֲשֶׁר בַּשָּׂדֶה הֵמָּה וְאַנְשֵׁיהֶם כִּי־הִפְקִיד מֶלֶךְ־בָּבֶל אֶת־גְּדַלְיָהוּ בֶן־אֲחִיקָם בָּאָרֶץ וְכִי הִפְקִיד אִתּוֹ אֲנָשִׁים וְנָשִׁים וָטָף וּמִדַּלַּת הָאָרֶץ מֵאֲשֶׁר לֹא־הָגְלוּ בָּבֶלָה ׃	καὶ ἐπιστρέψω τὴν ἀποικίαν Ἰούδα καὶ τὴν ἀποικίαν Ἰσραὴλ, καὶ οἰκοδομήσω αὐτοὺς καθὼς καὶ τὸ πρότερον,	cum ergo audissent omnes principes exercitus qui dispersi fuerant per regiones ipsi et socii eorum quod praefecisset rex Babylonis Godoliam filium Ahicam terrae et quod commendasset ei viros et mulieres et parvulos et de pauperibus terrae qui non fuerant translati in Babylonem	Cumque audissent omnes principes exercitus, qui dispersi fuerant per regiones, ipsi et socii eorum, quod prfecisset rex Babylonis Godoliam filium Ahicam terr, et quod commendasset ei viros, et mulieres, et parvulos, et de pauperibus terr, qui non fuerant translati in Babylonem,		Now when all the captains of the forces which were in the fields, even they and their men, heard that the king of Babylon had made Gedaliah the son of Ahikam governor in the land, and had committed unto him men, and women, and children, and of the poor of the land, of them that were not carried away captive to Babylon;
Jer	40	8	וַיָּבֹאוּ אֶל־גְּדַלְיָה הַמִּצְפָּתָה וְיִשְׁמָעֵאל בֶּן־נְתַנְיָהוּ וְיוֹחָנָן וְיוֹנָתָן בְּנֵי־קָרֵחַ וּשְׂרָיָה בֶן־תַּנְחֻמֶת וּבְנֵי עוֹפַי הַנְּטֹפָתִי וִיזַנְיָהוּ בֶּן־הַמַּעֲכָתִי הֵמָּה וְאַנְשֵׁיהֶם ׃	καὶ καθαριῶ αὐτοὺς ἀπὸ πασῶν τῶν ἀδικιῶν αὐτῶν ὧν ἡμάρτοσάν μοι, καὶ οὐ μὴ μνησθήσομαι ἁμαρτιῶν αὐτῶν ὧν ἥμαρτόν μοι καὶ ἀπέστησαν ἀπʼ ἐμοῦ.	venerunt ad Godoliam in Masphat et Ismahel filius Nathaniae et Iohanan et Ionathan filii Caree et Sareas filius Thenoemeth et filii Offi qui erat de Nethophathi et Iezonias filius Maachathi ipsi et viri eorum	venerunt ad Godoliam in Masphath, et Ismahel filius Nathani, et Johanan et Jonathan filii Caree, et Sareas filius Thanehumeth, et filii Ophi, qui erant de Netophathi, et Jezonias filius Maachathi, ipse et viri eorum.		Then they came to Gedaliah to Mizpah, even Ishmael the son of Nethaniah, and Johanan and Jonathan the sons of Kareah, and Seraiah the son of Tanhumeth, and the sons of Ephai the Netophathite, and Jezaniah the son of a Maachathite, they and their men.
Jer	40	9	וַיִּשָּׁבַע לָהֶם גְּדַלְיָהוּ בֶן־אֲחִיקָם בֶּן־שָׁפָן וּלְאַנְשֵׁיהֶם לֵאמֹר אַל־תִּירְאוּ מֵעֲבוֹד הַכַּשְׂדִּים שְׁבוּ בָאָרֶץ וְעִבְדוּ אֶת־מֶלֶךְ בָּבֶל וְיִיטַב לָכֶם ׃	καὶ ἔσται εἰς εὐφροσύνην καὶ αἴνεσιν καὶ εἰς μεγαλειότητα παντὶ τῷ λαῷ τῆς γῆς οἵτινες ἀκούσονται πάντα τὰ ἀγαθὰ ἃ ἐγὼ ποιήσω, καὶ φοβηθήσονται καὶ πικρανθήσονται περὶ πάντων τῶν ἀγαθῶν καὶ περὶ πάσης τῆς εἰρήνης ἧς ἐγὼ ποιήσω αὐτοῖς.	et iuravit eis Godolias filius Ahicam filii Saphan et comitibus eorum dicens nolite timere servire Chaldeis habitate in terra et servite regi Babylonis et bene erit vobis	Et juravit eis Godolias filius Ahicam filii Saphan, et comitibus eorum, dicens: Nolite timere servire Chaldis: habitate in terra, et servite regi Babylonis, et bene erit vobis.		And Gedaliah the son of Ahikam the son of Shaphan sware unto them and to their men, saying, Fear not to serve the Chaldeans: dwell in the land, and serve the king of Babylon, and it shall be well with you.
Jer	40	10	וַאֲנִי הִנְנִי יֹשֵׁב בַּמִּצְפָּה לַעֲמֹד לִפְנֵי הַכַּשְׂדִּים אֲשֶׁר יָבֹאוּ אֵלֵינוּ וְאַתֶּם אִסְפוּ יַיִן וְקַיִץ וְשֶׁמֶן וְשִׂמוּ בִּכְלֵיכֶם וּשְׁבוּ בְּעָרֵיכֶם אֲשֶׁר־תְּפַשְׂתֶּם ׃	οὕτως εἶπεν Κύριος Ἔτι ἀκουσθήσεται ἐν τῷ τόπῳ τούτῳ ᾧ ὑμεῖς λέγετε Ἔρημός ἐστιν ἀπὸ ἀνθρώπων καὶ κτηνῶν, ἐν πόλεσιν Ἰούδα καὶ ἔξωθεν Ἰερουσαλὴμ ταῖς ἠρημωμέναις παρὰ τὸ μὴ εἶναι ἄνθρωπον καὶ κτήνη,	ecce ego habito in Masphat ut respondeam praecepto Chaldeorum qui mittuntur ad nos vos autem colligite vindemiam et messem et oleum et condite in vasis vestris et manete in urbibus vestris quas tenetis	Ecce ego habito in Masphath, ut respondeam prcepto Chaldorum qui mittuntur ad nos: vos autem colligite vindemiam, et messem, et oleum, et condite in vasis vestris, et manete in urbibus vestris, quas tenetis.		As for me, behold, I will dwell at Mizpah, to serve the Chaldeans, which will come unto us: but ye, gather ye wine, and summer fruits, and oil, and put them in your vessels, and dwell in your cities that ye have taken.
Jer	40	11	וְגַם כָּל־הַיְּהוּדִים אֲשֶׁר־בְּמוֹאָב וּבִבְנֵי־עַמּוֹן וּבֶאֱדוֹם וַאֲשֶׁר בְּכָל־הָאֲרָצוֹת שָׁמְעוּ כִּי־נָתַן מֶלֶךְ־בָּבֶל שְׁאֵרִית לִיהוּדָה וְכִי הִפְקִיד עֲלֵיהֶם אֶת־גְּדַלְיָהוּ בֶּן־אֲחִיקָם בֶּן־שָׁפָן ׃	φωνὴ εὐφροσύνης καὶ φωνὴ χαρμοσύνης, φωνὴ νυμφίου καὶ φωνὴ νύμφης, φωνὴ λεγόντων Ἐξομολογεῖσθε Κυρίῳ Παντοκράτορι, ὅτι χρηστὸς Κύριος, ὅτι εἰς τὸν αἰῶνα τὸ ἔλεος αὐτοῦ· καὶ εἰσοίσουσιν δῶρα εἰς οἶκον Κυρίου, ὅτι ἀποστρέψω πᾶσαν τὴν ἀποικίαν τῆς γῆς ἐκείνης κατὰ τὸ πρότερον, εἶπεν Κύριος.	sed et omnes Iudaei qui erant in Moab et in filiis Ammon et in Idumea et in universis regionibus audito quod dedisset rex Babylonis reliquias in Iudaeam et quod praeposuisset super eos Godoliam filium Ahicam filii Saphan	Sed et omnes Judi qui erant in Moab, et in filiis Ammon, et in Iduma, et in universis regionibus, audito quod dedisset rex Babylonis reliquias in Juda, et quod prposuisset super eos Godoliam filium Ahicam filii Saphan,		Likewise when all the Jews that were in Moab, and among the Ammonites, and in Edom, and that were in all the countries, heard that the king of Babylon had left a remnant of Judah, and that he had set over them Gedaliah the son of Ahikam the son of Shaphan;
Jer	40	12	וַיָּשֻׁבוּ כָל־הַיְּהוּדִים מִכָּל־הַמְּקֹמוֹת אֲשֶׁר נִדְּחוּ־שָׁם וַיָּבֹאוּ אֶרֶץ־יְהוּדָה אֶל־גְּדַלְיָהוּ הַמִּצְפָּתָה וַיַּאַסְפוּ יַיִן וָקַיִץ הַרְבֵּה מְאֹד ׃ פ	οὕτως εἶπεν Κύριος τῶν δυνάμεων ὅτι Ἔσται ἐν τῷ τόπῳ τούτῳ τῷ ἐρήμῳ παρὰ τὸ μὴ εἶναι ἄνθραωπον καὶ κτῆνος, ἐν πάσαις ταῖς πόλεσιν αὐτοῦ καταλύματα ποιμένων κοιταζόντων πρόβατα,	reversi sunt inquam omnes Iudaei de universis locis ad quae profugerant et venerunt in terram Iuda ad Godoliam in Masphat et collegerunt vinum et messem multam nimis	reversi sunt, inquam, omnes Judi de universis locis ad qu profugerant, et venerunt in terram Juda ad Godoliam in Masphath, et collegerunt vinum et messam multam nimis.		Even all the Jews returned out of all places whither they were driven, and came to the land of Judah, to Gedaliah, unto Mizpah, and gathered wine and summer fruits very much.
Jer	40	13	וְיוֹחָנָן בֶּן־קָרֵחַ וְכָל־שָׂרֵי הַחֲיָלִים אֲשֶׁר בַּשָּׂדֶה בָּאוּ אֶל־גְּדַלְיָהוּ הַמִּצְפָּתָה ׃	ἐν πόλεσιν τῆς ὀρινῆς καὶ ἐν πόλεσιν τῆς σεφηλὰ καὶ ἐν πόλεσιν τῆς νάγεβ καὶ ἐν γῇ Βενιαμεὶν καὶ ἐν ταῖς κύκλῳ Ἰερουσαλὴμ καὶ ἐν πόλεσιν Ἰούδα, ἔτι παρελεύσεται πρόβατα ἐπὶ χεῖρα ἀριθμοῦντος, εἶπεν Κύριος.	Iohanan autem filius Caree et omnes principes exercitus qui dispersi erant in regionibus venerunt ad Godoliam in Masphat	Johanan autem filius Caree, et omnes principes exercitus, qui dispersi fuerant in regionibus, venerunt ad Godoliam in Masphath,		Moreover Johanan the son of Kareah, and all the captains of the forces that were in the fields, came to Gedaliah to Mizpah,
Jer	40	14	וַיֹּאמְרוּ אֵלָיו הֲיָדֹעַ תֵּדַע כִּי בַּעֲלִיס מֶלֶךְ בְּנֵי־עַמּוֹן שָׁלַח אֶת־יִשְׁמָעֵאל בֶּן־נְתַנְיָה לְהַכֹּתְךָ נָפֶשׁ וְלֹא־הֶאֱמִין לָהֶם גְּדַלְיָהוּ בֶּן־אֲחִיקָם ׃		et dixerunt ei scito quia Baalis rex filiorum Ammon misit Ismahel filium Nathaniae percutere animam tuam et non credidit eis Godolias filius Ahicam	et dixerunt ei: Scito quod Baalis, rex filiorum Ammon, misit Ismahel filium Nathani percutere animam tuam. Et non credidit eis Godolias filius Ahicam.		And said unto him, Dost thou certainly know that Baalis the king of the Ammonites hath sent Ishmael the son of Nethaniah to slay thee? But Gedaliah the son of Ahikam believed them not.
Jer	40	15	וְיוֹחָנָן בֶּן־קָרֵחַ אָמַר אֶל־גְּדַלְיָהוּ בַסֵּתֶר בַּמִּצְפָּה לֵאמֹר אֵלְכָה נָּא וְאַכֶּה אֶת־יִשְׁמָעֵאל בֶּן־נְתַנְיָה וְאִישׁ לֹא יֵדָע לָמָּה יַכֶּכָּה נֶּפֶשׁ וְנָפֹצוּ כָּל־יְהוּדָה הַנִּקְבָּצִים אֵלֶיךָ וְאָבְדָה שְׁאֵרִית יְהוּדָה ׃		Iohanan vero filius Caree dixit ad Godoliam seorsum in Masphat loquens ibo et percutiam Ismahel filium Nathaniae nullo sciente ne interficiat animam tuam et dissipentur omnes Iudaei qui congregati sunt ad te et peribunt reliquiae Iuda	Johanan autem filius Caree dixit ad Godoliam seorsum in Masphath, loquens: Ibo, et percutiam Ismahel filium Nathani, nullo sciente, ne interficiat animam tuam, et dissipentur omnes Judi qui congregati sunt ad te, et peribunt reliqui Juda.		Then Johanan the son of Kareah spake to Gedaliah in Mizpah secretly saying, Let me go, I pray thee, and I will slay Ishmael the son of Nethaniah, and no man shall know it: wherefore should he slay thee, that all the Jews which are gathered unto thee should be scattered, and the remnant in Judah perish?
Jer	40	16	וַיֹּאמֶר גְּדַלְיָהוּ בֶן־אֲחִיקָם אֶל־יוֹחָנָן בֶּן־קָרֵחַ אַל־תַּעַשׂ אֶת־הַדָּבָר הַזֶּה כִּי־שֶׁקֶר אַתָּה דֹבֵר אֶל־יִשְׁמָעֵאל ׃ ס		et ait Godolias filius Ahicam ad Iohanan filium Caree noli facere verbum hoc falsum enim tu loqueris de Ismahel	Et ait Godolias filius Ahicam ad Johanan filium Caree: Noli facere verbum hoc: falsum enim tu loqueris de Ismahel.		But Gedaliah the son of Ahikam said unto Johanan the son of Kareah, Thou shalt not do this thing: for thou speakest falsely of Ishmael.
Jer	41	1	וַיְהִי בַּחֹדֶשׁ הַשְּׁבִיעִי בָּא יִשְׁמָעֵאל בֶּן־נְתַנְיָה בֶן־אֱלִישָׁמָע מִזֶּרַע הַמְּלוּכָה וְרַבֵּי הַמֶּלֶךְ וַעֲשָׂרָה אֲנָשִׁים אִתּוֹ אֶל־גְּדַלְיָהוּ בֶן־אֲחִיקָם הַמִּצְפָּתָה וַיֹּאכְלוּ שָׁם לֶחֶם יַחְדָּו בַּמִּצְפָּה ׃	Ὁ λόγος ὁ γενόμενος πρὸς Ἰερεμίαν παρὰ Κυρίου· καὶ Ναβουχοδονοσὸρ βασιλεὺς Βαβυλῶνος καὶ πᾶν τὸ στρατόπεδον αὐτοῦ καὶ πᾶσα ἡ γῆ ἀρχῆς αὐτοῦ ἐπολέμουν αὐτὸν ἐπὶ Ἰερουσαλὴμ καὶ ἐπὶ πάσας τὰς πόλεις Ἰούδα, λέγων	et factum est in mense septimo venit Ismahel filius Nathaniae filii Elisama de semine regali et optimates regis et decem viri cum eo ad Godoliam filium Ahicam in Masphat et comederunt ibi panes simul in Masphat	Et factum est in mense septimo, venit Ismahel filius Nathani filii Elisama, de semine regali, et optimates regis, et decem viri cum eo, ad Godoliam filium Ahicam, in Masphath, et comederunt ibi panes simul in Masphath.		Now it came to pass in the seventh month, that Ishmael the son of Nethaniah the son of Elishama, of the seed royal, and the princes of the king, even ten men with him, came unto Gedaliah the son of Ahikam to Mizpah; and there they did eat bread together in Mizpah.
Jer	41	2	וַיָּקָם יִשְׁמָעֵאל בֶּן־נְתַנְיָה וַעֲשֶׂרֶת הָאֲנָשִׁים אֲשֶׁר־הָיוּ אִתּוֹ וַיַּכּוּ אֶת־גְּדַלְיָהוּ בֶן־אֲחִיקָם בֶּן־שָׁפָן בַּחֶרֶב וַיָּמֶת אֹתוֹ אֲשֶׁר־הִפְקִיד מֶלֶךְ־בָּבֶל בָּאָרֶץ ׃	Οὕτως εἶπεν Κύριος Βάδισον πρὸς Σεδεκίαν βασιλέα Ἰούδα καὶ ἐρεῖς αὐτῷ Οὕτως εἶπεν Κύριος Παραδόσει παραδοθήσεται ἡ πόλις αὕτη εἰς χεῖρας βασιλέως Βαβυλῶνος, καὶ συλλήμψεται αὐτὴν καὶ καύσει αὐτὴν ἐν πυρί,	surrexit autem Ismahel filius Nathaniae et decem viri qui erant cum eo et percusserunt Godoliam filium Ahicam filii Saphan gladio et interfecerunt eum quem praefecerat rex Babylonis terrae	Surrexit autem Ismahel filius Nathani, et decem viri qui cum eo erant, et percusserunt Godoliam filium Ahicam filii Saphan gladio, et interfecerunt eum quem prfecerat rex Babylonis terr.		Then arose Ishmael the son of Nethaniah, and the ten men that were with him, and smote Gedaliah the son of Ahikam the son of Shaphan with the sword, and slew him, whom the king of Babylon had made governor over the land.
Jer	41	3	וְאֵת כָּל־הַיְּהוּדִים אֲשֶׁר־הָיוּ אִתּוֹ אֶת־גְּדַלְיָהוּ בַּמִּצְפָּה וְאֶת־הַכַּשְׂדִּים אֲשֶׁר נִמְצְאוּ־שָׁם אֵת אַנְשֵׁי הַמִּלְחָמָה הִכָּה יִשְׁמָעֵאל ׃	καὶ σὺ οὐ μὴ σωθῇς ἐκ χειρὸς αὐτοῦ, καὶ συλλήμψει συλλημφθήσει καὶ εἰς χεῖρας αὐτοῦ δοθήσει, καὶ ὀφθαλμοί σου τοὺς ὀφθαλμοὺς αὐτοῦ ὄψονται, καὶ εἰς Βαβυλῶνα εἰσελεύσει.	omnes quoque Iudaeos qui erant cum Godolia in Masphat et Chaldeos qui repperti sunt ibi et viros bellatores percussit Ismahel	Omnes quoque Judos qui erant cum Godolia in Masphath, et Chaldos qui reperti sunt ibi, et viros bellatores, percussit Ismahel.		Ishmael also slew all the Jews that were with him, even with Gedaliah, at Mizpah, and the Chaldeans that were found there, and the men of war.
Jer	41	4	וַיְהִי בַּיּוֹם הַשֵּׁנִי לְהָמִית אֶת־גְּדַלְיָהוּ וְאִישׁ לֹא יָדָע ׃	ἀλλὰ ἄκουσον τὸν λόγον Κυρίου, Σεδεκία βασιλεῦ Ἰούδα Οὕτως λέγει Κύριος	secundo autem die postquam occiderat Godoliam nullo adhuc sciente	Secundo autem die postquam occiderat Godoliam, nullo adhuc sciente,		And it came to pass the second day after he had slain Gedaliah, and no man knew it,
Jer	41	5	וַיָּבֹאוּ אֲנָשִׁים מִשְּׁכֶם מִשִּׁלוֹ וּמִשֹּׁמְרוֹן שְׁמֹנִים אִישׁ מְגֻלְּחֵי זָקָן וּקְרֻעֵי בְגָדִים וּמִתְגֹּדְדִים וּמִנְחָה וּלְבוֹנָה בְּיָדָם לְהָבִיא בֵּית יְהוָה ׃	Ἐν εἰρήνῃ ἀποθανῇ· καὶ ὡς ἔκλαυσαν τοὺς πατέρας σου τοὺς βασιλεύσαντας πρότερόν σου, κλαύσονται καὶ σέ, καὶ ἕως ᾅδου κόψονταί σε· ὅτι λόγον ἐγὼ ἐλάλησα, εἶπεν Κύριος.	venerunt viri de Sychem et de Silo et de Samaria octoginta viri rasi barbam et scissis vestibus et squalentes munera et tus habebant in manu ut offerrent in domo Domini	venerunt viri de Sichem, et de Silo, et de Samaria, octoginta viri, rasi barba, et scissis vestibus, et squallentes: et munera et thus habebant in manu, ut offerrent in domo Domini.		That there came certain from Shechem, from Shiloh, and from Samaria, even fourscore men, having their beards shaven, and their clothes rent, and having cut themselves, with offerings and incense in their hand, to bring them to the house of the Lord.
Jer	41	6	וַיֵּצֵא יִשְׁמָעֵאל בֶּן־נְתַנְיָה לִקְרָאתָם מִן־הַמִּצְפָּה הֹלֵךְ הָלֹךְ וּבֹכֶה וַיְהִי כִּפְגֹשׁ אֹתָם וַיֹּאמֶר אֲלֵיהֶם בֹּאוּ אֶל־גְּדַלְיָהוּ בֶן־אֲחִיקָם ׃ ס	καὶ ἐλάλησεν Ἰερεμίας πρὸς τὸν βασιλέα Σεδεκίαν πάντας τοὺς λόγους τούτους ἐν Ἰερουσαλήμ.	egressus ergo Ismahel filius Nathaniae in occursum eorum de Masphat incedens et plorans ibat cum autem occurrisset eis dixit ad eos venite ad Godoliam filium Ahicam	Egressus ergo Ismahel filius Nathani in occursum eorum de Masphath, incedens et plorans ibat: cum autem occurrisset eis, dixit ad eos: Venite ad Godoliam filium Ahicam.		And Ishmael the son of Nethaniah went forth from Mizpah to meet them, weeping all along as he went: and it came to pass, as he met them, he said unto them, Come to Gedaliah the son of Ahikam.
Jer	41	7	וַיְהִי כְּבוֹאָם אֶל־תּוֹךְ הָעִיר וַיִּשְׁחָטֵם יִשְׁמָעֵאל בֶּן־נְתַנְיָה אֶל־תּוֹךְ הַבּוֹר הוּא וְהָאֲנָשִׁים אֲשֶׁר־אִתּוֹ ׃	καὶ ἡ δύναμις βασιλέως Βαβυλῶνος ἐπολέμει ἐπὶ Ἰερουσαλὴμ καὶ ἐπὶ τὰς πόλεις Ἰούδα καὶ ἐπὶ Λαχεὶς καὶ ἐπὶ Ἀζηκά , ὅτι αὗται κατελείφθησαν ἐν πόλεσιν Ἰούδα πόλεις ὀχυραί.	qui cum venissent ad medium civitatis interfecit eos Ismahel filius Nathaniae circa medium laci ipse et viri qui erant cum eo	Qui cum venissent ad medium civitatis, interfecit eos Ismahel filius Nathani circa medium laci, ipse et viri qui erant cum eo.		And it was so, when they came into the midst of the city, that Ishmael the son of Nethaniah slew them, and cast them into the midst of the pit, he, and the men that were with him.
Jer	41	8	וַעֲשָׂרָה אֲנָשִׁים נִמְצְאוּ־בָם וַיֹּאמְרוּ אֶל־יִשְׁמָעֵאל אַל־תְּמִתֵנוּ כִּי־יֶשׁ־לָנוּ מַטְמֹנִים בַּשָּׂדֶה חִטִּים וּשְׂעֹרִים וְשֶׁמֶן וּדְבָשׁ וַיֶּחְדַּל וְלֹא הֱמִיתָם בְּתוֹךְ אֲחֵיהֶם ׃	Ὁ λόγος ὁ γενόμενος πρὸς Ἰερεμίαν παρὰ Κυρίου μετὰ τὸ συντελέσαι τὸν βασιλέα Σεδεκίαν διαθήκην πρὸς τὸν λαὸν τοῦ καλέσαι ἄφεσιν,	decem autem viri repperti sunt inter eos qui dixerunt ad Ismahel noli occidere nos quia habemus thesauros in agro frumenti et hordei et olei et mellis et cessavit et non interfecit eos cum fratribus suis	Decem autem viri reperti sunt inter eos, qui dixerunt ad Ismahel: Noli occidere nos, quia habemus thesauros in agro, frumenti, et hordei, et olei, et mellis: et cessavit, et non interfecit eos cum fratribus suis.		But ten men were found among them that said unto Ishmael, Slay us not: for we have treasures in the field, of wheat, and of barley, and of oil, and of honey. So he forbare, and slew them not among their brethren.
Jer	41	9	וְהַבּוֹר אֲשֶׁר הִשְׁלִיךְ שָׁם יִשְׁמָעֵאל אֵת כָּל־פִּגְרֵי הָאֲנָשִׁים אֲשֶׁר הִכָּה בְּיַד־גְּדַלְיָהוּ הוּא אֲשֶׁר עָשָׂה הַמֶּלֶךְ אָסָא מִפְּנֵי בַּעְשָׁא מֶלֶךְ־יִשְׂרָאֵל אֹתוֹ מִלֵּא יִשְׁמָעֵאל בֶּן־נְתַנְיָהוּ חֲלָלִים ׃	τοῦ ἐξαποστεῖλαι ἕκαστον τὸν παῖδα αὐτοῦ καὶ ἕκαστον τὴν παιδίσκην αὐτοῦ, τὸν Ἐβραῖον καὶ τὴν Ἐβραίαν, ἐλευθέρους. πρὸς τὸ μὴ δουλεύειν ἄνδρα ἐξ Ἰούδα.	lacus autem in quem proiecerat Ismahel omnia cadavera virorum quos percussit propter Godoliam ipse est quem fecit rex Asa propter Baasa regem Israhel ipsum replevit Ismahel filius Nathaniae occisis	Lacus autem in quem projecerat Ismahel omnia cadavera virorum quos percussit propter Godoliam, ipse est quem fecit rex Asa propter Baasa regem Isral: ipsum replevit Ismahel filius Nathani occisis.		Now the pit wherein Ishmael had cast all the dead bodies of the men, whom he had slain because of Gedaliah, was it which Asa the king had made for fear of Baasha king of Israel: and Ishmael the son of Nethaniah filled it with them that were slain.
Jer	41	10	וַיִּשְׁבְּ יִשְׁמָעֵאל אֶת־כָּל־שְׁאֵרִית הָעָם אֲשֶׁר בַּמִּצְפָּה אֶת־בְּנוֹת הַמֶּלֶךְ וְאֶת־כָּל־הָעָם הַנִּשְׁאָרִים בַּמִּצְפָּה אֲשֶׁר הִפְקִיד נְבוּזַרְאֲדָן רַב־טַבָּחִים אֶת־גְּדַלְיָהוּ בֶּן־אֲחִיקָם וַיִּשְׁבֵּם יִשְׁמָעֵאל בֶּן־נְתַנְיָה וַיֵּלֶךְ לַעֲבֹר אֶל־בְּנֵי עַמּוֹן ׃ ס	καὶ ἐπεστράφησαν πάντες οἱ μεγιστᾶνες καὶ πᾶς ὁ λαὸς οἱ εἰσελθόντες ἐν τῇ διαθήκῃ τοῦ ἀποστεῖλαι ἕκαστον τὸν παῖδα αὐτοῦ καὶ τὴν παιδίσκην αὐτοῦ, καὶ ἐῶσαν	et captivas duxit Ismahel omnes reliquias populi qui erant in Masphat filias regis et universum populum qui remanserat in Masphat quos commendarat Nabuzardan princeps militiae Godoliae filio Ahicam et cepit eos Ismahel filius Nathaniae et abiit ut transiret ad filios Ammon	Et captivas duxit Ismahel omnes reliquias populi qui erant in Masphath, filias regis, et universum populum qui remanserat in Masphath, quos commendaverat Nabuzardan, princeps militi, Godoli filio Ahicam: et cepit eos Ismahel filius Nathani, et abiit ut transiret ad filios Ammon.		Then Ishmael carried away captive all the residue of the people that were in Mizpah, even the king's daughters, and all the people that remained in Mizpah, whom Nebuzaradan the captain of the guard had committed to Gedaliah the son of Ahikam: and Ishmael the son of Nethaniah carried them away captive, and departed to go over to the Ammonites.
Jer	41	11	וַיִּשְׁמַע יוֹחָנָן בֶּן־קָרֵחַ וְכָל־שָׂרֵי הַחֲיָלִים אֲשֶׁר אִתּוֹ אֵת כָּל־הָרָעָה אֲשֶׁר עָשָׂה יִשְׁמָעֵאל בֶּן־נְתַנְיָה ׃	αὐτοὺς εἰς παῖδας καὶ παιδίσκας.	audivit autem Iohanan filius Caree et omnes principes bellatorum qui erant cum eo omne malum quod fecerat Ismahel filius Nathaniae	Audivit autem Johanan filius Caree, et omnes principes bellatorum qui erant cum eo, omne malum quod fecerat Ismahel filius Nathani,		But when Johanan the son of Kareah, and all the captains of the forces that were with him, heard of all the evil that Ishmael the son of Nethaniah had done,
Jer	41	12	וַיִּקְחוּ אֶת־כָּל־הָאֲנָשִׁים וַיֵּלְכוּ לְהִלָּחֵם עִם־יִשְׁמָעֵאל בֶּן־נְתַנְיָה וַיִּמְצְאוּ אֹתוֹ אֶל־מַיִם רַבִּים אֲשֶׁר בְּגִבְעוֹן ׃	καὶ ἐγενήθη λόγος Κυρίου πρὸς Ἰερεμίαν λέγων	et adsumptis universis viris profecti sunt ut bellarent adversum Ismahel filium Nathaniae et invenerunt eum ad aquas Multas quae sunt in Gabaon	et assumptis universis viris, profecti sunt ut bellarent adversum Ismahel filium Nathani: et invenerunt eum ad aquas multas qu sunt in Gabaon.		Then they took all the men, and went to fight with Ishmael the son of Nethaniah, and found him by the great waters that are in Gibeon.
Jer	41	13	וַיְהִי כִּרְאוֹת כָּל־הָעָם אֲשֶׁר אֶת־יִשְׁמָעֵאל אֶת־יוֹחָנָן בֶּן־קָרֵחַ וְאֵת כָּל־שָׂרֵי הַחֲיָלִים אֲשֶׁר אִתּוֹ וַיִּשְׂמָחוּ ׃	Οὕτως εἶπεν Κύριος Ἐγὼ ἐθέμην διαθήκην πρὸς τοὺς πατέρας ὑμῶν ἐν τῇ ἡμέρᾳ ᾖ ἐξειλάμην αὐτοὺς ἐκ γῆς Αἰγύπτου, ἐξ οἴκου δουλείας, λέγων	cumque vidisset omnis populus qui erat cum Ismahel Iohanan filium Caree et universos principes bellatorum qui erant cum eo laetati sunt	Cumque vidisset omnis populus qui erat cum Ismahel Johanan filium Caree, et universos principes bellatorum qui erant cum eo, ltati sunt:		Now it came to pass, that when all the people which were with Ishmael saw Johanan the son of Kareah, and all the captains of the forces that were with him, then they were glad.
Jer	41	14	וַיָּסֹבּוּ כָּל־הָעָם אֲשֶׁר־שָׁבָה יִשְׁמָעֵאל מִן־הַמִּצְפָּה וַיָּשֻׁבוּ וַיֵּלְכוּ אֶל־יוֹחָנָן בֶּן־קָרֵחַ ׃	Ὅταν πληρωθῇ ἓξ ἔτη, ἀποστελεῖς τὸν ἀδελφόν σου τὸν Ἐβραῖον ὃς πραθήσεταί σοι καὶ ἐργᾶταί σοι ἓξ ἔτη, καὶ ἐξαποστελεῖς αὐτὸν ἐλεύθερον· καὶ οὐκ ἤκουσάν μου καὶ οὐκ ἔκλιναν τὸ οὗς αὐτῶν.	et reversus est omnis populus quem ceperat Ismahel in Masphat reversusque abiit ad Iohanan filium Caree	et reversus est omnis populus, quem ceperat Ismahel, in Masphath, reversusque abiit ad Johanan filium Caree.		So all the people that Ishmael had carried away captive from Mizpah cast about and returned, and went unto Johanan the son of Kareah.
Jer	41	15	וְיִשְׁמָעֵאל בֶּן־נְתַנְיָה נִמְלַט בִּשְׁמֹנָה אֲנָשִׁים מִפְּנֵי יוֹחָנָן וַיֵּלֶךְ אֶל־בְּנֵי עַמּוֹן ׃ ס	καὶ ἐπέστρεψαν σήμερον ποιῆσαι τὸ εὐθὲς πρὸ ὀφθαλμῶν μου τοῦ καλέσαι ἄφεσιν ἕκαστον τοῦ πλησίον αὐτοῦ, καὶ συνετέλεσαν διαθήκην κατὰ πρόσωπόν μου ἐν τῷ οἴκῳ οὗ ἐπεκλήθη τὸ ὄνομά μου ἐπʼ αὐτῷ.	Ismahel autem filius Nathaniae fugit cum octo viris a facie Iohanan et abiit ad filios Ammon	Ismahel autem filius Nathani fugit cum octo viris a facie Johanan, et abiit ad filios Ammon.		But Ishmael the son of Nethaniah escaped from Johanan with eight men, and went to the Ammonites.
Jer	41	16	וַיִּקַּח יוֹחָנָן בֶּן־קָרֵחַ וְכָל־שָׂרֵי הַחֲיָלִים אֲשֶׁר־אִתּוֹ אֵת כָּל־שְׁאֵרִית הָעָם אֲשֶׁר הֵשִׁיב מֵאֵת יִשְׁמָעֵאל בֶּן־נְתַנְיָה מִן־הַמִּצְפָּה אַחַר הִכָּה אֶת־גְּדַלְיָה בֶּן־אֲחִיקָם גְּבָרִים אַנְשֵׁי הַמִּלְחָמָה וְנָשִׁים וְטַף וְסָרִסִים אֲשֶׁר הֵשִׁיב מִגִּבְעוֹן ׃	καὶ ἐπεστρέψατε καὶ ἐβεβηλώσατε τὸ ὄνομά μου τοῦ ἐπιστρέψαι ἕκαστον τὸν παῖδα αὐτοῦ καὶ ἕκαστον τὴν παιδίσκην αὐτοῦ, οὓς ἐξαποστείλατε ἐλευθέρους τῇ ψυχῇ αὐτῶν, ὑμῖν εἰς παῖδας καὶ παιδίσκας.	tulit ergo Iohanan filius Caree et omnes principes bellatorum qui erant cum eo universas reliquias vulgi quas reduxerat ab Ismahel filio Nathaniae de Masphat postquam percussit Godoliam filium Ahicam fortes viros ad proelium et mulieres et pueros et eunuchos quos reduxerat de Gabaon	Tulit ergo Johanan filius Caree, et omnes principes bellatorum qui erant cum eo, universas reliquias vulgi quas reduxerat ab Ismahel filio Nathani de Masphath, postquam percussit Godoliam filium Ahicam: fortes viros ad prlium, et mulieres, et pueros, et eunuchos, quos reduxerat de Gabaon.		Then took Johanan the son of Kareah, and all the captains of the forces that were with him, all the remnant of the people whom he had recovered from Ishmael the son of Nethaniah, from Mizpah, after that he had slain Gedaliah the son of Ahikam, even mighty men of war, and the women, and the children, and the eunuchs, whom he had brought again from Gibeon:
Jer	41	17	וַיֵּלְכוּ וַיֵּשְׁבוּ בְּגֵרוּת כְמוֹהֶם אֲשֶׁר־אֵצֶל בֵּית לָחֶם לָלֶכֶת לָבוֹא מִצְרָיִם ׃	διὰ τοῦτο οὕτως εἶπεν Κύριος Ὑμεῖς οὐκ ἠκούσατέ μου τοῦ καλέσαι ἄφεσιν ἕκαστος πρὸς τὸν πλησίον αὐτοῦ· ἰδοὺ ἐγὼ καλῶ ἄφεσιν ὑμῖν εἰς μάχαιραν καὶ εἰς τὸν θάνατον καὶ εἰς τὸν λιμόν, καὶ δώσω ὑμᾶς εἰς διασπορὰν πάσαις ταῖς βασιλείαις τῆς γῆς.	et abierunt et sederunt peregrinantes in Chamaam quae est iuxta Bethleem ut pergerent et introirent Aegyptum	Et abierunt, et sederunt peregrinantes in Chamaam, qu est juxta Bethlehem, ut pergerent, et introirent gyptum,		And they departed, and dwelt in the habitation of Chimham, which is by Bethlehem, to go to enter into Egypt,
Jer	41	18	מִפְּנֵי הַכַּשְׂדִּים כִּי יָרְאוּ מִפְּנֵיהֶם כִּי־הִכָּה יִשְׁמָעֵאל בֶּן־נְתַנְיָה אֶת־גְּדַלְיָהוּ בֶּן־אֲחִיקָם אֲשֶׁר־הִפְקִיד מֶלֶךְ־בָּבֶל בָּאָרֶץ ׃ ס	καὶ δώσω τοὺς ἄνδρας τοὺς παρεληλυθότας τὴν διαθήκην μου, τοὺς μὴ στήσαντας τὴν διαθήκην μου ἣν ἐποίησαν κατὰ πρόσωπόν μου, τὸν μόσχον ὃν ἐποίησαν ἐργάζεσθαι αὐτῷ,	a facie Chaldeorum timebant enim eos quia percusserat Ismahel filius Nathaniae Godoliam filium Ahicam quem praeposuerat rex Babylonis in terra Iuda	a facie Chaldorum: timebant enim eos, quia percusserat Ismahel filius Nathani Godoliam filium Ahicam, quem prposuerat rex Babylonis in terra Juda.		Because of the Chaldeans: for they were afraid of them, because Ishmael the son of Nethaniah had slain Gedaliah the son of Ahikam, whom the king of Babylon made governor in the land.
Jer	41	19		τοὺς ἄρχοντας Ἰούδα καὶ τοὺς δυνάστας καὶ τοὺς ἱερεῖς καὶ τὸν λαόν,				
Jer	41	20		καὶ δώσω αὐτοὺς τοῖς ἐχθροῖς αὐτῶν, καὶ ἔσται τὰ θνησιμαῖα αὐτῶν βρῶσις τοῖς πετεινοῖς τοῦ οὐρανοῦ καὶ τοῖς θηρίοις τῆς γῆς.				
Jer	41	21		καὶ τὸν Σεδεκίαν βασιλέα τῆς Ἰουδαίας καὶ τοὺς ἄρχοντας αὐτῶν δώσω εἰς χεῖρας ἐχθρῶν αὐτῶν, καὶ δύναμις βασιλέως Βαβυλῶνος τοῖς ἀποτρέχουσιν ἀπʼ αὐτῶν.				
Jer	41	22		ἰδοὺ ἐγὼ συντάσσω, φησὶν Κύριος, καὶ ἐπιστρέψω αὐτοὺς εἰς τὴν γῆν ταύτην, καὶ πολεμήσουσιν ἐπʼ αὐτὴν καὶ λήμψονται αὐτὴν καὶ κατακαύσουσιν αὐτὴν ἐν πυρὶ καὶ τὰς πόλεις Ἰούδα, καὶ δώσω αὐτὰς ἐρήμους ἀπὸ κατοικούνταωυ.				
Jer	42	1	וַיִּגְּשׁוּ כָּל־שָׂרֵי הַחֲיָלִים וְיוֹחָנָן בֶּן־קָרֵחַ וִיזַנְיָה בֶּן־הוֹשַׁעְיָה וְכָל־הָעָם מִקָּטֹן וְעַד־גָּדוֹל ׃	Ὁ λόγος ὁ γενόμενος πρὸς Ἰερεμίαν παρὰ Κυρίου ἐν ἡμέραις Ἰωακεὶμ βασιλέως Ἰούδα λέγων	et accesserunt omnes principes bellatorum et Iohanan filius Caree et Iezonias filius Osaiae et reliquum vulgus a parvo usque ad magnum	Et accesserunt omnes principes bellatorum, et Johanan filius Caree, et Jezonias filius Osai, et reliquum vulgus, a parvo usque ad magnum,		Then all the captains of the forces, and Johanan the son of Kareah, and Jezaniah the son of Hoshaiah, and all the people from the least even unto the greatest, came near,
Jer	42	2	וַיֹּאמְרוּ אֶל־יִרְמְיָהוּ הַנָּבִיא תִּפָּל־נָא תְחִנָּתֵנוּ לְפָנֶיךָ וְהִתְפַּלֵּל בַּעֲדֵנוּ אֶל־יְהוָה אֱלֹהֶיךָ בְּעַד כָּל־הַשְּׁאֵרִית הַזֹּאת כִּי־נִשְׁאַרְנוּ מְעַט מֵהַרְבֵּה כַּאֲשֶׁר עֵינֶיךָ רֹאוֹת אֹתָנוּ ׃	Βάδισον εἰς οἶκον Ἁρχαβεὶν καὶ ἄξεις αὐτοὺς εἰς οἶκον Κυρίου εἰς μίαν τῶν αὐλῶν, καὶ ποτιεῖς αὐτοὺς οἶνον.	dixeruntque ad Hieremiam prophetam cadat oratio nostra in conspectu tuo et ora pro nobis ad Dominum Deum tuum pro universis reliquiis istis quia derelicti sumus pauci de pluribus sicut oculi tui nos intuentur	dixeruntque ad Jeremiam prophetam: Cadat oratio nostra in conspectu tuo, et ora pro nobis ad Dominum Deum tuum, pro universis reliquiis istis, quia derelicti sumus pauci de pluribus, sicut oculi tui non intuentur:		And said unto Jeremiah the prophet, Let, we beseech thee, our supplication be accepted before thee, and pray for us unto the Lord thy God, even for all this remnant; (for we are left but a few of many, as thine eyes do behold us:)
Jer	42	3	וְיַגֶּד־לָנוּ יְהוָה אֱלֹהֶיךָ אֶת־הַדֶּרֶךְ אֲשֶׁר נֵלֶךְ־בָּהּ וְאֶת־הַדָּבָר אֲשֶׁר נַעֲשֶׂה ׃	καὶ ἐξήγαγον τὸν Ἰεχονίαν υἱὸν Ἰερεμὶν υἱοῦ Χαβασεὶν καὶ τοὺς ἀδελφοὺς αὐτοῦ καὶ τοὺς υἱοὺς αὐτοῦ καὶ πᾶσαν τὴν οἰκίαν Ἁρχαβείν,	et adnuntiet nobis Dominus Deus tuus viam per quam pergamus et verbum quod faciamus	et annuntiet nobis Dominus Deus tuus viam per quam pergamus, et verbum quod faciamus.		That the Lord thy God may shew us the way wherein we may walk, and the thing that we may do.
Jer	42	4	וַיֹּאמֶר אֲלֵיהֶם יִרְמְיָהוּ הַנָּבִיא שָׁמַעְתִּי הִנְנִי מִתְפַּלֵּל אֶל־יְהוָה אֱלֹהֵיכֶם כְּדִבְרֵיכֶם וְהָיָה כָּל־הַדָּבָר אֲשֶׁר־יַעֲנֶה יְהוָה אֶתְכֶם אַגִּיד לָכֶם לֹא־אֶמְנַע מִכֶּם דָּבָר ׃	καὶ εἰσήγαγον αὐτοὺς εἰς οἶκον Κυρίου εἰς τὸ παστοφόριον υἱῶν Ἰωνὰν υἱοῦ Ἀνανίου υἱοῦ Γοδολίου ἀνθρώπου τοῦ θεοῦ, ὅς ἐστιν ἐγγὺς τοῦ οἴκου τῶν ἀρχόντων τῶν ἐπάνω τοῦ οἴκου Μαασαίου υἱοῦ Σελὼμ τοῦ φυλάσσοντος τὴν αὐλήν.	dixit autem ad eos Hieremias propheta audivi ecce ego oro ad Dominum Deum vestrum secundum verba vestra omne verbum quodcumque responderit mihi indicabo vobis nec celabo vos quicquam	Dixit autem ad eos Jeremias propheta: Audivi. Ecce ego oro ad Dominum Deum vestrum secundum verba vestra: omne verbum quodcumque responderit mihi indicabo vobis, nec celabo vos quidquam.		Then Jeremiah the prophet said unto them, I have heard you; behold, I will pray unto the Lord your God according to your words; and it shall come to pass, that whatsoever thing the Lord shall answer you, I will declare it unto you; I will keep nothing back from you.
Jer	42	5	וְהֵמָּה אָמְרוּ אֶל־יִרְמְיָהוּ יְהִי יְהוָה בָּנוּ לְעֵד אֱמֶת וְנֶאֱמָן אִם־לֹא כְּכָל־הַדָּבָר אֲשֶׁר יִשְׁלָחֲךָ יְהוָה אֱלֹהֶיךָ אֵלֵינוּ כֵּן נַעֲשֶׂה ׃	καὶ ἔδωκα κατὰ πρόσωπον αὐτῶν κεράμιον οἴνου καὶ ποτήρια, καὶ εἶπα Πίετε οἶνον.	et illi dixerunt ad Hieremiam sit Dominus inter nos testis veritatis et fidei si non iuxta omne verbum in quo miserit te Dominus Deus tuus ad nos sic faciemus	Et illi dixerunt ad Jeremiam: Sit Dominus inter nos testis veritatis et fidei, si non, juxta omne verbum in quo miserit te Dominus Deus tuus ad nos, sic faciemus:		Then they said to Jeremiah, The Lord be a true and faithful witness between us, if we do not even according to all things for the which the Lord thy God shall send thee to us.
Jer	42	6	אִם־טוֹב וְאִם־רָע בְּקוֹל יְהוָה אֱלֹהֵינוּ אֲשֶׁר אֲנוּ שֹׁלְחִים אֹתְךָ אֵלָיו נִשְׁמָע לְמַעַן אֲשֶׁר יִיטַב־לָנוּ כִּי נִשְׁמַע בְּקוֹל יְהוָה אֱלֹהֵינוּ ׃ ס	καὶ εἶπαν Οὐ μὴ πίωμεν οἶνον, ὅτι Ἰωναδὰβ υἱὸς Ῥηχὰβ ὁ πατὴρ ἡμῶν ἐνετείλατο ἡμῖν λέγων Οὐ μὴ πίητε οἶνον, ὑμεῖς καὶ οἱ υἱοὶ ὑμῶν ἕως αἰῶνος,	sive bonum est sive malum voci Domini Dei nostri ad quem mittimus te oboediemus ut bene sit nobis cum audierimus vocem Domini Dei nostri	sive bonum est, sive malum, voci Domini Dei nostri, ad quem mittimus te, obediemus, ut bene sit nobis cum audierimus vocem Domini Dei nostri.		Whether it be good, or whether it be evil, we will obey the voice of the Lord our God, to whom we send thee; that it may be well with us, when we obey the voice of the Lord our God.
Jer	42	7	וַיְהִי מִקֵּץ עֲשֶׂרֶת יָמִים וַיְהִי דְבַר־יְהוָה אֶל־יִרְמְיָהוּ ׃	καὶ οἰκίαν οὐ μὴ οἰκοδομήσητε, καὶ σπέρμα οὐ μὴ σπείρητε, καὶ ἀμπελὼν οὐκ ἔσται ὑμῖν, ὅτι ἐν σκηναῖς οἰκήσετε πάσας τὰς ἡμέρας ὑμῶν, ὅπως ἂν ζήσητε ἡμέρας πολλὰς ἐπὶ τῆς γῆς ἐφʼ ἧς διατρίβετε ὑμεῖς ἐπʼ αὐτῆς.	cum autem conpleti essent decem dies factum est verbum Domini ad Hieremiam	Cum autem completi essent decem dies, factum est verbum Domini ad Jeremiam,		And it came to pass after ten days, that the word of the Lord came unto Jeremiah.
Jer	42	8	וַיִּקְרָא אֶל־יוֹחָנָן בֶּן־קָרֵחַ וְאֶל כָּל־שָׂרֵי הַחֲיָלִים אֲשֶׁר אִתּוֹ וּלְכָל־הָעָם לְמִקָּטֹן וְעַד־גָּדוֹל ׃	καὶ ἠκούσαμεν τῆς φωνῆς Ἰωναδὰβ τοῦ πατρὸς ἡμῶν πρὸς τὸ μὴ πιεῖν οἶνον πάσας τὰς ἡμέρας ἡμῶν, ἡμεῖς καὶ αἱ γυναῖκες ἡμῶν καὶ οἱ υἱοὶ ἡμῶν καὶ αἱ θυγατέρες ἡμῶν,	vocavitque Iohanan filium Caree et omnes principes bellatorum qui erant cum eo et universum populum a minimo usque ad magnum	vocavitque Johanan filium Caree, et omnes principes bellatorum qui erant cum eo, et universum populum, a minimo usque ad magnum.		Then called he Johanan the son of Kareah, and all the captains of the forces which were with him, and all the people from the least even to the greatest,
Jer	42	9	וַיֹּאמֶר אֲלֵיהֶם כֹּה־אָמַר יְהוָה אֱלֹהֵי יִשְׂרָאֵל אֲשֶׁר שְׁלַחְתֶּם אֹתִי אֵלָיו לְהַפִּיל תְּחִנַּתְכֶם לְפָנָיו ׃	καὶ πρὸς τὸ μὴ οἰκοδομεῖν οἰκίας τοῦ κατοικεῖν ἐκεῖ ἀμπελὼν καὶ ἀγρὸς καὶ σπέρμα οὐκ ἐγένετο ἡμῖν·	et dixit ad eos haec dicit Dominus Deus Israhel ad quem misistis me ut prosternerem preces vestras in conspectu eius	Et dixit ad eos: Hc dicit Dominus Deus Isral, ad quem misistis me ut prosternerem preces vestras in conspectu ejus:		And said unto them, Thus saith the Lord, the God of Israel, unto whom ye sent me to present your supplication before him;
Jer	42	10	אִם־שׁוֹב תֵּשְׁבוּ בָּאָרֶץ הַזֹּאת וּבָנִיתִי אֶתְכֶם וְלֹא אֶהֱרֹס וְנָטַעְתִּי אֶתְכֶם וְלֹא אֶתּוֹשׁ כִּי נִחַמְתִּי אֶל־הָרָעָה אֲשֶׁר עָשִׂיתִי לָכֶם ׃	καὶ ᾠκήσαμεν ἐν σκηναῖς, καὶ ἠκούσαμεν καὶ ἐποιήσαμεν κατὰ πάντα ἃ ἐνετείλατο ἡμῖν Ἰωναδὰβ ὁ πατὴρ ἡμῶν.	si quiescentes manseritis in terra hac aedificabo vos et non destruam plantabo et non evellam iam enim placatus sum super malo quod feci vobis	Si quiescentes manseritis in terra hac, dificabo vos, et non destruam: plantabo, et non evellam: jam enim placatus sum super malo quod feci vobis.		If ye will still abide in this land, then will I build you, and not pull you down, and I will plant you, and not pluck you up: for I repent me of the evil that I have done unto you.
Jer	42	11	אַל־תִּירְאוּ מִפְּנֵי מֶלֶךְ בָּבֶל אֲשֶׁר־אַתֶּם יְרֵאִים מִפָּנָיו אַל־תִּירְאוּ מִמֶּנּוּ נְאֻם־יְהוָה כִּי־אִתְּכֶם אָנִי לְהוֹשִׁיעַ אֶתְכֶם וּלְהַצִּיל אֶתְכֶם מִיָּדוֹ ׃	καὶ ἐγενήθη ὅτε ἀνέβη Ναβουχοδονοσὸρ ἐπὶ τὴν γῆν, καὶ εἴπαμεν εἰσελθεῖν, καὶ εἰσήλθομεν εἰς Ἰερουσαλὴμ ἀπὸ προσώπου τῆς δυνάμεως τῶν Χαλδαίων καὶ ἀπὸ προσώπου τῆς δυνάμεως τῶν Ἀσσυρίων, καὶ ᾠκοῦμεν ἐκεῖ.	nolite timere a facie regis Babylonis quem vos pavidi formidatis nolite eum metuere dicit Dominus quia vobiscum sum ego ut salvos faciam vos et eruam de manu eius	Nolite timere a facie regis Babylonis, quem vos pavidi formidatis: nolite metuere eum, dicit Dominus, quia vobiscum sum ego ut salvos vos faciam, et eruam de manu ejus:		Be not afraid of the king of Babylon, of whom ye are afraid; be not afraid of him, saith the Lord: for I am with you to save you, and to deliver you from his hand.
Jer	42	12	וְאֶתֵּן לָכֶם רַחֲמִים וְרִחַם אֶתְכֶם וְהֵשִׁיב אֶתְכֶם אֶל־אַדְמַתְכֶם ׃	Καὶ ἐγένετο λόγος Κυρίου πρὸς μέ λέγων	et dabo vobis misericordiam et miserebor vestri et habitare vos faciam in terra vestra	et dabo vobis misericordias, et miserebor vestri, et habitare vos faciam in terra vestra.		And I will shew mercies unto you, that he may have mercy upon you, and cause you to return to your own land.
Jer	42	13	וְאִם־אֹמְרִים אַתֶּם לֹא נֵשֵׁב בָּאָרֶץ הַזֹּאת לְבִלְתִּי שְׁמֹעַ בְּקוֹל יְהוָה אֱלֹהֵיכֶם ׃	Οὕτως λέγει Κύριος Πορεύου καὶ εἰπὸν ἀνθρώπῳ Ἰούδα καὶ τοῖς κατοικοῦσιν Ἰερουσαλήμ Οὐ μὴ λάβητε παιδίαν τοῦ ἀκούειν τοὺς λόγους μου;	si autem dixeritis vos non habitabimus in terra ista nec audiemus vocem Domini Dei nostri	Si autem dixeritis vos: Non habitabimus in terra ista, nec audiemus vocem Domini Dei nostri,		But if ye say, We will not dwell in this land, neither obey the voice of the Lord your God,
Jer	42	14	לֵאמֹר לֹא כִּי אֶרֶץ מִצְרַיִם נָבוֹא אֲשֶׁר לֹא־נִרְאֶה מִלְחָמָה וְקוֹל שׁוֹפָר לֹא נִשְׁמָע וְלַלֶּחֶם לֹא־נִרְעָב וְשָׁם נֵשֵׁב ׃	ἔστησαν ῥῆμα υἱοὶ Ἰωναδὰβ υἱοῦ Ῥηχάβ, ὁ ἐνετείλατο τοῖς τέκνοις αὐτοῦ πρὸς τὸ μὴ πιεῖν οἶνον, καὶ οὐκ ἐπίοσαν· καὶ ἐγὼ ἐλάλησα πρὸς ὑμᾶς ὄρθρου, καὶ ἐλάλησα καὶ οὐκ ἠκούσατε.	dicentes nequaquam sed ad terram Aegypti pergemus ubi non videbimus bellum et clangorem tubae non audiemus et famem non sustinebimus et ibi habitabimus	dicentes: Nequaquam, sed ad terram gypti pergemus, ubi non videbimus bellum, et clangorem tub non audiemus, et famem non sustinebimus, et ibi habitabimus:		Saying, No; but we will go into the land of Egypt, where we shall see no war, nor hear the sound of the trumpet, nor have hunger of bread; and there will we dwell:
Jer	42	15	וְעַתָּה לָכֵן שִׁמְעוּ דְבַר־יְהוָה שְׁאֵרִית יְהוּדָה כֹּה־אָמַר יְהוָה צְבָאוֹת אֱלֹהֵי יִשְׂרָאֵל אִם־אַתֶּם שׂוֹם תְּשִׂמוּן פְּנֵיכֶם לָבֹא מִצְרַיִם וּבָאתֶם לָגוּר שָׁם ׃	καὶ ἀπέστειλα πρὸς ὑμᾶς τοὺς παῖδάς μου τοὺς προφήτας λέγων Ἀποστράφητε ἕκαστος ἀπὸ τῆς ὁδοῦ αὐτοῦ τῆς πονηρᾶς καὶ βελτίω ποιήσατε τὰ ἐπιτηδεύματα ὑμῶν, καὶ οὐ πορεύεσθε ὀπίσω θεῶν ἑτέρων τοῦ δουλεύειν αὐτοῖς, καὶ οἰκήσετε ἐπὶ τῆς γῆς ἧς ἔδωκα ὑμῖν καὶ τοῖς πατράσιν ὑμῶν· καὶ οὐκ ἐκλίνατε τὰ ὦτα ὑμῶν καὶ οὐκ ἠκούσατε.	propter hoc nunc audite verbum Domini reliquiae Iuda haec dicit Dominus exercituum Deus Israhel si posueritis faciem vestram ut ingrediamini Aegyptum et intraveritis ut ibi habitetis	propter hoc nunc audite verbum Domini, reliqui Juda: Hc dicit Dominus exercituum, Deus Isral: Si posueritis faciem vestram ut ingrediamini gyptum, et intraveritis ut ibi habitetis,		And now therefore hear the word of the Lord, ye remnant of Judah; Thus saith the Lord of hosts, the God of Israel; If ye wholly set your faces to enter into Egypt, and go to sojourn there;
Jer	42	16	וְהָיְתָה הַחֶרֶב אֲשֶׁר אַתֶּם יְרֵאִים מִמֶּנָּה שָׁם תַּשִּׂיג אֶתְכֶם בְּאֶרֶץ מִצְרָיִם וְהָרָעָב אֲשֶׁר־אַתֶּם דֹּאֲגִים מִמֶּנּוּ שָׁם יִדְבַּק אַחֲרֵיכֶם מִצְרַיִם וְשָׁם תָּמֻתוּ ׃	καὶ ἔστησαν υἱοὶ Ἰωναδὰβ υἱοῦ Ῥηχὰβ τὴν ἐντολὴν τοῦ πατρὸς αὐτῶν, ὁ δὲ λαὸς οὗτος οὐκ ἤκουσέν μου.	gladium quem vos formidatis ibi conprehendet vos in terra Aegypti et fames pro qua estis solliciti adherebit vobis in Aegypto et ibi moriemini	gladius quem vos formidatis ibi comprehendet vos in terra gypti: et fames, pro qua estis solliciti, adhrebit vobis in gypto, et ibi moriemini.		Then it shall come to pass, that the sword, which ye feared, shall overtake you there in the land of Egypt, and the famine, whereof ye were afraid, shall follow close after you there in Egypt; and there ye shall die.
Jer	42	17	וְיִהְיוּ כָל־הָאֲנָשִׁים אֲשֶׁר־שָׂמוּ אֶת־פְּנֵיהֶם לָבוֹא מִצְרַיִם לָגוּר שָׁם יָמוּתוּ בַּחֶרֶב בָּרָעָב וּבַדָּבֶר וְלֹא־יִהְיֶה לָהֶם שָׂרִיד וּפָלִיט מִפְּנֵי הָרָעָה אֲשֶׁר אֲנִי מֵבִיא עֲלֵיהֶם ׃ ס	διὰ τοῦτο οὕτως εἶπεν Κύριος Ἰδοὺ ἐγὼ φέρω ἐπὶ Ἰούδαν καὶ ἐπὶ τοὺς κατοικοῦντας Ἰερουσαλὴμ πάντα τὰ κακὰ ἃ ἐλάλησα ἐπʼ αὐτούς.	omnesque viri qui posuerint faciem suam ut ingrediantur Aegyptum et habitent ibi morientur gladio et fame et peste nullus de eis remanebit nec effugient a facie mali quod ego adferam super eos	Omnesque viri qui posuerunt faciem suam ut ingrediantur gyptum, ut habitent ibi, morientur gladio, et fame, et peste: nullus de eis remanebit, nec effugiet a facie mali quod ego afferam super eos.		So shall it be with all the men that set their faces to go into Egypt to sojourn there; they shall die by the sword, by the famine, and by the pestilence: and none of them shall remain or escape from the evil that I will bring upon them.
Jer	42	18	כִּי כֹה אָמַר יְהוָה צְבָאוֹת אֱלֹהֵי יִשְׂרָאֵל כַּאֲשֶׁר נִתַּךְ אַפִּי וַחֲמָתִי עַל־יֹשְׁבֵי יְרוּשָׁלַםִ כֵּן תִּתַּךְ חֲמָתִי עֲלֵיכֶם בְּבֹאֲכֶם מִצְרָיִם וִהְיִיתֶם לְאָלָה וּלְשַׁמָּה וְלִקְלָלָה וּלְחֶרְפָּה וְלֹא־תִרְאוּ עוֹד אֶת־הַמָּקוֹם הַזֶּה ׃	διὰ τοῦτο οὕτως εἶπεν Κύριος Ἐπειδὴ ἤκουσαν υἱοὶ Ἰωναδὰβ υἱοῦ Ῥηχὰβ τὴν ἐντολὴν τοῦ πατρὸς αὐτῶν ποιεῖν καθότι ἐνετείλατο αὐτοῖς ὁ πατήρ αὐτῶν,	quia haec dicit Dominus exercituum Deus Israhel sicut conflatus est furor meus et indignatio mea super habitatores Hierusalem sic conflabitur indignatio mea super vos cum ingressi fueritis Aegyptum et eritis in iusiurandum et in stuporem et in maledictum et in obprobrium et nequaquam ultra videbitis locum istum	Quia hc dicit Dominus exercituum, Deus Isral: Sicut conflatus est furor meus et indignatio mea super habitatores Jerusalem, sic conflabitur indignatio mea super vos cum ingressi fueritis gyptum: et eritis in jusjurandum, et in stuporem, et in maledictum, et in opprobrium, et nequaquam ultra videbitis locum istum.		For thus saith the Lord of hosts, the God of Israel; As mine anger and my fury hath been poured forth upon the inhabitants of Jerusalem; so shall my fury be poured forth upon you, when ye shall enter into Egypt: and ye shall be an execration, and an astonishment, and a curse, and a reproach; and ye shall see this place no more.
Jer	42	19	דִּבֶּר יְהוָה עֲלֵיכֶם שְׁאֵרִית יְהוּדָה אַל־תָּבֹאוּ מִצְרָיִם יָדֹעַ תֵּדְעוּ כִּי־הַעִידֹתִי בָכֶם הַיּוֹם ׃	οὐ μὴ ἐκλίπῃ ἀνήρ τῶν υἱῶν Ἰωναδὰβ υἱοῦ Ῥηχὰβ παρεστηκὼς κατὰ πρόσωπόν μου πάσας τὰς ἡμέρας τῆς γῆς.	verbum Domini super vos reliquiae Iuda nolite intrare Aegyptum scientes scietis quia obtestatus sum vobis hodie	Verbum Domini super vos, reliqui Juda: Nolite intrare gyptum: scientes scietis, quia obtestatus sum vos hodie,		The Lord hath said concerning you, O ye remnant of Judah; Go ye not into Egypt: know certainly that I have admonished you this day.
Jer	42	20	כִּי הִתְעֵתֶים בְּנַפְשׁוֹתֵיכֶם כִּי־אַתֶּם שְׁלַחְתֶּם אֹתִי אֶל־יְהוָה אֱלֹהֵיכֶם לֵאמֹר הִתְפַּלֵּל בַּעֲדֵנוּ אֶל־יְהוָה אֱלֹהֵינוּ וּכְכֹל אֲשֶׁר יֹאמַר יְהוָה אֱלֹהֵינוּ כֵּן הַגֶּד־לָנוּ וְעָשִׂינוּ ׃		quia decepistis animas vestras vos enim misistis me ad Dominum Deum nostrum dicentes ora pro nobis ad Dominum Deum nostrum et iuxta omnia quaecumque dixerit tibi Dominus Deus noster sic adnuntia nobis et faciemus	quia decepistis animas vestras. Vos enim misistis me ad Dominum Deum nostrum, dicentes: Ora pro nobis ad Dominum Deum nostrum, et juxta omnia qucumque dixerit tibi Dominus Deus noster, sic annuntia nobis, et faciemus.		For ye dissembled in your hearts, when ye sent me unto the Lord your God, saying, Pray for us unto the Lord our God; and according unto all that the Lord our God shall say, so declare unto us, and we will do it.
Jer	42	21	וָאַגִּד לָכֶם הַיּוֹם וְלֹא שְׁמַעְתֶּם בְּקוֹל יְהוָה אֱלֹהֵיכֶם וּלְכֹל אֲשֶׁר־שְׁלָחַנִי אֲלֵיכֶם ׃		et adnuntiavi vobis hodie et non audistis vocem Domini Dei vestri super universis pro quibus misit me ad vos	Et annuntiavi vobis hodie, et non audistis vocem Domini Dei vestri super universis pro quibus misit me ad vos.		And now I have this day declared it to you; but ye have not obeyed the voice of the Lord your God, nor any thing for the which he hath sent me unto you.
Jer	42	22	וְעַתָּה יָדֹעַ תֵּדְעוּ כִּי בַּחֶרֶב בָּרָעָב וּבַדֶּבֶר תָּמוּתוּ בַּמָּקוֹם אֲשֶׁר חֲפַצְתֶּם לָבוֹא לָגוּר שָׁם ׃ ס		nunc ergo scientes scietis quia gladio et fame et peste moriemini in loco ad quem voluistis intrare ut habitaretis ibi	Nunc ergo scientes scietis quia gladio, et fame, et peste moriemini in loco ad quem voluistis intrare ut habitaretis ibi.		Now therefore know certainly that ye shall die by the sword, by the famine, and by the pestilence, in the place whither ye desire to go and to sojourn.
Jer	43	1	וַיְהִי כְּכַלּוֹת יִרְמְיָהוּ לְדַבֵּר אֶל־כָּל־הָעָם אֶת־כָּל־דִּבְרֵי יְהוָה אֱלֹהֵיהֶם אֲשֶׁר שְׁלָחוֹ יְהוָה אֱלֹהֵיהֶם אֲלֵיהֶם אֵת כָּל־הַדְּבָרִים הָאֵלֶּה ׃ ס	Ἐν τῷ ἐνιαυτῷ τῷ τετάρτῳ Ἰωακεὶμ υἱοῦ Ἰωσεία βασιλέως Ἰούδα ἐγενήθη λόγος Κυρίου πρὸς με λέγων	factum est autem cum conplesset Hieremias loquens ad populum universos sermones Domini Dei eorum pro quibus miserat eum Dominus Deus eorum ad illos omnia verba haec	Factum est autem, cum complesset Jeremias loquens ad populum universos sermones Domini Dei eorum, pro quibus miserat eum Dominus Deus eorum ad illos, omnia verba hc,		And it came to pass, that when Jeremiah had made an end of speaking unto all the people all the words of the Lord their God, for which the Lord their God had sent him to them, even all these words,
Jer	43	2	וַיֹּאמֶר עֲזַרְיָה בֶן־הוֹשַׁעְיָה וְיוֹחָנָן בֶּן־קָרֵחַ וְכָל־הָאֲנָשִׁים הַזֵּדִים אֹמְרִים אֶל־יִרְמְיָהוּ שֶׁקֶר אַתָּה מְדַבֵּר לֹא שְׁלָחֲךָ יְהוָה אֱלֹהֵינוּ לֵאמֹר לֹא־תָבֹאוּ מִצְרַיִם לָגוּר שָׁם ׃	Λάβε σεαυτῷ χαρτίον βιβλίου, καὶ γράψον ἐπʼ αὐτοῦ πάντας τοὺς λόγους οὓς ἐλάλησα πρὸς σέ ἐπὶ Ἰερουσαλὴμ καὶ ἐπὶ Ἰουδὰ καὶ ἐπὶ πάντα τὰ ἔθνη ἀφʼ ἧς ἡμέρας λαλήσαντός μου πρὸς σέ, ἀφʼ ἡμερῶν Ἰωσεία βασιλέως Ἰούδα καὶ ἕως τῆς ἡμέρας ταύτης.	dixit Azarias filius Osaiae et Iohanan filius Caree et omnes viri superbi dicentes ad Hieremiam mendacium tu loqueris non misit te Dominus Deus noster dicens ne ingrediamini Aegyptum ut habitetis illuc	dixit Azarias filius Osai, et Johanan filius Caree, et omnes viri superbi, dicentes ad Jeremiam: Mendacium tu loqueris: non misit te Dominus Deus noster, dicens: Ne ingrediamini gyptum ut habitetis illuc.		Then spake Azariah the son of Hoshaiah, and Johanan the son of Kareah, and all the proud men, saying unto Jeremiah, Thou speakest falsely: the Lord our God hath not sent thee to say, Go not into Egypt to sojourn there:
Jer	43	3	כִּי בָּרוּךְ בֶּן־נֵרִיָּה מַסִּית אֹתְךָ בָּנוּ לְמַעַן תֵּת אֹתָנוּ בְיַד־הַכַּשְׂדִּים לְהָמִית אֹתָנוּ וּלְהַגְלוֹת אֹתָנוּ בָּבֶל ׃	ἴσως ἀκούσεται ὁ οἶκος Ἰούδα πάντα τὰ κακὰ ἃ ἐγὼ λογίζομαι ποιῆσαι αὐτοῖς, ἴνα ἀποστρέψωσιν ἀπὸ ὀδοῦ αὐτῶν τῆς πονηρᾶς, καὶ ἵλεως ἔσομαι ταῖς ἀδικίαις αὐτῶν καὶ ταῖς ἁμαρτίαις αὐτῶν.	sed Baruch filius Neriae incitat te adversum nos ut tradat nos in manibus Chaldeorum ut interficiat nos et transduci faciat in Babylonem	Sed Baruch filius Neri incitat te adversum nos, ut tradat nos in manus Chaldorum, ut interficiat nos, et traduci faciat in Babylonem.		But Baruch the son of Neriah setteth thee on against us, for to deliver us into the hand of the Chaldeans, that they might put us to death, and carry us away captives into Babylon.
Jer	43	4	וְלֹא־שָׁמַע יוֹחָנָן בֶּן־קָרֵחַ וְכָל־שָׂרֵי הַחֲיָלִים וְכָל־הָעָם בְּקוֹל יְהוָה לָשֶׁבֶת בְּאֶרֶץ יְהוּדָה ׃	καὶ ἐκάλεσεν Ἰερεμίας τὸν Βαροὺχ υἱὸν Νηρίου, καὶ ἔγραψεν ἀπὸ στόματος Ἰερεμίου πάντας τοὺς λόγους Κυρίου, οὓς ἐλάλησεν πρὸς αὐτόν, εἰς χαρτίον βιβλίου.	et non audivit Iohanan filius Caree et omnes principes bellatorum et universus populus vocem Domini ut maneret in terra Iuda	Et non audivit Johanan filius Caree, et omnes principes bellatorum, et universus populus, vocem Domini, ut manerent in terra Juda.		So Johanan the son of Kareah, and all the captains of the forces, and all the people, obeyed not the voice of the Lord, to dwell in the land of Judah.
Jer	43	5	וַיִּקַּח יוֹחָנָן בֶּן־קָרֵחַ וְכָל־שָׂרֵי הַחֲיָלִים אֵת כָּל־שְׁאֵרִית יְהוּדָה אֲשֶׁר־שָׁבוּ מִכָּל־הַגּוֹיִם אֲשֶׁר נִדְּחוּ־שָׁם לָגוּר בְּאֶרֶץ יְהוּדָה ׃	καὶ ἐνετείλατο Ἰερεμίας τῷ Βαροὺχ λέγων Ἐγὼ φυλάσσομαι, οὐ μὴ δύνωμαι εἰσελθεῖν εἰς οἶκον Κυρίου.	sed tollens Iohanan filius Caree et universi principes bellatorum universos reliquiarum Iuda qui reversi fuerant de cunctis gentibus ad quas fuerant ante dispersi ut habitarent in terra Iuda	Sed tollens Johanan filius Caree, et universi principes bellatorum, universos reliquiarum Juda, qui reversi fuerant de cunctis gentibus ad quas fuerant ante dispersi, ut habitarent in terra Juda,		But Johanan the son of Kareah, and all the captains of the forces, took all the remnant of Judah, that were returned from all nations, whither they had been driven, to dwell in the land of Judah;
Jer	43	6	אֶת־הַגְּבָרִים וְאֶת־הַנָּשִׁים וְאֶת־הַטַּף וְאֶת־בְּנוֹת הַמֶּלֶךְ וְאֵת כָּל־הַנֶּפֶשׁ אֲשֶׁר הִנִּיחַ נְבוּזַרְאֲדָן רַב־טַבָּחִים אֶת־גְּדַלְיָהוּ בֶּן־אֲחִיקָם בֶּן־שָׁפָן וְאֵת יִרְמְיָהוּ הַנָּבִיא וְאֶת־בָּרוּךְ בֶּן־נֵרִיָּהוּ ׃	καὶ ἀναγνώσῃ ἐν τῷ χαρτίῳ τούτῳ εἰς τὰ ὦτα τοῦ λαοῦ ἐν οἴκῳ Κυρίου ἐν ἡμέρᾳ νηστείας, καὶ ἐν ὠσὶ παντὸς Ἰούδα τῶν ἐρχομένων ἐκ πόλεως αὐτῶν ἀναγνώσῃ αὐτοῖς.	viros et mulieres et parvulos et filias regis et omnem animam quam reliquerat Nabuzardan princeps militiae cum Godolia filio Ahicam filii Saphan et Hieremiam prophetam et Baruch filium Neriae	viros, et mulieres, et parvulos, et filias regis, et omnem animam quam reliquerat Nabuzardan princeps militi cum Godolia filio Ahicam filii Saphan, et Jeremiam prophetam, et Baruch filium Neri:		Even men, and women, and children, and the king's daughters, and every person that Nebuzaradan the captain of the guard had left with Gedaliah the son of Ahikam the son of Shaphan, and Jeremiah the prophet, and Baruch the son of Neriah.
Jer	43	7	וַיָּבֹאוּ אֶרֶץ מִצְרַיִם כִּי לֹא שָׁמְעוּ בְּקוֹל יְהוָה וַיָּבֹאוּ עַד־תַּחְפַּנְחֵס ׃ ס	ἴσως πεσεῖται ἔλεος αὐτῶν κατὰ πρόσωπον Κυρίου, καὶ ἀποστρέψουσιν ἐκ τῆς ὁδοῦ αὐτῶν τῆς πονηρᾶς, ὅτι μέγας ὁ θυμὸς καὶ ἡ ὀργὴ Κυρίου ἣν ἐλάλησεν ἐπὶ τὸν λαὸν τοῦτον.	et ingressi sunt terram Aegypti quia non oboedierunt voci Domini et venerunt usque ad Tafnas	et ingressi sunt terram gypti, quia non obedierunt voci Domini, et venerunt usque ad Taphnis.		So they came into the land of Egypt: for they obeyed not the voice of the Lord: thus came they even to Tahpanhes.
Jer	43	8	וַיְהִי דְבַר־יְהוָה אֶל־יִרְמְיָהוּ בְּתַחְפַּנְחֵס לֵאמֹר ׃	καὶ ἐποίησεν Βαροὺχ κατὰ πάντα ἂ ἐνετείλατο αὐτῷ Ἰερεμίας, τοῦ ἀναγνῶναι ἐν τῷ βιβλίῳ λόγους Κυρίου ἐν οἴκῳ Κυρίου.	et factus est sermo Domini ad Hieremiam in Tafnis dicens	Et factus est sermo Domini ad Jeremiam in Taphnis, dicens:		Then came the word of the Lord unto Jeremiah in Tahpanhes, saying,
Jer	43	9	קַח בְּיָדְךָ אֲבָנִים גְּדֹלוֹת וּטְמַנְתָּם בַּמֶּלֶט בַּמַּלְבֵּן אֲשֶׁר בְּפֶתַח בֵּית־פַּרְעֹה בְּתַחְפַּנְחֵס לְעֵינֵי אֲנָשִׁים יְהוּדִים ׃	καὶ ἐγενήθη ἐν τῷ ἔτει τῷ ὀγδόῳ βασιλεῖ Ἰωακεὶμ τῷ μηνὶ τῷ ἐνάτῳ ἐξεκκλησίασαν νηστείαν κατὰ πρόσωπον Κυρίου πᾶς ὁ λαὸς ἐν Ἰερουσαλὴμ καὶ οἶκος Ἰούδα.	sume in manu tua lapides grandes et absconde eos in crypta quae est sub muro latericio in porta domus Pharaonis in Tafnis cernentibus viris iudaeis	Sume lapides grandes in manu tua, et abscondes eos in crypta qu est sub muto latericio in porta domus Pharaonis in Taphnis, cernentibus viris Judis,		Take great stones in thine hand, and hide them in the clay in the brickkiln, which is at the entry of Pharaoh's house in Tahpanhes, in the sight of the men of Judah;
Jer	43	10	וְאָמַרְתָּ אֲלֵיהֶם כֹּה־אָמַר יְהוָה צְבָאוֹת אֱלֹהֵי יִשְׂרָאֵל הִנְנִי שֹׁלֵחַ וְלָקַחְתִּי אֶת־נְבוּכַדְרֶאצַּר מֶלֶךְ־בָּבֶל עַבְדִּי וְשַׂמְתִּי כִסְאוֹ מִמַּעַל לָאֲבָנִים הָאֵלֶּה אֲשֶׁר טָמָנְתִּי וְנָטָה אֶת־שַׁפְרוּרוֹ עֲלֵיהֶם ׃	καὶ ἀνεγίνωσκε Βαροὺχ ἐν τῷ βιβλίῳ τοὺς λόγους Ἰερεμίου ἐν οἴκῳ Κυρίου, ἐν οἴκῳ Γαμαρείου υἱοῦ Σαφὰν τοῦ γραμματέως, ἐν τῇ αὐλῇ τῇ ἐπάνω ἐν προθύροις πύλης τοῦ οἴκου Κυρίου τῆς καινῆς καὶ ἐν ὠσὶ παντὸς τοῦ λαοῦ.	et dices ad eos haec dicit Dominus exercituum Deus Israhel ecce ego mittam et adsumam Nabuchodonosor regem Babylonis servum meum et ponam thronum eius super lapides istos quos abscondi et statuet solium suum super eos	et dices ad eos: Hc dicit Dominus exercituum, Deus Isral: Ecce ego mittam et assumam Nabuchodonosor regem Babylonis, servum meum: et ponam thronum ejus super lapides istos quos abscondi, et statuet solium suum super eos:		And say unto them, Thus saith the Lord of hosts, the God of Israel; Behold, I will send and take Nebuchadrezzar the king of Babylon, my servant, and will set his throne upon these stones that I have hid; and he shall spread his royal pavilion over them.
Jer	43	11	וּבָאָה וְהִכָּה אֶת־אֶרֶץ מִצְרָיִם אֲשֶׁר לַמָּוֶת לַמָּוֶת וַאֲשֶׁר לַשְּׁבִי לַשֶּׁבִי וַאֲשֶׁר לַחֶרֶב לֶחָרֶב ׃	καὶ ἤκουσεν Μειχαίας υἱὸς Γαμαρείου υἱοῦ Σαφὰν ἅπαντας τοὺς λόγους Κυρίου ἐκ τοῦ βιβλίου.	veniensque percutiet terram Aegypti quos in morte in morte et quos in captivitate in captivitate et quos in gladio in gladio	veniensque percutiet terram gypti, quos in mortem, in mortem, et quos in captivitatem, in captivitatem, et quos in gladium, in gladium:		And when he cometh, he shall smite the land of Egypt, and deliver such as are for death to death; and such as are for captivity to captivity; and such as are for the sword to the sword.
Jer	43	12	וְהִצַּתִּי אֵשׁ בְּבָתֵּי אֱלֹהֵי מִצְרַיִם וּשְׂרָפָם וְשָׁבָם וְעָטָה אֶת־אֶרֶץ מִצְרַיִם כַּאֲשֶׁר־יַעְטֶה הָרֹעֶה אֶת־בִּגְדוֹ וְיָצָא מִשָּׁם בְּשָׁלוֹם ׃	καὶ κατέβη εἰς οἰκίαν τοῦ βασιλέως, εἰς τὸν οἶκον τοῦ γραμματέως, καὶ ἰδοὺ ἐκεῖ πάντες οἱ ἄρχοντες ἐκάθηντο, Ἐλεισαμὰ ὁ γραμματεὺς καὶ Δαλαίας υἱὸς Σελεμίου καὶ Ἰωναθὰν υἱὸς Ἀκχοβὼρ καὶ Γαμαρίας υἱὸς Σαφὰν καὶ Σεδεκίας υἱὸς Ἀνανίου καὶ πάντες οἱ ἄρχοντες,	et succendet ignem in delubris deorum Aegypti et conburet ea et captivos ducet illos et amicietur terra Aegypti sicut amicitur pastor pallio suo et egredietur inde in pace	et succendet ignem in delubris deorum gypti, et comburet ea, et captivos ducet illos, et amicietur terra gypti sicut amicitur pastor pallio suo, et egredietur inde in pace:		And I will kindle a fire in the houses of the gods of Egypt; and he shall burn them, and carry them away captives: and he shall array himself with the land of Egypt, as a shepherd putteth on his garment; and he shall go forth from thence in peace.
Jer	43	13	וְשִׁבַּר אֶת־מַצְּבוֹת בֵּית שֶׁמֶשׁ אֲשֶׁר בְּאֶרֶץ מִצְרָיִם וְאֶת־בָּתֵּי אֱלֹהֵי־מִצְרַיִם יִשְׂרֹף בָּאֵשׁ ׃ ס	καὶ ἀνήγγειλεν αὐτοῖς Μειχαίας πάντας τοὺς λόγους οὓς ἤκουσεν ἀναγινώσκοντος Βαροὺχ εἰς τὰ ὦτα τοῦ λαοῦ.	et conteret statuas domus Solis quae sunt in terra Aegypti et delubra deorum Aegypti conburet igni	et conteret statuas domus solis qu sunt in terra gypti, et delubra deorum gypti comburet igni.		He shall break also the images of Bethshemesh, that is in the land of Egypt; and the houses of the gods of the Egyptians shall he burn with fire.
Jer	43	14		καὶ ἀπέστειλαν πάντες οἱ ἄρχοντες πρὸς Βαροὺχ υἱὸν Νηρίου υἱὸν Ναθανίου υἱοῦ Σελεμίου υἱοῦ Χουσεὶ λέγοντες Τὸ χαρτίον ἐν ᾧ σὺ ἀναγινώσκεις ἐν αὐτῷ ἐν ὠσὶ τοῦ λαοῦ, λάβε αὐτὸ εἰς τὴν χεῖρά σου καὶ ἦκε. καὶ ἔλαβεν Βαροὺχ τὸ χαρτίον καὶ κατέβη πρὸς αὐτούς.				
Jer	43	15		καὶ εἶπαν αὐτῷ Πάλιν ἀνάγνωθι εἰς τὰ ὦτα ἡμῶν· καὶ ἀνέγνω Βαρούχ.				
Jer	43	16		καὶ ἐγενήθη ὡς ἤκουσαν πάντας τοὺς λόγους, συνεβουλεύσαντο ἕκαστος πρὸς τὸν πλησίον αὐτοῦ καὶ εἶπαν Ἀναγγέλλοντες ἀναγγείλωμεν τῷ βασιλεῖ ἄπαντας τοὺς λόγους τούτους.				
Jer	43	17		καὶ τὸν Βαροὺχ ἠρώ τησαν λέγοντες Ποῦ ἔγραψας πάντας τοὺς λόγους τούτους;				
Jer	43	18		καὶ εἶπεν Βαρούχ Ἀπὸ στόματος αὐτοῦ ἀνήγγειλέν μοι Ἰερεμίας πάντας τοὺς λόγους τούτους, καὶ ἔγραφον ἐν βιβλίῳ.				
Jer	43	19		καὶ εἶπαν τῷ Βαρούχ Βάδισον κατακρύβηθι, σὺ καὶ Ἰερεμίας· ἄνθρωπος μὴ γνώτω ποῦ ὑμεῖς.				
Jer	43	20		καὶ εἰσῆλθον πρὸς τὸν βασιλέα εἰς τὴν αὐλήν, καὶ τὸ χαρτίον ἔδωκαν φυλάσσειν ἐν οἴκῳ Ἐλεισά, καὶ ἀνήγγειλαν τῷ βασιλεῖ πάντας τοὺς λόγους.				
Jer	43	21		καὶ ἀπέστειλεν ὁ βασιλεὺς τὸν Ἰουδεὶν λαβεῖν τὸ χαρτίον. καὶ ἔλαβεν αὐτὸ ἐξ οἴκου Ἐλεισά, καὶ ἀνέγνω Ἰουδεὶν εἰς τὰ ὦτα τοῦ βασιλέως καὶ εἰς τὰ ὦτα πάντων τῶν ἀρχόντων τῶν ἑστηκότων περὶ τὸν βασιλέα.				
Jer	43	22		καὶ ὁ βασιλεὺς ἐκάθητο ἐν οἴκῳ χειμερινῷ, καὶ ἐσχάρα πυρὸς κατὰ πρόσωπον αὐτοῦ.				
Jer	43	23		καὶ ἐγγενήθη ἀναγινώσκοντος Ἰουδεὶν τρεῖς σελίδας καὶ τέσσαρας, ἀπέτεμνεν αὐτὰς τῷ ξυρῷ τοῦ γραμματέως καὶ ἔριπτεν εἰς τὸ πῦρ τὸ ἐπὶ τῆς ἐσχάρας, ἕως ἐξέλιπεν πᾶς ὁ χάρτης εἰς τὸ πῦρ τὸ ἐπὶ τῆς ἐσχάρας.				
Jer	43	24		καὶ οὐκ ἐζήτησαν, καὶ οὐ διέρρηξαν τὰ ἱμάτια αὐτῶν ὁ βασιλεὺς καὶ οἱ παῖδες αὐτοῦ οἱ ἀκούοντες πάντας τοὺς λόγους τούτους.				
Jer	43	25		καὶ Ἐλναθὰν καὶ Γοδολίας ὑπέθεντο τῷ βασιλεῖ πρὸς τὸ κατακαῦσαι τὸ χαρτίον.				
Jer	43	26		καὶ ἐνετείλατο ὁ βασιλεὺς τῷ Ἰερεμεὴλ υἱῷ τοῦ βασιλέως καὶ τῷ Σαρεὰ υἱῷ Ἐσριὴλ συλλαβεῖν τὸν Βαροὺχ καὶ τὸν Ἰερεμίαν· καὶ κατεκρύβησαν.				
Jer	43	27		Καὶ ἐγένετο λόγος Κυρίου πρὸς Ἰερεμίαν, μετὰ τὸ κατακαῦσαι τὸν βασιλέα τὸ χαρτίον, πάντας τοὺς λόγους οὓς ἔγραψεν Βαροὺχ ἀπὸ στόματος Ἰερεμίου, λέγων				
Jer	43	28		Πάλιν λάβε σὺ χαρτίον ἕτερον καὶ γράψον πάντας τοὺς λόγους τοὺς ὄντας ἐπὶ τοῦ χαρτίου οὓς κατέκαυσεν ὁ βασιλεὺς Ἰωακείμ,				
Jer	43	29		καὶ ἐρεῖς Οὕτως εἶπεν Κύριος Σὺ κατέκαυσας τὸ χαρτίον τοῦτο, λέγων Διὰ τί ἔγραψας ἐπʼ αὐτῷ λέγων Εἰσ πορευόμενος εἰσ πορεύσεται ὁ βασιλεὺς Βαβυλῶνος καὶ ἐξολεθρεύσει τὴν γῆν ταύτην, καὶ ἐκλείψει ἀπʼ αὐτῆς ἄνθρωπος καὶ κτήνη;				
Jer	43	30		διὰ τοῦτο οὕτως εἶπεν Κύριος ἐπὶ Ἰωακεὶμ βασιλέα Ἰούδα Οὐκ ἔσται αὐτῷ καθήμενος ἐπὶ θρόνου Δαυείδ, καὶ τὸ θνησιμαῖον αὐτοῦ ἔσται ἐριμμένον ἐν τῷ καύματι τῆς ἡμέρας καὶ ἐν τῷ παγετῷ τῆς νυκτός.				
Jer	43	31		καὶ ἐπισκέψομαι ἐπʼ αὐτὸν καὶ ἐπὶ τὸ γένος αὐτοῦ καὶ ἐπὶ τοὺς παῖδας αὐτοῦ, καὶ ἐπάξω ἐπʼ αὐτὸν καὶ ἐπὶ τοὺς κατοικοῦντας Ἰερουσαλὴμ καὶ ἐπὶ γῆν Ἰούδα πάντα τὰ κακὰ ἐλάλησα πρὸς αὐτούς, καὶ οὐκ ἤκουσαν.				
Jer	43	32		καὶ ἔλαβεν Βαροὺχ χαρτίον ἕτερον καὶ ἔγραψεν ἐπʼ αὐτῷ ἀπὸ στόματος Ἰερεμίου ἅπαντας τοὺς λόγους τοῦ βιβλίου οὓς κατέκαυσεν Ἰωακείμ· καὶ ἔτι προσετέθησαν αὐτῷ λόγοι πλείονες ὡς οὗτοι.				
Jer	44	1	הַדָּבָר אֲשֶׁר הָיָה אֶל־יִרְמְיָהוּ אֶל כָּל־הַיְּהוּדִים הַיֹּשְׁבִים בְּאֶרֶץ מִצְרָיִם הַיֹּשְׁבִים בְּמִגְדֹּל וּבְתַחְפַּנְחֵס וּבְנֹף וּבְאֶרֶץ פַּתְרוֹס לֵאמֹר ׃ ס	Καὶ ἐβασίλευσεν Σεδεκίας υἱὸς Ἰωσεία ἀντὶ Ἰωακείμ, ὃν ἐβασίλευσεν Ναβουχοδονοσὸρ βασιλεύειν τοῦ Ἰούδα.	verbum quod factum est ad Hieremiam ad omnes Iudaeos qui habitant in terra Aegypti habitantes in Magdolo et in Tafnis et in Memphis et in terra Fatures dicens	Verbum quod factum est per Jeremiam ad omnes Judos qui habitabant in terra gypti, habitantes in Magdalo, et in Taphnis, et in Memphis, et in terra Phatures, dicens:		The word that came to Jeremiah concerning all the Jews which dwell in the land of Egypt, which dwell at Migdol, and at Tahpanhes, and at Noph, and in the country of Pathros, saying,
Jer	44	2	כֹּה־אָמַר יְהוָה צְבָאוֹת אֱלֹהֵי יִשְׂרָאֵל אַתֶּם רְאִיתֶם אֵת כָּל־הָרָעָה אֲשֶׁר הֵבֵאתִי עַל־יְרוּשָׁלִַם וְעַל כָּל־עָרֵי יְהוּדָה וְהִנָּם חָרְבָּה הַיּוֹם הַזֶּה וְאֵין בָּהֶם יוֹשֵׁב ׃	καὶ οὐκ ἤκουσαν αὐτὸς καὶ οἱ παῖδες αὐτοῦ καὶ ὁ λαὸς τῆς γῆς τοὺς λόγους Κυρίου οὓς ἐλάλησεν ἐν χειρὶ Ἰερεμίου.	haec dicit Dominus exercituum Deus Israhel vos vidistis omne malum istud quod adduxi super Hierusalem et super omnes urbes Iuda et ecce sunt desertae hodie et non est in eis habitator	Hc dicit Dominus exercituum, Deus Isral: Vos vidistis omne malum istud quod adduxi super Jerusalem, et super omnes urbes Juda: et ecce desert sunt hodie, et non est in eis habitator,		Thus saith the Lord of hosts, the God of Israel; Ye have seen all the evil that I have brought upon Jerusalem, and upon all the cities of Judah; and, behold, this day they are a desolation, and no man dwelleth therein,
Jer	44	3	מִפְּנֵי רָעָתָם אֲשֶׁר עָשׂוּ לְהַכְעִסֵנִי לָלֶכֶת לְקַטֵּר לַעֲבֹד לֵאלֹהִים אֲחֵרִים אֲשֶׁר לֹא יְדָעוּם הֵמָּה אַתֶּם וַאֲבֹתֵיכֶם ׃	καὶ ἀπέστειλεν ὁ βασιλεὺς Σεδεκίας τὸν Ἰωαχὰλ υἱὸν Σελεμίου καὶ τὸν Σοφονίαν υἱὸν Μαασαίου τὸν ἱερέα πρὸς Ἰερεμίαν λέγων Πρόσευξαι δὴ περὶ ἡμῶν πρὸς Κύριον.	propter malitiam quam fecerunt ut me ad iracundiam provocarent et irent et sacrificarent et colerent deos alienos quos nesciebant et illi et vos et patres vestri	propter malitiam quam fecerunt ut me ad iracundiam provocarent, et irent ut sacrificarent, et colerent deos alienos quos nesciebant, et illi, et vos, et patres vestri.		Because of their wickedness which they have committed to provoke me to anger, in that they went to burn incense, and to serve other gods, whom they knew not, neither they, ye, nor your fathers.
Jer	44	4	וָאֶשְׁלַח אֲלֵיכֶם אֶת־כָּל־עֲבָדַי הַנְּבִיאִים הַשְׁכֵּים וְשָׁלֹחַ לֵאמֹר אַל־נָא תַעֲשׂוּ אֵת דְּבַר־הַתֹּעֵבָה הַזֹּאת אֲשֶׁר שָׂנֵאתִי ׃	καὶ Ἰερεμίας ἦλθεν καὶ διῆλθεν διὰ μέσου τῆς πόλεως, καὶ οὐκ ἔδωκαν αὐτὸν εἰς οἶκον τῆς φυλακῆς.	et misi ad vos omnes servos meos prophetas de nocte consurgens mittensque et dicens nolite facere verbum abominationis huius quam odi	Et misi ad vos omnes servos meos prophetas, de nocte consurgens, mittensque et dicens: Nolite facere verbum abominationis hujuscemodi, quam odivi.		Howbeit I sent unto you all my servants the prophets, rising early and sending them, saying, Oh, do not this abominable thing that I hate.
Jer	44	5	וְלֹא שָׁמְעוּ וְלֹא־הִטּוּ אֶת־אָזְנָם לָשׁוּב מֵרָעָתָם לְבִלְתִּי קַטֵּר לֵאלֹהִים אֲחֵרִים ׃	καὶ δύναμις Φαραὼ ἐξῆλθεν ἐξ Αἰγύπτου, καὶ ἤκουσαν οἱ Χαλδαῖοι τὴν ἀκοὴν αὐτῶν, καὶ ἀνέβησαν ἐπὶ Ἰερουσαλήμ.	et non audierunt nec inclinaverunt aurem suam ut converterentur a malis suis et non sacrificarent diis alienis	Et non audierunt, nec inclinaverunt aurem suam, ut converterentur a malis suis, et non sacrificarent diis alienis.		But they hearkened not, nor inclined their ear to turn from their wickedness, to burn no incense unto other gods.
Jer	44	6	וַתִּתַּךְ חֲמָתִי וְאַפִּי וַתִּבְעַר בְּעָרֵי יְהוּדָה וּבְחֻצוֹת יְרוּשָׁלִָם וַתִּהְיֶינָה לְחָרְבָּה לִשְׁמָמָה כַּיּוֹם הַזֶּה ׃ ס	καὶ ἐγένετο λόγος Κυρίου πρὸς Ἰερεμίαν λέγων	et conflata est indignatio mea et furor meus et succensa est in civitatibus Iuda et in plateis Hierusalem et versae sunt in solitudinem et vastitatem secundum diem hanc	Et conflata est indignatio mea et furor meus, et succensa est in civitatibus Juda, et in plateis Jerusalem, et vers sunt in solitudinem et vastitatem secundum diem hanc.		Wherefore my fury and mine anger was poured forth, and was kindled in the cities of Judah and in the streets of Jerusalem; and they are wasted and desolate, as at this day.
Jer	44	7	וְעַתָּה כֹּה־אָמַר יְהוָה אֱלֹהֵי צְבָאוֹת אֱלֹהֵי יִשְׂרָאֵל לָמָה אַתֶּם עֹשִׂים רָעָה גְדוֹלָה אֶל־נַפְשֹׁתֵכֶם לְהַכְרִית לָכֶם אִישׁ־וְאִשָּׁה עוֹלֵל וְיוֹנֵק מִתּוֹךְ יְהוּדָה לְבִלְתִּי הוֹתִיר לָכֶם שְׁאֵרִית ׃	Οὕτως εἶπεν Κύριος Οὕτως ἐρεῖς πρὸς βασιλέα Ἰούδα τὸν ἀποστείλαντα πρὸς σὲ τοῦ ἐκζητῆσαί με Ἰδοὺ δύναμις Φαραὼ ἡ ἐξελθοῦσα ὑμῖν εἰς βοήθειαν ἀποστρέψουσιν εἰς γῆν Αἰγύπτου,	et nunc haec dicit Dominus exercituum Deus Israhel quare vos facitis malum grande contra animas vestras ut intereat ex vobis vir et mulier parvulus et lactans de medio Iudae nec relinquatur vobis quicquam residuum	Et nunc hc dicit Dominus exercituum, Deus Isral: Quare vos facitis malum grande hoc contra animas vestras, ut intereat ex vobis vir et mulier, parvulus et lactens, de medio Jud, nec relinquatur vobis quidquam residuum:		Therefore now thus saith the Lord, the God of hosts, the God of Israel; Wherefore commit ye this great evil against your souls, to cut off from you man and woman, child and suckling, out of Judah, to leave you none to remain;
Jer	44	8	לְהַכְעִסֵנִי בְּמַעֲשֵׂי יְדֵיכֶם לְקַטֵּר לֵאלֹהִים אֲחֵרִים בְּאֶרֶץ מִצְרַיִם אֲשֶׁר־אַתֶּם בָּאִים לָגוּר שָׁם לְמַעַן הַכְרִית לָכֶם וּלְמַעַן הֱיוֹתְכֶם לִקְלָלָה וּלְחֶרְפָּה בְּכֹל גּוֹיֵי הָאָרֶץ ׃	καὶ ἀναστρέψουσιν αὐτοὶ οἱ Χολδαῖοι καὶ πολεμήσουσιν ἐπὶ τὴν πόλιν ταύτην, καὶ συλλήμψονται αὐτὴν καὶ καύσουσιν αὐτὴν πυρί.	provocantes me in operibus manuum vestrarum sacrificando diis alienis in terra Aegypti in quam ingressi estis ut habitetis ibi et dispereatis et sitis in maledictionem et in obprobrium cunctis gentibus terrae	provocantes me in operibus manuum vestrarum, sacrificando diis alienis in terra gypti, in quam ingressi estis ut habitetis ibi et dispereatis, et sitis in maledictionem et in opprobrium cunctis gentibus terr?		In that ye provoke me unto wrath with the works of your hands, burning incense unto other gods in the land of Egypt, whither ye be gone to dwell, that ye might cut yourselves off, and that ye might be a curse and a reproach among all the nations of the earth?
Jer	44	9	הַשְׁכַחְתֶּם אֶת־רָעוֹת אֲבוֹתֵיכֶם וְאֶת־רָעוֹת מַלְכֵי יְהוּדָה וְאֵת רָעוֹת נָשָׁיו וְאֵת רָעֹתֵכֶם וְאֵת רָעֹת נְשֵׁיכֶם אֲשֶׁר עָשׂוּ בְּאֶרֶץ יְהוּדָה וּבְחֻצוֹת יְרוּשָׁלִָם ׃	ὅτι οὕτως εἶπεν Κύριος Μὴ ὑπολάβητε ταῖς ψυχαῖς ὑμῶν λέγοντες Ἀποτρέχοντες ἀπελεύσονται ἀφʼ ἡμῶν οἱ Χαλδαῖοι, ὅτι οὐ μὴ ἀπέλθωσιν,	numquid obliti estis mala patrum vestrorum et mala regum Iuda et mala uxorum eius et mala vestra et mala uxorum vestrarum quae fecerunt in terra Iuda et in regionibus Hierusalem	Numquid obliti estis mala patrum vestrorum, et mala regum Juda, et mala uxorum ejus, et mala vestra, et mala uxorum vestrarum, qu fecerunt in terra Juda, et in regionibus Jerusalem?		Have ye forgotten the wickedness of your fathers, and the wickedness of the kings of Judah, and the wickedness of their wives, and your own wickedness, and the wickedness of your wives, which they have committed in the land of Judah, and in the streets of Jerusalem?
Jer	44	10	לֹא דֻכְּאוּ עַד הַיּוֹם הַזֶּה וְלֹא יָרְאוּ וְלֹא־הָלְכוּ בְתוֹרָתִי וּבְחֻקֹּתַי אֲשֶׁר־נָתַתִּי לִפְנֵיכֶם וְלִפְנֵי אֲבוֹתֵיכֶם ׃ ס	καὶ ἐὰν πατάξητε πᾶσαν δύναμιν τῶν Χαλδαίων τοὺς πολεμοῦντας ὑμᾶς, καὶ καταλειφθῶσίν τινες ἐκκεκεντημένοι, ἕκαστος ἐν τῷ τόπῳ αὐτοῦ οὗτοι ἀναστήσονται καὶ καύσουσιν τὴν πόλιν ταύτην ἐν πυρί.	non sunt mundati usque ad diem hanc et non timuerunt et non ambulaverunt in lege et in praeceptis meis quae dedi coram vobis et coram patribus vestris	Non sunt mundati usque ad diem hanc: et non timuerunt, et non ambulaverunt in lege Domini, et in prceptis meis, qu dedi coram vobis et coram patribus vestris.		They are not humbled even unto this day, neither have they feared, nor walked in my law, nor in my statutes, that I set before you and before your fathers.
Jer	44	11	לָכֵן כֹּה־אָמַר יְהוָה צְבָאוֹת אֱלֹהֵי יִשְׂרָאֵל הִנְנִי שָׂם פָּנַי בָּכֶם לְרָעָה וּלְהַכְרִית אֶת־כָּל־יְהוּדָה ׃	Καὶ ἐγένετο ὅτε ἀνέβη ἡ δύναμις τῶν Χαλδαίων ἀπὸ Ἰερουσαλὴμ ἀπὸ προσώπου τῆς δυνάμεως Φαραώ,	ideo haec dicit Dominus exercituum Deus Israhel ecce ego pono faciem meam in vobis in malum et disperdam omnem Iudam	Ideo hc dicit Dominus exercituum, Deus Isral: Ecce ego ponam faciem meam in vobis in malum: et disperdam omnem Judam.		Therefore thus saith the Lord of hosts, the God of Israel; Behold, I will set my face against you for evil, and to cut off all Judah.
Jer	44	12	וְלָקַחְתִּי אֶת־שְׁאֵרִית יְהוּדָה אֲשֶׁר־שָׂמוּ פְנֵיהֶם לָבוֹא אֶרֶץ־מִצְרַיִם לָגוּר שָׁם וְתַמּוּ כֹל בְּאֶרֶץ מִצְרַיִם יִפֹּלוּ בַּחֶרֶב בָּרָעָב יִתַּמּוּ מִקָּטֹן וְעַד־גָּדוֹל בַּחֶרֶב וּבָרָעָב יָמֻתוּ וְהָיוּ לְאָלָה לְשַׁמָּה וְלִקְלָלָה וּלְחֶרְפָּה ׃	ἐξῆλθεν Ἰερεμίας ἀπὸ Ἰερουσαλὴμ τοῦ πορευθῆναι εἰς γῆν Βενιαμεὶν τοῦ ἀγοράσαι ἐκεῖθεν ἐν μέσῳ τοῦ λαοῦ.	et adsumam reliquias Iudae qui posuerunt facies suas ut ingrederentur terram Aegypti et habitarent ibi et consumentur omnes in terra Aegypti cadent in gladio et in fame consumentur a minimo usque ad maximum in gladio et in fame morientur et erunt in iusiurandum et in miraculum et in maledictionem et in obprobrium	Et assumam reliquias Jud, qui posuerunt facies suas ut ingrederentur terram gypti, et habitarent ibi, et consumentur omnes in terra gypti: cadent in gladio, et in fame, et consumentur a minimo usque ad maximum: in gladio et in fame morientur, et erunt in jusjurandum, et in miraculum, et in maledictionem, et in opprobrium.		And I will take the remnant of Judah, that have set their faces to go into the land of Egypt to sojourn there, and they shall all be consumed, and fall in the land of Egypt; they shall even be consumed by the sword and by the famine: they shall die, from the least even unto the greatest, by the sword and by the famine: and they shall be an execration, and an astonishment, and a curse, and a reproach.
Jer	44	13	וּפָקַדְתִּי עַל הַיּוֹשְׁבִים בְּאֶרֶץ מִצְרַיִם כַּאֲשֶׁר פָּקַדְתִּי עַל־יְרוּשָׁלִָם בַּחֶרֶב בָּרָעָב וּבַדָּבֶר ׃	καὶ ἐγένετο αὐτὸς ἐν πύλῃ Βενιαμείν, καὶ ἐκεῖ ἄνθρωπος παρʼ ᾧ κατέλυεν Σαρουιὰ υἱὸς Σελεμίου υἱοῦ Ἀνανίου, καὶ συνέλαβεν τὸν Ἰερεμίαν λέγων Πρὸς τοὺς Χαλδαίους σὺ φεύγεις;	et visitabo habitatores terrae Aegypti sicut visitavi super Hierusalem in gladio et in fame et in peste	Et visitabo super habitatores terr gypti, sicut visitavi super Jerusalem, in gladio, et fame, et peste:		For I will punish them that dwell in the land of Egypt, as I have punished Jerusalem, by the sword, by the famine, and by the pestilence:
Jer	44	14	וְלֹא יִהְיֶה פָּלִיט וְשָׂרִיד לִשְׁאֵרִית יְהוּדָה הַבָּאִים לָגוּר־שָׁם בְּאֶרֶץ מִצְרָיִם וְלָשׁוּב אֶרֶץ יְהוּדָה אֲשֶׁר־הֵמָּה מְנַשְּׂאִים אֶת־נַפְשָׁם לָשׁוּב לָשֶׁבֶת שָׁם כִּי לֹא־יָשׁוּבוּ כִּי אִם־פְּלֵטִים ׃ ס	καὶ εἶπεν Ψεῦδος· οὐκ εἰς τοὺς Χαλδαίους ἐγὼ φεύγω. καὶ οὐκ εἰσήκουσεν αὐτοῦ, καὶ συνέλαβεν Σαρουιὰ τὸν Ἰερεμίαν καὶ εἰσήγαγεν αὐτὸν πρὸς τοὺς ἄρχοντας.	et non erit qui effugiat et sit residuus de reliquiis Iudaeorum qui vadunt ut peregrinentur in terra Aegypti et revertantur in terram Iuda ad quam ipsi elevant animas suas ut revertantur et habitent ibi non revertentur nisi qui fugerint	et non erit qui effugiat, et sit residuus de reliquis Judorum qui vadunt ut peregrinentur in terra gypti, et revertantur in terram Juda, ad quam ipsi elevant animas suas ut revertantur, et habitent ibi: non revertentur, nisi qui fugerint.		So that none of the remnant of Judah, which are gone into the land of Egypt to sojourn there, shall escape or remain, that they should return into the land of Judah, to the which they have a desire to return to dwell there: for none shall return but such as shall escape.
Jer	44	15	וַיַּעֲנוּ אֶת־יִרְמְיָהוּ כָּל־הָאֲנָשִׁים הַיֹּדְעִים כִּי־מְקַטְּרוֹת נְשֵׁיהֶם לֵאלֹהִים אֲחֵרִים וְכָל־הַנָּשִׁים הָעֹמְדוֹת קָהָל גָּדוֹל וְכָל־הָעָם הַיֹּשְׁבִים בְּאֶרֶץ־מִצְרַיִם בְּפַתְרוֹס לֵאמֹר ׃	καὶ ἐπικράνθησαν οἱ ἄρχοντες ἐπὶ Ἰερεμίαν καὶ ἐπάταξαν αὐτόν, καὶ ἀπέστειλαν αὐτὸν εἰς τὴν οἰκίαν Ἰωναθὰμ τοῦ γραμματέως, ὅτι ταύτην ἐποίησαν εἰς οἰκίαν φυλακῆς.	responderunt autem Hieremiae omnes viri scientes quod sacrificarent uxores eorum diis alienis et universae mulieres quarum stabat multitudo grandis et omnis populus habitantium in terra Aegypti in Fatures dicens	Responderunt autem Jeremi omnes viri scientes quod sacrificarent uxores eorum diis alienis, et univers mulieres quarum stabat multitudo grandis, et omnis populus habitantium in terra gypti in Phatures, dicentes:		Then all the men which knew that their wives had burned incense unto other gods, and all the women that stood by, a great multitude, even all the people that dwelt in the land of Egypt, in Pathros, answered Jeremiah, saying,
Jer	44	16	הַדָּבָר אֲשֶׁר־דִּבַּרְתָּ אֵלֵינוּ בְּשֵׁם יְהוָה אֵינֶנּוּ שֹׁמְעִים אֵלֶיךָ ׃	καὶ ἦλθεν Ἰερεμίας εἰς οἰκίαν τοῦ λάκκου καὶ εἰς τὴν χερέθ, καὶ ἐκάθισεν ἐκεῖ ἡμέρας πολλάς.	sermonem quem locutus es ad nos in nomine Domini non audiemus ex te	Sermonem quem locutus es ad nos in nomine Domini, non audiemus ex te:		As for the word that thou hast spoken unto us in the name of the Lord, we will not hearken unto thee.
Jer	44	17	כִּי עָשֹׂה נַעֲשֶׂה אֶת־כָּל־הַדָּבָר אֲשֶׁר־יָצָא מִפִּינוּ לְקַטֵּר לִמְלֶכֶת הַשָּׁמַיִם וְהַסֵּיךְ־לָהּ נְסָכִים כַּאֲשֶׁר עָשִׂינוּ אֲנַחְנוּ וַאֲבֹתֵינוּ מְלָכֵינוּ וְשָׂרֵינוּ בְּעָרֵי יְהוּדָה וּבְחֻצוֹת יְרוּשָׁלִָם וַנִּשְׂבַּע־לֶחֶם וַנִּהְיֶה טוֹבִים וְרָעָה לֹא רָאִינוּ ׃	καὶ ἀπέστειλεν Σεδεκίας καὶ ἐκάλεσεν αὐτόν, καὶ ἠρώτα αὐτὸν ὁ βασιλεὺς κρυφαίως εἰπεῖν Εἰ ἔστιν ὁ λόγος παρὰ Κυρίου; καὶ εἶπεν Ἐστιν· εἰς χεῖρας βασιλέως Βαβυλῶνος παραδοθήσῃ.	sed facientes faciemus omne verbum quod egreditur de ore nostro ut sacrificemus Reginae caeli et libemus ei libamina sicut fecimus nos et patres nostri reges nostri et principes nostri in urbibus Iuda et in plateis Hierusalem et saturati sumus panibus et bene nobis erat malumque non vidimus	sed facientes faciemus omne verbum quod egredietur de ore nostro, ut sacrificemus regin cli, et libemus ei libamina, sicut fecimus nos et patres nostri, reges nostri et principes nostri, in urbibus Juda, et in plateis Jerusalem: et saturati sumus panibus, et bene nobis erat, malumque non vidimus.		But we will certainly do whatsoever thing goeth forth out of our own mouth, to burn incense unto the queen of heaven, and to pour out drink offerings unto her, as we have done, we, and our fathers, our kings, and our princes, in the cities of Judah, and in the streets of Jerusalem: for then had we plenty of victuals, and were well, and saw no evil.
Jer	44	18	וּמִן־אָז חָדַלְנוּ לְקַטֵּר לִמְלֶכֶת הַשָּׁמַיִם וְהַסֵּךְ־לָהּ נְסָכִים חָסַרְנוּ כֹל וּבַחֶרֶב וּבָרָעָב תָּמְנוּ ׃	καὶ εἶπεν Ἰερεμίας τῷ βασιλεῖ Τί ἠδίκησά σε καὶ τοὺς παῖδάς σου καὶ τὸν λαὸν τοῦτον, ὅτι σὺ δίδως με εἰς οἰκίαν φυλακῆς	ex eo autem quo cessavimus sacrificare Reginae caeli et libare ei libamina indigemus omnibus et gladio et fame consumpti sumus	Ex eo autem tempore quo cessavimus sacrificare regin cli, et libare ei libamina, indigemus omnibus, et gladio et fame consumpti sumus.		But since we left off to burn incense to the queen of heaven, and to pour out drink offerings unto her, we have wanted all things, and have been consumed by the sword and by the famine.
Jer	44	19	וְכִי־אֲנַחְנוּ מְקַטְּרִים לִמְלֶכֶת הַשָּׁמַיִם וּלְהַסֵּךְ לָהּ נְסָכִים הֲמִבַּלְעֲדֵי אֲנָשֵׁינוּ עָשִׂינוּ לָהּ כַּוָּנִים לְהַעֲצִבָה וְהַסֵּךְ לָהּ נְסָכִים ׃ פ	καὶ ποῦ εἰσιν οἱ προφῆται ὑμῶν οἱ προφητεύσαντες ὑμῖν λέγοντες ὅτι Οὐ μὴ ἔλθῃ βασιλεὺς Βαβυλῶνος ἐπὶ τὴν γῆν ταύτην;	quod si nos sacrificamus Reginae caeli et libamus ei libamina numquid sine viris nostris fecimus ei placentas ad colendum eam et liba libandi	Quod si nos sacrificamus regin cli, et libamus ei libamina, numquid sine viris nostris fecimus ei placentas ad colendum eam, et libandum ei libamina?		And when we burned incense to the queen of heaven, and poured out drink offerings unto her, did we make her cakes to worship her, and pour out drink offerings unto her, without our men?
Jer	44	20	וַיֹּאמֶר יִרְמְיָהוּ אֶל־כָּל־הָעָם עַל־הַגְּבָרִים וְעַל־הַנָּשִׁים וְעַל־כָּל־הָעָם הָעֹנִים אֹתוֹ דָּבָר לֵאמֹר ׃	καὶ νῦν, κύριε βασιλεῦ, πεσέτω τὸ ἔλεός μου κατὰ πρόσωπόν σου· καὶ τί ἀποστρέφεις με εἰς οἰκίαν Ἰωναθὰμ τοῦ γραμματέως, καὶ οὐ μὴ ἀποθάνω ἐκεῖ ;	et dixit Hieremias ad omnem populum adversum viros et adversum mulieres et adversum universam plebem qui responderant ei verbum dicens	Et dixit Jeremias ad omnem populum, adversum viros, et adversum mulieres, et adversum universam plebem, qui responderant ei verbum, dicens:		Then Jeremiah said unto all the people, to the men, and to the women, and to all the people which had given him that answer, saying,
Jer	44	21	הֲלוֹא אֶת־הַקִּטֵּר אֲשֶׁר קִטַּרְתֶּם בְּעָרֵי יְהוּדָה וּבְחֻצוֹת יְרוּשָׁלַםִ אַתֶּם וַאֲבוֹתֵיכֶם מַלְכֵיכֶם וְשָׂרֵיכֶם וְעַם הָאָרֶץ אֹתָם זָכַר יְהוָה וַתַּעֲלֶה עַל־לִבּוֹ ׃	καὶ συνέταξεν ὁ βασιλεύς, καὶ ἐνεβάλοσαν αὐτὸν εἰς οἰκίαν τῆς φυλακῆς, καὶ ἐδίδοσαν αὐτῷ ἄρτον ἕνα τῆς ἡμέρας ἔξωθεν οὗ πέσσουσιν, ἕως ἐξέλιπον οἱ ἄρτοι ἐκ τῆς πόλεως· καὶ ἐκάθισεν Ἰερεμίας ἐν τῇ αὐλῇ τῆς φυλακῆς.	numquid non sacrificium quod sacrificastis in civitatibus Iuda et in plateis Hierusalem vos et patres vestri reges vestri et principes vestri et populus terrae horum recordatus est Dominus et ascendit super cor eius	Numquid non sacrificium quod sacrificastis in civitatibus Juda, et in plateis Jerusalem, vos et patres vestri, reges vestri, et principes vestri, et populus terr, horum recordatus est Dominus, et ascendit super cor ejus?		The incense that ye burned in the cities of Judah, and in the streets of Jerusalem, ye, and your fathers, your kings, and your princes, and the people of the land, did not the Lord remember them, and came it not into his mind?
Jer	44	22	וְלֹא־יוּכַל יְהוָה עוֹד לָשֵׂאת מִפְּנֵי רֹעַ מַעַלְלֵיכֶם מִפְּנֵי הַתּוֹעֵבֹת אֲשֶׁר עֲשִׂיתֶם וַתְּהִי אַרְצְכֶם לְחָרְבָּה וּלְשַׁמָּה וְלִקְלָלָה מֵאֵין יוֹשֵׁב כְּהַיּוֹם הַזֶּה ׃		et non poterat Dominus ultra portare propter malitiam studiorum vestrorum et propter abominationes quas fecistis et facta est terra vestra in desolationem et in stuporem et in maledictum eo quod non sit habitator sicut est dies haec	Et non poterat Dominus ultra portare propter malitiam studiorum vestrorum, et propter abominationes quas fecistis: et facta est terra vestra in desolationem, et in stuporem, et in maledictum, eo quod non sit habitator, sicut est dies hc.		So that the Lord could no longer bear, because of the evil of your doings, and because of the abominations which ye have committed; therefore is your land a desolation, and an astonishment, and a curse, without an inhabitant, as at this day.
Jer	44	23	מִפְּנֵי אֲשֶׁר קִטַּרְתֶּם וַאֲשֶׁר חֲטָאתֶם לַיהוָה וְלֹא שְׁמַעְתֶּם בְּקוֹל יְהוָה וּבְתֹרָתוֹ וּבְחֻקֹּתָיו וּבְעֵדְוֹתָיו לֹא הֲלַכְתֶּם עַל־כֵּן קָרָאת אֶתְכֶם הָרָעָה הַזֹּאת כַּיּוֹם הַזֶּה ׃ ס		propterea quod sacrificaveritis idolis et peccaveritis Domino et non audieritis vocem Domini et in lege et in praeceptis et in testimoniis eius non ambulaveritis idcirco evenerunt vobis mala haec sicut est dies haec	Propterea quod sacrificaveritis idolis, et peccaveritis Domino, et non audieritis vocem Domini, et in lege, et in prceptis, et in testimoniis ejus non ambulaveritis, idcirco evenerunt vobis mala hc, sicut est dies hc.		Because ye have burned incense, and because ye have sinned against the Lord, and have not obeyed the voice of the Lord, nor walked in his law, nor in his statutes, nor in his testimonies; therefore this evil is happened unto you, as at this day.
Jer	44	24	וַיֹּאמֶר יִרְמְיָהוּ אֶל־כָּל־הָעָם וְאֶל כָּל־הַנָּשִׁים שִׁמְעוּ דְּבַר־יְהוָה כָּל־יְהוּדָה אֲשֶׁר בְּאֶרֶץ מִצְרָיִם ׃ ס		dixit autem Hieremias ad omnem populum et ad universas mulieres audite verbum Domini omnis Iuda qui estis in terra Aegypti	Dixit autem Jeremias ad omnem populum, et ad universas mulieres: Audite verbum Domini, omnis Juda, qui estis in terra gypti.		Moreover Jeremiah said unto all the people, and to all the women, Hear the word of the Lord, all Judah that are in the land of Egypt:
Jer	44	25	כֹּה־אָמַר יְהוָה־צְבָאוֹת אֱלֹהֵי יִשְׂרָאֵל לֵאמֹר אַתֶּם וּנְשֵׁיכֶם וַתְּדַבֵּרְנָה בְּפִיכֶם וּבִידֵיכֶם מִלֵּאתֶם לֵאמֹר עָשֹׂה נַעֲשֶׂה אֶת־נְדָרֵינוּ אֲשֶׁר נָדַרְנוּ לְקַטֵּר לִמְלֶכֶת הַשָּׁמַיִם וּלְהַסֵּךְ לָהּ נְסָכִים הָקֵים תָּקִימְנָה אֶת־נִדְרֵיכֶם וְעָשֹׂה תַעֲשֶׂינָה אֶת־נִדְרֵיכֶם ׃ פ		haec inquit Dominus exercituum Deus Israhel dicens vos et uxores vestrae locuti estis ore vestro et manibus vestris implestis dicentes faciamus vota nostra quae vovimus ut sacrificemus Reginae caeli et libemus ei libamina implestis vota vestra et opere perpetrastis ea	Hc inquit Dominus exercituum, Deus Isral, dicens: Vos et uxores vestr, locuti estis ore vestro, et manibus vestris implestis, dicentes: Faciamus vota nostra, qu vovimus, ut sacrificemus regin cli, et libemus ei libamina. Implestis vota vestra, et opere perpetrastis ea.		Thus saith the Lord of hosts, the God of Israel, saying; Ye and your wives have both spoken with your mouths, and fulfilled with your hand, saying, We will surely perform our vows that we have vowed, to burn incense to the queen of heaven, and to pour out drink offerings unto her: ye will surely accomplish your vows, and surely perform your vows.
Jer	44	26	לָכֵן שִׁמְעוּ דְבַר־יְהוָה כָּל־יְהוּדָה הַיֹּשְׁבִים בְּאֶרֶץ מִצְרָיִם הִנְנִי נִשְׁבַּעְתִּי בִּשְׁמִי הַגָּדוֹל אָמַר יְהוָה אִם־יִהְיֶה עוֹד שְׁמִי נִקְרָא בְּפִי כָּל־אִישׁ יְהוּדָה אֹמֵר חַי־אֲדֹנָי יְהוִה בְּכָל־אֶרֶץ מִצְרָיִם ׃		ideo audite verbum Domini omnis Iuda qui habitatis in terra Aegypti ecce ego iuravi in nomine meo magno ait Dominus quia nequaquam ultra nomen meum vocabitur ex ore omnis viri iudaei dicentis vivit Dominus Deus in omni terra Aegypti	Ideo audite verbum Domini, omnis Juda, qui habitatis in terra gypti: Ecce ego juravi in nomine meo magno, ait Dominus, quia nequaquam ultra vocabitur nomen meum ex ore omnis viri Judi, dicentis: Vivit Dominus Deus, in omni terra gypti.		Therefore hear ye the word of the Lord, all Judah that dwell in the land of Egypt; Behold, I have sworn by my great name, saith the Lord, that my name shall no more be named in the mouth of any man of Judah in all the land of Egypt, saying, The Lord God liveth.
Jer	44	27	הִנְנִי שֹׁקֵד עֲלֵיהֶם לְרָעָה וְלֹא לְטוֹבָה וְתַמּוּ כָל־אִישׁ יְהוּדָה אֲשֶׁר בְּאֶרֶץ־מִצְרַיִם בַּחֶרֶב וּבָרָעָב עַד־כְּלוֹתָם ׃		ecce ego vigilabo super eos in malum et non in bonum et consumentur omnes viri Iuda qui sunt in terra Aegypti gladio et fame donec penitus consumantur	Ecce ego vigilabo super eos in malum, et non in bonum: et consumentur omnes viri Juda qui sunt in terra gypti gladio et fame, donec penitus consumantur.		Behold, I will watch over them for evil, and not for good: and all the men of Judah that are in the land of Egypt shall be consumed by the sword and by the famine, until there be an end of them.
Jer	44	28	וּפְלִיטֵי חֶרֶב יְשֻׁבוּן מִן־אֶרֶץ מִצְרַיִם אֶרֶץ יְהוּדָה מְתֵי מִסְפָּר וְיָדְעוּ כָּל־שְׁאֵרִית יְהוּדָה הַבָּאִים לְאֶרֶץ־מִצְרַיִם לָגוּר שָׁם דְּבַר־מִי יָקוּם מִמֶּנִּי וּמֵהֶם ׃		et qui fugerint gladium revertentur de terra Aegypti in terram Iuda viri pauci et scient omnes reliquiae Iuda ingredientium terram Aegypti ut habitent ibi cuius sermo conpleatur meus an illorum	Et qui fugerint gladium, revertentur de terra gypti in terram Juda viri pauci: et scient omnes reliqui Juda, ingredientium terram gypti ut habitent ibi, cujus sermo compleatur, meus an illorum.		Yet a small number that escape the sword shall return out of the land of Egypt into the land of Judah, and all the remnant of Judah, that are gone into the land of Egypt to sojourn there, shall know whose words shall stand, mine, or their's.
Jer	44	29	וְזֹאת־לָכֶם הָאוֹת נְאֻם־יְהוָה כִּי־פֹקֵד אֲנִי עֲלֵיכֶם בַּמָּקוֹם הַזֶּה לְמַעַן תֵּדְעוּ כִּי קוֹם יָקוּמוּ דְבָרַי עֲלֵיכֶם לְרָעָה ׃ ס		et hoc vobis signum ait Dominus quod visitem ego super vos in loco isto ut sciatis quia vere conplebuntur sermones mei contra vos in malum	Et hoc vobis signum, ait Dominus, quod visitem ego super vos in loco isto, ut sciatis quia vere complebuntur sermones mei contra vos in malum:		And this shall be a sign unto you, saith the Lord, that I will punish you in this place, that ye may know that my words shall surely stand against you for evil:
Jer	44	30	כֹּה אָמַר יְהוָה הִנְנִי נֹתֵן אֶת־פַּרְעֹה חָפְרַע מֶלֶךְ־מִצְרַיִם בְּיַד אֹיְבָיו וּבְיַד מְבַקְשֵׁי נַפְשׁוֹ כַּאֲשֶׁר נָתַתִּי אֶת־צִדְקִיָּהוּ מֶלֶךְ־יְהוּדָה בְּיַד נְבוּכַדְרֶאצַּר מֶלֶךְ־בָּבֶל אֹיְבוֹ וּמְבַקֵּשׁ נַפְשׁוֹ ׃ ס		haec dicit Dominus ecce ego tradam Pharaonem Efree regem Aegypti in manu inimicorum eius et in manu quaerentium animam illius sicut tradidi Sedeciam regem Iuda in manu Nabuchodonosor regis Babylonis inimici sui et quaerentis animam eius	hc dicit Dominus: Ecce ego tradam Pharaonem Ephree regem gypti, in manu inimicorum ejus, et in manu qurentium animam illius, sicut tradidi Sedeciam regem Juda in manu Nabuchodonosor regis Babylonis, inimici sui, et qurentis animam ejus.		Thus saith the Lord; Behold, I will give Pharaohhophra king of Egypt into the hand of his enemies, and into the hand of them that seek his life; as I gave Zedekiah king of Judah into the hand of Nebuchadrezzar king of Babylon, his enemy, and that sought his life.
Jer	45	1	הַדָּבָר אֲשֶׁר דִּבֶּר יִרְמְיָהוּ הַנָּבִיא אֶל־בָּרוּךְ בֶּן־נֵרִיָּה בְּכָתְבוֹ אֶת־הַדְּבָרִים הָאֵלֶּה עַל־סֵפֶר מִפִּי יִרְמְיָהוּ בַּשָּׁנָה הָרְבִעִית לִיהוֹיָקִים בֶּן־יֹאשִׁיָּהוּ מֶלֶךְ יְהוּדָה לֵאמֹר ׃ ס	Καὶ ἤκουσεν Σαφανίας υἱὸς Ναθὰν καὶ Γοδολίας υἱὸς Πασχὼρ καὶ Ἰωαχὰλ υἱὸς Σελεμίου τοὺς λόγους σὓς Ἰερεμίας ἐλάλει ἐπὶ τὸν λαὸν λέγων	verbum quod locutus est Hieremias propheta ad Baruch filium Neri cum scripsisset verba haec in libro de ore Hieremiae anno quarto Ioachim filii Iosiae regis Iuda dicens	Verbum quod locutus est Jeremias propheta ad Baruch filium Neri, cum scripsisset verba hc in libro ex ore Jeremi, anno quarto Joakim filii Josi regis Juda, dicens:		The word that Jeremiah the prophet spake unto Baruch the son of Neriah, when he had written these words in a book at the mouth of Jeremiah, in the fourth year of Jehoiakim the son of Josiah king of Judah, saying,
Jer	45	2	כֹּה־אָמַר יְהוָה אֱלֹהֵי יִשְׂרָאֵל עָלֶיךָ בָּרוּךְ ׃	Οὕτως εἶπεν Κύριος Ὁ κατοικῶν ἐν τῇ πολει ταύτῃ ἀποθανεῖται ἐν ῥομφαίᾳ καὶ ἐν λιμῷ, καὶ ὁ ἐκπορευόμενος πρὸς τοὺς Χαλδαίους ζήσεται, καὶ ἔσται ἡ ψυχὴ αὐτοῦ εἰς εὕρεμα καὶ ζήσεται.	haec dicit Dominus Deus Israhel ad te Baruch	Hc dicit Dominus Deus Isral ad te, Baruch:		Thus saith the Lord, the God of Israel, unto thee, O Baruch:
Jer	45	3	אָמַרְתָּ אוֹי־נָא לִי כִּי־יָסַף יְהוָה יָגוֹן עַל־מַכְאֹבִי יָגַעְתִּי בְּאַנְחָתִי וּמְנוּחָה לֹא מָצָאתִי ׃ ס	ὅτι οὕτως εἶπεν Κύριος Παραδιδομένη παραδοθήσεται ἡ πόλις αὕτη εἰς χεῖρας δυνάμεως βασιλέως Βαβυλῶνος, καὶ συλλήμψεται αὐτήν.	dixisti vae misero mihi quoniam addidit Dominus dolorem dolori meo laboravi in gemitu meo et requiem non inveni	Dixisti: V misero mihi! quoniam addidit Dominus dolorem dolori meo: laboravi in gemitu meo, et requiem non inveni.		Thou didst say, Woe is me now! for the Lord hath added grief to my sorrow; I fainted in my sighing, and I find no rest.
Jer	45	4	כֹּה תֹּאמַר אֵלָיו כֹּה אָמַר יְהוָה הִנֵּה אֲשֶׁר־בָּנִיתִי אֲנִי הֹרֵס וְאֵת אֲשֶׁר־נָטַעְתִּי אֲנִי נֹתֵשׁ וְאֶת־כָּל־הָאָרֶץ הִיא ׃	καὶ εἶπαν τῷ βασιλεῖ Ἀναιρεθήτω δὴ ὁ ἄνθρωπος ἐκεῖνος, ὅτι αὐτὸς ἐκλύει τὰς χεῖρας τῶν ἀνθρώπων τῶν πολεμούντων τῶν καταλειπομένων ἐν τῇ πόλει καὶ τὰς χεῖρας παντὸς τοῦ λαοῦ, λαλῶν πρὸς αὐτοὺς κατὰ τοὺς λόγους τούτους, ὅτι ὁ ἄυθρωπος οὗτος οὐ χρησιμολογεῖ εἰρήνην τῷ λαῷ τούτῳ ἀλλʼ ἢ πονηρά.	haec dices ad eum sic dicit Dominus ecce quos aedificavi ego destruo et quos plantavi ego evello et universam terram hanc	Hc dicit Dominus: Sic dices ad eum: Ecce quos dificavi, ego destruo: et quos plantavi, ego evello, et universam terram hanc:		Thus shalt thou say unto him, The Lord saith thus; Behold, that which I have built will I break down, and that which I have planted I will pluck up, even this whole land.
Jer	45	5	וְאַתָּה תְּבַקֶּשׁ־לְךָ גְדֹלוֹת אַל־תְּבַקֵּשׁ כִּי הִנְנִי מֵבִיא רָעָה עַל־כָּל־בָּשָׂר נְאֻם־יְהוָה וְנָתַתִּי לְךָ אֶת־נַפְשְׁךָ לְשָׁלָל עַל כָּל־הַמְּקֹמוֹת אֲשֶׁר תֵּלֶךְ־שָׁם ׃ ס	καὶ εἶπεν ὁ βασιλεύς Ἰδοὐ αὐτὸς ἐν χερσὶν ὑμῶν· ὅτι οὐκ ἡδύνατο ὁ βασιλεὺς πρὸς αὐτούς.	et tu quaeris tibi grandia noli quaerere quia ecce ego adducam malum super omnem carnem ait Dominus et dabo tibi animam tuam in salutem in omnibus locis ad quaecumque perrexeris	et tu quris tibi grandia? Noli qurere, quia ecce ego adducam malum super omnem carnem, ait Dominus, et dabo tibi animam tuam in salutem in omnibus locis ad qucumque perrexeris.		And seekest thou great things for thyself? seek them not: for, behold, I will bring evil upon all flesh, saith the Lord: but thy life will I give unto thee for a prey in all places whither thou goest.
Jer	45	6		καὶ ἔριψαν αὐτὸν εἰς λάκκον Μελχίου υἱοῦ τοῦ βασιλέως, ὃς ἦν ἐν τῇ αὐλῇ τῆς φυλακῆς, καὶ ἐχάλασαν αὐτὸν εἰς τὸν λάκκον, καὶ ἐν τῷ λάκκῳ οὐκ ἦν ὕδωρ ἀλλ᾿ ἢ βόρβορος.				
Jer	45	7		καὶ ἦν ἐν τῷ βορβόρῳ ⁷καὶ ἤκουσεν Ἀβδεμέλεχ ὁ Αἰθίοψ, καὶ αὐτὸς ἐν οἰκίᾳ τοῦ βασιλέως, ὅτι ἔδωκαν Ἰερεμίαν εἰς τὸν λάκκον· καὶ ὁ βασιλεὺς ἣν ἐν τῇ πύλη Βενιαμείν·				
Jer	45	8		καὶ ἐξῆλθεν πρὸς αὐτόν, καὶ ἐλάλησεν πρὸς τὸν βασιλέα καὶ εἶπεν				
Jer	45	9		Ἐπονηρεύσω ἃ ἐποίησας τοῦ ἀποκτεῖναι τὸν ἄνθρωπον τοῦτον ἀπὸ προσώπου τοῦ λιμοῦ, ὅτι οὐκ εἰσὶν ἔτι ἄρτοι ἐν τῇ πόλει.				
Jer	45	10		καὶ ἐνετείλατο ὁ βασιλεὺς τῷ Ἀβδεμέλεχ λέγων Λάβε εἰς τὰς χεῖράς σου ἐντεῦθεν τριάκοντα ἀνθρώπους καὶ ἀνάγαγε αὐτὸν ἐκ τοῦ λάκκου, ἴνα μὴ ἀποθάνῃ.				
Jer	45	11		καὶ ἔλαβεν Ἀβδεμέλεχ τοὺς ἀνθρώπους καὶ εἰσῆλθεν εἰς τὴν οἰκίαν τοῦ βασιλέως τὴν ὑπόγειον, καὶ ἔλαβεν ἐκεῖθεν παλαιὰ ῥάκη καὶ παλαιὰ σχοινία, καὶ ἔριψεν αὐτὰ πρὸς Ἰερεμίαν εἰς τὸν λάκκον,				
Jer	45	12		καὶ εἶπεν Ταῦτα θὲς ὑποκάτω τῶν σχοινίων. καὶ ἐποίησεν Ἰερεμίας οὕτως.				
Jer	45	13		καὶ εἵλκυσαν αὐτὸν τοῖς σχοινίοις καὶ ἀνήγαγον αὐτὸν ἐκ τοῦ λάκκου· καὶ ἐκάθισεν Ἰερεμίας ἐν τῇ αὐλῇ τῆς φυλακῆς.				
Jer	45	14		Καὶ ἀπέστειλεν ὁ βασιλεὺς καὶ ἐκάλεσεν αὐτὸν πρὸς ἑαυτὸν εἰς οἰκίαν ἁσελεισὴλ τὴν ἐν οἴκῳ Κυρίου. καὶ εἶπεν αὐτῷ ὁ βασιλεὺς Ἐρωτήσω σε λόγον, καὶ μὴ δὴ κρύψῃς ἀπʼ ἐμοῦ ῥῆμα.				
Jer	45	15		καὶ εἶπεν Ἰερεμίας τῷ βασιλεῖ Ἐὰν ἀναγγείλω σοι, οὐχὶ θανάτῳ με θανατώσεις; καὶ ἐὰν συμβουλεύσω σοι, οὐ μὴ ἀκούσῃς μου.				
Jer	45	16		καὶ ὤμοσεν αὐτῷ ὁ βασιλεὺς λέγων Ζῇ Κύριος, ὃς ἐποίησεν ἡμῖν τὴν ψυχὴν ταύτην, εἰ ἀποκτενῶ σε καὶ εἰ δώσω σε εἰς χεῖρας τῶν ἀνθρώπων τούτων.				
Jer	45	17		καὶ εἶπεν αὐτῷ Ἰερεμίας Οὕτως εἶπεν Κύριος Ἐὰν ἐξελθὼν ἐξέλθῃς πρὸς ἡγεμόνας βασιλέως Βαβυλῶνος, ζήσεται ἡ ψυχή σου, καὶ ἡ πόλις αὕτη οὐ μὴ κατακαυθῇ ἐν πυρί, καὶ ζήσῃ σὺ καὶ ἡ οἰκία σου.				
Jer	45	18		καὶ ἐὰν μὴ ἐξέλθῃς, δοθήσεται ἡ πόλις αὕτη εἰς χεῖρας τῶν Χαλδαίων, καὶ καύσουσιν αὐτὴν ἐν πυρί, καὶ σὺ οὐ μὴ σωθῇς.				
Jer	45	19		καὶ εἶπεν ὁ βασιλεὺς τῷ Ἰερεμίᾳ Ἐγὼ λόγον ἔχω τῶν Ἰουδαίων τῶν πεφευγότων πρὸς τοὺς Χαλδαίους, μὴ δώσειν με εἰς χεῖρας αὐτῶν, καὶ καταμωκήσονταί μου.				
Jer	45	20		καὶ εἶπεν Ἰερεμίας Οὐ μὴ παραδῶσίν σε· ἄκουσον τὸν λόγον Κυρίου ὃν ἐγὼ λέγω πρὸς σέ, καὶ βέλτιον ἔσται σοι καὶ ζήσεται ἡ ψυχὴ σου.				
Jer	45	21		καὶ εἰ μὴ θέλεις σὺ ἐξελθεῖν, οὕτως ὁ λόγος ὃν ἔδειξέν μοι Κύριος				
Jer	45	22		Καὶ ἰδοὺ πᾶσαι αἱ γυναῖκες αἱ καταλειφθεῖσαι ἐν οἰκίᾳ βασιλέως Ἰούδα ἐξήγοντο πρὸς ἄρχοντας βασιλέως Βαβυλῶνος, καὶ αὗται ἔλεγον Ἠπάτησάν σε, καὶ δυνήσονταί σοι ἄνδρες εἰρηνικοί σου, καὶ καταλύσουσιν ἐν ὀλισθήμασιν πόδας σου, ἀπέστρεψαν ἀπὸ σοῦ.				
Jer	45	23		καὶ τὰς γυναῖκάς σου καὶ τὰ τέκνα σου ἐξάξουσιν πρὸς τοὺς Χαλδαίους, καὶ σὺ οὐ μὴ σωθῇς, ὅτι ἐν χειρὶ βασιλέως Βαβυλῶνος συλλημφθήσῃ, καὶ ἡ πόλις αὕτη κατακαυθήσεται.				
Jer	45	24		καὶ εἶπεν αὐτῷ ὁ βασιλεὺς Ἄνθρωπος μὴ γνώτω ἐκ τῶν λόγων τούτων, καὶ σὺ οὐ μὴ ἀποθάνῃς.				
Jer	45	25		καὶ ἐὰν ἀκούσωσιν οἱ ἄρχοντες ὅτι ἐλάλησά σοι, καὶ ἔλθωσιν πρὸς σέ καὶ εἴπωσίν σοι Ἀνάγγειλον ἡμῖν τί ἐλάλησέν σοι ὁ βασιλεύς; μὴ κρύψῃς ἀφʼ ἡμῶν, καὶ οὐ μὴ ἀνέλωμέν σε· καὶ τί ἐλάλησεν πρὸς σὲ ὁ βασιλεύς;				
Jer	45	26		καὶ ἐρεῖς αὐτοῖς Ῥίπτω ἐγὼ τὸν ἔλεόν μου κατʼ ὀφθαλμοὺς τοῦ βασιλέως πρὸς τὸ μὴ ἀποστρέψαι με εἰς οἰκίαν Ἰωναθὰμ ἀποθανεῖν ἐκεῖ.				
Jer	45	27		καὶ ἤλθοσαν πάντες οἱ ἄρχοντες πρὸς Ἰερεμίαν καὶ ἠρώτησαν αὐτόν· καὶ ἀνήγγειλεν αὐτοῖς κατὰ πάντας τοὺς λόγους τούτους οὓς ἐνετείλατο αὐτῷ ὁ βασιλεύς· καὶ ἀπεσιώπησαν, ὅτι οὐκ ἠκούσθη λόγος Κυρίου.				
Jer	45	28		καὶ ἐκάθισεν Ἰερεμίας ἐν τῇ αὐλῇ τῆς φυλακῆς ἕως χρόνου οὗ συνελήμφθη Ἰερουσαλήμ.				
Jer	46	1	אֲשֶׁר הָיָה דְבַר־יְהוָה אֶל־יִרְמְיָהוּ הַנָּבִיא עַל־הַגּוֹיִם ׃	Καὶ ἐγένετο τῷ μηνὶ τῷ ἐνάτῳ τοῦ Σεδεκία βασιλέως Ἰούδα παρεγένετο Ναβουχοδονοσὸρ βασιλεὺς Βαβυλῶνος καὶ πᾶσα ἡ δύναμις αὐτοῦ ἐπὶ Ἰερουσαλήμ, καὶ ἐπολιόρκουν αὐτήν.	quod factum est verbum Domini ad Hieremiam prophetam contra gentes	Quod factum est verbum Domini ad Jeremiam prophetam contra gentes.		The word of the Lord which came to Jeremiah the prophet against the Gentiles;
Jer	46	2	לְמִצְרַיִם עַל־חֵיל פַּרְעֹה נְכוֹ מֶלֶךְ מִצְרַיִם אֲשֶׁר־הָיָה עַל־נְהַר־פְּרָת בְּכַרְכְּמִשׁ אֲשֶׁר הִכָּה נְבוּכַדְרֶאצַּר מֶלֶךְ בָּבֶל בִּשְׁנַת הָרְבִיעִית לִיהוֹיָקִים בֶּן־יֹאשִׁיָּהוּ מֶלֶךְ יְהוּדָה ׃	καὶ ἐν τῷ ἑνδεκάτῳ ἔτει τοῦ Σεδεκία ἐν τῷ μηνὶ τῷ τετάρτῳ ἐνάτῃ τοῦ μηνὸς ἐρράγη ἡ πόλις,	ad Aegyptum adversum exercitum Pharaonis Nechao regis Aegypti qui erat iuxta flumen Eufraten in Charchamis quem percussit Nabuchodonosor rex Babylonis in quarto anno Ioachim filii Iosiae regis Iuda	Ad gyptum, adversum exercitum Pharaonis Nechao regis gypti, qui erat juxta fluvium Euphraten in Charcamis, quem percussit Nabuchodonosor rex Babylonis, in quarto anno Joakim filii Josi regis Juda.		Against Egypt, against the army of Pharaohnecho king of Egypt, which was by the river Euphrates in Carchemish, which Nebuchadrezzar king of Babylon smote in the fourth year of Jehoiakim the son of Josiah king of Judah.
Jer	46	3	עִרְכוּ מָגֵן וְצִנָּה וּגְשׁוּ לַמִּלְחָמָה ׃	καὶ εἰσῆλθον πάντες οἱ ἡγούμενοι βασιλέως Βαβυλῶνος, καὶ ἐκάθισαν ἐν πύλῃ τῇ μέσῃ, Μαργανασὰρ καὶ Σαμαγὼθ καὶ Ναβουσαχὰρ καὶ Ναβουσαρείς, Ναγαργασνασέρ, Ῥαβαμάθ, καὶ οἱ κατάλοιποι ἡγεμόνες βασιλέως Βαβυλῶνος.	praeparate scutum et clypeum et procedite ad bellum	[Prparate scutum et clypeum, et procedite ad bellum.		Order ye the buckler and shield, and draw near to battle.
Jer	46	4	אִסְרוּ הַסּוּסִים וַעֲלוּ הַפָּרָשִׁים וְהִתְיַצְּבוּ בְּכוֹבָעִים מִרְקוּ הָרְמָחִים לִבְשׁוּ הַסִּרְיֹנֹת ׃		iungite equos et ascendite equites state in galeis polite lanceas induite vos loricis	Jungite equos, et ascendite, equites: state in galeis, polite lanceas, induite vos loricis.		Harness the horses; and get up, ye horsemen, and stand forth with your helmets; furbish the spears, and put on the brigandines.
Jer	46	5	מַדּוּעַ רָאִיתִי הֵמָּה חַתִּים נְסֹגִים אָחוֹר וְגִבּוֹרֵיהֶם יֻכַּתּוּ וּמָנוֹס נָסוּ וְלֹא הִפְנוּ מָגוֹר מִסָּבִיב נְאֻם־יְהוָה ׃		quid igitur vidi ipsos pavidos et terga vertentes fortes eorum caesos fugerunt conciti nec respexerunt terror undique ait Dominus	Quid igitur? vidi ipsos pavidos, et terga vertentes, forte eorum csos: fugerunt conciti, nec respexerunt: terror undique, ait Dominus.		Wherefore have I seen them dismayed and turned away back? and their mighty ones are beaten down, and are fled apace, and look not back: for fear was round about, saith the Lord.
Jer	46	6	אַל־יָנוּס הַקַּל וְאַל־יִמָּלֵט הַגִּבּוֹר צָפוֹנָה עַל־יַד נְהַר־פְּרָת כָּשְׁלוּ וְנָפָלוּ ׃		non fugiat velox nec salvari se putet fortis ad aquilonem iuxta flumen Eufraten victi sunt et ruerunt	Non fugiat velox, nec salvari se putet fortis: ad aquilonem juxta flumen Euphraten victi sunt, et ruerunt.		Let not the swift flee away, nor the mighty man escape; they shall stumble, and fall toward the north by the river Euphrates.
Jer	46	7	מִי־זֶה כַּיְאֹר יַעֲלֶה כַּנְּהָרוֹת יִתְגָּעֲשׁוּ מֵימָיו ׃		quis est iste qui quasi flumen ascendit et veluti fluviorum intumescunt gurgites eius	Quis est iste, qui quasi flumen ascendit, et veluti fluviorum intumescunt gurgites ejus?		Who is this that cometh up as a flood, whose waters are moved as the rivers?
Jer	46	8	מִצְרַיִם כַּיְאֹר יַעֲלֶה וְכַנְּהָרוֹת יִתְגֹּעֲשׁוּ מָיִם וַיֹּאמֶר אַעֲלֶה אֲכַסֶּה־אֶרֶץ אֹבִידָה עִיר וְיֹשְׁבֵי בָהּ ׃		Aegyptus fluminis instar ascendet et velut flumina movebuntur fluctus eius et dicet ascendens operiam terram perdam civitatem et habitatores eius	gyptus fluminis instar ascendit, et velut flumina movebuntur fluctus ejus, et dicet: Ascendens operiam terram: perdam civitatem, et habitatores ejus.		Egypt riseth up like a flood, and his waters are moved like the rivers; and he saith, I will go up, and will cover the earth; I will destroy the city and the inhabitants thereof.
Jer	46	9	עֲלוּ הַסּוּסִים וְהִתְהֹלְלוּ הָרֶכֶב וְיֵצְאוּ הַגִּבּוֹרִים כּוּשׁ וּפוּט תֹּפְשֵׂי מָגֵן וְלוּדִים תֹּפְשֵׂי דֹּרְכֵי קָשֶׁת ׃		ascendite equos et exultate in curribus et procedant fortes Aethiopia et Lybies tenentes scutum et Lydii arripientes et iacientes sagittas	Ascendite equos, et exsultate in curribus, et procedant fortes, thiopia et Libyes tenentes scutum, et Lydii arripientes et jacientes sagittas.		Come up, ye horses; and rage, ye chariots; and let the mighty men come forth; the Ethiopians and the Libyans, that handle the shield; and the Lydians, that handle and bend the bow.
Jer	46	10	וְהַיּוֹם הַהוּא לַאדֹנָי יְהוִה צְבָאוֹת יוֹם נְקָמָה לְהִנָּקֵם מִצָּרָיו וְאָכְלָה חֶרֶב וְשָׂבְעָה וְרָוְתָה מִדָּמָם כִּי זֶבַח לַאדֹנָי יְהוִה צְבָאוֹת בְּאֶרֶץ צָפוֹן אֶל־נְהַר־פְּרָת ׃		dies autem ille Domini Dei exercituum dies ultionis ut sumat vindictam de inimicis suis devorabit gladius et saturabitur et inebriabitur sanguine eorum victima enim Domini exercituum in terra aquilonis iuxta flumen Eufraten	Dies autem ille Domini Dei exercituum, dies ultionis, ut sumat vindictam de inimicis suis: devorabit gladius, et saturabitur, et inebriabitur sanguine eorum: victima enim Domini Dei exercituum, in terra aquilonis juxta flumen Euphraten.		For this is the day of the Lord God of hosts, a day of vengeance, that he may avenge him of his adversaries: and the sword shall devour, and it shall be satiate and made drunk with their blood: for the Lord God of hosts hath a sacrifice in the north country by the river Euphrates.
Jer	46	11	עֲלִי גִלְעָד וּקְחִי צֳרִי בְּתוּלַת בַּת־מִצְרָיִם לַשָּׁוְא הִרְבֵּיתִי רְפֻאוֹת תְּעָלָה אֵין לָךְ ׃		ascende in Galaad et tolle resinam virgo filia Aegypti frustra multiplicas medicamina sanitas non erit tibi	Ascende in Galaad, et tolle resinam, virgo filia gypti: frustra multiplicas medicamina, sanitas non erit tibi.		Go up into Gilead, and take balm, O virgin, the daughter of Egypt: in vain shalt thou use many medicines; for thou shalt not be cured.
Jer	46	12	שָׁמְעוּ גוֹיִם קְלוֹנֵךְ וְצִוְחָתֵךְ מָלְאָה הָאָרֶץ כִּי־גִבּוֹר בְּגִבּוֹר כָּשָׁלוּ יַחְדָּיו נָפְלוּ שְׁנֵיהֶם ׃ פ		audierunt gentes ignominiam tuam et ululatus tuus replevit terram quia fortis inpegit in fortem ambo pariter conciderunt	Audierunt gentes ignominiam tuam et ululatus tuus replevit terram, quia fortis impegit in fortem, et ambo pariter conciderunt.]		The nations have heard of thy shame, and thy cry hath filled the land: for the mighty man hath stumbled against the mighty, and they are fallen both together.
Jer	46	13	הַדָּבָר אֲשֶׁר דִּבֶּר יְהוָה אֶל־יִרְמְיָהוּ הַנָּבִיא לָבוֹא נְבוּכַדְרֶאצַּר מֶלֶךְ בָּבֶל לְהַכּוֹת אֶת־אֶרֶץ מִצְרָיִם ׃		verbum quod locutus est Dominus ad Hieremiam prophetam super eo quod venturus esset Nabuchodonosor rex Babylonis et percussurus terram Aegypti	Verbum quod locutus est Dominus ad Jeremiam prophetam, super eo quod venturus esset Nabuchodonosor rex Babylonis, et percussurus terram gypti:		The word that the Lord spake to Jeremiah the prophet, how Nebuchadrezzar king of Babylon should come and smite the land of Egypt.
Jer	46	14	הַגִּידוּ בְמִצְרַיִם וְהַשְׁמִיעוּ בְמִגְדּוֹל וְהַשְׁמִיעוּ בְנֹף וּבְתַחְפַּנְחֵס אִמְרוּ הִתְיַצֵּב וְהָכֵן לָךְ כִּי־אָכְלָה חֶרֶב סְבִיבֶיךָ ׃	καὶ ἀπέστειλαν καὶ ἔλαβον τὸν Ἰερεμίαν ἐξ αὐλῆς τῆς φυλακῆς, καὶ ἔδωκαν αὐτὸν πρὸς τὸν Γοδολίαν υἱὸν Ἀχεικὰμ υἱοῦ Σαφάν, καὶ ἐξήγαγον αὐτόν, καὶ ἐκάθισεν ἐν μέσῳ τοῦ λαοῦ.	adnuntiate Aegypto et auditum facite Magdolo et resonet in Memphis et in Tafnis dicite sta et praepara te quia devoravit gladius ea quae per circuitum tuum sunt	[Annuntiate gypto, et auditum facite in Magdalo, et resonet in Memphis, et in Taphnis: dicite: Sta, et prpara te, quia devorabit gladius ea qu per circuitum tuum sunt.		Declare ye in Egypt, and publish in Migdol, and publish in Noph and in Tahpanhes: say ye, Stand fast, and prepare thee; for the sword shall devour round about thee.
Jer	46	15	מַדּוּעַ נִסְחַף אַבִּירֶיךָ לֹא עָמַד כִּי יְהוָה הֲדָפוֹ ׃	καὶ πρὸς Ἰερεμίαν ἐγένετο λόγος Κυρίου ἐν τῇ αὐλῇ τῆς φυλακῆς λέγων	quare conputruit fortis tuus non stetit quoniam Dominus subvertit eum	Quare computruit fortis tuus? non stetit, quoniam Dominus subvertit eum.		Why are thy valiant men swept away? they stood not, because the Lord did drive them.
Jer	46	16	הִרְבָּה כּוֹשֵׁל גַּם־נָפַל אִישׁ אֶל־רֵעֵהוּ וַיֹּאמְרוּ קוּמָה וְנָשֻׁבָה אֶל־עַמֵּנוּ וְאֶל־אֶרֶץ מוֹלַדְתֵּנוּ מִפְּנֵי חֶרֶב הַיּוֹנָה ׃	Πορεύου καὶ εἰπὸν πρὸς Ἀβδεμέλεχ τὸν Αἰθίοπα Οὕτως εἶπεν Κύριος ὁ θεὸς Ἰσραήλ Ἰηοὺ ἐγὼ φέρω τοὺς λόγους μου ἐπὶ τὴν πόλιν ταύτην εἰς κακὰ καὶ οὐκ εἰς ἀγαθά,	multiplicavit ruentes ceciditque vir ad proximum suum et dicent surge et revertamur ad populum nostrum et ad terram nativitatis nostrae a facie gladii columbae	Multiplicavit ruentes, ceciditque vir ad proximum suum, et dicent: Surge, et revertamur ad populum nostrum, et ad terram nativitatis nostr, a facie gladii columb.		He made many to fall, yea, one fell upon another: and they said, Arise, and let us go again to our own people, and to the land of our nativity, from the oppressing sword.
Jer	46	17	קָרְאוּ שָׁם פַּרְעֹה מֶלֶךְ־מִצְרַיִם שָׁאוֹן הֶעֱבִיר הַמּוֹעֵד ׃	καὶ σώσω σε ἐν τῇ ἡμέρᾳ ἐκείνῃ, καὶ οὐ μὴ δώσω σε εἰς χεῖρας τῶν ἀνθρώπων ὧν σὺ φοβῇ ἀπὸ προσώπου αὐτῶν.	vocate nomen Pharao regis Aegypti Tumultum adduxit tempus	Vocate nomen Pharaonis regis gypti: tumultum adduxit tempus.		They did cry there, Pharaoh king of Egypt is but a noise; he hath passed the time appointed.
Jer	46	18	חַי־אָנִי נְאֻם־הַמֶּלֶךְ יְהוָה צְבָאוֹת שְׁמוֹ כִּי כְּתָבוֹר בֶּהָרִים וּכְכַרְמֶל בַּיָּם יָבוֹא ׃	ὅτι σώζων σώσω σε, καὶ ἐν ῥομφαίᾳ οὐ μὴ πέσῃς· καὶ ἔσται ἡ ψυχὴ σου εἰς εὕρεμα, ὅτι ἐπεποίθεις ἐπʼ ἐμοί, φησὶν Κύριος.	vivo ego inquit Rex Dominus exercituum nomen eius quoniam sicut Thabor in montibus et sicut Carmelus in mari veniet	Vivo ego, inquit rex (Dominus exercituum nomen ejus), quoniam sicut Thabor in montibus, et sicut Carmelus in mari, veniet.		As I live, saith the King, whose name is the Lord of hosts, Surely as Tabor is among the mountains, and as Carmel by the sea, so shall he come.
Jer	46	19	כְּלֵי גוֹלָה עֲשִׂי לָךְ יוֹשֶׁבֶת בַּת־מִצְרָיִם כִּי־נֹף לְשַׁמָּה תִהְיֶה וְנִצְּתָה מֵאֵין יוֹשֵׁב ׃ ס		vasa transmigrationis fac tibi habitatrix filia Aegypti quia Memphis in solitudinem erit et deseretur inhabitabilis	Vasa transmigrationis fac tibi, habitatrix filia gypti: quia Memphis in solitudinem erit, et deseretur, et inhabitabilis erit.		O thou daughter dwelling in Egypt, furnish thyself to go into captivity: for Noph shall be waste and desolate without an inhabitant.
Jer	46	20	עֶגְלָה יְפֵה־פִיָּה מִצְרָיִם קֶרֶץ מִצָּפוֹן בָּא בָא ׃		vitula eligans atque formonsa Aegyptus stimulator ab aquilone veniet ei	Vitula elegans atque formosa gyptus, stimulator ab aquilone veniet ei.		Egypt is like a very fair heifer, but destruction cometh; it cometh out of the north.
Jer	46	21	גַּם־שְׂכִרֶיהָ בְקִרְבָּהּ כְּעֶגְלֵי מַרְבֵּק כִּי־גַם־הֵמָּה הִפְנוּ נָסוּ יַחְדָּיו לֹא עָמָדוּ כִּי יוֹם אֵידָם בָּא עֲלֵיהֶם עֵת פְּקֻדָּתָם ׃		mercennarii quoque eius qui versabantur in medio eius quasi vituli saginati versi sunt et fugerunt simul nec stare potuerunt quia dies interfectionis eorum venit super eos tempus visitationis eorum	Mercenarii quoque ejus, qui versabantur in medio ejus quasi vituli saginati, versi sunt, et fugerunt simul, nec stare potuerunt, quia dies interfectionis eorum venit super eos, tempus visitationis eorum.		Also her hired men are in the midst of her like fatted bullocks; for they also are turned back, and are fled away together: they did not stand, because the day of their calamity was come upon them, and the time of their visitation.
Jer	46	22	קוֹלָהּ כַּנָּחָשׁ יֵלֵךְ כִּי־בְחַיִל יֵלֵכוּ וּבְקַרְדֻּמּוֹת בָּאוּ לָהּ כְּחֹטְבֵי עֵצִים ׃		vox eius quasi aeris sonabit quoniam cum exercitu properabunt et cum securibus venient ei quasi ligna caedentes	Vox ejus quasi ris sonabit: quoniam cum exercitu properabunt, et cum securibus venient ei quasi cdentes ligna.		The voice thereof shall go like a serpent; for they shall march with an army, and come against her with axes, as hewers of wood.
Jer	46	23	כָּרְתוּ יַעְרָהּ נְאֻם־יְהוָה כִּי לֹא יֵחָקֵר כִּי רַבּוּ מֵאַרְבֶּה וְאֵין לָהֶם מִסְפָּר ׃		succiderunt saltum eius ait Dominus qui supputari non potest multiplicati sunt super lucustas et non est eis numerus	Succiderunt saltum ejus, ait Dominus, qui supputari non potest: multiplicati sunt super locustas, et non est eis numerus.		They shall cut down her forest, saith the Lord, though it cannot be searched; because they are more than the grasshoppers, and are innumerable.
Jer	46	24	הֹבִישָׁה בַּת־מִצְרָיִם נִתְּנָה בְּיַד עַם־צָפוֹן ׃		confusa est filia Aegypti et tradita in manu populi aquilonis	Confusa est filia gypti, et tradita in manu populo aquilonis.		The daughter of Egypt shall be confounded; she shall be delivered into the hand of the people of the north.
Jer	46	25	אָמַר יְהוָה צְבָאוֹת אֱלֹהֵי יִשְׂרָאֵל הִנְנִי פוֹקֵד אֶל־אָמוֹן מִנֹּא וְעַל־פַּרְעֹה וְעַל־מִצְרַיִם וְעַל־אֱלֹהֶיהָ וְעַל־מְלָכֶיהָ וְעַל־פַּרְעֹה וְעַל הַבֹּטְחִים בּוֹ ׃		dixit Dominus exercituum Deus Israhel ecce ego visitabo super tumultum Alexandriae et super Pharao et super Aegyptum et super deos eius et super reges eius et super Pharao et super eos qui confidunt in eo	Dixit Dominus exercituum, Deus Isral: Ecce ego visitabo super tumultum Alexandri, et super Pharaonem, et super gyptum, et super deos ejus, et super reges ejus, et super Pharaonem, et super eos qui confidunt in eo:		The Lord of hosts, the God of Israel, saith; Behold, I will punish the multitude of No, and Pharaoh, and Egypt, with their gods, and their kings; even Pharaoh, and all them that trust in him:
Jer	46	26	וּנְתַתִּים בְּיַד מְבַקְשֵׁי נַפְשָׁם וּבְיַד נְבוּכַדְרֶאצַּר מֶלֶךְ־בָּבֶל וּבְיַד־עֲבָדָיו וְאַחֲרֵי־כֵן תִּשְׁכֹּן כִּימֵי־קֶדֶם נְאֻם־יְהוָה ׃ ס		et dabo eos in manu quaerentium animam eorum et in manu Nabuchodonosor regis Babylonis et in manu servorum eius et post haec habitabitur sicut diebus pristinis ait Dominus	et dabo eos in manu qurentium animam eorum, et in manu Nabuchodonosor regis Babylonis, et in manu servorum ejus: et post hc habitabitur sicut diebus pristinis, ait Dominus.		And I will deliver them into the hand of those that seek their lives, and into the hand of Nebuchadrezzar king of Babylon, and into the hand of his servants: and afterward it shall be inhabited, as in the days of old, saith the Lord.
Jer	46	27	וְאַתָּה אַל־תִּירָא עַבְדִּי יַעֲקֹב וְאַל־תֵּחַת יִשְׂרָאֵל כִּי הִנְנִי מוֹשִׁעֲךָ מֵרָחוֹק וְאֶת־זַרְעֲךָ מֵאֶרֶץ שִׁבְיָם וְשָׁב יַעֲקוֹב וְשָׁקַט וְשַׁאֲנַן וְאֵין מַחֲרִיד ׃ ס		et tu ne timeas serve meus Iacob et ne paveas Israhel quia ecce ego salvum te faciam de longinquo et semen tuum de terra captivitatis suae et revertetur Iacob et quiescet et prosperabitur et non erit qui exterreat eum	Et tu ne timeas, serve meus Jacob: et ne paveas, Isral: quia ecce ego salvum te faciam de longinquo, et semen tuum de terra captivitatis tu: et revertetur Jacob, et requiescet, et prosperabitur, et non erit qui exterreat eum.		But fear not thou, O my servant Jacob, and be not dismayed, O Israel: for, behold, I will save thee from afar off, and thy seed from the land of their captivity; and Jacob shall return, and be in rest and at ease, and none shall make him afraid.
Jer	46	28	אַתָּה אַל־תִּירָא עַבְדִּי יַעֲקֹב נְאֻם־יְהוָה כִּי אִתְּךָ אָנִי כִּי אֶעֱשֶׂה כָלָה בְּכָל־הַגּוֹיִם אֲשֶׁר הִדַּחְתִּיךָ שָׁמָּה וְאֹתְךָ לֹא־אֶעֱשֶׂה כָלָה וְיִסַּרְתִּיךָ לַמִּשְׁפָּט וְנַקֵּה לֹא אֲנַקֶּךָּ ׃ ס		et tu noli timere serve meus Iacob ait Dominus quia tecum ego sum quia consumam ego cunctas gentes ad quas eieci te te vero non consumam sed castigabo te in iudicio nec quasi innocenti parcam tibi	Et tu noli timere, serve meus Jacob, ait Dominus, quia tecum ego sum: quia ego consumam cunctas gentes ad quas ejeci te, te vero non consumam: sed castigabo te in judicio, nec quasi innocenti parcam tibi.]		Fear thou not, O Jacob my servant, saith the Lord: for I am with thee; for I will make a full end of all the nations whither I have driven thee: but I will not make a full end of thee, but correct thee in measure; yet will I not leave thee wholly unpunished.
Jer	47	1	אֲשֶׁר הָיָה דְבַר־יְהוָה אֶל־יִרְמְיָהוּ הַנָּבִיא אֶל־פְּלִשְׁתִּים בְּטֶרֶם יַכֶּה פַרְעֹה אֶת־עַזָּה ׃ ס	Ὁ λόγος ὁ γενόμενος παρὰ Κυρίου πρὸς Ἰερεμίαν μετὰ τὸ ἀποστεῖλαι αὐτὸν Ναβουζαρδὰν τὸν ἀρχιμάγειρον τὸν ἐκ Δαμάν, ἐν τῷ λαβεῖν αὐτὸν ἐν χειροπέδαις ἐν μέσῳ ἀποικίας Ἰούδα τῶν ἠγμένων εἰς Βαβυλῶνα.	quod factum est verbum Domini ad Hieremiam prophetam contra Palestinos antequam percuteret Pharao Gazam	Quod factum est verbum Domini ad Jeremiam prophetam contra Palstinos, antequam percuteret Pharao Gazam.		The word of the Lord that came to Jeremiah the prophet against the Philistines, before that Pharaoh smote Gaza.
Jer	47	2	כֹּה אָמַר יְהוָה הִנֵּה־מַיִם עֹלִים מִצָּפוֹן וְהָיוּ לְנַחַל שׁוֹטֵף וְיִשְׁטְפוּ אֶרֶץ וּמְלוֹאָהּ עִיר וְיֹשְׁבֵי בָהּ וְזָעֲקוּ הָאָדָם וְהֵילִל כֹּל יוֹשֵׁב הָאָרֶץ ׃	Καὶ ἔλαβεν αὐτὸν ὁ ἀρχιμάγειρος καὶ εἶπεν αὐτῷ Κύριος ὁ θεός σου ἐλάλησεν τὰ κακὰ ταῦτα ἐπὶ τὸν τόπον τοῦτον,	haec dicit Dominus ecce aquae ascendunt ab aquilone et erunt quasi torrens inundans et operient terram et plenitudinem eius urbem et habitatores eius clamabunt homines et ululabit omnis habitator terrae	[Hc dicit Dominus: Ecce aqu ascendunt ab aquilone, et erunt quasi torrens inundans, et operient terram et plenitudinem ejus, urbem et habitatores ejus. Clamabunt homines, et ululabunt omnes habitatores terr,		Thus saith the Lord; Behold, waters rise up out of the north, and shall be an overflowing flood, and shall overflow the land, and all that is therein; the city, and them that dwell therein: then the men shall cry, and all the inhabitants of the land shall howl.
Jer	47	3	מִקּוֹל שַׁעֲטַת פַּרְסוֹת אַבִּירָיו מֵרַעַשׁ לְרִכְבּוֹ הֲמוֹן גַּלְגִּלָּיו לֹא־הִפְנוּ אָבוֹת אֶל־בָּנִים מֵרִפְיוֹן יָדָיִם ׃	καὶ ἐποίησεν Κύριος, ὅτι ἡμάρτετε αὐτῷ καὶ οὐκ ἠκούσατε αὐτοῦ τῆς φωνῆς.	ab strepitu pompae armorum et bellatorum eius a commotione quadrigarum eius et multitudine rotarum illius non respexerunt patres filios manibus dissolutis	a strepitu pomp armorum, et bellatorum ejus, a commotione quadrigarum ejus, et multitudine rotarum illius. Non respexerunt patres filios manibus dissolutis,		At the noise of the stamping of the hoofs of his strong horses, at the rushing of his chariots, and at the rumbling of his wheels, the fathers shall not look back to their children for feebleness of hands;
Jer	47	4	עַל־הַיּוֹם הַבָּא לִשְׁדוֹד אֶת־כָּל־פְּלִשְׁתִּים לְהַכְרִית לְצֹר וּלְצִידוֹן כֹּל שָׂרִיד עֹזֵר כִּי־שֹׁדֵד יְהוָה אֶת־פְּלִשְׁתִּים שְׁאֵרִית אִי כַפְתּוֹר ׃	ἰδοὺ ἔλυσά σε ἀπὸ τῶν χειροπέδων τῶν ἐπὶ τὰς χεῖράς σου· εἰ καλὸν ἐναντίον σου ἐλθεῖν μετʼ ἐμοῦ εἰς Βαβυλῶνα, καὶ θήσω τοὺς ὀφθαλμούς μου ἐπὶ σέ·	pro adventu diei in quo vastabuntur omnes Philisthim et dissipabitur Tyrus et Sidon cum omnibus reliquis auxiliis suis depopulatus est enim Dominus Palestinos reliquias insulae Cappadociae	pro adventu diei in quo vastabuntur omnes Philisthiim, et dissipabitur Tyrus et Sidon, cum omnibus reliquis auxiliis suis: depopulatus est enim Dominus Palstinos, reliquias insul Cappadoci.		Because of the day that cometh to spoil all the Philistines, and to cut off from Tyrus and Zidon every helper that remaineth: for the Lord will spoil the Philistines, the remnant of the country of Caphtor.
Jer	47	5	בָּאָה קָרְחָה אֶל־עַזָּה נִדְמְתָה אַשְׁקְלוֹן שְׁאֵרִית עִמְקָם עַד־מָתַי תִּתְגּוֹדָדִי ׃ ס	εἰ δέ μή, ἀπότρεχε, ἀνάστρεψον πρὸς τὸν Γοδολίαν υἱὸν Ἀχεικὰμ υἱοῦ Σαφάν, ὃν κατέστησεν βασιλεὺς Βαβυλῶνος ἐν γῇ Ἰούδα, καὶ οἴκησον μετʼ αὐτοῦ ἐν μέσῳ τοῦ λαοῦ ἐν γῆ Ἰούδαεἰς ἅπαντα τὰ ἀγαθὰ ἐν ὀφθαλμοῖς σου τοῦ πορευθῆναι, πορεύου. καὶ ἔδωκεν αὐτῷ ὁ ἀρχιμάγειρος δῶρα καὶ ἀπέστειλεν αὐτόν.	venit calvitium super Gazam conticuit Ascalon et reliquiae vallis earum usquequo concideris	Venit calvitium super Gazam, conticuit Ascalon, et reliqui vallis earum: usquequo concideris?		Baldness is come upon Gaza; Ashkelon is cut off with the remnant of their valley: how long wilt thou cut thyself?
Jer	47	6	הוֹי חֶרֶב לַיהוָה עַד־אָנָה לֹא תִשְׁקֹטִי הֵאָסְפִי אַל־תַּעְרֵךְ הֵרָגְעִי וָדֹמִּי ׃	καὶ ἦλθεν πρὸς Γοδολίαν εἰς Μασσηφά, καὶ ἐκάθισεν ἐν μέσῳ τοῦ λαοῦ τοῦ καταλειφθέντος ἐν τῇ γῆ.	o mucro Domini usquequo non quiescis ingredere in vaginam tuam refrigerare et sile	O mucro Domini, usquequo non quiesces? ingredere in vaginam tuam, refrigerare, et sile.		O thou sword of the Lord, how long will it be ere thou be quiet? put up thyself into thy scabbard, rest, and be still.
Jer	47	7	אֵיךְ תִּשְׁקֹטִי וַיהוָה צִוָּה־לָהּ אֶל־אַשְׁקְלוֹן וְאֶל־חוֹף הַיָּם שָׁם יְעָדָהּ ׃ ס	Καὶ ἤκουσαν πάντες οἱ ἡγεμόνες τῆς δυνάμεως τῆς ἐν ἀγρῷ, αὐτοὶ καὶ οἱ ἄνδρες αὐτῶν, ὅτι κατέστησεν βασιλεὺς Βαβυλῶνος τὸν Γοδολίαν ἐν τῇ γῆ, καὶ παρεκατέθεντο αὐτῷ ἄνδρας καὶ γυναῖκας αὐτῶν οὓς οὐκ ἀπῴκισεν εἰς Βαβυλῶνα.	quomodo quiescet cum Dominus praeceperit ei adversus Ascalonem et adversus maritimas eius regiones ibique condixerit illi	Quomodo quiescet, cum Dominus prceperit ei adversus Ascalonem, et adversus maritimas ejus regiones, ibique condixerit illi?]		How can it be quiet, seeing the Lord hath given it a charge against Ashkelon, and against the sea shore? there hath he appointed it.
Jer	47	8		καὶ ἦλθεν πρὸς Γοδολίαν εἰς Μασσηφὰ Ἰσμαὴλ υἱὸς Ναθανίου καὶ Ἰωνὰν υἱὸς Καρῆε καὶ Σαραιὰ υἱὸς Θαναέμαιθ καὶ υἱοὶ Ἰωφὲ τοῦ Νετωφατεὶ καὶ Ἰεζονίας υἱὸς τοῦ Μοχατεί, αὐτοὶ καὶ οἱ ἄνδρες αὐτῶν.				
Jer	47	9		καὶ ὤμοσεν αὐτοῖς Γοδολίας καὶ τοῖς ἀνδράσιν αὐτῶν λέγων Μὴ φοβηθῆτε ἀπὸ προσώπου παίδων τῶν Χαλδαίων· κατοικήσατε ἐν τῇ γῇ καὶ ἐργάσασθε τῷ βασιλεῖ Βαβυλῶνος, καὶ βέλτιον ἔσται ὑμῖν.				
Jer	47	10		καὶ ἰδοὺ ἐγὼ κάθημαι ἐναντίον ὑμῶν εἰς Μασσηφὰ στῆναι κατὰ πρόσωπον τῶν Χαλδαίων οἱ ἂν ἔλθωσιν ἐφʼ ὑμᾶς· καὶ ὑμεῖς συναγάγετε οἶνον καὶ ὀπώραν καὶ ἔλαιον, καὶ βάλετε εἰς τὰ ἀγγεῖα ὑμῶν, καὶ οἰκήσατε ἐν ταῖς πόλεσιν αἷς κατεκρατήσατε.				
Jer	47	11		καὶ πάντες οἱ Ἰουδαῖοι οἱ ἐν Μωὰβ καὶ ἐν υἱοῖς Ἀμμὼν καὶ οἱ ἐν τῇ Ἰδουμαίᾳ καὶ οἱ ἐν πάσῃ τῇ γῇ ἤκουσαν ὅτι ἔδωκεν βασιλεὺς Βαβυλῶνος κατάλιμμα τῷ Ἰούδα, καὶ ὅτι κατέστησεν ἐπʼ αὐτοὺς τὸν Γοδολίαν υἱὸν Ἀχεικάμ.				
Jer	47	12		καὶ ἦλθον πρὸς Γοδολίαν εἰς γῆν Ἰούδα εἰς Μασσηφά, καὶ συνήγαγον οἶνον καὶ ὀπώραν πολλὴν σφόδρα καὶ ἔλαιον.				
Jer	47	13		Καὶ Ἰωανὰν υἱὸς Καρῆε καὶ πάντες οἱ ἡγεμόνες τῆς δυνάμεως οἱ ἐν τοῖς ἀγροῖς ἦλθον πρὸς τὸν Γοδολίαν εἰς Μασσηφὰ				
Jer	47	14		καὶ εἶπαν αὐτῷ Εἰ γνώσει γινώσκεις ὅτι Βελεισὰ βασιλεὺς υἱῶν Ἀμμὼν ἀπέστειλεν πρὸς σὲ τὸν Ἰσμαὴλ πατάξαι σου ψυχήν ; καὶ οὐκ ἐπίστευσεν αὐτοῖς Γοδολίας.				
Jer	47	15		καὶ Ἰωανὰν εἶπεν τῷ Γοθολίᾳ κρυφαίως ἐν Μασσηφά Πορεύσομαι δὴ καὶ πατάξω τὸν Ἰσμαήλ, καὶ μηθεὶς γνώτω, μὴ πατάξῃ σου ψυχὴν καὶ διασπαρῇ πᾶς Ἰουδὰ οἱ συνηγμένοι πρὸς σέ καὶ ἀπολοῦνται οἱ κατάλοιποι Ἰούδα.				
Jer	47	16		καὶ εἶπεν Γοδολίας πρὸς Ἰωανάν Μὴ ποιήσῃς τὸ πρᾶγμα τοῦτο, ὅτι ψευδῆ σὺ λέγεις ὑπέρ Ἰσμαήλ.				
Jer	48	1	לְמוֹאָב כֹּה־אָמַר יְהוָה צְבָאוֹת אֱלֹהֵי יִשְׂרָאֵל הוֹי אֶל־נְבוֹ כִּי שֻׁדָּדָה הֹבִישָׁה נִלְכְּדָה קִרְיָתָיִם הֹבִישָׁה הַמִּשְׂגָּב וָחָתָּה ׃	Καὶ ἐγένετο τῷ μηνὶ τῷ ἑβδόμῳ ἦλθεν Ἰσμαὴλ υἱὸς Ναθανίου υἱοῦ Ἐλασὰ ἀπὸ γένους τοῦ βασιλέως, καὶ δέκα ἄνδρες μετʼ αὐτοῦ, πρὸς Γοδολίαν εἰς Μασσηφά, καὶ ἔφαγον ἐκεῖ ἄρτον ἄμα.	ad Moab haec dicit Dominus exercituum Deus Israhel vae super Nabo quoniam vastata est et confusa capta est Cariathaim confusa est fortis et tremuit	Ad Moab hc dicit Dominus exercituum, Deus Isral: [V super Nabo, quoniam vastata est, et confusa! capta est Cariathaim, confusa est fortis, et tremuit.		Against Moab thus saith the Lord of hosts, the God of Israel; Woe unto Nebo! for it is spoiled: Kiriathaim is confounded and taken: Misgab is confounded and dismayed.
Jer	48	2	אֵין עוֹד תְּהִלַּת מוֹאָב בְּחֶשְׁבּוֹן חָשְׁבוּ עָלֶיהָ רָעָה לְכוּ וְנַכְרִיתֶנָּה מִגּוֹי גַּם־מַדְמֵן תִּדֹּמִּי אַחֲרַיִךְ תֵּלֶךְ חָרֶב ׃	καὶ ἀνέστη Ἰσμαὴλ καὶ οἱ δέκα ἄνδρες οἱ ἦσαν μετʼ αὐτοῦ, καὶ ἐπάταξαν τὸν Γοδολίαν, ὃν κατέστησεν βασιλεὺς Βαβυλῶνος ἐπὶ τῆς γῆς,	non est ultra exultatio in Moab contra Esebon cogitaverunt malum venite et disperdamus eam de gente ergo silens conticesces sequeturque te gladius	Non est ultra exsultatio in Moab contra Hesebon: cogitaverunt malum: Venite, et disperdamus eam de gente. Ergo silens conticesces, sequeturque te gladius.		There shall be no more praise of Moab: in Heshbon they have devised evil against it; come, and let us cut it off from being a nation. Also thou shalt be cut down, O Madmen; the sword shall pursue thee.
Jer	48	3	קוֹל צְעָקָה מֵחֹרוֹנָיִם שֹׁד וָשֶׁבֶר גָּדוֹל ׃	καὶ πάντας τοὺς Ἰουδαίους τοὺς ὄντας μετʼ αὐτοῦ ἐν Μασσηφὰ καὶ πάντας τοὺς Χαλδαίους τοὺς εὑρεθέντας ἐκεῖ	vox clamoris de Oronaim vastitas et contritio magna	Vox clamoris de Oronaim, vastitas et contritio magna.		A voice of crying shall be from Horonaim, spoiling and great destruction.
Jer	48	4	נִשְׁבְּרָה מוֹאָב הִשְׁמִיעוּ זְּעָקָה צְעוֹרֶיהָ ׃	καὶ ἐγένετο τῇ ἡμέρᾳ τῇ δευτέρᾳ πατάξαντος αὐτοῦ τὸυ Γοδολίαν, καὶ ἄνθρωπος οὐκ ἔγνω,	contrita est Moab adnuntiate clamorem parvulis eius	Contrita est Moab: annuntiate clamorem parvulis ejus.		Moab is destroyed; her little ones have caused a cry to be heard.
Jer	48	5	כִּי מַעֲלֵה הַלֻּחוֹת בִּבְכִי יַעֲלֶה־בֶּכִי כִּי בְּמוֹרַד חוֹרֹנַיִם צָרֵי צַעֲקַת־שֶׁבֶר שָׁמֵעוּ ׃	καὶ ἤλθοσαν ἄνδρες ἀπὸ Συχέμ καὶ ἀπὸ Σαλὴμ καὶ ἀπὸ Σαμαρίας, ὀγδοήκοντα ἄνδρες, ἐξυρημένοι πώγωνας καὶ διερρηγμένοι τὰ ἱμάτια καὶ κοπτόμενοι, καὶ μάννα καὶ λίβανος ἐν χερσὶν αὐτῶν τοῦ εἰσενεγκεῖν εἰς οἶκον Κυρίου.	per ascensum enim Luaith plorans ascendet in fletu quoniam in descensu Oronaim hostes ululatum contritionis audierunt	Per ascensum enim Luith plorans ascendet in fletu, quoniam in descensu Oronaim hostes ululatum contritionis audierunt.		For in the going up of Luhith continual weeping shall go up; for in the going down of Horonaim the enemies have heard a cry of destruction.
Jer	48	6	נֻסוּ מַלְּטוּ נַפְשְׁכֶם וְתִהְיֶינָה כַּעֲרוֹעֵר בַּמִּדְבָּר ׃	καὶ ἐξῆλθεν εἰς ἀπάντησιν αὐτοῖς Ἰσμαήλ, αὐτοὶ ἐπορεύοντο καὶ ἔκλαιον, καὶ εἶπεν αὐτοῖς Εἰσέλθετε πρὸς Γοδολίαν.	fugite salvate animas vestras et eritis quasi myrice in deserto	Fugite, salvate animas vestras, et eritis quasi myric in deserto:		Flee, save your lives, and be like the heath in the wilderness.
Jer	48	7	כִּי יַעַן בִּטְחֵךְ בְּמַעֲשַׂיִךְ וּבְאוֹצְרוֹתַיִךְ גַּם־אַתְּ תִּלָּכֵדִי וְיָצָא כְמֹישׁ בַּגּוֹלָה כֹּהֲנָיו וְשָׂרָיו יַחְדָּ ׃	καὶ ἐγένετο εἰσελθόντων αὐτῶν εἰς τὸ μέσον τῆς πόλεως ἔσφαξεν αὐτοὺς εἰς τὸ φρέαρ.	pro eo enim quod habuisti fiduciam in munitionibus tuis et in thesauris tuis tu quoque capieris et ibit Chamos in transmigrationem sacerdotes eius et principes eius simul	pro eo enim quod habuisti fiduciam in munitionibus tuis et in thesauris tuis, tu quoque capieris: et ibit Chamos in transmigrationem, sacerdotes ejus et principes ejus simul.		For because thou hast trusted in thy works and in thy treasures, thou shalt also be taken: and Chemosh shall go forth into captivity with his priests and his princes together.
Jer	48	8	וְיָבֹא שֹׁדֵד אֶל־כָּל־עִיר וְעִיר לֹא תִמָּלֵט וְאָבַד הָעֵמֶק וְנִשְׁמַד הַמִּישֹׁר אֲשֶׁר אָמַר יְהוָה ׃	καὶ δέκα ἄνδρες εὑρέθησαν ἐκεῖ καὶ εἶπαν τῷ Ἰσμαήλ Μὴ ἀνέλῃς ἡμᾶς, ὅτι εἰσὶν ἡμῖν θησαυροὶ ἐν ἀγρῷ, πυροὶ καὶ κριθαί, μέλι καὶ ἔλαιον· καὶ παρῆλθεν καὶ οὐκ ἀνεῖλεν αὐτοὺς ἐν μέσῳ τῶν ἀδελφῶν αὐτῶν.	et veniet praedo ad omnem urbem et urbs nulla salvabitur et peribit vallis et dissipabuntur campestria quoniam dixit Dominus	Et veniet prdo ad omnem urbem, et urbs nulla salvabitur: et peribunt valles, et dissipabuntur campestria, quoniam dixit Dominus:		And the spoiler shall come upon every city, and no city shall escape: the valley also shall perish, and the plain shall be destroyed, as the Lord hath spoken.
Jer	48	9	תְּנוּ־צִיץ לְמוֹאָב כִּי נָצֹא תֵּצֵא וְעָרֶיהָ לְשַׁמָּה תִהְיֶינָה מֵאֵין יוֹשֵׁב בָּהֵן ׃	καὶ τὸ φρέαρ εἰς ὁ ἔριψεν ἐκεῖ Ἰσμαὴλ πάντας οὓς ἐπάταξεν, φρέαρ μέγα τοῦτό ἐστιν ὃ ἐποίησεν ὁ βασιλεὺς Ἀσὰ ἀπὸ προσώπου Βαασὰ βασιλέως Ἰσραὴλ· τοῦτο ἐνέπλησεν Ἰσμαὴλ τραυματιῶν.	date florem Moab quia floriens egredietur et civitates eius desertae erunt et inhabitabiles	Date florem Moab, quia florens egredietur: et civitates ejus desert erunt, et inhabitabiles.		Give wings unto Moab, that it may flee and get away: for the cities thereof shall be desolate, without any to dwell therein.
Jer	48	10	אָרוּר עֹשֶׂה מְלֶאכֶת יְהוָה רְמִיָּה וְאָרוּר מֹנֵעַ חַרְבּוֹ מִדָּם ׃	καὶ ἀπέστρεψεν Ἰσμαὴλ πάντα τὸν λαὸν τὸν καταλειφθέντα εἰς Μασσηφὰ καὶ τὰς θυγατέρας τοῦ βασιλέως, ἃς παρεκατέθετο ὁ ἀρχιμάγειρος τῷ Γοδολίᾳ υἱῷ Ἀχεικάμ, καὶ ᾤχετο εἰς τὸ πέραν υἱῶν Ἀμμών.	maledictus qui facit opus Domini fraudulenter et maledictus qui prohibet gladium suum a sanguine	Maledictus qui facit opus Domini fraudulenter, et maledictus qui prohibet gladium suum a sanguine.		Cursed be he that doeth the work of the Lord deceitfully, and cursed be he that keepeth back his sword from blood.
Jer	48	11	שַׁאֲנַן מוֹאָב מִנְּעוּרָיו וְשֹׁקֵט הוּא אֶל־שְׁמָרָיו וְלֹא־הוּרַק מִכְּלִי אֶל־כֶּלִי וּבַגּוֹלָה לֹא הָלָךְ עַל־כֵּן עָמַד טַעְמוֹ בּוֹ וְרֵיחוֹ לֹא נָמָר ׃ ס		fertilis fuit Moab ab adulescentia sua et requievit in fecibus suis nec transfusus est de vase in vas et in transmigrationem non abiit idcirco permansit gustus eius in eo et odor eius non est inmutatus	Fertilis fuit Moab ab adolescentia sua, et requievit in fcibus suis: nec transfusus est de vase in vas, et in transmigrationem non abiit: idcirco permansit gustus ejus in eo, et odor ejus non est immutatus.		Moab hath been at ease from his youth, and he hath settled on his lees, and hath not been emptied from vessel to vessel, neither hath he gone into captivity: therefore his taste remained in him, and his scent is not changed.
Jer	48	12	לָכֵן הִנֵּה־יָמִים בָּאִים נְאֻם־יְהוָה וְשִׁלַּחְתִּי־לוֹ צֹעִים וְצֵעֻהוּ וְכֵלָיו יָרִיקוּ וְנִבְלֵיהֶם יְנַפֵּצוּ ׃	καὶ ἤγαγον ἅπαν τὸ στρατόπεδον αὐτῶν καὶ ᾤχοντο πολεμεῖν αὐτόν, καὶ εὗρον αὐτὸν ἐπὶ ὕδατος πολλοῦ ἐν Γαβαών,	propterea ecce dies veniunt dicit Dominus et mittam ei ordinatores et stratores laguncularum et sternent eum et vasa eius exhaurient et lagoenas eorum conlident	Propterea ecce dies veniunt, dicit Dominus, et mittam ei ordinatores et stratores laguncularum: et sternent eum, et vasa ejus exhaurient, et lagunculas eorum collident.		Therefore, behold, the days come, saith the Lord, that I will send unto him wanderers, that shall cause him to wander, and shall empty his vessels, and break their bottles.
Jer	48	13	וּבֹשׁ מוֹאָב מִכְּמוֹשׁ כַּאֲשֶׁר־בֹּשׁוּ בֵּית יִשְׂרָאֵל מִבֵּית אֵל מִבְטֶחָם ׃	καὶ ἐγένετο ὅτε εἶδεν πᾶς ὁ λαὸς ὁ μετὰ Ἰσμαὴλ τὸν Ἰωανὰν καὶ τοὺς ἡγεμόνας τῆς δυνάμεως τῆς μετʼ αὐτοῦ,	et confundetur Moab a Chamos sicut confusa est domus Israhel a Bethel in qua habebat fiduciam	Et confundetur Moab a Chamos sicut confusa est domus Isral a Bethel, in qua habebat fiduciam.		And Moab shall be ashamed of Chemosh, as the house of Israel was ashamed of Bethel their confidence.
Jer	48	14	אֵיךְ תֹּאמְרוּ גִּבּוֹרִים אֲנָחְנוּ וְאַנְשֵׁי־חַיִל לַמִּלְחָמָה ׃	καὶ ἀνέστρεψαν πρὸς Ἰωανάν.	quomodo dicitis fortes sumus et viri robusti ad proeliandum	Quomodo dicitis: Fortes sumus, et viri robusti ad prliandum?		How say ye, We are mighty and strong men for the war?
Jer	48	15	שֻׁדַּד מוֹאָב וְעָרֶיהָ עָלָה וּמִבְחַר בַּחוּרָיו יָרְדוּ לַטָּבַח נְאֻם־הַמֶּלֶךְ יְהוָה צְבָאוֹת שְׁמוֹ ׃	καὶ᾿ Ἰσμαὴλ ἐσώθη σὺν ὀκτὼ ἀνθρώποις. καὶ ᾤχετο πρὸς τοὺς υἱοὺς Ἀμμών.	vastata est Moab et civitates illius ascenderunt et electi iuvenes eius descenderunt in occisionem ait Rex Dominus exercituum nomen ei	Vastata est Moab, et civitates illius succiderunt, et electi juvenes ejus descenderunt in occisionem, ait rex, Dominus exercituum nomen ejus.		Moab is spoiled, and gone up out of her cities, and his chosen young men are gone down to the slaughter, saith the King, whose name is the Lord of hosts.
Jer	48	16	קָרוֹב אֵיד־מוֹאָב לָבוֹא וְרָעָתוֹ מִהֲרָה מְאֹד ׃	καὶ ἔλαβεν Ἰωανὰν καὶ πάντες οἱ ἡγεμόνες τῆς δυνάμεως οἱ μετʼ αὐτοῦ πάντας τοὺς καταλοίπους τοῦ λαοῦ οὓς ἀπέστρεψεν ἀπὸ Ἰσμαήλ, δυνατοὺς ἄνδρας ἐν πολέμῳ, καὶ τὰς γυναῖκας καὶ τὰ λοιπὰ καὶ τοὺς εὐνούχους οὓς ἀπέστρεψεν ἀπὸ Γαβαών,	prope est interitus Moab ut veniat et malum eius velociter adcurret nimis	Prope est interitus Moab ut veniat, et malum ejus velociter accurret nimis.		The calamity of Moab is near to come, and his affliction hasteth fast.
Jer	48	17	נֻדוּ לוֹ כָּל־סְבִיבָיו וְכֹל יֹדְעֵי שְׁמוֹ אִמְרוּ אֵיכָה נִשְׁבַּר מַטֵּה־עֹז מַקֵּל תִּפְאָרָה ׃	καὶ ᾤχοντο καὶ ἐκάθισαν ἐν Γαβηρωχαμάα τὴν πρὸς Βηθλέεμ, τοῦ πορευθῆναι εἰς Αἵγυπτον	consolamini eum omnes qui estis in circuitu eius et universi qui scitis nomen eius dicite quomodo confracta est virga fortis baculus gloriosus	Consolamini eum, omnes qui estis in circuitu ejus: et universi qui scitis nomen ejus, dicite: Quomodo confracta est virga fortis, baculus gloriosus?		All ye that are about him, bemoan him; and all ye that know his name, say, How is the strong staff broken, and the beautiful rod!
Jer	48	18	רְדִי מִכָּבוֹד יֹשְׁבֶי בַצָּמָא יֹשֶׁבֶת בַּת־דִּיבוֹן כִּי־שֹׁדֵד מוֹאָב עָלָה בָךְ שִׁחֵת מִבְצָרָיִךְ ׃	ἀπὸ προσώπου τῶν Χαλδαίων, ὅτι ἐφοβήθησαν ἀπὸ προσώπου αὐτῶν· ὅτι ἐπάταξεν Ἰσμαὴλ τὸν Γοδολίαν, ὃν κατέστησεν βασιλεὺς Βαβυλῶνος ἐν τῇ γῇ.	descende de gloria et sede in siti habitatio filiae Dibon quoniam vastator Moab ascendet ad te dissipabit munitiones tuas	Descende de gloria, et sede in siti, habitatio fili Dibon, quoniam vastator Moab ascendit ad te, dissipavit munitiones tuas.		Thou daughter that dost inhabit Dibon, come down from thy glory, and sit in thirst; for the spoiler of Moab shall come upon thee, and he shall destroy thy strong holds.
Jer	48	19	אֶל־דֶּרֶךְ עִמְדִי וְצַפִּי יוֹשֶׁבֶת עֲרוֹעֵר שַׁאֲלִי־נָס וְנִמְלָטָה אִמְרִי מַה־נִּהְיָתָה ׃		in via sta et prospice habitatio Aroer interroga fugientem et eum qui evasit dic quid accidit	In via sta, et prospice, habitatio Aror: interroga fugientem, et ei qui evasit dic: Quid accidit?		O inhabitant of Aroer, stand by the way, and espy; ask him that fleeth, and her that escapeth, and say, What is done?
Jer	48	20	הֹבִישׁ מוֹאָב כִּי־חַתָּה הֵילִיליּ וּזְעָקיּ הַגִּידוּ בְאַרְנוֹן כִּי שֻׁדַּד מוֹאָב ׃		confusus est Moab quoniam victus est ululate et clamate adnuntiate in Arnon quoniam vastata est Moab	Confusus est Moab, quoniam victus est. Ululate, et clamate: annuntiate in Arnon, quoniam vastata est Moab,		Moab is confounded; for it is broken down: howl and cry; tell ye it in Arnon, that Moab is spoiled,
Jer	48	21	וּמִשְׁפָּט בָּא אֶל־אֶרֶץ הַמִּישֹׁר אֶל־חֹלוֹן וְאֶל־יַהְצָה וְעַל־מוֹפָעַת ׃		et iudicium venit ad terram campestrem super Helon et super Iaesa et super Mefath	et judicium venit ad terram campestrem, super Helon, et super Jasa, et super Mephaath,		And judgment is come upon the plain country; upon Holon, and upon Jahazah, and upon Mephaath,
Jer	48	22	וְעַל־דִּיבוֹן וְעַל־נְבוֹ וְעַל־בֵּית דִּבְלָתָיִם ׃		et super Dibon et super Nabo et super domum Deblathaim	et super Dibon, et super Nabo, et super domum Deblathaim,		And upon Dibon, and upon Nebo, and upon Bethdiblathaim,
Jer	48	23	וְעַל קִרְיָתַיִם וְעַל־בֵּית גָּמוּל וְעַל־בֵּית מְעוֹן ׃		et super Cariathaim et super Bethgamul et super Bethmaon	et super Cariathaim, et super Bethgamul, et super Bethmaon,		And upon Kiriathaim, and upon Bethgamul, and upon Bethmeon,
Jer	48	24	וְעַל־קְרִיּוֹת וְעַל־בָּצְרָה וְעַל כָּל־עָרֵי אֶרֶץ מוֹאָב הָרְחֹקוֹת וְהַקְּרֹבוֹת ׃		et super Carioth et super Bosra et super omnes civitates terrae Moab quae longe et quae prope sunt	et super Carioth, et super Bosra, et super omnes civitates terr Moab, qu longe et qu prope sunt.		And upon Kerioth, and upon Bozrah, and upon all the cities of the land of Moab, far or near.
Jer	48	25	נִגְדְּעָה קֶרֶן מוֹאָב וּזְרֹעוֹ נִשְׁבָּרָה נְאֻם יְהוָה ׃		abscisum est cornu Moab et brachium eius contritum est ait Dominus	Abscissum est cornu Moab, et brachium ejus contritum est, ait Dominus.		The horn of Moab is cut off, and his arm is broken, saith the Lord.
Jer	48	26	הַשְׁכִּירֻהוּ כִּי עַל־יְהוָה הִגְדִּיל וְסָפַק מוֹאָב בְּקִיאוֹ וְהָיָה לִשְׂחֹק גַּם־הוּא ׃		inebriate eum quoniam contra Dominum erectus est et adlidet manum Moab in vomitu suo et erit in derisum etiam ipse	Inebriate eum, quoniam contra Dominum erectus est: et allidet manum Moab in vomitu suo, et erit in derisum etiam ipse.		Make ye him drunken: for he magnified himself against the Lord: Moab also shall wallow in his vomit, and he also shall be in derision.
Jer	48	27	וְאִם לוֹא הַשְּׂחֹק הָיָה לְךָ יִשְׂרָאֵל אִם־בְּגַנָּבִים נִמְצָאָה כִּי־מִדֵּי דְבָרֶיךָ בּוֹ תִּתְנוֹדָד ׃		fuit enim in derisum tibi Israhel quasi inter fures repperisses eum propter verba ergo tua quae adversum illum locutus es captivus duceris	Fuit enim in derisum tibi Isral, quasi inter fures reperisses eum: propter verba ergo tua qu adversum illum locutus es, captivus duceris.		For was not Israel a derision unto thee? was he found among thieves? for since thou spakest of him, thou skippedst for joy.
Jer	48	28	עִזְבוּ עָרִים וְשִׁכְנוּ בַּסֶּלַע יֹשְׁבֵי מוֹאָב וִהְיוּ כְיוֹנָה תְּקַנֵּן בְּעֶבְרֵי פִי־פָחַת ׃		relinquite civitates et habitate in petra habitatores Moab et estote quasi columba nidificans in summo ore foraminis	Relinquite civitates, et habitate in petra, habitatores Moab: et estote quasi columba nidificans in summo ore foraminis.		O ye that dwell in Moab, leave the cities, and dwell in the rock, and be like the dove that maketh her nest in the sides of the hole's mouth.
Jer	48	29	שָׁמַעְנוּ גְאוֹן־מוֹאָב גֵּאֶה מְאֹד גָּבְהוֹ וּגְאוֹנוֹ וְגַאֲוָתוֹ וְרֻם לִבּוֹ ׃		audivimus superbiam Moab superbus est valde sublimitatem eius et arrogantiam et superbiam et altitudinem cordis illius	Audivimus superbiam Moab, superbus est valde: sublimitatem ejus, et arrogantiam, et superbiam, et altitudinem cordis ejus.		We have heard the pride of Moab, (he is exceeding proud) his loftiness, and his arrogancy, and his pride, and the haughtiness of his heart.
Jer	48	30	אֲנִי יָדַעְתִּי נְאֻם־יְהוָה עֶבְרָתוֹ וְלֹא־כֵן בַּדָּיו לֹא־כֵן עָשׂוּ ׃		ego scio ait Dominus iactantiam eius et quod non sit iuxta eam virtus eius nec iuxta quod poterat conata sit facere	Ego scio, ait Dominus, jactantiam ejus, et quod non sit juxta eam virtus ejus, nec juxta quod poterat conata sit facere.		I know his wrath, saith the Lord; but it shall not be so; his lies shall not so effect it.
Jer	48	31	עַל־כֵּן עַל־מוֹאָב אֲיֵלִיל וּלְמוֹאָב כֻּלֹּה אֶזְעָק אֶל־אַנְשֵׁי קִיר־חֶרֶשׂ יֶהְגֶּה ׃		ideo super Moab heiulabo et ad Moab universam clamabo ad viros muri fictilis lamentantes	Ideo super Moab ejulabo, et ad Moab universam clamabo, ad viros muri fictilis lamentantes:		Therefore will I howl for Moab, and I will cry out for all Moab; mine heart shall mourn for the men of Kirheres.
Jer	48	32	מִבְּכִי יַעְזֵר אֶבְכֶּה־לָּךְ הַגֶּפֶן שִׂבְמָה נְטִישֹׁתַיִךְ עָבְרוּ יָם עַד יָם יַעְזֵר נָגָעוּ עַל־קֵיצֵךְ וְעַל־בְּצִירֵךְ שֹׁדֵד נָפָל ׃		de planctu Iazer plorabo tibi vinea Sobema propagines tuae transierunt mare usque ad mare Iazer pervenerunt super messem tuam et vindemiam tuam praedo inruit	de planctu Jazer plorabo tibi, vinea Sabama. Propagines tu transierunt mare, usque ad mare Jazer pervenerunt: super messem tuam et vindemiam tuam prdo irruit.		O vine of Sibmah, I will weep for thee with the weeping of Jazer: thy plants are gone over the sea, they reach even to the sea of Jazer: the spoiler is fallen upon thy summer fruits and upon thy vintage.
Jer	48	33	וְנֶאֶסְפָה שִׂמְחָה וָגִיל מִכַּרְמֶל וּמֵאֶרֶץ מוֹאָב וְיַיִן מִיקָבִים הִשְׁבַּתִּי לֹא־יִדְרֹךְ הֵידָד הֵידָד לֹא הֵידָד ׃		ablata est laetitia et exultatio de Carmelo et de terra Moab et vinum de torcularibus sustuli nequaquam calcator uvae solitum celeuma cantabit	Ablata est ltitia et exsultatio de Carmelo et de terra Moab: et vinum de torcularibus sustuli, nequaquam calcator uv solitum celeuma cantabit.		And joy and gladness is taken from the plentiful field, and from the land of Moab, and I have caused wine to fail from the winepresses: none shall tread with shouting; their shouting shall be no shouting.
Jer	48	34	מִזַּעֲקַת חֶשְׁבּוֹן עַד־אֶלְעָלֵה עַד־יַהַץ נָתְנוּ קוֹלָם מִצֹּעַר עַד־חֹרֹנַיִם עֶגְלַת שְׁלִשִׁיָּה כִּי גַּם־מֵי נִמְרִים לִמְשַׁמּוֹת יִהְיוּ ׃		de clamore Esebon usque Eleale et Iaesa dederunt vocem suam a Segor usque ad Oronaim vitula conternante aquae quoque Namrim pessimae erunt	De clamore Hesebon usque Eleale et Jasa, dederunt vocem suam, a Segor usque ad Oronaim, vitula conternante: aqu quoque Nemrim pessim erunt.		From the cry of Heshbon even unto Elealeh, and even unto Jahaz, have they uttered their voice, from Zoar even unto Horonaim, as an heifer of three years old: for the waters also of Nimrim shall be desolate.
Jer	48	35	וְהִשְׁבַּתִּי לְמוֹאָב נְאֻם־יְהוָה מַעֲלֶה בָמָה וּמַקְטִיר לֵאלֹהָיו ׃		et auferam de Moab ait Dominus offerentem in excelsis et sacrificantem diis eius	Et auferam de Moab, ait Dominus, offerentem in excelsis, et sacrificantem diis ejus.		Moreover I will cause to cease in Moab, saith the Lord, him that offereth in the high places, and him that burneth incense to his gods.
Jer	48	36	עַל־כֵּן לִבִּי לְמוֹאָב כַּחֲלִלִים יֶהֱמֶה וְלִבִּי אֶל־אַנְשֵׁי קִיר־חֶרֶשׂ כַּחֲלִילִים יֶהֱמֶה עַל־כֵּן יִתְרַת עָשָׂה אָבָדוּ ׃		propterea cor meum ad Moab quasi tibiae resonabit et cor meum ad viros muri fictilis dabit sonitum tibiarum quia plus fecit quam potuit idcirco perierunt	Propterea cor meum ad Moab quasi tibi resonabit, et cor meum ad viros muri fictilis dabit sonitum tibiarum: quia plus fecit quam potuit, idcirco perierunt.		Therefore mine heart shall sound for Moab like pipes, and mine heart shall sound like pipes for the men of Kirheres: because the riches that he hath gotten are perished.
Jer	48	37	כִּי כָל־רֹאשׁ קָרְחָה וְכָל־זָקָן גְּרֻעָה עַל כָּל־יָדַיִם גְּדֻדֹת וְעַל־מָתְנַיִם שָׂק ׃		omne enim caput calvitium et omnis barba rasa erit in cunctis manibus conligatio et super omne dorsum cilicium	Omne enim caput calvitium, et omnis barba rasa erit: in cunctis manibus colligatio, et super omne dorsum cilicium:		For every head shall be bald, and every beard clipped: upon all the hands shall be cuttings, and upon the loins sackcloth.
Jer	48	38	עַל כָּל־גַּגּוֹת מוֹאָב וּבִרְחֹבֹתֶיהָ כֻּלֹּה מִסְפֵּד כִּי־שָׁבַרְתִּי אֶת־מוֹאָב כִּכְלִי אֵין־חֵפֶץ בּוֹ נְאֻם־יְהוָה ׃		super omnia tecta Moab et in plateis eius omnis planctus quia contrivi Moab sicut vas inutile ait Dominus	super omnia tecta Moab, et in plateis ejus, omnis planctus: quoniam contrivi Moab sicut vas inutile, ait Dominus.		There shall be lamentation generally upon all the housetops of Moab, and in the streets thereof: for I have broken Moab like a vessel wherein is no pleasure, saith the Lord.
Jer	48	39	אֵיךְ חַתָּה הֵילִילוּ אֵיךְ הִפְנָה־עֹרֶף מוֹאָב בּוֹשׁ וְהָיָה מוֹאָב לִשְׂחֹק וְלִמְחִתָּה לְכָל־סְבִיבָיו ׃ ס		quomodo victa est et ululaverunt quomodo deiecit cervicem Moab et confusus est eritque Moab in derisum et in exemplum omnibus in circuitu suo	Quomodo victa est, et ululaverunt? quomodo dejecit cervicem Moab, et confusus est? Eritque Moab in derisum, et in exemplum omnibus in circuitu suo.		They shall howl, saying, How is it broken down! how hath Moab turned the back with shame! so shall Moab be a derision and a dismaying to all them about him.
Jer	48	40	כִּי־כֹה אָמַר יְהוָה הִנֵּה כַנֶּשֶׁר יִדְאֶה וּפָרַשׂ כְּנָפָיו אֶל־מוֹאָב ׃		haec dicit Dominus ecce quasi aquila evolabit et extendet alas suas ad Moab	Hc dicit Dominus: Ecce quasi aquila volabit, et extendet alas suas ad Moab.		For thus saith the Lord; Behold, he shall fly as an eagle, and shall spread his wings over Moab.
Jer	48	41	נִלְכְּדָה הַקְּרִיּוֹת וְהַמְּצָדוֹת נִתְפָּשָׂה וְהָיָה לֵב גִּבּוֹרֵי מוֹאָב בַּיּוֹם הַהוּא כְּלֵב אִשָּׁה מְצֵרָה ׃		capta est Carioth et munitiones conprehensae sunt et erit cor fortium Moab in die illa sicut cor mulieris parturientis	Capta est Carioth, et munitiones comprehens sunt: et erit cor fortium Moab in die illa sicut cor mulieris parturientis,		Kerioth is taken, and the strong holds are surprised, and the mighty men's hearts in Moab at that day shall be as the heart of a woman in her pangs.
Jer	48	42	וְנִשְׁמַד מוֹאָב מֵעָם כִּי עַל־יְהוָה הִגְדִּיל ׃		et cessabit Moab esse populus quoniam contra Dominum gloriatus est	et cessabit Moab esse populus, quoniam contra Dominum gloriatus est.		And Moab shall be destroyed from being a people, because he hath magnified himself against the Lord.
Jer	48	43	פַּחַד וָפַחַת וָפָח עָלֶיךָ יוֹשֵׁב מוֹאָב נְאֻם־יְהוָה ׃		pavor et fovea et laqueus super te o habitator Moab ait Dominus	Pavor, et fovea, et laqueus super te, o habitator Moab, dicit Dominus.		Fear, and the pit, and the snare, shall be upon thee, O inhabitant of Moab, saith the Lord.
Jer	48	44	הַנִּיס מִפְּנֵי הַפַּחַד יִפֹּל אֶל־הַפַּחַת וְהָעֹלֶה מִן־הַפַּחַת יִלָּכֵד בַּפָּח כִּי־אָבִיא אֵלֶיהָ אֶל־מוֹאָב שְׁנַת פְּקֻדָּתָם נְאֻם־יְהוָה ׃		qui fugit a facie pavoris cadet in foveam et qui conscenderit de fovea capietur laqueo adducam enim super Moab annum visitationis eorum dicit Dominus	Qui fugerit a facie pavoris cadet in foveam, et qui conscenderit de fovea capietur laqueo: adducam enim super Moab annum visitationis eorum, ait Dominus.		He that fleeth from the fear shall fall into the pit; and he that getteth up out of the pit shall be taken in the snare: for I will bring upon it, even upon Moab, the year of their visitation, saith the Lord.
Jer	48	45	בְּצֵל חֶשְׁבּוֹן עָמְדוּ מִכֹּחַ נָסִים כִּי־אֵשׁ יָצָא מֵחֶשְׁבּוֹן וְלֶהָבָה מִבֵּין סִיחוֹן וַתֹּאכַל פְּאַת מוֹאָב וְקָדְקֹד בְּנֵי שָׁאוֹן ׃		in umbra Esebon steterunt de laqueo fugientes quia ignis egressus est de Esebon et flamma de medio Seon et devorabit partem Moab et verticem filiorum tumultus	In umbra Hesebon steterunt de laqueo fugientes, quia ignis egressus est de Hesebon, et flamma de medio Seon: et devorabit partem Moab, et verticem filiorum tumultus.		They that fled stood under the shadow of Heshbon because of the force: but a fire shall come forth out of Heshbon, and a flame from the midst of Sihon, and shall devour the corner of Moab, and the crown of the head of the tumultuous ones.
Jer	48	46	אוֹי־לְךָ מוֹאָב אָבַד עַם־כְּמוֹשׁ כִּי־לֻקְּחוּ בָנֶיךָ בַּשֶּׁבִי וּבְנֹתֶיךָ בַּשִּׁבְיָה ׃		vae tibi Moab peristi popule Chamos quia conprehensi sunt filii tui et filiae tuae in captivitatem	V tibi, Moab: periisti, popule Chamos, quia comprehensi sunt filii tui et fili tu in captivitatem.		Woe be unto thee, O Moab! the people of Chemosh perisheth: for thy sons are taken captives, and thy daughters captives.
Jer	48	47	וְשַׁבְתִּי שְׁבוּת־מוֹאָב בְּאַחֲרִית הַיָּמִים נְאֻם־יְהוָה עַד־הֵנָּה מִשְׁפַּט מוֹאָב ׃ ס		et convertam captivitatem Moab in novissimis diebus ait Dominus hucusque iudicia Moab	Et convertam captivitatem Moab in novissimis diebus, ait Dominus.] Hucusque judicia Moab.		Yet will I bring again the captivity of Moab in the latter days, saith the Lord. Thus far is the judgment of Moab.
Jer	49	1	לִבְנֵי עַמּוֹן כֹּה אָמַר יְהוָה הֲבָנִים אֵין לְיִשְׂרָאֵל אִם־יוֹרֵשׁ אֵין לוֹ מַדּוּעַ יָרַשׁ מַלְכָּם אֶת־גָּד וְעַמּוֹ בְּעָרָיו יָשָׁב ׃	Καὶ προσῆλθον πάντες οἱ ἡγεμόνες τῆς δυνάμεως καὶ Ἰωανὰν καὶ Ἀζαρίας υἱὸς Μαασαίου καὶ πᾶς ὁ λαὸς ἀπὸ μικροῦ καὶ ἕως μεγάλου	ad filios Ammon haec dicit Dominus numquid filii non sunt Israhel aut heres non est ei cur igitur hereditate possedit Melchom Gad et populus eius in urbibus eius habitavit	Ad filios Ammon. [Hc dicit Dominus: Numquid non filii sunt Isral, aut hres non est ei? Cur igitur hreditate possedit Melchom Gad, et populus ejus in urbibus ejus habitavit?		Concerning the Ammonites, thus saith the Lord; Hath Israel no sons? hath he no heir? why then doth their king inherit Gad, and his people dwell in his cities?
Jer	49	2	לָכֵן הִנֵּה יָמִים בָּאִים נְאֻם־יְהוָה וְהִשְׁמַעְתִּי אֶל־רַבַּת בְּנֵי־עַמּוֹן תְּרוּעַת מִלְחָמָה וְהָיְתָה לְתֵל שְׁמָמָה וּבְנֹתֶיהָ בָּאֵשׁ תִּצַּתְנָה וְיָרַשׁ יִשְׂרָאֵל אֶת־יֹרְשָׁיו אָמַר יְהוָה ׃	πρὸς Ἰερεμίαν τὸν προφήτην καὶ εἶπαν αὐτῷ Πεσέτω δὴ τὸ ἔλεος ἡμῶν κατὰ πρόσωπόν σου, καὶ πρόσευξαι πρὸς Κύριον τὸν θεόν σου περὶ τῶν καταλοίπων τούτων· ὅτι κατελείφθημεν ὀλίγοι ἀπὸ πολλῶν, καθὼς οἱ ὀφθαλμοί σου βλέπουσιν.	ideo ecce dies veniunt dicit Dominus et auditum faciam super Rabbath filiorum Ammon fremitum proelii et erit in tumulum dissipata filiaeque eius igni succendentur et possidebit Israhel possessores suos dicit Dominus	Ideo dies veniunt, dicit Dominus, et auditum faciam super Rabbath filiorum Ammon fremitum prlii, et erit in tumultum dissipata, filique ejus igni succendentur, et possidebit Isral possessores suos, ait Dominus.		Therefore, behold, the days come, saith the Lord, that I will cause an alarm of war to be heard in Rabbah of the Ammonites; and it shall be a desolate heap, and her daughters shall be burned with fire: then shall Israel be heir unto them that were his heirs, saith the Lord.
Jer	49	3	הֵילִילִי חֶשְׁבּוֹן כִּי שֻׁדְּדָה־עַי צְעַקְנָה בְּנוֹת רַבָּה חֲגֹרְנָה שַׂקִּים סְפֹדְנָה וְהִתְשׁוֹטַטְנָה בַּגְּדֵרוֹת כִּי מַלְכָּם בַּגּוֹלָה יֵלֵךְ כֹּהֲנָיו וְשָׂרָיו יַחְדָּיו ׃	καὶ ἀναγγειλάτω ἡμῖν Κύριος ὁ θεός σου τὴν ὁδὸν ᾖ πορευσόμεθα ἐν αὐτῇ καὶ λόγον ὃν ποιήσομεν.	ulula Esebon quoniam vastata est Ahi clamate filiae Rabbath accingite vos ciliciis plangite et circuite per sepes quia Melchom in transmigratione ducetur sacerdotes eius et principes eius simul	Ulula, Hesebon, quoniam vastata est Hai: clamate, fili Rabbath, accingite vos ciliciis, plangite et circuite per sepes, quoniam Melchom in transmigrationem ducetur, sacerdotes ejus et principes ejus simul.		Howl, O Heshbon, for Ai is spoiled: cry, ye daughters of Rabbah, gird you with sackcloth; lament, and run to and fro by the hedges; for their king shall go into captivity, and his priests and his princes together.
Jer	49	4	מַה־תִּתְהַלְלִי בָּעֲמָקִים זָב עִמְקֵךְ הַבַּת הַשּׁוֹבֵבָה הַבֹּטְחָה בְּאֹצְרֹתֶיהָ מִי יָבוֹא אֵלָי ׃	καὶ εἶπεν αὐτοῖς Ἰερεμίας Ἤκουσα· ἰδοὺ προσεύξομαι πρὸς Κύριον τὸν θεὸν ἡμῶν κατὰ τοὺς λόγους ὑμῶν. καὶ ἔσται, ὁ λόγος ὃν ἂν ἀποκριθήσεται Κύριος, ἀναγγελῶ ὑμῖν, οὐ μὴ κρύψω ἀφʼ ὑμῶν ῥῆμα.	quid gloriaris in vallibus defluxit vallis tua filia delicata quae confidebas in thesauris tuis et dicebas quis veniet ad me	Quid gloriaris in vallibus? defluxit vallis tua, filia delicata, qu confidebas in thesauris tuis, et dicebas: Quis veniet ad me?		Wherefore gloriest thou in the valleys, thy flowing valley, O backsliding daughter? that trusted in her treasures, saying, Who shall come unto me?
Jer	49	5	הִנְנִי מֵבִיא עָלַיִךְ פַּחַד נְאֻם־אֲדֹנָי יְהוִה צְבָאוֹת מִכָּל־סְבִיבָיִךְ וְנִדַּחְתֶּם אִישׁ לְפָנָיו וְאֵין מְקַבֵּץ לַנֹּדֵד ׃	καὶ αὐτοὶ εἶπαν τῷ Ἰερεμίᾳ Ἔστω Κύριος ἐν ἡμῖν εἰς μάρτυρα δίκαιον καὶ πιστόν, εἰ μὴ κατὰ πάντα τὸν λόγον ὃν ἂν ἀποστείλῃ Κύριος πρὸς ἡμᾶς, οὕτως ποιήσομεν.	ecce ego inducam super te terrorem ait Dominus Deus exercituum ab omnibus qui sunt in circuitu tuo et dispergemini singuli a conspectu vestro nec erit qui congreget fugientem	Ecce ego inducam super te terrorem, ait Dominus Deus exercituum, ab omnibus qui sunt in circuitu tuo: et dispergemini singuli a conspectu vestro, nec erit qui congreget fugientes.		Behold, I will bring a fear upon thee, saith the Lord God of hosts, from all those that be about thee; and ye shall be driven out every man right forth; and none shall gather up him that wandereth.
Jer	49	6	וְאַחֲרֵי־כֵן אָשִׁיב אֶת־שְׁבוּת בְּנֵי־עַמּוֹן נְאֻם־יְהוָה ׃ ס	καὶ ἐὰν ἀγαθὸν καὶ ἐὰν κακόν, τὴν φωνὴν Κυρίου τοῦ θεοῦ ἡμῶν, οὗ ἡμεῖς ἀποστέλλομέν σε πρὸς αὐτόν, ἀκουσόμεθα, ἴνα βέλτιον ἡμῖν γένηται, ὅτι ἀκουσόμεθα τῆς φωνῆς Κυρίου τοῦ θεοῦ ἡμῶν.	et post haec reverti faciam captivos filiorum Ammon ait Dominus	Et post hc reverti faciam captivos filiorum Ammon, ait Dominus.]		And afterward I will bring again the captivity of the children of Ammon, saith the Lord.
Jer	49	7	לֶאֱדוֹם כֹּה אָמַר יְהוָה צְבָאוֹת הַאֵין עוֹד חָכְמָה בְּתֵימָן אָבְדָה עֵצָה מִבָּנִים נִסְרְחָה חָכְמָתָם ׃	καὶ ἐγενήθη μετὰ δέκα ἡμέρας ἐγενήθη λόγος Κυρίου πρὸς Ἰερεμίαν.	ad Idumeam haec dicit Dominus exercituum numquid non est ultra sapientia in Theman periit consilium a filiis inutilis facta est sapientia eorum	Ad Idumam. [Hc dicit Dominus exercituum: Numquid non ultra est sapientia in Theman? Periit consilium a filiis, inutilis facta est sapientia eorum.		Concerning Edom, thus saith the Lord of hosts; Is wisdom no more in Teman? is counsel perished from the prudent? is their wisdom vanished?
Jer	49	8	נֻסוּ הָפְנוּ הֶעְמִיקוּ לָשֶׁבֶת יֹשְׁבֵי דְּדָן כִּי אֵיד עֵשָׂו הֵבֵאתִי עָלָיו עֵת פְּקַדְתִּיו ׃	καὶ ἐκάλεσεν Ἰωανὰν καὶ τοὺς ἡγεμόνας τῆς δυνάμεαως καὶ πάντα τὸν λαὸν ἀπὸ μικροῦ καὶ ἕως μεγάλου,	fugite terga vertite descendite in voragine habitatores Dedan quoniam perditionem Esau adduxi super eum tempus visitationis eius	Fugite et terga vertite: descendite in voraginem, habitatores Dedan: quoniam perditionem Esau adduxi super eum, tempus visitationis ejus.		Flee ye, turn back, dwell deep, O inhabitants of Dedan; for I will bring the calamity of Esau upon him, the time that I will visit him.
Jer	49	9	אִם־בֹּצְרִים בָּאוּ לָךְ לֹא יַשְׁאִרוּ עוֹלֵלוֹת אִם־גַּנָּבִים בַּלַּיְלָה הִשְׁחִיתוּ דַיָּם ׃	καὶ εἶπεν αὐτοῖς Οὕτως εἶπεν Κύριος	si vindemiatores venissent super te non reliquissent racemum si fures in nocte rapuissent quod sufficeret sibi	Si vindemiatores venissent super te, non reliquissent racemum: si fures in nocte, rapuissent quod sufficeret sibi.		If grapegatherers come to thee, would they not leave some gleaning grapes? if thieves by night, they will destroy till they have enough.
Jer	49	10	כִּי־אֲנִי חָשַׂפְתִּי אֶת־עֵשָׂו גִּלֵּיתִי אֶת־מִסְתָּרָיו וְנֶחְבָּה לֹא יוּכָל שֻׁדַּד זַרְעוֹ וְאֶחָיו וּשְׁכֵנָיו וְאֵינֶנּוּ ׃	Ἐὰν καθίσαντες καθίσητε ἐν τῇ γῇ ταύτῃ, οἰκοδομήσω ὑμᾶς καὶ οὐ μὴ καθελῶ, καὶ φυτεύσω ὑμᾶς καὶ οὐ μὴ ἐκτίλω· ὅτι ἀναπέπαυμαι ἐπὶ τοῖς κακοῖς οἷς ἐποίησα ὑμῖν.	ego vero discoperui Esau revelavi abscondita eius et celari non poterit vastatum est semen eius et fratres eius et vicini eius et non erit	Ego vero, discooperui Esau: revelavi abscondita ejus, et celari non poterit: vastatum est semen ejus, et fratres ejus, et vicini ejus, et non erit.		But I have made Esau bare, I have uncovered his secret places, and he shall not be able to hide himself: his seed is spoiled, and his brethren, and his neighbours, and he is not.
Jer	49	11	עָזְבָה יְתֹמֶיךָ אֲנִי אֲחַיֶּה וְאַלְמְנֹתֶיךָ עָלַי תִּבְטָחוּ ׃ ס	μὴ φοβηθῆτε ἀπὸ προσώπου βασιλέως Βαβυλῶνος, οὗ ὑμεῖς φοβεῖσθε ἀπὸ προσώπου αὐτοῦ· μὴ φοβηθῆτε, φησὶν Κύριος, ὅτι μεθʼ ὑμῶν ἐγὼ ἐξαιρεῖσθαι ὑμᾶς καὶ σώζειν ὑμᾶς ἐκ χειρὸς αὐτῶν.	relinque pupillos tuos ego eos faciam vivere et viduae tuae in me sperabunt	Relinque pupillos tuos: ego faciam eos vivere: et vidu tu in me sperabunt.		Leave thy fatherless children, I will preserve them alive; and let thy widows trust in me.
Jer	49	12	כִּי־כֹה אָמַר יְהוָה הִנֵּה אֲשֶׁר־אֵין מִשְׁפָּטָם לִשְׁתּוֹת הַכּוֹס שָׁתוֹ יִשְׁתּוּ וְאַתָּה הוּא נָקֹה תִּנָּקֶה לֹא תִנָּקֶה כִּי שָׁתֹה תִּשְׁתֶּה ׃	καὶ δώσω ὑμῖν ἔλεος, καὶ ἐλεήσω ὑμᾶς καὶ ἐπιστρέψω ὑμᾶς εἰς τὴν γῆν ὑμῶν.	quia haec dicit Dominus ecce quibus non erat iudicium ut biberent calicem bibentes bibent et tu quasi innocens relinqueris non eris innocens sed bibens bibes	Quia hc dicit Dominus: Ecce quibus non erat judicium ut biberent calicem, bibentes bibent: et tu, quasi innocens relinqueris? non eris innocens, sed bibens bibes.		For thus saith the Lord; Behold, they whose judgment was not to drink of the cup have assuredly drunken; and art thou he that shall altogether go unpunished? thou shalt not go unpunished, but thou shalt surely drink of it.
Jer	49	13	כִּי בִי נִשְׁבַּעְתִּי נְאֻם־יְהוָה כִּי־לְשַׁמָּה לְחֶרְפָּה לְחֹרֶב וְלִקְלָלָה תִּהְיֶה בָצְרָה וְכָל־עָרֶיהָ תִהְיֶינָה לְחָרְבוֹת עוֹלָם ׃	καὶ εἰ λέγετε ὑμεῖς Οὐ μὴ καθίσωμεν ἐν τῇ γῇ ταύτῃ πρὸς τὸ μὴ ἀκοῦσαι φωνῆς Κυρίου,	quia per memet ipsum iuravi dicit Dominus quod in solitudinem et in obprobrium et in desertum et in maledictionem erit Bosra et omnes civitates eius erunt in solitudines sempiternas	Quia per memetipsum juravi, dicit Dominus, quod in solitudinem, et in opprobrium, et in desertum, et in maledictionem erit Bosra, et omnes civitates ejus erunt in solitudines sempiternas.		For I have sworn by myself, saith the Lord, that Bozrah shall become a desolation, a reproach, a waste, and a curse; and all the cities thereof shall be perpetual wastes.
Jer	49	14	שְׁמוּעָה שָׁמַעְתִּי מֵאֵת יְהוָה וְצִיר בַּגּוֹיִם שָׁלוּחַ הִתְקַבְּצוּ וּבֹאוּ עָלֶיהָ וְקוּמוּ לַמִּלְחָמָה ׃	ὅτι εἰς γῆν Αἰγύπτου εἰσελευσόμεθα, καὶ οὐ μὴ ἴδωμεν πόλεμον, καὶ φωνὴν σάλπιγγος οὐ μὴ ἀκούσωμεν, καὶ ἐν ἄρτοις οὐ μὴ πεινάσωμεν, καὶ ἐκεῖ οἰκήσομεν·	auditum audivi a Domino et legatus ad gentes missus est congregamini et venite contra eam et consurgamus in proelium	Auditum audivi a Domino, et legatus ad gentes missus est: Congregamini, et venite contra eam, et consurgamus in prlium.		I have heard a rumour from the Lord, and an ambassador is sent unto the heathen, saying, Gather ye together, and come against her, and rise up to the battle.
Jer	49	15	כִּי־הִנֵּה קָטֹן נְתַתִּיךָ בַּגּוֹיִם בָּזוּי בָּאָדָם ׃	διὰ τοῦτο ἀκούσατε λόγον Κυρίου Οὕτως εἶπεν Κύριος Ἐὰν ὑμεῖς δῶτε τὸ πρόσωπον ὑμῶν εἰς Αἴγυπτον καὶ εἰσέλθητε ἐκεῖ κατοικεῖν,	ecce enim parvulum dedi te in gentibus contemptibilem inter homines	Ecce enim parvulum dedi te in gentibus, contemptibilem inter homines.		For, lo, I will make thee small among the heathen, and despised among men.
Jer	49	16	תִּפְלַצְתְּךָ הִשִּׁיא אֹתָךְ זְדוֹן לִבֶּךָ שֹׁכְנִי בְּחַגְוֵי הַסֶּלַע תֹּפְשִׂי מְרוֹם גִּבְעָה כִּי־תַגְבִּיהַ כַּנֶּשֶׁר קִנֶּךָ מִשָּׁם אוֹרִידְךָ נְאֻם־יְהוָה ׃	καὶ ἔσται, ἡ ῥομφαία ἣν ὑμεῖς φοβεῖσθε ἀπὸ προσώπου αὐτῆς εὑρήσει ὑμᾶς ἐν γῇ Αἰγύπτου, καὶ ὁ λιμὸς οὗ ὑμεῖς λόγον ἔχετε ἀπὸ προσώπου αὐτοῦ καταλημψεται ὑμᾶς ὀπίσω ὑμῶν ἐν Αἰγύπτῳ, καὶ ἐκεῖ ἀποθανεῖσθε.	arrogantia tua decepit te et superbia cordis tui qui habitas in cavernis petrae et adprehendere niteris altitudinem collis cum exaltaveris quasi aquila nidum tuum inde detraham te dicit Dominus	Arrogantia tua decepit te, et superbia cordis tui, qui habitas in cavernis petr, et apprehendere niteris altitudinem collis: cum exaltaveris quasi aquila nidum tuum, inde detraham te, dicit Dominus.		Thy terribleness hath deceived thee, and the pride of thine heart, O thou that dwellest in the clefts of the rock, that holdest the height of the hill: though thou shouldest make thy nest as high as the eagle, I will bring thee down from thence, saith the Lord.
Jer	49	17	וְהָיְתָה אֱדוֹם לְשַׁמָּה כֹּל עֹבֵר עָלֶיהָ יִשֹּׁם וְיִשְׁרֹק עַל־כָּל־מַכּוֹתֶהָ ׃	καὶ ἔσονται πάντες οἱ ἄνθρωποι καὶ πάντες οἱ ἀλλογενεῖς, οἱ θέντες τὸ πρόσωπον αὐτῶν εἰς γῆν Αἰγύπτου ἐνοικεῖν ἐκεῖ, ἐκλείψουσιν ἐν τῇ ῥομφαίᾳ καὶ ἐν τῷ λιμῷ, καὶ οὐκ ἔσται αὐτῶν οὐθεὶς σωζόμενος ἀπὸ τῶν κακῶν ὧν ἐγὼ ἐπάγω ἐπʼ αὐτοὺς.	et erit Idumea deserta omnis qui transibit per eam stupebit et sibilabit super omnes plagas eius	Et erit Iduma deserta: omnis qui transibit per eam stupebit, et sibilabit super omnes plagas ejus.		Also Edom shall be a desolation: every one that goeth by it shall be astonished, and shall hiss at all the plagues thereof.
Jer	49	18	כְּמַהְפֵּכַת סְדֹם וַעֲמֹרָה וּשְׁכֵנֶיהָ אָמַר יְהוָה לֹא־יֵשֵׁב שָׁם אִישׁ וְלֹא־יָגוּר בָּהּ בֶּן־אָדָם ׃	ὅτι οὕτως εἶπεν Κύριος Καθὼς ἔσταξεν ὁ θυμός μου ἐπὶ τοὺς κατοικοῦντας Ἰερουσαλήμ, οὕτως στάξει ὁ θυμός μου ἐφʼ ὑμᾶς, εἰσελθόντων ὑμῶν εἰς Αἴγυπτον· καὶ ἔσεσθε εἰς ἄβατον καὶ ὑποχείριοι καὶ εἰς ἀρὰν καὶ εἰς ὀνειδισμόν, καὶ οἶ μὴ ἴδητε οὐκέτι τὸν τόπον τοῦτον.	sicuti subversa est Sodoma et Gomorra et vicinae eius ait Dominus non habitabit ibi vir et non incolet eam filius hominis	Sicut subversa est Sodoma, et Gomorrha, et vicin ejus, ait Dominus: non habitabit ibi vir, et non incolet eam filius hominis.		As in the overthrow of Sodom and Gomorrah and the neighbour cities thereof, saith the Lord, no man shall abide there, neither shall a son of man dwell in it.
Jer	49	19	הִנֵּה כְּאַרְיֵה יַעֲלֶה מִגְּאוֹן הַיַּרְדֵּן אֶל־נְוֵה אֵיתָן כִּי־אַרְגִּיעָה אֲרִיצֶנּוּ מֵעָלֶיהָ וּמִי בָחוּר אֵלֶיהָ אֶפְקֹד כִּי מִי כָמוֹנִי וּמִי יֹעִידֶנִּי וּמִי־זֶה רֹעֶה אֲשֶׁר יַעֲמֹד לְפָנָי ׃ ס	ἂ ἐλάλησεν Κύριος ἐφʼ ὑμᾶς τοὺς καταλοίπους Ἰούδα Μὴ εἰσέλθητε εἰς Αἴγυπτον. καὶ νῦν γνόντες γνώσεσθ	ecce quasi leo ascendet de superbia Iordanis ad pulchritudinem robustam quia subito currere eum faciam ad illam et quis erit electus quem praeponam ei quis enim similis mei et quis sustinebit me et quis est iste pastor qui resistat vultui meo	Ecce quasi leo ascendet de superbia Jordanis ad pulchritudinem robustam, quia subito currere faciam eum ad illam. Et quis erit electus, quem prponam ei? quis enim similis mei? et quis sustinebit me? et quis est iste pastor, qui resistat vultui meo?		Behold, he shall come up like a lion from the swelling of Jordan against the habitation of the strong: but I will suddenly make him run away from her: and who is a chosen man, that I may appoint over her? for who is like me? and who will appoint me the time? and who is that shepherd that will stand before me?
Jer	49	20	לָכֵן שִׁמְעוּ עֲצַת־יְהוָה אֲשֶׁר יָעַץ אֶל־אֱדוֹם וּמַחְשְׁבוֹתָיו אֲשֶׁר חָשַׁב אֶל־יֹשְׁבֵי תֵימָן אִם־לֹא יִסְחָבוּם צְעִירֵי הַצֹּאן אִם־לֹא יַשִּׁים עֲלֵיהֶם נְוֵהֶם ׃	ὅτι ἐπονηρεύσασθε ἐν ψυχαῖς ὑμῶν ἀποστείλαντές με λέγοντες Πρόσευξαι περὶ ἡμῶν πρὸς Κύριον, καί Κατὰ πάντα ἃ ἐὰν λαλήσῃ σοι Κύριος ποιήσομεν.	propterea audite consilium Domini quod iniit de Edom et cogitationes eius quas cogitavit de habitatoribus Theman si non deiecerint eos parvuli gregis nisi dissipaverint cum eis habitaculum eorum	Propterea audite consilium Domini, quod iniit de Edom, et cogitationes ejus, quas cogitavit de habitatoribus Theman: si non dejecerint eos parvuli gregis, nisi dissipaverint cum eis habitaculum eorum.		Therefore hear the counsel of the Lord, that he hath taken against Edom; and his purposes, that he hath purposed against the inhabitants of Teman: Surely the least of the flock shall draw them out: surely he shall make their habitations desolate with them.
Jer	49	21	מִקּוֹל נִפְלָם רָעֲשָׁה הָאָרֶץ צְעָקָה בְּיַם־סוּף נִשְׁמַע קוֹלָהּ ׃	καὶ οὐκ ἠκούσατε τῆς φωνῆς Κυρίου ἧς ἀπέστειλέν με πρὸς ὑμᾶς.	a voce ruinae eorum commota est terra clamor in mari Rubro auditus est vocis eius	A voce ruin eorum commota est terra, clamor in mari Rubro auditus est vocis ejus.		The earth is moved at the noise of their fall, at the cry the noise thereof was heard in the Red sea.
Jer	49	22	הִנֵּה כַנֶּשֶׁר יַעֲלֶה וְיִדְאֶה וְיִפְרֹשׂ כְּנָפָיו עַל־בָּצְרָה וְהָיָה לֵב גִּבּוֹרֵי אֱדוֹם בַּיּוֹם הַהוּא כְּלֵב אִשָּׁה מְצֵרָה ׃ ס	καὶ νῦν ἐν ῥομφαίᾳ καὶ ἐν λιμῷ ἐκλείψετε ἐν τῷ τόπῳ οὗ ὑμεῖς βούλεσθε εἰσελθεῖν κατοικεῖν ἐκεῖ.	ecce quasi aquila ascendet et evolabit et expandet alas suas super Bosram et erit cor fortium Idumeae in die illa quasi cor mulieris parturientis	Ecce quasi aquila ascendet, et avolabit, et expandet alas suas super Bosran: et erit cor fortium Idum in die illa quasi cor mulieris parturientis.]		Behold, he shall come up and fly as the eagle, and spread his wings over Bozrah: and at that day shall the heart of the mighty men of Edom be as the heart of a woman in her pangs.
Jer	49	23	לְדַמֶּשֶׂק בּוֹשָׁה חֲמָת וְאַרְפָּד כִּי־שְׁמֻעָה רָעָה שָׁמְעוּ נָמֹגוּ בַּיָּם דְּאָגָה הַשְׁקֵט לֹא יוּכָל ׃		ad Damascum confusa est Emath et Arfad quia auditum pessimum audierunt turbati sunt in mari sollicitudine quiescere non potuit	Ad Damascum: [Confusa est Emath et Arphad, quia auditum pessimum audierunt: turbati sunt in mari; pr sollicitudine quiescere non potuit.		Concerning Damascus. Hamath is confounded, and Arpad: for they have heard evil tidings: they are fainthearted; there is sorrow on the sea; it cannot be quiet.
Jer	49	24	רָפְתָה דַמֶּשֶׂק הִפְנְתָה לָנוּס וְרֶטֶט הֶחֱזִיקָה צָרָה וַחֲבָלִים אֲחָזַתָּה כַּיּוֹלֵדָה ׃		dissoluta est Damascus versa in fugam tremor adprehendit eam angustia et dolores tenuerunt eam quasi parturientem	Dissoluta est Damascus, versa est in fugam: tremor apprehendit eam, angustia et dolores tenuerunt eam quasi parturientem.		Damascus is waxed feeble, and turneth herself to flee, and fear hath seized on her: anguish and sorrows have taken her, as a woman in travail.
Jer	49	25	אֵיךְ לֹא־עֻזְּבָה עִיר תְּהִלָּה קִרְיַת מְשׂוֹשִׂי ׃		quomodo dereliquerunt civitatem laudabilem urbem laetitiae	Quomodo dereliquerunt civitatem laudabilem, urbem ltiti?		How is the city of praise not left, the city of my joy!
Jer	49	26	לָכֵן יִפְּלוּ בַחוּרֶיהָ בִּרְחֹבֹתֶיהָ וְכָל־אַנְשֵׁי הַמִּלְחָמָה יִדַּמּוּ בַּיּוֹם הַהוּא נְאֻם יְהוָה צְבָאוֹת ׃		ideo cadent iuvenes eius in plateis eius et omnes viri proelii conticescent in die illa ait Dominus exercituum	Ideo cadent juvenes ejus in plateis ejus, et omnes viri prlii conticescent in die illa, ait Dominus exercituum.		Therefore her young men shall fall in her streets, and all the men of war shall be cut off in that day, saith the Lord of hosts.
Jer	49	27	וְהִצַּתִּי אֵשׁ בְּחוֹמַת דַּמָּשֶׂק וְאָכְלָה אַרְמְנוֹת בֶּן־הֲדָד ׃ ס		et succendam ignem in muro Damasci et devorabit moenia Benadad	Et succendam ignem in muro Damasci, et devorabit mnia Benadad.]		And I will kindle a fire in the wall of Damascus, and it shall consume the palaces of Benhadad.
Jer	49	28	לְקֵדָר וּלְמַמְלְכוֹת חָצוֹר אֲשֶׁר הִכָּה נְבוּכַדְרֶאצּוֹר מֶלֶךְ־בָּבֶל כֹּה אָמַר יְהוָה קוּמוּ עֲלוּ אֶל־קֵדָר וְשָׁדְדוּ אֶת־בְּנֵי־קֶדֶם ׃		ad Cedar et ad regna Asor quae percussit Nabuchodonosor rex Babylonis haec dicit Dominus surgite ascendite ad Cedar et vastate filios orientis	Ad Cedar, et ad regna Asor, qu percussit Nabuchodonosor rex Babylonis. [Hc dicit Dominus: Surgite, et ascendite ad Cedar, et vastate filios orientis.		Concerning Kedar, and concerning the kingdoms of Hazor, which Nebuchadrezzar king of Babylon shall smite, thus saith the Lord; Arise ye, go up to Kedar, and spoil the men of the east.
Jer	49	29	אָהֳלֵיהֶם וְצֹאנָם יִקָּחוּ יְרִיעוֹתֵיהֶם וְכָל־כְּלֵיהֶם וּגְמַלֵּיהֶם יִשְׂאוּ לָהֶם וְקָרְאוּ עֲלֵיהֶם מָגוֹר מִסָּבִיב ׃		tabernacula eorum et greges eorum capient pelles eorum et omnia vasa eorum et camelos eorum tollent sibi et vocabunt super eos formidinem in circuitu	Tabernacula eorum, et greges eorum capient: pelles eorum, et omnia vasa eorum, et camelos eorum tollent sibi, et vocabunt super eos formidinem in circuitu.		Their tents and their flocks shall they take away: they shall take to themselves their curtains, and all their vessels, and their camels; and they shall cry unto them, Fear is on every side.
Jer	49	30	נֻסוּ נֻּדוּ מְאֹד הֶעְמִיקוּ לָשֶׁבֶת יֹשְׁבֵי חָצוֹר נְאֻם־יְהוָה כִּי־יָעַץ עֲלֵיכֶם נְבוּכַדְרֶאצַּר מֶלֶךְ־בָּבֶל עֵצָה וְחָשַׁב עֲלֵיהֶם מַחֲשָׁבָה ׃		fugite abite vehementer in voraginibus sedete qui habitatis Asor ait Dominus iniit enim contra vos Nabuchodonosor rex Babylonis consilium et cogitavit adversum vos cogitationes	Fugite, abite vehementer, in voraginibus sedete, qui habitatis Asor, ait Dominus: iniit enim contra vos Nabuchodonosor rex Babylonis consilium, et cogitavit adversum vos cogitationes.		Flee, get you far off, dwell deep, O ye inhabitants of Hazor, saith the Lord; for Nebuchadrezzar king of Babylon hath taken counsel against you, and hath conceived a purpose against you.
Jer	49	31	קוּמוּ עֲלוּ אֶל־גּוֹי שְׁלֵיו יוֹשֵׁב לָבֶטַח נְאֻם־יְהוָה לֹא־דְלָתַיִם וְלֹא־בְרִיחַ לוֹ בָּדָד יִשְׁכֹּנוּ ׃		consurgite et ascendite ad gentem quietam et habitantem confidenter ait Dominus non ostia non vectes ei soli habitant	Consurgite, et ascendite ad gentem quietam, et habitantem confidenter, ait Dominus: non ostia, nec vectes eis: soli habitant.		Arise, get you up unto the wealthy nation, that dwelleth without care, saith the Lord, which have neither gates nor bars, which dwell alone.
Jer	49	32	וְהָיוּ גְמַלֵּיהֶם לָבַז וַהֲמוֹן מִקְנֵיהֶם לְשָׁלָל וְזֵרִתִים לְכָל־רוּחַ קְצוּצֵי פֵאָה וּמִכָּל־עֲבָרָיו אָבִיא אֶת־אֵידָם נְאֻם־יְהוָה ׃		et erunt cameli eorum in direptionem et multitudo iumentorum in praedam et dispergam eos in omnem ventum qui sunt adtonsi in comam et ex omni confinio eorum adducam interitum super eos ait Dominus	Et erunt cameli eorum in direptionem, et multitudo jumentorum in prdam: et dispergam eos in omnem ventum, qui sunt attonsi in comam, et ex omni confinio eorum adducam interitum super eos, ait Dominus.		And their camels shall be a booty, and the multitude of their cattle a spoil: and I will scatter into all winds them that are in the utmost corners; and I will bring their calamity from all sides thereof, saith the Lord.
Jer	49	33	וְהָיְתָה חָצוֹר לִמְעוֹן תַּנִּים שְׁמָמָה עַד־עוֹלָם לֹא־יֵשֵׁב שָׁם אִישׁ וְלֹא־יָגוּר בָּהּ בֶּן־אָדָם ׃ ס		et erit Asor in habitaculum draconum deserta usque in aeternum non manebit ibi vir nec incolet eam filius hominis	Et erit Asor in habitaculum draconum, deserta usque in ternum: non manebit ibi vir, nec incolet eam filius hominis.]		And Hazor shall be a dwelling for dragons, and a desolation for ever: there shall no man abide there, nor any son of man dwell in it.
Jer	49	34	אֲשֶׁר הָיָה דְבַר־יְהוָה אֶל־יִרְמְיָהוּ הַנָּבִיא אֶל־עֵילָם בְּרֵאשִׁית מַלְכוּת צִדְקִיָּה מֶלֶךְ־יְהוּדָה לֵאמֹר ׃		quod factum est verbum Domini ad Hieremiam prophetam adversus Aelam in principio regni Sedeciae regis Iuda dicens	Quod facum est verbum Domini ad Jeremiam prophetam adversus lam, in principio regni Sedeci regis Juda, dicens:		The word of the Lord that came to Jeremiah the prophet against Elam in the beginning of the reign of Zedekiah king of Judah, saying,
Jer	49	35	כֹּה אָמַר יְהוָה צְבָאוֹת הִנְנִי שֹׁבֵר אֶת־קֶשֶׁת עֵילָם רֵאשִׁית גְּבוּרָתָם ׃		haec dicit Dominus exercituum ecce ego confringam arcum Aelam summam fortitudinem eorum	[Hc dicit Dominus exercituum: Ecce ego confrigam arcum lam, et summam fortitudinem eorum:		Thus saith the Lord of hosts; Behold, I will break the bow of Elam, the chief of their might.
Jer	49	36	וְהֵבֵאתִי אֶל־עֵילָם אַרְבַּע רוּחוֹת מֵאַרְבַּע קְצוֹת הַשָּׁמַיִם וְזֵרִתִים לְכֹל הָרֻחוֹת הָאֵלֶּה וְלֹא־יִהְיֶה הַגּוֹי אֲשֶׁר לֹא־יָבוֹא שָׁם נִדְּחֵי עוֹלָם ׃		et inducam super Aelam quattuor ventos a quattuor plagis caeli et ventilabo eos in omnes ventos istos et non erit gens ad quam non perveniant profugi Aelam	et inducam super lam quatuor ventos a quatuor plagis cli, et ventilabo eos in omnes ventos istos, et non erit gens ad quam non perveniant profugi lam.		And upon Elam will I bring the four winds from the four quarters of heaven, and will scatter them toward all those winds; and there shall be no nation whither the outcasts of Elam shall not come.
Jer	49	37	וְהַחְתַּתִּי אֶת־עֵילָם לפְנֵי אֹיְבֵיהֶם וְלִפְנֵי מְבַקְשֵׁי נַפְשָׁם וְהֵבֵאתִי עֲלֵיהֶם רָעָה אֶת־חֲרוֹן אַפִּי נְאֻם־יְהוָה וְשִׁלַּחְתִּי אַחֲרֵיהֶם אֶת־הַחֶרֶב עַד כַּלּוֹתִי אוֹתָם ׃		et pavere faciam Aelam coram inimicis suis et in conspectu quaerentium animam eorum et adducam super eos malum iram furoris mei dicit Dominus et emittam post eos gladium donec consumam eos	Et pavere faciam lam coram inimicis suis, et in conspectu qurentium animam eorum: et adducam super eos malum, iram furoris mei, dicit Dominus, et mittam post eos gladium donec consumam eos.		For I will cause Elam to be dismayed before their enemies, and before them that seek their life: and I will bring evil upon them, even my fierce anger, saith the Lord; and I will send the sword after them, till I have consumed them:
Jer	49	38	וְשַׂמְתִּי כִסְאִי בְּעֵילָם וְהַאֲבַדְתִּי מִשָּׁם מֶלֶךְ וְשָׂרִים נְאֻם־יְהוָה ׃		et ponam solium meum in Aelam et perdam inde reges et principes ait Dominus	Et ponam solium meum in lam, et perdam inde reges et principes, ait Dominus.		And I will set my throne in Elam, and will destroy from thence the king and the princes, saith the Lord.
Jer	49	39	וְהָיָה בְּאַחֲרִית הַיָּמִים אָשִׁוב אֶת־שְׁביּת עֵילָם נְאֻם־יְהוָה ׃		in novissimis autem diebus reverti faciam captivos Aelam dicit Dominus	In novissimis autem diebus reverti faciam captivos lam, dicit Dominus.]		But it shall come to pass in the latter days, that I will bring again the captivity of Elam, saith the Lord.
Jer	50	1	ס הַדָּבָר אֲשֶׁר דִּבֶּר יְהוָה אֶל־בָּבֶל אֶל־אֶרֶץ כַּשְׂדִּים בְּיַד יִרְמְיָהוּ הַנָּבִיא ׃	Καὶ ἐγενήθη ὡς ἐπαύσατο Ἰερεμίας λέγων πρὸς τὸν λαὸν τοὺς πάντας λόγους Κυρίου οὓς ἀπέστειλεν αὐτὸν Κύριος πρὸς αὐτούς, πάντας τοὺς λόγους τούτους,	verbum quod locutus est Dominus de Babylone et de terra Chaldeorum in manu Hieremiae prophetae	Verbum quod locutus est Dominus de Babylone et de terra Chaldorum, in manu Jeremi prophet.		The word that the Lord spake against Babylon and against the land of the Chaldeans by Jeremiah the prophet.
Jer	50	2	הַגִּידוּ בַגּוֹיִם וְהַשְׁמִיעוּ וּשְׂאוּ־נֵס הַשְׁמִיעוּ אַל־תְּכַחֵדוּ אִמְרוּ נִלְכְּדָה בָבֶל הֹבִישׁ בֵּל חַת מְרֹדָךְ הֹבִישׁוּ עֲצַבֶּיהָ חַתּוּ גִּלּוּלֶיהָ ׃	καὶ εἶπε· Ἀζαρίας υἱὸς Μαασσαίου καὶ Ἰωανὰν υἱὸς Καρῆε καὶ πάντες οἱ ἄνδρες οἱ εἴπαντες τῷ Ἰερεμίᾳ λέγοντες Ψεύδη, οὐκ ἀπέστειλέν σε Κύριος πρὸς ἡμᾶς λέγων Μὴ εἰσέλθητε εἰς Αἴγυπτον οἰκεῖν ἐκεῖ	adnuntiate in gentibus et auditum facite levate signum praedicate et nolite celare dicite capta est Babylon confusus est Bel victus est Marodach confusa sunt sculptilia eius superata sunt idola eorum	[Annuntiate in gentibus, et auditum facite: levate signum, prdicate, et nolite celare: dicite: Capta est Babylon, confusus est Bel, victus est Merodach, confusa sunt sculptilia ejus, superata sunt idola eorum.		Declare ye among the nations, and publish, and set up a standard; publish, and conceal not: say, Babylon is taken, Bel is confounded, Merodach is broken in pieces; her idols are confounded, her images are broken in pieces.
Jer	50	3	כִּי עָלָה עָלֶיהָ גּוֹי מִצָּפוֹן הוּא־יָשִׁית אֶת־אַרְצָהּ לְשַׁמָּה וְלֹא־יִהְיֶה יוֹשֵׁב בָּהּ מֵאָדָם וְעַד־בְּהֵמָה נָדוּ הָלָכוּ ׃	ἀλλ᾿ ἢ Βαροὐχ υἱὸς Νηρείου συμβάλλει σε πρὸς ἡμᾶς, ἵνα δῷς ἡμᾶς εἰς χεῖρας τῶν Χαλδαίων τοῦ θανατῶσαι ἡμᾶς καὶ ἀποικισθῆναι ἡμᾶς εἰς Βαβυλῶνα.	quoniam ascendit contra eam gens ab aquilone quae ponet terram eius in solitudinem et non erit qui habitet in ea ab homine usque ad pecus et moti sunt et abierunt	Quoniam ascendit contra eam gens ab aquilone, qu ponet terram ejus in solitudinem, et non erit qui habitet in ea ab homine usque ad pecus: et moti sunt, et abierunt.		For out of the north there cometh up a nation against her, which shall make her land desolate, and none shall dwell therein: they shall remove, they shall depart, both man and beast.
Jer	50	4	בַּיָּמִים הָהֵמָּה וּבָעֵת הַהִיא נְאֻם־יְהוָה יָבֹאוּ בְנֵי־יִשְׂרָאֵל הֵמָּה וּבְנֵי־יְהוּדָה יַחְדָּו הָלוֹךְ וּבָכוֹ יֵלֵכוּ וְאֶת־יְהוָה אֱלֹהֵיהֶם יְבַקֵּשׁוּ ׃	καὶ οὐκ ἤκουσεν Ἰωανὰν καὶ πάντες οἱ ἡγεμόνες τῆς δυνάμεως καὶ πᾶς ὁ λαὸς τῆς φωνῆς Κυρίου, κατοικῆσαι ἐν γῇ Ἰούδα.	in diebus illis et in tempore illo ait Dominus venient filii Israhel ipsi et filii Iuda simul ambulantes et flentes properabunt et Dominum Deum suum quaerent	In diebus illis, et in tempore illo, ait Dominus, venient filii Isral ipsi et filii Juda simul: ambulantes et flentes properabunt, et Dominum Deum suum qurent:		In those days, and in that time, saith the Lord, the children of Israel shall come, they and the children of Judah together, going and weeping: they shall go, and seek the Lord their God.
Jer	50	5	צִיּוֹן יִשְׁאָלוּ דֶּרֶךְ הֵנָּה פְנֵיהֶם בֹּאוּ וְנִלְווּ אֶל־יְהוָה בְּרִית עוֹלָם לֹא תִשָּׁכֵחַ ׃ ס	καὶ ἔλαβεν Ἰωανὰν καὶ πάντες οἱ ἡγεμόνες τῆς δυνάμεως πάντας τοὺς καταλοίπους Ἰούδα τοὺς ἀποστρέψαντας κατοικεῖν ἐν τῇ γῇ,	in Sion interrogabunt viam huc facies eorum venient et adponentur ad Dominum foedere sempiterno quod nulla oblivione delebitur	in Sion interrogabunt viam, huc facies eorum: venient, et apponentur ad Dominum fdere sempiterno, quod nulla oblivione delebitur.		They shall ask the way to Zion with their faces thitherward, saying, Come, and let us join ourselves to the Lord in a perpetual covenant that shall not be forgotten.
Jer	50	6	צֹאן אֹבְדוֹת הָיֻה עַמִּי רֹעֵיהֶם הִתְעוּם הָרִים *שׁוֹבְבוּם מֵהַר אֶל־גִּבְעָה הָלָכוּ שָׁכְחוּ רִבְצָם ׃	τοὺς δυνατοὺς ἄνδρας καὶ τὰς γυναῖκας καὶ τὰ λοιπὰ καὶ τὰς θυγατέρας τοῦ βασιλέως, καὶ τὰς ψυχὰς ἃς κατέλειπεν Ναβουζαρδὰν μετὰ Γοδολίου υἱοῦ Ἀχεικαμ, καὶ Ἰερεμίαν τὸν προφήτην καὶ Βαροὺχ υἱὸν Νηρίου,	grex perditus factus est populus meus pastores eorum seduxerunt eos feceruntque vagari in montibus de monte in collem transierunt obliti sunt cubilis sui	Grex perditus factus est populus meus, pastores eorum seduxerunt eos, feceruntque vagari in montibus: de monte in collem transierunt, obliti sunt cubilis sui.		My people hath been lost sheep: their shepherds have caused them to go astray, they have turned them away on the mountains: they have gone from mountain to hill, they have forgotten their restingplace.
Jer	50	7	כָּל־מוֹצְאֵיהֶם אֲכָלוּם וְצָרֵיהֶם אָמְרוּ לֹא נֶאְשָׁם תַּחַת אֲשֶׁר חָטְאוּ לַיהוָה נְוֵה־צֶדֶק וּמִקְוֵה אֲבוֹתֵיהֶם יְהוָה ׃ ס	καὶ εἰσῆλθον εἰς Aἵγυπτον, ὅτι οὐκ ἥκουσιν τῆς φωνῆς Κυρίου, καὶ εἰσῆλθαν εἰς Γαφνάς.	omnes qui invenerunt comederunt eos et hostes eorum dixerunt non peccavimus pro eo quod peccaverunt Domino decori iustitiae et expectationi patrum eorum Domino	Omnes qui invenerunt comederunt eos, et hostes eorum dixerunt: Non peccavimus: pro eo quod peccaverunt Domino decori justiti, et exspectationi patrum eorum Domino.		All that found them have devoured them: and their adversaries said, We offend not, because they have sinned against the Lord, the habitation of justice, even the Lord, the hope of their fathers.
Jer	50	8	נֻדוּ מִתּוֹךְ בָּבֶל וּמֵאֶרֶץ כַּשְׂדִּים יָצְאוּ וִהְיוּ כְּעַתּוּדִים לִפְנֵי־צֹאן ׃	Καὶ ἐγένετο λθγος Κυρίου πρὸς Ἰερεμίαν ἐν Γαηφνὰς λέγων	recedite de medio Babylonis et de terra Chaldeorum egredimini et estote quasi hedi ante greges	Recedite de medio Babylonis, et de terra Chaldorum egredimini, et estote quasi hdi ante gregem.		Remove out of the midst of Babylon, and go forth out of the land of the Chaldeans, and be as the he goats before the flocks.
Jer	50	9	כִּי הִנֵּה אָנֹכִי מֵעִיר וּמַעֲלֶה עַל־בָּבֶל קְהַל־גּוֹיִם גְּדֹלִים מֵאֶרֶץ צָפוֹן וְעָרְכוּ לָהּ מִשָּׁם תִּלָּכֵד חִצָּיו כְּגִבּוֹר מַשְׁכִּיל לֹא יָשׁוּב רֵיקָם ׃	Λάβε σεαυτῷ λίθους μεγάλους καὶ κατάκρυψον αὐτοὺς ἐν προθύροις, ἐν πύλῃ τῆς οἰκίας Φαραὼ ἐν Γαφνάς, κατʼ ὀφθαλμοὺς ἀνδρῶν oύδα,	quoniam ecce ego suscito et adducam in Babylonem congregationem gentium magnarum de terra aquilonis et praeparabuntur adversum eam et inde capietur sagitta eius quasi viri fortis interfectoris non revertetur vacua	Quoniam ecce ego suscito, et adducam in Babylonem congregationem gentium magnarum de terra aquilonis, et prparabuntur adversus eam, et inde capietur: sagitta ejus quasi viri fortis interfectoris: non revertetur vacua.		For, lo, I will raise and cause to come up against Babylon an assembly of great nations from the north country: and they shall set themselves in array against her; from thence she shall be taken: their arrows shall be as of a mighty expert man; none shall return in vain.
Jer	50	10	וְהָיְתָה כַשְׂדִּים לְשָׁלָל כָּל־שֹׁלְלֶיהָ יִשְׂבָּעוּ נְאֻם־יְהוָה ׃	καὶ ἐρεῖς Οὕτως εἶπεν Κύριος Ἰδοὺ ἐγὼ ἀποστέλλω καὶ ἄξω Ναβουχοδονοσὸρ βασιλέα Βαβυλῶνος, καὶ θήσει αὐτοῦ τὸν θρόνον ἐπάνω τῶν λίθων τούτων ὧν κατέκρυψας, καὶ ἀρεῖ τὰ ὅπλα ἐπʼ αὐτούς,	et erit Chaldea in praedam omnes vastantes eam replebuntur ait Dominus	Et erit Chalda in prdam: omnes vastantes eam replebuntur, ait Dominus.		And Chaldea shall be a spoil: all that spoil her shall be satisfied, saith the Lord.
Jer	50	11	כִּי תִשְׂמְחיּ כִּי תַעַלְזיּ שֹׁסֵי נַחֲלָתִי כִּי תָפוּשׁיּ כְּעֶגְלָה דָשָׁה וְתִצְהֲליּ כָּאֲבִּרִים ׃	καὶ εἰσελεύσεται καὶ πατάξει γῆν Αἰγύπτου, οὓς εἰς θάνατον εἰς θάνατον, καὶ οὓς εἰς ἀποικισμὸν εἰς ἀποικισμόν, καὶ οὓς εἰς ῥομφαίαν εἰς όομφαίαν·	quoniam exultatis et magna loquimini diripientes hereditatem meam quoniam effusi estis sicut vitulus super herbam et mugistis ut tauri	Quoniam exsultatis, et magna loquimini, diripientes hreditatem meam: quoniam effusi estis sicut vituli super herbam, et mugistis sicut tauri:		Because ye were glad, because ye rejoiced, O ye destroyers of mine heritage, because ye are grown fat as the heifer at grass, and bellow as bulls;
Jer	50	12	בּוֹשָׁה אִמְּכֶם מְאֹד חָפְרָה יוֹלַדְתְּכֶם הִנֵּה אַחֲרִית גּוֹיִם מִדְבָּר צִיָּה וַעֲרָבָה ׃	καὶ καύσει πῦρ ἐν οἰκίαις τῶν θεῶν αὐτῶν, καὶ ἐνπυριεῖ αὐτὰς καὶ ἀποικιεῖ αὐτούς, καὶ φθειριεῖ γῆν Αἰγύπτου ὥσπερ φθειρίζει ποιμὴν τὸ ἱμάτιον αὐτοῦ. καὶ ἐξελεύσεται ἐν εἰρήνῃ,	confusa est mater vestra nimis et adaequata pulveri quae genuit vos ecce novissima erit in gentibus deserta invia et arens	confusa est mater vestra nimis, et adquata pulveri, qu genuit vos: ecce novissima erit in gentibus, deserta, invia, et arens.		Your mother shall be sore confounded; she that bare you shall be ashamed: behold, the hindermost of the nations shall be a wilderness, a dry land, and a desert.
Jer	50	13	מִקֶּצֶף יְהוָה לֹא תֵשֵׁב וְהָיְתָה שְׁמָמָה כֻּלָּהּ כֹּל עֹבֵר עַל־בָּבֶל יִשֹּׁם וְיִשְׁרֹק עַל־כָּל־מַכּוֹתֶיהָ ׃	καὶ συντρίψει τοὺς στύλους Ἡλίου πόλεως τοὺς ἐυ Ὢν, καὶ τὰς οἰκίας αὐτῶν κατακαύσει ἐν πυρί.	ab ira Domini non habitabitur sed redigetur tota in solitudinem omnis qui transit per Babylonem stupebit et sibilabit super universis plagis eius	Ab ira Domini non habitabitur, sed redigetur tota in solitudinem: omnis qui transibit per Babylonem stupebit, et sibilabit super universis plagis ejus.		Because of the wrath of the Lord it shall not be inhabited, but it shall be wholly desolate: every one that goeth by Babylon shall be astonished, and hiss at all her plagues.
Jer	50	14	עִרְכוּ עַל־בָּבֶל סָבִיב כָּל־דֹּרְכֵי קֶשֶׁת יְדוּ אֵלֶיהָ אַל־תַּחְמְלוּ אֶל־חֵץ כִּי לַיהוָה חָטָאָה ׃		praeparamini contra Babylonem per circuitum omnes qui intenditis arcum debellate eam non parcatis iaculis quia Domino peccavit	Prparamini contra Babylonem per circuitum, omnes qui tenditis arcum: debellate eam, non parcatis jaculis, quia Domino peccavit.		Put yourselves in array against Babylon round about: all ye that bend the bow, shoot at her, spare no arrows: for she hath sinned against the Lord.
Jer	50	15	הָרִיעוּ עָלֶיהָ סָבִיב נָתְנָה יָדָהּ נָפְלוּ אַשְׁוִיֹּתֶיהָ נֶהֶרְסוּ חוֹמוֹתֶיהָ כִּי נִקְמַת יְהוָה הִיא הִנָּקְמוּ בָהּ כַּאֲשֶׁר עָשְׂתָה עֲשׂוּ־לָהּ ׃		clamate adversus eam ubique dedit manum ceciderunt fundamenta eius destructi sunt muri eius quoniam ultio Domini est ultionem accipite de ea sicut fecit facite ei	Clamate adversus eam, ubique dedit manum, ceciderunt fundamenta ejus, destructi sunt muri ejus, quoniam ultio Domini est: ultionem accipite de ea: sicut fecit, facite ei.		Shout against her round about: she hath given her hand: her foundations are fallen, her walls are thrown down: for it is the vengeance of the Lord: take vengeance upon her; as she hath done, do unto her.
Jer	50	16	כִּרְתוּ זוֹרֵעַ מִבָּבֶל וְתֹפֵשׂ מַגָּל בְּעֵת קָצִיר מִפְּנֵי חֶרֶב הַיּוֹנָה אִישׁ אֶל־עַמּוֹ יִפְנוּ וְאִישׁ לְאַרְצוֹ יָנֻסוּ ׃		disperdite satorem de Babylone et tenentem falcem in tempore messis a facie gladii columbae unusquisque ad populum suum convertetur et singuli ad terram suam fugient	Disperdite satorem de Babylone, et tenentem falcem in tempore messis: a facie gladii columb unusquisque ad populum suum convertetur, et singuli ad terram suam fugient.		Cut off the sower from Babylon, and him that handleth the sickle in the time of harvest: for fear of the oppressing sword they shall turn every one to his people, and they shall flee every one to his own land.
Jer	50	17	ס שֶׂה פְזוּרָה יִשְׂרָאֵל אֲרָיוֹת הִדִּיחוּ הָרִאשׁוֹן אֲכָלוֹ מֶלֶךְ אַשּׁוּר וְזֶה הָאַחֲרוֹן עִצְּמוֹ נְבוּכַדְרֶאצַּר מֶלֶךְ בָּבֶל ׃ ס		grex dispersus Israhel leones eiecerunt eum primus comedit eum rex Assur iste novissimus exossavit eum Nabuchodonosor rex Babylonis	Grex dispersus Isral, leones ejecerunt eum: primus comedit eum rex Assur: iste novissimus exossavit eum Nabuchodonosor rex Babylonis.		Israel is a scattered sheep; the lions have driven him away: first the king of Assyria hath devoured him; and last this Nebuchadrezzar king of Babylon hath broken his bones.
Jer	50	18	לָכֵן כֹּה־אָמַר יְהוָה צְבָאוֹת אֱלֹהֵי יִשְׂרָאֵל הִנְנִי פֹקֵד אֶל־מֶלֶךְ בָּבֶל וְאֶל־אַרְצוֹ כַּאֲשֶׁר פָּקַדְתִּי אֶל־מֶלֶךְ אַשּׁוּר ׃		propterea haec dicit Dominus exercituum Deus Israhel ecce ego visitabo regem Babylonis et terram eius sicut visitavi regem Assur	Propterea hc dicit Dominus exercituum, Deus Isral: Ecce ego visitabo regem Babylonis et terram ejus, sicut visitavi regem Assur:		Therefore thus saith the Lord of hosts, the God of Israel; Behold, I will punish the king of Babylon and his land, as I have punished the king of Assyria.
Jer	50	19	וְשֹׁבַבְתִּי אֶת־יִשְׂרָאֵל אֶל־נָוֵהוּ וְרָעָה הַכַּרְמֶל וְהַבָּשָׁן וּבְהַר אֶפְרַיִם וְהַגִּלְעָד תִּשְׂבַּע נַפְשׁוֹ ׃		et reducam Israhel ad habitaculum suum et pascetur Carmelum et Basan et in monte Ephraim et Galaad saturabitur anima eius	et reducam Isral ad habitaculum suum: et pascetur Carmelum et Basan, et in monte Ephraim et Galaad saturabitur anima ejus.		And I will bring Israel again to his habitation, and he shall feed on Carmel and Bashan, and his soul shall be satisfied upon mount Ephraim and Gilead.
Jer	50	20	בַּיָּמִים הָהֵם וּבָעֵת הַהִיא נְאֻם־יְהוָה יְבֻקַּשׁ אֶת־עֲוֹן יִשְׂרָאֵל וְאֵינֶנּוּ וְאֶת־חַטֹּאת יְהוּדָה וְלֹא תִמָּצֶאינָה כִּי אֶסְלַח לַאֲשֶׁר אַשְׁאִיר ׃		in diebus illis et in tempore illo ait Dominus quaeretur iniquitas Israhel et non erit et peccatum Iuda et non invenietur quoniam propitius ero eis quos reliquero	In diebus illis, et in tempore illo, ait Dominus, quretur iniquitas Isral, et non erit: et peccatum Juda, et non invenietur, quoniam propitius ero eis quos reliquero.		In those days, and in that time, saith the Lord, the iniquity of Israel shall be sought for, and there shall be none; and the sins of Judah, and they shall not be found: for I will pardon them whom I reserve.
Jer	50	21	עַל־הָאָרֶץ מְרָתַיִם עֲלֵה עָלֶיהָ וְאֶל־יוֹשְׁבֵי פְּקוֹד חֲרֹב וְהַחֲרֵם אַחֲרֵיהֶם נְאֻם־יְהוָה וַעֲשֵׂה כְּכֹל אֲשֶׁר צִוִּיתִיךָ ׃ ס		super terram dominantium ascende et super habitatores eius visita dissipa et interfice quae post eos sunt ait Dominus et fac iuxta omnia quae praecepi tibi	Super terram dominantium ascende, et super habitatores ejus visita: dissipa, et interfice qu post eos sunt, ait Dominus, et fac juxta omnia qu prcepi tibi.		Go up against the land of Merathaim, even against it, and against the inhabitants of Pekod: waste and utterly destroy after them, saith the Lord, and do according to all that I have commanded thee.
Jer	50	22	קוֹל מִלְחָמָה בָּאָרֶץ וְשֶׁבֶר גָּדוֹל ׃		vox belli in terra et contritio magna	Vox belli in terra, et contritio magna.		A sound of battle is in the land, and of great destruction.
Jer	50	23	אֵיךְ נִגְדַּע וַיִּשָּׁבֵר פַּטִּישׁ כָּל־הָאָרֶץ אֵיךְ הָיְתָה לְשַׁמָּה בָּבֶל בַּגּוֹיִם ׃		quomodo confractus est et contritus est malleus universae terrae quomodo versa est in desertum Babylon in gentibus	Quomodo confractus est et contritus malleus univers terr? quomodo versa est in desertum Babylon in gentibus?		How is the hammer of the whole earth cut asunder and broken! how is Babylon become a desolation among the nations!
Jer	50	24	יָקֹשְׁתִּי לָךְ וְגַם־נִלְכַּדְתְּ בָּבֶל וְאַתְּ לֹא יָדָעַתְּ נִמְצֵאת וְגַם־נִתְפַּשְׂתְּ כִּי בַיהוָה הִתְגָּרִית ׃		inlaqueavi te et capta es Babylon et nesciebas inventa es et adprehensa quoniam Dominum provocasti	Illaqueavi te, et capta es, Babylon, et nesciebas: inventa es et apprehensa, quoniam Dominum provocasti.		I have laid a snare for thee, and thou art also taken, O Babylon, and thou wast not aware: thou art found, and also caught, because thou hast striven against the Lord.
Jer	50	25	פָּתַח יְהוָה אֶת־אוֹצָרוֹ וַיּוֹצֵא אֶת־כְּלֵי זַעְמוֹ כִּי־מְלָאכָה הִיא לַאדֹנָי יְהוִה צְבָאוֹת בְּאֶרֶץ כַּשְׂדִּים ׃		aperuit Dominus thesaurum suum et protulit vasa irae suae quoniam opus est Domino Deo exercituum in terra Chaldeorum	Aperuit Dominus thesaurum suum, et protulit vasa ir su, quoniam opus est Domino Deo exercituum, in terra Chaldorum.		The Lord hath opened his armoury, and hath brought forth the weapons of his indignation: for this is the work of the Lord God of hosts in the land of the Chaldeans.
Jer	50	26	בֹּאוּ־לָהּ מִקֵּץ פִּתְחוּ מַאֲבֻסֶיהָ סָלּוּהָ כְמוֹ־עֲרֵמִים וְהַחֲרִימוּהָ אַל־תְּהִי־לָהּ שְׁאֵרִית ׃		venite ad eam ab extremis finibus aperite ut exeant qui conculcent eam tollite de via lapides et redigite in acervos et interficite eam nec sit quicquam reliquum	Venite ad eam ab extremis finibus, aperite ut exeant qui conculcent eam: tollite de via lapides, et redigite in acervos: et interficite eam, nec sit quidquam reliquum.		Come against her from the utmost border, open her storehouses: cast her up as heaps, and destroy her utterly: let nothing of her be left.
Jer	50	27	חִרְבוּ כָּל־פָּרֶיהָ יֵרְדוּ לַטָּבַח הוֹי עֲלֵיהֶם כִּי־בָא יוֹמָם עֵת פְּקֻדָּתָם ׃ ס		dissipate universos fortes eius descendant in occisionem vae eis quia venit dies eorum tempus visitationis eorum	Dissipate universos fortes ejus, descendant in occisionem: v eis, quia venit dies eorum, tempus visitationis eorum!		Slay all her bullocks; let them go down to the slaughter: woe unto them! for their day is come, the time of their visitation.
Jer	50	28	קוֹל נָסִים וּפְלֵטִים מֵאֶרֶץ בָּבֶל לְהַגִּיד בְּצִיּוֹן אֶת־נִקְמַת יְהוָה אֱלֹהֵינוּ נִקְמַת הֵיכָלוֹ ׃		vox fugientium et eorum qui evaserunt de terra Babylonis ut adnuntient in Sion ultionem Domini Dei nostri ultionem templi eius	Vox fugientium, et eorum qui evaserunt de terra Babylonis, ut annuntient in Sion ultionem Domini Dei nostri, ultionem templi ejus.		The voice of them that flee and escape out of the land of Babylon, to declare in Zion the vengeance of the Lord our God, the vengeance of his temple.
Jer	50	29	הַשְׁמִיעוּ אֶל־בָּבֶל רַבִּים כָּל־דֹּרְכֵי קֶשֶׁת חֲנוּ עָלֶיהָ סָבִיב אַל־יְהִי־ָ פְּלֵטָה שַׁלְּמוּ־לָהּ כְּפָעֳלָהּ כְּכֹל אֲשֶׁר עָשְׂתָה עֲשׂוּ־לָהּ כִּי אֶל־יְהוָה זָדָה אֶל־קְדוֹשׁ יִשְׂרָאֵל ׃		adnuntiate in Babylonem plurimis omnibus qui tendunt arcum consistite adversum eam per gyrum et nullus evadat reddite ei secundum opus suum iuxta omnia quae fecit facite illi quia contra Dominum erecta est adversum Sanctum Israhel	Annuntiate in Babylonem plurimis, omnibus qui tendunt arcum: consistite adversus eam per gyrum, et nullus evadat: reddite ei secundum opus suum: juxta omnia qu fecit, facite illi, quia contra Dominum erecta est, adversum Sanctum Isral.		Call together the archers against Babylon: all ye that bend the bow, camp against it round about; let none thereof escape: recompense her according to her work; according to all that she hath done, do unto her: for she hath been proud against the Lord, against the Holy One of Israel.
Jer	50	30	לָכֵן יִפְּלוּ בַחוּרֶיהָ בִּרְחֹבֹתֶיהָ וְכָל־אַנְשֵׁי מִלְחַמְתָּהּ יִדַּמּוּ בַּיּוֹם הַהוּא נְאֻם־יְהוָה ׃ ס		idcirco cadent iuvenes eius in plateis eius et omnes viri bellatores eius conticescent in die illa ait Dominus	Idcirco cadent juvenes ejus in plateis ejus, et omnes viri bellatores ejus conticescent in die illa, ait Dominus.		Therefore shall her young men fall in the streets, and all her men of war shall be cut off in that day, saith the Lord.
Jer	50	31	הִנְנִי אֵלֶיךָ זָדוֹן נְאֻם־אֲדֹנָי יְהוִה צְבָאוֹת כִּי בָּא יוֹמְךָ עֵת פְּקַדְתִּיךָ ׃		ecce ego ad te superbe dicit Dominus Deus exercituum quia venit dies tuus tempus visitationis tuae	Ecce ego ad te, superbe! dicit Dominus Deus exercituum: quia venit dies tuus, tempus visitationis tu.		Behold, I am against thee, O thou most proud, saith the Lord God of hosts: for thy day is come, the time that I will visit thee.
Jer	50	32	וְכָשַׁל זָדוֹן וְנָפַל וְאֵין לוֹ מֵקִים וְהִצַּתִּי אֵשׁ בְּעָרָיו וְאָכְלָה כָּל־סְבִיבֹתָיו ׃ ס		et cadet superbus et corruet et non erit qui suscitet eum et succendam ignem in urbibus eius et devorabit omnia in circuitu eius	Et cadet superbus, et corruet, et non erit qui suscitet eum: et succendam ignem in urbibus ejus, et devorabit omnia in circuitu ejus.		And the most proud shall stumble and fall, and none shall raise him up: and I will kindle a fire in his cities, and it shall devour all round about him.
Jer	50	33	כֹּה אָמַר יְהוָה צְבָאוֹת עֲשׁוּקִים בְּנֵי־יִשְׂרָאֵל וּבְנֵי־יְהוּדָה יַחְדָּו וְכָל־שֹׁבֵיהֶם הֶחֱזִיקוּ בָם מֵאֲנוּ שַׁלְּחָם ׃		haec dicit Dominus exercituum calumniam sustinent filii Israhel et filii Iuda simul omnes qui ceperunt eos tenent nolunt dimittere eos	Hc dicit Dominus exercituum: Calumniam sustinent filii Isral, et filii Juda simul: omnes qui ceperunt eos, tenent, nolunt dimittere eos.		Thus saith the Lord of hosts; The children of Israel and the children of Judah were oppressed together: and all that took them captives held them fast; they refused to let them go.
Jer	50	34	גֹּאֲלָם חָזָק יְהוָה צְבָאוֹת שְׁמוֹ רִיב יָרִיב אֶת־רִיבָם לְמַעַן הִרְגִּיעַ אֶת־הָאָרֶץ וְהִרְגִּיז לְיֹשְׁבֵי בָבֶל ׃		redemptor eorum Fortis Dominus exercituum nomen eius iudicio defendet causam eorum ut exterreat terram et commoveat habitatores Babylonis	Redemptor eorum fortis, Dominus exercituum nomen ejus: judicio defendet causam eorum, ut exterreat terram, et commoveat habitatores Babylonis.		Their Redeemer is strong; the Lord of hosts is his name: he shall throughly plead their cause, that he may give rest to the land, and disquiet the inhabitants of Babylon.
Jer	50	35	חֶרֶב עַל־כַּשְׂדִּים נְאֻם־יְהוָה וְאֶל־יֹשְׁבֵי בָבֶל וְאֶל־שָׂרֶיהָ וְאֶל־חֲכָמֶיהָ ׃		gladius ad Chaldeos ait Dominus et ad habitatores Babylonis et ad principes et ad sapientes eius	Gladius ad Chaldos, ait Dominus, et ad habitatores Babylonis, et ad principes, et ad sapientes ejus.		A sword is upon the Chaldeans, saith the Lord, and upon the inhabitants of Babylon, and upon her princes, and upon her wise men.
Jer	50	36	חֶרֶב אֶל־הַבַּדִּים וְנֹאָלוּ חֶרֶב אֶל־גִּבּוֹרֶיהָ וָחָתּוּ ׃		gladius ad divinos eius qui stulti erunt gladius ad fortes illius qui timebunt	Gladius ad divinos ejus, qui stulti erunt: gladius ad fortes illius, qui timebunt.		A sword is upon the liars; and they shall dote: a sword is upon her mighty men; and they shall be dismayed.
Jer	50	37	חֶרֶב אֶל־סוּסָיו וְאֶל־רִכְבּוֹ וְאֶל־כָּל־הָעֶרֶב אֲשֶׁר בְּתוֹכָהּ וְהָיוּ לְנָשִׁים חֶרֶב אֶל־אוֹצְרֹתֶיהָ וּבֻזָּזוּ ׃		gladius ad equos eius et ad currus eius et ad omne vulgus quod est in medio eius et erunt quasi mulieres gladius ad thesauros eius qui diripientur	Gladius ad equos ejus, et ad currus ejus, et ad omne vulgus quod est in medio ejus: et erunt quasi mulieres: gladius ad thesauros ejus, qui diripientur.		A sword is upon their horses, and upon their chariots, and upon all the mingled people that are in the midst of her; and they shall become as women: a sword is upon her treasures; and they shall be robbed.
Jer	50	38	חֹרֶב אֶל־מֵימֶיהָ וְיָבֵשׁוּ כִּי אֶרֶץ פְּסִלִים הִיא וּבָאֵימִים יִתְהֹלָלוּ ׃		siccitas super aquas eius erit et arescent quia terra sculptilium est et in portentis gloriantur	Siccitas super aquas ejus erit, et arescent, quia terra sculptilium est, et in portentis gloriantur.		A drought is upon her waters; and they shall be dried up: for it is the land of graven images, and they are mad upon their idols.
Jer	50	39	לָכֵן יֵשְׁבוּ צִיִּים אֶת־אִיִּים וְיָשְׁבוּ בָהּ בְּנוֹת יַעֲנָה וְלֹא־תֵשֵׁב עוֹד לָנֶצַח וְלֹא תִשְׁכּוֹן עַד־דּוֹר וָדוֹר ׃		propterea habitabunt dracones cum fatuis ficariis et habitabunt in ea strutiones et non habitabitur ultra usque ad sempiternum nec extruetur usque ad generationem et generationem	Propterea habitabunt dracones cum faunis ficariis, et habitabunt in ea struthiones, et non inhabitabitur ultra usque in sempiternum, nec exstruetur usque ad generationem et generationem.		Therefore the wild beasts of the desert with the wild beasts of the islands shall dwell there, and the owls shall dwell therein: and it shall be no more inhabited for ever; neither shall it be dwelt in from generation to generation.
Jer	50	40	כְּמַהְפֵּכַת אֱלֹהִים אֶת־סְדֹם וְאֶת־עֲמֹרָה וְאֶת־שְׁכֵנֶיהָ נְאֻם־יְהוָה לֹא־יֵשֵׁב שָׁם אִישׁ וְלֹא־יָגוּר בָּהּ בֶּן־אָדָם ׃		sicut subvertit Deus Sodomam et Gomorram et vicinas eius ait Dominus non habitabit ibi vir nec incolet eam filius hominis	Sicut subvertit Dominus Sodomam, et Gomorrham, et vicinas ejus, ait Dominus, non habitabit ibi vir, et non incolet eam filius hominis.		As God overthrew Sodom and Gomorrah and the neighbour cities thereof, saith the Lord; so shall no man abide there, neither shall any son of man dwell therein.
Jer	50	41	הִנֵּה עַם בָּא מִצָּפוֹן וְגוֹי גָּדוֹל וּמְלָכִים רַבִּים יֵעֹרוּ מִיַּרְכְּתֵי־אָרֶץ ׃		ecce populus venit ab aquilone et gens magna et reges multi consurgent a finibus terrae	Ecce populus venit ab aquilone, et gens magna, et reges multi consurgent a finibus terr.		Behold, a people shall come from the north, and a great nation, and many kings shall be raised up from the coasts of the earth.
Jer	50	42	קֶשֶׁת וְכִידֹן יַחֲזִיקוּ אַכְזָרִי הֵמָּה וְלֹא יְרַחֵמוּ קוֹלָם כַּיָּם יֶהֱמֶה וְעַל־סוּסִים יִרְכָּבוּ עָרוּךְ כְּאִישׁ לַמִּלְחָמָה עָלַיִךְ בַּת־בָּבֶל ׃		arcum et scutum adprehendent crudeles sunt et inmisericordes vox eorum quasi mare sonabit et super equos ascendent sicut vir paratus ad proelium contra te filia Babylon	Arcum et scutum apprehendent: crudeles sunt, et immisericordes: vox eorum quasi mare sonabit: et super equos ascendent, sicut vir paratus ad prlium contra te, filia Babylon.		They shall hold the bow and the lance: they are cruel, and will not shew mercy: their voice shall roar like the sea, and they shall ride upon horses, every one put in array, like a man to the battle, against thee, O daughter of Babylon.
Jer	50	43	שָׁמַע מֶלֶךְ־בָּבֶל אֶת־שִׁמְעָם וְרָפוּ יָדָיו צָרָה הֶחֱזִיקַתְהוּ חִיל כַּיּוֹלֵדָה ׃		audivit rex Babylonis famam eorum et dissolutae sunt manus eius angustia adprehendit eum dolor quasi parturientem	Audivit rex Babylonis famam eorum, et dissolut sunt manus ejus: angustia apprehendit eum, dolor quasi parturientem.		The king of Babylon hath heard the report of them, and his hands waxed feeble: anguish took hold of him, and pangs as of a woman in travail.
Jer	50	44	הִנֵּה כְּאַרְיֵה יַעֲלֶה מִגְּאוֹן הַיַּרְדֵּן אֶל־נְוֵה אֵיתָן כִּי־אַרְגִּעָה אֲרוּצֵם מֵעָלֶיהָ וּמִי בָחוּר אֵלֶיהָ אֶפְקֹד כִּי מִי כָמוֹנִי וּמִי יוֹעִדֶנִּי וּמִי־זֶה רֹעֶה אֲשֶׁר יַעֲמֹד לְפָנָי ׃		ecce quasi leo ascendet de superbia Iordanis ad pulchritudinem robustam quia subito currere eum faciam ad illam et quis erit electus quem praeponam ei quis enim similis mei et quis sustinebit me et quis est iste pastor qui resistat vultui meo	Ecce quasi leo ascendet, de superbia Jordanis ad pulchritudinem robustam, quia subito currere faciam eum ad illam. Et quis erit electus, quem prponam ei? quis est enim similis mei? et quis sustinebit me? et quis est iste pastor, qui resistat vultui meo?		Behold, he shall come up like a lion from the swelling of Jordan unto the habitation of the strong: but I will make them suddenly run away from her: and who is a chosen man, that I may appoint over her? for who is like me? and who will appoint me the time? and who is that shepherd that will stand before me?
Jer	50	45	לָכֵן שִׁמְעוּ עֲצַת־יְהוָה אֲשֶׁר יָעַץ אֶל־בָּבֶל וּמַחְשְׁבוֹתָיו אֲשֶׁר חָשַׁב אֶל־אֶרֶץ כַּשְׂדִּים אִם־לֹא יִסְחָבוּם צְעִירֵי הַצֹּאן אִם־לֹא יַשִּׁים עֲלֵיהֶם נָוֶה ׃		propterea audite consilium Domini quod mente concepit adversum Babylonem et cogitationes eius quas cogitavit super terram Chaldeorum nisi detraxerint eos parvuli gregum nisi dissipatum fuerit cum ipsis habitaculum eorum	Propterea audite consilium Domini, quod mente concepit adversum Babylonem, et cogitationes ejus, quas cogitavit super terram Chaldorum: nisi detraxerint eos parvuli gregum, nisi dissipatum fuerit cum ipsis habitaculum eorum.		Therefore hear ye the counsel of the Lord, that he hath taken against Babylon; and his purposes, that he hath purposed against the land of the Chaldeans: Surely the least of the flock shall draw them out: surely he shall make their habitation desolate with them.
Jer	50	46	מִקּוֹל נִתְפְּשָׂה בָבֶל נִרְעֲשָׁה הָאָרֶץ וּזְעָקָה בַּגּוֹיִם נִשְׁמָע ׃ ס		a voce captivitatis Babylonis commota est terra et clamor inter gentes auditus est	A voce captivitatis Babylonis commota est terra, et clamor inter gentes auditus est.]		At the noise of the taking of Babylon the earth is moved, and the cry is heard among the nations.
Jer	51	1	כֹּה אָמַר יְהוָה הִנְנִי מֵעִיר עַל־בָּבֶל וְאֶל־יֹשְׁבֵי לֵב קָמָי רוּחַ מַשְׁחִית ׃	Ὁ λόγος ὁ γενόμενος πρὸς Ἰερεμίαν ἅπασιν τοῖς Ἰουδαίοις τοῖς κατοικοῦσιν ἐν γῇ Αἰγόπτου καὶ τοῖς καθημένοις ἐν Μαγδώλῳ καὶ ἐν Ταφνὰς καὶ ἐν γῇ Παθούρης λέγων	haec dicit Dominus ecce ego suscitabo super Babylonem et super habitatores eius qui cor suum levaverunt contra me quasi ventum pestilentem	[Hc dicit Dominus: Ecce ego suscitabo super Babylonem et super habitatores ejus, qui cor suum levaverunt contra me, quasi ventum pestilentem:		Thus saith the Lord; Behold, I will raise up against Babylon, and against them that dwell in the midst of them that rise up against me, a destroying wind;
Jer	51	2	וְשִׁלַּחְתִּי לְבָבֶל זָרִים וְזֵרוּהָ וִיבֹקְקוּ אֶת־אַרְצָהּ כִּי־הָיוּ עָלֶיהָ מִסָּבִיב בְּיוֹם רָעָה ׃	Οὕτως εἶπεν Κύριος ὁ θεὸς Ἰσραήλ Ὑμεῖς ἑωράκατε πάντα τὰ κακὰ ἃ ἐπήγαγον ἐπὶ Ἰερουσαλὴμ καὶ ἐπὶ τὰς πόλεις Ἰούδα· καὶ ἰδού εἰσιν ἔρημοι ἀπὸ ἐνοίκων	et mittam in Babylonem ventilatores et ventilabunt eam et demolientur terram eius quoniam venerunt super eam undique in die adflictionis eius	et mittam in Babylonem ventilatores, et ventilabunt eam et demolientur terram ejus, quoniam venerunt super eam undique in die afflictionis ejus.		And will send unto Babylon fanners, that shall fan her, and shall empty her land: for in the day of trouble they shall be against her round about.
Jer	51	3	אֶל־יִדְרֹךְ יִדְרֹךְ הַדֹּרֵךְ קַשְׁתּוֹ וְאֶל־יִתְעַל בְּסִרְיֹנוֹ וְאַל־תַּחְמְלוּ אֶל־בַּחֻרֶיהָ הַחֲרִימוּ כָּל־צְבָאָהּ ׃	ἀπὸ προσώπου πονηρίας αὐτῶν ἧς ἐποίησαν παραπικρᾶναί με, πορευθέντες θυμιῶν θεοῖς ἑτέροις οἷς οὐκ ἔγνωτε.	non tendat qui tendit arcum suum et non ascendat loricatus nolite parcere iuvenibus eius interficite omnem militiam eius	Non tendat qui tendit arcum suum, et non ascendat loricatus: nolite parcere juvenibus ejus: interficite omnem militiam ejus.		Against him that bendeth let the archer bend his bow, and against him that lifteth himself up in his brigandine: and spare ye not her young men; destroy ye utterly all her host.
Jer	51	4	וְנָפְלוּ חֲלָלִים בְּאֶרֶץ כַּשְׂדִּים וּמְדֻקָּרִים בְּחוּצוֹתֶיהָ ׃	καὶ ἀπέστειλα πρὸς ὑμᾶς τοὺς παῖδάς μου τοὺς προφήτας ὄρθρου, καὶ ἀπέστειλα λέγων Μὴ ποιήσητε τὸ πράγμα τῆς μολύνσεως ταύτης ἧς ἐμίσησα.	et cadent interfecti in terra Chaldeorum et vulnerati in regionibus eius	Et cadent interfecti in terra Chaldorum, et vulnerati in regionibus ejus.		Thus the slain shall fall in the land of the Chaldeans, and they that are thrust through in her streets.
Jer	51	5	כִּי לֹא־אַלְמָן יִשְׂרָאֵל וִיהוּדָה מֵאֱלֹהָיו מֵיְהוָה צְבָאוֹת כִּי אַרְצָם מָלְאָה אָשָׁם מִקְּדוֹשׁ יִשְׂרָאֵל ׃	καὶ οὐκ ἤκουσαν καὶ οὐκ ἔκλιναν τὸ οὗς αὐτῶν ἀποστρέψαι ἀπὸ τῶν κακῶν αὐτῶν πρὸς τὸ μὴ θυμιῖν θεοῖς ἑτέροις.	quoniam non fuit viduatus Israhel et Iuda a Deo suo Domino exercituum terra autem eorum repleta est delicto a Sancto Israhel	Quoniam non fuit viduatus Isral et Juda a Deo suo, Domino exercituum, terra autem eorum repleta est delicto a Sancto Isral.		For Israel hath not been forsaken, nor Judah of his God, of the Lord of hosts; though their land was filled with sin against the Holy One of Israel.
Jer	51	6	נֻסוּ מִתּוֹךְ בָּבֶל וּמַלְּטוּ אִישׁ נַפְשׁוֹ אַל־תִּדַּמּוּ בַּעֲוֹנָהּ כִּי עֵת נְקָמָה הִיא לַיהוָה גְּמוּל הוּא מְשַׁלֵּם לָהּ ׃	καὶ ἔσταξεν ἡ ὀργή μου καὶ ὁ θυμός μου, καὶ ἐξεκαύθη ἐν πύλαις Ἰούδα καὶ ἔξωθεν Ἰερουσαλήμ, καὶ ἐγενήθησαν εἰς ἐρήμωσιν καὶ εἰς ἄβατον ὡς ἡ ἡμέρα αὕτη.	fugite de medio Babylonis et salvet unusquisque animam suam nolite tacere super iniquitatem eius quoniam tempus ultionis est Domino vicissitudinem ipse retribuet ei	Fugite de medio Babylonis, et salvet unusquisque animam suam: nolite tacere super iniquitatem ejus, quoniam tempus ultionis est a Domino, vicissitudinem ipse retribuet ei.		Flee out of the midst of Babylon, and deliver every man his soul: be not cut off in her iniquity; for this is the time of the Lord's vengeance; he will render unto her a recompence.
Jer	51	7	כּוֹס־זָהָב בָּבֶל בְּיַד־יְהוָה מְשַׁכֶּרֶת כָּל־הָאָרֶץ מִיֵּינָהּ שָׁתוּ גוֹיִם עַל־כֵּן יִתְהֹלְלוּ גוֹיִם ׃	καὶ νῦν οὕτως εἶπεν Κύριος Παντοκράτωρ Ινα τί ὑμεῖς ποιεῖτε κακὰ μεγάλα ἐπὶ ψυχαῖς ὑμῶν ἐκκόψαι ὑμῶν ἄνθρωπον καὶ γυναῖκα, νήπιον καὶ θηλάζοντα ἐκ μέσου Ἰούδα, πρὸς τὸ μὴ καταλειφθῆναι ὑμῶν μηδένα,	calix aureus Babylon in manu Domini inebrians omnem terram de vino eius biberunt gentes et ideo commotae sunt	Calix aureus Babylon in manu Domini, inebrians omnem terram: de vino ejus biberunt gentes, et ideo commot sunt.		Babylon hath been a golden cup in the Lord's hand, that made all the earth drunken: the nations have drunken of her wine; therefore the nations are mad.
Jer	51	8	פִּתְאֹם נָפְלָה בָבֶל וַתִּשָּׁבֵר הֵילִילוּ עָלֶיהָ קְחוּ צֳרִי לְמַכְאוֹבָהּ אוּלַי תֵּרָפֵא ׃	παραπικρᾶναί με ἐν τοῖς ἔργοις τῶν χειρῶν ὑμῶν, θυμιῶν θεοῖς ἑτέροις ἐν γῇ Αἰγύπτῳ εἰς ἣν ἤλθατε κατοικεῖν ἐκεῖ, ἵνα ἐκκοπῆτε καὶ ἵνα γένησθε εἰς κατάραν καὶ εἰς ὀνειδισμὸν ἐν πᾶσιν τοῖς ἔθνεσιν τῆς γῆς;	subito cecidit Babylon et contrita est ululate super eam tollite resinam ad dolorem eius si forte sanetur	Subito cecidit Babylon, et contrita est. Ululate super eam: tollite resinam ad dolorem ejus, si forte sanetur.		Babylon is suddenly fallen and destroyed: howl for her; take balm for her pain, if so be she may be healed.
Jer	51	9	רִפִּאנוּ אֶת־בָּבֶל וְלֹא נִרְפָּתָה עִזְבוּהָ וְנֵלֵךְ אִישׁ לְאַרְצוֹ כִּי־נָגַע אֶל־הַשָּׁמַיִם מִשְׁפָּטָהּ וְנִשָּׂא עַד־שְׁחָקִים ׃	μὴ ἐπιλέλησθε ὑμεῖς τῶν κακῶν τῶν πατέρων ὑμῶν καὶ τῶν κακῶν τῶν βασιλέων Ἰούδα καὶ τῶν κακῶν τῶν ἀρχόντων ὑμῶν καὶ τῶν κακῶν τῶν γυναικῶν ὑμῶν, ὦν ἐποίησαν ἐν γῇ Ἰούδα καὶ ἔξωθεν Ἰερουσαλήμ;	curavimus Babylonem et non est sanata derelinquamus eam et eamus unusquisque in terram suam quoniam pervenit usque ad caelos iudicium eius et elevatum est usque ad nubes	Curavimus Babylonem, et non est sanata: derelinquamus eam, et eamus unusquisque in terram suam, quoniam pervenit usque ad clos judicium ejus, et elevatum est usque ad nubes.		We would have healed Babylon, but she is not healed: forsake her, and let us go every one into his own country: for her judgment reacheth unto heaven, and is lifted up even to the skies.
Jer	51	10	הוֹצִיא יְהוָה אֶת־צִדְקֹתֵינוּ בֹּאוּ וּנְסַפְּרָה בְצִיּוֹן אֶת־מַעֲשֵׂה יְהוָה אֱלֹהֵינוּ ׃	καὶ οὐκ ἐπαύσαντο ἕως τῆς ἡμέρας ταύτης, καὶ οὐκ ἀντείχοντο τῶν προσταγμάτων μου ὅν ἔδωκα κατὰ πρόσωπον τῶν πατέρων αὐτῶν.	protulit Dominus iustitias nostras venite et narremus in Sion opus Domini Dei nostri	Protulit Dominus justitias nostras: venite, et narremus in Sion opus Domini Dei nostri.		The Lord hath brought forth our righteousness: come, and let us declare in Zion the work of the Lord our God.
Jer	51	11	הָבֵרוּ הַחִצִּים מִלְאוּ הַשְּׁלָטִים הֵעִיר יְהוָה אֶת־רוּחַ מַלְכֵי מָדַי כִּי־עַל־בָּבֶל מְזִמָּתוֹ לְהַשְׁחִיתָהּ כִּי־נִקְמַת יְהוָה הִיא נִקְמַת הֵיכָלוֹ ׃	διὰ τοῦτο οὕτως εἶπεν Κύριος Ἰδοὺ ἐγὼ ἐφίστημι τὸ πρόσωπόν μου	acuite sagittas implete faretras suscitavit Dominus spiritum regum Medorum et contra Babylonem mens eius ut perdat eam quoniam ultio Domini est ultio templi sui	Acuite sagittas, implete pharetras: suscitavit Dominus spiritum regum Medorum: et contra Babylonem mens ejus est ut perdat eam, quoniam ultio Domini est, ultio templi sui.		Make bright the arrows; gather the shields: the Lord hath raised up the spirit of the kings of the Medes: for his device is against Babylon, to destroy it; because it is the vengeance of the Lord, the vengeance of his temple.
Jer	51	12	אֶל־חוֹמֹת בָּבֶל שְׂאוּ־נֵס הַחֲזִיקוּ הַמִּשְׁמָר הָקִימוּ שֹׁמְרִים הָכִינוּ הָאֹרְבִים כִּי גַּם־זָמַם יְהוָה גַּם־עָשָׂה אֵת אֲשֶׁר־דִּבֶּר אֶל־יֹשְׁבֵי בָבֶל ׃	τοῦ ἀπολέσαι πάντας τοὺς καταλοίπους τοὺς ἐν Αἰγύπτῳ, καὶ πεσοῦνται ἐν φομφαίᾳ καὶ ἐν λιμῷ, καὶ ἐκλείψουσιν ἀπὸ μικροῦ ἕως μεγάλου καὶ ἔσονται εἰς ὀνειδισμὸν καὶ εἰς ἀπώλειαν καὶ εἰς κατάραν.	super muros Babylonis levate signum augete custodiam levate custodes praeparate insidias quia cogitavit Dominus et fecit quaecumque locutus est contra habitatores Babylonis	Super muros Babylonis levate signum, augete custodiam, levate custodes, prparate insidias, quia cogitavit Dominus, et fecit qucumque locutus est contra habitatores Babylonis.		Set up the standard upon the walls of Babylon, make the watch strong, set up the watchmen, prepare the ambushes: for the Lord hath both devised and done that which he spake against the inhabitants of Babylon.
Jer	51	13	שֹׁכַנְתִּי עַל־מַיִם רַבִּים רַבַּת אוֹצָרֹת בָּא קִצֵּךְ אַמַּת בִּצְעֵךְ ׃	καὶ ἐπισκέψομαι ἐπὶ τοὺς καθημένους ἐν γῇ Αἰγύπτῳ ὡς ἐπεσκεψάμην ἐπὶ Ἰερουσαλὴμ ἐν άομφαίᾳ καὶ ἐν λιμῷ,	quae habitas super aquas multas locuples in thesauris venit finis tuus pedalis praecisionis tuae	Qu habitas super aquas multas, locuples in thesauris, venit finis tuus, pedalis prcisionis tu.		O thou that dwellest upon many waters, abundant in treasures, thine end is come, and the measure of thy covetousness.
Jer	51	14	נִשְׁבַּע יְהוָה צְבָאוֹת בְּנַפְשׁוֹ כִּי אִם־מִלֵּאתִיךְ אָדָם כַּיֶּלֶק וְעָנוּ עָלַיִךְ הֵידָד ׃ ס	καὶ οὐκ ἔσται σεσαοσμένος οὐθεὶς τῶν ἐπί λοιπῶν Ἰούδα τῶν παροικούντων ἐν γῆ Αἰγύπτῳ τοῦ ἐπιστρέψαι εἰς γῆν Ἰούδα, ἐφʼ ἣν αὐτοὶ ἐλπίζουσιν ταῖς ψυχαῖς αὐτῶν τοῦ ἐπιστρέψαι ἐκεῖ οὐ μὴ ἐπιστρέψωσιν ἀλλʼ ἡ οἱ ἀνασεσωμένοι.	iuravit Dominus exercituum per animam suam quoniam replebo te hominibus quasi brucho et super te celeuma cantabitur	Juravit Dominus exercituum per animam suam: Quoniam replebo te hominibus quasi brucho, et super te celeuma cantabitur.		The Lord of hosts hath sworn by himself, saying, Surely I will fill thee with men, as with caterpillers; and they shall lift up a shout against thee.
Jer	51	15	עֹשֵׂה אֶרֶץ בְּכֹחוֹ מֵכִין תֵּבֵל בְּחָכְמָתוֹ וּבִתְבוּנָתוֹ נָטָה שָׁמָיִם ׃	καὶ ἀπεκρίθησαν τῷ Ἱερεμίᾳ πάντες οἱ ἄνδρες οἱ γνόντες ὅτι θυμιῶσιν αἱ γυναῖκες αὐτῶν καὶ πᾶσα αἱ γυναῖκες, συναγαογὴ μεγάλη, καὶ πᾶς ὁ λαὸς οἱ καθήμενοι ἐν γῇ Αἰγύπτῳ, ἐν Παθούρῃ, λέγοντες	qui fecit terram in fortitudine sua praeparavit orbem in sapientia sua et prudentia sua extendit caelos	Qui fecit terram in fortitudine sua, prparavit orbem in sapientia sua, et prudentia sua extendit clos.		He hath made the earth by his power, he hath established the world by his wisdom, and hath stretched out the heaven by his understanding.
Jer	51	16	לְקוֹל תִּתּוֹ הֲמוֹן מַיִם בַּשָּׁמַיִם וַיַּעַל נְשִׂאִים מִקְצֵה־אָרֶץ בְּרָקִים לַמָּטָר עָשָׂה וַיֹּצֵא רוּחַ מֵאֹצְרֹתָיו ׃	ʼΟ λόγος ὁν ἐλάλησας πρὸς ἡμᾶς τῷ ὀνόματι Κυρίου, οὐκ ἀκούσομέν σου·	dante eo vocem multiplicantur aquae in caelo qui levat nubes ab extremo terrae fulgura in pluviam fecit et produxit ventum de thesauris suis	Dante eo vocem, multiplicantur aqu in clo: qui levat nubes ab extremo terr, fulgura in pluviam fecit, et produxit ventum de thesauris suis.		When he uttereth his voice, there is a multitude of waters in the heavens; and he causeth the vapours to ascend from the ends of the earth: he maketh lightnings with rain, and bringeth forth the wind out of his treasures.
Jer	51	17	נִבְעַר כָּל־אָדָם מִדַּעַת הֹבִישׁ כָּל־צֹרֵף מִפָּסֶל כִּי שֶׁקֶר נִסְכּוֹ וְלֹא־רוּחַ בָּם ׃	ὅτι ποιοῦντες ποιήσομεν πάντα τὸν λόγον ὅς ἐξελεύσεται ἐκ τοῦ στόματος ἡμῶν, θυμιῖν τῇ βασιλίσσῃ τοῦ οὐρανοῦ καὶ σπένδειν αὐτῇ σπονδάς, καθὰ ἐποιήσαμεν ἡμεῖς καὶ οἱ πατέρες ἡμῶν καὶ οἱ βασιλεῖς ἡμῶν καὶ οἱ ἄρχοντες ἡμῶν ἐν πόλεσιν Ἰούδα καὶ ἔξωθεν Ἰερουσαλήμ· καὶ ἐπλήσθημεν ἄρτων καὶ ἐγενόμεθα χρηστοί, καὶ κακὰ οὐκ εἶδομεν.	stultus factus est omnis homo ab scientia confusus est omnis conflator in sculptili quia mendax conflatio eius nec est spiritus in eis	Stultus factus est omnis homo a scientia; confusus est omnis conflator in sculptili, quia mendax est conflatio eorum, nec est spiritus in eis.		Every man is brutish by his knowledge; every founder is confounded by the graven image: for his molten image is falsehood, and there is no breath in them.
Jer	51	18	הֶבֶל הֵמָּה מַעֲשֵׂה תַּעְתֻּעִים בְּעֵת פְּקֻדָּתָם יֹאבֵדוּ ׃	καὶ ὡς διελίπομεν θυμιῶντες τῇ βασιλίσσῃ τοῦ οὐρανοῦ, ἠλαττώθημεν πάντες, καὶ ἐν όομφαίᾳ καὶ ἐν λιμῷ ἐξελίπομεν.	vana sunt opera et risu digna in tempore visitationis suae peribunt	Vana sunt opera, et risu digna: in tempore visitationis su peribunt.		They are vanity, the work of errors: in the time of their visitation they shall perish.
Jer	51	19	לֹא־כְאֵלֶּה חֵלֶק יַעֲקוֹב כִּי־יוֹצֵר הַכֹּל הוּא וְשֵׁבֶט נַחֲלָתוֹ יְהוָה צְבָאוֹת שְׁמוֹ ׃ ס	καὶ ὅτι ἡμεῖς θυμιῶμεν τῇ βασιλίσσῃ τοῦ οὐρανοῦ καὶ ἐσπείσαμεν αὐτῇ σπονδάς, μὴ ἄνευ τῶν ἀνδρῶν ἡμῶν ἐποιήσαμεν αὐτῇ χαυῶνας καὶ ἐσπείσαμεν σπονδὰς αὐτῇ;	non sicut haec pars Iacob quia qui fecit omnia ipse est et Israhel sceptrum hereditatis eius Dominus exercituum nomen eius	Non sicut hc, pars Jacob, quia qui fecit omnia ipse est: et Isral sceptrum hreditatis ejus: Dominus exercituum nomen ejus.		The portion of Jacob is not like them; for he is the former of all things: and Israel is the rod of his inheritance: the Lord of hosts is his name.
Jer	51	20	מַפֵּץ־אַתָּה לִי כְּלֵי מִלְחָמָה וְנִפַּצְתִּי בְךָ גּוֹיִם וְהִשְׁחַתִּי בְךָ מַמְלָכוֹת ׃	καὶ εἶπεν Ἱερεμίας παντὶ τῷ λαῷ τοῖς δυνατοῖς καὶ ταῖς γυναιξὶν καὶ παντὶ τῷ λαῷ τοῖς ἀποκριθεῖσιν αὐτῷ λόγους, λέγων	conlidis tu mihi vasa belli et ego conlidam in te gentes et disperdam in te regna	Collidis tu mihi vasa belli: et ego collidam in te gentes, et disperdam in te regna:		Thou art my battle axe and weapons of war: for with thee will I break in pieces the nations, and with thee will I destroy kingdoms;
Jer	51	21	וְנִפַּצְתִּי בְךָ סוּס וְרֹכְבוֹ וְנִפַּצְתִּי בְךָ רֶכֶב וְרֹכְבוֹ ׃	Οὐχὶ τοῦ θυμιάματος οὗ ἐθυμιάσαμεν ἐν ταῖς πόλεσιν Ἰούδα καὶ ἔξωθεν Ἰερουσαλήμ, ὑμεῖς καὶ οἱ πατέρες ὑμῶν καὶ οἱ βασιλεῖς ὑμῶν καὶ οἱ ἄρχοντες ὑμῶν καὶ ὁ λαὸς τῆς γῆς, ἐμνήσθη Κύριος καὶ ἀνέβη ἐπὶ τὴν καρδίαν αὐτοῦ;	et conlidam in te equum et equitem eius et conlidam in te currum et ascensorem eius	et collidam in te equum et equitem ejus: et collidam in te currum et ascensorem ejus:		And with thee will I break in pieces the horse and his rider; and with thee will I break in pieces the chariot and his rider;
Jer	51	22	וְנִפַּצְתִּי בְךָ אִישׁ וְאִשָּׁה וְנִפַּצְתִּי בְךָ זָקֵן וָנָעַר וְנִפַּצְתִּי בְךָ בָּחוּר וּבְתוּלָה ׃	καὶ οὐκ ἡδύνατο Κύριος ἔτι φέρειν ἀπὸ προσώπου πονηρίας πραγμάτων ὑμῶν καὶ ἀπὸ τῶν βδελυγμάτων ὧν ἐποιήσατε· καὶ ἐγενήθη ἡ γῆ ὑμῶν εἰς ἐρήμωσιν καὶ εἰς ἄβατον καὶ εἰς ἀρὰν ὡς ἐν τῇ ἡμέρᾳ ταύτῃ,	et conlidam in te virum et mulierem et conlidam in te senem et puerum et conlidam in te iuvenem et virginem	et collidam in te virum et mulierem: et collidam in te senem et puerum: et collidam in te juvenem et virginem:		With thee also will I break in pieces man and woman; and with thee will I break in pieces old and young; and with thee will I break in pieces the young man and the maid;
Jer	51	23	וְנִפַּצְתִּי בְךָ רֹעֶה וְעֶדְרוֹ וְנִפַּצְתִּי בְךָ אִכָּר וְצִמְדּוֹ וְנִפַּצְתִּי בְךָ פַּחוֹת וּסְגָנִים ׃	ἀπὸ προσώπου ὡν ἐθυμιᾶτε καὶ ὡὡν ἡμάρτετε τῷ κυρίῳ· καὶ οὐκ ἠκούσατε τῆς φωνῆς Κυρίου, καὶ ἐν τοῖς προστάγμασιν αὐτοῦ καὶ ἐν τῷ νόμῳ καὶ ἐν τοῖς μαρτυρίοις αὐτοῦ οὐκ ἐπορεύθητε, καὶ ἐπελάβετο ὑμῶν τὰ κακὰ ταῦτα.	et conlidam in te pastorem et gregem eius et conlidam in te agricolam et iugales eius et conlidam in te duces et magistratus	et collidam in te pastorem et gregem ejus: et collidam in te agricolam et jugales ejus: et collidam in te duces et magistratus:		I will also break in pieces with thee the shepherd and his flock; and with thee will I break in pieces the husbandman and his yoke of oxen; and with thee will I break in pieces captains and rulers.
Jer	51	24	וְשִׁלַּמְתִּי לְבָבֶל וּלְכֹל יוֹשְׁבֵי כַשְׂדִּים אֵת כָּל־רָעָתָם אֲשֶׁר־עָשׂוּ בְצִיּוֹן לְעֵינֵיכֶם נְאֻם יְהוָה ׃ ס	καὶ εἶπεν Ἱερεμίας τῷ λαῷ καὶ ταῖς γυναιξίν Ἀκούσατε τὸν λόγον Κυρίου.	et reddam Babyloni et cunctis habitatoribus Chaldeae omne malum suum quod fecerunt in Sion in oculis vestris ait Dominus	et reddam Babyloni, et cunctis habitatoribus Chald, omne malum suum, quod fecerunt in Sion, in oculis vestris, ait Dominus.		And I will render unto Babylon and to all the inhabitants of Chaldea all their evil that they have done in Zion in your sight, saith the Lord.
Jer	51	25	הִנְנִי אֵלֶיךָ הַר הַמַּשְׁחִית נְאֻם־יְהוָה הַמַּשְׁחִית אֶת־כָּל־הָאָרֶץ וְנָטִיתִי אֶת־יָדִי עָלֶיךָ וְגִלְגַּלְתִּיךָ מִן־הַסְּלָעִים וּנְתַתִּיךָ לְהַר שְׂרֵפָה ׃	οὕτως εἶπεν Κύριος ὁ θεὸς Ἰσραήλ 'Υμεῖς γυναῖκες τῷ στόματι ὑμῶν ἐλαλήσατε, καὶ ταῖς χερσὶν ὑμῶν ἐπληρώσατε, λέγουσαι Ποιοῦσαι ποιήσομεν τὰς ὁμολογίας ἡμῶν ὅς ὡμολογήκαμεν, θυμιᾶν τῇ βασιλίσσῃ τοῦ οὐρανοῦ καὶ σπένδειν αὐτῇ σπονδάς· ἐνμείνασαι ἐνεμείνατε ταῖς ὁμολογίαις ὑμῶν, καὶ ποιοῦσαι ἐποιήσατε.	ecce ego ad te mons pestifer ait Dominus qui corrumpis universam terram et extendam manum meam super te et evolvam te de petris et dabo te in montem conbustionis	Ecce ego ad te, mons pestifer, ait Dominus, qui corrumpis universam terram: et extendam manum meam super te, et evolvam te de petris, et dabo te in montem combustionis:		Behold, I am against thee, O destroying mountain, saith the Lord, which destroyest all the earth: and I will stretch out mine hand upon thee, and roll thee down from the rocks, and will make thee a burnt mountain.
Jer	51	26	וְלֹא־יִקְחוּ מִמְּךָ אֶבֶן לְפִנָּה וְאֶבֶן לְמוֹסָדוֹת כִּי־שִׁמְמוֹת עוֹלָם תִּהְיֶה נְאֻם־יְהוָה ׃	διὰ τοῦτο ἀκούσατε λόγον Κυρίου, πᾶς Ἰουδὰ οἱ καθήμενοι ἐν γῇ Αἰγύπτῳ Ἰδοὺ ὠμοσα τῷ ὀνόματί μου τῷ μεγάλῳ, εἶπεν Κύριος, ἐὰν γένηται ἔτι ὄνομά μου ἐν τῷ στόματι παντὸς Ἰούδα εἰπεῖν Ζῇ Κύριος, ἐπὶ πάσῃ γῇ Αἰγύπτῳ.	et non tollent de te lapidem in angulum et lapidem in fundamenta sed perditus in aeternum eris ait Dominus	et non tollent de te lapidem in angulum, et lapidem in fundamenta: sed perditus in ternum eris, ait Dominus.		And they shall not take of thee a stone for a corner, nor a stone for foundations; but thou shalt be desolate for ever, saith the Lord.
Jer	51	27	שְׂאוּ־נֵס בָּאָרֶץ תִּקְעוּ שׁוֹפָר בַּגּוֹיִם קַדְּשׁוּ עָלֶיהָ גּוֹיִם הַשְׁמִיעוּ עָלֶיהָ מַמְלְכוֹת אֲרָרַט מִנִּי וְאַשְׁכְּנָז פִּקְדוּ עָלֶיהָ טִפְסָר הַעֲלוּ־סוּס כְּיֶלֶק סָמָר ׃	ὅτι ἐγὼ ἐγρήγορα ἐπʼ αὐτοὺς τοῦ κακῶσαι αὐτοὺς καὶ οὐκ ἀγαθῶσαι, καὶ ἐκλείψουσιν πᾶς Ἰουδὰ οἱ κατοικοῦντες ἐν γῇ Αἰγύπτῳ ἐν όομφαίᾳ καὶ ἐν λιμῷ, ἐὰν ἐκλίπωσιν.	levate signum in terra clangite bucina in gentibus sanctificate super eam gentes adnuntiate contra illam regibus Ararat Menni et Aschenez numerate contra eam Thapsar adducite equum quasi bruchum aculeatum	Levate signum in terra, clangite buccina in gentibus, sanctificate super eam gentes, annuntiate contra illam regibus Ararat, Menni, et Ascenez: numerate contra eam Taphsar, adducite equum quasi bruchum aculeatum.		Set ye up a standard in the land, blow the trumpet among the nations, prepare the nations against her, call together against her the kingdoms of Ararat, Minni, and Ashchenaz; appoint a captain against her; cause the horses to come up as the rough caterpillers.
Jer	51	28	קַדְּשׁוּ עָלֶיהָ גוֹיִם אֶת־מַלְכֵי מָדַי אֶת־פַּחוֹתֶיהָ וְאֶת־כָּל־סְגָנֶיהָ וְאֵת כָּל־אֶרֶץ מֶמְשַׁלְתּוֹ ׃	καὶ οἱ σεσαοσμένοι ἀπὸ όομφαίας ἐπιστρέψουσιν εἰς γῆν Ἰούδα ὀλίγοι ἀριθμῷ, καὶ γνώσονται οἱ κατάλοιποι Ἰούδα οἱ καταστάντες ἐν γῇ Αἰγύπτῳ κατοικῆσαι ἐκεῖ, λόγος τίνος ἐνμένει.	sanctificate contra eam gentes reges Mediae duces eius et universos magistratus eius cunctamque terram potestatis eius	Sanctificate contra eam gentes, reges Medi, duces ejus, et universos magistratus ejus, cunctamque terram potestatis ejus.		Prepare against her the nations with the kings of the Medes, the captains thereof, and all the rulers thereof, and all the land of his dominion.
Jer	51	29	וַתִּרְעַשׁ הָאָרֶץ וַתָּחֹל כִּי קָמָה עַל־בָּבֶל מַחְשְׁבוֹת יְהוָה לָשׂוּם אֶת־אֶרֶץ בָּבֶל לְשַׁמָּה מֵאֵין יוֹשֵׁב ׃	καὶ τοῦτο ὑμῖν τὸ σημεῖον ὅτι ἐπισκέψομαι ἐγὼ ἐφʼ ὑμᾶς εἰς πονηρά·	et commovebitur terra et turbabitur quia evigilavit contra Babylonem cogitatio Domini ut ponat terram Babylonis desertam et inhabitabilem	Et commovebitur terra et conturbabitur, quia evigilabit contra Babylonem cogitatio Domini, ut ponat terram Babylonis desertam et inhabitabilem.		And the land shall tremble and sorrow: for every purpose of the Lord shall be performed against Babylon, to make the land of Babylon a desolation without an inhabitant.
Jer	51	30	חָדְלוּ גִבּוֹרֵי בָבֶל לְהִלָּחֵם יָשְׁבוּ בַּמְּצָדוֹת נָשְׁתָה גְבוּרָתָם הָיוּ לְנָשִׁים הִצִּיתוּ מִשְׁכְּנֹתֶיהָ נִשְׁבְּרוּ בְרִיחֶיהָ ׃	οὕτως εἰπὲν Κύριος Ἰδοὺ ἐγὼ δίδωμι τὸν Οὑαφρὴ βασιλέα Αἰγύπτου εἰς χεῖρας ἐχθροῦ αὐτοῦ καὶ εἰς χεῖρας ζητούντων τὴν ψυχὴν αὐτοῦ, καθὰ ἔδωκα τὸν Σεδεκίαν βασιλέα Ἰούδα εἰς χεῖρας Ναβουχοδονοσὸρ βασιλέως Βαβυλῶνος ἐχθροῦ αὐτοῦ καὶ ζητοῦντος τὴν ψυχὴν αὐτοῦ.	cessaverunt fortes Babylonis a proelio habitaverunt in praesidiis devoratum est robur eorum et facti sunt quasi mulieres incensa sunt tabernacula eius contriti sunt vectes eius	Cessaverunt fortes Babylonis a prlio, habitaverunt in prsidiis: devoratum est robur eorum, et facti sunt quasi mulieres: incensa sunt tabernacula ejus, contriti sunt vectes ejus.		The mighty men of Babylon have forborn to fight, they have remained in their holds: their might hath failed; they became as women: they have burned her dwellingplaces; her bars are broken.
Jer	51	31	רָץ לִקְרַאת־רָץ יָרוּץ וּמַגִּיד לִקְרַאת מַגִּיד לְהַגִּיד לְמֶלֶךְ בָּבֶל כִּי־נִלְכְּדָה עִירוֹ מִקָּצֶה ׃	Ὁ λγγος δν ἐλάλησεν Ἱερεμίας ὁ προφήτης πρὸς Βαροὐχ υἱὸν Νηρίου, ὅτε ἔγραφεν τοὺς λθγους τούτους ἐν τῷ βιβλίῳ ἀπὸ στόματος Ἰερεμίου, ἐν τῷ ἐνιαυτῷ τῷ τετάρτῳ Ἰωακεὶμ υἱῷ Ἰωσίᾳ βασιλέως Ἰοόδα.	currens obviam currenti veniet et nuntius obvius nuntianti ut adnuntiet regi Babylonis quia capta est civitas eius a summo usque ad summum	Currens obviam currenti veniet, et nuntius obvius nuntianti, ut annuntiet regi Babylonis quia capta est civitas ejus a summo usque ad summum.		One post shall run to meet another, and one messenger to meet another, to shew the king of Babylon that his city is taken at one end,
Jer	51	32	וְהַמַּעְבָּרוֹת נִתְפָּשׂוּ וְאֶת־הָאֲגַמִּים שָׂרְפוּ בָאֵשׁ וְאַנְשֵׁי הַמִּלְחָמָה נִבְהָלוּ ׃ ס	Οὅτως εἶπεν Κύριος ἐπὶ σοί, Βαρούχ.	et vada praeoccupata sunt et paludes incensae sunt igni et viri bellatores conturbati sunt	Et vada proccupata sunt, et paludes incens sunt igni, et viri bellatores conturbati sunt.		And that the passages are stopped, and the reeds they have burned with fire, and the men of war are affrighted.
Jer	51	33	כִּי כֹה אָמַר יְהוָה צְבָאוֹת אֱלֹהֵי יִשְׂרָאֵל בַּת־בָּבֶל כְּגֹרֶן עֵת הִדְרִיכָהּ עוֹד מְעַט וּבָאָה עֵת־הַקָּצִיר לָהּ ׃	ὅτι εἶπας Οἶμοι ομιοι, ὅτι προσέθηκεν Κύριος κόπον ἐπὶ πόνον μοι, ἐκοιμήθην ἐν στεναγμοῖς, ἀνάπαυσιν οὐχ εὗρον·	quia haec dicit Dominus exercituum Deus Israhel filia Babylon quasi area tempus triturae eius adhuc modicum et veniet tempus messionis eius	Quia hc dicit Dominus exercituum, Deus Isral: Filia Babylonis quasi area, tempus tritur ejus: adhuc modicum, et veniet tempus messionis ejus.		For thus saith the Lord of hosts, the God of Israel; The daughter of Babylon is like a threshingfloor, it is time to thresh her: yet a little while, and the time of her harvest shall come.
Jer	51	34	אֲכָלַנִו הֲמָמַנִו נְבוּכַדְרֶאצַּר מֶלֶךְ בָּבֶל הִצִּיגַנִו כְּלִי רִיק בְּלָעַנִו כַּתַּנִּין מִלָּא כְרֵשׂוֹ מֵעֲדָנָי הֱדִיחָנִו ׃	εἰπὸν αὐτῷ Οὕτως εἶπεν Κύριος δοῦ οΟς ἐγὼ ἀκοδόμησα, ἐγὼ καθαιρῶ· καὶ οὓς ἐγὼ ἐφύτευσα, ἐγὼ ἐκτίλλω.	comedit me devoravit me Nabuchodonosor rex Babylonis reddidit me quasi vas inane absorbuit me sicut draco replevit ventrem suum teneritudine mea et eiecit me	Comedit me, devoravit me Nabuchodonosor rex Babylonis: reddidit me quasi vas inane: absorbuit me quasi draco, replevit ventrem suum teneritudine mea, et ejecit me.		Nebuchadrezzar the king of Babylon hath devoured me, he hath crushed me, he hath made me an empty vessel, he hath swallowed me up like a dragon, he hath filled his belly with my delicates, he hath cast me out.
Jer	51	35	חֲמָסִי וּשְׁאֵרִי עַל־בָּבֶל תֹּאמַר יֹשֶׁבֶת צִיּוֹן וְדָמִי אֶל־יֹשְׁבֵי כַשְׂדִּים תֹּאמַר יְרוּשָׁלִָם ׃ ס	καὶ σὺ ζητήσεις σεαυτῷ μεγάλα μὴ ζητήσῃς, ὅτι ἰδοὺ ἐγὼ ἐπάγω κακὰ ἐπὶ πᾶσαν σάρκα, λέγει Κύριος, καὶ δώσω τὴν ψυχήν σου εἰς εὕρεμα ἐν παντὶ τόπῳ οὗ ἐὰν βαδίσῃς ἐκεῖ.	iniquitas adversum me et caro mea super Babylonem dicit habitatio Sion et sanguis meus super habitatores Chaldeae dicit Hierusalem	Iniquitas adversum me et caro mea super Babylonem, dicit habitatio Sion: et sanguis meus super habitatores Chald, dicit Jerusalem.		The violence done to me and to my flesh be upon Babylon, shall the inhabitant of Zion say; and my blood upon the inhabitants of Chaldea, shall Jerusalem say.
Jer	51	36	לָכֵן כֹּה אָמַר יְהוָה הִנְנִי־רָב אֶת־רִיבֵךְ וְנִקַּמְתִּי אֶת־נִקְמָתֵךְ וְהַחֲרַבְתִּי אֶת־יַמָּהּ וְהֹבַשְׁתִּי אֶת־מְקוֹרָהּ ׃		propterea haec dicit Dominus ecce ego iudicabo causam tuam et ulciscar ultionem tuam et desertum faciam mare eius et siccabo venam eius	Propterea hc dicit Dominus: Ecce ego judicabo causam tuam, et ulciscar ultionem tuam: et desertum faciam mare ejus, et siccabo venam ejus.		Therefore thus saith the Lord; Behold, I will plead thy cause, and take vengeance for thee; and I will dry up her sea, and make her springs dry.
Jer	51	37	וְהָיְתָה בָבֶל לְגַלִּים מְעוֹן־תַּנִּים שַׁמָּה וּשְׁרֵקָה מֵאֵין יוֹשֵׁב ׃		et erit Babylon in tumulos habitatio draconum stupor et sibilus eo quod non sit habitator	Et erit Babylon in tumulos, habitatio draconum, stupor et sibilus, eo quod non sit habitator.		And Babylon shall become heaps, a dwellingplace for dragons, an astonishment, and an hissing, without an inhabitant.
Jer	51	38	יַחְדָּו כַּכְּפִרִים יִשְׁאָגוּ נָעֲרוּ כְּגוֹרֵי אֲרָיוֹת ׃		simul ut leones rugient excutient comas velut catuli leonum	Simul ut leones rugient, excutient comas veluti catuli leonum.		They shall roar together like lions: they shall yell as lions' whelps.
Jer	51	39	בְּחֻמָּם אָשִׁית אֶת־מִשְׁתֵּיהֶם וְהִשְׁכַּרְתִּים לְמַעַן יַעֲלֹזוּ וְיָשְׁנוּ שְׁנַת־עוֹלָם וְלֹא יָקִיצוּ נְאֻם יְהוָה ׃		in calore eorum ponam potus eorum et inebriabo eos ut sopiantur et dormiant somnum sempiternum et non consurgant dicit Dominus	In calore eorum ponam potus eorum, et inebriabo eos, ut sopiantur, et dormiant somnum sempiternum, et non consurgant, dicit Dominus.		In their heat I will make their feasts, and I will make them drunken, that they may rejoice, and sleep a perpetual sleep, and not wake, saith the Lord.
Jer	51	40	אוֹרִידֵם כְּכָרִים לִטְבוֹחַ כְּאֵילִים עִם־עַתּוּדִים ׃		deducam eos quasi agnos ad victimam quasi arietes cum hedis	Deducam eos quasi agnos ad victimam, et quasi arietes cum hdis.		I will bring them down like lambs to the slaughter, like rams with he goats.
Jer	51	41	אֵיךְ נִלְכְּדָה שֵׁשַׁךְ וַתִּתָּפֵשׂ תְּהִלַּת כָּל־הָאָרֶץ אֵיךְ הָיְתָה לְשַׁמָּה בָּבֶל בַּגּוֹיִם ׃		quomodo capta est Sesach et conprehensa est inclita universae terrae quomodo facta est in stuporem Babylon inter gentes	Quomodo capta est Sesach, et comprehensa est inclyta univers terr! quomodo facta est in stuporem Babylon inter gentes!		How is Sheshach taken! and how is the praise of the whole earth surprised! how is Babylon become an astonishment among the nations!
Jer	51	42	עָלָה עַל־בָּבֶל הַיָּם בַּהֲמוֹן גַּלָּיו נִכְסָתָה ׃		ascendit super Babylonem mare multitudine fluctuum eius operta est	Ascendit super Babylonem mare, multitudine fluctuum ejus operta est.		The sea is come up upon Babylon: she is covered with the multitude of the waves thereof.
Jer	51	43	הָיוּ עָרֶיהָ לְשַׁמָּה אֶרֶץ צִיָּה וַעֲרָבָה אֶרֶץ לֹא־יֵשֵׁב בָּהֵן כָּל־אִישׁ וְלֹא־יַעֲבֹר בָּהֵן בֶּן־אָדָם ׃		factae sunt civitates eius in stuporem terra inhabitabilis et deserta terra in qua nullus habitet nec transeat per eam filius hominis	Fact sunt civitates ejus in stuporem, terra inhabitabilis et deserta, terra in qua nullus habitet, nec transeat per eam filius hominis.		Her cities are a desolation, a dry land, and a wilderness, a land wherein no man dwelleth, neither doth any son of man pass thereby.
Jer	51	44	וּפָקַדְתִּי עַל־בֵּל בְּבָבֶל וְהֹצֵאתִי אֶת־בִּלְעוֹ מִפִּיו וְלֹא־יִנְהֲרוּ אֵלָיו עוֹד גּוֹיִם גַּם־חוֹמַת בָּבֶל נָפָלָה ׃		et visitabo super Bel in Babylone et eiciam quod absorbuerat de ore eius et non confluent ad eum ultra gentes siquidem et murus Babylonis corruit	Et visitabo super Bel in Babylone, et ejiciam quod absorbuerat de ore ejus: et non confluent ad eum ultra gentes, siquidem et murus Babylonis corruet.		And I will punish Bel in Babylon, and I will bring forth out of his mouth that which he hath swallowed up: and the nations shall not flow together any more unto him: yea, the wall of Babylon shall fall.
Jer	51	45	צְאוּ מִתּוֹכָהּ עַמִּי וּמַלְּטוּ אִישׁ אֶת־נַפְשׁוֹ מֵחֲרוֹן אַף־יְהוָה ׃		egredimini de medio eius populus meus ut salvet unusquisque animam suam ab ira furoris Domini	Egredimini de medio ejus, populus meus, ut salvet unusquisque animam suam ab ira furoris Domini,		My people, go ye out of the midst of her, and deliver ye every man his soul from the fierce anger of the Lord.
Jer	51	46	וּפֶן־יֵרַךְ לְבַבְכֶם וְתִירְאוּ בַּשְּׁמוּעָה הַנִּשְׁמַעַת בָּאָרֶץ וּבָא בַשָּׁנָה הַשְּׁמוּעָה וְאַחֲרָיו בַּשָּׁנָה הַשְּׁמוּעָה וְחָמָס בָּאָרֶץ וּמֹשֵׁל עַל־מֹשֵׁל ׃		et ne forte mollescat cor vestrum et timeatis auditum qui audietur in terra et veniet in anno auditio et post hunc annum auditio et iniquitas in terra et dominator super dominatorem	et ne forte mollescat cor vestrum, et timeatis auditum qui audietur in terra: et veniet in anno auditio, et post hunc annum auditio, et iniquitas in terra, et dominator super dominatorem.		And lest your heart faint, and ye fear for the rumour that shall be heard in the land; a rumour shall both come one year, and after that in another year shall come a rumour, and violence in the land, ruler against ruler.
Jer	51	47	לָכֵן הִנֵּה יָמִים בָּאִים וּפָקַדְתִּי עַל־פְּסִילֵי בָבֶל וְכָל־אַרְצָהּ תֵּבוֹשׁ וְכָל־חֲלָלֶיהָ יִפְּלוּ בְתוֹכָהּ ׃		propterea ecce dies veniunt et visitabo super sculptilia Babylonis et omnis terra eius confundetur et universi interfecti eius cadent in medio eius	Propterea ecce dies veniunt, et visitabo super sculptilia Babylonis, et omnis terra ejus confundetur, et universi interfecti ejus cadent in medio ejus.		Therefore, behold, the days come, that I will do judgment upon the graven images of Babylon: and her whole land shall be confounded, and all her slain shall fall in the midst of her.
Jer	51	48	וְרִנְּנוּ עַל־בָּבֶל שָׁמַיִם וָאָרֶץ וְכֹל אֲשֶׁר בָּהֶם כִּי מִצָּפוֹן יָבוֹא־לָהּ הַשּׁוֹדְדִים נְאֻם־יְהוָה ׃		et laudabunt super Babylonem caeli et terra et omnia quae in eis sunt quia ab aquilone venient ei praedones ait Dominus	Et laudabunt super Babylonem cli et terra, et omnia qu in eis sunt, quia ab aquilone venient ei prdones, ait Dominus.		Then the heaven and the earth, and all that is therein, shall sing for Babylon: for the spoilers shall come unto her from the north, saith the Lord.
Jer	51	49	גַּם־בָּבֶל לִנְפֹּל חַלְלֵי יִשְׂרָאֵל גַּם־לְבָבֶל נָפְלוּ חַלְלֵי כָל־הָאָרֶץ ׃		et quomodo fecit Babylon ut caderent occisi in Israhel sic de Babylone cadent occisi in universa terra	Et quomodo fecit Babylon, ut caderent occisi in Isral, sic de Babylone cadent occisi in universa terra.		As Babylon hath caused the slain of Israel to fall, so at Babylon shall fall the slain of all the earth.
Jer	51	50	פְּלֵטִים מֵחֶרֶב הִלְכוּ אַל־תַּעֲמֹדוּ זִכְרוּ מֵרָחוֹק אֶת־יְהוָה וִירוּשָׁלִַם תַּעֲלֶה עַל־לְבַבְכֶם ׃		qui fugistis gladium venite nolite stare recordamini procul Domini et Hierusalem ascendat super cor vestrum	Qui fugistis gladium, venite, nolite stare: recordamini procul Domini, et Jerusalem ascendat super cor vestrum.		Ye that have escaped the sword, go away, stand not still: remember the Lord afar off, and let Jerusalem come into your mind.
Jer	51	51	בֹּשְׁנוּ כִּי־שָׁמַעְנוּ חֶרְפָּה כִּסְּתָה כְלִמָּה פָּנֵינוּ כִּי בָּאוּ זָרִים עַל־מִקְדְּשֵׁי בֵּית יְהוָה ׃ ס		confusi sumus quoniam audivimus obprobrium operuit ignominia facies nostras quia venerunt alieni super sanctificationem domus Domini	Confusi sumus, quoniam audivimus opprobrium: operuit ignominia facies nostras, quia venerunt alieni super sanctificationem domus Domini.		We are confounded, because we have heard reproach: shame hath covered our faces: for strangers are come into the sanctuaries of the Lord's house.
Jer	51	52	לָכֵן הִנֵּה־יָמִים בָּאִים נְאֻם־יְהוָה וּפָקַדְתִּי עַל־פְּסִילֶיהָ וּבְכָל־אַרְצָהּ יֶאֱנֹק חָלָל ׃		propterea ecce dies veniunt ait Dominus et visitabo super sculptilia eius et in omni terra eius mugiet vulneratus	Propterea ecce dies veniunt, ait Dominus, et visitabo super sculptilia ejus, et in omni terra ejus mugiet vulneratus.		Wherefore, behold, the days come, saith the Lord, that I will do judgment upon her graven images: and through all her land the wounded shall groan.
Jer	51	53	כִּי־תַעֲלֶה בָבֶל הַשָּׁמַיִם וְכִי תְבַצֵּר מְרוֹם עֻזָּהּ מֵאִתִּי יָבֹאוּ שֹׁדְדִים לָהּ נְאֻם־יְהוָה ׃ ס		si ascenderit Babylon in caelum et firmaverit in excelso robur suum a me venient vastatores eius ait Dominus	Si ascenderit Babylon in clum, et firmaverit in excelso robur suum, a me venient vastatores ejus, ait Dominus.		Though Babylon should mount up to heaven, and though she should fortify the height of her strength, yet from me shall spoilers come unto her, saith the Lord.
Jer	51	54	קוֹל זְעָקָה מִבָּבֶל וְשֶׁבֶר גָּדוֹל מֵאֶרֶץ כַּשְׂדִּים ׃		vox clamoris de Babylone et contritio magna de terra Chaldeorum	Vox clamoris de Babylone, et contritio magna de terra Chaldorum:		A sound of a cry cometh from Babylon, and great destruction from the land of the Chaldeans:
Jer	51	55	כִּי־שֹׁדֵד יְהוָה אֶת־בָּבֶל וְאִבַּד מִמֶּנָּה קוֹל גָּדוֹל וְהָמוּ גַלֵּיהֶם כְּמַיִם רַבִּים נִתַּן שְׁאוֹן קוֹלָם ׃		quoniam vastavit Dominus Babylonem et perdidit ex ea vocem magnam et sonabunt fluctus eorum quasi aquae multae dedit sonitum vox eorum	quoniam vastavit Dominus Babylonem, et perdidit ex ea vocem magnam: et sonabunt fluctus eorum quasi aqu mult, dedit sonitum vox eorum,		Because the Lord hath spoiled Babylon, and destroyed out of her the great voice; when her waves do roar like great waters, a noise of their voice is uttered:
Jer	51	56	כִּי בָא עָלֶיהָ עַל־בָּבֶל שׁוֹדֵד וְנִלְכְּדוּ גִּבּוֹרֶיהָ חִתְּתָה קַשְּׁתוֹתָם כִּי אֵל גְּמֻלוֹת יְהוָה שַׁלֵּם יְשַׁלֵּם ׃		quia venit super eam id est super Babylonem praedo et adprehensi sunt fortes eius et emarcuit arcus eorum quia fortis ultor Dominus reddens retribuet	quia venit super eam, id est super Babylonem, prdo, et apprehensi sunt fortes ejus, et emarcuit arcus eorum, quia fortis ultor Dominus reddens retribuet.		Because the spoiler is come upon her, even upon Babylon, and her mighty men are taken, every one of their bows is broken: for the Lord God of recompences shall surely requite.
Jer	51	57	וְהִשְׁכַּרְתִּי שָׂרֶיהָ וַחֲכָמֶיהָ פַּחוֹתֶיהָ וּסְגָנֶיהָ וְגִבּוֹרֶיהָ וְיָשְׁנוּ שְׁנַת־עוֹלָם וְלֹא יָקִיצוּ נְאֻם־הַמֶּלֶךְ יְהוָה צְבָאוֹת שְׁמוֹ ׃ ס		et inebriabo principes eius et sapientes eius duces eius et magistratus eius et fortes eius et dormient somnum sempiternum et non expergiscentur ait Rex Dominus exercituum nomen eius	Et inebriabo principes ejus, et sapientes ejus, et duces ejus, et magistratus ejus, et fortes ejus: et dormient somnum sempiternum, et non expergiscentur, ait rex (Dominus exercituum nomen ejus).		And I will make drunk her princes, and her wise men, her captains, and her rulers, and her mighty men: and they shall sleep a perpetual sleep, and not wake, saith the King, whose name is the Lord of hosts.
Jer	51	58	כֹּה־אָמַר יְהוָה צְבָאוֹת חֹמוֹת בָּבֶל הָרְחָבָה עַרְעֵר תִּתְעַרְעָר וּשְׁעָרֶיהָ הַגְּבֹהִים בָּאֵשׁ יִצַּתּוּ וְיִגְעוּ עַמִּים בְּדֵי־רִיק וּלְאֻמִּים בְּדֵי־אֵשׁ וְיָעֵפוּ ׃ ס		haec dicit Dominus exercituum murus Babylonis ille latissimus suffossione suffodietur et portae eius excelsae igni conburentur et labores populorum ad nihilum et gentium in igne erunt et disperibunt	Hc dicit Dominus exercituum: Murus Babylonis ille latissimus suffossione suffodietur, et port ejus excels igni comburentur, et labores populorum ad nihilum, et gentium in ignem erunt, et disperibunt.]		Thus saith the Lord of hosts; The broad walls of Babylon shall be utterly broken, and her high gates shall be burned with fire; and the people shall labour in vain, and the folk in the fire, and they shall be weary.
Jer	51	59	הַדָּבָר אֲשֶׁר־צִוָּה יִרְמְיָהוּ הַנָּבִיא אֶת־שְׂרָיָה בֶן־נֵרִיָּה בֶּן־מַחְסֵיָה בְּלֶכְתּוֹ אֶת־צִדְקִיָּהוּ מֶלֶךְ־יְהוּדָה בָּבֶל בִּשְׁנַת הָרְבִעִית לְמָלְכוֹ וּשְׂרָיָה שַׂר מְנוּחָה ׃		verbum quod praecepit Hieremias prophetes Saraiae filio Neriae filii Maasiae cum pergeret cum Sedecia rege in Babylonem in anno quarto regni eius Saraias autem erat princeps prophetiae	Verbum quod prcepit Jeremias propheta Sarai filio Neri filii Maasi, cum pergeret cum Sedecia rege in Babylonem, in anno quarto regni ejus: Saraias autem erat princeps propheti.		The word which Jeremiah the prophet commanded Seraiah the son of Neriah, the son of Maaseiah, when he went with Zedekiah the king of Judah into Babylon in the fourth year of his reign. And this Seraiah was a quiet prince.
Jer	51	60	וַיִּכְתֹּב יִרְמְיָהוּ אֵת כָּל־הָרָעָה אֲשֶׁר־תָּבוֹא אֶל־בָּבֶל אֶל־סֵפֶר אֶחָד אֵת כָּל־הַדְּבָרִים הָאֵלֶּה הַכְּתֻבִים אֶל־בָּבֶל ׃		et scripsit Hieremias omne malum quod venturum erat super Babylonem in libro uno omnia verba haec quae scripta sunt contra Babylonem	Et scripsit Jeremias omne malum, quod venturum erat super Babylonem, in libro uno, omnia verba hc qu scripta sunt contra Babylonem.		So Jeremiah wrote in a book all the evil that should come upon Babylon, even all these words that are written against Babylon.
Jer	51	61	וַיֹּאמֶר יִרְמְיָהוּ אֶל־שְׂרָיָה כְּבֹאֲךָ בָבֶל וְרָאִיתָ וְקָרָאתָ אֵת כָּל־הַדְּבָרִים הָאֵלֶּה ׃		et dixit Hieremias ad Saraiam cum veneris Babylonem et videris et legeris omnia verba haec	Et dixit Jeremias ad Saraiam: Cum veneris in Babylonem, et videris, et legeris omnia verba hc,		And Jeremiah said to Seraiah, When thou comest to Babylon, and shalt see, and shalt read all these words;
Jer	51	62	וְאָמַרְתָּ יְהוָה אַתָּה דִבַּרְתָּ אֶל־הַמָּקוֹם הַזֶּה לְהַכְרִיתוֹ לְבִלְתִּי הֱיוֹת־בּוֹ יוֹשֵׁב לְמֵאָדָם וְעַד־בְּהֵמָה כִּי־שִׁמְמוֹת עוֹלָם תִּהְיֶה ׃		dices Domine tu locutus es contra locum istum ut disperderes eum ne sit qui in eo habitet ab homine usque ad pecus et ut sit perpetua solitudo	dices: Domine, tu locutus es contra locum istum, ut disperderes eum, ne sit qui in eo habitet, ab homine usque ad pecus, et ut sit perpetua solitudo.		Then shalt thou say, O Lord, thou hast spoken against this place, to cut it off, that none shall remain in it, neither man nor beast, but that it shall be desolate for ever.
Jer	51	63	וְהָיָה כְּכַלֹּתְךָ לִקְרֹא אֶת־הַסֵּפֶר הַזֶּה תִּקְשֹׁר עָלָיו אֶבֶן וְהִשְׁלַכְתּוֹ אֶל־תּוֹךְ פְּרָת ׃		cumque conpleveris legere librum istum ligabis ad eum lapidem et proicies illum in medio Eufraten	Cumque compleveris legere librum istum, ligabis ad eum lapidem, et projicies illum in medium Euphraten,		And it shall be, when thou hast made an end of reading this book, that thou shalt bind a stone to it, and cast it into the midst of Euphrates:
Jer	51	64	וְאָמַרְתָּ כָּכָה תִּשְׁקַע בָּבֶל וְלֹא־תָקוּם מִפְּנֵי הָרָעָה אֲשֶׁר אָנֹכִי מֵבִיא עָלֶיהָ וְיָעֵפוּ עַד־הֵנָּה דִּבְרֵי יִרְמְיָהוּ ׃ ס		et dices sic submergetur Babylon et non consurget a facie adflictionis quam ego adduco super eam et dissolventur hucusque verba Hieremiae	et dices: Sic submergetur Babylon, et non consurget a facie afflictionis quam ego adduco super eam, et dissolvetur. Hucusque verba Jeremi.		And thou shalt say, Thus shall Babylon sink, and shall not rise from the evil that I will bring upon her: and they shall be weary. Thus far are the words of Jeremiah.
Jer	52	1	בֶּן־עֶשְׂרִים וְאַחַת שָׁנָה צִדְקִיָּהוּ בְמָלְכוֹ וְאַחַת עֶשְׂרֵה שָׁנָה מָלַךְ בִּירוּשָׁלָםִ וְשֵׁם אִמּוֹ חֲמִיטַל בַּת־יִרְמְיָהוּ מִלִּבְנָה ׃	Ὄωτος εἰκοστοῦ καὶ ἑνὸς ἔτους Σεδεκίου ἐν τῷ βασιλεύειν αὐτόν, καὶ ἕνδεκα ἔτη ἐβασίλευσεν ἐν Ἰερουσαλήμ· καὶ ὄνομα τῇ μητρὶ αὐτοῦ Ἀμειταὰλ θυγάτηρ Ἰερεμίου ἐκ Λοβενά.	filius viginti et unius anni Sedecias cum regnare coepisset et undecim annis regnavit in Hierusalem et nomen matris eius Amithal filia Hieremiae de Lobna	Filius viginti et unius anni erat Sedecias cum regnare cpisset, et undecim annis regnavit in Jerusalem. Et nomen matris ejus Amital, filia Jeremi, de Lobna.		Zedekiah was one and twenty years old when he began to reign, and he reigned eleven years in Jerusalem. And his mother's name was Hamutal the daughter of Jeremiah of Libnah.
Jer	52	2	וַיַּעַשׂ הָרַע בְּעֵינֵי יְהוָה כְּכֹל אֲשֶׁר־עָשָׂה יְהוֹיָקִים ׃		et fecit malum in oculis Domini iuxta omnia quae fecerat Ioachim	Et fecit malum in oculis Domini, juxta omnia qu fecerat Joakim,		And he did that which was evil in the eyes of the Lord, according to all that Jehoiakim had done.
Jer	52	3	כִּי עַל־אַף יְהוָה הָיְתָה בִּירוּשָׁלַםִ וִיהוּדָה עַד־הִשְׁלִיכוֹ אוֹתָם מֵעַל פָּנָיו וַיִּמְרֹד צִדְקִיָּהוּ בְּמֶלֶךְ בָּבֶל ׃		quoniam furor Domini erat in Hierusalem et in Iuda usquequo proiceret eos a facie sua et recessit Sedecias a rege Babylonis	quoniam furor Domini erat in Jerusalem et in Juda, usquequo projiceret eos a facie sua: et recessit Sedecias a rege Babylonis.		For through the anger of the Lord it came to pass in Jerusalem and Judah, till he had cast them out from his presence, that Zedekiah rebelled against the king of Babylon.
Jer	52	4	וַיְהִי בַשָּׁנָה הַתְּשִׁעִית לְמָלְכוֹ בַּחֹדֶשׁ הָעֲשִׂירִי בֶּעָשׂוֹר לַחֹדֶשׁ בָּא נְבוּכַדְרֶאצַּר מֶלֶךְ־בָּבֶל הוּא וְכָל־חֵילוֹ עַל־יְרוּשָׁלִַם וַיַּחֲנוּ עָלֶיהָ וַיִּבְנוּ עָלֶיהָ דָּיֵק סָבִיב ׃	καὶ ἐγένετο τῷ ἔτει τῷ ἐνάτῳ τῆς βασιλείας αὐτοῦ ἐν μηνὶ τῷ ἐνάτῳ δεκάτη τοῦ μηνὸς ἦλθεν Ναβουχοδονοσὸρ βασιλεὺς Βαβυλῶνος καὶ πᾶσα ἡ δύναμις αὐτοῦ ἐπὶ Ἰερουσαλήμ, καὶ περιεχαράκωσαν αὐτὴν καὶ περιῳκοδόμησαν αὐτὴν τετραπόδοις κύκλῳ.	factum est autem in anno nono regni eius in mense decimo decima mensis venit Nabuchodonosor rex Babylonis ipse et omnis exercitus eius adversum Hierusalem et obsederunt eam et aedificaverunt contra eam munitiones in circuitu	Factum est autem in anno nono regni ejus, in mense decimo, decima mensis, venit Nabuchodonosor rex Babylonis, ipse et omnis exercitus ejus, adversus Jerusalem: et obsederunt eam, et dificaverunt contra eam munitiones in circuitu.		And it came to pass in the ninth year of his reign, in the tenth month, in the tenth day of the month, that Nebuchadrezzar king of Babylon came, he and all his army, against Jerusalem, and pitched against it, and built forts against it round about.
Jer	52	5	וַתָּבֹא הָעִיר בַּמָּצוֹר עַד עַשְׁתֵּי עֶשְׂרֵה שָׁנָה לַמֶּלֶךְ צִדְקִיָּהוּ ׃	καὶ ἦλθεν ἡ πόλις εἰς συνοχὴν ἕως ἑνδεκάτου ἔτους τῷ βασιλεῖ Σεδεκίs	et fuit civitas obsessa usque ad undecimum annum regis Sedeciae	Et fuit civitas obsessa usque ad undecimum annum regis Sedeci.		So the city was besieged unto the eleventh year of king Zedekiah.
Jer	52	6	בַּחֹדֶשׁ הָרְבִיעִי בְּתִשְׁעָה לַחֹדֶשׁ וַיֶּחֱזַק הָרָעָב בָּעִיר וְלֹא־הָיָה לֶחֶם לְעַם הָאָרֶץ ׃	ἐν τῇ ἐνάτῃ τοῦ μηνός, καὶ ἐστερεώθη ὁ λιμὸς ἐν τῇ πόλει, καὶ οὐκ ἦσαν ἄρτοι τῷ λαῷ τῆς γῆς.	mense autem quarto nona mensis obtinuit fames in civitate et non erant alimenta populo terrae	Mense autem quarto, nona mensis, obtinuit fames civitatem, et non erant alimenta populo terr.		And in the fourth month, in the ninth day of the month, the famine was sore in the city, so that there was no bread for the people of the land.
Jer	52	7	וַתִּבָּקַע הָעִיר וְכָל־אַנְשֵׁי הַמִּלְחָמָה יִבְרְחוּ וַיֵּצְאוּ מֵהָעִיר לַיְלָה דֶּרֶךְ שַׁעַר בֵּין־הַחֹמֹתַיִם אֲשֶׁר עַל־גַּן הַמֶּלֶךְ וְכַשְׂדִּים עַל־הָעִיר סָבִיב וַיֵּלְכוּ דֶּרֶךְ הָעֲרָבָה ׃	καὶ διεκόπη ἡ πόλις, καὶ πάντες οἱ ἄνδρες οἱ πολεμισταὶ ἐξῆλθον νυκτὸς κατὰ τὴν ὁδὸν τῆς πύλης ἀνὰ μέσον τοῦ τείχους καὶ τοῦ προτειχίσματος, ὃ ἣν κατὰ τὸν κῆπον τοῦ βασιλέως, καὶ οἱ λαλδαῖοι ἐπὶ τῆς πόλεως κύκλῳ. καὶ ἐπορεύθησαν ὁδὸν τὴν εἰς ἀραβά,	et disrupta est civitas et omnes viri bellatores fugerunt et exierunt de civitate nocte per viam portae quae est inter duos muros et ducit ad hortum regis Chaldeis obsidentibus urbem in gyro et abierunt per viam quae ducit in heremum	Et dirupta est civitas, et omnes viri bellatores ejus fugerunt, exieruntque de civitate nocte, per viam port qu est inter duos muros, et ducit ad hortum regis, Chaldis obsidentibus urbem in gyro, et abierunt per viam qu ducit in eremum.		Then the city was broken up, and all the men of war fled, and went forth out of the city by night by the way of the gate between the two walls, which was by the king's garden; (now the Chaldeans were by the city round about:) and they went by the way of the plain.
Jer	52	8	וַיִּרְדְּפוּ חֵיל־כַּשְׂדִּים אַחֲרֵי הַמֶּלֶךְ וַיַּשִּׂיגוּ אֶת־צִדְקִיָּהוּ בְּעַרְבֹת יְרֵחוֹ וְכָל־חֵילוֹ נָפֹצוּ מֵעָלָיו ׃	καὶ κατεδίωξεν ἡ δύναμις τῶν Χαλδαίων ὀπίσω τοῦ βασιλέως, καὶ κατέλαβον αὐτὸν ἐν τῷ πέραν Ἰερειχώ, καὶ πάντες οἱ παῖδες αὐτοῦ διέσπαρησαν ἀπʼ αὐτοῦ. ⁹καὶ συνέλαβον τὸν βασιλέα, καὶ ἤγαγον αὐτὸν πρὸς τὸν βασιλέα Βαβυλῶνος εἰς Δεβλάθα· καὶ ἐλάλησεν αὐτῷ μετὰ κρίσεως.	persecutus est autem exercitus Chaldeorum regem et adprehenderunt Sedeciam in deserto quod est iuxta Hiericho et omnis comitatus eius diffugit ab eo	Persecutus est autem Chadorum exercitus regem, et apprehenderunt Sedeciam in deserto quod est juxta Jericho: et omnis comitatus ejus diffugit ab eo.		But the army of the Chaldeans pursued after the king, and overtook Zedekiah in the plains of Jericho; and all his army was scattered from him.
Jer	52	9	וַיִּתְפְּשׂוּ אֶת־הַמֶּלֶךְ וַיַּעֲלוּ אֹתוֹ אֶל־מֶלֶךְ בָּבֶל רִבְלָתָה בְּאֶרֶץ חֲמָת וַיְדַבֵּר אִתּוֹ מִשְׁפָּטִים ׃		cumque conprehendissent regem adduxerunt eum ad regem Babylonis in Reblatha quae est in terra Emath et locutus est ad eum iudicia	Cumque comprehendissent regem, adduxerunt eum ad regem Babylonis in Reblatha, qu est in terra Emath, et locutus est ad eum judicia.		Then they took the king, and carried him up unto the king of Babylon to Riblah in the land of Hamath; where he gave judgment upon him.
Jer	52	10	וַיִּשְׁחַט מֶלֶךְ־בָּבֶל אֶת־בְּנֵי צִדְקִיָּהוּ לְעֵינָיו וְגַם אֶת־כָּל־שָׂרֵי יְהוּדָה שָׁחַט בְּרִבְלָתָה ׃	καὶ ἔσφαξεν βασιλεὺς Βαβυλῶνος τοὺς υἱοὺς Σεδεκίου κατʼ ὀφθαλμοὺς αὐτοῦ, καὶ πάντας τοὺς ἄρχοντας Ἰούδα ἔσφαξεν ἐν Δεβλάθα.	et iugulavit rex Babylonis filios Sedeciae in oculis eius sed et omnes principes Iudae occidit in Reblatha	Et jugulavit rex Babylonis filios Sedeci in oculis ejus, sed et omnes principes Juda occidit in Reblatha.		And the king of Babylon slew the sons of Zedekiah before his eyes: he slew also all the princes of Judah in Riblah.
Jer	52	11	וְאֶת־עֵינֵי צִדְקִיָּהוּ עִוֵּר וַיַּאַסְרֵהוּ בַנְחֻשְׁתַּיִם וַיְבִאֵהוּ מֶלֶךְ־בָּבֶל בָּבֶלָה וַיִּתְּנֵהוּ בבֵית־הַפְּקֻדֹּת עַד־יוֹם מוֹתוֹ ׃	καὶ τοὺς ὀφθαλμοὺς Σεδεκίου ἐξετύφλωσεν καὶ ἔδησεν αὐτὸν ἐν πέδαις καὶ ἤγαγεν αὐτὸν βασιλεὺς Βαβυλῶνος εἰς Βαβυλῶνα, καὶ ἔδωκεν αὐτὸν εἰς οἰκίαν μύλωνος ἕως ἡμέρας ἧς ἀπέθανεν.	et oculos Sedeciae eruit et vinxit eum conpedibus et adduxit eum rex Babylonis in Babylonem et posuit eum in domo carceris usque ad diem mortis eius	Et oculos Sedeci eruit, et vinxit eum compedibus, et adduxit eum rex Babylonis in Babylonem, et posuit eum in domo carceris usque ad diem mortis ejus.		Then he put out the eyes of Zedekiah; and the king of Babylon bound him in chains, and carried him to Babylon, and put him in prison till the day of his death.
Jer	52	12	וּבַחֹדֶשׁ הַחֲמִישִׁי בֶּעָשׂוֹר לַחֹדֶשׁ הִיא שְׁנַת תְּשַׁע־עֶשְׂרֵה שָׁנָה לַמֶּלֶךְ נְבוּכַדְרֶאצַּר מֶלֶךְ־בָּבֶל בָּא נְבוּזַרְאֲדָן רַב־טַבָּחִים עָמַד לִפְנֵי מֶלֶךְ־בָּבֶל בִּירוּשָׁלָםִ ׃	Καὶ ἐν μηνὶ πέμπτῳ δεκάτῃ τοῦ μηνὸς ἥλθεν Ναβουζαρδὰν ὁ ἰρχιμώγειρος ἑστηκὼς κατὰ πρόσωπον τοῦ βασιλέως Βαβυλῶνος εἰς Ἰερουσαλήμ,	in mense autem quinto decima mensis ipse est annus nonusdecimus Nabuchodonosor regis Babylonis venit Nabuzardan princeps militiae qui stabat coram rege Babylonis in Hierusalem	In mense autem quinto, decima mensis, ipse est annus nonusdecimus Nabuchodonosor regis Babylonis, venit Nabuzardan, princeps militi, qui stabat coram rege Babylonis, in Jerusalem,		Now in the fifth month, in the tenth day of the month, which was the nineteenth year of Nebuchadrezzar king of Babylon, came Nebuzaradan, captain of the guard, which served the king of Babylon, into Jerusalem,
Jer	52	13	וַיִּשְׂרֹף אֶת־בֵּית־יְהוָה וְאֶת־בֵּית הַמֶּלֶךְ וְאֵת כָּל־בָּתֵּי יְרוּשָׁלַםִ וְאֶת־כָּל־בֵּית הַגָּדוֹל שָׂרַף בָּאֵשׁ ׃	καὶ ἐνέπρησεν τὸν οἶκον Κυρίου καὶ τὸν οἶκον τοῦ βασιλέως, καὶ πάσας τὰς οἰκίας τῆς πόλεως καὶ πᾶσαν οἰκίαν μεγάλην ἐνέπρησεν ἐν πυρί.	et incendit domum Domini et domum regis et omnes domos Hierusalem et omnem domum magnam igne conbusit	et incendit domum Domini, et domum regis, et omnes domos Jerusalem, et omnem domum magnam igni combussit:		And burned the house of the Lord, and the king's house; and all the houses of Jerusalem, and all the houses of the great men, burned he with fire:
Jer	52	14	וְאֶת־כָּל־חֹמוֹת יְרוּשָׁלַםִ סָבִיב נָתְצוּ כָּל־חֵיל כַּשְׂדִּים אֲשֶׁר אֶת־רַב־טַבָּחִים ׃	καὶ πᾶν τεῖχος Ἰερουσαλὴμ κύκλῳ καθεῖλεν ἡ δύναμις τῶν Χαλδαίων ἡ μετὰ τοῦ ἀρχιμαγείρου	et totum murum Hierusalem per circuitum destruxit cunctus exercitus Chaldeorum qui erat cum magistro militiae	et totum murum Jerusalem per circuitum destruxit cunctus exercitus Chaldorum, qui erat cum magistro militi.		And all the army of the Chaldeans, that were with the captain of the guard, brake down all the walls of Jerusalem round about.
Jer	52	15	וּמִדַּלּוֹת הָעָם וְאֶת־יֶתֶר הָעָם הַנִּשְׁאָרִים בָּעִיר וְאֶת־הַנֹּפְלִים אֲשֶׁר נָפְלוּ אֶל־מֶלֶךְ בָּבֶל וְאֵת יֶתֶר הָאָמוֹן הֶגְלָה נְבוּזַרְאֲדָן רַב־טַבָּחִים ׃		de pauperibus autem populi et de reliquo vulgo quod remanserat in civitate et de perfugis qui transfugerant ad regem Babylonis et ceteros de multitudine transtulit Nabuzardan princeps militiae	De pauperibus autem populi et de reliquo vulgo, quod remanserat in civitate, et de perfugis qui transfugerant ad regem Babylonis, et ceteros de multitudine transtulit Nabuzardan, princeps militi.		Then Nebuzaradan the captain of the guard carried away captive certain of the poor of the people, and the residue of the people that remained in the city, and those that fell away, that fell to the king of Babylon, and the rest of the multitude.
Jer	52	16	וּמִדַּלּוֹת הָאָרֶץ הִשְׁאִיר נְבוּזַרְאֲדָן רַב־טַבָּחִים לְכֹרְמִים וּלְיֹגְבִים ׃	καὶ τοὺς καταλοίπους τοῦ λαοῦ κατέλειπεν ὁ ἀρχιμμγειρος εἰς ἀμπελουργοὺς καὶ εἰς γεαοργούς.	de pauperibus vero terrae reliquit Nabuzardan princeps militiae in vinitores et in agricolas	De pauperibus vero terr reliquit Nabuzardan, princeps militi, vinitores et agricolas.		But Nebuzaradan the captain of the guard left certain of the poor of the land for vinedressers and for husbandmen.
Jer	52	17	וְאֶת־עַמּוּדֵי הַנְּחֹשֶׁת אֲשֶׁר לְבֵית־יְהוָה וְאֶת־הַמְּכֹנוֹת וְאֶת־יָם הַנְּחֹשֶׁת אֲשֶׁר בְּבֵית־יְהוָה שִׁבְּרוּ כַשְׂדִּים וַיִּשְׂאוּ אֶת־כָּל־נְחֻשְׁתָּם בָּבֶלָה ׃	καὶ τοὺς στύλους τοὺς χαλκοῦς τοὺς ἐν οἴκῳ Κυρίου καὶ τὰς βάσεις καὶ τὴν θάλασσαν τὴν χαλκῆν τὴν ἐν οἴκῳ Κυρίου συνέτριψαν οἱ Καλδαῦι, καὶ ἔλαβον τὸν χαλκὸν αὐτῶν καὶ ἀπήνεγκαν εἰς Βαβυλῶνα.	columnas quoque aereas quae erant in domo Domini et bases et mare aereum quod erat in domo Domini confregerunt Chaldei et tulerunt omne aes eorum in Babylonem	Columnas quoque reas qu erant in domo Domini, et bases, et mare neum, quod erat in domo Domini, confregerunt Chaldi, et tulerunt omne s eorum in Babylonem,		Also the pillars of brass that were in the house of the Lord, and the bases, and the brasen sea that was in the house of the Lord, the Chaldeans brake, and carried all the brass of them to Babylon.
Jer	52	18	וְאֶת־הַסִּרוֹת וְאֶת־הַיָּעִים וְאֶת־הַמְזַמְּרוֹת וְאֶת־הַמִּזְרָקֹת וְאֶת־הַכַּפּוֹת וְאֵת כָּל־כְּלֵי הַנְּחֹשֶׁת אֲשֶׁר־יְשָׁרְתוּ בָהֶם לָקָחוּ ׃	καὶ τὴν στεφάνην καὶ τὰς φιάλας καὶ τὰς κρεάγρας καὶ πάντα τὰ σκεύη τὰ χαλκᾶ ἐν οἷς ἐλειτούργουν ἐν αὐτοῖς,	et lebetas et creagras et psalteria et fialas et mortariola et omnia vasa aerea quae in ministerio fuerant tulerunt	et lebetes, et creagras, et psalteria, et phialas, et mortariola, et omnia vasa rea qu in ministerio fuerant, tulerunt:		The caldrons also, and the shovels, and the snuffers, and the bowls, and the spoons, and all the vessels of brass wherewith they ministered, took they away.
Jer	52	19	וְאֶת־הַסִּפִּים וְאֶת־הַמַּחְתּוֹת וְאֶת־הַמִּזְרָקוֹת וְאֶת־הַסִּירוֹת וְאֶת־הַמְּנֹרוֹת וְאֶת־הַכַּפּוֹת וְאֶת־הַמְּנַקִיוֹת אֲשֶׁר זָהָב זָהָב וַאֲשֶׁר־כֶּסֶף כָּסֶף לָקַח רַב־טַבָּחִים ׃	καὶ τὰ σαφφὼθ καὶ τὰ μασμαρὼθ καὶ τοὺς ὑποχυτῆρας καὶ τὰς λυχνίας καὶ τὰς θυίσκας καὶ τοὺς κυάθους, ἃ ἦν χρυσᾶ χρυσᾶ καὶ ἃ ἣν ἀργυρᾶ ἀργυρᾶ, ἔλαβεν ὁ ἀρχιμάγειρυς.	et hydrias et thymiamateria et urceos et pelves et candelabra et mortaria et cyatos quotquot aurea aurea et quotquot argentea argentea tulit magister militiae	et hydrias, et thymiamateria, et urceos, et pelves, et candelabra, et mortaria, et cyathos, quotquot aurea, aurea, et quotquot argentea, argentea, tulit magister militi:		And the basons, and the firepans, and the bowls, and the caldrons, and the candlesticks, and the spoons, and the cups; that which was of gold in gold, and that which was of silver in silver, took the captain of the guard away.
Jer	52	20	הָעַמּוּדִים שְׁנַיִם הַיָּם אֶחָד וְהַבָּקָר שְׁנֵים־עָשָׂר נְחֹשֶׁת אֲשֶׁר־תַּחַת הַמְּכֹנוֹת אֲשֶׁר עָשָׂה הַמֶּלֶךְ שְׁלֹמֹה לְבֵית יְהוָה לֹא־הָיָה מִשְׁקָל לִנְחֻשְׁתָּם כָּל־הַכֵּלִים הָאֵלֶּה ׃	καὶ οἱ στύλοι δύο, καὶ ἡ θάλασσα μία, καὶ οἱ μόσχοι δὼδεκα χαλκοῖ ὑποκάτω τῆς θαλάσσης, ἃ ἐποίησεν ὁ βασιλεὺς Σαλωμὼν εἰς οἶκον Κυρίου· οὐκ ἦν σταθμὸς τοῦ χαλκοῦ αὐτῶν.	columnas duas et mare unum vitulos duodecim aereos qui erant sub basibus quas fecerat rex Salomon in domo Domini non erat pondus aeris omnium vasorum horum	et columnas duas, et mare unum, et vitulos duodecim reos qui erant sub basibus quas fecerat rex Salomon in domo Domini. Non erat pondus ris omnium horum vasorum.		The two pillars, one sea, and twelve brasen bulls that were under the bases, which king Solomon had made in the house of the Lord: the brass of all these vessels was without weight.
Jer	52	21	וְהָעַמּוּדִים שְׁמֹנֶה עֶשְׂרֵה אַמָּה קוֹמָה הָעַמֻּד הָאֶחָד וְחוּט שְׁתֵּים־עֶשְׂרֵה אַמָּה יְסֻבֶּנּוּ וְעָבְיוֹ אַרְבַּע אַצְבָּעוֹת נָבוּב ׃	καὶ οἱ στύλοι τριάκοντα πέντε πηχῶν ὕψος τοῦ κτίλου τοῦ ἑνός, καὶ σπαρτίον δώδεκα πήχεααον περιεκύκλου αὐτόν, καὶ τὸ πάχος αὐτοῦ δακτύλων τεσσάρων κύκλῳ,	de columnis autem decem et octo cubiti altitudinis erant in columna una et funiculus duodecim cubitorum circuibat eam porro grossitudo eius quattuor digitorum et intrinsecus cava erat	De columnis autem decem et octo cubiti altitudinis erant in columna una, et funiculus duodecim cubitorum circuibat eam: porro grossitudo ejus quatuor digitorum, et intrinsecus cava erat.		And concerning the pillars, the height of one pillar was eighteen cubits; and a fillet of twelve cubits did compass it; and the thickness thereof was four fingers: it was hollow.
Jer	52	22	וְכֹתֶרֶת עָלָיו נְחֹשֶׁת וְקוֹמַת הַכֹּתֶרֶת הָאַחַת חָמֵשׁ אַמּוֹת וּשְׂבָכָה וְרִמּוֹנִים עַל־הַכּוֹתֶרֶת סָבִיב הַכֹּל נְחֹשֶׁת וְכָאֵלֶּה לַעַמּוּד הַשֵּׁנִי וְרִמּוֹנִים ׃	καὶ γεῖσος ἐπʼ αὐτοῖς χαλκοῦν, καὶ πέντε πήχεαων τὸ μῆκος, ὑπεροχὴ τοῦ γείσους τοῦ ἑνός, καὶ δίκτυον καὶ ῥόαι ἐπὶ τοῦ γείσους κύκλῳ, τὰ πάντα χαλκᾶ· καὶ κατὰ ταῦτα τῷ στύλῳ τῷ δευτέρῳ, ὀκτὼ ὸόαι τῷ πήχει τοῖς δώδεκα πήχεσιν.	et capitella super utramque aerea altitudo capitelli unius quinque cubitorum et retiacula et mala granata	Et capitella super utramque rea: altitudo capitelli unius quinque cubitorum, et retiacula et malogranata super coronam in circuitu, omnia rea: similiter column secund, et malogranata.		And a chapiter of brass was upon it; and the height of one chapiter was five cubits, with network and pomegranates upon the chapiters round about, all of brass. The second pillar also and the pomegranates were like unto these.
Jer	52	23	וַיִּהְיוּ הָרִמֹּנִים תִּשְׁעִים וְשִׁשָּׁה רוּחָה כָּל־הָרִמּוֹנִים מֵאָה עַל־הַשְּׂבָכָה סָבִיב ׃	καὶ ἦσαν αἱ ὸόαι ἐνενήκοντα ἴξ ἕν μέρος. καὶ ἦσαν αἱ πᾶσαι ῥόαι ἑκατὸν ἐπὶ τοῦ δικτύου κύκλῳ.	nonaginta sex dependentia omnia mala granata centum retiaculis circumdabantur	Et fuerunt malogranata nonaginta sex dependentia: et omnia malogranata centum, retiaculis circumdabantur.		And there were ninety and six pomegranates on a side; and all the pomegranates upon the network were an hundred round about.
Jer	52	24	וַיִּקַּח רַב־טַבָּחִים אֶת־שְׂרָיָה כֹּהֵן הָרֹאשׁ וְאֶת־צְפַנְיָה כֹּהֵן הַמִּשְׁנֶה וְאֶת־שְׁלֹשֶׁת שֹׁמְרֵי הַסַּף ׃	καὶ ἔλαβεν ὁ ἀρχιμάγειρος τὸν ἱερέα τὸν πρῶτον καὶ τὸν ἱερέα τὸν δευτεροῦντα καὶ τοὺς τρεῖς τοὺς φυλάττοντας τὴν ὁδόν,	et tulit magister militiae Saraiam sacerdotem primum et Sophoniam sacerdotem secundum et tres custodes vestibuli	Et tulit magister militi Saraiam sacerdotem primum, et Sophoniam sacerdotem secundum, et tres custodes vestibuli:		And the captain of the guard took Seraiah the chief priest, and Zephaniah the second priest, and the three keepers of the door:
Jer	52	25	וּמִן־הָעִיר לָקַח סָרִיס אֶחָד אֲשֶׁר־הָיָה פָקִיד עַל־אַנְשֵׁי הַמִּלְחָמָה וְשִׁבְעָה אֲנָשִׁים מֵרֹאֵי פְנֵי־הַמֶּלֶךְ אֲשֶׁר נִמְצְאוּ בָעִיר וְאֵת סֹפֵר שַׂר הַצָּבָא הַמַּצְבִּא אֶת־עַם הָאָרֶץ וְשִׁשִּׁים אִישׁ מֵעַם הָאָרֶץ הַנִּמְצְאִים בְּתוֹךְ הָעִיר ׃	καὶ εὺνοῦχον ἕνα ὸς ἦν ἐπιστάτης ἀνδρῶν τῶν πολεμιστῶν, καὶ ἑπτὰ ἄνδρας ὀνομαστοὺς τοὺς ἐν προσώπῳ τοῦ βασιλέως τοὺς εὑρεθέντας ἐν τῇ πόλει, καὶ τὸν γραμματέα τῶν δυνάμεων τὸν γραμματεύοντα τῷ λαῷ τῆς γῆς, καὶ ἐξήκοντα ἀνθρώπους ἐκ τοῦ λαοῦ τῆς γῆς τοὺς εὑρεθέντας ἐν μέσῳ τῆς πόλεως.	et de civitate tulit eunuchum unum qui erat praepositus super viros bellatores et septem viros de his qui videbant faciem regis qui inventi sunt in civitate et scribam principem militum qui probabat tirones et sexaginta viros de populo terrae qui inventi sunt in medio civitatis	et de civitate tulit eunuchum unum, qui erat prpositus super viros bellatores: et septem viros de his qui videbant faciem regis, qui inventi sunt in civitate: et scribam principem militum, qui probabat tyrones: et sexaginta viros de populo terr, qui inventi sunt in medio civitatis.		He took also out of the city an eunuch, which had the charge of the men of war; and seven men of them that were near the king's person, which were found in the city; and the principal scribe of the host, who mustered the people of the land; and threescore men of the people of the land, that were found in the midst of the city.
Jer	52	26	וַיִּקַּח אוֹתָם נְבוּזַרְאֲדָן רַב־טַבָּחִים וַיֹּלֶךְ אוֹתָם אֶל־מֶלֶךְ בָּבֶל רִבְלָתָה ׃	καὶ ἔλαβεν αὐτοὺς Ναβουζαρδὰν ὁ ἀρχιμάγειρος καὶ ἤγαγεν αὐτοὺς πρὸς βασιλέα Βαβυλῶνος εἰς Δεβλάθα·	tulit autem eos Nabuzardan magister militiae et duxit eos ad regem Babylonis in Reblatha	Tulit autem eos Nabuzardan magister militi: et duxit eos ad regem Babylonis in Reblatha:		So Nebuzaradan the captain of the guard took them, and brought them to the king of Babylon to Riblah.
Jer	52	27	וַיַּכֶּה אוֹתָם מֶלֶךְ בָּבֶל וַיְמִתֵם בְּרִבְלָה בְּאֶרֶץ חֲמָת וַיִּגֶל יְהוּדָה מֵעַל אַדְמָתוֹ ׃	καὶ ἐπάταξεν αὐτοὺς βασιλεὺς Βαβυλῶνος ἐν Δεβλάθα ἐν γῇ Αἱμάθ.	et percussit eos rex Babylonis et interfecit eos in Reblatha in terra Emath et translatus est Iuda de terra sua	et percussit eos rex Babylonis, et interfecit eos in Reblatha in terra Emath: et translatus est Juda de terra sua.		And the king of Babylon smote them, and put them to death in Riblah in the land of Hamath. Thus Judah was carried away captive out of his own land.
Jer	52	28	זֶה הָעָם אֲשֶׁר הֶגְלָה נְבוּכַדְרֶאצַּר בִּשְׁנַת־שֶׁבַע יְהוּדִים שְׁלֹשֶׁת אֲלָפִים וְעֶשְׂרִים וּשְׁלֹשָׁה ׃		iste est populus quem transtulit Nabuchodonosor in anno septimo Iudaeos tria milia et viginti tres	Iste est populus quem transtulit Nabuchodonosor: in anno septimo, Judos tria millia et viginti tres:		This is the people whom Nebuchadrezzar carried away captive: in the seventh year three thousand Jews and three and twenty:
Jer	52	29	בִּשְׁנַת שְׁמוֹנֶה עֶשְׂרֵה לִנְבוּכַדְרֶאצַּר מִירוּשָׁלִַם נֶפֶשׁ שְׁמֹנֶה מֵאוֹת שְׁלֹשִׁים וּשְׁנָיִם ׃		in anno octavodecimo Nabuchodonosor de Hierusalem animas octingentas triginta duas	in anno octavodecimo Nabuchodonosor, de Jerusalem animas octingentas triginta duas:		In the eighteenth year of Nebuchadrezzar he carried away captive from Jerusalem eight hundred thirty and two persons:
Jer	52	30	בִּשְׁנַת שָׁלֹשׁ וְעֶשְׂרִים לִנְבוּכַדְרֶאצַּר הֶגְלָה נְבוּזַרְאֲדָן רַב־טַבָּחִים יְהוּדִים נֶפֶשׁ שְׁבַע מֵאוֹת אַרְבָּעִים וַחֲמִשָּׁה כָּל־נֶפֶשׁ אַרְבַּעַת אֲלָפִים וְשֵׁשׁ מֵאוֹת ׃ פ		in anno vicesimo tertio Nabuchodonosor transtulit Nabuzardan magister militiae Iudaeorum animas septingentas quadraginta quinque omnes ergo animae quattuor milia sescentae	in anno vigesimo tertio Nabuchodonosor, transtulit Nabuzardan magister militi animas Judorum septingentas quadraginta quinque. Omnes ergo anim, quatuor millia sexcent.		In the three and twentieth year of Nebuchadrezzar Nebuzaradan the captain of the guard carried away captive of the Jews seven hundred forty and five persons: all the persons were four thousand and six hundred.
Jer	52	31	וַיְהִי בִשְׁלֹשִׁים וָשֶׁבַע שָׁנָה לְגָלוּת יְהוֹיָכִן מֶלֶךְ־יְהוּדָה בִּשְׁנֵים עָשָׂר חֹדֶשׁ בְּעֶשְׂרִים וַחֲמִשָּׁה לַחֹדֶשׁ נָשָׂא אֱוִיל מְרֹדַךְ מֶלֶךְ בָּבֶל בִּשְׁנַת מַלְכֻתוֹ אֶת־רֹאשׁ יְהוֹיָכִין מֶלֶךְ־יְהוּדָה וַיֹּצֵא אוֹתוֹ מִבֵּית הַכְּלִיא ׃	Καὶ ἐγένετο ἐν τῷ τριακοστῷ καὶ ἑβδόμῳ ἔτει ἀποικισθέντος τοῦ Ἰωακεὶμ βασιλέως Ἰούδα, ἐν τῷ δωδεκάτῳ μηνὶ ἐν τῇ τετράδι καὶ εἰκάδι τοῦ μηνός, ἔλαβεν Οὐλαιμαδαχὰρ βασιλεὺς Βαβυλῶνος, ἐν τῷ ἐνιαυτῷ ᾧ ἐβασίλευσεν, τὴν κεφαλὴν Ἰωακεὶμ βασιλέως Ἰούδα καὶ ἔκειρεν αὐτόν, καὶ ἐξήγαγεν αὐτὸν ἐξ οἰκίας ἧς ἐφυλασσετο,	et factum est in tricesimo septimo anno transmigrationis Ioachim regis Iudae duodecimo mense vicesima quinta mensis elevavit Evilmerodach rex Babylonis ipso anno regni sui caput Ioachim regis Iudae et eduxit eum de domo carceris	Et factum est in trigesimo septimo anno transmigrationis Joachin regis Juda, duodecimo mense, vigesima quinta mensis, elevavit Evilmerodach rex Babylonis, ipso anno regni sui, caput Joachin regis Juda, et eduxit eum de domo carceris.		And it came to pass in the seven and thirtieth year of the captivity of Jehoiachin king of Judah, in the twelfth month, in the five and twentieth day of the month, that Evilmerodach king of Babylon in the first year of his reign lifted up the head of Jehoiachin king of Judah, and brought him forth out of prison.
Jer	52	32	וַיְדַבֵּר אִתּוֹ טֹבוֹת וַיִּתֵּן אֶת־כִּסְאוֹ מִמַּעַל לְכִסֵּא מְלָכִים אֲשֶׁר אִתּוֹ בְּבָבֶל ׃	καὶ ἐλάλησεν αὐτῷ χρηστά, καὶ ἔδωκεν αὐτοῦ τὸν θρόνον ἐπάνω τῶν βασιλέων τῶν μετʼ αὐτοῦ ἐν Βαβυλῶνι,	et locutus est cum eo bona et posuit thronum eius super thronos regum qui erant post se in Babylone	Et locutus est cum eo bona, et posuit thronum ejus super thronos regum qui erant post se in Babylone.		And spake kindly unto him, and set his throne above the throne of the kings that were with him in Babylon,
Jer	52	33	וְשִׁנָּה אֵת בִּגְדֵי כִלְאוֹ וְאָכַל לֶחֶם לְפָנָיו תָּמִיד כָּל־יְמֵי חַיָּו ׃	καὶ ἥλλαξαν τὴν στολὴν τῆς φυλακῆς αὐτοῦ, καὶ ἡσθιεν ἄρτον διὰ παντὸς κατὰ πρόσωπον αὐτοῦ πάσας τὰς ἡμέρας ἂς ἔζησεν.	et mutavit vestimenta carceris eius et comedebat panem coram eo semper cunctis diebus vitae suae	Et mutavit vestimenta carceris ejus, et comedebat panem coram eo semper cunctis diebus vit su.		And changed his prison garments: and he did continually eat bread before him all the days of his life.
Jer	52	34	וַאֲרֻחָתוֹ אֲרֻחַת תָּמִיד נִתְּנָה־לּוֹ מֵאֵת מֶלֶךְ־בָּבֶל דְּבַר־יוֹם בְּיוֹמוֹ עַד־יוֹם מוֹתוֹ כֹּל יְמֵי חַיָּיו ׃	καὶ ἡ σύνταξις αὐτῷ ἐδίδετο διὰ παντὸς παρὰ τοῦ βασιλέως Βαβυλῶνος ἐξ ἡμέρας εἰς ἡμέραν ἕως ἡμέρας ἧς ἀπέθανεν.	et cibaria eius cibaria perpetua dabantur ei a rege Babylonis statuta per singulos dies usque ad diem mortis suae cunctis diebus vitae eius	Et cibaria ejus, cibaria perpetua dabantur ei a rege Babylonis, statuta per singulos dies, usque ad diem mortis su, cunctis diebus vit ejus.		And for his diet, there was a continual diet given him of the king of Babylon, every day a portion until the day of his death, all the days of his life.
