book	chapter	verse	wlc	lxx	vulg	clem	tr	kjv
Lev	1	1	וַיִּקְרָא אֶל־מֹשֶׁה וַיְדַבֵּר יְהוָה אֵלָיו מֵאֹהֶל מוֹעֵד לֵאמֹר ׃	KAI ἀνεκάλεσεν Μωυσῆν καὶ ἐλάλησεν Κύριος αὐτῷ ἐκ τῆς σκηνῆς τοῦ μαρτυρίου λέγων	vocavit autem Mosen et locutus est ei Dominus de tabernaculo testimonii dicens	Vocavit autem Moysen, et locutus est ei Dominus de tabernaculo testimonii, dicens:		And the Lord called unto Moses, and spake unto him out of the tabernacle of the congregation, saying,
Lev	1	2	דַּבֵּר אֶל־בְּנֵי יִשְׂרָאֵל וְאָמַרְתָּ אֲלֵהֶם אָדָם כִּי־יַקְרִיב מִכֶּם קָרְבָּן לַיהוָה מִן־הַבְּהֵמָה מִן־הַבָּקָר וּמִן־הַצֹּאן תַּקְרִיבוּ אֶת־קָרְבַּנְכֶם ׃	Λάλησον τοῖς υἱοῖς Ἰσραὴλ καὶ ἐρεῖς πρὸς αὐτούς Ἅνθρωπος ἐξ ὑμῶν ἐὰν προσαγάγῃ δῶρα τῷ κυρίῳ, ἀπὸ τῶν κτηνῶν καὶ ἀπὸ τῶν βοῶν καὶ ἀπὸ τῶν προβάτων προσοίσετε τὰ δῶρα ὑμῶν.	loquere filiis Israhel et dices ad eos homo qui obtulerit ex vobis hostiam Domino de pecoribus id est de bubus et ovibus offerens victimas	Loquere filiis Isral, et dices ad eos: Homo, qui obtulerit ex vobis hostiam Domino de pecoribus, id est, de bobus et ovibus offerens victimas,		Speak unto the children of Israel, and say unto them, If any man of you bring an offering unto the Lord, ye shall bring your offering of the cattle, even of the herd, and of the flock.
Lev	1	3	אִם־עֹלָה קָרְבָּנוֹ מִן־הַבָּקָר זָכָר תָּמִים יַקְרִיבֶנּוּ אֶל־פֶּתַח אֹהֶל מוֹעֵד יַקְרִיב אֹתוֹ לִרְצֹנוֹ לִפְנֵי יְהוָה ׃	Ἐὰν ὁλοκαύτωμα τὸ δῶρον αὐτοῦ ἐκ τῶν βοῶν, ἄρσεν ἄμωμον προσάξει· πρὸς τὴν θύραν τῆς σκηνῆς τοῦ μαρτυρίου προσοίσει αὐτό, δεκτὸν αὐτῷ ἐναντίον Κυρίου.	si holocaustum fuerit eius oblatio ac de armento masculum inmaculatum offeret ad ostium tabernaculi testimonii ad placandum sibi Dominum	si holocaustum fuerit ejus oblatio, ac de armento: masculum immaculatum offeret ad ostium tabernaculi testimonii, ad placandum sibi Dominum:		If his offering be a burnt sacrifice of the herd, let him offer a male without blemish: he shall offer it of his own voluntary will at the door of the tabernacle of the congregation before the Lord.
Lev	1	4	וְסָמַךְ יָדוֹ עַל רֹאשׁ הָעֹלָה וְנִרְצָה לוֹ לְכַפֵּר עָלָיו ׃	καὶ ἐπιθήσει τὴν περὶ αὐτοῦ.	ponetque manus super caput hostiae et acceptabilis erit atque in expiationem eius proficiens	ponetque manum super caput hosti, et acceptabilis erit, atque in expiationem ejus proficiens.		And he shall put his hand upon the head of the burnt offering; and it shall be accepted for him to make atonement for him.
Lev	1	5	וְשָׁחַט אֶת־בֶּן הַבָּקָר לִפְנֵי יְהוָה וְהִקְרִיבוּ בְּנֵי אַהֲרֹן הַכֹּהֲנִים אֶת־הַדָּם וְזָרְקוּ אֶת־הַדָּם עַל־הַמִּזְבֵּחַ סָבִיב אֲשֶׁר־פֶּתַח אֹהֶל מוֹעֵד ׃	καὶ σφάξουσι τὸν μόσχον ἔνατι Κυρίου· καὶ προσοίσουσιν οἱ ἱερεῖς οἱ υἱοὶ Ἀαρὼν τὸ αἷμα, καὶ προσχεοῦσιν τὸ αἷμα ἐπὶ τὸ θυσιαστήριον κύκλῳ τὸ ἐπὶ τῶν θυρῶν τῆς σκηνῆς τοῦ μὰ τυρίου·	immolabitque vitulum coram Domino et offerent filii Aaron sacerdotes sanguinem eius fundentes super altaris circuitum quod est ante ostium tabernaculi	Immolabitque vitulum coram Domino, et offerent filii Aaron sacerdotes sanguinem ejus, fundentes per altaris circuitum, quod est ante ostium tabernaculi:		And he shall kill the bullock before the Lord: and the priests, Aaron's sons, shall bring the blood, and sprinkle the blood round about upon the altar that is by the door of the tabernacle of the congregation.
Lev	1	6	וְהִפְשִׁיט אֶת־הָעֹלָה וְנִתַּח אֹתָהּ לִנְתָחֶיהָ ׃	ἐκδείραντες ἐκδείραντες τὸ ὁλοκαύτωμα μελιοῦσιν αὐτὸ κατὰ μέλη.	detractaque pelle hostiae artus in frusta concident	detractaque pelle hosti, artus in frusta concident.		And he shall flay the burnt offering, and cut it into his pieces.
Lev	1	7	וְנָתְנוּ בְּנֵי אַהֲרֹן הַכֹּהֵן אֵשׁ עַל־הַמִּזְבֵּחַ וְעָרְכוּ עֵצִים עַל־הָאֵשׁ ׃	καὶ ἐπιθήσουσιν οἱ υἱοὶ Ἀαρὼν οἱ ἱεραῖς πῦρ ἐπὶ τὸ θυσιαστήριον, καὶ ἐπιστοιβάσουσιν ξύλα ἐπὶ τὸ πῦρ·	et subicient in altari ignem strue lignorum ante conposita	Et subjicient in altari ignem, strue lignorum ante composita:		And the sons of Aaron the priest shall put fire upon the altar, and lay the wood in order upon the fire:
Lev	1	8	וְעָרְכוּ בְּנֵי אַהֲרֹן הַכֹּהֲנִים אֵת הַנְּתָחִים אֶת־הָרֹאשׁ וְאֶת־הַפָּדֶר עַל־הָעֵצִים אֲשֶׁר עַל־הָאֵשׁ אֲשֶׁר עַל־הַמִּזְבֵּחַ ׃	καὶ ἐπιστοιβάσουσιν οἱ υἱοὶ Ααρὼν οἱ ἱεραῖς τὰ διχοτομήματα καὶ τὴν κεφαλὴν καὶ τὸ στέαρ ἐπὶ τὰ ξύλα τὰ ἐπὶ τοῦ πυρὸς τὰ ὄντα ἐπὶ τοῦ θυσιαστηρίου,	et membra quae caesa sunt desuper ordinantes caput videlicet et cuncta quae adherent iecori	et membra qu sunt csa, desuper ordinantes, caput videlicet, et cuncta qu adhrent jecori,		And the priests, Aaron's sons, shall lay the parts, the head, and the fat, in order upon the wood that is on the fire which is upon the altar:
Lev	1	9	וְקִרְבּוֹ וּכְרָעָיו יִרְחַץ בַּמָּיִם וְהִקְטִיר הַכֹּהֵן אֶת־הַכֹּל הַמִּזְבֵּחָה עֹלָה אִשֵּׁה רֵיחַ־נִיחוֹחַ לַיהוָה ׃ ס	τὰ δὲ ία αὐτοῦ καὶ τοὺς πόδας πλυνοῦσιν ὕδατι· καὶ ἐπιθήσουσιν οἱ τὰ πάντα ἐπὶ τὸ θυσιαστήριον· κάρπωμά ἐστιν, θυσία, ὀσμὴ εὐωδίας τῷ κυρίῳ.	intestinis et pedibus lotis aqua adolebitque ea sacerdos super altare in holocaustum et suavem odorem Domino	intestinis et pedibus lotis aqua: adolebitque ea sacerdos super altare in holocaustum et suavem odorem Domino.		But his inwards and his legs shall he wash in water: and the priest shall burn all on the altar, to be a burnt sacrifice, an offering made by fire, of a sweet savour unto the Lord.
Lev	1	10	וְאִם־מִן־הַצֹּאן קָרְבָּנוֹ מִן־הַכְּשָׂבִים אוֹ מִן־הָעִזִּים לְעֹלָה זָכָר תָּמִים יַקְרִיבֶנּוּ ׃	Ἐὰν δὲ ἀπὸ τῶν προβάτων τὸ δῶρον αὐτοῦ τῷ κυρίῳ ἀπό τε τῶν ἀρνῶν καὶ τῶν ἐρίφων εἰς ὁλοκαύτωμα, ἄρσεν ἄμωμον προσάξει αὐτό, καὶ ἐπιθήσει τὴν χεῖρα ἐπὶ τὴν κεφαλὴν αὐτοῦ.	quod si de pecoribus oblatio est de ovibus sive de capris holocaustum anniculum et absque macula offeret	Quod si de pecoribus oblatio est, de ovibus sive de capris holocaustum, masculum absque macula offeret:		And if his offering be of the flocks, namely, of the sheep, or of the goats, for a burnt sacrifice; he shall bring it a male without blemish.
Lev	1	11	וְשָׁחַט אֹתוֹ עַל יֶרֶךְ הַמִּזְבֵּחַ צָפֹנָה לִפְנֵי יְהוָה וְזָרְקוּ בְּנֵי אַהֲרֹן הַכֹּהֲנִים אֶת־דָּמוֹ עַל־הַמִּזְבֵּחַ סָבִיב ׃	καὶ σφάξουσιν αὐτὸ ἐκ πλαγίων τοῦ θυσιαστηρίου πρὸς βορρᾶν ἔναντι Κυρίου. καὶ προσχεοῦσιν οἱ υἱοὶ Ἀαρὼν οἱ ἱερεῖς τὸ αἷμα αὐτοῦ ἐπὶ τὸ θυσιαστήριον κύκλῳ·	immolabitque ad latus altaris quod respicit ad aquilonem coram Domino sanguinem vero illius fundent super altare filii Aaron per circuitum	immolabitque ad latus altaris, quod respicit ad aquilonem, coram Domino: sanguinem vero illius fundent super altare filii Aaron per circuitum:		And he shall kill it on the side of the altar northward before the Lord: and the priests, Aaron's sons, shall sprinkle his blood round about upon the altar.
Lev	1	12	וְנִתַּח אֹתוֹ לִנְתָחָיו וְאֶת־רֹאשׁוֹ וְאֶת־פִּדְרוֹ וְעָרַךְ הַכֹּהֵן אֹתָם עַל־הָעֵצִים אֲשֶׁר עַל־הָאֵשׁ אֲשֶׁר עַל־הַמִּזְבֵּחַ ׃	καὶ διελοῦσιν αὐτὸ κατὰ μέλη, καὶ τὴν κεφαλὴν καὶ τὸ στέαρ· καὶ ἐπιστοιβάσουσιν αὐτὰ οἱ ἱεραῖς ἐπὶ τὰ ξύλα τὰ ἐπὶ τοῦ πυρὸς τὰ ἐπὶ τοῦ θυσιαστηρίου,	dividentque membra caput et omnia quae adherent iecori et inponent super ligna quibus subiciendus est ignis	dividentque membra, caput, et omnia qu adhrent jecori, et ponent super ligna, quibus subjiciendus est ignis:		And he shall cut it into his pieces, with his head and his fat: and the priest shall lay them in order on the wood that is on the fire which is upon the altar:
Lev	1	13	וְהַקֶּרֶב וְהַכְּרָעַיִם יִרְחַץ בַּמָּיִם וְהִקְרִיב הַכֹּהֵן אֶת־הַכֹּל וְהִקְטִיר הַמִּזְבֵּחָה עֹלָה הוּא אִשֵּׁה רֵיחַ נִיחֹחַ לַיהוָה ׃ פ	καὶ τὰ ἐνκοίλια καὶ τοὺς πόδας πλυνοῦσιν ὕδατι· καὶ προσοίσει ὁ ἱερεὺς τὰ πάντα καὶ ἐπιθήσει ἐπὶ τὸ θυσιαστήριον· κάρπωμά ἐστιν θυσίας, ὀσμὴ εὐωδίας τῷ κυρίῳ.	intestina vero et pedes lavabunt aqua et oblata omnia adolebit sacerdos super altare in holocaustum et odorem suavissimum Domino	intestina vero et pedes lavabunt aqua. Et oblata omnia adolebit sacerdos super altare in holocaustum et odorem suavissimum Domino.		But he shall wash the inwards and the legs with water: and the priest shall bring it all, and burn it upon the altar: it is a burnt sacrifice, an offering made by fire, of a sweet savour unto the Lord.
Lev	1	14	וְאִם מִן־הָעוֹף עֹלָה קָרְבָּנוֹ לַיהוָה וְהִקְרִיב מִן־הַתֹּרִים אוֹ מִן־בְּנֵי הַיּוֹנָה אֶת־קָרְבָּנוֹ ׃	Ἐὰν δὲ ἀπὸ τῶν πετεινῶν κάρπωμα προσφέρῃς δῶρον τῷ κυρίῳ, καὶ προσοίσει ἀπὸ τῶν τρυγόνων ἢ ἀπὸ τῶν περιστερῶν τὸ δῶρον αὐτοῦ·	sin autem de avibus holocausti oblatio fuerit Domino de turturibus et pullis columbae	Si autem de avibus, holocausti oblatio fuerit Domino, de turturibus, aut pullis columb,		And if the burnt sacrifice for his offering to the Lord be of fowls, then he shall bring his offering of turtledoves, or of young pigeons.
Lev	1	15	וְהִקְרִיבוֹ הַכֹּהֵן אֶל־הַמִּזְבֵּחַ וּמָלַק אֶת־רֹאשׁוֹ וְהִקְטִיר הַמִּזְבֵּחָה וְנִמְצָה דָמוֹ עַל קִיר הַמִּזְבֵּחַ ׃	καὶ προσοίσει αὐτὸ ὁ ἱερεὺς πρὸς τὸ θυσιαστήριον, καὶ ἀποκνίσει τὴν κεφαλήν· καὶ ἐπιθήσει ὁ ἱερεὺς ἐπὶ τὸ θυσιαστήριον, καὶ στραγγιεῖ τὸ αἷμα πρὸς τὴν βάσιν τοῦ θυσιαστηρίου·	offeret eam sacerdos ad altare et retorto ad collum capite ac rupto vulneris loco decurrere faciet sanguinem super crepidinem altaris	offeret eam sacerdos ad altare: et retorto ad collum capite, ac rupto vulneris loco, decurrere faciet sanguinem super crepidinem altaris:		And the priest shall bring it unto the altar, and wring off his head, and burn it on the altar; and the blood thereof shall be wrung out at the side of the altar:
Lev	1	16	וְהֵסִיר אֶת־מֻרְאָתוֹ בְּנֹצָתָהּ וְהִשְׁלִיךְ אֹתָהּ אֵצֶל הַמִּזְבֵּחַ קֵדְמָה אֶל־מְקוֹם הַדָּשֶׁן ׃	καὶ ἀφελεῖ τὸν πρόλοβον σὺν τοῖς πτεροῖς, καὶ ἐκβαλεῖ αὐτὸ παρὰ τὸ θυσιαστήριον κατὰ ἀνατολὰς εἰς τὸν τόπον τῆς σποδοῦ·	vesiculam vero gutturis et plumas proiciet propter altare ad orientalem plagam in loco in quo cineres effundi solent	vesiculam vero gutturis, et plumas projiciet prope altare ad orientalem plagam, in loco in quo cineres effundi solent,		And he shall pluck away his crop with his feathers, and cast it beside the altar on the east part, by the place of the ashes:
Lev	1	17	וְשִׁסַּע אֹתוֹ בִכְנָפָיו לֹא יַבְדִּיל וְהִקְטִיר אֹתוֹ הַכֹּהֵן הַמִּזְבֵּחָה עַל־הָעֵצִים אֲשֶׁר עַל־הָאֵשׁ עֹלָה הוּא אִשֵּׁה רֵיחַ נִיחֹחַ לַיהוָה ׃ ס	καὶ ἐκκλάσει αὐτὸ ἐκ τῶν πτερύγων καὶ οὐ διελεῖ· καὶ ἐπιθήσει αὐτὸ ὁ ἱερεὺς ἐπὶ τὸ θυσιαστήριον ἐπὶ τὰ ξύλα τὰ ἐπὶ τοῦ πυρός· κάρπωμά ἐστιν, θυσία, ὀσμὴ εὐωδίας τῷ κυρίῳ. II	confringetque ascellas eius et non secabit nec ferro dividet eam et adolebit super altare lignis igne subposito holocaustum est et oblatio suavissimi odoris Domino	confringetque ascellas ejus, et non secabit, neque ferro dividet eam, et adolebit super altare, lignis igne supposito. Holocaustum est et oblatio suavissimi odoris Domino.		And he shall cleave it with the wings thereof, but shall not divide it asunder: and the priest shall burn it upon the altar, upon the wood that is upon the fire: it is a burnt sacrifice, an offering made by fire, of a sweet savour unto the Lord.
Lev	2	1	וְנֶפֶשׁ כִּי־תַקְרִיב קָרְבַּן מִנְחָה לַיהוָה סֹלֶת יִהְיֶה קָרְבָּנוֹ וְיָצַק עָלֶיהָ שֶׁמֶן וְנָתַן עָלֶיהָ לְבֹנָה ׃	IIτὸ δῶρον αὐτοῦ· καὶ ἐπιχεεῖ ἐπ’ αὐτὸ ἔλαιον, καὶ ἐπιθήσει ἐπ’ αὐτὸ λίβανον· θυσία ἐστίν.	anima cum obtulerit oblationem sacrificii Domino simila erit eius oblatio fundetque super eam oleum et ponet tus	Anima cum obtulerit oblationem sacrificii Domino, simila erit ejus oblatio; fundetque super eam oleum, et ponet thus,		And when any will offer a meat offering unto the Lord, his offering shall be of fine flour; and he shall pour oil upon it, and put frankincense thereon:
Lev	2	2	וֶהֱבִיאָהּ אֶל־בְּנֵי אַהֲרֹן הַכֹּהֲנִים וְקָמַץ מִשָּׁם מְלֹא קֻמְצוֹ מִסָּלְתָּהּ וּמִשַּׁמְנָהּ עַל כָּל־לְבֹנָתָהּ וְהִקְטִיר הַכֹּהֵן אֶת־אַזְכָּרָתָהּ הַמִּזְבֵּחָה אִשֵּׁה רֵיחַ נִיחֹחַ לַיהוָה ׃	καὶ οἴσει πρὸς τοὺς υἱοὺς Ἀαρὼν τοὺς ἱερεῖς· καὶ δραξάμενος ἀπ’ αὐτῆς πλήρη τὴν δράκα ἀπὸ τῆς σεμιδάλεως σὺν τῶ ἐλαίω καὶ πάντα τὸν λίβανον αὐτῆς, καὶ ἐπιθήσει ὁ ἱερεὺς τὸ μνημόσυνον αὐτῆς ἐπὶ τὸ θυσιαστήριον· θυσία, ὀσμὴ εὐωδίας τῷ κυρίῳ.	ac deferet ad filios Aaron sacerdotes quorum unus tollet pugillum plenum similae et olei ac totum tus et ponet memoriale super altare in odorem suavissimum Domino	ac deferet ad filios Aaron sacerdotes: quorum unus tollet pugillum plenum simil et olei, ac totum thus, et ponet memoriale super altare in odorem suavissimum Domino.		And he shall bring it to Aaron's sons the priests: and he shall take thereout his handful of the flour thereof, and of the oil thereof, with all the frankincense thereof; and the priest shall burn the memorial of it upon the altar, to be an offering made by fire, of a sweet savour unto the Lord:
Lev	2	3	וְהַנּוֹתֶרֶת מִן־הַמִּנְחָה לְאַהֲרֹן וּלְבָנָיו קֹדֶשׁ קָדָשִׁים מֵאִשֵּׁי יְהוָה ׃	καὶ τὸ λοιπὸν ἀπὸ τῆς θυσίας Ἀαρὼν καὶ τοῖς υἱοῖς αὐτοῦ, ἅγιον τῶν ἁγίων ἀπὸ τῶν θυσιῶν κυρίου.	quod autem reliquum fuerit de sacrificio erit Aaron et filiorum eius sanctum sanctorum de oblationibus Domini	Quod autem reliquum fuerit de sacrificio, erit Aaron et filiorum ejus, Sanctum sanctorum de oblationibus Domini.		And the remnant of the meat offering shall be Aaron's and his sons': it is a thing most holy of the offerings of the Lord made by fire.
Lev	2	4	ס וְכִי תַקְרִב קָרְבַּן מִנְחָה מַאֲפֵה תַנּוּר סֹלֶת חַלּוֹת מַצֹּת בְּלוּלֹת בַּשֶּׁמֶן וּרְקִיקֵי מַצּוֹת מְשֻׁחִים בַּשָּׁמֶן ׃ ס	Ἐὰν δὲ προσφέρῃ δῶρον θυσίαν πεπεμμένην ἐκ λιβάνου, δῶρον Τυρίῳ ἐκ σεμιδάλεως, ἄρτους ἀζύμους πεφυραμένους ἐν ἐλαίῳ καὶ λάγανα ἄζυμα διακεχρισμένα ἐν ἐλαίῳ.	cum autem obtuleris sacrificium coctum in clibano de simila panes scilicet absque fermento conspersos oleo et lagana azyma oleo lita	Cum autem obtuleris sacrificium coctum in clibano: de simila, panes scilicet absque fermento, conspersos oleo, et lagana azyma oleo lita.		And if thou bring an oblation of a meat offering baken in the oven, it shall be unleavened cakes of fine flour mingled with oil, or unleavened wafers anointed with oil.
Lev	2	5	וְאִם־מִנְחָה עַל־הַמַּחֲבַת קָרְבָּנֶךָ סֹלֶת בְּלוּלָה בַשֶּׁמֶן מַצָּה תִהְיֶה ׃	ἐὰν δὲ θυσία ἀπὸ τηγάνου τὸ δῶρόν σου, σεμίδαλις πεφυραμένη ἐν ἐλαίῳ, ἄζυμά ἐστιν·	si oblatio tua fuerit de sartagine similae conspersae oleo et absque fermento	Si oblatio tua fuerit de sartagine, simil conspers oleo et absque fermento,		And if thy oblation be a meat offering baken in a pan, it shall be of fine flour unleavened, mingled with oil.
Lev	2	6	פָּתוֹת אֹתָהּ פִּתִּים וְיָצַקְתָּ עָלֶיהָ שָׁמֶן מִנְחָה הִוא ׃ ס	καὶ διαθρύψεις αὐτὰ κλάσματα, καὶ ἐπιχεεῖς ἐπ’ αὐτὰ ἔλαιον· θυσία ἐστὶν Τυρίῳ.	divides eam minutatim et fundes supra oleum	divides eam minutatim, et fundes super eam oleum.		Thou shalt part it in pieces, and pour oil thereon: it is a meat offering.
Lev	2	7	וְאִם־מִנְחַת מַרְחֶשֶׁת קָרְבָּנֶךָ סֹלֶת בַּשֶּׁמֶן תֵּעָשֶׂה ׃	ἐὰν δὲ θυσία ἀπὸ ἐσχάρας τὸ δῶρόν σου, ἐν ἐλαίῳ ποιηθήσεται.	sin autem de craticula sacrificium aeque simila oleo conspergetur	Sin autem de craticula fuerit sacrificium, que simila oleo conspergetur:		And if thy oblation be a meat offering baken in the fryingpan, it shall be made of fine flour with oil.
Lev	2	8	וְהֵבֵאתָ אֶת־הַמִּנְחָה אֲשֶׁר יֵעָשֶׂה מֵאֵלֶּה לַיהוָה וְהִקְרִיבָהּ אֶל־הַכֹּהֵן וְהִגִּישָׁהּ אֶל־הַמִּזְבֵּחַ ׃	καὶ προσοίσει τὴν θυσίαν ἢν ἄν ποιῇ ἐκ τούτων τῷ κυρίῳ, καὶ προσοίσει πρὸς τὸν ἱερέα· καὶ π ροσεγγίσας πρὸς τὸ θυσιαστήριον	quam offeres Domino tradens manibus sacerdotis	quam offerens Domino, trades manibus sacerdotis.		And thou shalt bring the meat offering that is made of these things unto the Lord: and when it is presented unto the priest, he shall bring it unto the altar.
Lev	2	9	וְהֵרִים הַכֹּהֵן מִן־הַמִּנְחָה אֶת־אַזְכָּרָתָהּ וְהִקְטִיר הַמִּזְבֵּחָה אִשֵּׁה רֵיחַ נִיחֹחַ לַיהוָה ׃	ἀφελεῖ ὁ ἱερεὺς ἀπὸ τῆς θυσίας τὸ μνημόσυνον αὐτῆς, καὶ ἐπιθήσει ὁ ἱερεὺς ἐπὶ τὸ θυσιαστήριον· κάρπωμα, ὀσμὴ εὐωδίας Κυρίῳ.	qui cum obtulerit eam tollet memoriale de sacrificio et adolebit super altare in odorem suavitatis Domino	Qui cum obtulerit eam, tollet memoriale de sacrificio, et adolebit super altare in odorem suavitatis Domino:		And the priest shall take from the meat offering a memorial thereof, and shall burn it upon the altar: it is an offering made by fire, of a sweet savour unto the Lord.
Lev	2	10	וְהַנּוֹתֶרֶת מִן־הַמִּנְחָה לְאַהֲרֹן וּלְבָנָיו קֹדֶשׁ קָדָשִׁים מֵאִשֵּׁי יְהוָה ׃	τὸ δὲ καταλειφθὲν ἀπὸ τῆς θυσίας Ἀαρὼν καὶ τοῖς υἱοῖς αὐτοῦ, ἅγια τῶν ἁγίων ἀπὸ τῶν καρπωμάτων Κυρίου.	quicquid autem reliquum est erit Aaron et filiorum eius sanctum sanctorum de oblationibus Domini	quidquid autem reliquum est, erit Aaron, et filiorum ejus, Sanctum sanctorum de oblationibus Domini.		And that which is left of the meat offering shall be Aaron's and his sons': it is a thing most holy of the offerings of the Lord made by fire.
Lev	2	11	כָּל־הַמִּנְחָה אֲשֶׁר תַּקְרִיבוּ לַיהוָה לֹא תֵעָשֶׂה חָמֵץ כִּי כָל־שְׂאֹר וְכָל־דְּבַשׁ לֹא־תַקְטִירוּ מִמֶּנּוּ אִשֶּׁה לַיהוָה ׃	πᾶσαν θυσίαν ἣν ἄν προσφέρητε Τυρίῳ οὐ ποιήσετε ὄν· πᾶσαν γὰρ ζύμην καὶ πᾶν μέλι, οὐ π ροσοίσετε ὄπ αὐτοῦ κυρίῳ.	omnis oblatio quae offertur Domino absque fermento fiet nec quicquam fermenti ac mellis adolebitur in sacrificio Domini	Omnis oblatio qu offeretur Domino, absque fermento fiet, nec quidquam fermenti ac mellis adolebitur in sacrificio Domino.		No meat offering, which ye shall bring unto the Lord, shall be made with leaven: for ye shall burn no leaven, nor any honey, in any offering of the Lord made by fire.
Lev	2	12	קָרְבַּן רֵאשִׁית תַּקְרִיבוּ אֹתָם לַיהוָה וְאֶל־הַמִּזְבֵּחַ לֹא־יַעֲלוּ לְרֵיחַ נִיחֹחַ ׃	δῶρον ἀπαρχῆς π ροσοίσετε αὐτὰ κυρίῳ· ἐπὶ ἑ τὸ θυσιαστήριον οὐκ ἀναβιβασθήσεται εἰς ὀσμὴν εὐωδίας κυρίῳ.	primitias tantum eorum offeretis et munera super altare vero non ponentur in odorem suavitatis	Primitias tantum eorum offeretis ac munera: super altare vero non imponentur in odorem suavitatis.		As for the oblation of the firstfruits, ye shall offer them unto the Lord: but they shall not be burnt on the altar for a sweet savour.
Lev	2	13	וְכָל־קָרְבַּן מִנְחָתְךָ בַּמֶּלַח תִּמְלָח וְלֹא תַשְׁבִּית מֶלַח בְּרִית אֱלֹהֶיךָ מֵעַל מִנְחָתֶךָ עַל כָּל־קָרְבָּנְךָ תַּקְרִיב מֶלַח ׃ ס	καὶ πᾶν δῶρον θυσίας ὑμῶν ἁλὶ ὀλισθήσεται· οὐ διαπαύσετε ἅλα κυρίου ἀπὸ προσοίσετε κυρίῳ τῷ θεῷ ὑμῶν ἅλας.	quicquid obtuleris sacrificii sale condies nec auferes sal foederis Dei tui de sacrificio tuo in omni oblatione offeres sal	Quidquid obtuleris sacrificii, sale condies, nec auferes sal fderis Dei tui de sacrificio tuo: in omni oblatione tua offeres sal.		And every oblation of thy meat offering shalt thou season with salt; neither shalt thou suffer the salt of the covenant of thy God to be lacking from thy meat offering: with all thine offerings thou shalt offer salt.
Lev	2	14	וְאִם־תַּקְרִיב מִנְחַת בִּכּוּרִים לַיהוָה אָבִיב קָלוּי בָּאֵשׁ גֶּרֶשׂ כַּרְמֶל תַּקְרִיב אֵת מִנְחַת בִּכּוּרֶיךָ ׃	Ἐὰν δὲ προσφέρῃς πρωτογενημάτων τῷ κυρίῳ, ἁπαλόν, νέα πεφρυγμένα χίδρα τῷ κυρίῳ· καὶ π ροσοίσεις τὴν θυσίαν τῶν πρωτογενημάτων·	sin autem obtuleris munus primarum frugum tuarum Domino de spicis adhuc virentibus torres eas igni et confringes in morem farris et sic offeres primitias tuas Domino	Si autem obtuleris munus primarum frugum tuarum Domino de spicis adhuc virentibus, torrebis igni, et confringes in morem farris, et sic offeres primitias tuas Domino,		And if thou offer a meat offering of thy firstfruits unto the Lord, thou shalt offer for the meat offering of thy firstfruits green ears of corn dried by the fire, even corn beaten out of full ears.
Lev	2	15	וְנָתַתָּ עָלֶיהָ שֶׁמֶן וְשַׂמְתָּ עָלֶיהָ לְבֹנָה מִנְחָה הִוא ׃	καὶ ἐπιχεεῖς ἐπ’ αὐτὴν ἔλαιον, καὶ ἐπιθήσεις ἐπ’ αὐτὴν λίβανον· θυσία ἐστίν.	fundens supra oleum et tus inponens quia oblatio Domini est	fundens supra oleum, et thus imponens, quia oblatio Domini est:		And thou shalt put oil upon it, and lay frankincense thereon: it is a meat offering.
Lev	2	16	וְהִקְטִיר הַכֹּהֵן אֶת־אַזְכָּרָתָהּ מִגִּרְשָׂהּ וּמִשַּׁמְנָהּ עַל כָּל־לְבֹנָתָהּ אִשֶּׁה לַיהוָה ׃ פ	καὶ ἀνοίσει ὁ ἱερεὺς τὸ μνημόσυνον αὐτῆς ἀπὸ σὺν τῶ ἐλαίῳ καὶ πάντα τὸν λίβανον τῶν χίδρων σὺν τῷ ἐλαίῳ καὶ πάντα τὸν λίβανον αὐτῆς· κάρπωμά ἐστιν Κυρίῳ.	de qua adolebit sacerdos in memoriam muneris partem farris fracti et olei ac totum tus	de qua adolebit sacerdos in memoriam muneris partem farris fracti, et olei, ac totum thus.		And the priest shall burn the memorial of it, part of the beaten corn thereof, and part of the oil thereof, with all the frankincense thereof: it is an offering made by fire unto the Lord.
Lev	3	1	וְאִם־זֶבַח שְׁלָמִים קָרְבָּנוֹ אִם מִן־הַבָּקָר הוּא מַקְרִיב אִם־זָכָר אִם־נְקֵבָה תָּמִים יַקְרִיבֶנּוּ לִפְנֵי יְהוָה ׃	Ἐὰν δὲ θυσίαν σωτηρίου τὸ δῶρον αὐτοῦ τῷ κυρίῳ, ἐὰν μὲν ἐκ τῶν βοῶν αὐτοῦ προσαγάγῃ, ἐάν τε ἄρσεν ἐάν τε θῆλυ, ἆ προσάξει αὐτὸ ἐναντίον κυρίου·	quod si hostia pacificorum fuerit eius oblatio et de bubus voluerit offerre marem sive feminam inmaculata offeret coram Domino	Quod si hostia pacificorum fuerit ejus oblatio, et de bobus voluerit offerre, marem sive feminam, immaculata offeret coram Domino.		And if his oblation be a sacrifice of peace offering, if he offer it of the herd; whether it be a male or female, he shall offer it without blemish before the Lord.
Lev	3	2	וְסָמַךְ יָדוֹ עַל־רֹאשׁ קָרְבָּנוֹ וּשְׁחָטוֹ פֶּתַח אֹהֶל מוֹעֵד וְזָרְקוּ בְּנֵי אַהֲרֹן הַכֹּהֲנִים אֶת־הַדָּם עַל־הַמִּזְבֵּחַ סָבִיב ׃	καὶ ἐπιθήσει τὰς χεῖρας ἐπὶ τὴν κεφαλὴν τοῦ δώρου, καὶ σφάξει αὐτὸ ἐναντίον κυρίου παρὰ τὰς θύρας τῆς σκηνῆς τοῦ μαρτυρίου· καὶ π ροσχεοῦσιν οἱ υἱοὶ Ἀαρὼν οἱ ἱεραῖς τὸ αἷμα ἐπὶ τὸ θυσιαστήριον τῶν ὁλοκαυτωμάτων κύκλῳ.	ponetque manum super caput victimae suae quae immolabitur in introitu tabernaculi fundentque filii Aaron sacerdotes sanguinem per circuitum altaris	Ponetque manum super caput victim su, qu immolabitur in introitu tabernaculi testimonii, fundentque filii Aaron sacerdotes sanguinem per altaris circuitum.		And he shall lay his hand upon the head of his offering, and kill it at the door of the tabernacle of the congregation: and Aaron's sons the priests shall sprinkle the blood upon the altar round about.
Lev	3	3	וְהִקְרִיב מִזֶּבַח הַשְּׁלָמִים אִשֶּׁה לַיהוָה אֶת־הַחֵלֶב הַמְכַסֶּה אֶת־הַקֶּרֶב וְאֵת כָּל־הַחֵלֶב אֲשֶׁר עַל־הַקֶּרֶב ׃	καὶ προσἄξουσιν ἀπὸ τῆς θυσίας τοῦ σωτηρίου κάρπωμα κυρίῳ, τὸ στέαρ τὸ κατακαλύπτον τὴν κοιλίαν καὶ πᾶν τὸ στέαρ τὸ ἐπὶ τῆς κοιλίας,	et offerent de hostia pacificorum in oblationem Domini adipem qui operit vitalia et quicquid pinguedinis intrinsecus est	Et offerent de hostia pacificorum in oblationem Domino, adipem qui operit vitalia, et quidquid pinguedinis est intrinsecus:		And he shall offer of the sacrifice of the peace offering an offering made by fire unto the Lord; the fat that covereth the inwards, and all the fat that is upon the inwards,
Lev	3	4	וְאֵת שְׁתֵּי הַכְּלָיֹת וְאֶת־הַחֵלֶב אֲשֶׁר עֲלֵהֶן אֲשֶׁר עַל־הַכְּסָלִים וְאֶת־הַיֹּתֶרֶת עַל־הַכָּבֵד עַל־הַכְּלָיוֹת יְסִירֶנָּה ׃	καὶ τοὺς δύο νεφροὺς καὶ τὸ στέαρ τὸ ἐπ’ αὐτῶν, τὸ ἐπὶ τῶν μηρίων, καὶ τὸν λοβὸν τὸν ἐπὶ τοῦ ἥπατος σὺν τοῖς νεφροῖς περιελεῖ.	duos renes cum adipe quo teguntur ilia et reticulum iecoris cum renunculis	duos renes cum adipe quo teguntur ilia, et reticulum jecoris cum renunculis.		And the two kidneys, and the fat that is on them, which is by the flanks, and the caul above the liver, with the kidneys, it shall he take away.
Lev	3	5	וְהִקְטִירוּ אֹתוֹ בְנֵי־אַהֲרֹן הַמִּזְבֵּחָה עַל־הָעֹלָה אֲשֶׁר עַל־הָעֵצִים אֲשֶׁר עַל־הָאֵשׁ אִשֵּׁה רֵיחַ נִיחֹחַ לַיהוָה ׃ פ	καὶ ἀνοίσουσιν αὐτὰ οἱ υἱοὶ Ἀαρὼν οἱ ἱεραῖς ἐπὶ τὸ θυσιαστήριον, ἐπὶ τὰ ὁλοκαυτώματα ἐπὶ τὰ ξύλα τὰ ἐπὶ τοῦ πυρὸς ἐπὶ τοῦ θυσιαστηρίου· κάρπωμα, ὀσμὴ εὐωδίας Κυρίῳ.	adolebuntque ea super altare in holocaustum lignis igne subposito in oblationem suavissimi odoris Domino	Adolebuntque ea super altare in holocaustum, lignis igne supposito, in oblationem suavissimi odoris Domino.		And Aaron's sons shall burn it on the altar upon the burnt sacrifice, which is upon the wood that is on the fire: it is an offering made by fire, of a sweet savour unto the Lord.
Lev	3	6	וְאִם־מִן־הַצֹּאן קָרְבָּנוֹ לְזֶבַח שְׁלָמִים לַיהוָה זָכָר אוֹ נְקֵבָה תָּמִים יַקְרִיבֶנּוּ ׃	"Ἐὰν δὲ ἀπὸ τῶν προβάτων τὸ "" δῶρον αὐτοῦ, θυσίαν σωτηρίου τῷ κυρίῳ, ἄρσεν ἢ θῆλυ, ἄμωμον προσοίσει αὐτό."	si vero de ovibus fuerit eius oblatio et pacificorum hostia sive masculum sive feminam obtulerit inmaculata erunt	Si vero de ovibus fuerit ejus oblatio et pacificorum hostia, sive masculum obtulerit, sive feminam, immaculata erunt.		And if his offering for a sacrifice of peace offering unto the Lord be of the flock; male or female, he shall offer it without blemish.
Lev	3	7	אִם־כֶּשֶׂב הוּא־מַקְרִיב אֶת־קָרְבָּנוֹ וְהִקְרִיב אֹתוֹ לִפְנֵי יְהוָה ׃	ἐὰν ἄρνα προσαγάγῃ τὸ δῶρον αὐτοῦ, προσάξει αὐτὸ ἔναντι Κυρίου.	si agnum obtulerit coram Domino	Si agnum obtulerit coram Domino,		If he offer a lamb for his offering, then shall he offer it before the Lord.
Lev	3	8	וְסָמַךְ אֶת־יָדוֹ עַל־רֹאשׁ קָרְבָּנוֹ וְשָׁחַט אֹתוֹ לִפְנֵי אֹהֶל מוֹעֵד וְזָרְקוּ בְּנֵי אַהֲרֹן אֶת־דָּמוֹ עַל־הַמִּזְבֵּחַ סָבִיב ׃	καὶ ἐπιθήσει τὰς χεῖρας ἐπὶ τὴν κεφαλὴν τοῦ δώρου αὐτοῦ, καὶ σφάξει αὐτὸ παρὰ τὰς θύρας τῆς σκηνῆς τοῦ μαρτυρίου· καὶ π προσχεοῦσιν οἱ υἱοὶ Ἀαρὼν οἱ ἱερεῖς τὸ αἷμα ἐπὶ τὸ στήριον κύκλῳ.	ponet manum super caput victimae suae quae immolabitur in vestibulo tabernaculi testimonii fundentque filii Aaron sanguinem eius per altaris circuitum	ponet manum suam super caput victim su: qu immolabitur in vestibulo tabernaculi testimonii: fundentque filii Aaron sanguinem ejus per circuitum altaris.		And he shall lay his hand upon the head of his offering, and kill it before the tabernacle of the congregation: and Aaron's sons shall sprinkle the blood thereof round about upon the altar.
Lev	3	9	וְהִקְרִיב מִזֶּבַח הַשְּׁלָמִים אִשֶּׁה לַיהוָה חֶלְבּוֹ הָאַלְיָה תְמִימָה לְעֻמַּת הֶעָצֶה יְסִירֶנָּה וְאֶת־הַחֵלֶב הַמְכַסֶּה אֶת־הַקֶּרֶב וְאֵת כָּל־הַחֵלֶב אֲשֶׁר עַל־הַקֶּרֶב ׃	καὶ π ροσοίσει ἀπὸ τῆς θυσίας τοῦ σὼ τῶ θεῷ, τὸ στέαρ καὶ τὴν ὀσφὺν ἄμωμον· σὺν ταῖς αὐτό· καὶ τὸ στέαρ τῆς κοιλίας,	et offerent de pacificorum hostia sacrificium Domino adipem et caudam totam	Et offerent de pacificorum hostia sacrificium Domino: adipem et caudam totam		And he shall offer of the sacrifice of the peace offering an offering made by fire unto the Lord; the fat thereof, and the whole rump, it shall he take off hard by the backbone; and the fat that covereth the inwards, and all the fat that is upon the inwards,
Lev	3	10	וְאֵת שְׁתֵּי הַכְּלָיֹת וְאֶת־הַחֵלֶב אֲשֶׁר עֲלֵהֶן אֲשֶׁר עַל־הַכְּסָלִים וְאֶת־הַיֹּתֶרֶת עַל־הַכָּבֵד עַל־הַכְּלָיֹת יְסִירֶנָּה ׃	καὶ ἀμφοτέρους τοὺς νεφροὺς καὶ τὸ στέαρ τὸ ἐπ’ αὐτῶν τὸ ἐπὶ τῶν μηρίων, καὶ τὸν λοβὸν τὸν ἐπὶ τοῦ ἥπατος σὺν τοῖς νεφροῖς περιελὼν	cum renibus et pinguedinem quae operit ventrem atque universa vitalia et utrumque renunculum cum adipe qui est iuxta ilia reticulumque iecoris cum renunculis	cum renibus, et pinguedinem qu operit ventrem atque universa vitalia, et utrumque renunculum cum adipe qui est juxta ilia, reticulumque jecoris cum renunculis.		And the two kidneys, and the fat that is upon them, which is by the flanks, and the caul above the liver, with the kidneys, it shall he take away.
Lev	3	11	וְהִקְטִירוֹ הַכֹּהֵן הַמִּזְבֵּחָה לֶחֶם אִשֶּׁה לַיהוָה ׃ פ	ἀνοίσει ὁ ἱερεὺς ἐπὶ τὸ θυσιαστήριον· ὀσμὴ εὐωδίας, κάρπωμα Κυρίῳ.	et adolebit ea sacerdos super altare in pabulum ignis et oblationis Domini	Et adolebit ea sacerdos super altare in pabulum ignis et oblationis Domini.		And the priest shall burn it upon the altar: it is the food of the offering made by fire unto the Lord.
Lev	3	12	וְאִם עֵז קָרְבָּנוֹ וְהִקְרִיבוֹ לִפְנֵי יְהוָה ׃	Ἐὰν δὲ ἀπὸ τῶν αἰγῶν τὸ δῶρον αὐτοῦ, καὶ προσάξει ἔναντι κυρίου·	si capra fuerit eius oblatio et obtulerit eam Domino	Si capra fuerit ejus oblatio, et obtulerit eam Domino,		And if his offering be a goat, then he shall offer it before the Lord.
Lev	3	13	וְסָמַךְ אֶת־יָדוֹ עַל־רֹאשׁוֹ וְשָׁחַט אֹתוֹ לִפְנֵי אֹהֶל מוֹעֵד וְזָרְקוּ בְּנֵי אַהֲרֹן אֶת־דָּמוֹ עַל־הַמִּזְבֵּחַ סָבִיב ׃	καὶ ἐπιθήσει τὰς χεῖρας ἐπὶ τὴν κεφαλὴν αὐτοῦ, καὶ σφάξουσιν αὐτὸ ἔναντι κυρίου παρὰ τὰς θύρας τῆς σκηνῆς τοῦ μαρτυρίου· καὶ προσχεοῦσιν οἱ υἱοὶ Ἀαρὼν οἱ ἱεραῖς τὸ αἷμα ἐπὶ τὸ θυσιαστήριον κύκλῳ.	ponet manum suam super caput eius immolabitque eam in introitu tabernaculi testimonii et fundent filii Aaron sanguinem eius per altaris circuitum	ponet manum suam super caput ejus: immolabitque eam in introitu tabernaculi testimonii, et fundent filii Aaron sanguinem ejus per altaris circuitum.		And he shall lay his hand upon the head of it, and kill it before the tabernacle of the congregation: and the sons of Aaron shall sprinkle the blood thereof upon the altar round about.
Lev	3	14	וְהִקְרִיב מִמֶּנּוּ קָרְבָּנוֹ אִשֶּׁה לַיהוָה אֶת־הַחֵלֶב הַמְכַסֶּה אֶת־הַקֶּרֶב וְאֵת כָּל־הַחֵלֶב אֲשֶׁר עַל־הַקֶּרֶב ׃	καὶ ἀνοίσει ἐπ’ αὐτοῦ κάρπωμα Κυρίῳ τὸ στέαρ τὸ κατακαλύπτον τὴν κοιλίαν καὶ πᾶν τὸ στέαρ τὸ ἐπὶ τῆς κοιλίας,	tollentque ex ea in pastum ignis dominici adipem qui operit ventrem et qui tegit universa vitalia	Tollentque ex ea in pastum ignis dominici, adipem qui operit ventrem, et qui tegit universa vitalia:		And he shall offer thereof his offering, even an offering made by fire unto the Lord; the fat that covereth the inwards, and all the fat that is upon the inwards,
Lev	3	15	וְאֵת שְׁתֵּי הַכְּלָיֹת וְאֶת־הַחֵלֶב אֲשֶׁר עֲלֵהֶן אֲשֶׁר עַל־הַכְּסָלִים וְאֶת־הַיֹּתֶרֶת עַל־הַכָּבֵד עַל־הַכְּלָיֹת יְסִירֶנָּה ׃	καὶ ἀμφοτέρους τοὺς νεφροὺς καὶ πᾶν τὸ στέαρ τὸ ἐπ’ αὐτῶν τὸ ἐπὶ τῶν μηρίων, καὶ τὸν λοβὸν τοῦ ἥπατος σὺν τοῖς νεφροῖς περιελεῖ·	duos renunculos cum reticulo qui est super eos iuxta ilia et arvinam iecoris cum renunculis	duos renunculos cum reticulo, quod est super eos juxta ilia, et arvinam jecoris cum renunculis:		And the two kidneys, and the fat that is upon them, which is by the flanks, and the caul above the liver, with the kidneys, it shall he take away.
Lev	3	16	וְהִקְטִירָם הַכֹּהֵן הַמִּזְבֵּחָה לֶחֶם אִשֶּׁה לְרֵיחַ נִיחֹחַ כָּל־חֵלֶב לַיהוָה ׃	καὶ ἀνοίσει ὁ ἱερεὺς ἐπὶ τὸ θυσιαστήριον· κάρπωμα, ὀσμὴ εὐωδίας τῷ κυρίῳ. πᾶν τὸ τῷ κυρίῳ.	adolebitque ea sacerdos super altare in alimoniam ignis et suavissimi odoris omnis adeps Domini erit	adolebitque ea super altare sacerdos in alimoniam ignis, et suavissimi odoris. Omnis adeps, Domini erit		And the priest shall burn them upon the altar: it is the food of the offering made by fire for a sweet savour: all the fat is the Lord's.
Lev	3	17	חֻקַּת עוֹלָם לְדֹרֹתֵיכֶם בְּכֹל מוֹשְׁבֹתֵיכֶם כָּל־חֵלֶב וְכָל־דָּם לֹא תֹאכֵלוּ ׃ פ	νόμιμον εἰς τὸν αἰῶνα εἰς τὰς γενεὰς ὑμῶν ἐν ία ὑμῶν· πᾶν στέαρ καὶ πᾶν αἷμα οὐκ ἔδεσθε.	iure perpetuo in generationibus et cunctis habitaculis vestris nec adipes nec sanguinem omnino comedetis	jure perpetuo in generationibus, et cunctis habitaculis vestris: nec sanguinem nec adipem omnino comedetis.		It shall be a perpetual statute for your generations throughout all your dwellings, that ye eat neither fat nor blood.
Lev	4	1	וַיְדַבֵּר יְהוָה אֶל־מֹשֶׁה לֵּאמֹר ׃	Καὶ ἐλάλησεν Κύριος πρὸς Μωυσῆν λέγων	locutusque est Dominus ad Mosen dicens	Locutusque est Dominus ad Moysen, dicens:		And the Lord spake unto Moses, saying,
Lev	4	2	דַּבֵּר אֶל־בְּנֵי יִשְׂרָאֵל לֵאמֹר נֶפֶשׁ כִּי־תֶחֱטָא בִשְׁגָגָה מִכֹּל מִצְוֹת יְהוָה אֲשֶׁר לֹא תֵעָשֶׂינָה וְעָשָׂה מֵאַחַת מֵהֵנָּה ׃	Λάλησον πρὸς τοὺς υἱοὺς Ἰσραὴλ λέγων Ψυχὴ ἐὰν ἁμάρτῃ ἔναντι Κυρίου ἀκουσίως ἀπὸ τῶν προσταγμάτων κυρίου ὦν οὐ δεῖ ποιεῖν, καὶ ποιήσῃ ἕν τι ἀπ’ αὐτῶν·	loquere filiis Israhel anima cum peccaverit per ignorantiam et de universis mandatis Domini quae praecepit ut non fierent quippiam fecerit	Loquere filiis Isral: Anima, qu peccaverit per ignorantiam, et de universis mandatis Domini, qu prcepit ut non fierent, quippiam fecerit:		Speak unto the children of Israel, saying, If a soul shall sin through ignorance against any of the commandments of the Lord concerning things which ought not to be done, and shall do against any of them:
Lev	4	3	אִם הַכֹּהֵן הַמָּשִׁיחַ יֶחֱטָא לְאַשְׁמַת הָעָם וְהִקְרִיב עַל חַטָּאתוֹ אֲשֶׁר חָטָא פַּר בֶּן־בָּקָר תָּמִים לַיהוָה לְחַטָּאת ׃	ἐὰν μὲν ὁ ἀρχιερεὺς ὁ κεχρισμένος ἁμάρτῃ τοῦ λαὸν ἁμαρτεῖν, καὶ προσάξει περὶ τῆς ἁμαρτίας αὐτοῦ ἦς ἥμαρτεν μόσχον ἐκ βοῶν ἄμωμον τῷ κυρίῳ περὶ τῆς ἁμαρτίας αὐτοῦ·	si sacerdos qui est unctus peccaverit delinquere faciens populum offeret pro peccato suo vitulum inmaculatum Domino	si sacerdos, qui unctus est, peccaverit, delinquere faciens populum, offeret pro peccato suo vitulum immaculatum Domino:		If the priest that is anointed do sin according to the sin of the people; then let him bring for his sin, which he hath sinned, a young bullock without blemish unto the Lord for a sin offering.
Lev	4	4	וְהֵבִיא אֶת־הַפָּר אֶל־פֶּתַח אֹהֶל מוֹעֵד לִפְנֵי יְהוָה וְסָמַךְ אֶת־יָדוֹ עַל־רֹאשׁ הַפָּר וְשָׁחַט אֶת־הַפָּר לִפְנֵי יְהוָה ׃	καὶ προσάξει τὸν παρὰ τὴν θύραν τῆς σκηνῆς τοῦ μαρτυρίου ἔναντι Τυρίου, καὶ ἐπιθήσει τὴν χεῖρα αὐτοῦ ἐπὶ τὴν κὴρ τοῦ μόσχου ἔναντι κυρίου, καὶ σφάξει τὸν μόσχον ἐνώπιον κυρίου.	et adducet illum ad ostium tabernaculi testimonii coram Domino ponetque manum super caput eius et immolabit eum Domino	et adducet illum ad ostium tabernaculi testimonii coram Domino, ponetque manum super caput ejus, et immolabit eum Domino.		And he shall bring the bullock unto the door of the tabernacle of the congregation before the Lord; and shall lay his hand upon the bullock's head, and kill the bullock before the Lord.
Lev	4	5	וְלָקַח הַכֹּהֵן הַמָּשִׁיחַ מִדַּם הַפָּר וְהֵבִיא אֹתוֹ אֶל־אֹהֶל מוֹעֵד ׃	καὶ λαβὼν ὁ ἱερεὺς ὁ χριστὸς ὁ τετελειωμένος τὰς χεῖρας ἀπὸ τοῦ αἴματος τοῦ μόσχου, καὶ εἰσοίσει αὐτὸ ἐπὶ τὴν σκηνὴν τοῦ μαρτυρίου·	hauriet quoque de sanguine vituli inferens illud in tabernaculum testimonii	Hauriet quoque de sanguine vituli, inferens illum in tabernaculum testimonii.		And the priest that is anointed shall take of the bullock's blood, and bring it to the tabernacle of the congregation:
Lev	4	6	וְטָבַל הַכֹּהֵן אֶת־אֶצְבָּעוֹ בַּדָּם וְהִזָּה מִן־הַדָּם שֶׁבַע פְּעָמִים לִפְנֵי יְהוָה אֶת־פְּנֵי פָּרֹכֶת הַקֹּדֶשׁ ׃	καὶ βάψει ὁ ἱερεὺς τὸν δάκτυλον εἰς τὸ αἷμα, καὶ προσρανεῖ ἀπὸ τοῦ αἵματος ἑπτάκις ἔναντι κυρίου κατὰ τὸ καταπέτασμα τὸ ἅγιον·	cumque intinxerit digitum in sanguinem asperget eo septies coram Domino contra velum sanctuarii	Cumque intinxerit digitum in sanguine, asperget eo septies coram Domino contra velum sanctuarii.		And the priest shall dip his finger in the blood, and sprinkle of the blood seven times before the Lord, before the vail of the sanctuary.
Lev	4	7	וְנָתַן הַכֹּהֵן מִן־הַדָּם עַל־קַרְנוֹת מִזְבַּח קְטֹרֶת הַסַּמִּים לִפְנֵי יְהוָה אֲשֶׁר בְּאֹהֶל מוֹעֵד וְאֵת כָּל־דַּם הַפָּר יִשְׁפֹּךְ אֶל־יְסוֹד מִזְבַּח הָעֹלָה אֲשֶׁר־פֶּתַח אֹהֶל מוֹעֵד ׃	καὶ ἐπιθήσει ὁ ἱερεὺς ἀπὸ τοῦ αἵματος τοῦ μόσχου ἐπὶ τὰ κέρατα τοῦ θυσιαστηρίου τοῦ θυ μιάματος τῆς συνθέσεως τοῦ ἐναντίον κυρίου, ὅ ἐστιν ἐν τῇ σκηνῇ τοῦ μαρτυρίου· καὶ πᾶν τὸ αἷμα τοῦ μόσχου ἐκχεεῖ παρὰ τὴν βάσιν τοῦ θυσιαστηρίου τῶν ὁλοκαυτωμάτων, ὅ ἐστιν παρὰ τὰς θύρας τῆς σκηνῆς τοῦ μαρτυρίου.	ponetque de eodem sanguine super cornua altaris thymiamatis gratissimi Domino quod est in tabernaculo testimonii omnem autem reliquum sanguinem fundet in basim altaris holocausti in introitu tabernaculi	Ponetque de eodem sanguine super cornua altaris thymiamatis gratissimi Domino, quod est in tabernaculo testimonii: omnem autem reliquum sanguinem fundet in basim altaris holocausti in introitu tabernaculi.		And the priest shall put some of the blood upon the horns of the altar of sweet incense before the Lord, which is in the tabernacle of the congregation; and shall pour all the blood of the bullock at the bottom of the altar of the burnt offering, which is at the door of the tabernacle of the congregation.
Lev	4	8	וְאֶת־כָּל־חֵלֶב פַּר הַחַטָּאת יָרִים מִמֶּנּוּ אֶת־הַחֵלֶב הַמְכַסֶּה עַל־הַקֶּרֶב וְאֵת כָּל־הַחֵלֶב אֲשֶׁר עַל־הַקֶּרֶב ׃	καὶ πᾶν τὸ στέαρ τοῦ μόσχου τοῦ τῆς ἁμαρτίας, περιελεῖ ἀπ’ αὐτοῦ τὸ στέαρ τὸ κατακαλύπτον τὰ ἐνδόσθια καὶ πᾶν τὸ στέαρ τὸ ἐπὶ τῶν ἐνδοσθίων,	et adipem vituli auferet pro peccato tam eum qui operit vitalia quam omnia quae intrinsecus sunt	Et adipem vituli auferet pro peccato, tam eum qui vitalia operit quam omnia qu intrinsecus sunt:		And he shall take off from it all the fat of the bullock for the sin offering; the fat that covereth the inwards, and all the fat that is upon the inwards,
Lev	4	9	וְאֵת שְׁתֵּי הַכְּלָיֹת וְאֶת־הַחֵלֶב אֲשֶׁר עֲלֵיהֶן אֲשֶׁר עַל־הַכְּסָלִים וְאֶת־הַיֹּתֶרֶת עַל־הַכָּבֵד עַל־הַכְּלָיוֹת יְסִירֶנָּה ׃	καὶ τοὺς δύο νεφροὺς καὶ τὸ στέαρ τὸ ἐπ’ αὐτῶν, ὅ ἐστιν ἐπὶ τῶν μηρίων, καὶ τὸν λοβὸν τὸν ἐπὶ τοῦ ἥπατος σὺν τοῖς νεφροῖς, περιελεῖ αὐτό,	duos renunculos et reticulum quod est super eos iuxta ilia et adipem iecoris cum renunculis	duos renunculos et reticulum quod est super eos juxta ilia, et adipem jecoris cum renunculis,		And the two kidneys, and the fat that is upon them, which is by the flanks, and the caul above the liver, with the kidneys, it shall he take away,
Lev	4	10	כַּאֲשֶׁר יוּרַם מִשּׁוֹר זֶבַח הַשְּׁלָמִים וְהִקְטִירָם הַכֹּהֵן עַל מִזְבַּח הָעֹלָה ׃	ὃν τρόπον ἀφαιρεῖτε αὐτὸ ἀπὸ τοῦ μόσχου τοῦ τῆς θυσίας τοῦ σωτηρίου· διανοίσει ὁ ἱερεὺς ἐπὶ τὸ θυσιαστήριον τῆς καρπώσεως.	sicut aufertur de vitulo hostiae pacificorum et adolebit ea super altare holocausti	sicut aufertur de vitulo hosti pacificorum: et adolebit ea super altare holocausti.		As it was taken off from the bullock of the sacrifice of peace offerings: and the priest shall burn them upon the altar of the burnt offering.
Lev	4	11	וְאֶת־עוֹר הַפָּר וְאֶת־כָּל־בְּשָׂרוֹ עַל־רֹאשׁוֹ וְעַל־כְּרָעָיו וְקִרְבּוֹ וּפִרְשׁוֹ ׃	καὶ τὸ δέρμα τοῦ μόσχου καὶ πᾶσαν αὐτοῦ τὴν σάρκα σὺν τῆ κεφαλῇ καὶ τοῖς ἀκρωτηρίοις καὶ τῇ κοιλίᾳ καὶ τῇ κόπρῳ,	pellem vero et omnes carnes cum capite et pedibus et intestinis et fimo	Pellem vero et omnes carnes, cum capite et pedibus et intestinis et fimo,		And the skin of the bullock, and all his flesh, with his head, and with his legs, and his inwards, and his dung,
Lev	4	12	וְהוֹצִיא אֶת־כָּל־הַפָּר אֶל־מִחוּץ לַמַּחֲנֶה אֶל־מָקוֹם טָהוֹר אֶל־שֶׁפֶךְ הַדֶּשֶׁן וְשָׂרַף אֹתוֹ עַל־עֵצִים בָּאֵשׁ עַל־שֶׁפֶךְ הַדֶּשֶׁן יִשָּׂרֵף ׃ פ	καὶ ἐξοίσουσιν ὅλον τὸν μόσχον ἵξω τῆς παρεμβολῆς εἰς τόπον καθαρὸν οὗ ἐκχεοῦσιν τὴν σποδιάν, καὶ κατακαύσουσιν αὐτὸν ἐπὶ ξύλων ἐν πυρί· ἐπὶ τῆς ἐκχύσεως τῆς σποδιᾶς καυθήσεται.	et reliquo corpore efferet extra castra in locum mundum ubi cineres effundi solent incendetque ea super lignorum struem quae in loco effusorum cinerum cremabuntur	et reliquo corpore, efferet extra castra in locum mundum, ubi cineres effundi solent: incendetque ea super lignorum struem, qu in loco effusorum cinerum cremabuntur.		Even the whole bullock shall he carry forth without the camp unto a clean place, where the ashes are poured out, and burn him on the wood with fire: where the ashes are poured out shall he be burnt.
Lev	4	13	וְאִם כָּל־עֲדַת יִשְׂרָאֵל יִשְׁגּוּ וְנֶעְלַם דָּבָר מֵעֵינֵי הַקָּהָל וְעָשׂוּ אַחַת מִכָּל־מִצְוֹת יְהוָה אֲשֶׁר לֹא־תֵעָשֶׂינָה וְאָשֵׁמוּ ׃	Ἐὰν δὲ πᾶσα συναγωγὴ Ἰσραὴλ ἀγνοήσῃ ἀκουσίως, καὶ λάθῃ ῥῆμα ἐξ ὀφθαλμῶν τῆς συναγωγῆς, καὶ ποιήσωσιν μίαν ἀπὸ πασῶν τῶν ἐντολῶν κυρίου ἣ οὐ ποιηθήσεται καὶ πλημμελήσουσιν,	quod si omnis turba Israhel ignoraverit et per inperitiam fecerit quod contra mandatum Domini est	Quod si omnis turba Isral ignoraverit, et per imperitiam fecerit quod contra mandatum Domini est,		And if the whole congregation of Israel sin through ignorance, and the thing be hid from the eyes of the assembly, and they have done somewhat against any of the commandments of the Lord concerning things which should not be done, and are guilty;
Lev	4	14	וְנוֹדְעָה הַחַטָּאת אֲשֶׁר חָטְאוּ עָלֶיהָ וְהִקְרִיבוּ הַקָּהָל פַּר בֶּן־בָּקָר לְחַטָּאת וְהֵבִיאוּ אֹתוֹ לִפְנֵי אֹהֶל מוֹעֵד ׃	καὶ γνωσθῇ αὐτοῖς ἡ ἁμαρτία ἣν ἥμαρτον ἐν αὐτῇ, καὶ προσάξει ἡ συναγωγὴ μόσχον ἐκ βοῶν ἄμωμον περὶ τῆς ἁμαρτίας, καὶ προσάξει αὐτὸν παρὰ τὰς θύρας τῆς σκηνῆς τοῦ μαρτυρίου.	et postea intellexerit peccatum suum offeret vitulum pro peccato adducetque eum ad ostium tabernaculi	et postea intellexerit peccatum suum, offeret pro peccato suo vitulum, adducetque eum ad ostium tabernaculi.		When the sin, which they have sinned against it, is known, then the congregation shall offer a young bullock for the sin, and bring him before the tabernacle of the congregation.
Lev	4	15	וְסָמְכוּ זִקְנֵי הָעֵדָה אֶת־יְדֵיהֶם עַל־רֹאשׁ הַפָּר לִפְנֵי יְהוָה וְשָׁחַט אֶת־הַפָּר לִפְנֵי יְהוָה ׃	καὶ ἐπιθήσουσιν οἱ πρεσβύτεροι τῆς συναγωγῆς τὰς χεἰρας αὐτῶν ἐπὶ τὴν κεφαλὴν τοῦ μόσχου ἔναντι κυρίου, καὶ σφάξουσιν τὸν μόσχον ἔναντι Κυρίου·	et ponent seniores populi manus super caput eius coram Domino immolatoque vitulo in conspectu Domini	Et ponent seniores populi manus super caput ejus coram Domino. Immolatoque vitulo in conspectu Domini,		And the elders of the congregation shall lay their hands upon the head of the bullock before the Lord: and the bullock shall be killed before the Lord.
Lev	4	16	וְהֵבִיא הַכֹּהֵן הַמָּשִׁיחַ מִדַּם הַפָּר אֶל־אֹהֶל מוֹעֵד ׃	καὶ εἰσοίσει ὁ ἱερεὺς ὁ χριστὸς ἀπὸ τοῦ αἵματος τοῦ μόσχου εἰς τὴν σκηνὴν τοῦ μαρτυρίου·	inferet sacerdos qui unctus est de sanguine eius in tabernaculum testimonii	inferet sacerdos, qui unctus est, de sanguine ejus in tabernaculum testimonii,		And the priest that is anointed shall bring of the bullock's blood to the tabernacle of the congregation:
Lev	4	17	וְטָבַל הַכֹּהֵן אֶצְבָּעוֹ מִן־הַדָּם וְהִזָּה שֶׁבַע פְּעָמִים לִפְנֵי יְהוָה אֵת פְּנֵי הַפָּרֹכֶת ׃	καὶ βάψει ὁ ἱερεὺς τὸν δάκτυλον ἀπὸ τοῦ αἵματος τοῦ μόσχου, καὶ ῥανεῖ ἑπτάκις ἔναντι Κυρίου κατενώπιον τοῦ καταπετάσματος τοῦ ἁγίου·	tincto digito aspergens septies contra velum	tincto digito aspergens septies contra velum.		And the priest shall dip his finger in some of the blood, and sprinkle it seven times before the Lord, even before the vail.
Lev	4	18	וּמִן־הַדָּם יִתֵּן עַל־קַרְנֹת הַמִּזְבֵּחַ אֲשֶׁר לִפְנֵי יְהוָה אֲשֶׁר בְּאֹהֶל מוֹעֵד וְאֵת כָּל־הַדָּם יִשְׁפֹּךְ אֶל־יְסוֹד מִזְבַּח הָעֹלָה אֲשֶׁר־פֶּתַח אֹהֶל מוֹעֵד ׃	καὶ ἀπὸ τοῦ αἵματος ἐπιθήσει ὁ ἱερεὺς ἐπὶ τὰ κέρατα τοῦ θυσιαστηρίου τῶν θυμιαμάτων τῆς συνθέσεως, ὅ ἐστιν ἐνώπιον Κυρίου, ὅ ἐστιν ἐν τῇ σκηνῇ τοῦ μαρτυρίου· καὶ τὸ πᾶν αἷμα ἐκχεεῖ πρὸς τὴν βάσιν τοῦ θυσιαστηρίου τῶν καρπώσεων τῶν πρὸς τῇ θύρᾳ τῆς σκηνῆς τοῦ μαρτυρίου.	ponetque de eodem sanguine in cornibus altaris quod est coram Domino in tabernaculo testimonii reliquum autem sanguinem fundet iuxta basim altaris holocaustorum quod est in ostio tabernaculi testimonii	Ponetque de eodem sanguine in cornibus altaris, quod est coram Domino in tabernaculo testimonii: reliquum autem sanguinem fundet juxta basim altaris holocaustorum, quod est in ostio tabernaculi testimonii.		And he shall put some of the blood upon the horns of the altar which is before the Lord, that is in the tabernacle of the congregation, and shall pour out all the blood at the bottom of the altar of the burnt offering, which is at the door of the tabernacle of the congregation.
Lev	4	19	וְאֵת כָּל־חֶלְבּוֹ יָרִים מִמֶּנּוּ וְהִקְטִיר הַמִּזְבֵּחָה ׃	καὶ τὸ πᾶν στέαρ περιελεῖ ἀπ’ αὐτοῦ καὶ ἀνοίσει ἐπὶ τὸ θυσιαστήριον·	omnemque eius adipem tollet et adolebit super altare	Omnemque ejus adipem tollet, et adolebit super altare:		And he shall take all his fat from him, and burn it upon the altar.
Lev	4	20	וְעָשָׂה לַפָּר כַּאֲשֶׁר עָשָׂה לְפַר הַחַטָּאת כֵּן יַעֲשֶׂה־לּוֹ וְכִפֶּר עֲלֵהֶם הַכֹּהֵן וְנִסְלַח לָהֶם ׃	καὶ ποιήσει τὸν μόσχον ὃν τρόπον ἐποίησεν τὸν μόσχον τὸν τῆς ἁμαρτίας, οὕτως ποιηθήσεται · καὶ ἐξιλάσεται περὶ αὐτῶν ὁ ἱερεύς, καὶ ἀφεθήσεται αὐτοῖς ἡ ἁμαρτία.	sic faciens et de hoc vitulo quomodo fecit et prius et rogante pro eis sacerdote propitius erit Dominus	sic faciens et de hoc vitulo quomodo fecit et prius: et rogante pro eis sacerdote, propitius erit eis Dominus.		And he shall do with the bullock as he did with the bullock for a sin offering, so shall he do with this: and the priest shall make an atonement for them, and it shall be forgiven them.
Lev	4	21	וְהוֹצִיא אֶת־הַפָּר אֶל־מִחוּץ לַמַּחֲנֶה וְשָׂרַף אֹתוֹ כַּאֲשֶׁר שָׂרַף אֵת הַפָּר הָרִאשׁוֹן חַטַּאת הַקָּהָל הוּא ׃ פ	καὶ ἐξοίσουσιν τὸν μόσχον ἔξω τῆς καὶ κατακαύσουσιν τὸν μόσχον ὃν τρόπον κατέκαυσαν τὸν τὸν πρότερον· ἁμαρτία συναγωγῆς ἐστίν.	ipsum autem vitulum efferet extra castra atque conburet sicut et priorem vitulum quia pro peccato est multitudinis	Ipsum autem vitulum efferet extra castra, atque comburet sicut et priorem vitulum: quia est pro peccato multitudinis.		And he shall carry forth the bullock without the camp, and burn him as he burned the first bullock: it is a sin offering for the congregation.
Lev	4	22	אֲשֶׁר נָשִׂיא יֶחֱטָא וְעָשָׂה אַחַת מִכָּל־מִצְוֹת יְהוָה אֱלֹהָיו אֲשֶׁר לֹא־תֵעָשֶׂינָה בִּשְׁגָגָה וְאָשֵׁם ׃	Ἐὰν δὲ ὁ ἀμάρῃ καὶ ποιήσῃ μίαν ἀπὸ πασῶν τῶν ἐντολῶν κυρίου τοῦ θεοῦ αὐτῶν ἣ οὐ ποιηθήσεται, ἀκουσίως, καὶ ἁμάρτῃ καὶ πλημμελήσῃ,	si peccaverit princeps et fecerit unum e pluribus per ignorantiam quod Domini lege prohibetur	Si peccaverit princeps, et fecerit unum e pluribus per ignorantiam, quod Domini lege prohibetur:		When a ruler hath sinned, and done somewhat through ignorance against any of the commandments of the Lord his God concerning things which should not be done, and is guilty;
Lev	4	23	אוֹ־הוֹדַע אֵלָיו חַטָּאתוֹ אֲשֶׁר חָטָא בָּהּ וְהֵבִיא אֶת־קָרְבָּנוֹ שְׂעִיר עִזִּים זָכָר תָּמִים ׃	καὶ γνωσθῇ αὐτῷ ἡ ἁμαρτία ἣν ἥμαρτεν ἐν αὐτῇ, καὶ προσοίσει τὸ δῶρον αὐτοῦ χίμαρον ἐξ αἰγῶν, ἄρσεν ἄμωμον.	et postea intellexerit peccatum suum offeret hostiam Domino hircum de capris inmaculatum	et postea intellexerit peccatum suum, offeret hostiam Domino, hircum de capris immaculatum.		Or if his sin, wherein he hath sinned, come to his knowledge; he shall bring his offering, a kid of the goats, a male without blemish:
Lev	4	24	וְסָמַךְ יָדוֹ עַל־רֹאשׁ הַשָּׂעִיר וְשָׁחַט אֹתוֹ בִּמְקוֹם אֲשֶׁר־יִשְׁחַט אֶת־הָעֹלָה לִפְנֵי יְהוָה חַטָּאת הוּא ׃	καὶ ἐπιθήσει τὴν χεῖρα ἐπὶ τὴν κεφαλὴν τοῦ χιμάρου, καὶ σφάξουσιν αὐτὸν ἐν τόπῳ οὗ σφάζουσιν τὰ ὁλοκαυτώματα ἐνώπιον Κυρίου · ἁμαρτία ἐστίν.	ponetque manum suam super caput eius cumque immolaverit eum in loco ubi solet mactari holocaustum coram Domino quia pro peccato est	Ponetque manum suam super caput ejus: cumque immolaverit eum loco ubi solet mactari holocaustum coram Domino, quia pro peccato est,		And he shall lay his hand upon the head of the goat, and kill it in the place where they kill the burnt offering before the Lord: it is a sin offering.
Lev	4	25	וְלָקַח הַכֹּהֵן מִדַּם הַחַטָּאת בְּאֶצְבָּעוֹ וְנָתַן עַל־קַרְנֹת מִזְבַּח הָעֹלָה וְאֶת־דָּמוֹ יִשְׁפֹּךְ אֶל־יְסוֹד מִזְבַּח הָעֹלָה ׃	καὶ ἐπιθήσει ὁ ἱερεὺς ἀπὸ τοῦ αἵματος τοῦ τῆς ἁμαρτίας τῷ δακτύλῳ ἐπὶ τὰ κέρατα τοῦ θυσιαστηρίου τῶν ὁλοκαυτωμάτων, καὶ τὸ πᾶν αἷμα αὐτοῦ ἐκχεεῖ παρὰ τὴν βάσιν τοῦ θυσιαστηρίου τῶν ὁλοκαυτωμάτων.	tinguet sacerdos digitum in sanguine hostiae pro peccato tangens cornua altaris holocausti et reliquum fundens ad basim eius	tinget sacerdos digitum in sanguine hosti pro peccato, tangens cornua altaris holocausti, et reliquum fundens ad basim ejus.		And the priest shall take of the blood of the sin offering with his finger, and put it upon the horns of the altar of burnt offering, and shall pour out his blood at the bottom of the altar of burnt offering.
Lev	4	26	וְאֶת־כָּל־חֶלְבּוֹ יַקְטִיר הַמִּזְבֵּחָה כְּחֵלֶב זֶבַח הַשְּׁלָמִים וְכִפֶּר עָלָיו הַכֹּהֵן מֵחַטָּאתוֹ וְנִסְלַח לוֹ ׃ פ	καὶ τὸ πᾶν στέαρ αὐτοῦ ἀνοίσει ἐπὶ τὸ θυσιαστήριον, ὥπερ τὸ στέαρ θυσίας σωτηρίου· καὶ ἐξιλάσεται περὶ αὐτοῦ ὁ ἱερεὺς ἀπὸ τῆς ἁμαρτίας αὐτοῦ, καὶ ἀφεθήσεται αὐτῷ.	adipem vero adolebit supra sicut in victimis pacificorum fieri solet rogabitque pro eo et pro peccato eius ac dimittetur ei	Adipem vero adolebit supra, sicut in victimis pacificorum fieri solet: rogabitque pro eo sacerdos, et pro peccato ejus, et dimittetur ei.		And he shall burn all his fat upon the altar, as the fat of the sacrifice of peace offerings: and the priest shall make an atonement for him as concerning his sin, and it shall be forgiven him.
Lev	4	27	וְאִם־נֶפֶשׁ אַחַת תֶּחֱטָא בִשְׁגָגָה מֵעַם הָאָרֶץ בַּעֲשֹׂתָהּ אַחַת מִמִּצְוֹת יְהוָה אֲשֶׁר לֹא־תֵעָשֶׂינָה וְאָשֵׁם ׃	ἐὰν δὲ ψυχὴ μία ἁμάρτη ἀκουσίως ἐκ τοῦ λαοῦ τῆς γῆς ἐν τῷ ποιῆσαι μίαν ἀπὸ πασῶν τῶν ἐντολῶν κυρίου ἣ οὐ ποιηθήσεται, καὶ λήσῃ,	quod si peccaverit anima per ignorantiam de populo terrae ut faciat quicquam ex his quae Domini lege prohibentur atque delinquat	Quod si peccaverit anima per ignorantiam, de populo terr, ut faciat quidquam de his, qu Domini lege prohibentur, atque delinquat,		And if any one of the common people sin through ignorance, while he doeth somewhat against any of the commandments of the Lord concerning things which ought not to be done, and be guilty;
Lev	4	28	אוֹ הוֹדַע אֵלָיו חַטָּאתוֹ אֲשֶׁר חָטָא וְהֵבִיא קָרְבָּנוֹ שְׂעִירַת עִזִּים תְּמִימָה נְקֵבָה עַל־חַטָּאתוֹ אֲשֶׁר חָטָא ׃	καὶ γνωσθῇ αὐτῷ ἡ ἁμαρτία ἣν ἥμαρτεν ἐν αὐτῇ, καὶ χίμαιραν ἐξ αἰγῶν • θήλειαν ἄμωμον οἴσει περὶ τῆς ἁμαρτίας ἧς ἥμαρτεν.	et cognoverit peccatum suum offeret capram inmaculatam	et cognoverit peccatum suum, offeret capram immaculatam.		Or if his sin, which he hath sinned, come to his knowledge: then he shall bring his offering, a kid of the goats, a female without blemish, for his sin which he hath sinned.
Lev	4	29	וְסָמַךְ אֶת־יָדוֹ עַל רֹאשׁ הַחַטָּאת וְשָׁחַט אֶת־הַחַטָּאת בִּמְקוֹם הָעֹלָה ׃	καὶ ἐπιθήσει τὴν χεῖρα ἐπὶ τὴν κεφαλὴν τοῦ ἁμαρτήματος αὐτοῦ, καὶ σφάξουσιν τὴν χίμαιραν τὴν τῆς ἁμαρτίας ἐν τόπῳ οὗ σφάζουσιν τὰ ὁλοκαυτώματα.	ponetque manum super caput hostiae quae pro peccato est et immolabit eam in loco holocausti	Ponetque manum super caput hosti qu pro peccato est, et immolabit eam in loco holocausti.		And he shall lay his hand upon the head of the sin offering, and slay the sin offering in the place of the burnt offering.
Lev	4	30	וְלָקַח הַכֹּהֵן מִדָּמָהּ בְּאֶצְבָּעוֹ וְנָתַן עַל־קַרְנֹת מִזְבַּח הָעֹלָה וְאֶת־כָּל־דָּמָהּ יִשְׁפֹּךְ אֶל־יְסוֹד הַמִּזְבֵּחַ ׃	καὶ λἠμψεται ὁ ἱερεὺς ἀπὸ τοῦ αἵματος αὐτῆς τῷ δακτύλῳ καὶ ἐπιθήσει ἐπὶ τὰ κέρατα τοῦ θυσιαστηρίου τῶν ὁλοκαυτωμάτων, καὶ πᾶν τὸ αἷμα αὐτῆς ἐκχεεῖ παρὰ τὴν βάσιν τοῦ θυσιαστηρίου.	tolletque sacerdos de sanguine in digito suo et tangens cornua altaris holocausti reliquum fundet ad basim eius	Tolletque sacerdos de sanguine in digito suo: et tangens cornua altaris holocausti, reliquum fundet ad basim ejus.		And the priest shall take of the blood thereof with his finger, and put it upon the horns of the altar of burnt offering, and shall pour out all the blood thereof at the bottom of the altar.
Lev	4	31	וְאֶת־כָּל־חֶלְבָּהּ יָסִיר כַּאֲשֶׁר הוּסַר חֵלֶב מֵעַל זֶבַח הַשְּׁלָמִים וְהִקְטִיר הַכֹּהֵן הַמִּזְבֵּחָה לְרֵיחַ נִיחֹחַ לַיהוָה וְכִפֶּר עָלָיו הַכֹּהֵן וְנִסְלַח לוֹ ׃ פ	καὶ πᾶν τὸ στέαρ περιελεῖ ὅν τρόπον περιαιρεῖται στέαρ ἀπὸ θυσίας σωτηρίου, καὶ ἀνοίσει ὁ ἱερεὺς ἐπὶ τὸ θυσιαστήριον εἰς ὀσμὴν εὐωδίας κυρίῳ· καὶ ἐξιλάσεται περὶ αὐτοῦ ὁ ἱερεύς, καὶ ἀφεθήσεται αὐτῷ.	omnem autem auferens adipem sicut auferri solet de victimis pacificorum adolebit super altare in odorem suavitatis Domino rogabitque pro eo et dimittetur ei	Omnem autem adipem auferens, sicut auferri solet de victimis pacificorum, adolebit super altare in odorem suavitatis Domino: rogabitque pro eo, et dimittetur ei.		And he shall take away all the fat thereof, as the fat is taken away from off the sacrifice of peace offerings; and the priest shall burn it upon the altar for a sweet savour unto the Lord; and the priest shall make an atonement for him, and it shall be forgiven him.
Lev	4	32	וְאִם־כֶּבֶשׂ יָבִיא קָרְבָּנוֹ לְחַטָּאת נְקֵבָה תְמִימָה יְבִיאֶנָּה ׃	Ἐὰν δὲ πρόβατον προσενέγκῃ τὸ δῶρον αὐτοῦ εἰς ἁμαρτίαν, θῆλυ ἄμωμον προσοίσει αὐτό.	sin autem de pecoribus obtulerit victimam pro peccato ovem scilicet inmaculatam	Sin autem de pecoribus obtulerit victimam pro peccato, ovem scilicet immaculatam:		And if he bring a lamb for a sin offering, he shall bring it a female without blemish.
Lev	4	33	וְסָמַךְ אֶת־יָדוֹ עַל רֹאשׁ הַחַטָּאת וְשָׁחַט אֹתָהּ לְחַטָּאת בִּמְקוֹם אֲשֶׁר יִשְׁחַט אֶת־הָעֹלָה ׃	καὶ ἐπιθήσει τὴν χεῖρα ἐπὶ τὴν κεφαλὴν αὐτοῦ τοῦ τῆς ἁμαρτίας, κα σφάξουσιν αὐτὸ ἐν τόπῳ οὗ σφάζουσιν τὰ ὁλοκαυτώματα.	ponet manum super caput eius et immolabit eam in loco ubi solent holocaustorum caedi hostiae	ponet manum super caput ejus, et immolabit eam in loco ubi solent cdi holocaustorum hosti.		And he shall lay his hand upon the head of the sin offering, and slay it for a sin offering in the place where they kill the burnt offering.
Lev	4	34	וְלָקַח הַכֹּהֵן מִדַּם הַחַטָּאת בְּאֶצְבָּעוֹ וְנָתַן עַל־קַרְנֹת מִזְבַּח הָעֹלָה וְאֶת־כָּל־דָּמָהּ יִשְׁפֹּךְ אֶל־יְסוֹד הַמִּזְבֵּחַ ׃	καὶ λαβὼν ὁ ἱερεὺς ἀπὸ τοῦ αἴματος τοῦ τῆς ἁμαρτίας τῷ δακτύλῳ ἐπιθήσει ἐπὶ τὰ κέρατα τοῦ θυσιαστηρίου τῆς ὁλοκαυτώσεως, καὶ πᾶν αὐτοῦ τὸ αἷμα ἐκχεεῖ παρὰ τὴν βάσιν τοῦ θυσιαστηρίου τῆς ὁλοκαυτώσεως.	sumetque sacerdos de sanguine eius digito suo et tangens cornua altaris holocausti reliquum fundet ad basim eius	Sumetque sacerdos de sanguine ejus digito suo, et tangens cornua altaris holocausti, reliquum fundet ad basim ejus.		And the priest shall take of the blood of the sin offering with his finger, and put it upon the horns of the altar of burnt offering, and shall pour out all the blood thereof at the bottom of the altar:
Lev	4	35	וְאֶת־כָּל־חֶלְבָּה יָסִיר כַּאֲשֶׁר יוּסַר חֵלֶב־הַכֶּשֶׂב מִזֶּבַח הַשְּׁלָמִים וְהִקְטִיר הַכֹּהֵן אֹתָם הַמִּזְבֵּחָה עַל אִשֵּׁי יְהוָה וְכִפֶּר עָלָיו הַכֹּהֵן עַל־חַטָּאתוֹ אֲשֶׁר־חָטָא וְנִסְלַח לוֹ ׃ פ	καὶ πᾶν αὐτοῦ τὸ στέαρ περιελεῖ ὃν τρόπον περιαιρεῖται στέαρ προβάτου ἐκ τῆς θυσίας τοῦ σωτηρίου, καὶ ἐπιθήσει αὐτὸ ὁ ἱερεὺς ἐπὶ τὸ θυσιαστήριον ἐπὶ τὸ ὁλοκαύτωμα Τυρίου· καὶ ἐξιλάσεται περὶ αὐτοῦ ὁ ἱερεὺς περὶ τῆς ἁμαρτίας ἧς ἥμαρτεν, καὶ ἀφεθήσεται αυτω.	omnem quoque auferens adipem sicut auferri solet adeps arietis qui immolatur pro pacificis et cremabit super altare in incensum Domini rogabitque pro eo et pro peccato eius et dimittetur illi	Omnem quoque adipem auferens, sicut auferri solet adeps arietis, qui immolatur pro pacificis, cremabit super altare in incensum Domini: rogabitque pro eo, et pro peccato ejus, et dimittetur ei.		And he shall take away all the fat thereof, as the fat of the lamb is taken away from the sacrifice of the peace offerings; and the priest shall burn them upon the altar, according to the offerings made by fire unto the Lord: and the priest shall make an atonement for his sin that he hath committed, and it shall be forgiven him.
Lev	5	1	וְנֶפֶשׁ כִּי־תֶחֱטָא וְשָׁמְעָה קוֹל אָלָה וְהוּא עֵד אוֹ רָאָה אוֹ יָדָע אִם־לוֹא יַגִּיד וְנָשָׂא עֲוֹנוֹ ׃	Ἐὰν δὲ ψυχὴ ἁμάρτῃ καὶ ἀκούσῃ φωνὴν ὁρκισμοῦ, καὶ οὗτος μάρτυς ἢ ἑώρακεν ἢ σύνοιδεν, ἐὰν μὴ ἀπαγγείλῃ, λήμψεται τὴν ἁμαρτίαν.	si peccaverit anima et audierit vocem iurantis testisque fuerit quod aut ipse vidit aut conscius est nisi indicaverit portabit iniquitatem suam	Si peccaverit anima, et audierit vocem jurantis, testisque fuerit quod aut ipse vidit, aut conscius est: nisi indicaverit, portabit iniquitatem suam.		And if a soul sin, and hear the voice of swearing, and is a witness, whether he hath seen or known of it; if he do not utter it, then he shall bear his iniquity.
Lev	5	2	אוֹ נֶפֶשׁ אֲשֶׁר תִּגַּע בְּכָל־דָּבָר טָמֵא אוֹ בְנִבְלַת חַיָּה טְמֵאָה אוֹ בְּנִבְלַת בְּהֵמָה טְמֵאָה אוֹ בְּנִבְלַת שֶׁרֶץ טָמֵא וְנֶעְלַם מִמֶּנּוּ וְהוּא טָמֵא וְאָשֵׁם ׃	ἢ ψυχὴ ἥτις ἐὰν ἅψηται παντὸς πράγματος ἀκαθάρτου, ἢ θνησιμαίου ἢ θηριαλώτου ἀκαθάρτου ἢ τῶν θνησιμαίων ἢ τῶν βδελυγμάτων τῶν ἀκαθάρτων ἢ τῶν θνησιμαίων κτηνῶν τῶν ἀκαθάρτων,	anima quae tetigerit aliquid inmundum sive quod occisum a bestia est aut per se mortuum vel quodlibet aliud reptile et oblita fuerit inmunditiae suae rea est et deliquit	Anima qu tetigerit aliquid immundum, sive quod occisum a bestia est, aut per se mortuum, aut quodlibet aliud reptile: et oblita fuerit immunditi su, rea est, et deliquit:		Or if a soul touch any unclean thing, whether it be a carcase of an unclean beast, or a carcase of unclean cattle, or the carcase of unclean creeping things, and if it be hidden from him; he also shall be unclean, and guilty.
Lev	5	3	אוֹ כִי יִגַּע בְּטֻמְאַת אָדָם לְכֹל טֻמְאָתוֹ אֲשֶׁר יִטְמָא בָּהּ וְנֶעְלַם מִמֶּנּוּ וְהוּא יָדַע וְאָשֵׁם ׃	ἢ ἅψηται ἀπὸ ἀκαθαρσίας ἀνθρώπου, ἀπὸ πάσης ἀκαθαρσίας αὐτοῦ ἧς ἂν ἁψάμενος μιανθῇ, καὶ ἔλαθεν αὐτόν, μετὰ τοῦτο δὲ γνῷ, καὶ πλημμελήσῃ·	et si tetigerit quicquam de inmunditia hominis iuxta omnem inpuritatem qua pollui solet oblitaque cognoverit postea subiacebit delicto	et si tetigerit quidquam de immunditia hominis juxta omnem impuritatem, qua pollui solet, oblitaque cognoverit postea, subjacebit delicto.		Or if he touch the uncleanness of man, whatsoever uncleanness it be that a man shall be defiled withal, and it be hid from him; when he knoweth of it, then he shall be guilty.
Lev	5	4	אוֹ נֶפֶשׁ כִּי תִשָּׁבַע לְבַטֵּא בִשְׂפָתַיִם לְהָרַע אוֹ לְהֵיטִיב לְכֹל אֲשֶׁר יְבַטֵּא הָאָדָם בִּשְׁבֻעָה וְנֶעְלַם מִמֶּנּוּ וְהוּא־יָדַע וְאָשֵׁם לְאַחַת מֵאֵלֶּה ׃	ἢ ψυχὴ ἡ ἄνομος ἡ διαστέλλουσα τοῖς χείλεσιν κακοποιῆσαι ἢ καλῶς ποιῆσαι κατὰ πάντα ὅσα ἐὰν διαστείλῃ ὁ ἄνθρωπος μεθ' ὅρκου, καὶ λάθῃ αὐτὸν πρὸ ὀφθαλμῶν, καὶ οὗτος γνῷ, καὶ ἁμάρτῃ ἔν τι τούτων·	anima quae iuraverit et protulerit labiis suis ut vel male quid faceret vel bene et id ipsum iuramento et sermone firmaverit oblitaque postea intellexerit delictum suum	Anima, qu juraverit, et protulerit labiis suis, ut vel male quid faceret, vel bene, et idipsum juramento et sermone firmaverit, oblitaque postea intellexerit delictum suum,		Or if a soul swear, pronouncing with his lips to do evil, or to do good, whatsoever it be that a man shall pronounce with an oath, and it be hid from him; when he knoweth of it, then he shall be guilty in one of these.
Lev	5	5	וְהָיָה כִי־יֶאְשַׁם לְאַחַת מֵאֵלֶּה וְהִתְוַדָּה אֲשֶׁר חָטָא עָלֶיהָ ׃	καὶ ἐξαγορεύσει τὴν ἁμαρτίαν περὶ ὧν ἡμάρτηκεν κατ’ αὐτῆς,	agat paenitentiam pro peccato	agat pnitentiam pro peccato,		And it shall be, when he shall be guilty in one of these things, that he shall confess that he hath sinned in that thing:
Lev	5	6	וְהֵבִיא אֶת־אֲשָׁמוֹ לַיהוָה עַל חַטָּאתוֹ אֲשֶׁר חָטָא נְקֵבָה מִן־הַצֹּאן כִּשְׂבָּה אוֹ־שְׂעִירַת עִזִּים לְחַטָּאת וְכִפֶּר עָלָיו הַכֹּהֵן מֵחַטָּאתוֹ ׃	καὶ οἴσει περὶ ὦν ἐπλημμέλησεν κυρίῳ, περὶ τῆς ἁμαρτίας ἧς ἥμαρτεν, θῆλυ ἀπὸ τῶν προβάτων, ἀμνάδα ἢ χίμαιραν ἐξ αἰγῶν περὶ ἁμαρτίας· καὶ ἐξιλάσεται περὶ αὐτοῦ ὁ ἱερεὺς περὶ τῆς ἁμαρτίας αὐτοῦ ἧς ἥμαρτεν, καὶ ἀφεθήσεται αὐτῷ ἡ ἁμαρτία.	et offerat agnam de gregibus sive capram orabitque pro eo sacerdos et pro peccato eius	et offerat de gregibus agnam sive capram, orabitque pro ea sacerdos et pro peccato ejus.		And he shall bring his trespass offering unto the Lord for his sin which he hath sinned, a female from the flock, a lamb or a kid of the goats, for a sin offering; and the priest shall make an atonement for him concerning his sin.
Lev	5	7	וְאִם־לֹא תַגִּיע יָדוֹ דֵּי שֶׂה וְהֵבִיא אֶת־אֲשָׁמוֹ אֲשֶׁר חָטָא שְׁתֵּי תֹרִים אוֹ־שְׁנֵי בְנֵי־יוֹנָה לַיהוָה אֶחָד לְחַטָּאת וְאֶחָד לְעֹלָה ׃	ἐὰν δὲ μὴ ἰσχύσῃ ἡ χεὶρ αὐτοῦ τὸ ἱκανὸν εἰς τὸ πρόβατον, οἴσει περὶ τῆς ἁμαρτίας αὐτοῦ ἧς ἥμαρτεν, δύο τρυγόνας ἢ δύο νοσσοὺς περιστερῶν κυρίῳ, ἕνα περὶ ἁμαρτίας καὶ ἕνα εἰς ὁλοκαύτωμα.	sin autem non potuerit offerre pecus offerat duos turtures vel duos pullos columbarum Domino unum pro peccato et alterum in holocaustum	Sin autem non potuerit offerre pecus, offerat duos turtures, vel duos pullos columbarum Domino, unum pro peccato, et alterum in holocaustum,		And if he be not able to bring a lamb, then he shall bring for his trespass, which he hath committed, two turtledoves, or two young pigeons, unto the Lord; one for a sin offering, and the other for a burnt offering.
Lev	5	8	וְהֵבִיא אֹתָם אֶל־הַכֹּהֵן וְהִקְרִיב אֶת־אֲשֶׁר לַחַטָּאת רִאשׁוֹנָה וּמָלַק אֶת־רֹאשׁוֹ מִמּוּל עָרְפּוֹ וְלֹא יַבְדִּיל ׃	καὶ οἴσει αὐτὰ πρὸς τὸν ἱερέα, καὶ προσάξει ὁ ἱερεὺς τὸ περὶ τῆς ἁμαρτίας πρότερον· καὶ ἀποκνίσει ὁ ἱερεὺς τὴν κεφαλὴν αὐτοῦ ἀπὸ τοῦ σφονδύλου καὶ οὐ διελεῖ,	dabitque eos sacerdoti qui primum offerens pro peccato retorquebit caput eius ad pinnulas ita ut collo hereat et non penitus abrumpatur	dabitque eos sacerdoti: qui primum offerens pro peccato, retorquebit caput ejus ad pennulas, ita ut collo hreat, et non penitus abrumpatur.		And he shall bring them unto the priest, who shall offer that which is for the sin offering first, and wring off his head from his neck, but shall not divide it asunder:
Lev	5	9	וְהִזָּה מִדַּם הַחַטָּאת עַל־קִיר הַמִּזְבֵּחַ וְהַנִּשְׁאָר בַּדָּם יִמָּצֵה אֶל־יְסוֹד הַמִּזְבֵּחַ חַטָּאת הוּא ׃	καὶ ῥανεῖ ἀπὸ τοῦ αἵματος τοῦ περὶ τῆς ἁμαρτίας ἐπὶ τὸν τοῖχον τοῦ θυσιαστηρίου, τὸ δὲ κατάλοιπον τοῦ αἵματος καταστραγγιεῖ ἐπὶ τὴν βάσιν τοῦ θυσιαστηρίου· ἁμαρτίας γάρ ἐστιν·	et asperget de sanguine eius parietem altaris quicquid autem reliquum fuerit faciet destillare ad fundamentum eius quia pro peccato est	Et asperget de sanguine ejus parietem altaris; quidquid autem reliquum fuerit, faciet distillare ad fundamentum ejus, quia pro peccato est.		And he shall sprinkle of the blood of the sin offering upon the side of the altar; and the rest of the blood shall be wrung out at the bottom of the altar: it is a sin offering.
Lev	5	10	וְאֶת־הַשֵּׁנִי יַעֲשֶׂה עֹלָה כַּמִּשְׁפָּט וְכִפֶּר עָלָיו הַכֹּהֵן מֵחַטָּאתוֹ אֲשֶׁר־חָטָא וְנִסְלַח לוֹ ׃ ס	καὶ τὸ δεύτερον ποιήσει ὁλοκαύτωμα ὡς καθήκει· καὶ ἐξιλάσεται ὁ ἱερεὺς περὶ τῆς ἁμαρτίας αὐτοῦ ἧς ἥμαρτεν, καὶ ἀφεθήσεται αὐτῷ.	alterum vero adolebit holocaustum ut fieri solet rogabitque pro eo sacerdos et pro peccato eius et dimittetur ei	Alterum vero adolebit in holocaustum, ut fieri solet: rogabitque pro eo sacerdos et pro peccato ejus, et dimittetur ei.		And he shall offer the second for a burnt offering, according to the manner: and the priest shall make an atonement for him for his sin which he hath sinned, and it shall be forgiven him.
Lev	5	11	וְאִם־לֹא תַשִּׂיג יָדוֹ לִשְׁתֵּי תֹרִים אוֹ לִשְׁנֵי בְנֵי־יוֹנָה וְהֵבִיא אֶת־קָרְבָּנוֹ אֲשֶׁר חָטָא עֲשִׂירִת הָאֵפָה סֹלֶת לְחַטָּאת לֹא־יָשִׂים עָלֶיהָ שֶׁמֶן וְלֹא־יִתֵּן עָלֶיהָ לְבֹנָה כִּי חַטָּאת הִיא ׃	Ἐὰν δὲ μὴ εὑρίσκῃ αὐτοῦ ἡ χεὶρ ζεῦγος τρυγόνων ἢ δύο νοσσοῦς περιστερῶν, καὶ οἴσει τὸ δῶρον αὐτοῦ περὶ οὗ ἥμαρτεν τὸ δέκατον τοῦ οἰφὶ σεμιδάλεως περὶ ἁμαρτίας· οὐκ ἐπιχεεῖ ἐπ’ αὐτὸ ἔλαιον οὐδὲ ἐπιθήσει ἐπ’ αὐτὸ λίβανον, ἅτι περὶ ἁμαρτίας ἐστίν·	quod si non quiverit manus eius offerre duos turtures vel duos pullos columbae offeret pro peccato similam partem oephi decimam non mittet in eam oleum nec turis aliquid inponet quia pro peccato est	Quod si non quiverit manus ejus duos offerre turtures, aut duos pullos columbarum, offeret pro peccato suo simil partem ephi decimam: non mittet in eam oleum, nec thuris aliquid imponet, quia pro peccato est.		But if he be not able to bring two turtledoves, or two young pigeons, then he that sinned shall bring for his offering the tenth part of an ephah of fine flour for a sin offering; he shall put no oil upon it, neither shall he put any frankincense thereon: for it is a sin offering.
Lev	5	12	וֶהֱבִיאָהּ אֶל־הַכֹּהֵן וְקָמַץ הַכֹּהֵן מִמֶּנָּה מְלוֹא קֻמְצוֹ אֶת־אַזְכָּרָתָה וְהִקְטִיר הַמִּזְבֵּחָה עַל אִשֵּׁי יְהוָה חַטָּאת הִוא ׃	καὶ οἴσει αὐτὸ πρὸς τὸν ἴε ῥέα. καὶ δραξάμενος ὁ ἱερεὺς ἀπ’ αὐτῆς πλήρη τὴν δράκα, τὸ μνημόσυνον αὐτῆς ἐπιθήσει ἐπὶ τὸ θυσιαστήριον τῶν ὁλοκαυτωμάτων ;3 κυρίῳ· ἁμαρτία ἐστίν.	tradetque eam sacerdoti qui plenum ex toto pugillum hauriens cremabit super altare in monumentum eius qui obtulit	Tradetque eam sacerdoti: qui plenum ex ea pugillum hauriens, cremabit super altare in monimentum ejus qui obtulerit,		Then shall he bring it to the priest, and the priest shall take his handful of it, even a memorial thereof, and burn it on the altar, according to the offerings made by fire unto the Lord: it is a sin offering.
Lev	5	13	וְכִפֶּר עָלָיו הַכֹּהֵן עַל־חַטָּאתוֹ אֲשֶׁר־חָטָא מֵאַחַת מֵאֵלֶּה וְנִסְלַח לוֹ וְהָיְתָה לַכֹּהֵן כַּמִּנְחָה ׃ ס	καὶ ἐξιλάσεται περὶ αὐτοῦ ὁ ἱερεὺς περὶ τῆς ἁμαρτίας αὐτοῦ ἧς ἥμαρτεν ἐφ’ ἑνὸς τούτων, καὶ ἀφεθήσεται αὐτῷ. τὸ δὲ καταλειφθὲν ἔσται τῷ ἱερεῖ, ὡς ἡ θυσία τῆς σεμιδάλεως.	rogans pro illo et expians reliquam vero partem ipse habebit in munere	rogans pro illo et expians: reliquam vero partem ipse habebit in munere.		And the priest shall make an atonement for him as touching his sin that he hath sinned in one of these, and it shall be forgiven him: and the remnant shall be the priest's, as a meat offering.
Lev	5	14	וַיְדַבֵּר יְהוָה אֶל־מֹשֶׁה לֵּאמֹר ׃	Καὶ ἐλάλησεν κύριος πρὸς Μωυσῆν λέγων	locutus est Dominus ad Mosen dicens	Locutusque est Dominus ad Moysen, dicens:		And the Lord spake unto Moses, saying,
Lev	5	15	נֶפֶשׁ כִּי־תִמְעֹל מַעַל וְחָטְאָה בִּשְׁגָגָה מִקָּדְשֵׁי יְהוָה וְהֵבִיא אֶת־אֲשָׁמוֹ לַיהוָה אַיִל תָּמִים מִן־הַצֹּאן בְּעֶרְכְּךָ כֶּסֶף־שְׁקָלִים בְּשֶׁקֶל־הַקֹּדֶשׁ לְאָשָׁם ׃	ψυχὴ ἐὰν λάθῃ αὐτὸν λήθη καὶ ἁμάρτῃ ἀκουσίως ἀπὸ τῶν ἁγίων κυρίου, καὶ οἴσει τῆς πλημμελίας αὐτοῦ τῷ κυρίῳ κριὸν ἄμωμον ἐκ τῶν προβάτων τιμῆς ἀργυρίου σίκλων, τῷ σίκλῳ τῶν ἁγίων, περὶ οὗ ἐπλημμέλησεν.	anima si praevaricans caerimonias per errorem in his quae Domino sunt sanctificata peccaverit offeret pro delicto suo arietem inmaculatum de gregibus qui emi potest duobus siclis iuxta pondus sanctuarii	Anima si prvaricans cremonias, per errorem, in his qu Domino sunt sanctificata, peccaverit, offeret pro delicto suo arietem immaculatum de gregibus, qui emi potest duobus siclis, juxta pondus sanctuarii:		If a soul commit a trespass, and sin through ignorance, in the holy things of the Lord; then he shall bring for his trespass unto the Lord a ram without blemish out of the flocks, with thy estimation by shekels of silver, after the shekel of the sanctuary, for a trespass offering.
Lev	5	16	וְאֵת אֲשֶׁר חָטָא מִן־הַקֹּדֶשׁ יְשַׁלֵּם וְאֶת־חֲמִישִׁתוֹ יוֹסֵף עָלָיו וְנָתַן אֹתוֹ לַכֹּהֵן וְהַכֹּהֵן יְכַפֵּר עָלָיו בְּאֵיל הָאָשָׁם וְנִסְלַח לוֹ ׃ פ	καὶ ὃ ἥμαρτεν ἀπὸ τῶν ἁγίων ἀποτίσαι αὐτό, καὶ τὸ ἐπίπεμπτον προσθήσει ἐπ’ αὐτό, καὶ δώσει αὐτὸ τῷ ἱερεῖ· καὶ ὁ ἱερεὺς ἐξιλάσεται περὶ αὐτοῦ ἐν τῷ κριῷ τῆς πλημμελίας, καὶ ἀφεθήσεται αὐτῷ.	ipsumque quod intulit damni restituet et quintam partem ponet supra tradens sacerdoti qui rogabit pro eo offerens arietem et dimittetur ei	ipsumque quod intulit damni restituet, et quintam partem ponet supra, tradens sacerdoti, qui rogabit pro eo offerens arietem, et dimittetur ei.		And he shall make amends for the harm that he hath done in the holy thing, and shall add the fifth part thereto, and give it unto the priest: and the priest shall make an atonement for him with the ram of the trespass offering, and it shall be forgiven him.
Lev	5	17	וְאִם־נֶפֶשׁ כִּי תֶחֱטָא וְעָשְׂתָה אַחַת מִכָּל־מִצְוֹת יְהוָה אֲשֶׁר לֹא תֵעָשֶׂינָה וְלֹא־יָדַע וְאָשֵׁם וְנָשָׂא עֲוֹנוֹ ׃	Καὶ ἡ ψυχὴ ἢ ἄν ἁμάρτῃ καὶ ποιήση μίαν ἀπὸ πασῶν τῶν ἐντολῶν κυρίου ὧν οὐ δεῖ ποιεῖν, καὶ οὐκ ἔγνω, καὶ πλημμελήσῃ καὶ λάβῃ τὴν ἁμαρτίαν,	anima si peccaverit per ignorantiam feceritque unum ex his quae Domini lege prohibentur et peccati rea intellexerit iniquitatem suam	Anima si peccaverit per ignorantiam, feceritque unum ex his qu Domini lege prohibentur, et peccati rea intellexerit iniquitatem suam,		And if a soul sin, and commit any of these things which are forbidden to be done by the commandments of the Lord; though he wist it not, yet is he guilty, and shall bear his iniquity.
Lev	5	18	וְהֵבִיא אַיִל תָּמִים מִן־הַצֹּאן בְּעֶרְכְּךָ לְאָשָׁם אֶל־הַכֹּהֵן וְכִפֶּר עָלָיו הַכֹּהֵן עַל שִׁגְגָתוֹ אֲשֶׁר־שָׁגָג וְהוּא לֹא־יָדַע וְנִסְלַח לוֹ ׃	καὶ οἴσει κριὸν ἄμωμον ἐκ τῶν προβάτων τιμῆς ἀργυρίου εἰς πλημμελίαν πρὸς τὸν ἱερέα· καὶ ἐξιλάσεται περὶ αὐτοῦ ὁ ἱερεὺς περὶ τῆς ἀγνοίας αὐτοῦ, ἧς ἠγνόησεν καὶ αὐτὸς οὐκ ᾔδει, καὶ ἀφεθήσεται αὐτῷ·	offeret arietem inmaculatum de gregibus sacerdoti iuxta mensuram aestimationemque peccati qui orabit pro eo quod nesciens fecerit et dimittetur ei	offeret arietem immaculatum de gregibus sacerdoti, juxta mensuram stimationemque peccati: qui orabit pro eo, quia nesciens fecerit: et dimittetur ei,		And he shall bring a ram without blemish out of the flock, with thy estimation, for a trespass offering, unto the priest: and the priest shall make an atonement for him concerning his ignorance wherein he erred and wist it not, and it shall be forgiven him.
Lev	5	19	אָשָׁם הוּא אָשֹׁם אָשַׁם לַיהוָה ׃ פ	ἐπλημμέλησεν γὰρ πλημμέλησιν ἔναντι κυρίου.	quia per errorem deliquit in Dominum	quia per errorem deliquit in Dominum.		It is a trespass offering: he hath certainly trespassed against the Lord.
Lev	5	20	וַיְדַבֵּר יְהוָה אֶל־מֹשֶׁה לֵּאמֹר ׃					
Lev	5	21	נֶפֶשׁ כִּי תֶחֱטָא וּמָעֲלָה מַעַל בַּיהוָה וְכִחֵשׁ בַּעֲמִיתוֹ בְּפִקָּדוֹן אוֹ־בִתְשׂוּמֶת יָד אוֹ בְגָזֵל אוֹ עָשַׁק אֶת־עֲמִיתוֹ ׃					
Lev	5	22	אוֹ־מָצָא אֲבֵדָה וְכִחֶשׁ בָּהּ וְנִשְׁבַּע עַל־שָׁקֶר עַל־אַחַת מִכֹּל אֲשֶׁר־יַעֲשֶׂה הָאָדָם לַחֲטֹא בָהֵנָּה ׃					
Lev	5	23	וְהָיָה כִּי־יֶחֱטָא וְאָשֵׁם וְהֵשִׁיב אֶת־הַגְּזֵלָה אֲשֶׁר גָּזָל אוֹ אֶת־הָעֹשֶׁק אֲשֶׁר עָשָׁק אוֹ אֶת־הַפִּקָּדוֹן אֲשֶׁר הָפְקַד אִתּוֹ אוֹ אֶת־הָאֲבֵדָה אֲשֶׁר מָצָא ׃					
Lev	5	24	אוֹ מִכֹּל אֲשֶׁר־יִשָּׁבַע עָלָיו לַשֶּׁקֶר וְשִׁלַּם אֹתוֹ בְּרֹאשׁוֹ וַחֲמִשִׁתָיו יֹסֵף עָלָיו לַאֲשֶׁר הוּא לוֹ יִתְּנֶנּוּ בְּיוֹם אַשְׁמָתוֹ ׃					
Lev	5	25	וְאֶת־אֲשָׁמוֹ יָבִיא לַיהוָה אַיִל תָּמִים מִן־הַצֹּאן בְּעֶרְכְּךָ לְאָשָׁם אֶל־הַכֹּהֵן ׃					
Lev	5	26	וְכִפֶּר עָלָיו הַכֹּהֵן לִפְנֵי יְהוָה וְנִסְלַח לוֹ עַל־אַחַת מִכֹּל אֲשֶׁר־יַעֲשֶׂה לְאַשְׁמָה בָהּ ׃ פ					
Lev	6	1	וַיְדַבֵּר יְהוָה אֶל־מֹשֶׁה לֵּאמֹר ׃	Καὶ ἐλάλησεν κύριος πρὸς Μωυσῆν λέγων	locutus est Dominus ad Mosen dicens	Locutus est Dominus ad Moysen, dicens:		And the Lord spake unto Moses, saying,
Lev	6	2	צַו אֶת־אַהֲרֹן וְאֶת־בָּנָיו לֵאמֹר זֹאת תּוֹרַת הָעֹלָה הִוא הָעֹלָה עַל מוֹקְדָה עַל־הַמִּזְבֵּחַ כָּל־הַלַּיְלָה עַד־הַבֹּקֶר וְאֵשׁ הַמִּזְבֵּחַ תּוּקַד בּוֹ ׃	Ψυχὴ ἐὰν ἁμάρτῃ καὶ παριδὼν παρίδῃ τὰς ἐντολὰς κυρίου καὶ ψεύσηται τὰ πρὸς τὸν πλησίον ἐν παραθήκῃ ἢ περὶ κοινωνίας ἢ περὶ ἁρπαγῆς ἢ ἠδίκησέν τι τὸν πλησίον	anima quae peccaverit et contempto Domino negaverit depositum proximo suo quod fidei eius creditum fuerat vel vi aliquid extorserit aut calumniam fecerit	Anima qu peccaverit, et contempto Domino, negaverit proximo suo depositum quod fidei ejus creditum fuerat, vel vi aliquid extorserit, aut calumniam fecerit,		If a soul sin, and commit a trespass against the Lord, and lie unto his neighbour in that which was delivered him to keep, or in fellowship, or in a thing taken away by violence, or hath deceived his neighbour;
Lev	6	3	וְלָבַשׁ הַכֹּהֵן מִדּוֹ בַד וּמִכְנְסֵי־בַד יִלְבַּשׁ עַל־בְּשָׂרוֹ וְהֵרִים אֶת־הַדֶּשֶׁן אֲשֶׁר תֹּאכַל הָאֵשׁ אֶת־הָעֹלָה עַל־הַמִּזְבֵּחַ וְשָׂמוֹ אֵצֶל הַמִּזְבֵּחַ ׃	ἢ εὗρεν ἀπωvλίαν καὶ ψεύσηται περὶ αὐτῆς, καὶ ὀμόσῃ ἀδίκως περὶ ἑνὸς ἀπὸ πάντων ὧν ἐὰν ποιήσῃ ὁ ἄνθρωπος ὥστε ἁμαρτεῖν ἐν τούτοις,	sive rem perditam invenerit et infitians insuper peierarit et quodlibet aliud ex pluribus fecerit in quibus peccare solent homines	sive rem perditam invenerit, et inficians insuper pejeraverit, et quodlibet aliud ex pluribus fecerit, in quibus solent peccare homines,		Or have found that which was lost, and lieth concerning it, and sweareth falsely; in any of all these that a man doeth, sinning therein:
Lev	6	4	וּפָשַׁט אֶת־בְּגָדָיו וְלָבַשׁ בְּגָדִים אֲחֵרִים וְהוֹצִיא אֶת־הַדֶּשֶׁן אֶל־מִחוּץ לַמַּחֲנֶה אֶל־מָקוֹם טָהוֹר ׃	καὶ ἔσται ἡνίκα ἐὰν ἁμάρτῃ καὶ πλημμελήσῃ, καὶ ἀποδῷ τὸ ἅρπαγμα, ὃ ἥρπασεν, ἢ τὸ ἀδίκημα, ὃ ἠδίκησεν, ἢ τὴν παραθήκην, ἥτις παρετέθη αὐτῷ, ἢ τὴν ἀπωλίαν, ἣν εὗρεν,	convicta delicti reddet	convicta delicti,		Then it shall be, because he hath sinned, and is guilty, that he shall restore that which he took violently away, or the thing which he hath deceitfully gotten, or that which was delivered him to keep, or the lost thing which he found,
Lev	6	5	וְהָאֵשׁ עַל־הַמִּזְבֵּחַ תּוּקַד־בּוֹ לֹא תִכְבֶּה וּבִעֵר עָלֶיהָ הַכֹּהֵן עֵצִים בַּבֹּקֶר בַּבֹּקֶר וְעָרַךְ עָלֶיהָ הָעֹלָה וְהִקְטִיר עָלֶיהָ חֶלְבֵי הַשְּׁלָמִים ׃	ἀπὸ παντὸς πράγματος, οὗ ὤμοσεν περὶ αὐτοῦ ἀδίκως, καὶ ἀποτίσει αὐτὸ τὸ κεφάλαιον. καὶ τὸ πέμπτον προσθήσει ἐπ᾽ αὐτό· τίνος ἐστίν, αὐτῷ ἀποδώσει ᾗ ἡμέρᾳ ἐλεγχθῇ.	omnia quae per fraudem voluit obtinere integra et quintam insuper partem domino cui damnum intulerat	reddet omnia, qu per fraudem voluit obtinere, integra, et quintam insuper partem domino cui damnum intulerat.		Or all that about which he hath sworn falsely; he shall even restore it in the principal, and shall add the fifth part more thereto, and give it unto him to whom it appertaineth, in the day of his trespass offering.
Lev	6	6	אֵשׁ תָּמִיד תּוּקַד עַל־הַמִּזְבֵּחַ לֹא תִכְבֶה ׃ ס	καὶ τῆς πλημμελίας αὐτοῦ οἴσει τῷ κυρίῳ κριὸν ἀπὸ τῶν προβάτων ἄμωμον τιμῆς εἰς ὃ ἐπλημμέλησεν αὐτῷ.	pro peccato autem suo offeret arietem inmaculatum de grege et dabit eum sacerdoti iuxta aestimationem mensuramque delicti	Pro peccato autem suo offeret arietem immaculatum de grege, et dabit eum sacerdoti, juxta stimationem mensuramque delicti:		And he shall bring his trespass offering unto the Lord, a ram without blemish out of the flock, with thy estimation, for a trespass offering, unto the priest:
Lev	6	7	וְזֹאת תּוֹרַת הַמִּנְחָה הַקְרֵב אֹתָהּ בְּנֵי־אַהֲרֹן לִפְנֵי יְהוָה אֶל־פְּנֵי הַמִּזְבֵּחַ ׃	καὶ ἐξιλάσεται περὶ αὐτοῦ ὁ ἱερεὺς ἔναντι Κυρίου, καὶ ἀφεθήσεται αὐτῷ περὶ ἑνὸς ἀπὸ πάντων ὧν ἐποίησεν καὶ ἐπλημμέλησεν αὐτῷ.	qui rogabit pro eo coram Domino et dimittetur illi pro singulis quae faciendo peccaverit	qui rogabit pro eo coram Domino, et dimittetur illi pro singulis qu faciendo peccavit.		And the priest shall make an atonement for him before the Lord: and it shall be forgiven him for any thing of all that he hath done in trespassing therein.
Lev	6	8	וְהֵרִים מִמֶּנּוּ בְּקֻמְצוֹ מִסֹּלֶת הַמִּנְחָה וּמִשַּׁמְנָהּ וְאֵת כָּל־הַלְּבֹנָה אֲשֶׁר עַל־הַמִּנְחָה וְהִקְטִיר הַמִּזְבֵּחַ רֵיחַ נִיחֹחַ אַזְכָּרָתָהּ לַיהוָה ׃	Καὶ ἐλάλησεν κύριος πρὸς Μωυσῆν λέγων	locutus est Dominus ad Mosen dicens	Locutusque est Dominus ad Moysen, dicens:		And the Lord spake unto Moses, saying,
Lev	6	9	וְהַנּוֹתֶרֶת מִמֶּנָּה יֹאכְלוּ אַהֲרֹן וּבָנָיו מַצּוֹת תֵּאָכֵל בְּמָקוֹם קָדֹשׁ בַּחֲצַר אֹהֶל־מוֹעֵד יֹאכְלוּהָ ׃	Ἔντειλαι Ἀαρὼν καὶ τοῖς υἱοῖς αὐτοῦ λέγων Οὗτος ὁ νόμος τῆς ὁλοκαυτώσεως· αὐτὴ ἡ ὁλοκαύτωσις ἐπὶ τῆς καύσεως αὐτῆς ἐπὶ τοῦ θυσιαστηρίου ὅλην τὴν νύκτα ἕως τὸ πρωί, καὶ τὸ πῦρ τοῦ θυσιαστηρίου καυθήσεται ἐπ᾽ αὐτοῦ, οὐ σβεσθήσεται.	praecipe Aaron et filiis eius haec est lex holocausti cremabitur in altari tota nocte usque mane ignis ex eodem altari erit	Prcipe Aaron et filiis ejus: Hc est lex holocausti: cremabitur in altari tota nocte usque mane: ignis ex eodem altari erit.		Command Aaron and his sons, saying, This is the law of the burnt offering: It is the burnt offering, because of the burning upon the altar all night unto the morning, and the fire of the altar shall be burning in it.
Lev	6	10	לֹא תֵאָפֶה חָמֵץ חֶלְקָם נָתַתִּי אֹתָהּ מֵאִשָּׁי קֹדֶשׁ קָדָשִׁים הִוא כַּחַטָּאת וְכָאָשָׁם ׃	καὶ ἐνδύσεται ὁ ἱερεὺς χιτῶνα λινοῦν, καὶ περισκελὲς λινοῦν ἐνδύσεται περὶ τὸ σῶμα αὐτοῦ, καὶ ἀφελεῖ τὴν κατακάρπωσιν, ἣν ἂν καταναλώσῃ τὸ πῦρ τὴν ὁλοκαύτωσιν ἀπὸ τοῦ θυσιαστηρίου, καὶ παραθήσει αὐτὸ ἐχόμενον τοῦ θυσιαστηρίου.	vestietur sacerdos tunica et feminalibus lineis tolletque cineres quos vorans ignis exusit et ponens iuxta altare	Vestietur tunica sacerdos et feminalibus lineis: tolletque cineres, quos vorans ignis exussit, et ponens juxta altare,		And the priest shall put on his linen garment, and his linen breeches shall he put upon his flesh, and take up the ashes which the fire hath consumed with the burnt offering on the altar, and he shall put them beside the altar.
Lev	6	11	כָּל־זָכָר בִּבְנֵי אַהֲרֹן יֹאכֲלֶנָּה חָק־עוֹלָם לְדֹרֹתֵיכֶם מֵאִשֵּׁי יְהוָה כֹּל אֲשֶׁר־יִגַּע בָּהֶם יִקְדָּשׁ ׃ פ	καὶ ἐκδύσεται τὴν στολὴν αὐτοῦ καὶ ἐνδύσεται στολὴν ἄλλην, καὶ ἐξοίσει τὴν κατακάρπωσιν ἔξω τῆς παρεμβολῆς εἰς τόπον καθαρόν.	spoliabitur prioribus vestimentis indutusque aliis efferet eos extra castra et in loco mundissimo usque ad favillam consumi faciet	spoliabitur prioribus vestimentis, indutusque aliis, efferret eos extra castra, et in loco mundissimo usque ad favillam consumi faciet.		And he shall put off his garments, and put on other garments, and carry forth the ashes without the camp unto a clean place.
Lev	6	12	וַיְדַבֵּר יְהוָה אֶל־מֹשֶׁה לֵּאמֹר ׃	καὶ πῦρ ἐπὶ τὸ θυσιαστήριον καυθήσεται ἀπ᾽ αὐτοῦ, καὶ οὐ σβεσθήσεται· καὶ καύσει ὁ ἱερεὺς ἐπ᾽ αὐτὸ ξύλα τὸ πρωὶ, καὶ στοιβάσει ἐπ᾽ αὐτοῦ τὴν ὁλοκαύτωσιν καὶ ἐπιθήσει ἐπ᾽ αὐτὸ τὸ στέαρ τοῦ σωτηρίου.	ignis autem in altari semper ardebit quem nutriet sacerdos subiciens ligna mane per singulos dies et inposito holocausto desuper adolebit adipes pacificorum	Ignis autem in altari semper ardebit, quem nutriet sacerdos subjiciens ligna mane per singulos dies, et imposito holocausto, desuper adolebit adipes pacificorum.		And the fire upon the altar shall be burning in it; it shall not be put out: and the priest shall burn wood on it every morning, and lay the burnt offering in order upon it; and he shall burn thereon the fat of the peace offerings.
Lev	6	13	זֶה קָרְבַּן אַהֲרֹן וּבָנָיו אֲשֶׁר־יַקְרִיבוּ לַיהוָה בְּיוֹם הִמָּשַׁח אֹתוֹ עֲשִׂירִת הָאֵפָה סֹלֶת מִנְחָה תָּמִיד מַחֲצִיתָהּ בַּבֹּקֶר וּמַחֲצִיתָהּ בָּעָרֶב ׃	καὶ πῦρ διὰ παντὸς καυθήσεται ἐπὶ τὸ θυσιαστήριον, οὐ σβεσθήσεται.	ignis est iste perpetuus qui numquam deficiet in altari	Ignis est iste perpetuus, qui numquam deficiet in altari.		The fire shall ever be burning upon the altar; it shall never go out.
Lev	6	14	עַל־מַחֲבַת בַּשֶּׁמֶן תֵּעָשֶׂה מֻרְבֶּכֶת תְּבִיאֶנָּה תֻּפִינֵי מִנְחַת פִּתִּים תַּקְרִיב רֵיחַ־נִיחֹחַ לַיהוָה ׃	Οὗτος ὁ νόμος τῆς θυσίας ἣν προσάξουσιν αὐτὴν οἱ υἱοὶ Ααρων ἔναντι κυρίου ἀπέναντι τοῦ θυσιαστηρίου·	haec est lex sacrificii et libamentorum quae offerent filii Aaron coram Domino et coram altari	Hc est lex sacrificii et libamentorum, qu offerent filii Aaron coram Domino, et coram altari.		And this is the law of the meat offering: the sons of Aaron shall offer it before the Lord, before the altar.
Lev	6	15	וְהַכֹּהֵן הַמָּשִׁיחַ תַּחְתָּיו מִבָּנָיו יַעֲשֶׂה אֹתָהּ חָק־עוֹלָם לַיהוָה כָּלִיל תָּקְטָר ׃	καὶ ἀφελεῖ ἀπ᾽ αὐτοῦ τῇ δρακὶ ἀπὸ τῆς σεμιδάλεως τῆς θυσίας σὺν τῷ ἐλαίῳ αὐτῆς καὶ σὺν τῷ λιβάνῳ αὐτῆς τὰ ὄντα ἐπὶ τῆς θυσίας καὶ ἀνοίσει ἐπὶ τὸ θυσιαστήριον κάρπωμα· ὀσμὴ εὐωδίας, τὸ μνημόσυνον αὐτῆς τῷ κυρίῳ.	tollet sacerdos pugillum similae quae conspersa est oleo et totum tus quod super similam positum est adolebitque illud in altari in monumentum odoris suavissimi Domino	Tollet sacerdos pugillum simil, qu conspersa est oleo, et totum thus, quod super similam positum est: adolebitque illud in altari in monimentum odoris suavissimi Domino:		And he shall take of it his handful, of the flour of the meat offering, and of the oil thereof, and all the frankincense which is upon the meat offering, and shall burn it upon the altar for a sweet savour, even the memorial of it, unto the Lord.
Lev	6	16	וְכָל־מִנְחַת כֹּהֵן כָּלִיל תִּהְיֶה לֹא תֵאָכֵל ׃ פ	τὸ δὲ καταλειφθὲν ἀπ᾽ αὐτῆς ἔδεται Ἀαρὼν καὶ οἱ υἱοὶ αὐτοῦ· ἄζυμα βρωθήσεται ἐν τόπῳ ἁγίῳ, ἐν αὐλῇ τῆς σκηνῆς τοῦ μαρτυρίου ἔδονται αὐτήν.	reliquam autem partem similae comedet Aaron cum filiis suis absque fermento et comedet in loco sancto atrii tabernaculi	reliquam autem partem simil comedet Aaron cum filiis suis, absque fermento: et comedet in loco sancto atrii tabernaculi.		And the remainder thereof shall Aaron and his sons eat: with unleavened bread shall it be eaten in the holy place; in the court of the tabernacle of the congregation they shall eat it.
Lev	6	17	וַיְדַבֵּר יְהוָה אֶל־מֹשֶׁה לֵּאמֹר ׃	οὐ πεφθήσεται ἐζυμωμένη· μερίδα αὐτὴν ἔδωκα αὐτοῖς ἀπὸ τῶν καρπωμάτων Κυρίου· ἅγια ἁγίων ὥσπερ τὸ τῆς ἁμαρτίας καὶ ὥσπερ τὸ τῆς πλημμελίας.	ideo autem non fermentabitur quia pars eius in Domini offertur incensum sanctum sanctorum erit sicut pro peccato atque delicto	Ideo autem non fermentabitur, quia pars ejus in Domini offertur incensum. Sanctum sanctorum erit, sicut pro peccato atque delicto.		It shall not be baken with leaven. I have given it unto them for their portion of my offerings made by fire; it is most holy, as is the sin offering, and as the trespass offering.
Lev	6	18	דַּבֵּר אֶל־אַהֲרֹן וְאֶל־בָּנָיו לֵאמֹר זֹאת תּוֹרַת הַחַטָּאת בִּמְקוֹם אֲשֶׁר תִּשָּׁחֵט הָעֹלָה תִּשָּׁחֵט הַחַטָּאת לִפְנֵי יְהוָה קֹדֶשׁ קָדָשִׁים הִוא ׃	πᾶν ἀρσενικὸν τῶν ἱερέων ἔδονται αὐτήν· νόμιμον αἰώνιον εἰς τὰς γενεὰς ὑμῶν ἀπὸ τῶν καρπωμάτων Κυρίου. πᾶς ὃς ἐὰν ἅψηται αὐτῶν ἁγιασθήσεται.	mares tantum stirpis Aaron comedent illud legitimum ac sempiternum est in generationibus vestris de sacrificiis Domini omnis qui tetigerit illa sanctificabitur	Mares tantum stirpis Aaron comedent illud. Legitimum ac sempiternum erit in generationibus vestris de sacrificiis Domini: omnis qui tetigerit illa, sanctificabitur.		All the males among the children of Aaron shall eat of it. It shall be a statute for ever in your generations concerning the offerings of the Lord made by fire: every one that toucheth them shall be holy.
Lev	6	19	הַכֹּהֵן הַמְחַטֵּא אֹתָהּ יֹאכֲלֶנָּה בְּמָקוֹם קָדֹשׁ תֵּאָכֵל בַּחֲצַר אֹהֶל מוֹעֵד ׃	Καὶ ἐλάλησεν κύριος πρὸς Μωυσῆν λέγων	et locutus est Dominus ad Mosen dicens	Locutusque est Dominus ad Moysen, dicens:		And the Lord spake unto Moses, saying,
Lev	6	20	כֹּל אֲשֶׁר־יִגַּע בִּבְשָׂרָהּ יִקְדָּשׁ וַאֲשֶׁר יִזֶּה מִדָּמָהּ עַל־הַבֶּגֶד אֲשֶׁר יִזֶּה עָלֶיהָ תְּכַבֵּס בְּמָקוֹם קָדֹשׁ ׃	Τοῦτο τὸ δῶρον Ἀαρὼν καὶ τῶν υἱῶν αὐτοῦ ὃ προσοίσουσιν Κυρίῳ ἐν τῇ ἡμέρᾳ, ᾗ ἂν χρίσῃς αὐτόν, τὸ δέκατον τοῦ οἰφι σεμιδάλεως εἰς θυσίαν διὰ παντός, τὸ ἥμισυ αὐτῆς τὸ πρωὶ καὶ τὸ ἥμισυ αὐτῆς τὸ δειλινόν.	haec est oblatio Aaron et filiorum eius quam offerre debent Domino in die unctionis suae decimam partem oephi offerent similae in sacrificio sempiterno medium eius mane et medium vespere	Hc est oblatio Aaron, et filiorum ejus, quam offerre debent Domino in die unctionis su. Decimam partem ephi offerent simil in sacrificio sempiterno, medium ejus mane, et medium ejus vespere:		This is the offering of Aaron and of his sons, which they shall offer unto the Lord in the day when he is anointed; the tenth part of an ephah of fine flour for a meat offering perpetual, half of it in the morning, and half thereof at night.
Lev	6	21	וּכְלִי־חֶרֶשׂ אֲשֶׁר תְּבֻשַּׁל־בּוֹ יִשָּׁבֵר וְאִם־בִּכְלִי נְחֹשֶׁת בֻּשָּׁלָה וּמֹרַק וְשֻׁטַּף בַּמָּיִם ׃	ἐπὶ τηγάνου ἐν ἐλαίῳ ποιηθήσεται, πεφυραμένην οἴσει αὐτήν, ἑλικτά, θυσίαν ἐκ κλασμάτων, θυσίαν ὀσμὴν εὐωδίας κυρίῳ.	quae in sartagine oleo conspersa frigetur offeret autem eam calidam in odorem suavissimum Domino	qu in sartagine oleo conspersa frigetur. Offeret autem eam calidam in odorem suavissimum Domino		In a pan it shall be made with oil; and when it is baken, thou shalt bring it in: and the baken pieces of the meat offering shalt thou offer for a sweet savour unto the Lord.
Lev	6	22	כָּל־זָכָר בַּכֹּהֲנִים יֹאכַל אֹתָהּ קֹדֶשׁ קָדָשִׁים הִוא ׃	ὁ ἱερεὺς ὁ χριστὸς ἀντ᾽ αὐτοῦ ἐκ τῶν υἱῶν αὐτοῦ ποιήσει αὐτήν· νόμος αἰώνιος, ἅπαν ἐπιτελεσθήσεται.	sacerdos qui patri iure successerit et tota cremabitur in altari	sacerdos, qui jure patri successerit, et tota cremabitur in altari.		And the priest of his sons that is anointed in his stead shall offer it: it is a statute for ever unto the Lord; it shall be wholly burnt.
Lev	6	23	וְכָל־חַטָּאת אֲשֶׁר יוּבָא מִדָּמָהּ אֶל־אֹהֶל מוֹעֵד לְכַפֵּר בַּקֹּדֶשׁ לֹא תֵאָכֵל בָּאֵשׁ תִּשָּׂרֵף ׃ פ	καὶ πᾶσα θυσία ἱερέως ὁλόκαυτος ἔσται, καὶ οὐ βρωθήσεται.	omne enim sacrificium sacerdotum igne consumetur nec quisquam comedet ex eo	Omne enim sacrificium sacerdotum igne consumetur, nec quisquam comedet ex eo.		For every meat offering for the priest shall be wholly burnt: it shall not be eaten.
Lev	6	24		Καὶ ἐλάλησεν κύριος πρὸς Μωυσῆν λέγων	locutus est Dominus ad Mosen dicens	Locutus est autem Dominus ad Moysen, dicens:		And the Lord spake unto Moses, saying,
Lev	6	25		Λάλησον Ἀαρὼν καὶ τοῖς υἱοῖς αὐτοῦ λέγων Οὗτος ὁ νόμος τῆς ἁμαρτίας· ἐν τόπῳ οὗ σφάζουσιν τὸ ὁλοκαύτωμα σφάξουσιν τὰ περὶ τῆς ἁμαρτίας ἔναντι Κυρίου· ἅγια ἁγίων ἐστίν.	loquere Aaron et filiis eius ista est lex hostiae pro peccato in loco ubi offertur holocaustum immolabitur coram Domino sanctum sanctorum est	Loquere Aaron et filiis ejus: Ista est lex hosti pro peccato: in loco ubi offertur holocaustum, immolabitur coram Domino. Sanctum sanctorum est.		Speak unto Aaron and to his sons, saying, This is the law of the sin offering: In the place where the burnt offering is killed shall the sin offering be killed before the Lord: it is most holy.
Lev	6	26		ὁ ἱερεὺς ὁ ἀναφέρων αὐτὴν ἔδεται αὐτήν· ἐν τόπῳ ἁγίῳ βρωθήσεται, ἐν αὐλῇ τῆς σκηνῆς τοῦ μαρτυρίου.	sacerdos qui offert comedet eam in loco sancto in atrio tabernaculi	Sacerdos, qui offert, comedet eam in loco sancto, in atrio tabernaculi.		The priest that offereth it for sin shall eat it: in the holy place shall it be eaten, in the court of the tabernacle of the congregation.
Lev	6	27		πᾶς ὁ ἁπτόμενος τῶν κρεῶν αὐτῆς ἁγιασθήσεται· καὶ ᾦ ἐὰν ἐπιραωτισθῇ ἀπὸ τοῦ αἵματος αὐτῆς ἐπὶ τὸ ἱμάτιον, ὃς ἐὰν ῥαντισθῇ ἐπ’ αὐτό, πλυθήσεται ἐν τόπῳ ἁγίῳ.	quicquid tetigerit carnes eius sanctificabitur si de sanguine illius vestis fuerit aspersa lavabitur in loco sancto	Quidquid tetigerit carnes ejus, sanctificabitur. Si de sanguine illius vestis fuerit aspersa, lavabitur in loco sancto.		Whatsoever shall touch the flesh thereof shall be holy: and when there is sprinkled of the blood thereof upon any garment, thou shalt wash that whereon it was sprinkled in the holy place.
Lev	6	28		καὶ σκεῦος ὀστράκινον οὗ ἐὰν ἐψεθῇ ἐν αὐτῷ συντριβήσεται· ἐὰν δὲ ἐν σκεύει χαλκῷ ἑψεθῇ, ἐκτρίψει αὐτὸ καὶ ἐκκλύσει ὕδατι.	vas autem fictile in quo cocta est confringetur quod si vas aeneum fuerit defricabitur et lavabitur aqua	Vas autem fictile, in quo cocta est, confringetur; quod si vas neum fuerit, defricabitur, et lavabitur aqua.		But the earthen vessel wherein it is sodden shall be broken: and if it be sodden in a brasen pot, it shall be both scoured, and rinsed in water.
Lev	6	29		πᾶς ἄρσην ἐν τοῖς ἱερεῦσιν φάγεται αὐτά· ἅγια ἁγίων ἐστὶν κυρίου.	omnis masculus de genere sacerdotali vescetur carnibus eius quia sanctum sanctorum est	Omnis masculus de genere sacerdotali vescetur de carnibus ejus, quia Sanctum sanctorum est.		All the males among the priests shall eat thereof: it is most holy.
Lev	6	30		καὶ πάντα τὰ περὶ τῆς ἁμαρτίας ὦν ἐὰν εἰσενεχθῇ ἀπὸ τοῦ αἵματος αὐτῶν εἰς τὴν σκηνὴν τοῦ μαρτυρίου ἐξιλάσασθαι ἐν τῷ ἁγίῳ, οὐ βρωθήσεται, ἐν πυρὶ κατακαυθήσεται.	hostia enim quae caeditur pro peccato cuius sanguis infertur in tabernaculum testimonii ad expiandum in sanctuario non comedetur sed conburetur igni	Hostia enim qu cditur pro peccato, cujus sanguis infertur in tabernaculum testimonii ad expiandum in sanctuario, non comedetur, sed comburetur igni.		And no sin offering, whereof any of the blood is brought into the tabernacle of the congregation to reconcile withal in the holy place, shall be eaten: it shall be burnt in the fire.
Lev	6	31		Καὶ οὗτος ὁ νόμος τοῦ κριοῦ τοῦ περὶ τῆς π λημμελίας· ἅγια ἁγίων ἐστίν.				
Lev	6	32		ἐν τόπῳ οὗ σφάζουσιν τὸ ὁλοκαύτωμα σφάξουσιν τὸν κριὸν τῆς πλημμελίας ἔναντι κυρίου, καὶ τὸ αἷμα προσχεεῖ ἐπὶ τὴν βάσιν τοῦ θυσιαστηρίου κύκλῳ·				
Lev	6	33		καὶ πᾶν τὸ στέαρ αὐτοῦ προσοίσει ἀπ’ αὐτοῦ, καὶ τὴν ὀσφὺν καὶ πᾶν τὸ στέαρ τὸ κατακαλύπτον τὰ ἐνδόσθια καὶ πᾶν τὸ στέαρ τὸ ἐπὶ τῶν ἐνδοσθίων,				
Lev	6	34		καὶ τοὺς δύο νεφροὺς καὶ τὸ στέαρ τὸ ἐπ’ αὐτῶν, τὸ ἐπὶ τῶν μηρίων, καὶ τὸν λοβὸν τὸν ἐπὶ τοῦ ἥπατος σὺν τοῖς νεφροῖς, περιελεῖ αὐτά·				
Lev	6	35		καὶ ἀνοίσει αὐτὰ ὁ ἱερεὺς ἐπὶ τὸ θυσιαστήριον κάρπωμα τῷ κυρίῳ· περὶ πλημμελίας ἐστίν.				
Lev	6	36		πᾶς ἄρσην ἐκ τῶν ἱερέων ἔδεται αὐτά, ἐν τόπῳ ἁγίῳ ἔδονται αὐτά· ἅγια ἁγίων ἐστίν.				
Lev	6	37		ὥσπερ τὸ περὶ τῆς ἁμαρτίας, οὕτω καὶ τὸ τῆς πλημμελίας, νόμος εἷς αὐτῶν· ὁ ἱερεὺς ὅστις ἐξιλάσεται, ἐν αὐτῷ ἔσται.				
Lev	6	38		καὶ ὁ ἱερεὺς ὁ προσάγων ὁλοκαύτωμα ἀνθρώπου, τὸ δέρμα τῆς ὁλοκαυτώσεως ἧς αὐτὸς προσφέρει αὐτῷ ἔσται.				
Lev	6	39		καὶ πᾶσα θυσία ἥτις ποιηθήσεται ἐν τῶ κλιβάνῳ, καὶ πᾶσα ἥτις ποιηθήσεται ἐπ’ ἐσχάρας ἢ ἐπὶ τηγάνου, τοῦ ἱερέως τοῦ προσφέροντος αὐτήν, αὐτῷ ἔσται.				
Lev	6	40		καὶ πᾶσα θυσία ἀναπεποιημένη ἐν ἐλαίῳ καὶ μὴ ἀναπεποιημένη πᾶσι τοῖς υἱοῖς Ἀαρὼν ἔσται, ἑκάστῳ τὸ ἴσον.				
Lev	7	1	וְזֹאת תּוֹרַת הָאָשָׁם קֹדֶשׁ קָדָשִׁים הוּא ׃	Οὖτος ὁ νόμος θυσίας σωτηρίου ἣν προσοίσουσιν Κυρίῳ.	haec quoque est lex hostiae pro delicto sancta sanctorum est	Hc quoque lex hosti pro delicto, Sancta sanctorum est:		Likewise this is the law of the trespass offering: it is most holy.
Lev	7	2	בִּמְקוֹם אֲשֶׁר יִשְׁחֲטוּ אֶת־הָעֹלָה יִשְׁחֲטוּ אֶת־הָאָשָׁם וְאֶת־דָּמוֹ יִזְרֹק עַל־הַמִּזְבֵּחַ סָבִיב ׃	ἐὰν μὲν περὶ αἰνέσεως προσφέρῃ αὐτήν, καὶ προσοίσει ἐπὶ τῆς θυσίας τῆς αἰνέσεως ἄρτους ἐκ σεμιδάλεως ἀναπεποιημένους ἐν ἐλαίῳ, λάγανα ἄζυμα διακεχρισμένα ἐν ἐλαίῳ, καὶ σεμίδαλιν πεφυραμένην ἐν ἐλαίῳ·	idcirco ubi immolatur holocaustum mactabitur et victima pro delicto sanguis eius per gyrum fundetur altaris	idcirco ubi immolabitur holocaustum, mactabitur et victima pro delicto: sanguis ejus per gyrum altaris fundetur.		In the place where they kill the burnt offering shall they kill the trespass offering: and the blood thereof shall he sprinkle round about upon the altar.
Lev	7	3	וְאֵת כָּל־חֶלְבּוֹ יַקְרִיב מִמֶּנּוּ אֵת הָאַלְיָה וְאֶת־הַחֵלֶב הַמְכַסֶּה אֶת־הַקֶּרֶב ׃	ἐπ᾿ ἄρτοις ζυμίταις προσοίσει τὰ δῶρα αὐτοῦ ἐπὶ θυσίᾳ αἰνέσεως σωτηρίου.	offerent ex ea caudam et adipem qui operit vitalia	Offerent ex ea caudam et adipem qui operit vitalia:		And he shall offer of it all the fat thereof; the rump, and the fat that covereth the inwards,
Lev	7	4	וְאֵת שְׁתֵּי הַכְּלָיֹת וְאֶת־הַחֵלֶב אֲשֶׁר עֲלֵיהֶן אֲשֶׁר עַל־הַכְּסָלִים וְאֶת־הַיֹּתֶרֶת עַל־הַכָּבֵד עַל־הַכְּלָיֹת יְסִירֶנָּה ׃	καὶ προσάξει ἱν ἀπὸ πάντων τῶν δώρων αὐτοῦ ἀφαίρεμα κυρίῳ· τῷ ἱερεῖ τῷ π προσχέοντι τὸ αἷμα τοῦ σωτηρίου, αὐτῷ ἔσται·	duos renunculos et pinguedinem quae iuxta ilia est reticulumque iecoris cum renunculis	duos renunculos, et pinguedinem qu juxta ilia est, reticulumque jecoris cum renunculis.		And the two kidneys, and the fat that is on them, which is by the flanks, and the caul that is above the liver, with the kidneys, it shall he take away:
Lev	7	5	וְהִקְטִיר אֹתָם הַכֹּהֵן הַמִּזְבֵּחָה אִשֶּׁה לַיהוָה אָשָׁם הוּא ׃	καὶ τὰ κρέα θυσίας αἰνέσεως σωτηρίου, αὐτῷ ἔσται· καὶ ἐν ᾗ ἡμέρᾳ δωρεῖται, βρωθήσεται, οὐ καταλείψουσιν ἀπ’ αὐτοῦ εἰς τὸ πρωί.	et adolebit ea sacerdos super altare incensum est Domini pro delicto	Et adolebit ea sacerdos super altare: incensum est Domini pro delicto.		And the priest shall burn them upon the altar for an offering made by fire unto the Lord: it is a trespass offering.
Lev	7	6	כָּל־זָכָר בַּכֹּהֲנִים יֹאכְלֶנּוּ בְּמָקוֹם קָדוֹשׁ יֵאָכֵל קֹדֶשׁ קָדָשִׁים הוּא ׃	κἄν εὐχὴν ἢ ἑκούσιον θυσιάζῃ τὸ δῶρον αὐτοῦ, ᾗ ἄν ἡμέρᾳ π ροσαγάγῃ τὴν θυσίαν αὐτοῦ, βρωθήσεται, καὶ τῇ αὔριον·	omnis masculus de sacerdotali genere in loco sancto vescetur his carnibus quia sanctum sanctorum est	Omnis masculus de sacerdotali genere, in loco sancto vescetur his carnibus, quia Sanctum sanctorum est.		Every male among the priests shall eat thereof: it shall be eaten in the holy place: it is most holy.
Lev	7	7	כַּחַטָּאת כָּאָשָׁם תּוֹרָה אַחַת לָהֶם הַכֹּהֵן אֲשֶׁר יְכַפֶּר־בּוֹ לוֹ יִהְיֶה ׃	καὶ τὸ καταλειφθὲν ἀπὸ τῶν κρεῶν τῆς θυσίας ἕως ἡμέρας τρίτης ἐν πυρὶ κατακαυθήσεται.	sicut pro peccato offertur hostia ita et pro delicto utriusque hostiae lex una erit ad sacerdotem qui eam obtulerit pertinebit	Sicut pro peccato offertur hostia, ita et pro delicto: utriusque hosti lex una erit: ad sacerdotem, qui eam obtulerit, pertinebit.		As the sin offering is, so is the trespass offering: there is one law for them: the priest that maketh atonement therewith shall have it.
Lev	7	8	וְהַכֹּהֵן הַמַּקְרִיב אֶת־עֹלַת אִישׁ עוֹר הָעֹלָה אֲשֶׁר הִקְרִיב לַכֹּהֵן לוֹ יִהְיֶה ׃	ἐὰν δὲ φαγὼν φάγῃ ἀπὸ τῶν κρεῶν τῇ ἡμέρᾳ τῇ τρίτῃ, οὐ δεχθήσεται αὐτῷ τῷ προσφέροντι αὐτό, οὐ λογὶς θήσεται αὐτῷ, μίασμά ἐστιν· ἡ δὲ ψυχὴ ἥτις ἐὰν φάγῃ ἀπ’ αὐτοῦ τὴν ἁμαρτίαν λήμψεται.	sacerdos qui offert holocausti victimam habebit pellem eius	Sacerdos qui offert holocausti victimam, habebit pellem ejus.		And the priest that offereth any man's burnt offering, even the priest shall have to himself the skin of the burnt offering which he hath offered.
Lev	7	9	וְכָל־מִנְחָה אֲשֶׁר תֵּאָפֶה בַּתַּנּוּר וְכָל־נַעֲשָׂה בַמַּרְחֶשֶׁת וְעַל־מַחֲבַת לַכֹּהֵן הַמַּקְרִיב אֹתָהּ לוֹ תִהְיֶה ׃	καὶ κρέα ὅσα ἐὰν ἅψηται παντὸς ἀκαθάρτου, οὐ βρωθήσεται, ἐν πυρὶ κατακαυθήσεται· πᾶς καθαρὸς φάγεται κρέα.	et omne sacrificium similae quod coquitur in clibano et quicquid in craticula vel in sartagine praeparatur eius erit sacerdotis a quo offertur	Et omne sacrificium simil, quod coquitur in clibano, et quidquid in craticula, vel in sartagine prparatur, ejus erit sacerdotis a quo offertur:		And all the meat offering that is baken in the oven, and all that is dressed in the fryingpan, and in the pan, shall be the priest's that offereth it.
Lev	7	10	וְכָל־מִנְחָה בְלוּלָה־בַשֶּׁמֶן וַחֲרֵבָה לְכָל־בְּנֵי אַהֲרֹן תִּהְיֶה אִישׁ כְּאָחִיו ׃ פ	ἡ δὲ ψυχὴ ἥτις ἐὰν φάγῃ ἀπὸ τῶν κρεῶν τῆς θυσίας τοῦ σωτηρίου ὅ ἐστιν κυρίου, καὶ ἡ ἀκαθαρσία αὐτοῦ ἐπ’ αὐτοῦ· ἀπολεῖται ἡ ψυχὴ ἐκείνη ἐκ τοῦ λαοῦ αὐτῆς.	sive oleo conspersa sive arida fuerit cunctis filiis Aaron aequa mensura per singulos dividetur	sive oleo conspersa, sive arida fuerint, cunctis filiis Aaron mensura qua per singulos dividetur.		And every meat offering, mingled with oil, and dry, shall all the sons of Aaron have, one as much as another.
Lev	7	11	וְזֹאת תּוֹרַת זֶבַח הַשְּׁלָמִים אֲשֶׁר יַקְרִיב לַיהוָה ׃	καὶ ψυχὴ ἣ ἄν ἅψηται παντὸς πράγματος ἀκαθάρτου, ἢ ἀπὸ ἀκαθαρσίας ἀνθρώπου ἢ τῶν τετραπόδων τῶν ἢ παντὸς βδελύγματος ἀκαθάρτου, καὶ φάγῃ ἀπὸ τῶν τῆς θυσίας τοῦ σωτηρίου ὅ ἐστιν Κυρίου, ἀπολεῖται ἡ ψυχὴ ἐκείνη ἐκ τοῦ λαοῦ αὐτῆς.	haec est lex hostiae pacificorum quae offertur Domino	Hc est lex hosti pacificorum qu offertur Domino.		And this is the law of the sacrifice of peace offerings, which he shall offer unto the Lord.
Lev	7	12	אִם עַל־תּוֹדָה יַקְרִיבֶנּוּ וְהִקְרִיב עַל־זֶבַח הַתּוֹדָה חַלּוֹת מַצּוֹת בְּלוּלֹת בַּשֶּׁמֶן וּרְקִיקֵי מַצּוֹת מְשֻׁחִים בַּשָּׁמֶן וְסֹלֶת מֻרְבֶּכֶת חַלֹּת בְּלוּלֹת בַּשָּׁמֶן ׃	καὶ ἐλάλησεν Κύριος πρὸς Μωυσῆν λέγων	si pro gratiarum actione fuerit oblatio offerent panes absque fermento conspersos oleo et lagana azyma uncta oleo coctamque similam et collyridas olei admixtione conspersas	Si pro gratiarum actione oblatio fuerit, offerent panes absque fermento conspersos oleo, et lagana azyma uncta oleo, coctamque similam, et collyridas olei admistione conspersas:		If he offer it for a thanksgiving, then he shall offer with the sacrifice of thanksgiving unleavened cakes mingled with oil, and unleavened wafers anointed with oil, and cakes mingled with oil, of fine flour, fried.
Lev	7	13	עַל־חַלֹּת לֶחֶם חָמֵץ יַקְרִיב קָרְבָּנוֹ עַל־זֶבַח תּוֹדַת שְׁלָמָיו ׃	Λάλησον τοῖς υἱοῖς Ἰσραήλ Πᾶν’ στέαρ βοῶν καὶ προβάτων καὶ αἰγῶν οὐκ ἔδεσθε.	panes quoque fermentatos cum hostia gratiarum quae immolatur pro pacificis	panes quoque fermentatos cum hostia gratiarum, qu immolatur pro pacificis:		Besides the cakes, he shall offer for his offering leavened bread with the sacrifice of thanksgiving of his peace offerings.
Lev	7	14	וְהִקְרִיב מִמֶּנּוּ אֶחָד מִכָּל־קָרְבָּן תְּרוּמָה לַיהוָה לַכֹּהֵן הַזֹּרֵק אֶת־דַּם הַשְּׁלָמִים לוֹ יִהְיֶה ׃	καὶ στέαρ θνησιμαίων καὶ θηριάλωτον ποιηθήσεται εἰς πᾶν ἔργον, καὶ εἰς βρῶσιν οὐ βρωθήσεται·	ex quibus unus pro primitiis offeretur Domino et erit sacerdotis qui fundet hostiae sanguinem	ex quibus unus pro primitiis offeretur Domino, et erit sacerdotis qui fundet hosti sanguinem,		And of it he shall offer one out of the whole oblation for an heave offering unto the Lord, and it shall be the priest's that sprinkleth the blood of the peace offerings.
Lev	7	15	וּבְשַׂר זֶבַח תּוֹדַת שְׁלָמָיו בְּיוֹם קָרְבָּנוֹ יֵאָכֵל לֹא־יַנִּיחַ מִמֶּנּוּ עַד־בֹּקֶר ׃	πᾶς ὁ ἔσθων στέαρ ἀπὸ τῶν κτηνῶν ὧν προσάξει αὐτῶν κάρπωμα κυρίου, ἀπολεῖται ἡ ψυχὴ ἐκείνη ἀπὸ τοῦ λαοῦ αὐτῆς.	cuius carnes eadem comedentur die nec remanebit ex eis quicquam usque mane	cujus carnes eadem comedentur die, nec remanebit ex eis quidquam usque mane.		And the flesh of the sacrifice of his peace offerings for thanksgiving shall be eaten the same day that it is offered; he shall not leave any of it until the morning.
Lev	7	16	וְאִם־נֶדֶר אוֹ נְדָבָה זֶבַח קָרְבָּנוֹ בְּיוֹם הַקְרִיבוֹ אֶת־זִבְחוֹ יֵאָכֵל וּמִמָּחֳרָת וְהַנּוֹתָר מִמֶּנּוּ יֵאָכֵל ׃	πᾶν αἷμα οὐκ ἔδεσθε ἐν πάσῃ τῇ γῇ κατοικίᾳ ὑμῶν ἀπό τε τῶν πετεινῶν καὶ ἀπὸ τῶν κτηνῶν.	si voto vel sponte quisquam obtulerit hostiam eadem similiter edetur die sed et si quid in crastinum remanserit vesci licitum est	Si voto, vel sponte quispiam obtulerit hostiam, eadem similiter edetur die: sed et si quid in crastinum remanserit, vesci licitum est:		But if the sacrifice of his offering be a vow, or a voluntary offering, it shall be eaten the same day that he offereth his sacrifice: and on the morrow also the remainder of it shall be eaten:
Lev	7	17	וְהַנּוֹתָר מִבְּשַׂר הַזָּבַח בַּיּוֹם הַשְּׁלִישִׁי בָּאֵשׁ יִשָּׂרֵף ׃	πᾶσα ψυχὴ ἢ ἄν φάγῃ αἶμα, ἀπολεῖται ἡ ψυχὴ ἐκείνη ἀπὸ τοῦ λαοῦ αὐτῆς.	quicquid autem tertius invenerit dies ignis absumet	quidquid autem tertius invenerit dies, ignis absumet.		But the remainder of the flesh of the sacrifice on the third day shall be burnt with fire.
Lev	7	18	וְאִם הֵאָכֹל יֵאָכֵל מִבְּשַׂר־זֶבַח שְׁלָמָיו בַּיּוֹם הַשְּׁלִישִׁי לֹא יֵרָצֶה הַמַּקְרִיב אֹתוֹ לֹא יֵחָשֵׁב לוֹ פִּגּוּל יִהְיֶה וְהַנֶּפֶשׁ הָאֹכֶלֶת מִמֶּנּוּ עֲוֹנָהּ תִּשָּׂא ׃	καὶ ἐλάλησεν κύριος πρὸς Μωυσῆν λέγων	si quis de carnibus victimae pacificorum die tertio comederit irrita fiet oblatio nec proderit offerenti quin potius quaecumque anima tali se edulio contaminarit praevaricationis rea erit	Si quis de carnibus victim pacificorum die tertio comederit, irrita fiet oblatio, nec proderit offerenti: quin potius qucumque anima tali se edulio contaminaverit, prvaricationis rea erit.		And if any of the flesh of the sacrifice of his peace offerings be eaten at all on the third day, it shall not be accepted, neither shall it be imputed unto him that offereth it: it shall be an abomination, and the soul that eateth of it shall bear his iniquity.
Lev	7	19	וְהַבָּשָׂר אֲשֶׁר־יִגַּע בְּכָל־טָמֵא לֹא יֵאָכֵל בָּאֵשׁ יִשָּׂרֵף וְהַבָּשָׂר כָּל־טָהוֹר יֹאכַל בָּשָׂר ׃	καὶ τοῖς υἱοῖς Ἰσραὴλ λαλήσεις λέγων Ὁ προσφέρων θυσίαν σωτηρίου κυρίῳ οἴσει τὸ ν αὐτοῦ Τυρίῳ καὶ ἀπὸ τῆς θυσίας τοῦ σωτηρίου·	caro quae aliquid tetigerit inmundum non comedetur sed conburetur igni qui fuerit mundus vescetur ea	Caro, qu aliquid tetigerit immundum, non comedetur, sed comburetur igni: qui fuerit mundus, vescetur ex ea.		And the flesh that toucheth any unclean thing shall not be eaten; it shall be burnt with fire: and as for the flesh, all that be clean shall eat thereof.
Lev	7	20	וְהַנֶּפֶשׁ אֲשֶׁר־תֹּאכַל בָּשָׂר מִזֶּבַח הַשְּׁלָמִים אֲשֶׁר לַיהוָה וְטֻמְאָתוֹ עָלָיו וְנִכְרְתָה הַנֶּפֶשׁ הַהִוא מֵעַמֶּיהָ ׃	αἱ αὐτοῦ π ροσοίσουσιν τὰ κὰρ πώ μάτα κυρίῳ· τὸ στέαρ τὸ ἐπὶ τοῦ στηθυνίου καὶ τὸν λοβὸν τοῦ ἥπατος, π ροσοίσει αὐτὰ ὥστε ἐπιθεῖναι δόμα ἔναντι Κυρίου.	anima polluta quae ederit de carnibus hostiae pacificorum quae oblata est Domino peribit de populis suis	Anima polluta qu ederit de carnibus hosti pacificorum, qu oblata est Domino, peribit de populis suis.		But the soul that eateth of the flesh of the sacrifice of peace offerings, that pertain unto the Lord, having his uncleanness upon him, even that soul shall be cut off from his people.
Lev	7	21	וְנֶפֶשׁ כִּי־תִגַּע בְּכָל־טָמֵא בְּטֻמְאַת אָדָם אוֹ בִּבְהֵמָה טְמֵאָה אוֹ בְּכָל־שֶׁקֶץ טָמֵא וְאָכַל מִבְּשַׂר־זֶבַח הַשְּׁלָמִים אֲשֶׁר לַיהוָה וְנִכְרְתָה הַנֶּפֶשׁ הַהִוא מֵעַמֶּיהָ ׃ פ	καὶ ἀνοίσει ὁ ἱερεὺς τὸ στέαρ ἐπὶ τοῦ θυσιαστηρίου, καὶ ἔσται τὸ στηθύνιον Ἀαρὼν καὶ ἔσται τοῖς υἱοῖς αὐτοῦ.	et quae tetigerit inmunditiam hominis vel iumenti sive omnis rei quae polluere potest et comederit de huiuscemodi carnibus interibit de populis suis	Et qu tetigerit immunditiam hominis, vel jumenti, sive omnis rei qu polluere potest, et comederit de hujuscemodi carnibus, interibit de populis suis.		Moreover the soul that shall touch any unclean thing, as the uncleanness of man, or any unclean beast, or any abominable unclean thing, and eat of the flesh of the sacrifice of peace offerings, which pertain unto the Lord, even that soul shall be cut off from his people.
Lev	7	22	וַיְדַבֵּר יְהוָה אֶל־מֹשֶׁה לֵּאמֹר ׃	καὶ τὸν βραχίονα τὸν δεξιὸν δώσετε ἀφαίρεμα τῷ ἱερεῖ ἀπὸ τῶν θυσιῶν τοῦ σωτηρίου ὑμῶν·	locutusque est Dominus ad Mosen dicens	Locutusque est Dominus ad Moysen, dicens:		And the Lord spake unto Moses, saying,
Lev	7	23	דַּבֵּר אֶל־בְּנֵי יִשְׂרָאֵל לֵאמֹר כָּל־חֵלֶב שׁוֹר וְכֶשֶׂב וָעֵז לֹא תֹאכֵלוּ ׃	ὁ προσφέρων τὸ αἷμα τοῦ σωτηρίου καὶ τὸ στέαρ τὸ ἀπὸ τῶν υἱῶν Ἀαρών, αὐτῷ ἔσται ὁ βραχίων ὁ δεξιὸς ἐν μερίδι.	loquere filiis Israhel adipem bovis et ovis et caprae non comedetis	Loquere filiis Isral: Adipem ovis, et bovis, et capr non comedetis.		Speak unto the children of Israel, saying, Ye shall eat no manner of fat, of ox, or of sheep, or of goat.
Lev	7	24	וְחֵלֶב נְבֵלָה וְחֵלֶב טְרֵפָה יֵעָשֶׂה לְכָל־מְלָאכָה וְאָכֹל לֹא תֹאכְלֻהוּ ׃	τὸ γὰρ ἴον τοῦ ἐπιθέματος καὶ τὸν βραχίονα τοῦ ἀφαιρέματος παρὰ τῶν υἱῶν Ἰσραὴλ ἀπὸ τῶν θυσιῶν τοῦ σωτηρίου καὶ ἔδωκα αὐτὰ Ἀαρὼν τῷ ἱερεῖ καὶ τοῖς υἱοῖς αὐτοῦ, νόμιμον αἰώνιον παρὰ τῶν υἱῶν Ἰσραήλ.	adipem cadaveris morticini et eius animalis quod a bestia captum est habebitis in usus varios	Adipem cadaveris morticini, et ejus animalis, quod a bestia captum est, habebitis in varios usus.		And the fat of the beast that dieth of itself, and the fat of that which is torn with beasts, may be used in any other use: but ye shall in no wise eat of it.
Lev	7	25	כִּי כָּל־אֹכֵל חֵלֶב מִן־הַבְּהֵמָה אֲשֶׁר יַקְרִיב מִמֶּנָּה אִשֶּׁה לַיהוָה וְנִכְרְתָה הַנֶּפֶשׁ הָאֹכֶלֶת מֵעַמֶּיהָ ׃	Αὕτη ἡ χρίσις Ἀαρὼν καὶ ἡ χρίσις τῶν υἱῶν αὐτοῦ ἀπὸ τῶν καρπωμάτων κυρίου, ἐν ᾗ ἡμέρᾳ π ροσηγάγετο αὐτοὺς τοῦ ἱερατεύειν τῷ κυρίῳ,	si quis adipem qui offerri debet in incensum Domini comederit peribit de populo suo	Si quis adipem, qui offerri debet in incensum Domini, comederit, peribit de populo suo.		For whosoever eateth the fat of the beast, of which men offer an offering made by fire unto the Lord, even the soul that eateth it shall be cut off from his people.
Lev	7	26	וְכָל־דָּם לֹא תֹאכְלוּ בְּכֹל מוֹשְׁבֹתֵיכֶם לָעוֹף וְלַבְּהֵמָה ׃	καθὰ ἐνετείλατο Κύριος δοῦναι αὐτοῖς ᾗ ἡμέρᾳ ἔχρισεν αὐτοὺς παρὰ τῶν υἱῶν Ἰσραηλ. νόμιμον αἰώνιον εἰς τὰς γενεὰς αὐτῶν.	sanguinem quoque omnis animalis non sumetis in cibo tam de avibus quam de pecoribus	Sanguinem quoque omnis animalis non sumetis in cibo, tam de avibus quam de pecoribus.		Moreover ye shall eat no manner of blood, whether it be of fowl or of beast, in any of your dwellings.
Lev	7	27	כָּל־נֶפֶשׁ אֲשֶׁר־תֹּאכַל כָּל־דָּם וְנִכְרְתָה הַנֶּפֶשׁ הַהִוא מֵעַמֶּיהָ ׃ פ	οὗτος ὁ νόμος τῶν ὁλοκαυτωμάτων καὶ θυσίας καὶ περ ἁμαρτίας καὶ τῆς πλημμελίας καὶ τῆς τελειώσεως καὶ τῆς θυσίας τοῦ σωτηρίου, ὃν τρόπον ἐνετείλατο κύριος τῷ Μωυσῇ ἐν τῷ ὄρει Σεινά, ἡ ἡμέρᾳ ἐνετείλατο τοῖς υἱοῖς Ἰσραὴλ προσφέρειν τὰ δῶρα αὐτῶν ἔναντι κυρίου ἐν τῆ ἐρήμῳ Σεινά.	omnis anima quae ederit sanguinem peribit de populis suis	Omnis anima, qu ederit sanguinem, peribit de populis suis.		Whatsoever soul it be that eateth any manner of blood, even that soul shall be cut off from his people.
Lev	7	28	וַיְדַבֵּר יְהוָה אֶל־מֹשֶׁה לֵּאמֹר ׃		locutus est Dominus ad Mosen dicens	Locutusque est Dominus ad Moysen, dicens:		And the Lord spake unto Moses, saying,
Lev	7	29	דַּבֵּר אֶל־בְּנֵי יִשְׂרָאֵל לֵאמֹר הַמַּקְרִיב אֶת־זֶבַח שְׁלָמָיו לַיהוָה יָבִיא אֶת־קָרְבָּנוֹ לַיהוָה מִזֶּבַח שְׁלָמָיו ׃		loquere filiis Israhel qui offert victimam pacificorum Domino offerat simul et sacrificium id est libamenta eius	Loquere filiis Isral, dicens: Qui offert victimam pacificorum Domino, offerat simul et sacrificium, id est, libamenta ejus.		Speak unto the children of Israel, saying, He that offereth the sacrifice of his peace offerings unto the Lord shall bring his oblation unto the Lord of the sacrifice of his peace offerings.
Lev	7	30	יָדָיו תְּבִיאֶינָה אֵת אִשֵּׁי יְהוָה אֶת־הַחֵלֶב עַל־הֶחָזֶה יְבִיאֶנּוּ אֵת הֶחָזֶה לְהָנִיף אֹתוֹ תְּנוּפָה לִפְנֵי יְהוָה ׃		tenebit manibus adipem hostiae et pectusculum cumque ambo oblata Domino consecrarit tradet sacerdoti	Tenebit manibus adipem hosti, et pectusculum: cumque ambo oblata Domino consecraverit, tradet sacerdoti,		His own hands shall bring the offerings of the Lord made by fire, the fat with the breast, it shall he bring, that the breast may be waved for a wave offering before the Lord.
Lev	7	31	וְהִקְטִיר הַכֹּהֵן אֶת־הַחֵלֶב הַמִּזְבֵּחָה וְהָיָה הֶחָזֶה לְאַהֲרֹן וּלְבָנָיו ׃		qui adolebit adipem super altare pectusculum autem erit Aaron et filiorum eius	qui adolebit adipem super altare, pectusculum autem erit Aaron et filiorum ejus.		And the priest shall burn the fat upon the altar: but the breast shall be Aaron's and his sons'.
Lev	7	32	וְאֵת שׁוֹק הַיָּמִין תִּתְּנוּ תְרוּמָה לַכֹּהֵן מִזִּבְחֵי שַׁלְמֵיכֶם ׃		armus quoque dexter de pacificorum hostiis cedet in primitias sacerdotis	Armus quoque dexter de pacificorum hostiis cedet in primitias sacerdotis.		And the right shoulder shall ye give unto the priest for an heave offering of the sacrifices of your peace offerings.
Lev	7	33	הַמַּקְרִיב אֶת־דַּם הַשְּׁלָמִים וְאֶת־הַחֵלֶב מִבְּנֵי אַהֲרֹן לוֹ תִהְיֶה שׁוֹק הַיָּמִין לְמָנָה ׃		qui obtulerit sanguinem et adipem filiorum Aaron ipse habebit et armum dextrum in portione sua	Qui obtulerit sanguinem et adipem filiorum Aaron, ipse habebit et armum dextrum in portione sua.		He among the sons of Aaron, that offereth the blood of the peace offerings, and the fat, shall have the right shoulder for his part.
Lev	7	34	כִּי אֶת־חֲזֵה הַתְּנוּפָה וְאֵת שׁוֹק הַתְּרוּמָה לָקַחְתִּי מֵאֵת בְּנֵי־יִשְׂרָאֵל מִזִּבְחֵי שַׁלְמֵיהֶם וָאֶתֵּן אֹתָם לְאַהֲרֹן הַכֹּהֵן וּלְבָנָיו לְחָק־עוֹלָם מֵאֵת בְּנֵי יִשְׂרָאֵל ׃		pectusculum enim elationis et armum separationis tuli a filiis Israhel de hostiis eorum pacificis et dedi Aaron sacerdoti ac filiis eius lege perpetua ab omni populo Israhel	Pectusculum enim elevationis, et armum separationis, tuli a filiis Isral de hostiis eorum pacificis, et dedi Aaron sacerdoti, et filiis ejus, lege perpetua, ab omni populo Isral.		For the wave breast and the heave shoulder have I taken of the children of Israel from off the sacrifices of their peace offerings, and have given them unto Aaron the priest and unto his sons by a statute for ever from among the children of Israel.
Lev	7	35	זֹאת מִשְׁחַת אַהֲרֹן וּמִשְׁחַת בָּנָיו מֵאִשֵּׁי יְהוָה בְּיוֹם הִקְרִיב אֹתָם לְכַהֵן לַיהוָה ׃		haec est unctio Aaron et filiorum eius in caerimoniis Domini die qua obtulit eos Moses ut sacerdotio fungerentur	Hc est unctio Aaron et filiorum ejus in cremoniis Domini die qua obtulit eos Moyses, ut sacerdotio fungerentur,		This is the portion of the anointing of Aaron, and of the anointing of his sons, out of the offerings of the Lord made by fire, in the day when he presented them to minister unto the Lord in the priest's office;
Lev	7	36	אֲשֶׁר צִוָּה יְהוָה לָתֵת לָהֶם בְּיוֹם מָשְׁחוֹ אֹתָם מֵאֵת בְּנֵי יִשְׂרָאֵל חֻקַּת עוֹלָם לְדֹרֹתָם ׃		et quae praecepit dari eis Dominus a filiis Israhel religione perpetua in generationibus suis	et qu prcepit eis dari Dominus a filiis Isral religione perpetua in generationibus suis.		Which the Lord commanded to be given them of the children of Israel, in the day that he anointed them, by a statute for ever throughout their generations.
Lev	7	37	זֹאת הַתּוֹרָה לָעֹלָה לַמִּנְחָה וְלַחַטָּאת וְלָאָשָׁם וְלַמִּלּוּאִים וּלְזֶבַח הַשְּׁלָמִים ׃		ista est lex holocausti et sacrificii pro peccato atque delicto et pro consecratione et pacificorum victimis	Ista est lex holocausti, et sacrificii pro peccato atque delicto, et pro consecratione et pacificorum victimis,		This is the law of the burnt offering, of the meat offering, and of the sin offering, and of the trespass offering, and of the consecrations, and of the sacrifice of the peace offerings;
Lev	7	38	אֲשֶׁר צִוָּה יְהוָה אֶת־מֹשֶׁה בְּהַר סִינָי בְּיוֹם צַוֹּתוֹ אֶת־בְּנֵי יִשְׂרָאֵל לְהַקְרִיב אֶת־קָרְבְּנֵיהֶם לַיהוָה בְּמִדְבַּר סִינָי ׃ פ		quas constituit Dominus Mosi in monte Sinai quando mandavit filiis Israhel ut offerrent oblationes suas Domino in deserto Sinai	quam constituit Dominus Moysi in monte Sinai, quando mandabit filiis Isral ut offerrent oblationes suas Domino in deserto Sinai.		Which the Lord commanded Moses in mount Sinai, in the day that he commanded the children of Israel to offer their oblations unto the Lord, in the wilderness of Sinai.
Lev	8	1	וַיְדַבֵּר יְהוָה אֶל־מֹשֶׁה לֵּאמֹר ׃	καὶ ἐλάλησεν κύριος πρὸς Μωυσῆν λέγων	locutusque est Dominus ad Mosen dicens	Locutusque est Dominus ad Moysen, dicens:		And the Lord spake unto Moses, saying,
Lev	8	2	קַח אֶת־אַהֲרֹן וְאֶת־בָּנָיו אִתּוֹ וְאֵת הַבְּגָדִים וְאֵת שֶׁמֶן הַמִּשְׁחָה וְאֵת פַּר הַחַטָּאת וְאֵת שְׁנֵי הָאֵילִים וְאֵת סַל הַמַּצּוֹת ׃	Λάβε Ἀαρὼν καὶ τοὺς αὐτοῦ καὶ τὰς στολὰς αὐτοῦ, καὶ τὸ ἔλαιον τῆς χρίσεως καὶ τὸν τὸν περὶ τῆς ἁμαρτίας καὶ τοὺς δύο κριοὺς καὶ τὸ κανοῦν τῶν ἀζύμων·	tolle Aaron cum filiis suis vestes eorum et unctionis oleum vitulum pro peccato duos arietes canistrum cum azymis	Tolle Aaron cum filiis suis, vestes eorum, et unctionis oleum, vitulum pro peccato, duos arietes, canistrum cum azymis:		Take Aaron and his sons with him, and the garments, and the anointing oil, and a bullock for the sin offering, and two rams, and a basket of unleavened bread;
Lev	8	3	וְאֵת כָּל־הָעֵדָה הַקְהֵל אֶל־פֶּתַח אֹהֶל מוֹעֵד ׃	καὶ πᾶσαν τὴν συναγωγὴν ἐκκλησίασον ἐπὶ τὴν θύραν τῆς σκηνῆς τοῦ μαρτυρίου.	et congregabis omnem coetum ad ostium tabernaculi	et congregabis omnem ctum ad ostium tabernaculi.		And gather thou all the congregation together unto the door of the tabernacle of the congregation.
Lev	8	4	וַיַּעַשׂ מֹשֶׁה כַּאֲשֶׁר צִוָּה יְהוָה אֹתוֹ וַתִּקָּהֵל הָעֵדָה אֶל־פֶּתַח אֹהֶל מוֹעֵד ׃	καὶ ἐποίησεν Μωυσῆς ὃν τρόπον συνέταξεν αὐτῷ Κύριος, καὶ ἐξεκκλησίασεν τὴν συναγωγὴν ἐπὶ τὴν θύραν τῆς σκηνῆς τοῦ μαρτυρίου.	fecit Moses ut Dominus imperarat congregataque omni turba ante fores	Fecit Moyses ut Dominus imperaverat. Congregataque omni turba ante fores tabernaculi,		And Moses did as the Lord commanded him; and the assembly was gathered together unto the door of the tabernacle of the congregation.
Lev	8	5	וַיֹּאמֶר מֹשֶׁה אֶל־הָעֵדָה זֶה הַדָּבָר אֲשֶׁר־צִוָּה יְהוָה לַעֲשׂוֹת ׃	καὶ εἰπεν Μωσῆς τῆ συναγωγῇ τοῦτό ἐστιν τὸ ῥῆμα, τοῦτό ἐστιν ὃ ἐνετείλατο κύριος ποιῆσαι.	ait iste est sermo quem iussit Dominus fieri	ait: Iste est sermo, quem jussit Dominus fieri.		And Moses said unto the congregation, This is the thing which the Lord commanded to be done.
Lev	8	6	וַיַּקְרֵב מֹשֶׁה אֶת־אַהֲרֹן וְאֶת־בָּנָיו וַיִּרְחַץ אֹתָם בַּמָּיִם ׃	καὶ προσΜωυσῆς τὸν Ἀαρὼν καὶ τοὺς υἱοὺς αὐτοῦ, καὶ ἔλουσεν αὐτοὺς ὕδατι·	statimque obtulit Aaron et filios eius cumque lavisset eos	Statimque obtulit Aaron et filios ejus. Cumque lavisset eos,		And Moses brought Aaron and his sons, and washed them with water.
Lev	8	7	וַיִּתֵּן עָלָיו אֶת־הַכֻּתֹּנֶת וַיַּחְגֹּר אֹתוֹ בָּאַבְנֵט וַיַּלְבֵּשׁ אֹתוֹ אֶת־הַמְּעִיל וַיִּתֵּן עָלָיו אֶת־הָאֵפֹד וַיַּחְגֹּר אֹתוֹ בְּחֵשֶׁב הָאֵפֹד וַיֶּאְפֹּד לוֹ בּוֹ ׃	καὶ ἐνέδυσεν αὐτοὺς τὸν χιτῶνα καὶ ἔζωσεν αὐτοὺς τὴν καὶ ἐνέδυσεν αὐτὸν τὸν ὑποδύτην καὶ ἐπέθηκεν ἐπ’ αὐτὸν τὴν ἐπωμίδα, καὶ συνέζωσεν αὐτὸν κατὰ τὴν ποίησιν τῆς ἐπωμίδος καὶ συνέσφιγξεν αὐτὸν ἐν αὐτῇ·	vestivit pontificem subucula linea accingens eum balteo et induens tunica hyacinthina et desuper umerale inposuit	vestivit pontificem subucula linea, accingens eum balteo, et induens eum tunica hyacinthina, et desuper humerale imposuit,		And he put upon him the coat, and girded him with the girdle, and clothed him with the robe, and put the ephod upon him, and he girded him with the curious girdle of the ephod, and bound it unto him therewith.
Lev	8	8	וַיָּשֶׂם עָלָיו אֶת־הַחֹשֶׁן וַיִּתֵּן אֶל־הַחֹשֶׁן אֶת־הָאוּרִים וְאֶת־הַתֻּמִּים ׃	καὶ ἐπέθηκεν ἐπ’ αὐτὴν τὸ λόγιον, καὶ ἐπέθηκεν ἐπὶ τὸ λόγιον τὴν δήλωσιν καὶ τὴν ἀλήθειαν·	quod adstringens cingulo aptavit rationali in quo erat doctrina et veritas	quod astringens cingulo aptavit rationali, in quo erat Doctrina et Veritas.		And he put the breastplate upon him: also he put in the breastplate the Urim and the Thummim.
Lev	8	9	וַיָּשֶׂם אֶת־הַמִּצְנֶפֶת עַל־רֹאשׁוֹ וַיָּשֶׂם עַל־הַמִּצְנֶפֶת אֶל־מוּל פָּנָיו אֵת צִיץ הַזָּהָב נֵזֶר הַקֹּדֶשׁ כַּאֲשֶׁר צִוָּה יְהוָה אֶת־מֹשֶׁה ׃	καὶ ἐπέθηκεν τὴν μίτραν ἐπὶ τὴν κεφαλὴν αὐτοῦ, καὶ ἐπέθηκεν ἐπὶ τὴν μίτραν κατὰ πρόσωπον αὐτοῦ τὸ πέταλον τὸ χρυσοῦν τὸ καθηγιασμένον ἅγιον, ὅν τρόπον συνέταξεν κύριος τῷ Μωυσῇ.	cidarim quoque texit caput et super eam contra frontem posuit lamminam auream consecratam in sanctificationem sicut praeceperat ei Dominus	Cidari quoque texit caput: et super eam, contra frontem, posuit laminam auream consecratam in sanctificatione, sicut prceperat ei Dominus.		And he put the mitre upon his head; also upon the mitre, even upon his forefront, did he put the golden plate, the holy crown; as the Lord commanded Moses.
Lev	8	10	וַיִּקַּח מֹשֶׁה אֶת־שֶׁמֶן הַמִּשְׁחָה וַיִּמְשַׁח אֶת־הַמִּשְׁכָּן וְאֶת־כָּל־אֲשֶׁר־בּוֹ וַיְקַדֵּשׁ אֹתָם ׃	καὶ ἔλαβεν Μωυσῆς ἀπὸ τοῦ ἐλαίου τῆς χρίσεως,	tulit et unctionis oleum quo levit tabernaculum cum omni supellectili sua	Tulit et unctionis oleum, quo linivit tabernaculum cum omni supellectili sua.		And Moses took the anointing oil, and anointed the tabernacle and all that was therein, and sanctified them.
Lev	8	11	וַיַּז מִמֶּנּוּ עַל־הַמִּזְבֵּחַ שֶׁבַע פְּעָמִים וַיִּמְשַׁח אֶת־הַמִּזְבֵּחַ וְאֶת־כָּל־כֵּלָיו וְאֶת־הַכִּיֹּר וְאֶת־כַּנּוֹ לְקַדְּשָׁם ׃	καὶ ἔρανεν ἀπ’ ἐπὶ τὸ θυσιαστήριον ἑπτάκις. (10b)καὶ ἔχρισεν τὸ θυσιαστήριον καὶ ἡγίασεν αὐτό, καὶ πάντα τὰ σκεύη αὐτοῦ καὶ τὸν λουτῆρα καὶ τὴν βάσιν αὐτοῦ, καὶ ἡγίασεν αὐτά· καὶ ἔχρισεν τὴν σκηνὴν καὶ πάντα τὰ ἐν αὐτῇ, καὶ ἡγίασεν αὐτήν.	cumque sanctificans aspersisset altare septem vicibus unxit illud et omnia vasa eius labrumque cum basi sua sanctificavit oleo	Cumque sanctificans aspersisset altare septem vicibus, unxit illud, et omnia vasa ejus, labrumque cum basi sua sanctificavit oleo.		And he sprinkled thereof upon the altar seven times, and anointed the altar and all his vessels, both the laver and his foot, to sanctify them.
Lev	8	12	וַיִּצֹק מִשֶּׁמֶן הַמִּשְׁחָה עַל רֹאשׁ אַהֲרֹן וַיִּמְשַׁח אֹתוֹ לְקַדְּשׁוֹ ׃	καὶ ἐπέχεεν Μωσῆς ἀπὸ τοῦ ἐλαίου τῆς χρίσεως ἐπὶ τὴν κεφαλὴν Ἀαρών, καὶ ἔχρισεν αὐτὸν καὶ ἡγίασεν αὐτόν.	quod fundens super caput Aaron unxit eum et consecravit	Quod fundens super caput Aaron, unxit eum, et consecravit:		And he poured of the anointing oil upon Aaron's head, and anointed him, to sanctify him.
Lev	8	13	וַיַּקְרֵב מֹשֶׁה אֶת־בְּנֵי אַהֲרֹן וַיַּלְבִּשֵׁם כֻּתֳּנֹת וַיַּחְגֹּר אֹתָם אַבְנֵט וַיַּחֲבֹשׁ לָהֶם מִגְבָּעוֹת כַּאֲשֶׁר צִוָּה יְהוָה אֶת־מֹשֶׁה ׃	καὶ π ροσήγαγεν Μωυσῆς τοὺς υἱοὺς καὶ ἐνέδυσεν αὐτοὺς χιτῶνας καὶ ἔζωσεν αὐτοὺς ζώνας καὶ περιέθηκεν αὐτοῖς κιδάρεις, καθάπερ συνέταξεν Κύριος τῷ Μωυσῇ.	filios quoque eius oblatos vestivit tunicis lineis et cinxit balteo inposuitque mitras ut iusserat Dominus	filios quoque ejus oblatos vestivit tunicis lineis, et cinxit balteis, imposuitque mitras, ut jusserat Dominus.		And Moses brought Aaron's sons, and put coats upon them, and girded them with girdles, and put bonnets upon them; as the Lord commanded Moses.
Lev	8	14	וַיַּגֵּשׁ אֵת פַּר הַחַטָּאת וַיִּסְמֹךְ אַהֲרֹן וּבָנָיו אֶת־יְדֵיהֶם עַל־רֹאשׁ פַּר הַחַטָּאת ׃	καὶ προσήγαγεν Μωυσῆς τὸν μόσχον τὸν περὶ τῆς ἁμαρτίας, καὶ ἐπέθηκεν Ἀαρὼν καὶ οἱ υἱοὶ αὐτοῦ τὰς χεῖρας ἐπὶ τὴν κεφαλὴν τοῦ μόσχου τοῦ τῆς ἁμαρτίας.	obtulit et vitulum pro peccato cumque super caput eius posuissent Aaron et filii eius manus suas	Obtulit et vitulum pro peccato: cumque super caput ejus posuisset Aaron et filii ejus manus suas,		And he brought the bullock for the sin offering: and Aaron and his sons laid their hands upon the head of the bullock for the sin offering.
Lev	8	15	וַיִּשְׁחָט וַיִּקַּח מֹשֶׁה אֶת־הַדָּם וַיִּתֵּן עַל־קַרְנוֹת הַמִּזְבֵּחַ סָבִיב בְּאֶצְבָּעוֹ וַיְחַטֵּא אֶת־הַמִּזְבֵּחַ וְאֶת־הַדָּם יָצַק אֶל־יְסוֹד הַמִּזְבֵּחַ וַיְקַדְּשֵׁהוּ לְכַפֵּר עָלָיו ׃	καὶ ἔσφαξεν αὐτόν· καὶ ἔλαβεν ἀπὸ τοῦ αἵματος καὶ ἐπέθηκεν ἐπὶ τὰ κέρατα τοῦ θυσιαστηρίου κύκλῳ τῶ δακτύλῳ, καὶ ἐκαθάρισεν τὸ θυσιαστήριον· καὶ τὸ αἷμα ἐξέχεεν ἐπὶ τὴν βάσιν τοῦ θυσιαστηρίου, καὶ ἡγίασεν αὐτὸ τοῦ ἐξιλάσασθαι ἐπ’ αὐτοῦ.	immolavit eum hauriens sanguinem et tincto digito tetigit cornua altaris per gyrum quo expiato et sanctificato fudit reliquum sanguinem ad fundamenta eius	immolavit eum, hauriens sanguinem, et tincto digito, tetigit cornua altaris per gyrum: quo expiato et sanctificato, fudit reliquum sanguinem ad fundamenta ejus.		And he slew it; and Moses took the blood, and put it upon the horns of the altar round about with his finger, and purified the altar, and poured the blood at the bottom of the altar, and sanctified it, to make reconciliation upon it.
Lev	8	16	וַיִּקַּח אֶת־כָּל־הַחֵלֶב אֲשֶׁר עַל־הַקֶּרֶב וְאֵת יֹתֶרֶת הַכָּבֵד וְאֶת־שְׁתֵּי הַכְּלָיֹת וְאֶת־חֶלְבְּהֶן וַיַּקְטֵר מֹשֶׁה הַמִּזְבֵּחָה ׃	καὶ ἔλαβεν Μωυσῆς πᾶν τὸ στέαρ τὸ ἐπὶ σθίων καὶ λοβὸν ἀπὸ τοῦ ἥπατος καὶ ἀμφοτέρους τοὺς νεφροὺς καὶ τὸ στέαρ τὸ ἐπ’ αὐτῶν, καὶ ἀνήνεγκεν Μωυσῆς ἐπὶ τὸ θυσιαστήριον·	adipem autem qui erat super vitalia et reticulum iecoris duosque renunculos cum arvinulis suis adolevit super altare	Adipem vero qui erat super vitalia, et reticulum jecoris, duosque renunculos, cum arvinulis suis, adolevit super altare:		And he took all the fat that was upon the inwards, and the caul above the liver, and the two kidneys, and their fat, and Moses burned it upon the altar.
Lev	8	17	וְאֶת־הַפָּר וְאֶת־עֹרוֹ וְאֶת־בְּשָׂרוֹ וְאֶת־פִּרְשׁוֹ שָׂרַף בָּאֵשׁ מִחוּץ לַמַּחֲנֶה כַּאֲשֶׁר צִוָּה יְהוָה אֶת־מֹשֶׁה ׃	καὶ τὸν μόσχον καὶ τὴν βύρσαν αὐτοῦ καὶ τὰ κρέα αὐτοῦ καὶ τὴν κόπρον αὐτοῦ, κατέκαυσεν αὐτὰ πυρὶ ἵξω τῆς παρεμβολῆς, ὃν τρόπον συνέταξεν κύριος τῷ Μωυσῆ.	vitulum cum pelle carnibus et fimo cremans extra castra sicut praeceperat Dominus	vitulum cum pelle, et carnibus, et fimo, cremans extra castra, sicut prceperat Dominus.		But the bullock, and his hide, his flesh, and his dung, he burnt with fire without the camp; as the Lord commanded Moses.
Lev	8	18	וַיַּקְרֵב אֵת אֵיל הָעֹלָה וַיִּסְמְכוּ אַהֲרֹן וּבָנָיו אֶת־יְדֵיהֶם עַל־רֹאשׁ הָאָיִל ׃	καὶ προσήγαγεν Μωυσῆς τὸν κριὸν τὸν εἰς ὁλοκαύτωμα, καὶ ἐπέθηκεν Ἀαρὼν καὶ οἱ υἱοὶ αὐτοῦ τὰς χεῖρας αὐτῶν ἐπὶ τὴν κεφαλὴν τοῦ κριοῦ.	obtulit et arietem in holocaustum super cuius caput cum inposuissent Aaron et filii eius manus suas	Obtulit et arietem in holocaustum: super cujus caput cum imposuissent Aaron et filii ejus manus suas,		And he brought the ram for the burnt offering: and Aaron and his sons laid their hands upon the head of the ram.
Lev	8	19	וַיִּשְׁחָט וַיִּזְרֹק מֹשֶׁה אֶת־הַדָּם עַל־הַמִּזְבֵּחַ סָבִיב ׃	καὶ ἔσφαξεν Μωυσῆς τὸν κριόν· καὶ προσέχεεν Μωσῆς τὸ αἷμα ἐπὶ τὸ θυσιαστήριον κύκλῳ·	immolavit eum et fudit sanguinem eius per altaris circuitum	immolavit eum, et fudit sanguinem ejus per circuitum altaris.		And he killed it; and Moses sprinkled the blood upon the altar round about.
Lev	8	20	וְאֶת־הָאַיִל נִתַּח לִנְתָחָיו וַיַּקְטֵר מֹשֶׁה אֶת־הָרֹאשׁ וְאֶת־הַנְּתָחִים וְאֶת־הַפָּדֶר ׃	καὶ τὸν κριὸν ἐκρεανόμησεν κατὰ μέλη, καὶ ἀνήνεγκεν Μωσῆς τὴν κεφαλὴν καὶ τὰ μέλη καὶ τὸ στέαρ·	ipsumque arietem in frusta concidens caput eius et artus et adipem adolevit igni	Ipsumque arietem in frusta concidens, caput ejus, et artus, et adipem adolevit igni,		And he cut the ram into pieces; and Moses burnt the head, and the pieces, and the fat.
Lev	8	21	וְאֶת־הַקֶּרֶב וְאֶת־הַכְּרָעַיִם רָחַץ בַּמָּיִם וַיַּקְטֵר מֹשֶׁה אֶת־כָּל־הָאַיִל הַמִּזְבֵּחָה עֹלָה הוּא לְרֵיחַ־נִיחֹחַ אִשֶּׁה הוּא לַיהוָה כַּאֲשֶׁר צִוָּה יְהוָה אֶת־מֹשֶׁה ׃	καὶ τὴν κοιλίαν καὶ τοὺς πόδας ἔπλυνεν ὕδατι, καὶ ἀνήνεγκεν Μωυσῆς ὅλον τὸν κριὸν ἐπὶ τὸ θυσιαστήριον· ὁλοκαύτωμα ὅ ἐστιν εἰς ὀσμὴν εὐωδίας, κάρπωμά ἐστιν τῷ κυρίῳ, καθάπερ ἐνετείλατο κύριος τῷ Μωυσῇ.	lotis prius intestinis et pedibus totumque simul arietem incendit super altare eo quod esset holocaustum suavissimi odoris Domino sicut praeceperat ei	lotis prius intestinis et pedibus: totumque simul arietem incendit super altare, eo quod esset holocaustum suavissimi odoris Domino, sicut prceperat ei.		And he washed the inwards and the legs in water; and Moses burnt the whole ram upon the altar: it was a burnt sacrifice for a sweet savour, and an offering made by fire unto the Lord; as the Lord commanded Moses.
Lev	8	22	וַיַּקְרֵב אֶת־הָאַיִל הַשֵּׁנִי אֵיל הַמִּלֻּאִים וַיִּסְמְכוּ אַהֲרֹן וּבָנָיו אֶת־יְדֵיהֶם עַל־רֹאשׁ הָאָיִל ׃	καὶ προσήγαγεν Μωυσῆς τὸν κριὸν τὸν δεύτερον, κριὸν τελειώσεως· καὶ ἐπέθηκεν Ἀαρὼν καὶ οἱ υἱοὶ αὐτοῦ τὰς χεῖρας αὐτῶν ἐπὶ τὴν κεφαλὴν τοῦ κριοῦ.	obtulit et arietem secundum in consecrationem sacerdotum posueruntque super caput illius Aaron et filii eius manus suas	Obtulit et arietem secundum in consecratione sacerdotum, posueruntque super caput ejus Aaron et filii ejus manus suas:		And he brought the other ram, the ram of consecration: and Aaron and his sons laid their hands upon the head of the ram.
Lev	8	23	וַיִּשְׁחָט וַיִּקַּח מֹשֶׁה מִדָּמוֹ וַיִּתֵּן עַל־תְּנוּךְ אֹזֶן־אַהֲרֹן הַיְמָנִית וְעַל־בֹּהֶן יָדוֹ הַיְמָנִית וְעַל־בֹּהֶן רַגְלוֹ הַיְמָנִית ׃	καὶ ἔσφαξεν αὐτόν, καὶ ἔλαβεν Μώσης ἀπὸ τοῦ αἵματος αὐτοῦ καὶ ἐπέθηκεν ἐπὶ τὸν λοβὸν τοῦ ὠτὸς Ἀαρὼν τοῦ δεξιοῦ καὶ ἐπὶ τὸ ἄκρον τῆς χειρὸς τῆς δεξιᾶς καὶ ἐπὶ τὸ ἄκρον τοῦ ποδὸς τοῦ δεξιοῦ.	quem cum immolasset Moses sumens de sanguine tetigit extremum auriculae dextrae Aaron et pollicem manus eius dextrae similiter et pedis	quem cum immolasset Moyses, sumens de sanguine ejus, tetigit extremum auricul dextr Aaron, et pollicem manus ejus dextr, similiter et pedis.		And he slew it; and Moses took of the blood of it, and put it upon the tip of Aaron's right ear, and upon the thumb of his right hand, and upon the great toe of his right foot.
Lev	8	24	וַיַּקְרֵב אֶת־בְּנֵי אַהֲרֹן וַיִּתֵּן מֹשֶׁה מִן־הַדָּם עַל־תְּנוּךְ אָזְנָם הַיְמָנִית וְעַל־בֹּהֶן יָדָם הַיְמָנִית וְעַל־בֹּהֶן רַגְלָם הַיְמָנִית וַיִּזְרֹק מֹשֶׁה אֶת־הַדָּם עַל־הַמִּזְבֵּחַ סָבִיב ׃	καὶ προσήγαγεν Μωυσῆς τοὺς υἱοὺς Ἀαρών· καὶ ἐπέθηκεν Μωυσῆς ἀπὸ τοῦ αἵματος ἐπὶ τοὺς λοβοὺς τῶν ὤτων τῶν δεξιῶν καὶ ἐπὶ τὰ ἄκρα τῶν χειρῶν αὐτῶν τῶν δεξιῶν καὶ ἐπὶ τὰ ἄκρα τῶν ποδῶν αὐτῶν τῶν δεξιῶν· καὶ π ροσέχεεν Μωσῆς τὸ αἷμα ἐπὶ τὸ θυσιαστήριον κύκλῳ.	obtulit et filios Aaron cumque de sanguine arietis immolati tetigisset extremum auriculae singulorum dextrae et pollices manus ac pedis dextri reliquum fudit super altare per circuitum	Obtulit et filios Aaron: cumque de sanguine arietis immolati tetigisset extremum auricul singulorum dextr, et pollices manus ac pedis dextri, reliquum fudit super altare per circuitum:		And he brought Aaron's sons, and Moses put of the blood upon the tip of their right ear, and upon the thumbs of their right hands, and upon the great toes of their right feet: and Moses sprinkled the blood upon the altar round about.
Lev	8	25	וַיִּקַּח אֶת־הַחֵלֶב וְאֶת־הָאַלְיָה וְאֶת־כָּל־הַחֵלֶב אֲשֶׁר עַל־הַקֶּרֶב וְאֵת יֹתֶרֶת הַכָּבֵד וְאֶת־שְׁתֵּי הַכְּלָיֹת וְאֶת־חֶלְבְּהֶן וְאֵת שׁוֹק הַיָּמִין ׃	καὶ ἔλαβεν τὸ στέαρ καὶ τὴν ὀσφὺν καὶ τὸ στέαρ τὸ ἐπὶ τῆς κοιλίας καὶ τὸν λοβὸν τοῦ ἥπατος καὶ τοὺς δύο νεφροὺς καὶ τὸ στέαρ τὸ ἐπ’ αὐτῶν καὶ τὸν βραχίονα τὸν δεξιόν·	adipem vero et caudam omnemque pinguedinem quae operit intestina reticulumque iecoris et duos renes cum adipibus suis et armo dextro separavit	adipem vero, et caudam, omnemque pinguedinem qu operit intestina, reticulumque jecoris, et duos renes cum adipibus suis et armo dextro separavit.		And he took the fat, and the rump, and all the fat that was upon the inwards, and the caul above the liver, and the two kidneys, and their fat, and the right shoulder:
Lev	8	26	וּמִסַּל הַמַּצּוֹת אֲשֶׁר לִפְנֵי יְהוָה לָקַח חַלַּת מַצָּה אַחַת וְחַלַּת לֶחֶם שֶׁמֶן אַחַת וְרָקִיק אֶחָד וַיָּשֶׂם עַל־הַחֲלָבִים וְעַל שׁוֹק הַיָּמִין ׃	καὶ ἀπὸ τοῦ κανοῦ τῆς τελειώσεως τοῦ ὄντος ἔναντι Κυρίου λάβεν ἄρτον ἕνα ἄζυμον καὶ ἄρτον ἐξ ἐλαίου ἕνα καὶ λάγανον ἕν, καὶ ἐπέθηκεν ἐπὶ τὸ στέαρ καὶ ἐπέθηκεν τὸν βραχίονα τὸν δεξιόν·	tollens autem de canistro azymorum quod erat coram Domino panem absque fermento et collyridam conspersam oleo laganumque posuit super adipes et armum dextrum	Tollens autem de canistro azymorum, quod erat coram Domino, panem absque fermento, et collyridam conspersam oleo, laganumque, posuit super adipes, et armum dextrum,		And out of the basket of unleavened bread, that was before the Lord, he took one unleavened cake, and a cake of oiled bread, and one wafer, and put them on the fat, and upon the right shoulder:
Lev	8	27	וַיִּתֵּן אֶת־הַכֹּל עַל כַּפֵּי אַהֲרֹן וְעַל כַּפֵּי בָנָיו וַיָּנֶף אֹתָם תְּנוּפָה לִפְנֵי יְהוָה ׃	καὶ ἐπέθηκεν ἅπαντα ἐπὶ τὰς χεῖρας Ἀαρὼν καὶ ἐπὶ τὰς χεῖρας τῶν υἱῶν αὐτοῦ, καὶ ἀνήνεγκεν αὐτὰ ἀφαίρεμα ἔναντι Κυρίου.	tradens simul omnia Aaron et filiis eius qui postquam levaverunt ea coram Domino	tradens simul omnia Aaron et filiis ejus. Qui postquam levaverunt ea coram Domino,		And he put all upon Aaron's hands, and upon his sons' hands, and waved them for a wave offering before the Lord.
Lev	8	28	וַיִּקַּח מֹשֶׁה אֹתָם מֵעַל כַּפֵּיהֶם וַיַּקְטֵר הַמִּזְבֵּחָה עַל־הָעֹלָה מִלֻּאִים הֵם לְרֵיחַ נִיחֹחַ אִשֶּׁה הוּא לַיהוָה ׃	καὶ ἔλαβεν Μωσῆς ἀπὸ τῶν χειρῶν αὐτῶν, καὶ ἀνήνεγκεν αὐτὰ Μωσῆς ἐπὶ τὸ θυσιαστήριον, ἐπὶ τὸ ὁλοκαύτωμα τῆς τελειώσεως, ὅ ἐστιν ὀσμὴ εὐωδίας· κάρπωμά ἐστιν τῷ κυρίῳ.	rursum suscepta de manibus eorum adolevit super altare holocausti eo quod consecrationis esset oblatio in odorem suavitatis sacrificii Domini	rursum suscepta de manibus eorum, adolevit super altare holocausti, eo quod consecrationis esset oblatio, in odorem suavitatis, sacrificii Domino.		And Moses took them from off their hands, and burnt them on the altar upon the burnt offering: they were consecrations for a sweet savour: it is an offering made by fire unto the Lord.
Lev	8	29	וַיִּקַּח מֹשֶׁה אֶת־הֶחָזֶה וַיְנִיפֵהוּ תְנוּפָה לִפְנֵי יְהוָה מֵאֵיל הַמִּלֻּאִים לְמֹשֶׁה הָיָה לְמָנָה כַּאֲשֶׁר צִוָּה יְהוָה אֶת־מֹשֶׁה ׃	καὶ λαβών Μωσῆς τὸ ἀφεῖλεν αὐτὸ ἐπίθεμα ἔναντι Κυρίου ἀπὸ τοῦ κριοῦ τῆς τελειώσεως· καὶ ἐγένετο Μωσῇ ἐν μερίδι, καθὰ ἐνετείλατο κύριος τῷ Μωσῇ.	tulit et pectusculum elevans illud coram Domino de ariete consecrationis in partem suam sicut praeceperat ei Dominus	Tulitque pectusculum, elevans illud coram Domino, de ariete consecrationis in partem suam, sicut prceperat ei Dominus.		And Moses took the breast, and waved it for a wave offering before the Lord: for of the ram of consecration it was Moses' part; as the Lord commanded Moses.
Lev	8	30	וַיִּקַּח מֹשֶׁה מִשֶּׁמֶן הַמִּשְׁחָה וּמִן־הַדָּם אֲשֶׁר עַל־הַמִּזְבֵּחַ וַיַּז עַל־אַהֲרֹן עַל־בְּגָדָיו וְעַל־בָּנָיו וְעַל־בִּגְדֵי בָנָיו אִתּוֹ וַיְקַדֵּשׁ אֶת־אַהֲרֹן אֶת־בְּגָדָיו וְאֶת־בָּנָיו וְאֶת־בִּגְדֵי בָנָיו אִתּוֹ ׃	καὶ ἔλαβεν Μωσῆς ἀπὸ τοῦ ἐλαίου τῆς χρίσεως καὶ ἀπὸ τοῦ αἵματος τοῦ ἐπὶ τοῦ θυσιαστηρίου, καὶ προσέρανεν ἐπὶ Ἀαρὼν καὶ τὰς στολὰς αὐτοῦ καὶ τοὺς υἱοὺς αὐτοῦ καὶ τὰς στολὰς τῶν υἱῶν αὐτοῦ μετ’ αὐτοῦ.	adsumensque unguentum et sanguinem qui erat in altari aspersit super Aaron et vestimenta eius et super filios illius ac vestes eorum	Assumensque unguentum, et sanguinem qui erat in altari, aspersit super Aaron et vestimenta ejus, et super filios illius ac vestes eorum.		And Moses took of the anointing oil, and of the blood which was upon the altar, and sprinkled it upon Aaron, and upon his garments, and upon his sons, and upon his sons' garments with him; and sanctified Aaron, and his garments, and his sons, and his sons' garments with him.
Lev	8	31	וַיֹּאמֶר מֹשֶׁה אֶל־אַהֲרֹן וְאֶל־בָּנָיו בַּשְּׁלוּ אֶת־הַבָּשָׂר פֶּתַח אֹהֶל מוֹעֵד וְשָׁם תֹּאכְלוּ אֹתוֹ וְאֶת־הַלֶּחֶם אֲשֶׁר בְּסַל הַמִּלֻּאִים כַּאֲשֶׁר צִוֵּיתִי לֵאמֹר אַהֲרֹן וּבָנָיו יֹאכְלֻהוּ ׃	καὶ εἶπεν Μωυσῆς πρὸς Ἀαρὼν καὶ τοὺς υἱοὺς αὐτοῦ Ἑψήσατε τὰ κρέα ἐν τῆ αὐλῇ τῆς σκηνῆς τοῦ μαρτυρίου ἐν τόπῳ ἁγίῳ, καὶ ἐκεῖ φάγεσθε αὐτὰ καὶ τοὺς ἄρτους ἐν τῷ κανῷ τῆς τελειώσεως, ὃν τρόπον συντέτακταί μοι λέγων Ἀαρὼν καὶ οἱ υἱοὶ αὐτοῦ φάγονται ταῦτα·	cumque sanctificasset eos in vestitu suo praecepit eis dicens coquite carnes ante fores tabernaculi et ibi comedite eas panes quoque consecrationis edite qui positi sunt in canistro sicut praecepit mihi dicens Aaron et filii eius comedent eos	Cumque sanctificasset eos in vestitu suo, prcepit eis, dicens: Coquite carnes ante fores tabernaculi, et ibi comedite eas; panes quoque consecrationis edite, qui positi sunt in canistro, sicut prcepit mihi Dominus, dicens: Aaron et filii ejus comedent eos:		And Moses said unto Aaron and to his sons, Boil the flesh at the door of the tabernacle of the congregation: and there eat it with the bread that is in the basket of consecrations, as I commanded, saying, Aaron and his sons shall eat it.
Lev	8	32	וְהַנּוֹתָר בַּבָּשָׂר וּבַלָּחֶם בָּאֵשׁ תִּשְׂרֹפוּ ׃	καὶ τὸ καταλειφθὲν τῶν κρεῶν καὶ τῶν ἄρτων ἐν	quicquid autem reliquum fuerit de carne et panibus ignis absumet	quidquid autem reliquum fuerit de carne et panibus, ignis absumet.		And that which remaineth of the flesh and of the bread shall ye burn with fire.
Lev	8	33	וּמִפֶּתַח אֹהֶל מוֹעֵד לֹא תֵצְאוּ שִׁבְעַת יָמִים עַד יוֹם מְלֹאת יְמֵי מִלֻּאֵיכֶם כִּי שִׁבְעַת יָמִים יְמַלֵּא אֶת־יֶדְכֶם ׃	καὶ ἀπὸ τῆς θύρας τῆς σκηνῆς τοῦ μαρτυρίου ἑπτὰ ἡμέρας, ἕως ἡμέρα πληρωθῇ τελειώσεως ὑμῶν· ἑπτὰ γὰρ ἡμέρας τελειώσει τὰς χεῖρας ὑμῶν,	de ostio quoque tabernaculi non exibitis septem diebus usque ad diem quo conplebitur tempus consecrationis vestrae septem enim diebus finitur consecratio	De ostio quoque tabernaculi non exibitis septem diebus, usque ad diem quo complebitur tempus consecrationis vestr; septem enim diebus finitur consecratio:		And ye shall not go out of the door of the tabernacle of the congregation in seven days, until the days of your consecration be at an end: for seven days shall he consecrate you.
Lev	8	34	כַּאֲשֶׁר עָשָׂה בַּיּוֹם הַזֶּה צִוָּה יְהוָה לַעֲשֹׂת לְכַפֵּר עֲלֵיכֶם ׃	καθάπερ ἐποίησεν ἐν τῆ ταύτῃ ᾗ ἐνετείλατο κύριος τοῦ ποιῆσαι ὥστε ἐξιλάσασθαι περὶ ὑμῶν.	sicut et inpraesentiarum factum est ut ritus sacrificii conpleretur	sicut et imprsentiarum factum est, ut ritus sacrificii compleretur.		As he hath done this day, so the Lord hath commanded to do, to make an atonement for you.
Lev	8	35	וּפֶתַח אֹהֶל מוֹעֵד תֵּשְׁבוּ יוֹמָם וָלַיְלָה שִׁבְעַת יָמִים וּשְׁמַרְתֶּם אֶת־מִשְׁמֶרֶת יְהוָה וְלֹא תָמוּתוּ כִּי־כֵן צֻוֵּיתִי ׃	καὶ ἐπὶ τὴν θύραν τῆς σκηνῆς τοῦ μαρτυρίου ἡμέρας, ἡμέραν καὶ νύκτα· φυλάξεσθε τὰ φυλάγματα κυρίου, ἵνα ἀποθάνητε· οὕτως γὰρ ἐνετείλατό μοι κύριος ὁ θεός.	die ac nocte manebitis in tabernaculo observantes custodias Domini ne moriamini sic enim mihi praeceptum est	Die ac nocte manebitis in tabernaculo observantes custodias Domini, ne moriamini: sic enim mihi prceptum est.		Therefore shall ye abide at the door of the tabernacle of the congregation day and night seven days, and keep the charge of the Lord, that ye die not: for so I am commanded.
Lev	8	36	וַיַּעַשׂ אַהֲרֹן וּבָנָיו אֵת כָּל־הַדְּבָרִים אֲשֶׁר־צִוָּה יְהוָה בְּיַד־מֹשֶׁה ׃ ס	καὶ ἐποίησεν Ἀαρὼν καὶ οἱ υἱοὶ αὐτοῦ πάντας τοὺς λόγους οὓς συνέταξεν Κύριος τῷ Μωσῇ.	feceruntque Aaron et filii eius cuncta quae locutus est Dominus per manum Mosi	Feceruntque Aaron et filii ejus cuncta qu locutus est Dominus per manum Moysi.		So Aaron and his sons did all things which the Lord commanded by the hand of Moses.
Lev	9	1	וַיְהִי בַּיּוֹם הַשְּׁמִינִי קָרָא מֹשֶׁה לְאַהֲרֹן וּלְבָנָיו וּלְזִקְנֵי יִשְׂרָאֵל ׃	Καὶ ἐγενήθη τῇ ἡμέρᾳ τῇ ὀγδόῃ ἐκάλεσεν Μώσης Ἀαρὼν καὶ τοὺς υἱοὺς αὐτοῦ καὶ τὴν γερουσίαν Ἰσραήλ.	facto autem octavo die vocavit Moses Aaron et filios eius ac maiores natu Israhel dixitque ad Aaron	Facto autem octavo die, vocavit Moyses Aaron, et filios ejus, ac majores natu Isral, dixitque ad Aaron:		And it came to pass on the eighth day, that Moses called Aaron and his sons, and the elders of Israel;
Lev	9	2	וַיֹּאמֶר אֶל־אַהֲרֹן קַח־לְךָ עֵגֶל בֶּן־בָּקָר לְחַטָּאת וְאַיִל לְעֹלָה תְּמִימִם וְהַקְרֵב לִפְנֵי יְהוָה ׃	καὶ εἶπεν Μωυσῆς πρὸς Ἀαρών λάβε σεαυτῷ μοσχάριον ἁπαλὸν ἐκ βοῶν περὶ ἁμαρτίας καὶ κριὸν εἰς ὁλοκαύτωμα, ἄμωμα, καὶ προσένεγκε αὐτὰ ἔναντι κυρίου·	tolle de armento vitulum pro peccato et arietem in holocaustum utrumque inmaculatos et offer illos coram Domino	Tolle de armento vitulum pro peccato, et arietem in holocaustum, utrumque immaculatum, et offer illos coram Domino.		And he said unto Aaron, Take thee a young calf for a sin offering, and a ram for a burnt offering, without blemish, and offer them before the Lord.
Lev	9	3	וְאֶל־בְּנֵי יִשְׂרָאֵל תְּדַבֵּר לֵאמֹר קְחוּ שְׂעִיר־עִזִּים לְחַטָּאת וְעֵגֶל וָכֶבֶשׂ בְּנֵי־שָׁנָה תְּמִימִם לְעֹלָה ׃	καὶ τῇ γερουσίᾳ Ἰσραὴλ λάλησον λέγων Λάβετε χίμαρον ἐξ αἰγῶν ἕνα περὶ ἁμαρτίας, καὶ μοσχάριον καὶ ἀμνὸν ἐνιαύσιον εἰς ὁλοκάρπωσιν, ἄμωμα,	et ad filios Israhel loqueris tollite hircum pro peccato et vitulum atque agnum anniculos et sine macula in holocaustum	Et ad filios Isral loqueris: Tollite hircum pro peccato, et vitulum, atque agnum, anniculos, et sine macula in holocaustum,		And unto the children of Israel thou shalt speak, saying, Take ye a kid of the goats for a sin offering; and a calf and a lamb, both of the first year, without blemish, for a burnt offering;
Lev	9	4	וְשׁוֹר וָאַיִל לִשְׁלָמִים לִזְבֹּחַ לִפְנֵי יְהוָה וּמִנְחָה בְּלוּלָה בַשָּׁמֶן כִּי הַיּוֹם יְהוָה נִרְאָה אֲלֵיכֶם ׃	καὶ μόσχον καὶ κριὸν εἰς θυσίαν σωτηρίου ἔναντι Τυρίου, καὶ σεμίδαλιν πεφυραμένην ἐν ἐλαίω· ὅτι σήμερον Κύριος ὀφθήσεται ἐν ὑμῖν.	bovem et arietem pro pacificis et immolate eos coram Domino in sacrificio singulorum similam oleo conspersam offerentes hodie enim Dominus apparebit vobis	bovem et arietem pro pacificis: et immolate eos coram Domino, in sacrificio singulorum similam conspersam oleo offerentes: hodie enim Dominus apparebit vobis.		Also a bullock and a ram for peace offerings, to sacrifice before the Lord; and a meat offering mingled with oil: for to day the Lord will appear unto you.
Lev	9	5	וַיִּקְחוּ אֵת אֲשֶׁר צִוָּה מֹשֶׁה אֶל־פְּנֵי אֹהֶל מוֹעֵד וַיִּקְרְבוּ כָּל־הָעֵדָה וַיַּעַמְדוּ לִפְנֵי יְהוָה ׃	καὶ ἔλαβον καθὸ ἐνετείλατο Μωυσῆς ἀπέναντι τῆς σκηνῆς τοῦ μαρτυρίου· καὶ προσῆλθεν πᾶσα συναγωγή, καὶ ἔστησαν ἔναντι κυρίου.	tulerunt ergo cuncta quae iusserat Moses ad ostium tabernaculi ubi cum omnis staret multitudo	Tulerunt ergo cuncta qu jusserat Moyses ad ostium tabernaculi: ubi cum omnis multitudo astaret,		And they brought that which Moses commanded before the tabernacle of the congregation: and all the congregation drew near and stood before the Lord.
Lev	9	6	וַיֹּאמֶר מֹשֶׁה זֶה הַדָּבָר אֲשֶׁר־צִוָּה יְהוָה תַּעֲשׂוּ וְיֵרָא אֲלֵיכֶם כְּבוֹד יְהוָה ׃	καὶ εἶπεν Μωσῆς τοῦτο τὸ ῥῆμα ὃ εἶπεν ποιήσατε, καὶ ὀφθήσεται ἐν ὑμῖν δόξα κυρίου.	ait Moses iste est sermo quem praecepit Dominus facite et apparebit vobis gloria eius	ait Moyses: Iste est sermo, quem prcepit Dominus: facite, et apparebit vobis gloria ejus.		And Moses said, This is the thing which the Lord commanded that ye should do: and the glory of the Lord shall appear unto you.
Lev	9	7	וַיֹּאמֶר מֹשֶׁה אֶל־אַהֲרֹן קְרַב אֶל־הַמִּזְבֵּחַ וַעֲשֵׂה אֶת־חַטָּאתְךָ וְאֶת־עֹלָתֶךָ וְכַפֵּר בַּעַדְךָ וּבְעַד הָעָם וַעֲשֵׂה אֶת־קָרְבַּן הָעָם וְכַפֵּר בַּעֲדָם כַּאֲשֶׁר צִוָּה יְהוָה ׃	καὶ εἶπεν τῷ Ἀαρών Πρόσελθε πρὸς τὸ θυσιαστήριον, καὶ ποίησον τὸ περὶ τῆς ἁμαρτίας σου καὶ τὸ ὁλοκαύτωμά σου, καὶ ἐξίλασαι περὶ σεαυτοῦ καὶ τοῦ οἴκου σου· καὶ ποίησον τὰ δῶρα τοῦ λαοῦ, καὶ ἐξίλασαι περὶ αὐτῶν, καθάπερ ἐνετείλατο κύριος τῷ Μωυσῇ.	dixit et ad Aaron accede ad altare et immola pro peccato tuo offer holocaustum et deprecare pro te et pro populo cumque mactaveris hostiam populi ora pro eo sicut praecepit Dominus	Et dixit ad Aaron: Accede ad altare, et immola pro peccato tuo: offer holocaustum, et deprecare pro te et pro populo: cumque mactaveris hostiam populi, ora pro eo, sicut prcepit Dominus.		And Moses said unto Aaron, Go unto the altar, and offer thy sin offering, and thy burnt offering, and make an atonement for thyself, and for the people: and offer the offering of the people, and make an atonement for them; as the Lord commanded.
Lev	9	8	וַיִּקְרַב אַהֲרֹן אֶל־הַמִּזְבֵּחַ וַיִּשְׁחַט אֶת־עֵגֶל הַחַטָּאת אֲשֶׁר־לוֹ ׃	καὶ προσῆλθεν Ἀαρὼν πρὸς τὸ θυσιαστήριον, καὶ ἔσφαξεν τὸ μοσχάριον τὸ περὶ τῆς ἁμαρτίας·	statimque Aaron accedens ad altare immolavit vitulum pro peccato suo	Statimque Aaron accedens ad altare, immolavit vitulum pro peccato suo:		Aaron therefore went unto the altar, and slew the calf of the sin offering, which was for himself.
Lev	9	9	וַיַּקְרִבוּ בְּנֵי אַהֲרֹן אֶת־הַדָּם אֵלָיו וַיִּטְבֹּל אֶצְבָּעוֹ בַּדָּם וַיִּתֵּן עַל־קַרְנוֹת הַמִּזְבֵּחַ וְאֶת־הַדָּם יָצַק אֶל־יְסוֹד הַמִּזְבֵּחַ ׃	καὶ προσήνεγκαν οἱ υἱοὶ Ἀαρὼν τὸ αἷμα πρὸς αὐτόν, καὶ ἔβαψεν τὸν δάκτυλον εἰς τὸ αἷμα καὶ ἐπέθηκεν ἐπὶ τὰ κέρατα τοῦ θυσιαστηρίου, καὶ τὸ αἷμα ἐξέχεεν ἐπὶ τὴν βάσιν τοῦ θυσιαστηρίου·	cuius sanguinem obtulerunt ei filii sui in quo tinguens digitum tetigit cornua altaris et fudit residuum ad basim eius	cujus sanguinem obtulerunt ei filii sui: in quo tingens digitum, tetigit cornua altaris, et fudit residuum ad basim ejus.		And the sons of Aaron brought the blood unto him: and he dipped his finger in the blood, and put it upon the horns of the altar, and poured out the blood at the bottom of the altar:
Lev	9	10	וְאֶת־הַחֵלֶב וְאֶת־הַכְּלָיֹת וְאֶת־הַיֹּתֶרֶת מִן־הַכָּבֵד מִן־הַחַטָּאת הִקְטִיר הַמִּזְבֵּחָה כַּאֲשֶׁר צִוָּה יְהוָה אֶת־מֹשֶׁה ׃	καὶ τὸ στέαρ καὶ τοὺς νεφροὺς καὶ τὸν λοβὸν τοῦ ἥπατος τοῦ περὶ τῆς ἁμαρτίας ἀνήνεγκεν ἐπὶ τὸ θυσιαστήριον, ὃν τρόπον ἐνετείλατο Κύριος τῷ Μωσῇ·	adipemque et renunculos ac reticulum iecoris quae sunt pro peccato adolevit super altare sicut praeceperat Dominus Mosi	Adipemque, et renunculos, ac reticulum jecoris, qu sunt pro peccato, adolevit super altare, sicut prceperat Dominus Moysi:		But the fat, and the kidneys, and the caul above the liver of the sin offering, he burnt upon the altar; as the Lord commanded Moses.
Lev	9	11	וְאֶת־הַבָּשָׂר וְאֶת־הָעוֹר שָׂרַף בָּאֵשׁ מִחוּץ לַמַּחֲנֶה ׃	καὶ τὰ κρέα καὶ τὴν βύρσαν κατέκαυσεν αὐτὰ πυρὶ ἔξω τῆς παρεμβολῆς.	carnes vero et pellem eius extra castra conbusit igni	carnes vero et pellem ejus extra castra combussit igni.		And the flesh and the hide he burnt with fire without the camp.
Lev	9	12	וַיִּשְׁחַט אֶת־הָעֹלָה וַיַּמְצִאוּ בְּנֵי אַהֲרֹן אֵלָיו אֶת־הַדָּם וַיִּזְרְקֵהוּ עַל־הַמִּזְבֵּחַ סָבִיב ׃	καὶ ἔσφαξεν τὸ ὁλοκαύτωμα· καὶ προσήνεγκαν οἱ υἱοὶ Ἀαρὼν καὶ τὸ αἷμα πρὸς αὐτόν, καὶ προσέχεεν ἐπὶ τὸ θυσιαστήριον κύκλῳ·	immolavit et holocausti victimam obtuleruntque ei filii sui sanguinem eius quem fudit per altaris circuitum	Immolavit et holocausti victimam: obtuleruntque ei filii sui sanguinem ejus, quem fudit per altaris circuitum.		And he slew the burnt offering; and Aaron's sons presented unto him the blood, which he sprinkled round about upon the altar.
Lev	9	13	וְאֶת־הָעֹלָה הִמְצִיאוּ אֵלָיו לִנְתָחֶיהָ וְאֶת־הָרֹאשׁ וַיַּקְטֵר עַל־הַמִּזְבֵּחַ ׃	καὶ τὸ ὁλοκαύτωμα, προσήνεγκαν αὐτὸ κατὰ μέλη, αὐτὰ καὶ τὴν κεφαλήν, καὶ ἐπέθηκεν ἐπὶ τὸ θυσιαστήριον·	ipsam etiam hostiam in frusta concisam cum capite et membris singulis obtulerunt quae omnia super altare cremavit igni	Ipsam etiam hostiam in frusta concisam, cum capite et membris singulis obtulerunt; qu omnia super altare cremavit igni,		And they presented the burnt offering unto him, with the pieces thereof, and the head: and he burnt them upon the altar.
Lev	9	14	וַיִּרְחַץ אֶת־הַקֶּרֶב וְאֶת־הַכְּרָעָיִם וַיַּקְטֵר עַל־הָעֹלָה הַמִּזְבֵּחָה ׃	καὶ ἔπλυνεν τὴν κοιλίαν καὶ τοὺς πόδας ὕδατι καὶ ἐπέθηκεν ἐπὶ τὸ ὁλοκαύτωμα ἐπὶ τὸ θυσιαστήριον.	lotis prius aqua intestinis et pedibus	lotis aqua prius intestinis et pedibus.		And he did wash the inwards and the legs, and burnt them upon the burnt offering on the altar.
Lev	9	15	וַיַּקְרֵב אֵת קָרְבַּן הָעָם וַיִּקַּח אֶת־שְׂעִיר הַחַטָּאת אֲשֶׁר לָעָם וַיִּשְׁחָטֵהוּ וַיְחַטְּאֵהוּ כָּרִאשׁוֹן ׃	καὶ προσήνεγκαν τὸ δῶρον τοῦ λαοῦ· καὶ ἔλαβεν τὸν χίμαρον τὸν περὶ τῆς ἁμαρτίας τοῦ λαοῦ, καὶ ἔσφαξεν αὐτὸ καθὰ καὶ τὸ πρῶτον.	et pro peccato populi offerens mactavit hircum expiatoque altari	Et pro peccato populi offerens, mactavit hircum: expiatoque altari,		And he brought the people's offering, and took the goat, which was the sin offering for the people, and slew it, and offered it for sin, as the first.
Lev	9	16	וַיַּקְרֵב אֶת־הָעֹלָה וַיַּעֲשֶׂהָ כַּמִּשְׁפָּט ׃	καὶ προσήνεγκεν τὸ ὁλοκαύτωμα, καὶ ἐποίησεν αὐτὸ ὡς καθήκει.	fecit holocaustum	fecit holocaustum,		And he brought the burnt offering, and offered it according to the manner.
Lev	9	17	וַיַּקְרֵב אֶת־הַמִּנְחָה וַיְמַלֵּא כַפּוֹ מִמֶּנָּה וַיַּקְטֵר עַל־הַמִּזְבֵּחַ מִלְּבַד עֹלַת הַבֹּקֶר ׃	καὶ προσήνεγκεν τὴν θυσίαν, καὶ ἔπλησεν τὰς χεῖρας ἀπ’ αὐτῆς, καὶ ἐπέθηκεν ἐπὶ τὸ θυσιαστήριον χωρὶς τοῦ ὁλοκαυτώματος τοῦ πρωινοῦ.	addens in sacrificio libamenta quae pariter offeruntur et adolens ea super altare absque caerimoniis holocausti matutini	addens in sacrificio libamenta, qu pariter offeruntur, et adolens ea super altare, absque cremoniis holocausti matutini.		And he brought the meat offering, and took an handful thereof, and burnt it upon the altar, beside the burnt sacrifice of the morning.
Lev	9	18	וַיִּשְׁחַט אֶת־הַשּׁוֹר וְאֶת־הָאַיִל זֶבַח הַשְּׁלָמִים אֲשֶׁר לָעָם וַיַּמְצִאוּ בְּנֵי אַהֲרֹן אֶת־הַדָּם אֵלָיו וַיִּזְרְקֵהוּ עַל־הַמִּזְבֵּחַ סָבִיב ׃	καὶ ἔσφαξεν τὸν μόσχον καὶ τὸν κριὸν τῆς θυσίας τοῦ σωτηρίου τῆς τοῦ λαοῦ· καὶ προσήνεγκαν οἱ υἱοὶ Ἀαρὼν τὸ αἷμα πρὸς αὐτόν, καὶ προσέχεεν πρὸς τὸ θυσιαστήριον κύκλῳ·	immolavit et bovem atque arietem hostias pacificas populi obtuleruntque ei filii sui sanguinem quem fudit super altare in circuitu	Immolavit et bovem atque arietem, hostias pacificas populi: obtuleruntque ei filii sui sanguinem, quem fudit super altare in circuitum.		He slew also the bullock and the ram for a sacrifice of peace offerings, which was for the people: and Aaron's sons presented unto him the blood, which he sprinkled upon the altar round about,
Lev	9	19	וְאֶת־הַחֲלָבִים מִן־הַשּׁוֹר וּמִן־הָאַיִל הָאַלְיָה וְהַמְכַסֶּה וְהַכְּלָיֹת וְיֹתֶרֶת הַכָּבֵד ׃	καὶ τὸ στέαρ τὸ ἀπὸ τοῦ μόσχου καὶ τοῦ κριοῦ, τήν ὀσφὺν καὶ τὸ στέαρ τὸ κατακαλύπτον ἐπὶ τῆς κοιλίας καἰ τοὺς δύο νεφροὺς καὶ τὸ στέαρ τὸ ἐπ’ αὐτῶν καὶ τόν λοβὸν τὸν ἐπὶ τοῦ ἥπατος·	adipes autem bovis et caudam arietis renunculosque cum adipibus suis et reticulum iecoris	Adipem autem bovis, et caudam arietis, renunculosque cum adipibus suis, et reticulum jecoris,		And the fat of the bullock and of the ram, the rump, and that which covereth the inwards, and the kidneys, and the caul above the liver:
Lev	9	20	וַיָּשִׂימוּ אֶת־הַחֲלָבִים עַל־הֶחָזוֹת וַיַּקְטֵר הַחֲלָבִים הַמִּזְבֵּחָה ׃	καὶ ἐπέθηκεν στέατα ἐπὶ τὰ στηθύνια, καὶ ἀνήνεγκαν τὰ στέατα ἐπὶ τὸ θυσιαστήριον·	posuerunt super pectora cumque cremati essent adipes in altari	posuerunt super pectora: cumque cremati essent adipes super altare,		And they put the fat upon the breasts, and he burnt the fat upon the altar:
Lev	9	21	וְאֵת הֶחָזוֹת וְאֵת שׁוֹק הַיָּמִין הֵנִיף אַהֲרֹן תְּנוּפָה לִפְנֵי יְהוָה כַּאֲשֶׁר צִוָּה מֹשֶׁה ׃	καὶ τὸ στηθύνιον καὶ τὸν βραχίονα τὸν δεξιὸν ἀφεῖλεν Ἀαρὼν ἔναντι κυρίου, ὃν τρόπον συνέταξεν κύριος τῷ Μωυσῇ.	pectora eorum et armos dextros separavit Aaron elevans coram Domino sicut praeceperat Moses	pectora eorum, et armos dextros separavit Aaron, elevans coram Domino, sicut prceperat Moyses.		And the breasts and the right shoulder Aaron waved for a wave offering before the Lord; as Moses commanded.
Lev	9	22	וַיִּשָּׂא אַהֲרֹן אֶת־יָדוֹ אֶל־הָעָם וַיְבָרְכֵם וַיֵּרֶד מֵעֲשֹׂת הַחַטָּאת וְהָעֹלָה וְהַשְּׁלָמִים ׃	Καὶ ἀρῶν τὰς χεῖρας ἐπὶ τὸν λαὸν εὐλόγησεν αὐτούς, καὶ κατέβη τὸ περὶ τῆς ἁμαρτίας καὶ τὰ ὁλοκαυτώματα καὶ τὰ τοῦ σωτηρίου.	et tendens manum contra populum benedixit eis sicque conpletis hostiis pro peccato et holocaustis et pacificis descendit	Et extendens manus ad populum, benedixit ei. Sicque completis hostiis pro peccato, et holocaustis, et pacificis, descendit.		And Aaron lifted up his hand toward the people, and blessed them, and came down from offering of the sin offering, and the burnt offering, and peace offerings.
Lev	9	23	וַיָּבֹא מֹשֶׁה וְאַהֲרֹן אֶל־אֹהֶל מוֹעֵד וַיֵּצְאוּ וַיְבָרֲכוּ אֶת־הָעָם וַיֵּרָא כְבוֹד־יְהוָה אֶל־כָּל־הָעָם ׃	καὶ εἰσῆλθεν Μωσῆς καὶ Ἀαρὼν εἰς τὴν σκηνὴν μαρτυρίου, καὶ ἐξελθόντες εὐλόγησαν πάντα τὸν λαόν· καὶ ἡ δόξα Κυρίου παντὶ τῷ λαῷ.	ingressi autem Moses et Aaron tabernaculum testimonii et deinceps egressi benedixerunt populo apparuitque gloria Domini omni multitudini	Ingressi autem Moyses et Aaron in tabernaculum testimonii, et deinceps egressi, benedixerunt populo. Apparuitque gloria Domini omni multitudini:		And Moses and Aaron went into the tabernacle of the congregation, and came out, and blessed the people: and the glory of the Lord appeared unto all the people.
Lev	9	24	וַתֵּצֵא אֵשׁ מִלִּפְנֵי יְהוָה וַתֹּאכַל עַל־הַמִּזְבֵּחַ אֶת־הָעֹלָה וְאֶת־הַחֲלָבִים וַיַּרְא כָּל־הָעָם וַיָּרֹנּוּ וַיִּפְּלוּ עַל־פְּנֵיהֶם ׃	καὶ ἐξῆλθεν πῦρ παρὰ καὶ κατέφαγεν τὰ ἐπὶ τοῦ θυσιαστηρίου, τά τε ὁλοκαυτώματα καὶ τὰ στέατα· καὶ εἶδεν πᾶς ὁ λαὸς καὶ ἐξέστη, καὶ ἔπεσαν ἐπὶ πρόσωπον.	et ecce egressus ignis a Domino devoravit holocaustum et adipes qui erant super altare quod cum vidissent turbae laudaverunt Dominum ruentes in facies suas	et ecce egressus ignis a Domino, devoravit holocaustum, et adipes qui erant super altare. Quod cum vidissent turb, laudaverunt Dominum, ruentes in facies suas.		And there came a fire out from before the Lord, and consumed upon the altar the burnt offering and the fat: which when all the people saw, they shouted, and fell on their faces.
Lev	10	1	וַיִּקְחוּ בְנֵי־אַהֲרֹן נָדָב וַאֲבִיהוּא אִישׁ מַחְתָּתוֹ וַיִּתְּנוּ בָהֵן אֵשׁ וַיָּשִׂימוּ עָלֶיהָ קְטֹרֶת וַיַּקְרִבוּ לִפְנֵי יְהוָה אֵשׁ זָרָה אֲשֶׁר לֹא צִוָּה אֹתָם ׃	Καὶ λαβόντες οἱ δύο υἱοὶ Ἀαρὼν Ναδὰβ καὶ Ἀβιοὺδ τὸ πυρεῖον αὐτοῦ ἐπέθηκαν ἐπ’ αὐτὸ πῦρ καὶ ἐπέβαλον ἐπ’ αὐτὸ θυμίαμα, καὶ προσήνεγκαν ἔναντι κυρίου πῦρ ἀλλότριον ὃ οὐ προσέταξεν Κύριος αὐτοῖς.	arreptisque Nadab et Abiu filii Aaron turibulis posuerunt ignem et incensum desuper offerentes coram Domino ignem alienum quod eis praeceptum non erat	Arreptisque Nadab et Abiu filii Aaron thuribulis, posuerunt ignem, et incensum desuper, offerentes coram Domino ignem alienum: quod eis prceptum non erat.		And Nadab and Abihu, the sons of Aaron, took either of them his censer, and put fire therein, and put incense thereon, and offered strange fire before the Lord, which he commanded them not.
Lev	10	2	וַתֵּצֵא אֵשׁ מִלִּפְנֵי יְהוָה וַתֹּאכַל אוֹתָם וַיָּמֻתוּ לִפְנֵי יְהוָה ׃	καὶ ἐξῆλθεν πῦρ παρὰ κυρίου καὶ κατέφαγεν αὐτούς, καὶ ἀπέθανον ἔναντι Κυρίου.	egressusque ignis a Domino devoravit eos et mortui sunt coram Domino	Egressusque ignis a Domino, devoravit eos, et mortui sunt coram Domino.		And there went out fire from the Lord, and devoured them, and they died before the Lord.
Lev	10	3	וַיֹּאמֶר מֹשֶׁה אֶל־אַהֲרֹן הוּא אֲשֶׁר־דִּבֶּר יְהוָה לֵאמֹר בִּקְרֹבַי אֶקָּדֵשׁ וְעַל־פְּנֵי כָל־הָעָם אֶכָּבֵד וַיִּדֹּם אַהֲרֹן ׃	καὶ εἶπεν Μωυσῆς πρὸς Ἀαρων Τοῦτό ἐστιν ὃ εἶπεν κύριος λέγων Ἐν τοῖς ἐγγίζουσίν μοι ἁ σομαι, καὶ ἐν πάσῃ συναγωγῇ δοξασθήσομαι· καὶ κατενύχ	dixitque Moses ad Aaron hoc est quod locutus est Dominus sanctificabor in his qui adpropinquant mihi et in conspectu omnis populi glorificabor quod audiens tacuit Aaron	Dixitque Moyses ad Aaron: Hoc est quod locutus est Dominus: Sanctificabor in iis qui appropinquant mihi, et in conspectu omnis populi glorificabor. Quod audiens tacuit Aaron.		Then Moses said unto Aaron, This is it that the Lord spake, saying, I will be sanctified in them that come nigh me, and before all the people I will be glorified. And Aaron held his peace.
Lev	10	4	וַיִּקְרָא מֹשֶׁה אֶל־מִישָׁאֵל וְאֶל אֶלְצָפָן בְּנֵי עֻזִּיאֵל דֹּד אַהֲרֹן וַיֹּאמֶר אֲלֵהֶם קִרְבוּ שְׂאוּ אֶת־אֲחֵיכֶם מֵאֵת פְּנֵי־הַקֹּדֶשׁ אֶל־מִחוּץ לַמַּחֲנֶה ׃	καὶ ἐκάλεσεν Μωυσῆς τὸν Μισαδαὶ καὶ τὸν Ἐλισαφάν, υἱοὺς υἱοὺς τοῦ ἀδελφοῦ τοῦ πατρὸς Ἀαρών, καὶ εἶπεν αὐτοῖς Ηροσέλθατε καὶ ἄρατε τοὺς ἀδελφοὺς ὑμῶν ἐκ προσώπου τῶν ἁγίων ἔξω τῆς παρεμβολῆς.	vocatis autem Moses Misahel et Elsaphan filios Ozihel patrui Aaron ait ad eos ite et colligite fratres vestros de conspectu sanctuarii et asportate extra castra	Vocatis autem Moyses Misale et Elisaphan filiis Oziel, patrui Aaron, ait ad eos: Ite, et tollite fratres vestros de conspectu sanctuarii, et asportate extra castra.		And Moses called Mishael and Elzaphan, the sons of Uzziel the uncle of Aaron, and said unto them, Come near, carry your brethren from before the sanctuary out of the camp.
Lev	10	5	וַיִּקְרְבוּ וַיִּשָּׂאֻם בְּכֻתֳּנֹתָם אֶל־מִחוּץ לַמַּחֲנֶה כַּאֲשֶׁר דִּבֶּר מֹשֶׁה ׃	καὶ προσῆλθον καὶ ἦραν ἐν τοῖς χιτῶσιν αὐτῶν ἔξω παρεμβολῆς, ὃν τρόπον εἶπεν Μωυσῆς.	confestimque pergentes tulerunt eos sicut iacebant vestitos lineis tunicis et eiecerunt foras ut sibi fuerat imperatum	Confestimque pergentes, tulerunt eos sicut jacebant, vestitos lineis tunicis, et ejecerunt foras, ut sibi fuerat imperatum.		So they went near, and carried them in their coats out of the camp; as Moses had said.
Lev	10	6	וַיֹּאמֶר מֹשֶׁה אֶל־אַהֲרֹן וּלְאֶלְעָזָר וּלְאִיתָמָר בָּנָיו רָאשֵׁיכֶם אַל־תִּפְרָעוּ וּבִגְדֵיכֶם לֹא־תִפְרֹמוּ וְלֹא תָמֻתוּ וְעַל כָּל־הָעֵדָה יִקְצֹף וַאֲחֵיכֶם כָּל־בֵּית יִשְׂרָאֵל יִבְכּוּ אֶת־הַשְּׂרֵפָה אֲשֶׁר שָׂרַף יְהוָה ׃	καὶ εἶπεν Μώσης πρὸς Ἀαρὼν καὶ Ἐλεαζὰρ καὶ Ἰθαμὰρ τοὺς υἱοὺς αὐτοῦ τοὺς καταλελιμμένους Τὴν κεφαλὴν ὑμῶν οὐκ ἀποκιδαρώσετε καὶ τὰ ἱμάτια ὑμῶν οὐ , ἵνα μὴ ἀποθάνητε καὶ ἐπὶ πᾶσαν τὴν συναγωγὴν ἔσται οἱ ἀδελφοὶ ὑμῶν πᾶς ὁ οἶκος Ἰσραὴλ κλαύσονται τὸν ἐνπυρικαι σμὸν ὃν ἐνεπυρίσθησαν ὑπὸ κυρίου.	locutus est Moses ad Aaron et ad Eleazar atque Ithamar filios eius capita vestra nolite nudare et vestimenta nolite scindere ne forte moriamini et super omnem coetum oriatur indignatio fratres vestri et omnis domus Israhel plangant incendium quod Dominus suscitavit	Locutusque est Moyses ad Aaron, et ad Eleazar, et Ithamar, filios ejus: Capita vestra nolite nudare, et vestimenta nolite scindere, ne forte moriamini, et super omnem ctum oriatur indignatio. Fratres vestri, et omnis domus Isral, plangant incendium quod Dominus suscitavit:		And Moses said unto Aaron, and unto Eleazar and unto Ithamar, his sons, Uncover not your heads, neither rend your clothes; lest ye die, and lest wrath come upon all the people: but let your brethren, the whole house of Israel, bewail the burning which the Lord hath kindled.
Lev	10	7	וּמִפֶּתַח אֹהֶל מוֹעֵד לֹא תֵצְאוּ פֶּן־תָּמֻתוּ כִּי־שֶׁמֶן מִשְׁחַת יְהוָה עֲלֵיכֶם וַיַּעֲשׂוּ כִּדְבַר מֹשֶׁה ׃ פ	καὶ ἀπὸ τῆς θύρας τῆς σκηνῆς τοῦ μαρτυρίου οὐκ ἐξελεύσεσθε, ἵνα μὴ ἀποθάνητε· τὸ γὰρ ἔλαιον τῆς χρίσεως τὸ παρὰ κυρίου ἐφ’ ὑμῖν. καὶ ἐποίησαν κατὰ τὸ ῥῆμα Μωσῆ.	vos autem non egredimini fores tabernaculi alioquin peribitis oleum quippe sanctae unctionis est super vos qui fecerunt omnia iuxta praeceptum Mosi	vos autem non egrediemini fores tabernaculi, alioquin peribitis: oleum quippe sanct unctionis est super vos. Qui fecerunt omnia juxta prceptum Moysi.		And ye shall not go out from the door of the tabernacle of the congregation, lest ye die: for the anointing oil of the Lord is upon you. And they did according to the word of Moses.
Lev	10	8	וַיְדַבֵּר יְהוָה אֶל־אַהֲרֹן לֵאמֹר ׃	Καὶ ἐλάλησεν Κὐριος τῷ Ἀαρὼν λέγων	dixit quoque Dominus ad Aaron	Dixit quoque Dominus ad Aaron:		And the Lord spake unto Aaron, saying,
Lev	10	9	יַיִן וְשֵׁכָר אַל־תֵּשְׁתְּ אַתָּה וּבָנֶיךָ אִתָּךְ בְּבֹאֲכֶם אֶל־אֹהֶל מוֹעֵד וְלֹא תָמֻתוּ חֻקַּת עוֹלָם לְדֹרֹתֵיכֶם ׃	Οἶνον καὶ οὐ πίεσθε, σὺ καἰ οἱ υἱοί σου μετὰ σοῦ, ἡνίκα ἀν’ εἰσπορεύησθε εἰς τὴν σκηνὴν τοῦ μαρτυρίου, ἢ προσπορευομένων ὑμῶν πρὸς τὸ θυσιαστήριον, καὶ οὐ μὴ ἀποθάνητε· νόμιμον αἰώνιον εἰς τὰς γενεὰς ὑμῶν·	vinum et omne quod inebriare potest non bibetis tu et filii tui quando intratis tabernaculum testimonii ne moriamini quia praeceptum est sempiternum in generationes vestras	Vinum, et omne quod inebriare potest, non bibetis tu et filii tui, quando intratis in tabernaculum testimonii, ne moriamini: quia prceptum sempiternum est in generationes vestras:		Do not drink wine nor strong drink, thou, nor thy sons with thee, when ye go into the tabernacle of the congregation, lest ye die: it shall be a statute for ever throughout your generations:
Lev	10	10	וּלֲהַבְדִּיל בֵּין הַקֹּדֶשׁ וּבֵין הַחֹל וּבֵין הַטָּמֵא וּבֵין הַטָּהוֹר ׃	διαστεῖλαι ἀνὰ μέσον τῶν ἁγίων καὶ τῶν βεβήλων, καὶ ἀνὰ μέσον τῶν ἀκαθάρτων καὶ τῶν καθαρῶν.	et ut habeatis scientiam discernendi inter sanctum et profanum inter pollutum et mundum	et ut habeatis scientiam discernendi inter sanctum et profanum, inter pollutum et mundum;		And that ye may put difference between holy and unholy, and between unclean and clean;
Lev	10	11	וּלְהוֹרֹת אֶת־בְּנֵי יִשְׂרָאֵל אֵת כָּל־הַחֻקִּים אֲשֶׁר דִּבֶּר יְהוָה אֲלֵיהֶם בְּיַד־מֹשֶׁה ׃ פ	καὶ συμβιβάσεις τοὺς υἱοὺς Ἰσραὴλ πάντα τὰ νόμιμα ἃ ἐλάλησεν κύριος πρὸς αὐτοὺς διὰ χειρὸς Μωσῆ.	doceatisque filios Israhel omnia legitima mea quae locutus est Dominus ad eos per manum Mosi	doceatisque filios Isral omnia legitima mea qu locutus est Dominus ad eos per manum Moysi.		And that ye may teach the children of Israel all the statutes which the Lord hath spoken unto them by the hand of Moses.
Lev	10	12	וַיְדַבֵּר מֹשֶׁה אֶל־אַהֲרֹן וְאֶל אֶלְעָזָר וְאֶל־אִיתָמָר בָּנָיו הַנּוֹתָרִים קְחוּ אֶת־הַמִּנְחָה הַנּוֹתֶרֶת מֵאִשֵּׁי יְהוָה וְאִכְלוּהָ מַצּוֹת אֵצֶל הַמִּזְבֵּחַ כִּי קֹדֶשׁ קָדָשִׁים הִוא ׃	Καὶ εἶπεν Μωυσῆς πρὸς Ἀαρὼν καὶ πρὸς Ἐλεαζὰρ καὶ Ἰθαμὰρ τοὺς υἱοὺς Ἀαρὼν τοὺς καταλειφθέντας Λάβετε τὴν θυσίαν τὴν καταλειφθεῖσαν ἀπὸ τῶν καρπωμάτων Κυρίου, καὶ φάγεσθε ἄζυμα παρὰ τὸ θυσιαστήριον· ἅγια ἁγίων ἐστίν.	locutusque est Moses ad Aaron et ad Eleazar atque Ithamar filios eius qui residui erant tollite sacrificium quod remansit de oblatione Domini et comedite illud absque fermento iuxta altare quia sanctum sanctorum est	Locutusque est Moyses ad Aaron, et ad Eleazar, et Ithamar, filios ejus, qui erant residui: Tollite sacrificium, quod remansit de oblatione Domini, et comedite illud absque fermento juxta altare, quia Sanctum sanctorum est.		And Moses spake unto Aaron, and unto Eleazar and unto Ithamar, his sons that were left, Take the meat offering that remaineth of the offerings of the Lord made by fire, and eat it without leaven beside the altar: for it is most holy:
Lev	10	13	וַאֲכַלְתֶּם אֹתָהּ בְּמָקוֹם קָדֹשׁ כִּי חָקְךָ וְחָק־בָּנֶיךָ הִוא מֵאִשֵּׁי יְהוָה כִּי־כֵן צֻוֵּיתִי ׃	καὶ φάγεσθε αὐτὴν ἐν τόπῳ ἁγίῳ· νόμιμον αἰώνιον γάρ σοί ἐστιν καὶ νόμιμον τοῖς υἱοῖς σου τοῦτο ἀπὸ τῶν καρ πωμάτων κυρίου· οὕτω γὰρ ἐντέταλταί μοι.	comedetis autem in loco sancto quod datum est tibi et filiis tuis de oblationibus Domini sicut praeceptum est mihi	Comedetis autem in loco sancto: quod datum est tibi et filiis tuis de oblationibus Domini, sicut prceptum est mihi.		And ye shall eat it in the holy place, because it is thy due, and thy sons' due, of the sacrifices of the Lord made by fire: for so I am commanded.
Lev	10	14	וְאֵת חֲזֵה הַתְּנוּפָה וְאֵת שׁוֹק הַתְּרוּמָה תֹּאכְלוּ בְּמָקוֹם טָהוֹר אַתָּה וּבָנֶיךָ וּבְנֹתֶיךָ אִתָּךְ כִּי־חָקְךָ וְחָק־בָּנֶיךָ נִתְּנוּ מִזִּבְחֵי שַׁלְמֵי בְּנֵי יִשְׂרָאֵל ׃	καὶ τὸ στηθύνιον τοῦ ἀφορίσματος καὶ τὸν βραχίονα τοῦ ἀφαιρέματος φάγεσθε ἐν τόπῳ ἁγίῳ, σὺ καὶ οἱ υἱοί σου καὶ ὁ οἶκός μετὰ σοῦ· νόμιμον γὰρ σοὶ καὶ νόμιμον τοῖς υἱοῖς σου ἐδόθη ἀπὸ τῶν θυσιῶν τοῦ σωτηρίου τῶν υἱῶν Ἰσραήλ.	pectusculum quoque quod oblatum est et armum qui separatus est edetis in loco mundissimo tu et filii tui ac filiae tuae tecum tibi enim ac liberis tuis reposita sunt de hostiis salutaribus filiorum Israhel	Pectusculum quoque quod oblatum est, et armum qui separatus est, edetis in loco mundissimo tu et filii tui, et fili tu tecum: tibi enim ac liberis tuis reposita sunt de hostiis salutaribus filiorum Isral:		And the wave breast and heave shoulder shall ye eat in a clean place; thou, and thy sons, and thy daughters with thee: for they be thy due, and thy sons' due, which are given out of the sacrifices of peace offerings of the children of Israel.
Lev	10	15	שׁוֹק הַתְּרוּמָה וַחֲזֵה הַתְּנוּפָה עַל אִשֵּׁי הַחֲלָבִים יָבִיאוּ לְהָנִיף תְּנוּפָה לִפְנֵי יְהוָה וְהָיָה לְךָ וּלְבָנֶיךָ אִתְּךָ לְחָק־עוֹלָם כַּאֲשֶׁר צִוָּה יְהוָה ׃	τὸν βραχίονα τοῦ ἀφαιρέματος καὶ τὸ στηθύνιον τοῦ ἀφορίσματος ἐπὶ τῶν καρπωμάτων τῶν στεάτων προσοίσουσιν, ἀφόρισμα ἀφορίσαι ἔναντι κυρίου· καὶ ἔσται σοὶ καὶ τοῖς υἱοῖς σου καὶ ταῖς θυγατράσιν σου μετὰ σοῦ νόμιμον αἰώνιον, ὃν τρόπον συνέταξεν κύριος τῷ Μωυσῇ.	eo quod armum et pectus et adipes qui cremantur in altari elevaverint coram Domino et pertineant ad te et ad filios tuos lege perpetua sicut praecepit Dominus	eo quod armum et pectus, et adipes qui cremantur in altari, elevaverunt coram Domino, et pertineant ad te, et ad filios tuos, lege perpetua, sicut prcepit Dominus.		The heave shoulder and the wave breast shall they bring with the offerings made by fire of the fat, to wave it for a wave offering before the Lord; and it shall be thine, and thy sons' with thee, by a statute for ever; as the Lord hath commanded.
Lev	10	16	וְאֵת שְׂעִיר הַחַטָּאת דָּרֹשׁ דָּרַשׁ מֹשֶׁה וְהִנֵּה שֹׂרָף וַיִּקְצֹף עַל־אֶלְעָזָר וְעַל־אִיתָמָר בְּנֵי אַהֲרֹן הַנּוֹתָרִם לֵאמֹר ׃	καὶ τὸν χίμαρον τὸν περὶ τῆς ἁμαρτίας ζητῶν ἐξεζήτησεν Μωσῆς, καὶ ὅδε ἐνπεπύριστο· καὶ ἐθυμώθη Μωσῆς ἐπὶ Ἐλεαζὰρ καὶ Ἰθαμὰρ τοὺς υἱοὺς Ἀαρὼν τοὺς καταλελιμμένους λέγων	inter haec hircum qui oblatus fuerat pro peccato cum quaereret Moses exustum repperit iratusque contra Eleazar et Ithamar filios Aaron qui remanserant ait	Inter hc, hircum, qui oblatus fuerat pro peccato, cum qureret Moyses, exustum reperit: iratusque contra Eleazar et Ithamar filios Aaron, qui remanserant, ait:		And Moses diligently sought the goat of the sin offering, and, behold, it was burnt: and he was angry with Eleazar and Ithamar, the sons of Aaron which were left alive, saying,
Lev	10	17	מַדּוּעַ לֹא־אֲכַלְתֶּם אֶת־הַחַטָּאת בִּמְקוֹם הַקֹּדֶשׁ כִּי קֹדֶשׁ קָדָשִׁים הִוא וְאֹתָהּ נָתַן לָכֶם לָשֵׂאת אֶת־עֲוֹן הָעֵדָה לְכַפֵּר עֲלֵיהֶם לִפְנֵי יְהוָה ׃	Διὰ τί οὐκ ἐφάγετε τὸ περὶ τῆς ἁμαρτίας ἐν τόπῳ ἁγίῳ; ὅτι γὰρ ἅγια ἁγίων ἐστίν, τοῦτο ἔδωκεν ὑμῖν φαγεῖν, ἵνα ἀφέλητε τὴν ἁμαρτίαν τῆς συναγωγῆς καὶ ἐξιλάσησθε περὶ αὐτῶν ἔναντι Κυρίου.	cur non comedistis hostiam pro peccato in loco sancto quae sancta sanctorum est et data vobis ut portetis iniquitatem multitudinis et rogetis pro ea in conspectu Domini	Cur non comedistis hostiam pro peccato in loco sancto, qu Sancta sanctorum est, et data vobis ut portetis iniquitatem multitudinis, et rogetis pro ea in conspectu Domini,		Wherefore have ye not eaten the sin offering in the holy place, seeing it is most holy, and God hath given it you to bear the iniquity of the congregation, to make atonement for them before the Lord?
Lev	10	18	הֵן לֹא־הוּבָא אֶת־דָּמָהּ אֶל־הַקֹּדֶשׁ פְּנִימָה אָכוֹל תֹּאכְלוּ אֹתָהּ בַּקֹּדֶשׁ כַּאֲשֶׁר צִוֵּיתִי ׃	οὐ γὰρ εἰσήχθη τοῦ αἵματος αὐτοῦ εἰς τὸ ἅγιον· κατὰ πρόσωπον ἔσω φάγεσθε αὐτὸ ἐν τόπῳ ἁγίῳ, ὃν τρόπον μοι συνέταξεν κύριος.	praesertim cum de sanguine illius non sit inlatum intra sancta et comedere eam debueritis in sanctuario sicut praeceptum est mihi	prsertim cum de sanguine illius non sit illatum intra sancta, et comedere debueritis eam in Sanctuario, sicut prceptum est mihi?		Behold, the blood of it was not brought in within the holy place: ye should indeed have eaten it in the holy place, as I commanded.
Lev	10	19	וַיְדַבֵּר אַהֲרֹן אֶל־מֹשֶׁה הֵן הַיּוֹם הִקְרִיבוּ אֶת־חַטָּאתָם וְאֶת־עֹלָתָם לִפְנֵי יְהוָה וַתִּקְרֶאנָה אֹתִי כָּאֵלֶּה וְאָכַלְתִּי חַטָּאת הַיּוֹם הַיִּיטַב בְּעֵינֵי יְהוָה ׃	καὶ ἐλάλησεν Ἀαρὼν πρὸς Μωυσῆν λέγων Εἰ σήμερον προσαγιόχασιν τὰ περὶ τῆς ἁμαρτίας αὐτῶν καὶ τὰ ὁλοκαυτώματα αὐτῶν ἔναντι κυρίου, καὶ συμβέβηκέν μοι ταῦτα, καὶ φάγομαι τὰ περὶ τῆς ἁμαρτίας σήμερον, μὴ ἀρεστὸν ἔσται κυρίῳ;	respondit Aaron oblata est hodie victima pro peccato et holocaustum coram Domino mihi autem accidit quod vides quomodo potui comedere eam aut placere Domino in caerimoniis mente lugubri	Respondit Aaron: Oblata est hodie victima pro peccato, et holocaustum coram Domino: mihi autem accidit quod vides; quomodo potui comedere eam, aut placere Domino in cremoniis mente lugubri?		And Aaron said unto Moses, Behold, this day have they offered their sin offering and their burnt offering before the Lord; and such things have befallen me: and if I had eaten the sin offering to day, should it have been accepted in the sight of the Lord?
Lev	10	20	וַיִּשְׁמַע מֹשֶׁה וַיִּיטַב בְּעֵינָיו ׃ פ	καὶ ἤκουσεν Μωυσῆς, καὶ ἤρεσεν αὐτῷ.	quod cum audisset Moses recepit satisfactionem	Quod cum audisset Moyses, recepit satisfactionem.		And when Moses heard that, he was content.
Lev	11	1	וַיְדַבֵּר יְהוָה אֶל־מֹשֶׁה וְאֶל־אַהֲרֹן לֵאמֹר אֲלֵהֶם ׃	Καὶ ἐλάλησεν Κύριος πρὸς Μωυσῆν καὶ Ἀαρὼν λέγων	locutus est Dominus ad Mosen et Aaron dicens	Locutusque est Dominus ad Moysen et Aaron, dicens:		And the Lord spake unto Moses and to Aaron, saying unto them,
Lev	11	2	דַּבְּרוּ אֶל־בְּנֵי יִשְׂרָאֵל לֵאמֹר זֹאת הַחַיָּה אֲשֶׁר תֹּאכְלוּ מִכָּל־הַבְּהֵמָה אֲשֶׁר עַל־הָאָרֶץ ׃	Λαλήσατε τοῖς υἱοῖς Ἰσραὴλ λέγοντες Ταῦτα τὰ κτήνη ἃ φάγεσθε ἀπὸ τῶν κτηνῶν τῶν ἐπὶ τῆς γῆς·	dicite filiis Israhel haec sunt animalia quae comedere debetis de cunctis animantibus terrae	Dicite filiis Isral: Hc sunt animalia qu comedere debetis de cunctis animantibus terr:		Speak unto the children of Israel, saying, These are the beasts which ye shall eat among all the beasts that are on the earth.
Lev	11	3	כֹּל מַפְרֶסֶת פַּרְסָה וְשֹׁסַעַת שֶׁסַע פְּרָסֹת מַעֲלַת גֵּרָה בַּבְּהֵמָה אֹתָהּ תֹּאכֵלוּ ׃	πᾶν κτῆνος διχηλοῦν ὁπλὴν καὶ ὀνυχιστῆρας δύο χηλῶν καὶ ἀνάγον μηρυκισμόν, ἐν τοῖς κτήνεσιν, ταῦτα φάγεσθε.	omne quod habet divisam ungulam et ruminat in pecoribus comedetis	omne quod habet divisam ungulam, et ruminat in pecoribus, comedetis.		Whatsoever parteth the hoof, and is clovenfooted, and cheweth the cud, among the beasts, that shall ye eat.
Lev	11	4	אַךְ אֶת־זֶה לֹא תֹאכְלוּ מִמַּעֲלֵי הַגֵּרָה וּמִמַּפְרִיסֵי הַפַּרְסָה אֶת־הַגָּמָל כִּי־מַעֲלֵה גֵרָה הוּא וּפַרְסָה אֵינֶנּוּ מַפְרִיס טָמֵא הוּא לָכֶם ׃	πλὴν ἀπὸ τούτων οὐ φάγεσθε, ἀπὸ τῶν μηρυκισμὸν καὶ ἀπὸ τῶν διχηλούντων τὰς ὁπλὰς καὶ ὀνυχιζόντων ὀνυχιστῆρας· τὸν κάμηλον, ὅτι ἀνάγει μηρυκισμὸν τοῦτο ὁπλὴν δὲ οὐ διχηλεῖ, ἀκάθαρτον τοῦτο ὑμῖν·	quicquid autem ruminat quidem et habet ungulam sed non dividit eam sicut camelus et cetera non comedetis illud et inter inmunda reputabitis	Quidquid autem ruminat quidem, et habet ungulam, sed non dividit eam, sicut camelus et cetera, non comedetis illud, et inter immunda reputabitis.		Nevertheless these shall ye not eat of them that chew the cud, or of them that divide the hoof: as the camel, because he cheweth the cud, but divideth not the hoof; he is unclean unto you.
Lev	11	5	וְאֶת־הַשָּׁפָן כִּי־מַעֲלֵה גֵרָה הוּא וּפַרְסָה לֹא יַפְרִיס טָמֵא הוּא לָכֶם ׃	καὶ τὸν δασύποδα, ὅτο ἀνάγει τοῦτο καὶ ὁπλὴν οὐ διχηλεῖ, ἀκάθαρτον τοῦτο ὑμῖν.	chyrogryllius qui ruminat ungulamque non dividit inmundus est	Chrogryllus qui ruminat, ungulamque non dividit, immundus est.		And the coney, because he cheweth the cud, but divideth not the hoof; he is unclean unto you.
Lev	11	6	וְאֶת־הָאַרְנֶבֶת כִּי־מַעֲלַת גֵּרָה הִוא וּפַרְסָה לֹא הִפְרִיסָה טְמֵאָה הִוא לָכֶם ׃	καὶ τὸν χοιρογρύλλιον, ὅτι ἀνάγει μηρυκισμὸν τοῦτο καὶ ὁπλὴν οὐ διχηλεῖ, ἀκάθαρτον τοῦτο ὑμῖν.	lepus quoque nam et ipse ruminat sed ungulam non dividit	Lepus quoque: nam et ipse ruminat, sed ungulam non dividit.		And the hare, because he cheweth the cud, but divideth not the hoof; he is unclean unto you.
Lev	11	7	וְאֶת־הַחֲזִיר כִּי־מַפְרִיס פַּרְסָה הוּא וְשֹׁסַע שֶׁסַע פַּרְסָה וְהוּא גֵּרָה לֹא־יִגָּר טָמֵא הוּא לָכֶם ׃	καὶ τὸν ὗν, ὅτι διχηλεῖ ὁπλὴν τοῦτο καὶ ὀνυχίζει ὄνυχας ὁπλῆς, καὶ τοῦτο οὐκ ἀνάγει μηρυκισμόν, ἀκάθαρτον τοῦτο ὑμῖν.	et sus qui cum ungulam dividat non ruminat	Et sus: qui cum ungulam dividat, non ruminat.		And the swine, though he divide the hoof, and be clovenfooted, yet he cheweth not the cud; he is unclean to you.
Lev	11	8	מִבְּשָׂרָם לֹא תֹאכֵלוּ וּבְנִבְלָתָם לֹא תִגָּעוּ טְמֵאִים הֵם לָכֶם ׃	ἀπὸ τῶν κρεῶν αὐτῶν οὐ φάγεσθε, καὶ τῶν θνησιμαίων αὐτῶν οὐχ ἅψεσθε· ἀκάθαρτα ταῦτα ὑμῖν.	horum carnibus non vescemini nec cadavera contingetis quia inmunda sunt vobis	Horum carnibus non vescemini, nec cadavera contingetis, quia immunda sunt vobis.		Of their flesh shall ye not eat, and their carcase shall ye not touch; they are unclean to you.
Lev	11	9	אֶת־זֶה תֹּאכְלוּ מִכֹּל אֲשֶׁר בַּמָּיִם כֹּל אֲשֶׁר־לוֹ סְנַפִּיר וְקַשְׂקֶשֶׂת בַּמַּיִם בַּיַּמִּים וּבַנְּחָלִים אֹתָם תֹּאכֵלוּ ׃	Καὶ ταῦτα ἃ ἀπὸ πάντων τῶν ἐν τοῖς ὕδασιν· πάντα ὅσα ἐστὶν αὐτοῖς πτερύγια καὶ λεπίδες ἐν τοῖς ὕδασιν καὶ ἐν ταῖς θαλάσσαις καὶ ἐν τοῖς χειμάρροις, ταῦτα φάγεσθε.	haec sunt quae gignuntur in aquis et vesci licitum est omne quod habet pinnulas et squamas tam in mari quam in fluminibus et stagnis comedetis	Hc sunt qu gignuntur in aquis, et vesci licitum est: omne quod habet pinnulas et squamas, tam in mari quam in fluminibus et stagnis, comedetis.		These shall ye eat of all that are in the waters: whatsoever hath fins and scales in the waters, in the seas, and in the rivers, them shall ye eat.
Lev	11	10	וְכֹל אֲשֶׁר אֵין־לוֹ סְנַפִּיר וְקַשְׂקֶשֶׂת בַּיַּמִּים וּבַנְּחָלִים מִכֹּל שֶׁרֶץ הַמַּיִם וּמִכֹּל נֶפֶשׁ הַחַיָּה אֲשֶׁר בַּמָּיִם שֶׁקֶץ הֵם לָכֶם ׃	καὶ πάντα ὅσα οὐκ ἔστιν αὐτοῖς πτερύγια οὐδὲ λεπίδες ἐν τῷ ὕδατι ἢ ἐν ταῖς θαλάσσαις καὶ ἐν τοῖς χειμάρροις, ἀπὸ πάντων ὧν ἐρεύγεται τὰ ὕδατα καὶ ἀπὸ πάσης ψυχῆς ζώσης τῆς ἐν τῷ ὕδατι, βδέλυγμά ἐστιν.	quicquid autem pinnulas et squamas non habet eorum quae in aquis moventur et vivunt abominabile vobis	Quidquid autem pinnulas et squamas non habet, eorum qu in aquis moventur et vivunt, abominabile vobis,		And all that have not fins and scales in the seas, and in the rivers, of all that move in the waters, and of any living thing which is in the waters, they shall be an abomination unto you:
Lev	11	11	וְשֶׁקֶץ יִהְיוּ לָכֶם מִבְּשָׂרָם לֹא תֹאכֵלוּ וְאֶת־נִבְלָתָם תְּשַׁקֵּצוּ ׃	καὶ βδελύγματα ἔσονται ὑμῶν. ἀπὸ τῶν κρεῶν αὐτῶν οὐκ ἔδεσθε, καὶ τὰ θνησιμαῖα αὐτῶν	et execrandum erit carnes eorum non comedetis et morticina vitabitis	execrandumque erit: carnes eorum non comedetis, et morticina vitabitis.		They shall be even an abomination unto you; ye shall not eat of their flesh, but ye shall have their carcases in abomination.
Lev	11	12	כֹּל אֲשֶׁר אֵין־לוֹ סְנַפִּיר וְקַשְׂקֶשֶׂת בַּמָּיִם שֶׁקֶץ הוּא לָכֶם ׃	καὶ πάντα ὅσα οὐκ ἔστιν αὐτοῖς πτερύγια καὶ λεπίδες τῶν ἐν τῷ ὕδατι, βδέλυγμα τοῦτό ἐστιν ὑμῖν.	cuncta quae non habent pinnulas et squamas in aquis polluta erunt	Cuncta qu non habent pinnulas et squamas in aquis, polluta erunt.		Whatsoever hath no fins nor scales in the waters, that shall be an abomination unto you.
Lev	11	13	וְאֶת־אֵלֶּה תְּשַׁקְּצוּ מִן־הָעוֹף לֹא יֵאָכְלוּ שֶׁקֶץ הֵם אֶת־הַנֶּשֶׁר וְאֶת־הַפֶּרֶס וְאֵת הָעָזְנִיָּה ׃	Καὶ ταῦτα ἃ βδελύξεσθε ἀπὸ τῶν πετεινῶν, κοὶ οὐ βρωθήσεται, βδέλυγμά ἐστιν· τὸν ἀετὸν καὶ τὸν γρῦπα καὶ τὸν ἁλιάετον,	haec sunt quae de avibus comedere non debetis et vitanda sunt vobis aquilam et grypem et alietum	Hc sunt qu de avibus comedere non debetis, et vitanda sunt vobis: aquilam, et gryphem, et halietum,		And these are they which ye shall have in abomination among the fowls; they shall not be eaten, they are an abomination: the eagle, and the ossifrage, and the ospray,
Lev	11	14	וְאֶת־הַדָּאָה וְאֶת־הָאַיָּה לְמִינָהּ ׃	καὶ τὸν γύπα καὶ ἰκτῖνα καὶ τὰ ὅμοια αὐτῷ,	milvum ac vulturem iuxta genus suum	et milvum ac vulturem juxta genus suum,		And the vulture, and the kite after his kind;
Lev	11	15	אֵת כָּל־עֹרֵב לְמִינוֹ ׃	καὶ στρουθὸν καὶ γλαῦκα καὶ λάρον καὶ τὰ ὅμοια αὐτῷ,	et omne corvini generis in similitudinem suam	et omne corvini generis in similitudinem suam,		Every raven after his kind;
Lev	11	16	וְאֵת בַּת הַיַּעֲנָה וְאֶת־הַתַּחְמָס וְאֶת־הַשָּׁחַף וְאֶת־הַנֵּץ לְמִינֵהוּ ׃	καὶ ἱέρακα καὶ τὰ ὅμοια αὐτῷ,	strutionem et noctuam et larum et accipitrem iuxta genus suum	struthionem, et noctuam, et larum, et accipitrem juxta genus suum:		And the owl, and the night hawk, and the cuckow, and the hawk after his kind,
Lev	11	17	וְאֶת־הַכּוֹס וְאֶת־הַשָּׁלָךְ וְאֶת־הַיַּנְשׁוּף ׃	καὶ νυκτικόρακα καὶ καταράκτην καὶ εἰβιν	bubonem et mergulum et ibin	bubonem, et mergulum, et ibin,		And the little owl, and the cormorant, and the great owl,
Lev	11	18	וְאֶת־הַתִּנְשֶׁמֶת וְאֶת־הַקָּאָת וְאֶת־הָרָחָם ׃	καὶ πορφυρίωνα καὶ πελεκᾶνα καὶ κύκνον	cycnum et onocrotalum et porphirionem	et cygnum, et onocrotalum, et porphyrionem,		And the swan, and the pelican, and the gier eagle,
Lev	11	19	וְאֵת הַחֲסִידָה הָאֲנָפָה לְמִינָהּ וְאֶת־הַדּוּכִיפַת וְאֶת־הָעֲטַלֵּף ׃	καὶ γλαῦκα καὶ ἀρωδιὰν καὶ χαραδριὸν καὶ τὰ ὅμοια αὐτῷ, καὶ ἔποπα καὶ νυκτερίδα.	erodionem et charadrion iuxta genus suum opupam quoque et vespertilionem	herodionem, et charadrion juxta genus suum, upupam quoque, et vespertilionem.		And the stork, the heron after her kind, and the lapwing, and the bat.
Lev	11	20	כֹּל שֶׁרֶץ הָעוֹף הַהֹלֵךְ עַל־אַרְבַּע שֶׁקֶץ הוּא לָכֶם ׃ ס	καὶ πάντα τὰ ἑρπετὰ τῶν πετεινῶν ἃ πορεύεται ἐπὶ τέσσερα, βδελύγματά ἐστιν ὑμῖν.	omne de volucribus quod graditur super quattuor pedes abominabile erit vobis	Omne de volucribus quod graditur super quatuor pedes, abominabile erit vobis.		All fowls that creep, going upon all four, shall be an abomination unto you.
Lev	11	21	אַךְ אֶת־זֶה תֹּאכְלוּ מִכֹּל שֶׁרֶץ הָעוֹף הַהֹלֵךְ עַל־אַרְבַּע אֲשֶׁר־לֹא כְרָעַיִם מִמַּעַל לְרַגְלָיו לְנַתֵּר בָּהֵן עַל־הָאָרֶץ ׃	ἀλλὰ ταῦτα φάγεσθε ἀπὸ τῶν ἑρπετῶν τῶν πετεινῶν ἃ πορεύεται ἐπὶ τέσσερα· ὦι σκέλη ἀνώτερον τῶν ποδῶν αὐτοῦ πηδῇν ἐν αὐτοῖς ἐπὶ τῆς γῆς.	quicquid autem ambulat quidem super quattuor pedes sed habet longiora retro crura per quae salit super terram	Quidquid autem ambulat quidem super quatuor pedes, sed habet longiora retro crura, per qu salit super terram,		Yet these may ye eat of every flying creeping thing that goeth upon all four, which have legs above their feet, to leap withal upon the earth;
Lev	11	22	אֶת־אֵלֶּה מֵהֶם תֹּאכֵלוּ אֶת־הָאַרְבֶּה לְמִינוֹ וְאֶת־הַסָּלְעָם לְמִינֵהוּ וְאֶת־הַחַרְגֹּל לְמִינֵהוּ וְאֶת־הֶחָגָב לְמִינֵהוּ ׃	καὶ ταῦτα φάγεσθε ἀπ’ αὐτῶν· τὸν βροῦχον καὶ τὰ ὅμοια αὐτῷ, καὶ τὸν ἀττάκην καὶ τὰ ὅμοια αὐτῷ, καὶ τὴν ἀκρίδα καὶ τὰ ὅμοια αὐτῇ, καὶ τὸν ὀφιομάχην καὶ τὰ ὅμοια αὐτῶ.	comedere debetis ut est brucus in genere suo et attacus atque ophiomachus ac lucusta singula iuxta genus suum	comedere debetis, ut est bruchus in genere suo, et attacus atque ophiomachus, ac locusta, singula juxta genus suum.		Even these of them ye may eat; the locust after his kind, and the bald locust after his kind, and the beetle after his kind, and the grasshopper after his kind.
Lev	11	23	וְכֹל שֶׁרֶץ הָעוֹף אֲשֶׁר־לוֹ אַרְבַּע רַגְלָיִם שֶׁקֶץ הוּא לָכֶם ׃	πᾶν ἑρπετὸν ἀπὸ τῶν πετεινῶν οἷς ἐστὶν τέσσαρες πόδες, ’στιν ὑμῖν.	quicquid autem ex volucribus quattuor tantum habet pedes execrabile erit vobis	Quidquid autem ex volucribus quatuor tantum habet pedes, execrabile erit vobis:		But all other flying creeping things, which have four feet, shall be an abomination unto you.
Lev	11	24	וּלְאֵלֶּה תִּטַּמָּאוּ כָּל־הַנֹּגֵעַ בְּנִבְלָתָם יִטְמָא עַד־הָעָרֶב ׃	καὶ ἐν τούτοις μιανθήσεσθε· πᾶς τῶν θνησιμαίων αὐτῶν ἀκάθαρτος ἕως ἑσπέρας,	et quicumque morticina eorum tetigerit polluetur et erit inmundus usque ad vesperum	et quicumque morticina eorum tetigerit, polluetur, et erit immundus usque ad vesperum:		And for these ye shall be unclean: whosoever toucheth the carcase of them shall be unclean until the even.
Lev	11	25	וְכָל־הַנֹּשֵׂא מִנִּבְלָתָם יְכַבֵּס בְּגָדָיו וְטָמֵא עַד־הָעָרֶב ׃	καὶ ὁ αἴρων τῶν θνησιμαίων αὐτῶν πλυνεῖ τὰ ἱμάτια καὶ ἀκάθαρτος ι ἕως ἑσπέρας.	et si necesse fuerit ut portet quippiam horum mortuum lavabit vestimenta sua et inmundus erit usque ad solis occasum	et si necesse fuerit ut portet quippiam horum mortuum, lavabit vestimenta sua, et immundus erit usque ad occasum solis.		And whosoever beareth ought of the carcase of them shall wash his clothes, and be unclean until the even.
Lev	11	26	לְכָל־הַבְּהֵמָה אֲשֶׁר הִוא מַפְרֶסֶת פַּרְסָה וְשֶׁסַע אֵינֶנָּה שֹׁסַעַת וְגֵרָה אֵינֶנָּה מַעֲלָה טְמֵאִים הֵם לָכֶם כָּל־הַנֹּגֵעַ בָּהֶם יִטְמָא ׃	καὶ ἐν πᾶσιν τοῖς κτήνεσιν ὅ ἐστιν διχηλοῦν ὁπλὴν καὶ ὀνυχιστῆρας ὀνυχίζει καὶ μηρυκισμὸν οὐ μαρυκᾶται, ἀκάθαρτα ἔσονται ὑμῖν. πᾶς ὁ ἁπτόμενος τῶν θνησιμαίων αὐτῶν ἀκάθαρτος ἱστᾶι ἕως ἑσπέρας.	omne animal quod habet quidem ungulam sed non dividit eam nec ruminat inmundum erit et quicquid tetigerit illud contaminabitur	Omne animal quod habet quidem ungulam, sed non dividit eam, nec ruminat, immundum erit: et qui tetigerit illud, contaminabitur.		The carcases of every beast which divideth the hoof, and is not clovenfooted, nor cheweth the cud, are unclean unto you: every one that toucheth them shall be unclean.
Lev	11	27	וְכֹל הוֹלֵךְ עַל־כַּפָּיו בְּכָל־הַחַיָּה הַהֹלֶכֶת עַל־אַרְבַּע טְמֵאִים הֵם לָכֶם כָּל־הַנֹּגֵעַ בְּנִבְלָתָם יִטְמָא עַד־הָעָרֶב ׃	καὶ πᾶς ὃς πορεύεται ἐπὶ χειρῶν ἐν πᾶσι τοῖς θηρίοις ἃ πορεύεται ἐπὶ τέσσερα, ἀκάθαρτα ὑμῖν ἔσται· πᾶς ὁ ἁπτόμενος τῶν θνησιμαίων αὐτῶν ἀκάθαρτος ἔσται ἕως ἑσπέρας,	quod ambulat super manus ex cunctis animantibus quae incedunt quadrupedia inmundum erit qui tetigerit morticina eorum polluetur usque ad vesperum	Quod ambulat super manus ex cunctis animantibus, qu incedunt quadrupedia, immundum erit: qui tetigerit morticina eorum, polluetur usque ad vesperum.		And whatsoever goeth upon his paws, among all manner of beasts that go on all four, those are unclean unto you: whoso toucheth their carcase shall be unclean until the even.
Lev	11	28	וְהַנֹּשֵׂא אֶת־נִבְלָתָם יְכַבֵּס בְּגָדָיו וְטָמֵא עַד־הָעָרֶב טְמֵאִים הֵמָּה לָכֶם ׃ ס	καὶ ὁ αἴρων τῶν θνησιμαίων αὐτῶν πλυνεῖ τὰ ἱμάτια καὶ ἀκάθαρτος ἔσται ἕως ἑσπέρας· ἀκάθαρτα ταῦτα ὑμῖν ἐστιν.	et qui portaverit huiuscemodi cadavera lavabit vestimenta sua et inmundus erit usque ad vesperum quia omnia haec inmunda sunt vobis	Et qui portaverit hujuscemodi cadavera, lavabit vestimenta sua, et immundus erit usque ad vesperum: quia omnia hc immunda sunt vobis.		And he that beareth the carcase of them shall wash his clothes, and be unclean until the even: they are unclean unto you.
Lev	11	29	וְזֶה לָכֶם הַטָּמֵא בַּשֶּׁרֶץ הַשֹּׁרֵץ עַל־הָאָרֶץ הַחֹלֶד וְהָעַכְבָּר וְהַצָּב לְמִינֵהוּ ׃	Καὶ ταῦτα ἀκάθαρτα ἀπὸ τῶν ἑρπετῶν τῶν ἐπὶ τῆς γῆς· ἡ γαλῆ κα ὁ μῦς καὶ ὁ κροκόδειλος ὁ χερσαῖος,	hoc quoque inter polluta reputabitur de his quae moventur in terra mustela et mus et corcodillus singula iuxta genus suum	Hc quoque inter polluta reputabuntur de his qu moventur in terra, mustela et mus et crocodilus, singula juxta genus suum,		These also shall be unclean unto you among the creeping things that creep upon the earth; the weasel, and the mouse, and the tortoise after his kind,
Lev	11	30	וְהָאֲנָקָה וְהַכֹּחַ וְהַלְּטָאָה וְהַחֹמֶט וְהַתִּנְשָׁמֶת ׃	μυγαλῆ καὶ χαμηλέων καὶ καλαβώτης καὶ σαύρα καὶ ἀσπάλαξ.	migale et cameleon et stelio ac lacerta et talpa	mygale, et chamleon, et stellio, et lacerta, et talpa.		And the ferret, and the chameleon, and the lizard, and the snail, and the mole.
Lev	11	31	אֵלֶּה הַטְּמֵאִים לָכֶם בְּכָל־הַשָּׁרֶץ כָּל־הַנֹּגֵעַ בָּהֶם בְּמֹתָם יִטְמָא עַד־הָעָרֶב ׃	ταῦτα ἀκάθαρτα ὑμῖν ἀπὸ πάντων τῶν ἑρπετῶν τῶν ἐπὶ τῆς γῆς· πᾶς ὁ ἁπτόμενος αὐτῶν τεθνηκότων ἀκάθαρτος ἔσται ἕως ἑσπέρας.	omnia haec inmunda sunt qui tetigerit morticina eorum inmundus erit usque ad vesperum	Omnia hc immunda sunt. Qui tetigerit morticina eorum, immundus erit usque ad vesperum:		These are unclean to you among all that creep: whosoever doth touch them, when they be dead, shall be unclean until the even.
Lev	11	32	וְכֹל אֲשֶׁר־יִפֹּל־עָלָיו מֵהֶם בְּמֹתָם יִטְמָא מִכָּל־כְּלִי־עֵץ אוֹ בֶגֶד אוֹ־עוֹר אוֹ שָׂק כָּל־כְּלִי אֲשֶׁר־יֵעָשֶׂה מְלָאכָה בָּהֶם בַּמַּיִם יוּבָא וְטָמֵא עַד־הָעֶרֶב וְטָהֵר ׃	καὶ πᾶν ἐφ’ ὃ ἂν ἐπιπέσῃ ἀπ’ αὐτῶν τεθνηκότων αὐτῶν ἀκάθαρτον ἔσται, ἀπὸ παντὸς σκεύους ξυλίνου ἢ ἱματίου ἢ δέρματος ἢ σάκκου· πᾶν σκεῦος ὃ ἐὰν ποιηθῇ ἔργον ἐν αὐτῷ εἰς ὕδωρ βαφήσεται, καὶ ἀκάθαρτον ἔσται ἕως ἑσπέρας, καὶ καθαρὸν ἔσται.	et super quod ceciderit quicquam de morticinis eorum polluetur tam vas ligneum et vestimentum quam pelles et cilicia et in quocumque fit opus tinguentur aqua et polluta erunt usque ad vesperum et sic postea mundabuntur	et super quod ceciderit quidquam de morticinis eorum, polluetur, tam vas ligneum et vestimentum, quam pelles et cilicia: et in quocumque fit opus, tingentur aqua, et polluta erunt usque ad vesperum, et sic postea mundabuntur.		And upon whatsoever any of them, when they are dead, doth fall, it shall be unclean; whether it be any vessel of wood, or raiment, or skin, or sack, whatsoever vessel it be, wherein any work is done, it must be put into water, and it shall be unclean until the even; so it shall be cleansed.
Lev	11	33	וְכָל־כְּלִי־חֶרֶשׂ אֲשֶׁר־יִפֹּל מֵהֶם אֶל־תּוֹכוֹ כֹּל אֲשֶׁר בְּתוֹכוֹ יִטְמָא וְאֹתוֹ תִשְׁבֹּרוּ ׃	καὶ πᾶν σκεῦος ὀστράκινον εἰς ὃ ἐὰν πέσῃ ἀπὸ τούτων ἔνδον, ὅσα ἐὰν ἔνδον ἦν ἀκάθαρτα ἔσται, καὶ αὐτὸ συντριβήσεται.	vas autem fictile in quo horum quicquam intro ceciderit polluetur et idcirco frangendum est	Vas autem fictile, in quod horum quidquam intro cecidit, polluetur, et idcirco frangendum est.		And every earthen vessel, whereinto any of them falleth, whatsoever is in it shall be unclean; and ye shall break it.
Lev	11	34	מִכָּל־הָאֹכֶל אֲשֶׁר יֵאָכֵל אֲשֶׁר יָבוֹא עָלָיו מַיִם יִטְמָא וְכָל־מַשְׁקֶה אֲשֶׁר יִשָּׁתֶה בְּכָל־כְּלִי יִטְמָא ׃	καὶ πᾶν βρῶμα ὃ ἔσθεται, εἰς ὃ ἐὰν ἐπέλθῃ ἐπ’ αὐτὸ ὕδωρ, ἀκάθαρτον ἔσται· καὶ πᾶν ποτὸν ὃ πίνεται ἐν παντὶ ἀγγίῳ ἀκάθαρτον ἔσται.	omnis cibus quem comeditis si fusa fuerit super eum aqua inmundus erit et omne liquens quod bibitur de universo vase inmundum erit	Omnis cibus, quem comedetis, si fusa fuerit super eum aqua, immundus erit: et omne liquens quod bibitur de universo vase, immundum erit.		Of all meat which may be eaten, that on which such water cometh shall be unclean: and all drink that may be drunk in every such vessel shall be unclean.
Lev	11	35	וְכֹל אֲשֶׁר־יִפֹּל מִנִּבְלָתָם עָלָיו יִטְמָא תַּנּוּר וְכִירַיִם יֻתָּץ טְמֵאִים הֵם וּטְמֵאִים יִהְיוּ לָכֶם ׃	καὶ πᾶν ὃ ἐὰν πέσῃ ἀπὸ τῶν θνησιμαίων αὐτῶν ἐπ’ αὐτό, ἀκάθαρτον ἔσται· κλίβανοι καὶ κυθρόποδες καθαιρεθήσονται· ἀκάθαρτα ταῦτά ἐστιν, καὶ ἀκάθαρτα ταῦτα ὑμῖν ἔσονται.	et quicquid de morticinis istiusmodi ceciderit super illud inmundum erit sive clibani sive cytropodes destruentur et inmundi erunt	Et quidquid de morticinis hujuscemodi ceciderit super illud, immundum erit: sive clibani, sive chytropodes, destruentur, et immundi erunt.		And every thing whereupon any part of their carcase falleth shall be unclean; whether it be oven, or ranges for pots, they shall be broken down: for they are unclean and shall be unclean unto you.
Lev	11	36	אַךְ מַעְיָן וּבוֹר מִקְוֵה־מַיִם יִהְיֶה טָהוֹר וְנֹגֵעַ בְּנִבְלָתָם יִטְמָא ׃	πλῆν πηγῶν ὑδάτων καὶ λάκκου καὶ συναγωγῆς ὕδατος· ἔσται καθαρόν· ὁ δὲ ἁπτόμενος τῶν θνησιμαίων αὐτῶν ἀκάθαρτος ἔσται.	fontes vero et cisternae et omnis aquarum congregatio munda erit qui morticinum eorum tetigerit polluetur	Fontes vero et cistern, et omnis aquarum congregatio munda erit. Qui morticinum eorum tetigerit, polluetur.		Nevertheless a fountain or pit, wherein there is plenty of water, shall be clean: but that which toucheth their carcase shall be unclean.
Lev	11	37	וְכִי יִפֹּל מִנִּבְלָתָם עַל־כָּל־זֶרַע זֵרוּעַ אֲשֶׁר יִזָּרֵעַ טָהוֹר הוּא ׃	ἐὰν δὲ ἐπιπέσῃ τῶν θνησιμαίων αὐτῶν ἐπὶ πᾶν σπέρμα σπόριμον ὃ σπαρήσεται, καθαρὸν ἔσται·	si ceciderint super sementem non polluent eam	Si ceciderit super sementem, non polluet eam.		And if any part of their carcase fall upon any sowing seed which is to be sown, it shall be clean.
Lev	11	38	וְכִי יֻתַּן־מַיִם עַל־זֶרַע וְנָפַל מִנִּבְלָתָם עָלָיו טָמֵא הוּא לָכֶם ׃ ס	ἐὰν δὲ ἐπιχυθῇ ὕδωρ ἐπὶ πᾶν σπέρμα, καὶ ἐπιπέσῃ τῶν θνησιμαίων αὐτῶν ἐπ’ αὐτό, ἀκάθαρτόν ἐστιν ὑμῖν.	sin autem quispiam aqua sementem perfuderit et postea morticinis tacta fuerit ilico polluetur	Si autem quispiam aqua sementem perfuderit, et postea morticinis tacta fuerit, illico polluetur.		But if any water be put upon the seed, and any part of their carcase fall thereon, it shall be unclean unto you.
Lev	11	39	וְכִי יָמוּת מִן־הַבְּהֵמָה אֲשֶׁר־הִיא לָכֶם לְאָכְלָה הַנֹּגֵעַ בְּנִבְלָתָהּ יִטְמָא עַד־הָעָרֶב ׃	ἐὰν δὲ ἀποθάνῃ τῶν κτηνῶν ὅ ἐστιν ὑμῖν τοῦτο φαγεῖν, ὁ τῶν θνησιμαίων αὐτῶν ἀκάθαρτος ἔσται ἕως ἑσπέρας·	si mortuum fuerit animal quod licet vobis comedere qui cadaver eius tetigerit inmundus erit usque ad vesperum	Si mortuum fuerit animal, quod licet vobis comedere, qui cadaver ejus tetigerit, immundus erit usque ad vesperum:		And if any beast, of which ye may eat, die; he that toucheth the carcase thereof shall be unclean until the even.
Lev	11	40	וְהָאֹכֵל מִנִּבְלָתָהּ יְכַבֵּס בְּגָדָיו וְטָמֵא עַד־הָעָרֶב וְהַנֹּשֵׂא אֶת־נִבְלָתָהּ יְכַבֵּס בְּגָדָיו וְטָמֵא עַד־הָעָרֶב ׃	καὶ ὁ ἑ ἀπὸ τῶν θνησιμαίων τούτων πλυνεῖ τὰ ἱμάτια, καὶ ἀκάθαρτος ἔσται ἕως ἑσπέρας· καὶ ὁ αἴρων ἀπὸ θνησιμαίων αὐτῶν πλυνεῖ τὰ ἱμάτια καὶ λούσεται ὕδατι, καὶ ἀκάθαρτος ἔσται ἕως ἑσπέρας.	et qui comederit ex eo quippiam sive portaverit lavabit vestimenta sua et inmundus erit usque ad vesperum	et qui comederit ex eo quippiam, sive portaverit, lavabit vestimenta sua, et immundus erit usque ad vesperum.		And he that eateth of the carcase of it shall wash his clothes, and be unclean until the even: he also that beareth the carcase of it shall wash his clothes, and be unclean until the even.
Lev	11	41	וְכָל־הַשֶּׁרֶץ הַשֹּׁרֵץ עַל־הָאָרֶץ שֶׁקֶץ הוּא לֹא יֵאָכֵל ׃	καὶ πᾶν ἑρπετὸν ὃ ἕρπει ἐπὶ τῆς γῆς, βδέλυγμα τοῦτο ἔσται ὑμῖν, οὐ βρωθήσεται.	omne quod reptat super terram abominabile erit nec adsumetur in cibum	Omne quod reptat super terram, abominabile erit, nec assumetur in cibum.		And every creeping thing that creepeth upon the earth shall be an abomination; it shall not be eaten.
Lev	11	42	כֹּל הוֹלֵךְ עַל־גָּחוֹן וְכֹל הוֹלֵךְ עַל־אַרְבַּע עַד כָּל־מַרְבֵּה רַגְלַיִם לְכָל־הַשֶּׁרֶץ הַשֹּׁרֵץ עַל־הָאָרֶץ לֹא תֹאכְלוּם כִּי־שֶׁקֶץ הֵם ׃	καὶ πᾶς ὁ πορευόμενος ἐπὶ κοιλίας, καὶ πᾶς ὁ πορευόμενος ἐπὶ τέσσερα διὰ παντός, ὃ πολυπληθεῖ ποσὶν ἐν πᾶσιν τοῖς ἑρπετοῖς τοῖς ἕρπουσιν ἐπὶ τῆς γῆς, οὐ φάγεσθε αὐτό, ὅτι βδέλυγμα ὑμῖν ἐστίν.	quicquid super pectus quadrupes graditur et multos habet pedes sive per humum trahitur non comedetis quia abominabile est	Quidquid super pectus quadrupes graditur, et multos habet pedes, sive per humum trahitur, non comedetis, quia abominabile est.		Whatsoever goeth upon the belly, and whatsoever goeth upon all four, or whatsoever hath more feet among all creeping things that creep upon the earth, them ye shall not eat; for they are an abomination.
Lev	11	43	אַל־תְּשַׁקְּצוּ אֶת־נַפְשֹׁתֵיכֶם בְּכָל־הַשֶּׁרֶץ הַשֹּׁרֵץ וְלֹא תִטַּמְּאוּ בָּהֶם וְנִטְמֵתֶם בָּם ׃	καὶ οὐ μὴ βδελύξητε τὰς ψυχὰς ὑμῶν ἐν πᾶσι τοῖς ἑρτετοῖς τοῖς ἕρπουσιν ἐπὶ τῆς γῆς, καὶ οὐ μιανθήσεσθε ἐν τούτοις, κα οὐκ ἀκάθαρτοι ἔσεσθε ἐν αὐτοῖς.	nolite contaminare animas vestras nec tangatis quicquam eorum ne inmundi sitis	Nolite contaminare animas vestras, nec tangatis quidquam eorum, ne immundi sitis.		Ye shall not make yourselves abominable with any creeping thing that creepeth, neither shall ye make yourselves unclean with them, that ye should be defiled thereby.
Lev	11	44	כִּי אֲנִי יְהוָה אֱלֹהֵיכֶם וְהִתְקַדִּשְׁתֶּם וִהְיִיתֶם קְדֹשִׁים כִּי קָדוֹשׁ אָנִי וְלֹא תְטַמְּאוּ אֶת־נַפְשֹׁתֵיכֶם בְּכָל־הַשֶּׁרֶץ הָרֹמֵשׂ עַל־הָאָרֶץ ׃	ὅτι ἐγώ εἰμι κύριος ὁ θεὸς ὑμῶν· καὶ ἁγιασθήσεσθε καὶ ἅγιοι ἔσεσθε, ὅτι ἅγιός εἰμι ἐγὼ κύριος ὁ θεὸς ὑμῶν· καὶ οὐ μιανεῖτε τὰς ψυχὰς ὑμῶν ἐν πᾶσιν τοῖς ἑρπετοῖς τοῖς κινουμένοις ἐπὶ τῆς γῆς·	ego enim sum Dominus Deus vester sancti estote quoniam et ego sanctus sum ne polluatis animas vestras in omni reptili quod movetur super terram	Ego enim sum Dominus Deus vester: sancti estote, quia ego sanctus sum. Ne polluatis animas vestras in omni reptili quod movetur super terram.		For I am the Lord your God: ye shall therefore sanctify yourselves, and ye shall be holy; for I am holy: neither shall ye defile yourselves with any manner of creeping thing that creepeth upon the earth.
Lev	11	45	כִּי אֲנִי יְהוָה הַמַּעֲלֶה אֶתְכֶם מֵאֶרֶץ מִצְרַיִם לִהְיֹת לָכֶם לֵאלֹהִים וִהְיִיתֶם קְדֹשִׁים כִּי קָדוֹשׁ אָנִי ׃	ὅτι ἐγώ εἰμι κύριος ὁ ἀναγαγὼν ὑμᾶς ἐκ γῆς Αἰγύπτου εἶναι ὑμῶν θεός· καὶ ἔσεσθε ἅγιοι, ὅτι ἅγιός εἰμι ἐγὼ Κύριος.	ego sum Dominus qui eduxi vos de terra Aegypti ut essem vobis in Deum sancti eritis quia et ego sanctus sum	Ego enim sum Dominus, qui eduxi vos de terra gypti, ut essem vobis in Deum. Sancti eritis, quia ego sanctus sum.		For I am the Lord that bringeth you up out of the land of Egypt, to be your God: ye shall therefore be holy, for I am holy.
Lev	11	46	זֹאת תּוֹרַת הַבְּהֵמָה וְהָעוֹף וְכֹל נֶפֶשׁ הַחַיָּה הָרֹמֶשֶׂת בַּמָּיִם וּלְכָל־נֶפֶשׁ הַשֹּׁרֶצֶת עַל־הָאָרֶץ ׃	οὗτος ὁ νόμος περὶ τῶν κτηνῶν κα τῶν πετεινῶν καὶ πάσης ψυχῆς τῆς κινουμένης ἐν τῷ ὕδατι κα πάσης ψυχῆς ἑρπούσης ἐπὶ τῆς γῆς,	ista est lex animantium et volucrum et omnis animae viventis quae movetur in aqua et reptat in terra	Ista est lex animantium ac volucrum, et omnis anim viventis, qu movetur in aqua, et reptat in terra,		This is the law of the beasts, and of the fowl, and of every living creature that moveth in the waters, and of every creature that creepeth upon the earth:
Lev	11	47	לְהַבְדִּיל בֵּין הַטָּמֵא וּבֵין הַטָּהֹר וּבֵין הַחַיָּה הַנֶּאֱכֶלֶת וּבֵין הַחַיָּה אֲשֶׁר לֹא תֵאָכֵל ׃ פ	διαστεῖλαι ἀνὰ ἀνὰ μέσον τῶν ἀκαθάρτων καὶ ἀνὰ μέσον τῶν καθαρῶν, καὶ ἀνὰ μέσον τῶν ζωογονούντων τὰ ἐσθιόκαὶ καὶ ἀνὰ μέσον τῶν ζωογονουντων τὰ μὴ ἐσθιόμενα.	ut differentias noveritis mundi et inmundi et sciatis quid comedere et quid respuere debeatis	ut differentias noveritis mundi et immundi, et sciatis quid comedere et quid respuere debeatis.		To make a difference between the unclean and the clean, and between the beast that may be eaten and the beast that may not be eaten.
Lev	12	1	וַיְדַבֵּר יְהוָה אֶל־מֹשֶׁה לֵּאמֹר ׃	Καὶ ἐλάλησεν κύριος πρὸς Μωυσῆν λέγων	locutus est Dominus ad Mosen dicens	Locutusque est Dominus ad Moysen, dicens:		And the Lord spake unto Moses, saying,
Lev	12	2	דַּבֵּר אֶל־בְּנֵי יִשְׂרָאֵל לֵאמֹר אִשָּׁה כִּי תַזְרִיעַ וְיָלְדָה זָכָר וְטָמְאָה שִׁבְעַת יָמִים כִּימֵי נִדַּת דְּוֹתָהּ תִּטְמָא ׃	Λάλησον τοῖς υἱοῖς ὴλ καὶ ἐρεῖς πρὸς αὐτούς Γυνὴ ἥτις ἐὰν σπερματισθῇ καὶ τέκῃ ἄρσεν, καὶ ἀκάθαρτος ἔσται ἑπτὰ ἡμέρας, κατὰ τὰς ἡμέρας τοῦ χωρισμοῦ τῆς ἀφέδρου αὐτῆς ἀκάθαρτος ἔσται·	loquere filiis Israhel et dices ad eos mulier si suscepto semine pepererit masculum inmunda erit septem diebus iuxta dies separationis menstruae	Loquere filiis Isral, et dices ad eos: Mulier, si suscepto semine pepererit masculum, immunda erit septem diebus juxta dies separationis menstru.		Speak unto the children of Israel, saying, If a woman have conceived seed, and born a man child: then she shall be unclean seven days; according to the days of the separation for her infirmity shall she be unclean.
Lev	12	3	וּבַיּוֹם הַשְּׁמִינִי יִמּוֹל בְּשַׂר עָרְלָתוֹ ׃	καὶ τῆ ἡμέρᾳ τῇ ὀγδόῃ περιτεμεῖ τὴν σάρκα τῆς ἀκροβυστίας αὐτοῦ·	et die octavo circumcidetur infantulus	Et die octavo circumcidetur infantulus:		And in the eighth day the flesh of his foreskin shall be circumcised.
Lev	12	4	וּשְׁלֹשִׁים יוֹם וּשְׁלֹשֶׁת יָמִים תֵּשֵׁב בִּדְמֵי טָהֳרָה בְּכָל־קֹדֶשׁ לֹא־תִגָּע וְאֶל־הַמִּקְדָּשׁ לֹא תָבֹא עַד־מְלֹאת יְמֵי טָהֳרָהּ ׃	καὶ τριάκοντα ἡμέρας καὶ τρεῖς καθίσεται ἐν αἵματι ἀκαθάρτῳ αὐτῆς· παντὸς ἀγγίου οὐχ ἅψεται, καὶ εἰς τὸ ἁγιαστήριον οὐκ εἰσελεύσεται, ἕως ἂν πληρωθῶσιν αἱ ἡμέραι καθάρσεως αὐτῆς.	ipsa vero triginta tribus diebus manebit in sanguine purificationis suae omne sanctum non tanget nec ingredietur sanctuarium donec impleantur dies purificationis eius	ipsa vero triginta tribus diebus manebit in sanguine purificationis su. Omne sanctum non tanget, nec ingredietur in sanctuarium, donec impleantur dies purificationis su.		And she shall then continue in the blood of her purifying three and thirty days; she shall touch no hallowed thing, nor come into the sanctuary, until the days of her purifying be fulfilled.
Lev	12	5	וְאִם־נְקֵבָה תֵלֵד וְטָמְאָה שְׁבֻעַיִם כְּנִדָּתָהּ וְשִׁשִּׁים יוֹם וְשֵׁשֶׁת יָמִים תֵּשֵׁב עַל־דְּמֵי טָהֳרָה ׃	ἐὰν δὲ θῆλυ τέκῃ, καὶ ἀκάθαρτος ἔσται δὶς ἑπτὰ ἡμέρας κατὰ τὴν ἄφεδρον· καὶ ἑξήκοντα ἡμέρας καὶ ἕξ καθεσθήσεται ἐν αἴματι ἀκαθάρτῳ αὐτῆς.	sin autem feminam pepererit inmunda erit duabus ebdomadibus iuxta ritum fluxus menstrui et sexaginta ac sex diebus manebit in sanguine purificationis suae	Sin autem feminam pepererit, immunda erit duabus hebdomadibus juxta ritum fluxus menstrui, et sexaginta sex diebus manebit in sanguine purificationis su.		But if she bear a maid child, then she shall be unclean two weeks, as in her separation: and she shall continue in the blood of her purifying threescore and six days.
Lev	12	6	וּבִמְלֹאת יְמֵי טָהֳרָהּ לְבֵן אוֹ לְבַת תָּבִיא כֶּבֶשׂ בֶּן־שְׁנָתוֹ לְעֹלָה וּבֶן־יוֹנָה אוֹ־תֹר לְחַטָּאת אֶל־פֶּתַח אֹהֶל־מוֹעֵד אֶל־הַכֹּהֵן ׃	καὶ ὅταν ἀναπληρωθῶσιν αἱ ἡμέραι καθάρσεως αὐτῆς ἐφ’ υἱῷ ἢ ἐπὶ θυγατρί, προσοίσει ἀμνὸν ἐνιαύσιον ἄμωμον εἰς ὁλοκαύτωμα καὶ νοσσὸν περιστερᾶς ἢ τρυγόνα περὶ ἁμαρτίας ἐπὶ τὴν θύραν τῆς σκηνῆς τοῦ μαρτυρίου πρὸς τὸν ἱερέα·	cumque expleti fuerint dies purificationis eius pro filio sive pro filia deferet agnum anniculum in holocaustum et pullum columbae sive turturem pro peccato ad ostium tabernaculi testimonii et tradet sacerdoti	Cumque expleti fuerint dies purificationis su, pro filio sive pro filia, deferet agnum anniculum in holocaustum, et pullum columb sive turturem pro peccato, ad ostium tabernaculi testimonii, et tradet sacerdoti,		And when the days of her purifying are fulfilled, for a son, or for a daughter, she shall bring a lamb of the first year for a burnt offering, and a young pigeon, or a turtledove, for a sin offering, unto the door of the tabernacle of the congregation, unto the priest:
Lev	12	7	וְהִקְרִיבוֹ לִפְנֵי יְהוָה וְכִפֶּר עָלֶיהָ וְטָהֲרָה מִמְּקֹר דָּמֶיהָ זֹאת תּוֹרַת הַיֹּלֶדֶת לַזָּכָר אוֹ לַנְּקֵבָה ׃	καὶ προσοίσει ἔναντι κυρίου, καὶ ἐξιλάσεται περὶ αὐτῆς ὁ ἱερεύς, καὶ καθαριεῖ αὐτὴν ἀπὸ τῆς πηγῆς τοῦ αἵματος αὐτῆς. οὗτος ὁ νόμος τῆς τικτούσης ἄρσεν ἢ θῆλυ.	qui offeret illa coram Domino et rogabit pro ea et sic mundabitur a profluvio sanguinis sui ista est lex parientis masculum ac feminam	qui offeret illa coram Domino, et orabit pro ea, et sic mundabitur a profluvio sanguinis sui: ista est lex parientis masculum aut feminam.		Who shall offer it before the Lord, and make an atonement for her; and she shall be cleansed from the issue of her blood. This is the law for her that hath born a male or a female.
Lev	12	8	וְאִם־לֹא תִמְצָא יָדָהּ דֵּי שֶׂה וְלָקְחָה שְׁתֵּי־תֹרִים אוֹ שְׁנֵי בְּנֵי יוֹנָה אֶחָד לְעֹלָה וְאֶחָד לְחַטָּאת וְכִפֶּר עָלֶיהָ הַכֹּהֵן וְטָהֵרָה ׃ פ	ἐὰν δὲ μὴ εὑρίσκῃ ἡ χεὶρ αὐτῆς τὸ ἱκανὸν εἰς ἀμνόν, καὶ λήμψεται δύο τρυγόνας ἢ δύο νοσσοὺς περι, μίαν εἰς ὁλοκαύτωμα καὶ μίαν περὶ ἁμαρτίας· καὶ ἑ ὶ αὐτῆς ὁ ἱερεύς, καὶ καθαρισθήσεται.	quod si non invenerit manus eius nec potuerit offerre agnum sumet duos turtures vel duos pullos columbae unum in holocaustum et alterum pro peccato orabitque pro ea sacerdos et sic mundabitur	Quod si non invenerit manus ejus, nec potuerit offerre agnum, sumet duos turtures vel duos pullos columbarum, unum in holocaustum, et alterum pro peccato: orabitque pro ea sacerdos, et sic mundabitur.		And if she be not able to bring a lamb, then she shall bring two turtles, or two young pigeons; the one for the burnt offering, and the other for a sin offering: and the priest shall make an atonement for her, and she shall be clean.
Lev	13	1	וַיְדַבֵּר יְהוָה אֶל־מֹשֶׁה וְאֶל־אַהֲרֹן לֵאמֹר ׃	Καὶ ἐλάλησεν κύριος πρὸς Μωυσῆν καὶ Ἀαρὼν λέγων	locutus est Dominus ad Mosen et Aaron dicens	Locutusque est Dominus ad Moysen, et Aaron, dicens:		And the Lord spake unto Moses and Aaron, saying,
Lev	13	2	אָדָם כִּי־יִהְיֶה בְעוֹר־בְּשָׂרוֹ שְׂאֵת אוֹ־סַפַּחַת אוֹ בַהֶרֶת וְהָיָה בְעוֹר־בְּשָׂרוֹ לְנֶגַע צָרָעַת וְהוּבָא אֶל־אַהֲרֹן הַכֹּהֵן אוֹ אֶל־אַחַד מִבָּנָיו הַכֹּהֲנִים ׃	Ἀνἐάν τινι γένηται ἐν δέρματι χρωτὸς αὐτοῦ οὐλὴ σημασίας τηλαυγής, καὶ γένηται ἐν δέρματι χρωτὸς αὐτοῦ ἁφὴ λέπρας, καὶ ἀχθήσεται πρὸς Ἀαρὼν τὸν ἱερέα ἢ ἕνα τῶν υἱῶν αὐτοῦ τῶν ἱερέων.	homo in cuius carne et cute ortus fuerit diversus color sive pustula aut quasi lucens quippiam id est plaga leprae adducetur ad Aaron sacerdotem vel ad unum quemlibet filiorum eius	Homo, in cujus cute et carne ortus fuerit diversus color, sive pustula, aut quasi lucens quippiam, id est, plaga lepr, adducetur ad Aaron sacerdotem, vel ad unum quemlibet filiorum ejus.		When a man shall have in the skin of his flesh a rising, a scab, or bright spot, and it be in the skin of his flesh like the plague of leprosy; then he shall be brought unto Aaron the priest, or unto one of his sons the priests:
Lev	13	3	וְרָאָה הַכֹּהֵן אֶת־הַנֶּגַע בְּעוֹר־הַבָּשָׂר וְשֵׂעָר בַּנֶּגַע הָפַךְ לָבָן וּמַרְאֵה הַנֶּגַע עָמֹק מֵעוֹר בְּשָׂרוֹ נֶגַע צָרַעַת הוּא וְרָאָהוּ הַכֹּהֵן וְטִמֵּא אֹתוֹ ׃	καὶ ὄψεται ὁ ἱερεὺς τὴν ἁφὴν ἐν δέρματι τοῦ χρωτὸς αὐτοῦ, καὶ ἡ θρὶξ ἐν τῇ ἁφῇ μεταβάλῃ λευκή, καὶ ἡ ὄψις τῆς ἁφῆς ταπεινὴ ἀπὸ τοῦ δέρματος τοῦ χρωτός, ἁφὴ λέπρας ἐστίν· καὶ ὄψεται ὁ ἱερεύς, καὶ μιανεῖ αὐτόν.	qui cum viderit lepram in cute et pilos in album mutatos colorem ipsamque speciem leprae humiliorem cute et carne reliqua plaga leprae est et ad arbitrium eius separabitur	Qui cum viderit lepram in cute, et pilos in album mutatos colorem, ipsamque speciem lepr humiliorem cute et carne reliqua: plaga lepr est, et ad arbitrium ejus separabitur.		And the priest shall look on the plague in the skin of the flesh: and when the hair in the plague is turned white, and the plague in sight be deeper than the skin of his flesh, it is a plague of leprosy: and the priest shall look on him, and pronounce him unclean.
Lev	13	4	וְאִם־בַּהֶרֶת לְבָנָה הִוא בְּעוֹר בְּשָׂרוֹ וְעָמֹק אֵין־מַרְאֶהָ מִן־הָעוֹר וּשְׂעָרָה לֹא־הָפַךְ לָבָן וְהִסְגִּיר הַכֹּהֵן אֶת־הַנֶּגַע שִׁבְעַת יָמִים ׃	ἐὰν δὲ τηλαυγὴς λευκὴ ἦν ἐν τῷ δέρματι τοῦ αὐτῆς, κοὶ ταπεινὴ μὴ ἦν ἡ ὄψις αὐτῆς ἀπὸ τοῦ δέρματος καὶ ἡ θρὶξ αὐτοῦ οὐ μετέβαλεν τρίχα λευκήν, αὐτὴ δέ ἐστιν ἀμαυρά, καὶ ἀφοριεῖ ὁ ἱερεὺς τὴν ἁφὴν ἑπτὰ ἡμέρας.	sin autem lucens candor fuerit in cute nec humilior carne reliqua et pili coloris pristini recludet eum sacerdos septem diebus	Sin autem lucens candor fuerit in cute, nec humilior carne reliqua, et pili coloris pristini, recludet eum sacerdos septem diebus:		If the bright spot be white in the skin of his flesh, and in sight be not deeper than the skin, and the hair thereof be not turned white; then the priest shall shut up him that hath the plague seven days:
Lev	13	5	וְרָאָהוּ הַכֹּהֵן בַּיּוֹם הַשְּׁבִיעִי וְהִנֵּה הַנֶּגַע עָמַד בְּעֵינָיו לֹא־פָשָׂה הַנֶּגַע בָּעוֹר וְהִסְגִּירוֹ הַכֹּהֵן שִׁבְעַת יָמִים שֵׁנִית ׃	καὶ ὄψεται ὁ ἱερεὺς τὴν ἁφὴν τῆ ἡμέρᾳ τῆ ἑβδόμῃ, καὶ ἰδοὺ ἡ ἁφὴ μένει ἐναντίον αὐτοῦ, οὐ μετέπεσεν ἡ ἁφὴ ἐν τῷ δέρματι, καὶ ἀφοριεῖ αὐτὸν ὁ ἱερεὺς ἑπτὰ ἡμέρας τὸ δεύτερον.	et considerabit die septimo et siquidem lepra ultra non creverit nec transierit in cute priores terminos rursum includet eum septem diebus aliis	et considerabit die septimo: et si quidem lepra ultra non creverit, nec transierit in cute priores terminos, rursum recludet eum septem diebus aliis.		And the priest shall look on him the seventh day: and, behold, if the plague in his sight be at a stay, and the plague spread not in the skin; then the priest shall shut him up seven days more:
Lev	13	6	וְרָאָה הַכֹּהֵן אֹתוֹ בַּיּוֹם הַשְּׁבִיעִי שֵׁנִית וְהִנֵּה כֵּהָה הַנֶּגַע וְלֹא־פָשָׂה הַנֶּגַע בָּעוֹר וְטִהֲרוֹ הַכֹּהֵן מִסְפַּחַת הִיא וְכִבֶּס בְּגָדָיו וְטָהֵר ׃	καὶ ὄψεται αὐτὸν ὁ ἱερεὺς τῇ ἡμέρᾳ τῆ ἑβδόμῃ τὸ δεύτερον, καὶ ἰδοὺ ἀμαυρὰ ἡ ἁφή, οὐ μετέπεσεν ἡ ἁφὴ ἐν τῷ δέρματι, καθαριεῖ αὐτὸν ὁ ἱερεύς· σημασία γάρ ἐστιν· καὶ πλυνάμενος τὰ ἱμάτια καθαρὸς ἔσται.	et die septimo contemplabitur si obscurior fuerit lepra et non creverit in cute mundabit eum quia scabies est lavabitque homo vestimenta sua et mundus erit	Et die septimo contemplabitur: si obscurior fuerit lepra, et non creverit in cute, mundabit eum, quia scabies est: lavabitque homo vestimenta sua, et mundus erit.		And the priest shall look on him again the seventh day: and, behold, if the plague be somewhat dark, and the plague spread not in the skin, the priest shall pronounce him clean: it is but a scab: and he shall wash his clothes, and be clean.
Lev	13	7	וְאִם־פָּשֹׂה תִפְשֶׂה הַמִּסְפַּחַת בָּעוֹר אַחֲרֵי הֵרָאֹתוֹ אֶל־הַכֹּהֵן לְטָהֳרָתוֹ וְנִרְאָה שֵׁנִית אֶל־הַכֹּהֵן ׃	ἐὰν δὲ μεταβαλοῦσα μεταπέσῃ ἡ σημασία ἐν τῷ δέρματι μετὰ τὸ ἰδεῖν αὐτὸν τὸν ἱερέα τοῦ καθαρίσαι αὐτόν, καὶ ὀφθήσεται τὸ δεύτερον τῷ ἱερεῖ·	quod si postquam a sacerdote visus est et redditus munditiae iterum lepra creverit adducetur ad eum	Quod si postquam a sacerdote visus est, et redditus munditi, iterum lepra creverit: adducetur ad eum,		But if the scab spread much abroad in the skin, after that he hath been seen of the priest for his cleansing, he shall be seen of the priest again.
Lev	13	8	וְרָאָה הַכֹּהֵן וְהִנֵּה פָּשְׂתָה הַמִּסְפַּחַת בָּעוֹר וְטִמְּאוֹ הַכֹּהֵן צָרַעַת הִוא ׃ פ	καὶ ὄψεται αὐτὸν ὁ ἱερεύς, καὶ ἰδοὺ μετέπεσεν ἡ σημασία ἐν τῷ δέρματι, καὶ μιανεῖ αὐτὸν ὁ ἱερεύς· λέπρα ἐστίν.	et inmunditiae condemnabitur	et immunditi condemnabitur.		And if the priest see that, behold, the scab spreadeth in the skin, then the priest shall pronounce him unclean: it is a leprosy.
Lev	13	9	נֶגַע צָרַעַת כִּי תִהְיֶה בְּאָדָם וְהוּבָא אֶל־הַכֹּהֵן ׃	Καὶ ἁφὴ λέπρας ἐὰν γένηται ἐν ἀνθρώπῳ, καὶ ἥξει πρὸς τὸν ἱερέα·	plaga leprae si fuerit in homine adducetur ad sacerdotem	Plaga lepr si fuerit in homine, adducetur ad sacerdotem,		When the plague of leprosy is in a man, then he shall be brought unto the priest;
Lev	13	10	וְרָאָה הַכֹּהֵן וְהִנֵּה שְׂאֵת־לְבָנָה בָּעוֹר וְהִיא הָפְכָה שֵׂעָר לָבָן וּמִחְיַת בָּשָׂר חַי בַּשְׂאֵת ׃	καὶ ὄψεται ὁ ἱερεύς, καὶ ἰδοὺ οὐλὴ λευκὴ ἐν τῷ δέρματι, καὶ αὕτη μετέβαλεν τρίχα λευκήν, καὶ ἀπὸ τοῦ ὑγιοῦς τῆς σαρκὸς τῆς ζώσης ἐν τῇ οὐλῇ,	et videbit eum cumque color albus in cute fuerit et capillorum mutarit aspectum ipsa quoque caro viva apparuerit	et videbit eum. Cumque color albus in cute fuerit, et capillorum mutaverit aspectum, ipsa quoque caro viva apparuerit:		And the priest shall see him: and, behold, if the rising be white in the skin, and it have turned the hair white, and there be quick raw flesh in the rising;
Lev	13	11	צָרַעַת נוֹשֶׁנֶת הִוא בְּעוֹר בְּשָׂרוֹ וְטִמְּאוֹ הַכֹּהֵן לֹא יַסְגִּרֶנּוּ כִּי טָמֵא הוּא ׃	λέπρα παλαιουμένη ἐστίν· ἐν τῷ δέρματι τοῦ χρωτός ἐστιν· καὶ μιανεῖ αὐτὸν ὁ ἱερεὺς καὶ ἀφοριεῖ αὐτόν, ὅτι ἀκάθαρτός ἐστιν.	lepra vetustissima iudicabitur atque inolita cuti contaminabit itaque eum sacerdos et non recludet quia perspicue inmunditia est	lepra vetustissima judicabitur, atque inolita cuti. Contaminabit itaque eum sacerdos, et non recludet, quia perspicu immunditi est.		It is an old leprosy in the skin of his flesh, and the priest shall pronounce him unclean, and shall not shut him up: for he is unclean.
Lev	13	12	וְאִם־פָּרוֹחַ תִּפְרַח הַצָּרַעַת בָּעוֹר וְכִסְּתָה הַצָּרַעַת אֵת כָּל־עוֹר הַנֶּגַע מֵרֹאשׁוֹ וְעַד־רַגְלָיו לְכָל־מַרְאֵה עֵינֵי הַכֹּהֵן ׃	ἐὰν δὲ ἐξανθοῦσα ἐξανθήσῃ ἡ λέπρα ἐν τῷ δέρματι, καὶ καλύψῃ ἡ λέπρα πᾶν τὸ δέρμα τῆς ἁφῆς ἀπὸ κεφαλῆς ἕως ποδῶν καθ’ ὅλην τὴν ὅρασιν τοῦ ἱερέως,	sin autem effloruerit discurrens lepra in cute et operuerit omnem carnem a capite usque ad pedes quicquid sub aspectu oculorum cadit	Sin autem effloruerit discurrens lepra in cute, et operuerit omnem cutem a capite usque ad pedes, quidquid sub aspectum oculorum cadit,		And if a leprosy break out abroad in the skin, and the leprosy cover all the skin of him that hath the plague from his head even to his foot, wheresoever the priest looketh;
Lev	13	13	וְרָאָה הַכֹּהֵן וְהִנֵּה כִסְּתָה הַצָּרַעַת אֶת־כָּל־בְּשָׂרוֹ וְטִהַר אֶת־הַנָּגַע כֻּלּוֹ הָפַךְ לָבָן טָהוֹר הוּא ׃	καὶ ὄψεται ὁ ἱερεύς, καὶ ἰδοὺ ἐκάλυψεν ἡ λέπρα πᾶν τὸ δέρμα τοῦ χρωτός, καὶ καθαριεῖ αὐτὸν ὁ ἱερεὺς τὴν ἁφήν· ὅτι πᾶν μετέβαλεν λευκόν, ρόν ἐστιν.	considerabit eum sacerdos et teneri lepra mundissima iudicabit eo quod omnis in candorem versa sit et idcirco homo mundus erit	considerabit eum sacerdos, et teneri lepra mundissima judicabit: eo quod omnis in candorem versa sit, et idcirco homo mundus erit.		Then the priest shall consider: and, behold, if the leprosy have covered all his flesh, he shall pronounce him clean that hath the plague: it is all turned white: he is clean.
Lev	13	14	וּבְיוֹם הֵרָאוֹת בּוֹ בָּשָׂר חַי יִטְמָא ׃	καὶ ᾗ ἂν ἡμέρᾳ ὀφθῇ ἐν αὐτῷ χρὼς ζῶν, μιανθήσεται·	quando vero caro vivens in eo apparuerit	Quando vero caro vivens in eo apparuerit,		But when raw flesh appeareth in him, he shall be unclean.
Lev	13	15	וְרָאָה הַכֹּהֵן אֶת־הַבָּשָׂר הַחַי וְטִמְּאוֹ הַבָּשָׂר הַחַי טָמֵא הוּא צָרַעַת הוּא ׃	καὶ ὄψεται ὁ ἱερεὺς τὸν χρῶτα τὸν ὑγιῆ, καὶ μιανεῖ αὐτὸν ὁ χρὼς ὁ ὑγιής, ὅτι ἀκάθαρτός ἐστιν· λέπρα ἐστίν.	tunc sacerdotis iudicio polluetur et inter inmundos reputabitur caro enim viva si lepra aspergatur inmunda est	tunc sacerdotis judicio polluetur, et inter immundos reputabitur: caro enim viva, si lepra aspergitur, immunda est.		And the priest shall see the raw flesh, and pronounce him to be unclean: for the raw flesh is unclean: it is a leprosy.
Lev	13	16	אוֹ כִי יָשׁוּב הַבָּשָׂר הַחַי וְנֶהְפַּךְ לְלָבָן וּבָא אֶל־הַכֹּהֵן ׃	ἐὰν δὲ ἀποκαταστῇ ὁ χρὼς ὁ ὑγιὴς καὶ μεταβάλῃ λευκή, καὶ ἐλεύσεται πρὸς τὸν ἱερέα·	quod si rursum versa fuerit in alborem et totum hominem operuerit	Quod si rursum versa fuerit in alborem, et totum hominem operuerit,		Or if the raw flesh turn again, and be changed unto white, he shall come unto the priest;
Lev	13	17	וְרָאָהוּ הַכֹּהֵן וְהִנֵּה נֶהְפַּךְ הַנֶּגַע לְלָבָן וְטִהַר הַכֹּהֵן אֶת־הַנֶּגַע טָהוֹר הוּא ׃ פ	καὶ ὄψεται ὁ ἱερεύς, καὶ ἰδοὺ μετέβαλεν ἡ ἁφὴ εἰς τὸ λευκόν, καὶ καθαριεῖ ὁ ἱερεὺς τὴν ἁφήν· καθαρός ἐστιν.	considerabit eum sacerdos et mundum esse decernet	considerabit eum sacerdos, et mundum esse decernet.		And the priest shall see him: and, behold, if the plague be turned into white; then the priest shall pronounce him clean that hath the plague: he is clean.
Lev	13	18	וּבָשָׂר כִּי־יִהְיֶה בוֹ־בְעֹרוֹ שְׁחִין וְנִרְפָּא ׃	Καὶ σὰρξ ἐὰν γένηται ἐν τῷ δέρματι αὐτοῦ ἕλκος, καὶ ὑγιασθῇ,	caro et cutis in qua ulcus natum est et sanatum	Caro autem et cutis in qua ulcus natum est, et sanatum,		The flesh also, in which, even in the skin thereof, was a boil, and is healed,
Lev	13	19	וְהָיָה בִּמְקוֹם הַשְּׁחִין שְׂאֵת לְבָנָה אוֹ בַהֶרֶת לְבָנָה אֲדַמְדָּמֶת וְנִרְאָה אֶל־הַכֹּהֵן ׃	καὶ γένηται ἐν τῶ τόπω τοῦ ἕλκους οὐλὴ λευκὴ ἢ τηλαυγὴς λευκαίνουσα ἢ πυρρίζουσα, καὶ ὀφθήσεται τῷ ἱερεῖ.	et in loco ulceris cicatrix apparuerit alba sive subrufa adducetur homo ad sacerdotem	et in loco ulceris cicatrix alba apparuerit, sive subrufa, adducetur homo ad sacerdotem.		And in the place of the boil there be a white rising, or a bright spot, white, and somewhat reddish, and it be shewed to the priest;
Lev	13	20	וְרָאָה הַכֹּהֵן וְהִנֵּה מַרְאֶהָ שָׁפָל מִן־הָעוֹר וּשְׂעָרָהּ הָפַךְ לָבָן וְטִמְּאוֹ הַכֹּהֵן נֶגַע־צָרַעַת הִוא בַּשְּׁחִין פָּרָחָה ׃	καὶ ὄψεται ὁ ἱερεύς, καὶ ἰδοὺ ἡ ὄψις ταπεινοτέρα τοῦ δέρματος, καὶ θρὶξ αὐτῆς μετέβαλεν εἰς λευκήν, κα μιανεῖ αὐτὸν ὁ ἱερεύς· λέπρα ἐστίν, ἐν τῷ ἕλκει ἐξήνθησεν.	qui cum viderit locum leprae humiliorem carne reliqua et pilos versos in candorem contaminabit eum plaga enim leprae orta est in ulcere	Qui cum viderit locum lepr humiliorem carne reliqua, et pilos versos in candorem, contaminabit eum: plaga enim lepr orta est in ulcere.		And if, when the priest seeth it, behold, it be in sight lower than the skin, and the hair thereof be turned white; the priest shall pronounce him unclean: it is a plague of leprosy broken out of the boil.
Lev	13	21	וְאִם יִרְאֶנָּה הַכֹּהֵן וְהִנֵּה אֵין־בָּהּ שֵׂעָר לָבָן וּשְׁפָלָה אֵינֶנָּה מִן־הָעוֹר וְהִיא כֵהָה וְהִסְגִּירוֹ הַכֹּהֵן שִׁבְעַת יָמִים ׃	ἐὰν δὲ ἴδῃ ὁ ἱερεύς, καὶ ἰδοὺ οὐκ ἔστιν ἐν αὐτῷ θρὶξ λευκή, καὶ ταπεινὸν μὴ ᾖ ἀπὸ τοῦ δέρματος τοῦ χρωτός, καὶ αὐτὴ ἦ ἀμαυρά, ἀφοριεῖ αὐτὸν ὁ ἱερεὺς ἑπτὰ ἡμέρας.	quod si pilus coloris est pristini et cicatrix subobscura et vicina carne non est humilior recludet eum septem diebus	Quod si pilus coloris est pristini, et cicatrix subobscura, et vicina carne non est humilior, recludet eum septem diebus:		But if the priest look on it, and, behold, there be no white hairs therein, and if it be not lower than the skin, but be somewhat dark; then the priest shall shut him up seven days:
Lev	13	22	וְאִם־פָּשֹׂה תִפְשֶׂה בָּעוֹר וְטִמֵּא הַכֹּהֵן אֹתוֹ נֶגַע הִוא ׃	ἐὰν δὲ διαχέηται ἐν τῷ δέρματι, κα μιανεῖ αὐτὸν ὁ ἱερεύς. ἁφὴ λέπρας ἐστίν, ἐν τῷ ἕλκει ἐξήνθησεν·	et siquidem creverit adiudicabit eum leprae	et si quidem creverit, adjudicabit eum lepr;		And if it spread much abroad in the skin, then the priest shall pronounce him unclean: it is a plague.
Lev	13	23	וְאִם־תַּחְתֶּיהָ תַּעֲמֹד הַבַּהֶרֶת לֹא פָשָׂתָה צָרֶבֶת הַשְּׁחִין הִוא וְטִהֲרוֹ הַכֹּהֵן ׃ ס	ἐὰν δὲ κατὰ χώραν μείνῃ τὸ τηλαύγημα καὶ μὴ διαχέηται, οὐλὴ τοῦ ἕλκους ἐστίν, καὶ καθαριεῖ αὐτὸν ὁ ἱερεύς.	sin autem steterit in loco suo ulceris est cicatrix et homo mundus erit	sin autem steterit in loco suo, ulceris est cicatrix, et homo mundus erit.		But if the bright spot stay in his place, and spread not, it is a burning boil; and the priest shall pronounce him clean.
Lev	13	24	אוֹ בָשָׂר כִּי־יִהְיֶה בְעֹרוֹ מִכְוַת־אֵשׁ וְהָיְתָה מִחְיַת הַמִּכְוָה בַּהֶרֶת לְבָנָה אֲדַמְדֶּמֶת אוֹ לְבָנָה ׃	καὶ σὰρξ ἐὰν γένηται ἐν τῷ δέρματι αὐτοῦ κατάκαυμα πυρός, καὶ γένηται ἐν τῷ δέρματι αὐτοῦ τὸ ὑγιασθὲν τοῦ κατακαύματος αὐγάζον τηλαυγὲς λευκόν, ὑποπυρρίζον ἢ ἔκλευκον,	caro et cutis quam ignis exuserit et sanata albam sive rufam habuerit cicatricem	Caro autem et cutis, quam ignis exusserit, et sanata albam sive rufam habuerit cicatricem,		Or if there be any flesh, in the skin whereof there is a hot burning, and the quick flesh that burneth have a white bright spot, somewhat reddish, or white;
Lev	13	25	וְרָאָה אֹתָהּ הַכֹּהֵן וְהִנֵּה נֶהְפַּךְ שֵׂעָר לָבָן בַּבַּהֶרֶת וּמַרְאֶהָ עָמֹק מִן־הָעוֹר צָרַעַת הִוא בַּמִּכְוָה פָּרָחָה וְטִמֵּא אֹתוֹ הַכֹּהֵן נֶגַע צָרַעַת הִוא ׃	καὶ ὄψεται αὐτὸν ὁ ἱερεύς, καὶ ἰδοὺ μετέβαλεν θρὶξ λευκὴ εἰς τὸ αὐγάζον, καὶ ἡ ὄψις αὐτοῦ ταπεινὴ ἀπὸ τοῦ δέρματος, λέπρα ἐστίν, ἐν τῷ κατακαύματι ἐξήνθησεν· καὶ μιανεῖ αὐτὸν ὁ ἱερεύς, ἁφὴ λέπρας ἐστίν.	considerabit eam sacerdos et ecce versa est in alborem et locus eius reliqua cute humilior contaminabit eum quia plaga leprae in cicatrice orta est	considerabit eam sacerdos: et ecce versa est in alborem, et locus ejus reliqua cute est humilior, contaminabit eum, quia plaga lepr in cicatrice orta est.		Then the priest shall look upon it: and, behold, if the hair in the bright spot be turned white, and it be in sight deeper than the skin; it is a leprosy broken out of the burning: wherefore the priest shall pronounce him unclean: it is the plague of leprosy.
Lev	13	26	וְאִם יִרְאֶנָּה הַכֹּהֵן וְהִנֵּה אֵין־בַּבֶּהֶרֶת שֵׂעָר לָבָן וּשְׁפָלָה אֵינֶנָּה מִן־הָעוֹר וְהִוא כֵהָה וְהִסְגִּירוֹ הַכֹּהֵן שִׁבְעַת יָמִים ׃	ἐὰν δὲ ἴδῃ ὁ ἱερεύς, κα ἰδοὺ οὐκ ἔστιν ἐν τῷ αὐγάζοντι θρὶξ λευκή, καὶ ταπεινὸν μὴ ἦν ἀπὸ τοῦ δέρματος, αὐτὸ δὲ ἀμαυρόν, καὶ ἀφοριεῖ αὐτὸν ὁ ἱερεὺς ἑπτὰ ἡμέρας.	quod si pilorum color non fuerit inmutatus nec humilior plaga carne reliqua et ipsa leprae species fuerit subobscura recludet eum septem diebus	Quod si pilorum color non fuerit immutatus, nec humilior plaga carne reliqua, et ipsa lepr species fuerit subobscura, recludet eum septem diebus,		But if the priest look on it, and, behold, there be no white hair in the bright spot, and it be no lower than the other skin, but be somewhat dark; then the priest shall shut him up seven days:
Lev	13	27	וְרָאָהוּ הַכֹּהֵן בַּיּוֹם הַשְּׁבִיעִי אִם־פָּשֹׂה תִפְשֶׂה בָּעוֹר וְטִמֵּא הַכֹּהֵן אֹתוֹ נֶגַע צָרַעַת הִוא ׃	καὶ ὄψεται αὐτὸν ὁ ἱερεὺς τῇ ἡμέρᾳ τῆ ἑβδόμῃ, ἐὰν δὲ διαχύσει διαχέηται ἐν τῷ δέρματι, καὶ μιανεῖ αὐτὸν ὁ ἱερεύς· ἁφὴ λέπρας ἐστίν, ἐν τῶ ἕλκει ἐξήνθησεν.	et die septimo contemplabitur si creverit in cute lepra contaminabit eum	et die septimo contemplabitur: si creverit in cute lepra, contaminabit eum.		And the priest shall look upon him the seventh day: and if it be spread much abroad in the skin, then the priest shall pronounce him unclean: it is the plague of leprosy.
Lev	13	28	וְאִם־תַּחְתֶּיהָ תַעֲמֹד הַבַּהֶרֶת לֹא־פָשְׂתָה בָעוֹר וְהִוא כֵהָה שְׂאֵת הַמִּכְוָה הִוא וְטִהֲרוֹ הַכֹּהֵן כִּי־צָרֶבֶת הַמִּכְוָה הִוא ׃ פ	ἐὰν δὲ κατὰ χώραν μείνῃ τὸ αὐγάζον καὶ μὴ διαχυθῇ ἐν τῷ δέρματι, αὐτὴ δὲ ᾖ ἀμαυρά, ἡ οὐλὴ τοῦ κατακαύματός ἐστιν, καὶ καθαριεῖ αὐτὸν ὁ ἱερεύς· ὁ γὰρ χαρακτὴρ τοῦ κατακαύματός ἐστιν.	sin autem in loco suo candor steterit non satis clarus plaga conbustionis est et idcirco mundabitur quia cicatrix est conbusturae	Sin autem in loco suo candor steterit non satis clarus, plaga combustionis est, et idcirco mundabitur, quia cicatrix est combustur.		And if the bright spot stay in his place, and spread not in the skin, but it be somewhat dark; it is a rising of the burning, and the priest shall pronounce him clean: for it is an inflammation of the burning.
Lev	13	29	וְאִישׁ אוֹ אִשָּׁה כִּי־יִהְיֶה בוֹ נָגַע בְּרֹאשׁ אוֹ בְזָקָן ׃	Καὶ ἀνδρὶ καὶ γυναικὶ ἐὰν γένηται ἐν αὐτοῖς ἁφὴ λέπρας ἐν τῇ κεφαλῇ ἢ ἐν τῷ πώγωνι,	vir sive mulier in cuius capite vel barba germinarit lepra videbit eos sacerdos	Vir, sive mulier, in cujus capite vel barba germinaverit lepra, videbit eos sacerdos.		If a man or woman have a plague upon the head or the beard;
Lev	13	30	וְרָאָה הַכֹּהֵן אֶת־הַנֶּגַע וְהִנֵּה מַרְאֵהוּ עָמֹק מִן־הָעוֹר וּבוֹ שֵׂעָר צָהֹב דָּק וְטִמֵּא אֹתוֹ הַכֹּהֵן נֶתֶק הוּא צָרַעַת הָרֹאשׁ אוֹ הַזָּקָן הוּא ׃	καὶ ὄψεται ὁ ἱερεὺς τὴν ἁφήν, καὶ ἰδοὺ ἡ ὄψις αὐτῆς ἐνκοιλοτέρα τοῦ δέρματος, ἐν αὐτῇ δὲ θρὶξ ξανθίζουσα λεπτή, καὶ μιανεῖ αὐτὸν ὁ ἱερεύς· θραῦσμά ἐστιν, λέπρα τῆς κεφαλῆς ἢ λέπρα τοῦ πώγωνός ἐστιν.	et siquidem humilior fuerit locus carne reliqua et capillus flavus solitoque subtilior contaminabit eos quia lepra capitis ac barbae est	Et si quidem humilior fuerit locus carne reliqua, et capillus flavus, solitoque subtilior, contaminabit eos, quia lepra capitis ac barb est.		Then the priest shall see the plague: and, behold, if it be in sight deeper than the skin; and there be in it a yellow thin hair; then the priest shall pronounce him unclean: it is a dry scall, even a leprosy upon the head or beard.
Lev	13	31	וְכִי־יִרְאֶה הַכֹּהֵן אֶת־נֶגַע הַנֶּתֶק וְהִנֵּה אֵין־מַרְאֵהוּ עָמֹק מִן־הָעוֹר וְשֵׂעָר שָׁחֹר אֵין בּוֹ וְהִסְגִּיר הַכֹּהֵן אֶת־נֶגַע הַנֶּתֶק שִׁבְעַת יָמִים ׃	καὶ ἐὰν ἴδῃ ὁ ἱερεὺς τὴν ἁφὴν τοῦ τραύματος, καὶ ἰδοὺ οὐχ ἡ ὄψις ἐνκοιλοτέρα τοῦ δέρματος, καὶ θρὶξ ξανθίζουσα οὐκ ἔστιν ἐν αὐτῇ, καὶ ἀφοριεῖ ὁ ἱερεὺς τὴν ἁφὴν τοῦ θραύσματος ἑπτὰ ἡμέρας·	sin autem viderit et locum maculae aequalem vicinae carni et capillum nigrum recludet eos septem diebus	Sin autem viderit locum macul qualem vicin carni, et capillum nigrum: recludet eum septem diebus,		And if the priest look on the plague of the scall, and, behold, it be not in sight deeper than the skin, and that there is no black hair in it; then the priest shall shut up him that hath the plague of the scall seven days:
Lev	13	32	וְרָאָה הַכֹּהֵן אֶת־הַנֶּגַע בַּיּוֹם הַשְּׁבִיעִי וְהִנֵּה לֹא־פָשָׂה הַנֶּתֶק וְלֹא־הָיָה בוֹ שֵׂעָר צָהֹב וּמַרְאֵה הַנֶּתֶק אֵין עָמֹק מִן־הָעוֹר ׃	καὶ ὄψεται ὁ ἱερεὺς τὴν ἁφὴν τῇ ἡμέρᾳ τῇ ἑβδόμῃ, κα ἰδοὺ ο τὸ θραῦσμα, καὶ θρὶξ ξανθίζουσα οὐκ ἔστιν ἐν αὐτῇ, καὶ ἡ θραύσματος οὐκ ἔστιν κοίλη ἀπὸ τοῦ δέρματος,	et die septimo intuebitur si non creverit macula et capillus sui coloris est et locus plagae carni reliquae aequalis	et die septimo intuebitur. Si non creverit macula, et capillus sui coloris est, et locus plag carni reliqu qualis:		And in the seventh day the priest shall look on the plague: and, behold, if the scall spread not, and there be in it no yellow hair, and the scall be not in sight deeper than the skin;
Lev	13	33	וְהִתְגַּלָּח וְאֶת־הַנֶּתֶק לֹא יְגַלֵּחַ וְהִסְגִּיר הַכֹּהֵן אֶת־הַנֶּתֶק שִׁבְעַת יָמִים שֵׁנִית ׃	καὶ τὸ δέρμα, τὸ δὲ θραῦσμα οὐ ξυρηθήσεται, καὶ ἀφοριεῖ ὁ ἱερεὺς τὸ θραῦσμα ἑπτὰ ἡμέρας τὸ δεύτερον.	radetur homo absque loco maculae et includetur septem diebus aliis	radetur homo absque loco macul, et includetur septem diebus aliis.		He shall be shaven, but the scall shall he not shave; and the priest shall shut up him that hath the scall seven days more:
Lev	13	34	וְרָאָה הַכֹּהֵן אֶת־הַנֶּתֶק בַּיּוֹם הַשְּׁבִיעִי וְהִנֵּה לֹא־פָשָׂה הַנֶּתֶק בָּעוֹר וּמַרְאֵהוּ אֵינֶנּוּ עָמֹק מִן־הָעוֹר וְטִהַר אֹתוֹ הַכֹּהֵן וְכִבֶּס בְּגָדָיו וְטָהֵר ׃	καὶ ὄψεται ὁ ἱερεὺς τὸ τῇ ἡμέρᾳ τῇ ἑβδόμῃ, καὶ ἰδοὺ οὐ διεχύθη τὸ θραῦσμα ἐν τῷ μετὰ τὸ ξυρηθῆναι αὐτόν, καὶ ἡ ὄψις τοῦ θραύσματος οὐκ ἔστιν κοίλη ἀπὸ τοῦ δέρματος, καὶ καθαριεῖ αὐτὸν ὁ ἱερεύς· καὶ πλυνάμενος τὰ ἱμάτια καθαρὸς ἔσται.	si die septimo visa fuerit stetisse plaga in loco suo nec humilior carne reliqua mundabit eum lotisque vestibus mundus erit	Si die septimo visa fuerit stetisse plaga in loco suo, nec humilior carne reliqua, mundabit eum: lotisque vestibus suis, mundus erit.		And in the seventh day the priest shall look on the scall: and, behold, if the scall be not spread in the skin, nor be in sight deeper than the skin; then the priest shall pronounce him clean: and he shall wash his clothes, and be clean.
Lev	13	35	וְאִם־פָּשֹׂה יִפְשֶׂה הַנֶּתֶק בָּעוֹר אַחֲרֵי טָהֳרָתוֹ ׃	ἐὰν δὲ διαχύσει διαχέηται τὸ θραῦσμα ἐν τῷ δέρματι μετὰ τὸ καθαρισθῆναι αὐτόν,	sin autem post emundationem rursus creverit macula in cute	Sin autem post emundationem rursus creverit macula in cute,		But if the scall spread much in the skin after his cleansing;
Lev	13	36	וְרָאָהוּ הַכֹּהֵן וְהִנֵּה פָּשָׂה הַנֶּתֶק בָּעוֹר לֹא־יְבַקֵּר הַכֹּהֵן לַשֵּׂעָר הַצָּהֹב טָמֵא הוּא ׃	καὶ ὄψεται ὁ ἱερεύς, καὶ ἰδοὺ διακέχυται τὸ θραῦσμα ἐν τῷ δέρματι, οὐκ ἐπισκέψεται ὁ ἱερεὺς περὶ τῆς τριχὸς τῆς ξανθῆς, ὅτι ἅκ	non quaeret amplius utrum capillus in flavum colorem sit commutatus quia aperte inmundus est	non quret amplius utrum capillus in flavum colorem sit immutatus, quia aperte immundus est.		Then the priest shall look on him: and, behold, if the scall be spread in the skin, the priest shall not seek for yellow hair; he is unclean.
Lev	13	37	וְאִם־בְּעֵינָיו עָמַד הַנֶּתֶק וְשֵׂעָר שָׁחֹר צָמַח־בּוֹ נִרְפָּא הַנֶּתֶק טָהוֹר הוּא וְטִהֲרוֹ הַכֹּהֵן ׃ ס	ἐὰν δὲ ἐνώπιον μείνῃ τὸ θραῦσμα ἐπὶ χώρας καὶ ἀνατείλῃ ἐν αὐτῷ, ὑγίακεν τὸ θραῦσμα, καθαρόν ἐστιν, καὶ καθαριεῖ αὐτὸν ὁ ἱερεύς.	porro si steterit macula et capilli nigri fuerint noverit hominem esse sanatum et confidenter eum pronuntiet mundum	Porro si steterit macula, et capilli nigri fuerint, noverit hominem sanatum esse, et confidenter eum pronuntiet mundum.		But if the scall be in his sight at a stay, and that there is black hair grown up therein; the scall is healed, he is clean: and the priest shall pronounce him clean.
Lev	13	38	וְאִישׁ אוֹ־אִשָּׁה כִּי־יִהְיֶה בְעוֹר־בְּשָׂרָם בֶּהָרֹת בֶּהָרֹת לְבָנֹת ׃	Καὶ ἀνδρὶ ἢ γυναικὶ ἐὰν γένηται ἐν δέρματι τῆς σαρκὸς αὐτοῦ αὔγασμα, αὐγάζοντα λευκαθίζοντα,	vir et mulier in cuius cute candor apparuerit	Vir, sive mulier, in cujus cute candor apparuerit,		If a man also or a woman have in the skin of their flesh bright spots, even white bright spots;
Lev	13	39	וְרָאָה הַכֹּהֵן וְהִנֵּה בְעוֹר־בְּשָׂרָם בֶּהָרֹת כֵּהוֹת לְבָנֹת בֹּהַק הוּא פָּרַח בָּעוֹר טָהוֹר הוּא ׃ ס	καὶ ὄψεται ὁ ἱερεύς, καὶ ἰδοὺ ἐν δέρματι τῆς σαρκὸς αὐτοῦ αὐγάσματα αὐγάζοντα λευκαθίζοντα, ἀλφός ἐστιν, καθαρός ἐστιν· ἐξανθήσει ἐν τῷ δέρματι τῆς σαρκὸς αὐτοῦ, καθαρός ἐστιν.	intuebitur eos sacerdos si deprehenderit subobscurum alborem lucere in cute sciat non esse lepram sed maculam coloris candidi et hominem mundum	intuebitur eos sacerdos. Si deprehenderit subobscurum alborem lucere in cute, sciat non esse lepram, sed maculam coloris candidi, et hominem mundum.		Then the priest shall look: and, behold, if the bright spots in the skin of their flesh be darkish white; it is a freckled spot that groweth in the skin; he is clean.
Lev	13	40	וְאִישׁ כִּי יִמָּרֵט רֹאשׁוֹ קֵרֵחַ הוּא טָהוֹר הוּא ׃	ἐὰν δέ τινι μαδήσῃ ἡ κεφαλὴ αὐτοῦ, φαλακρός ἐστιν, καθαρός ἐστιν·	vir de cuius capite capilli fluunt calvus ac mundus est	Vir, de cujus capite capilli fluunt, calvus et mundus est:		And the man whose hair is fallen off his head, he is bald; yet is he clean.
Lev	13	41	וְאִם מִפְּאַת פָּנָיו יִמָּרֵט רֹאשׁוֹ גִּבֵּחַ הוּא טָהוֹר הוּא ׃	ἐὰν δὲ κατὰ πρόσωπον μαδήσῃ ἡ κεφαλὴ αὐτοῦ, ἀναφάλαντός ἐστιν, καθαρός ἐστιν.	et si a fronte ceciderint pili recalvaster et mundus est	et si a fronte ceciderint pili, recalvaster et mundus est.		And he that hath his hair fallen off from the part of his head toward his face, he is forehead bald: yet is he clean.
Lev	13	42	וְכִי־יִהְיֶה בַקָּרַחַת אוֹ בַגַּבַּחַת נֶגַע לָבָן אֲדַמְדָּם צָרַעַת פֹּרַחַת הִוא בְּקָרַחְתּוֹ אוֹ בְגַבַּחְתּוֹ ׃	ἐὰν δὲ γένηται ἐν τῷ φαλακρώματι αὐτοῦ ἢ ἐν τῷ ἀναφαλαντώματι αὐτοῦ ὄφη λευκὴ ἢ πυρρίζουσα, λέπρα ἐστὶν ἐν τῷ φαλακρώματι αὐτοῦ ἢ ἐν τῷ ἀναφαλαντώματι αὐτοῦ·	sin autem in calvitio sive in recalvatione albus vel rufus color fuerit exortus	Sin autem in calvitio sive in recalvatione albus vel rufus color fuerit exortus,		And if there be in the bald head, or bald forehead, a white reddish sore; it is a leprosy sprung up in his bald head, or his bald forehead.
Lev	13	43	וְרָאָה אֹתוֹ הַכֹּהֵן וְהִנֵּה שְׂאֵת־הַנֶּגַע לְבָנָה אֲדַמְדֶּמֶת בְּקָרַחְתּוֹ אוֹ בְגַבַּחְתּוֹ כְּמַרְאֵה צָרַעַת עוֹר בָּשָׂר ׃	καὶ ὄψεται αὐτὸν ὁ ἱερεύς, καὶ ἰδοὺ ἡ ὄψις τῆς ἁφῆς λευκὴ πυρρίζουσα ἐν τῷ φαλακρώματι αὐτοῦ ἢ ἐν τῷ ἀναφαλαντώματι αὐτοῦ, ὡς εἶδος λέπρας ἐν δέρματι τῆς σαρκὸς αὐτοῦ, ἄνθρωπος λεπρός ἐστιν·	et hoc sacerdos viderit condemnabit eum haut dubiae leprae quae orta est in calvitio	et hoc sacerdos viderit, condemnabit eum haud dubi lepr, qu orta est in calvitio.		Then the priest shall look upon it: and, behold, if the rising of the sore be white reddish in his bald head, or in his bald forehead, as the leprosy appeareth in the skin of the flesh;
Lev	13	44	אִישׁ־צָרוּעַ הוּא טָמֵא הוּא טַמֵּא יְטַמְּאֶנּוּ הַכֹּהֵן בְּרֹאשׁוֹ נִגְעוֹ ׃	μιάνσει μιανεῖ αὐτὸν ὁ ἱερεύς, ἐν τῇ κεφαλῇ αὐτοῦ ἡ ἁφὴ αὐτοῦ.	quicumque ergo maculatus fuerit lepra et separatus ad arbitrium sacerdotis	Quicumque ergo maculatus fuerit lepra, et separatus est ad arbitrium sacerdotis,		He is a leprous man, he is unclean: the priest shall pronounce him utterly unclean; his plague is in his head.
Lev	13	45	וְהַצָּרוּעַ אֲשֶׁר־בּוֹ הַנֶּגַע בְּגָדָיו יִהְיוּ פְרֻמִים וְרֹאשׁוֹ יִהְיֶה פָרוּעַ וְעַל־שָׂפָם יַעְטֶה וְטָמֵא טָמֵא יִקְרָא ׃	Καὶ ὁ λεπρὸς ἐν ὧ ἐστὶν ἡ ἁφή, τὰ ἱμάτια αὐτοῦ ἔστω παραλελυμένα καὶ ἡ κεφαλὴ αὐτοῦ ἀκάλυπτος καὶ περὶ τὸ στόμα αὐτοῦ περιβαλέσθω, καὶ ἀκάθαρτος κεκλήσεται·	habebit vestimenta dissuta caput nudum os veste contectum contaminatum ac sordidum se clamabit	habebit vestimenta dissuta, caput nudum, os veste contectum, contaminatum ac sordidum se clamabit.		And the leper in whom the plague is, his clothes shall be rent, and his head bare, and he shall put a covering upon his upper lip, and shall cry, Unclean, unclean.
Lev	13	46	כָּל־יְמֵי אֲשֶׁר הַנֶּגַע בּוֹ יִטְמָא טָמֵא הוּא בָּדָד יֵשֵׁב מִחוּץ לַמַּחֲנֶה מוֹשָׁבוֹ ׃ ס	πάσας τὰς ἡμέρας ὅσας ἀν’ ᾖ ἐπ’ αὐτοῦ ἡ ἁφή, ὢν ἀκάθαρτος ἔσται· κεχωρισμένος καθήσεται, ἔξω τῆς αὐτοῦ ἔσται ἡ διατριβή.	omni tempore quo leprosus est et inmundus solus habitabit extra castra	Omni tempore quo leprosus est et immundus, solus habitabit extra castra.		All the days wherein the plague shall be in him he shall be defiled; he is unclean: he shall dwell alone; without the camp shall his habitation be.
Lev	13	47	וְהַבֶּגֶד כִּי־יִהְיֶה בוֹ נֶגַע צָרָעַת בְּבֶגֶד צֶמֶר אוֹ בְּבֶגֶד פִּשְׁתִּים ׃	Καὶ ἱματίῳ ἐὰν γένηται ἐν αὐτῷ ἁφὴ λέπρας, ἐν ἱματίῳ ἐρεῷ ἢ ἐν ἱματίῳ στιππυίνῳ,	vestis lanea sive linea quae lepram habuerit	Vestis lanea sive linea, qu lepram habuerit,		The garment also that the plague of leprosy is in, whether it be a woollen garment, or a linen garment;
Lev	13	48	אוֹ בִשְׁתִי אוֹ בְעֵרֶב לַפִּשְׁתִּים וְלַצָּמֶר אוֹ בְעוֹר אוֹ בְּכָל־מְלֶאכֶת עוֹר ׃	ἢ ἐν στήμονι ἢ ἐν κρόκῃ, ἢ ἐν τοῖς λινοῖς ἢ ἐν τοῖς ἐρεοῖς, ἢ ἐν δέρματι ἢ ἐν παντὶ ἐργασίμῳ δέρματι,	in stamine atque subtemine aut certe pellis vel quicquid ex pelle confectum est	in stamine atque subtegmine, aut certe pellis, vel quidquid ex pelle confectum est,		Whether it be in the warp, or woof; of linen, or of woollen; whether in a skin, or in any thing made of skin;
Lev	13	49	וְהָיָה הַנֶּגַע יְרַקְרַק אוֹ אֲדַמְדָּם בַּבֶּגֶד אוֹ בָעוֹר אוֹ־בַשְּׁתִי אוֹ־בָעֵרֶב אוֹ בְכָל־כְּלִי־עוֹר נֶגַע צָרַעַת הוּא וְהָרְאָה אֶת־הַכֹּהֵן ׃	καὶ γένηται ἡ ἁφὴ χλωρίζουσα ἢ πυρρίζουσα ἐν τῷ δέρματι ἢ ἐν τῷ ἱματίῳ ἢ ἐν τῷ στήμονι ἢ ἐν τῇ κρόκη ἢ ἐν παντὶ σκεύει ἐργασίμῳ δέρματος, ἁφὴ λέπρας ἐστίν, καὶ δείξει τῷ ἱερῖ.	si alba aut rufa macula fuerit infecta lepra reputabitur ostendeturque sacerdoti	si alba vel rufa macula fuerit infecta, lepra reputabitur, ostendeturque sacerdoti:		And if the plague be greenish or reddish in the garment, or in the skin, either in the warp, or in the woof, or in any thing of skin; it is a plague of leprosy, and shall be shewed unto the priest:
Lev	13	50	וְרָאָה הַכֹּהֵן אֶת־הַנָּגַע וְהִסְגִּיר אֶת־הַנֶּגַע שִׁבְעַת יָמִים ׃	καὶ ὄψεται ὁ ἱερεὺς τὴν ἁφήν, κα ἀφοριεῖ ὁ ἱερεὺς τὴν ἁφὴν ἑπτὰ ἡμέρας.	qui consideratam recludet septem diebus	qui consideratam recludet septem diebus:		And the priest shall look upon the plague, and shut up it that hath the plague seven days:
Lev	13	51	וְרָאָה אֶת־הַנֶּגַע בַּיּוֹם הַשְּׁבִיעִי כִּי־פָשָׂה הַנֶּגַע בַּבֶּגֶד אוֹ־בַשְּׁתִי אוֹ־בָעֵרֶב אוֹ בָעוֹר לְכֹל אֲשֶׁר־יֵעָשֶׂה הָעוֹר לִמְלָאכָה צָרַעַת מַמְאֶרֶת הַנֶּגַע טָמֵא הוּא ׃	καὶ ὄψεται ὁ ἱερεὺς τὴν ἁφὴν τῇ ἡμέρᾳ τῇ ἑβδόμῃ· ἐὰν δὲ διαχέηται ἡ ἁφὴ ἐν τῷ ἱματίῳ ἢ ἐν τῷ στήμονι ἢ ἐν τῇ κρόκῃ ἢ ἐν τῷ δέρματι, κατὰ πάντα ὅσα ἂν ποιηθῇ δέρματα ἐν τῇ ἐργασίᾳ, λέπρα ἔμμονός ἐστιν ἡ ἁφή· ἀκάθαρτός ἐστιν.	et die septimo rursus aspiciens si crevisse deprehenderit lepra perseverans est pollutum iudicabit vestimentum et omne in quo fuerit inventa	et die septimo rursus aspiciens, si deprehenderit crevisse, lepra perseverans est: pollutum judicabit vestimentum, et omne in quo fuerit inventa:		And he shall look on the plague on the seventh day: if the plague be spread in the garment, either in the warp, or in the woof, or in a skin, or in any work that is made of skin; the plague is a fretting leprosy; it is unclean.
Lev	13	52	וְשָׂרַף אֶת־הַבֶּגֶד אוֹ אֶת־הַשְּׁתִי אוֹ אֶת־הָעֵרֶב בַּצֶּמֶר אוֹ בַפִּשְׁתִּים אוֹ אֶת־כָּל־כְּלִי הָעוֹר אֲשֶׁר־יִהְיֶה בוֹ הַנָּגַע כִּי־צָרַעַת מַמְאֶרֶת הִוא בָּאֵשׁ תִּשָּׂרֵף ׃	κατακαύσει τὸ ἱμάτιον ἢ τὸν στήμονα ἢ τὴν κρόκην, ἐν τοῖς ἐρεοῖς ἢ ἐν τοῖς λινοῖς ἢ ἐν παντὶ σκεύει δερματίνῳ ἐν ᾧτ’ ἐὰν ᾖ ἐν αὐτῷ ἡ ἁφή· ὅτι λέπρα, ἐν πυρὶ κατακαυθήσεται.	et idcirco conburetur flammis	et idcirco comburetur flammis.		He shall therefore burn that garment, whether warp or woof, in woollen or in linen, or any thing of skin, wherein the plague is: for it is a fretting leprosy; it shall be burnt in the fire.
Lev	13	53	וְאִם יִרְאֶה הַכֹּהֵן וְהִנֵּה לֹא־פָשָׂה הַנֶּגַע בַּבֶּגֶד אוֹ בַשְּׁתִי אוֹ בָעֵרֶב אוֹ בְּכָל־כְּלִי־עוֹר ׃	ἐὰν δὲ ἴδῃ ὁ ἱερεύς, καὶ μὴ διαχέηται ἡ ἁφὴ ἐν τῷ ἱματίῳ ἢ ἐν τῷ στήμονι ἢ ἐν τῇ κρόκῃ ἢ ἐν παντὶ σκεύει δερματίνῳ,	quod si eam viderit non crevisse	Quod si eam viderit non crevisse,		And if the priest shall look, and, behold, the plague be not spread in the garment, either in the warp, or in the woof, or in any thing of skin;
Lev	13	54	וְצִוָּה הַכֹּהֵן וְכִבְּסוּ אֵת אֲשֶׁר־בּוֹ הַנָּגַע וְהִסְגִּירוֹ שִׁבְעַת־יָמִים שֵׁנִית ׃	Καὶ συντάξει ὁ ἱερεύς, καὶ πλυνεῖ ἐφ’ οὗ ἐὰν ᾖ ἐπ’ αὐτοῦ ἡ ἁφή, καὶ ἀφοριεῖ ὁ ἱερεὺς τὴν ἁφὴν ἑπτὰ ἡμέρας τὸ δεύτερον.	praecipiet et lavabunt id in quo lepra est recludetque illud septem diebus aliis	prcipiet, et lavabunt id in quo lepra est, recludetque illud septem diebus aliis.		Then the priest shall command that they wash the thing wherein the plague is, and he shall shut it up seven days more:
Lev	13	55	וְרָאָה הַכֹּהֵן אַחֲרֵי הֻכַּבֵּס אֶת־הַנֶּגַע וְהִנֵּה לֹא־הָפַךְ הַנֶּגַע אֶת־עֵינוֹ וְהַנֶּגַע לֹא־פָשָׂה טָמֵא הוּא בָּאֵשׁ תִּשְׂרְפֶנּוּ פְּחֶתֶת הִוא בְּקָרַחְתּוֹ אוֹ בְגַבַּחְתּוֹ ׃	καὶ ὄψεται ὁ ἱερεύς μετὰ τὸ πλυθῆναι αὐτὸ τὴν ἁφήν, καὶ ἥδε μὴ μετέβαλεν τὴν ὄψιν ἡ ἁφή, καὶ ἡ ἁφὴ οὐ διαχεῖται, ἀκάθαρτόν ἐστιν, ἐν πυρὶ κατακαυθήσεται· ἐστήρισται ἐν τῷ ἱματίῳ ἢ ἐν τῷ στήμονι ἢ ἐν τῇ κρόκῃ.	et cum viderit faciem quidem pristinam non reversam nec tamen crevisse lepram inmundum iudicabit et igne conburet eo quod infusa sit in superficie vestimenti vel per totum lepra	Et cum viderit faciem quidem pristinam non reversam, nec tamen crevisse lepram, immundum judicabit, et igne comburet, eo quod infusa sit in superficie vestimenti, vel per totum, lepra.		And the priest shall look on the plague, after that it is washed: and, behold, if the plague have not changed his colour, and the plague be not spread; it is unclean; thou shalt burn it in the fire; it is fret inward, whether it be bare within or without.
Lev	13	56	וְאִם רָאָה הַכֹּהֵן וְהִנֵּה כֵּהָה הַנֶּגַע אַחֲרֵי הֻכַּבֵּס אֹתוֹ וְקָרַע אֹתוֹ מִן־הַבֶּגֶד אוֹ מִן־הָעוֹר אוֹ מִן־הַשְּׁתִי אוֹ מִן־הָעֵרֶב ׃	κα ἐὰν ἴδη ὁ ἱερεύς, καὶ ᾖ ἀμαυρὰ ἡ ἁφὴ μετὰ τὸ πλυθῆναι αὐτό, ἀπορρήξει αὐτὸ ἀπὸ τοῦ ἱματίου ἢ ἀπὸ τοῦ δέρματος ἢ ἀπὸ τοῦ στήμονος ἢ ἀπὸ τῆς κρόκης.	sin autem obscurior fuerit locus leprae postquam vestis est lota abrumpet eum et a solido dividet	Sin autem obscurior fuerit locus lepr, postquam vestis est lota, abrumpet eum, et a solido dividet.		And if the priest look, and, behold, the plague be somewhat dark after the washing of it; then he shall rend it out of the garment, or out of the skin, or out of the warp, or out of the woof:
Lev	13	57	וְאִם־תֵּרָאֶה עוֹד בַּבֶּגֶד אוֹ־בַשְּׁתִי אוֹ־בָעֵרֶב אוֹ בְכָל־כְּלִי־עוֹר פֹּרַחַת הִוא בָּאֵשׁ תִּשְׂרְפֶנּוּ אֵת אֲשֶׁר־בּוֹ הַנָּגַע ׃	ἐὰν δὲ ὀφθῇ ἔτι ἐν τῷ ἱματίῳ ἢ ἐν τῷ στήμονι ἢ ἐν τῆ κρόκῃ ἢ ἐν παντὶ σκεύει δερματίνῳ, λέπρα ἐξανθοῦσά ἐστιν· ἐν πυρὶ κατακαυθήσεται ἐν ᾧ ἐστὶν ἡ ἁφή.	quod si ultra apparuerit in his locis quae prius inmaculata erant lepra volatilis et vaga debet igne conburi	Quod si ultra apparuerit in his locis, qu prius immaculata erant, lepra volatilis et vaga, debet igne comburi.		And if it appear still in the garment, either in the warp, or in the woof, or in any thing of skin; it is a spreading plague: thou shalt burn that wherein the plague is with fire.
Lev	13	58	וְהַבֶּגֶד אוֹ־הַשְּׁתִי אוֹ־הָעֵרֶב אוֹ־כָל־כְּלִי הָעוֹר אֲשֶׁר תְּכַבֵּס וְסָר מֵהֶם הַנָּגַע וְכֻבַּס שֵׁנִית וְטָהֵר ׃	καὶ τὸ ἱμάτιον ἢ ὁ στήμων ἢ ἡ κρόκη ἢ πᾶν σκεῦος δερμάτινον ὃ πλυθήσεται καὶ ἀποστήσεται ἀπ’ αὐτοῦ ἡ ἁφή, καὶ πλυθήσεται τὸ δεύτερον· καθαρὸν ἔσται.	si cessaverit lavabit ea quae pura sunt secundo et munda erunt	Si cessaverit, lavabit aqua ea, qu pura sunt, secundo, et munda erunt.		And the garment, either warp, or woof, or whatsoever thing of skin it be, which thou shalt wash, if the plague be departed from them, then it shall be washed the second time, and shall be clean.
Lev	13	59	זֹאת תּוֹרַת נֶגַע־צָרַעַת בֶּגֶד הַצֶּמֶר אוֹ הַפִּשְׁתִּים אוֹ הַשְּׁתִי אוֹ הָעֵרֶב אוֹ כָּל־כְּלִי־עוֹר לְטַהֲרוֹ אוֹ לְטַמְּאוֹ ׃ פ	οὗτος ὁ νόμος ἁφῆς λέπρας ἱματίου ἐρεοῦ ἢ στιππυίνου ἢ στήμονος ἢ κρόκης ἢ παντὸς σκεύους δερματίνου, εἰς τὸ καθαρίσαι αὐτὸ ἢ μιᾶναι αὐτό.	ista est lex leprae vestimenti lanei et linei staminis atque subteminis omnisque supellectilis pelliciae quomodo mundari debeat vel contaminari	Ista est lex lepr vestimenti lanei et linei, staminis, atque subtegminis, omnisque supellectilis pellice, quomodo mundari debeat, vel contaminari.		This is the law of the plague of leprosy in a garment of woollen or linen, either in the warp, or woof, or any thing of skins, to pronounce it clean, or to pronounce it unclean.
Lev	14	1	וַיְדַבֵּר יְהוָה אֶל־מֹשֶׁה לֵּאמֹר ׃	Καὶ ἐλάλησεν κύριος πρὸς Μωυσῆν λέγων	locutusque est Dominus ad Mosen dicens	Locutusque est Dominus ad Moysen, dicens:		And the Lord spake unto Moses, saying,
Lev	14	2	זֹאת תִּהְיֶה תּוֹרַת הַמְּצֹרָע בְּיוֹם טָהֳרָתוֹ וְהוּבָא אֶל־הַכֹּהֵן ׃	Οὗτος ὁ νόμος τοῦ λεπροῦ· ᾗ ἀν’ ἡμέρᾳ καθαρισθῇ, καὶ προσαχθήσεται πρὸς τὸν ἱερέα·	hic est ritus leprosi quando mundandus est adducetur ad sacerdotem	Hic est ritus leprosi, quando mundandus est. Adducetur ad sacerdotem:		This shall be the law of the leper in the day of his cleansing: He shall be brought unto the priest:
Lev	14	3	וְיָצָא הַכֹּהֵן אֶל־מִחוּץ לַמַּחֲנֶה וְרָאָה הַכֹּהֵן וְהִנֵּה נִרְפָּא נֶגַע־הַצָּרַעַת מִן־הַצָּרוּעַ ׃	καὶ ἐξελεύσεται ὁ ἱερεὺς ἔξω τῆς παρεμβολῆς, καὶ ὄψεται ὁ ἱερεύς, καὶ ἰδοὺ ἰᾶται ἡ ἁφὴ τῆς λέπρας ἀπὸ τοῦ λεπροῦ.	qui egressus e castris cum invenerit lepram esse mundatam	qui egressus de castris, cum invenerit lepram esse mundatam,		And the priest shall go forth out of the camp; and the priest shall look, and, behold, if the plague of leprosy be healed in the leper;
Lev	14	4	וְצִוָּה הַכֹּהֵן וְלָקַח לַמִּטַּהֵר שְׁתֵּי־צִפֳּרִים חַיּוֹת טְהֹרוֹת וְעֵץ אֶרֶז וּשְׁנִי תוֹלַעַת וְאֵזֹב ׃	καὶ προστάξει ὁ ἱερεύς, καὶ λήμψονται τῷ κεκαθαρισμένῳ δύο ὀρνίθια ζῶντα καθαρά, καὶ ξύλον κέδρινον καὶ κεκλωσμένον κόκκινον καὶ ὕσσωπον·	praecipiet ei qui purificatur ut offerat pro se duos passeres vivos quos vesci licitum est et lignum cedrinum vermiculumque et hysopum	prcipiet ei, qui purificatur, ut offerat duos passeres vivos pro se, quibus vesci licitum est, et lignum cedrinum, vermiculumque et hyssopum.		Then shall the priest command to take for him that is to be cleansed two birds alive and clean, and cedar wood, and scarlet, and hyssop:
Lev	14	5	וְצִוָּה הַכֹּהֵן וְשָׁחַט אֶת־הַצִּפּוֹר הָאֶחָת אֶל־כְּלִי־חֶרֶשׂ עַל־מַיִם חַיִּים ׃	καὶ προστάξει ὁ ἱερεὺς καὶ σφάξουσιν τὸ ὀρνίθιον τὸ ἓν εἰς ἄγγιον ὀστράκινον ἐφ’ ὕδατι ζῶντι·	et unum e passeribus immolari iubebit in vase fictili super aquas viventes	Et unum ex passeribus immolari jubebit in vase fictili super aquas viventes:		And the priest shall command that one of the birds be killed in an earthen vessel over running water:
Lev	14	6	אֶת־הַצִּפֹּר הַחַיָּה יִקַּח אֹתָהּ וְאֶת־עֵץ הָאֶרֶז וְאֶת־שְׁנִי הַתּוֹלַעַת וְאֶת־הָאֵזֹב וְטָבַל אוֹתָם וְאֵת הַצִּפֹּר הַחַיָּה בְּדַם הַצִּפֹּר הַשְּׁחֻטָה עַל הַמַּיִם הַחַיִּים ׃	καὶ τὸ ὀρνίθιον τὸ ζῶν, λήμψεται αὐτὸ καὶ τὸ ξύλον τὸ κέδρινον καὶ τὸ κλωστὸν κόκκινον καὶ τὸν ὕσσωπον, καὶ βάψει αὐτὰ καὶ τὸ ὀρνίθιον τὸ ζῶν εἰς τὸ αἷμα τοῦ ὀρνιθίου τοῦ σφαγέντος ἐφ’ ὕδατι ζῶντι·	alium autem vivum cum ligno cedrino et cocco et hysopo tinguet in sanguine passeris immolati	alium autem vivum cum ligno cedrino, et cocco et hyssopo, tinget in sanguine passeris immolati,		As for the living bird, he shall take it, and the cedar wood, and the scarlet, and the hyssop, and shall dip them and the living bird in the blood of the bird that was killed over the running water:
Lev	14	7	וְהִזָּה עַל הַמִּטַּהֵר מִן־הַצָּרַעַת שֶׁבַע פְּעָמִים וְטִהֲרוֹ וְשִׁלַּח אֶת־הַצִּפֹּר הַחַיָּה עַל־פְּנֵי הַשָּׂדֶה ׃	καὶ περιρανεῖ ἐπὶ τὸν καθαρισθέντα ἀπὸ τῆς λέπρας ἑπτάκις, καὶ καθαρὸς ἔσται· καὶ ἐξαποστελεῖ τὸ ὀρνίθιον τὸ ζῶν εἰς τὸ πεδίον.	quo asperget illum qui mundandus est septies ut iure purgetur et dimittet passerem vivum ut in agrum avolet	quo asperget illum, qui mundandus est, septies, ut jure purgetur: et dimittet passerem vivum, ut in agrum avolet.		And he shall sprinkle upon him that is to be cleansed from the leprosy seven times, and shall pronounce him clean, and shall let the living bird loose into the open field.
Lev	14	8	וְכִבֶּס הַמִּטַּהֵר אֶת־בְּגָדָיו וְגִלַּח אֶת־כָּל־שְׂעָרוֹ וְרָחַץ בַּמַּיִם וְטָהֵר וְאַחַר יָבוֹא אֶל־הַמַּחֲנֶה וְיָשַׁב מִחוּץ לְאָהֳלוֹ שִׁבְעַת יָמִים ׃	καὶ πλυνεῖ ὁ καθαρισθεὶς τὰ ἱμάτια αὐτοῦ, καὶ ξυρηθήσεται αὐτοῦ πᾶσαν τὴν τρίχα, καὶ λούσεται ἐν ὕδατι, καὶ καθαρὸς ἔσται· καὶ μετὰ ταῦτα εἰσελεύεἰς τὴν παρεμβολήν, καὶ διατρίψει ἔξω τοῦ οἴκου αὐτοῦ ἑπτὰ ἡμέρας·	cumque laverit homo vestimenta sua radet omnes pilos corporis et lavabitur aqua purificatusque ingredietur castra ita dumtaxat ut maneat extra tabernaculum suum septem diebus	Cumque laverit homo vestimenta sua, radet omnes pilos corporis, et lavabitur aqua: purificatusque ingredietur castra, ita dumtaxat ut maneat extra tabernaculum suum septem diebus,		And he that is to be cleansed shall wash his clothes, and shave off all his hair, and wash himself in water, that he may be clean: and after that he shall come into the camp, and shall tarry abroad out of his tent seven days.
Lev	14	9	וְהָיָה בַיּוֹם הַשְּׁבִיעִי יְגַלַּח אֶת־כָּל־שְׂעָרוֹ אֶת־רֹאשׁוֹ וְאֶת־זְקָנוֹ וְאֵת גַּבֹּת עֵינָיו וְאֶת־כָּל־שְׂעָרוֹ יְגַלֵּחַ וְכִבֶּס אֶת־בְּגָדָיו וְרָחַץ אֶת־בְּשָׂרוֹ בַּמַּיִם וְטָהֵר ׃	καὶ ἔσται τῇ ἡμέρᾳ τῇ ἑβδόμῃ ξυρηθήσεται πᾶσαν τῆ αὐτοῦ, τὴν κεφαλὴν αὐτοῦ καὶ τόν πώγωνα καὶ τὰς ὀφρύας καὶ πᾶσαν τὴν τρίχα αὐτοῦ ξυρηθήσεται· καὶ πλυνεῖ τὰ ἱμάτια κα λούσεται τὸ σῶμα αὐτοῦ ὕδατι, καὶ καθαρὸς ἔσται.	et die septimo radat capillos capitis barbamque et supercilia ac totius corporis pilos et lotis rursum vestibus et corpore	et die septimo radet capillos capitis, barbamque et supercilia, ac totius corporis pilos. Et lotis rursum vestibus et corpore,		But it shall be on the seventh day, that he shall shave all his hair off his head and his beard and his eyebrows, even all his hair he shall shave off: and he shall wash his clothes, also he shall wash his flesh in water, and he shall be clean.
Lev	14	10	וּבַיּוֹם הַשְּׁמִינִי יִקַּח שְׁנֵי־כְבָשִׂים תְּמִימִים וְכַבְשָׂה אַחַת בַּת־שְׁנָתָהּ תְּמִימָה וּשְׁלֹשָׁה עֶשְׂרֹנִים סֹלֶת מִנְחָה בְּלוּלָה בַשֶּׁמֶן וְלֹג אֶחָד שָׁמֶן ׃	καὶ τῇ ἡμέρᾳ τῇ ὀγδόη λήμψεται δύο ἀμνοὺς ἐνιαυσίους ἀμώμους, καὶ πρόβατον ἐνιαύσιον ἄμωμον, καὶ τρία δέκατα σεμιδάλεως εἰς θυσίαν πεφυραμένης ἐν ἐλαίῳ, καὶ κοτύλην ἐλαίου μίαν·	die octavo adsumet duos agnos inmaculatos et ovem anniculam absque macula et tres decimas similae in sacrificium quae conspersa sit oleo et seorsum olei sextarium	die octavo assumet duos agnos immaculatos, et ovem anniculam absque macula, et tres decimas simil in sacrificium, qu conspersa sit oleo, et seorsum olei sextarium.		And on the eighth day he shall take two he lambs without blemish, and one ewe lamb of the first year without blemish, and three tenth deals of fine flour for a meat offering, mingled with oil, and one log of oil.
Lev	14	11	וְהֶעֱמִיד הַכֹּהֵן הַמְטַהֵר אֵת הָאִישׁ הַמִּטַּהֵר וְאֹתָם לִפְנֵי יְהוָה פֶּתַח אֹהֶל מוֹעֵד ׃	καὶ στήσει ὁ ἱερεὺς ὁ καθαρίζων τὸν ἄνθρωπον τὸν καθαριζόμενον κα ταῦτα ἔναντι κυρίου, ἐπὶ τὴν θύραν τῆς σκηνῆς τοῦ μαρτυρίου.	cumque sacerdos purificans hominem statuerit eum et haec omnia coram Domino in ostio tabernaculi testimonii	Cumque sacerdos purificans hominem, statuerit eum, et hc omnia coram Domino in ostio tabernaculi testimonii,		And the priest that maketh him clean shall present the man that is to be made clean, and those things, before the Lord, at the door of the tabernacle of the congregation:
Lev	14	12	וְלָקַח הַכֹּהֵן אֶת־הַכֶּבֶשׂ הָאֶחָד וְהִקְרִיב אֹתוֹ לְאָשָׁם וְאֶת־לֹג הַשָּׁמֶן וְהֵנִיף אֹתָם תְּנוּפָה לִפְנֵי יְהוָה ׃	καὶ Λήμψεται ὁ ἱερεὺς τὸν ἀμνὸν τὸν ἕνα, καὶ προσάξει αὐτὸν τῆς καὶ τὴν κοτύλην τοῦ ἐλαίου, καὶ ἀφοριεῖ αὐτὸ ἀφόρισμα ἔναντι Κύρου.	tollet agnum et offeret eum pro delicto oleique sextarium et oblatis ante Dominum omnibus	tollet agnum et offeret eum pro delicto, oleique sextarium: et oblatis ante Dominum omnibus,		And the priest shall take one he lamb, and offer him for a trespass offering, and the log of oil, and wave them for a wave offering before the Lord:
Lev	14	13	וְשָׁחַט אֶת־הַכֶּבֶשׂ בִּמְקוֹם אֲשֶׁר יִשְׁחַט אֶת־הַחַטָּאת וְאֶת־הָעֹלָה בִּמְקוֹם הַקֹּדֶשׁ כִּי כַּחַטָּאת הָאָשָׁם הוּא לַכֹּהֵן קֹדֶשׁ קָדָשִׁים הוּא ׃	καὶ σφάξουσιν τὸν ἀμνὸν ἐν τόπῳ οὗ σφάζουσιν τὰ ὁλοκαυτώματα καὶ τὰ περὶ ἁμαρτίας, ἐν τόπῳ ἁγίῳ· ἔστιν γὰρ τὸ περὶ ἁμαρτίας ὥσπερ τὸ τῆς πλημμελίας, ἔστιν τῷ ἱερεῖ· ἅγια ἁγίων ἐστίν.	immolabit agnum ubi immolari solet hostia pro peccato et holocaustum id est in loco sancto sicut enim pro peccato ita et pro delicto ad sacerdotem pertinet hostia sancta sanctorum est	immolabit agnum, ubi solet immolari hostia pro peccato, et holocaustum, id est, in loco sancto. Sicut enim pro peccato, ita et pro delicto ad sacerdotem pertinet hostia: Sancta sanctorum est.		And he shall slay the lamb in the place where he shall kill the sin offering and the burnt offering, in the holy place: for as the sin offering is the priest's, so is the trespass offering: it is most holy:
Lev	14	14	וְלָקַח הַכֹּהֵן מִדַּם הָאָשָׁם וְנָתַן הַכֹּהֵן עַל־תְּנוּךְ אֹזֶן הַמִּטַּהֵר הַיְמָנִית וְעַל־בֹּהֶן יָדוֹ הַיְמָנִית וְעַל־בֹּהֶן רַגְלוֹ הַיְמָנִית ׃	καὶ λήμψεται ὁ ἱερεὺς ἀπὸ τοῦ αἵματος τοῦ τῆς πλημμελίας, καὶ ἑ ὁ ἱερεὺς ἐπὶ τὸν λοβὸν τοῦ ὠτὸς τοῦ καθαριζομένου τοῦ δεξι’ ἐπὶ τὸ ἄκρον τῆς χειρὸς τῆς δεξιᾶς καὶ ἐπὶ τὸ ἄκρον τοῦ ποδὸς τοῦ δεξιοῦ.	adsumensque sacerdos de sanguine hostiae quae immolata est pro delicto ponet super extremum auriculae dextrae eius qui mundatur et super pollices manus dextrae et pedis	Assumensque sacerdos de sanguine hosti, qu immolata est pro delicto, ponet super extremum auricul dextr ejus qui mundatur, et super pollices manus dextr et pedis:		And the priest shall take some of the blood of the trespass offering, and the priest shall put it upon the tip of the right ear of him that is to be cleansed, and upon the thumb of his right hand, and upon the great toe of his right foot:
Lev	14	15	וְלָקַח הַכֹּהֵן מִלֹּג הַשָּׁמֶן וְיָצַק עַל־כַּף הַכֹּהֵן הַשְּׂמָאלִית ׃	καὶ λαβὼν ὁ ἱερεὺς ἀπὸ τῆς κοτύλης τοῦ ἐλαίου ἐπιχεεῖ ἐπὶ τὴν χεῖρα τοῦ ἱερέως τὴν ἀριστεράν,	et de olei sextario mittet in manum suam sinistram	et de olei sextario mittet in manum suam sinistram,		And the priest shall take some of the log of oil, and pour it into the palm of his own left hand:
Lev	14	16	וְטָבַל הַכֹּהֵן אֶת־אֶצְבָּעוֹ הַיְמָנִית מִן־הַשֶּׁמֶן אֲשֶׁר עַל־כַּפּוֹ הַשְּׂמָאלִית וְהִזָּה מִן־הַשֶּׁמֶן בְּאֶצְבָּעוֹ שֶׁבַע פְּעָמִים לִפְנֵי יְהוָה ׃	καὶ βάψει τὸν δάκτυλον τὸν δεξιὸν ἀπὸ τοῦ ἐλαίου τοῦ ὄντος ἐπὶ τῆς χειρὸς τῆς ἀριστερᾶς, καὶ ῥανεῖ ἑπτάκις τῷ δακτύλῳ ἔναντι κυρίου.	tinguetque digitum dextrum in eo et asperget septies contra Dominum	tingetque digitum dextrum in eo, et asperget coram Domino septies.		And the priest shall dip his right finger in the oil that is in his left hand, and shall sprinkle of the oil with his finger seven times before the Lord:
Lev	14	17	וּמִיֶּתֶר הַשֶּׁמֶן אֲשֶׁר עַל־כַּפּוֹ יִתֵּן הַכֹּהֵן עַל־תְּנוּךְ אֹזֶן הַמִּטַּהֵר הַיְמָנִית וְעַל־בֹּהֶן יָדוֹ הַיְמָנִית וְעַל־בֹּהֶן רַגְלוֹ הַיְמָנִית עַל דַּם הָאָשָׁם ׃	τὸ δὲ καταλειφθὲν ἔλαιον τὸ ὂν ἐν τῇ χειρὶ ἐπιθήσει ὁ ἱερεὺς ἐπὶ τὸν λοβὸν τοῦ ὠτὸς τοῦ καθαριζομένου τοῦ δεξιοῦ καὶ ἐπὶ τὸ ἄκρον τῆς χειρὸς τῆς δεξιᾶς καὶ ἐπὶ τὸ ἄκρον τοῦ ποδὸς τοῦ δεξιοῦ, ἐπὶ τὸν τόπον τοῦ αἵματος τοῦ τῆς πλημμελίας·	quod autem reliquum est olei in leva manu fundet super extremum auriculae dextrae eius qui mundatur et super pollices manus ac pedis dextri et super sanguinem qui fusus est pro delicto	Quod autem reliquum est olei in lva manu, fundet super extremum auricul dextr ejus qui mundatur, et super pollices manus ac pedis dextri, et super sanguinem qui effusus est pro delicto,		And of the rest of the oil that is in his hand shall the priest put upon the tip of the right ear of him that is to be cleansed, and upon the thumb of his right hand, and upon the great toe of his right foot, upon the blood of the trespass offering:
Lev	14	18	וְהַנּוֹתָר בַּשֶּׁמֶן אֲשֶׁר עַל־כַּף הַכֹּהֵן יִתֵּן עַל־רֹאשׁ הַמִּטַּהֵר וְכִפֶּר עָלָיו הַכֹּהֵן לִפְנֵי יְהוָה ׃	τὸ δὲ καταλειφθὲν ἔλαιον τὸ ἐπὶ τῆς χειρὸς ἱερέως ἐπιθήσει ὁ ἱερεὺς ἐπὶ τὴν κεφαλὴν τοῦ καθαρισθέντος, ἐξιλάσεται περὶ αὐτοῦ ὁ ἱερεὺς ἔναντι κυρίου.	et super caput eius	et super caput ejus.		And the remnant of the oil that is in the priest's hand he shall pour upon the head of him that is to be cleansed: and the priest shall make an atonement for him before the Lord.
Lev	14	19	וְעָשָׂה הַכֹּהֵן אֶת־הַחַטָּאת וְכִפֶּר עַל־הַמִּטַּהֵר מִטֻּמְאָתוֹ וְאַחַר יִשְׁחַט אֶת־הָעֹלָה ׃	καὶ ποήσει ὁ ἱερεὺς τὸ περὶ τῆς ἁμαρτίας, καὶ ἐξιλάσεται περὶ αὐτοῦ ὁ ἱερεὺς τοῦ ἀκαθάρτου τοῦ καθαριζομένου ἀπὸ τῆς ἁμαρτίας αὐτοῦ· καὶ μετὰ τοῦτο σφάξει ὁ ἱερεὺς τὸ ὁλοκαύτωμα.	rogabitque pro eo coram Domino et faciet sacrificium pro peccato tunc immolabit holocaustum	Rogabitque pro eo coram Domino, et faciet sacrificium pro peccato: tunc immolabit holocaustum,		And the priest shall offer the sin offering, and make an atonement for him that is to be cleansed from his uncleanness; and afterward he shall kill the burnt offering:
Lev	14	20	וְהֶעֱלָה הַכֹּהֵן אֶת־הָעֹלָה וְאֶת־הַמִּנְחָה הַמִּזְבֵּחָה וְכִפֶּר עָלָיו הַכֹּהֵן וְטָהֵר ׃ ס	καὶ ἀνοίσει ὁ ἱερεὺς τὸ ὁλοιοι του καὶ καύτωμα καὶ τὴν θυσίαν ἐπὶ τὸ θυσιαστήριον ἀπέναντι Κυρίου· καὶ ἐξιλάσεται περὶ αὐτοῦ ὁ ἱερεύς, καὶ καθαρισθήσεται.	et ponet illud in altari cum libamentis suis et homo rite mundabitur	et ponet illud in altari cum libamentis suis, et homo rite mundabitur.		And the priest shall offer the burnt offering and the meat offering upon the altar: and the priest shall make an atonement for him, and he shall be clean.
Lev	14	21	וְאִם־דַּל הוּא וְאֵין יָדוֹ מַשֶּׂגֶת וְלָקַח כֶּבֶשׂ אֶחָד אָשָׁם לִתְנוּפָה לְכַפֵּר עָלָיו וְעִשָּׂרוֹן סֹלֶת אֶחָד בָּלוּל בַּשֶּׁמֶן לְמִנְחָה וְלֹג שָׁמֶן ׃	Ἐὰν δὲ πένηται ἡ χεὶρ αὐτοῦ καὶ μὴ εὑρίσκῃ, λήμψεται ἀμνὸν ἕνα εἰς ὃ ἐπλημμέλησεν εἰς ἀφαίρεμα ὥστε ἐξιλάσασθαι περὶ αὐτοῦ, καὶ δέκατον σεμιδάλεως πεφυραμένης ἐν ἐλαίῳ εἰς θυσίαν, καὶ κοτύλην ἐλαίου μίαν,	quod si pauper est et non potest manus eius invenire quae dicta sunt adsumet agnum pro delicto ad oblationem ut roget pro eo sacerdos decimamque partem similae conspersae oleo in sacrificium et olei sextarium	Quod si pauper est, et non potest manus ejus invenire qu dicta sunt pro delicto, assumet agnum ad oblationem, ut roget pro eo sacerdos, decimamque partem simil conspers oleo in sacrificium, et olei sextarium,		And if he be poor, and cannot get so much; then he shall take one lamb for a trespass offering to be waved, to make an atonement for him, and one tenth deal of fine flour mingled with oil for a meat offering, and a log of oil;
Lev	14	22	וּשְׁתֵּי תֹרִים אוֹ שְׁנֵי בְּנֵי יוֹנָה אֲשֶׁר תַּשִּׂיג יָדוֹ וְהָיָה אֶחָד חַטָּאת וְהָאֶחָד עֹלָה ׃	καὶ δύο τρυγόνας ἢ δύο νοσσοὺς περιστερῶν, ὅσα εὗρεν ἡ χεὶρ αὐτοῦ, καὶ ἔσται ἡ μία περὶ ἁμαρτίας καὶ ἡ μία εἰς ὁλοκαύτωμα·	duosque turtures sive duos pullos columbae quorum sit unus pro peccato et alter in holocaustum	duosque turtures sive duos pullos columb, quorum unus sit pro peccato, et alter in holocaustum:		And two turtledoves, or two young pigeons, such as he is able to get; and the one shall be a sin offering, and the other a burnt offering.
Lev	14	23	וְהֵבִיא אֹתָם בַּיּוֹם הַשְּׁמִינִי לְטָהֳרָתוֹ אֶל־הַכֹּהֵן אֶל־פֶּתַח אֹהֶל־מוֹעֵד לִפְנֵי יְהוָה ׃	καὶ προσοίσει αὐτὰ τῇ ἡμέρᾳ τῇ ὀγδόῃ εἰς τὸ καθαρίσαι αὐτὸν πρὸς τὸν ἱερέα, ἐπὶ τὴν θύραν τῆς σκηνῆς τοῦ μαρτυρίου, ἔναντι κυρίου.	offeretque ea die octavo purificationis suae sacerdoti ad ostium tabernaculi testimonii coram Domino	offeretque ea die octavo purificationis su sacerdoti, ad ostium tabernaculi testimonii coram Domino.		And he shall bring them on the eighth day for his cleansing unto the priest, unto the door of the tabernacle of the congregation, before the Lord.
Lev	14	24	וְלָקַח הַכֹּהֵן אֶת־כֶּבֶשׂ הָאָשָׁם וְאֶת־לֹג הַשָּׁמֶן וְהֵנִיף אֹתָם הַכֹּהֵן תְּנוּפָה לִפְנֵי יְהוָה ׃	καὶ λαβὼν ὁ ἱερεὺς τὸν ἀμνὸν τῆς πλημμελίας καὶ τὴν κοτύλην τοῦ ἐλαίου ἐπιθήσει αὐτὰ ἐπίθεμα ἔναντι Τυρίου.	qui suscipiens agnum pro delicto et sextarium olei levabit simul	Qui suscipiens agnum pro delicto et sextarium olei, levabit simul:		And the priest shall take the lamb of the trespass offering, and the log of oil, and the priest shall wave them for a wave offering before the Lord:
Lev	14	25	וְשָׁחַט אֶת־כֶּבֶשׂ הָאָשָׁם וְלָקַח הַכֹּהֵן מִדַּם הָאָשָׁם וְנָתַן עַל־תְּנוּךְ אֹזֶן־הַמִּטַּהֵר הַיְמָנִית וְעַל־בֹּהֶן יָדוֹ הַיְמָנִית וְעַל־בֹּהֶן רַגְלוֹ הַיְמָנִית ׃	καὶ σφάξει τὸν ἀμνὸν τῆς πλημμελίας, καὶ λήμψεται ὁ ἱερεὺς ἀπὸ τοῦ αἵματος τοῦ τῆς πλημμελίας, καὶ ἐπιθήσει ἐπὶ τὸν λοβὸν τοῦ ὠτὸς τοῦ δεξιοῦ τοῦ καθαριζομένου καὶ ἐπὶ τὸ ἄκρον τῆς χειρὸς τῆς δεξιᾶς καὶ ἐπὶ τὸ ἄκρον τοῦ ποδὸς τοῦ δεξιοῦ.	immolatoque agno de sanguine eius ponet super extremum auriculae dextrae illius qui mundatur et super pollices manus eius ac pedis dextri	immolatoque agno, de sanguine ejus ponet super extremum auricul dextr illius qui mundatur, et super pollices manus ejus ac pedis dextri:		And he shall kill the lamb of the trespass offering, and the priest shall take some of the blood of the trespass offering, and put it upon the tip of the right ear of him that is to be cleansed, and upon the thumb of his right hand, and upon the great toe of his right foot:
Lev	14	26	וּמִן־הַשֶּׁמֶן יִצֹק הַכֹּהֵן עַל־כַּף הַכֹּהֵן הַשְּׂמָאלִית ׃	καὶ ἀπὸ τοῦ ἐλαίου ἐπιχεεῖ ὁ ἱερεὺς ἐπὶ τὴν χεῖρα τοῦ ἱερέως τὴν ἀριστεράν·	olei vero partem mittet in manum suam sinistram	olei vero partem mittet in manum suam sinistram,		And the priest shall pour of the oil into the palm of his own left hand:
Lev	14	27	וְהִזָּה הַכֹּהֵן בְּאֶצְבָּעוֹ הַיְמָנִית מִן־הַשֶּׁמֶן אֲשֶׁר עַל־כַּפּוֹ הַשְּׂמָאלִית שֶׁבַע פְּעָמִים לִפְנֵי יְהוָה ׃	καὶ ῥανεῖ ὁ ἱερεὺς τῷ δακτύλῳ τῷ δεξιῷ ἀπὸ τοῦ ἐλαίου τοῦ ἐν τῆ χειρὶ αὐτοῦ τῇ ἀριστερᾷ ἑπτάκις ἔναντι κυρίου·	in quo tinguens digitum dextrae manus asperget septies contra Dominum	in quo tingens digitum dextr manus asperget septies coram Domino:		And the priest shall sprinkle with his right finger some of the oil that is in his left hand seven times before the Lord:
Lev	14	28	וְנָתַן הַכֹּהֵן מִן־הַשֶּׁמֶן אֲשֶׁר עַל־כַּפּוֹ עַל־תְּנוּךְ אֹזֶן הַמִּטַּהֵר הַיְמָנִית וְעַל־בֹּהֶן יָדוֹ הַיְמָנִית וְעַל־בֹּהֶן רַגְלוֹ הַיְמָנִית עַל־מְקוֹם דַּם הָאָשָׁם ׃	καὶ ἐπιθήσει ὁ ἱερεὺς ἀπὸ τοῦ ἐλαίου τοῦ ἐπὶ τῆς χειρὸς αὐτοῦ ἐπὶ τὸν λοβὸν τοῦ ὠτὸς τοῦ καθαριζομένου τοῦ δεξιοῦ καὶ ἐπὶ τὸ ἄκρον τῆς χειρὸς αὐτοῦ τῆς δεξιᾶς καὶ ἐπὶ τὸ ἄκρον τοῦ ποδὸς αὐτοῦ τοῦ δεξιοῦ, ἐπὶ τὸν τόπον τοῦ αἵματος τοῦ τῆς πλημμελίας·	tangetque extremum dextrae auriculae illius qui mundatur et pollices manus ac pedis dextri in loco sanguinis qui effusus est pro delicto	tangetque extremum dextr auricul illius qui mundatur, et pollices manus ac pedis dextri, in loco sanguinis qui effusus est pro delicto:		And the priest shall put of the oil that is in his hand upon the tip of the right ear of him that is to be cleansed, and upon the thumb of his right hand, and upon the great toe of his right foot, upon the place of the blood of the trespass offering:
Lev	14	29	וְהַנּוֹתָר מִן־הַשֶּׁמֶן אֲשֶׁר עַל־כַּף הַכֹּהֵן יִתֵּן עַל־רֹאשׁ הַמִּטַּהֵר לְכַפֵּר עָלָיו לִפְנֵי יְהוָה ׃	τὸ δὲ καταλειφθὲν ἀπὸ τοῦ ἐλαίου τὸ ὂν ἐπὶ τῆς χειρὸς τοῦ ἱερέως ἐπιθήσει ἐπὶ τὴν κεφαλὴν τοῦ καθαρισθέντος, καὶ ἐξιλάσεται περὶ αὐτοῦ ὁ ἱερεὺς ἔναντι κυρίου.	reliquam autem partem olei quae est in sinistra manu mittet super caput purificati ut placet pro eo Dominum	reliquam autem partem olei, qu est in sinistra manu, mittet super caput purificati, ut placet pro eo Dominum:		And the rest of the oil that is in the priest's hand he shall put upon the head of him that is to be cleansed, to make an atonement for him before the Lord.
Lev	14	30	וְעָשָׂה אֶת־הָאֶחָד מִן־הַתֹּרִים אוֹ מִן־בְּנֵי הַיּוֹנָה מֵאֲשֶׁר תַּשִּׂיג יָדוֹ ׃	καὶ ποιήσει μίαν τῶν τρυγόνων ἢ ἀπὸ τῶν νοσσῶν τῶν περιστερῶν, καθότι εὗρεν αὐτοῦ ἡ χείρ,	et turturem sive pullum columbae offeret	et turturem sive pullum columb offeret,		And he shall offer the one of the turtledoves, or of the young pigeons, such as he can get;
Lev	14	31	אֵת אֲשֶׁר־תַּשִּׂיג יָדוֹ אֶת־הָאֶחָד חַטָּאת וְאֶת־הָאֶחָד עֹלָה עַל־הַמִּנְחָה וְכִפֶּר הַכֹּהֵן עַל הַמִּטַּהֵר לִפְנֵי יְהוָה ׃	τὴν μίαν περὶ ἁμαρτίας καὶ τὴν μίαν εἰς ὁλοκαύτωμα σὺν τῇ θυσίᾳ· καὶ ἐξιλάσεται ὁ ἱερεὺς περὶ τοῦ καθαριζομένου ἔναντι κυρίου.	unum pro delicto et alterum in holocaustum cum libamentis suis	unum pro delicto, et alterum in holocaustum cum libamentis suis.		Even such as he is able to get, the one for a sin offering, and the other for a burnt offering, with the meat offering: and the priest shall make an atonement for him that is to be cleansed before the Lord.
Lev	14	32	זֹאת תּוֹרַת אֲשֶׁר־בּוֹ נֶגַע צָרָעַת אֲשֶׁר לֹא־תַשִּׂיג יָדוֹ בְּטָהֳרָתוֹ ׃ פ	οὗτος ὁ νόμος ἐν ᾧ ἐστὶν ἡ ἁφὴ τῆς λέπρας καὶ τοῦ μὴ εὑρίσκοντος τῇ χειρὶ εἰς τὸν καθαρισμὸν αὐτοῦ.	hoc est sacrificium leprosi qui habere non potest omnia in emundationem sui	Hoc est sacrificium leprosi, qui habere non potest omnia in emundationem sui.		This is the law of him in whom is the plague of leprosy, whose hand is not able to get that which pertaineth to his cleansing.
Lev	14	33	וַיְדַבֵּר יְהוָה אֶל־מֹשֶׁה וְאֶל־אַהֲרֹן לֵאמֹר ׃	Καὶ ἐλάλησεν κύριος πρὸς Μωυσῆν καὶ Ἀαρὼν λέγων	locutus est Dominus ad Mosen et Aaron dicens	Locutusque est Dominus ad Moysen et Aaron, dicens:		And the Lord spake unto Moses and unto Aaron, saying,
Lev	14	34	כִּי תָבֹאוּ אֶל־אֶרֶץ כְּנַעַן אֲשֶׁר אֲנִי נֹתֵן לָכֶם לַאֲחֻזָּה וְנָתַתִּי נֶגַע צָרַעַת בְּבֵית אֶרֶץ אֲחֻזַּתְכֶם ׃	Ὡς ἂμ εἰσέλθητε εἰς τὴν γῆν τῶν Χαναναίων, ἢν ἐγὼ δίδωμι ὑμῖν ἐν κτήσει, καὶ δώσω ἁφὴν λέπρας ἐν ταῖς οἰκίαις τῆς γῆς τῆς ἑνκτήτου ὑμῖν,	cum ingressi fueritis terram Chanaan quam ego dabo vobis in possessionem si fuerit plaga leprae in aedibus	Cum ingressi fueritis terram Chanaan, quam ego dabo vobis in possessionem, si fuerit plaga lepr in dibus,		When ye be come into the land of Canaan, which I give to you for a possession, and I put the plague of leprosy in a house of the land of your possession;
Lev	14	35	וּבָא אֲשֶׁר־לוֹ הַבַּיִת וְהִגִּיד לַכֹּהֵן לֵאמֹר כְּנֶגַע נִרְאָה לִי בַּבָּיִת ׃	καὶ ἥξει τίνος αὐτοῦ ἡ οἰκία καὶ ἀναγγελεῖ τῷ ἱερεῖ λέγων Ὥσπερ ἁφὴ ἑώραταί μου ἐν τῇ οἰκίᾳ.	ibit cuius est domus nuntians sacerdoti et dicet quasi plaga leprae videtur mihi esse in domo mea	ibit cujus est domus, nuntians sacerdoti, et dicet: Quasi plaga lepr videtur mihi esse in domo mea.		And he that owneth the house shall come and tell the priest, saying, It seemeth to me there is as it were a plague in the house:
Lev	14	36	וְצִוָּה הַכֹּהֵן וּפִנּוּ אֶת־הַבַּיִת בְּטֶרֶם יָבֹא הַכֹּהֵן לִרְאוֹת אֶת־הַנֶּגַע וְלֹא יִטְמָא כָּל־אֲשֶׁר בַּבָּיִת וְאַחַר כֵּן יָבֹא הַכֹּהֵן לִרְאוֹת אֶת־הַבָּיִת ׃	καὶ προστάξει ὁ ἱερεὺς ἀποσκευάσαι τὴν οἰκίαν πρὸ τοῦ εἰσελθόντα ἰδεῖν τὸν ἴε ῥέα τὴν οἰκίαν, καὶ οὐ μὴ ἀκάθαρτα γένηται ὅσα ἐὰν ᾖ ἐν τῇ οἰκίᾳ· καὶ μετὰ ταῦτα εἰσελεύσεται ὁ ἱερεὺς καταμαθεῖν τὴν οἰκίαν.	at ille praecipiet ut efferant universa de domo priusquam ingrediatur eam et videat utrum lepra sit ne inmunda fiant omnia quae in domo sunt intrabitque postea ut consideret domus lepram	At ille prcipiet ut efferant universa de domo, priusquam ingrediatur eam, et videat utrum leprosa sit, ne immunda fiant omnia qu in domo sunt. Intrabitque postea ut consideret lepram domus:		Then the priest shall command that they empty the house, before the priest go into it to see the plague, that all that is in the house be not made unclean: and afterward the priest shall go in to see the house:
Lev	14	37	וְרָאָה אֶת־הַנֶּגַע וְהִנֵּה הַנֶּגַע בְּקִירֹת הַבַּיִת שְׁקַעֲרוּרֹת יְרַקְרַקֹּת אוֹ אֲדַמְדַּמֹּת וּמַרְאֵיהֶן שָׁפָל מִן־הַקִּיר ׃	καὶ ὄψεται τὴν ἁφὴν ἐν τοῖς τοίχοις τῆς οἰκίας, κοιλάδας χλωριζούσας, καὶ ἡ ὄψις αὐτῶν ταπεινοτέρα τῶν τοίχων·	et cum viderit in parietibus illius quasi valliculas pallore sive rubore deformes et humiliores superficie reliqua	et cum viderit in parietibus illius quasi valliculas pallore sive rubore deformes, et humiliores superficie reliqua,		And he shall look on the plague, and, behold, if the plague be in the walls of the house with hollow strakes, greenish or reddish, which in sight are lower than the wall;
Lev	14	38	וְיָצָא הַכֹּהֵן מִן־הַבַּיִת אֶל־פֶּתַח הַבָּיִת וְהִסְגִּיר אֶת־הַבַּיִת שִׁבְעַת יָמִים ׃	καὶ ἐξελθὼν ὁ ἱερεὺς ἐκ τῆς οἰκίας ἐπὶ τὴν θύραν τῆς οἰκίας, καὶ ἀφοριεῖ ὁ ἱερεὺς τὴν οἰκίαν ἑπτὰ ἡμέρας.	egredietur ostium domus et statim claudet eam septem diebus	egredietur ostium domus, et statim claudet illam septem diebus.		Then the priest shall go out of the house to the door of the house, and shut up the house seven days:
Lev	14	39	וְשָׁב הַכֹּהֵן בַּיּוֹם הַשְּׁבִיעִי וְרָאָה וְהִנֵּה פָּשָׂה הַנֶּגַע בְּקִירֹת הַבָּיִת ׃	καὶ ἐπανήξει ὁ ἱερεὺς τῇ ἡμέρᾳ τῇ ἑβδόμῃ καὶ ὄψεται τὴν οἰκίαν, καὶ ἰδοὺ οὐ διεχύθη ἡ ἁφὴ ἐν τοῖς τοίχοις τῆς οἰκίας·	reversusque die septimo considerabit eam si invenerit crevisse lepram	Reversusque die septimo, considerabit eam: si invenerit crevisse lepram,		And the priest shall come again the seventh day, and shall look: and, behold, if the plague be spread in the walls of the house;
Lev	14	40	וְצִוָּה הַכֹּהֵן וְחִלְּצוּ אֶת־הָאֲבָנִים אֲשֶׁר בָּהֵן הַנָּגַע וְהִשְׁלִיכוּ אֶתְהֶן אֶל־מִחוּץ לָעִיר אֶל־מָקוֹם טָמֵא ׃	καὶ προστάξει ὁ ἱερεὺς καὶ ἐξελοῦσιν τοὺς λίθους· ἔστιν ἡ ἁφή· καὶ ἐκβαλοῦσιν αὐτοὺς ἔξω τῆς πόλεως εἰς τόπον ἀκάθαρτον.	iubebit erui lapides in quibus lepra est et proici eos extra civitatem in loco inmundo	jubebit erui lapides in quibus lepra est, et projici eos extra civitatem in locum immundum:		Then the priest shall command that they take away the stones in which the plague is, and they shall cast them into an unclean place without the city:
Lev	14	41	וְאֶת־הַבַּיִת יַקְצִעַ מִבַּיִת סָבִיב וְשָׁפְכוּ אֶת־הֶעָפָר אֲשֶׁר הִקְצוּ אֶל־מִחוּץ לָעִיר אֶל־מָקוֹם טָמֵא ׃	καὶ ἀποξύσουσιν τὴν οἰκίαν ἔσωθεν κύκλῳ, καὶ ἐκχεοῦσιν τὸν χοῦν κω τῆς πόλεως εἰς τόπον ἀκάθαρτον.	domum autem ipsam radi intrinsecus per circuitum et spargi pulverem rasurae extra urbem in loco inmundo	domum autem ipsam radi intrinsecus per circuitum, et spargi pulverem rasur extra urbem in locum immundum,		And he shall cause the house to be scraped within round about, and they shall pour out the dust that they scrape off without the city into an unclean place:
Lev	14	42	וְלָקְחוּ אֲבָנִים אֲחֵרוֹת וְהֵבִיאוּ אֶל־תַּחַת הָאֲבָנִים וְעָפָר אַחֵר יִקַּח וְטָח אֶת־הַבָּיִת ׃	καὶ λήμψονται λίθους ἀπεξυσμένους στερεοὺς καὶ ἀντιθήσουσιν ἀντὶ τῶν λίθων, καὶ χοῦν ἕτερον λήμψονται καὶ ἐξαλείψουσιν τὴν οἰκίαν.	lapidesque alios reponi pro his qui ablati fuerint et luto alio liniri domum	lapidesque alios reponi pro his qui ablati fuerint, et luto alio liniri domum.		And they shall take other stones, and put them in the place of those stones; and he shall take other morter, and shall plaister the house.
Lev	14	43	וְאִם־יָשׁוּב הַנֶּגַע וּפָרַח בַּבַּיִת אַחַר חִלֵּץ אֶת־הָאֲבָנִים וְאַחֲרֵי הִקְצוֹת אֶת־הַבַּיִת וְאַחֲרֵי הִטּוֹחַ ׃	ἐὰν δὲ ἐπέλθῃ πάλιν ἁφὴ καὶ ἀνατείλῃ ἐν τῇ οἰκίᾳ μετὰ τὸ ἐξελεῖν τοὺς λίθους καὶ μετὰ τὸ ἀποξυσθῆναι τὴν οἰκίαν καὶ μετὰ τὸ ἐξαλειφθῆναι,	sin autem postquam eruti sunt lapides et pulvis elatus et alia terra lita	Sin autem postquam eruti sunt lapides, et pulvis erasus, et alia terra lita,		And if the plague come again, and break out in the house, after that he hath taken away the stones, and after he hath scraped the house, and after it is plaistered;
Lev	14	44	וּבָא הַכֹּהֵן וְרָאָה וְהִנֵּה פָּשָׂה הַנֶּגַע בַּבָּיִת צָרַעַת מַמְאֶרֶת הִוא בַּבַּיִת טָמֵא הוּא ׃	καὶ εἰσελεύσεται ὁ ἱερεὺς καὶ ὄψεται· εἰ διακέχυται ἡ ἁφὴ ἐν τῇ οἰκίᾳ, λέπρα ἔμμονός ἐστιν ἐν τῇ οἰκίᾳ, ἀκάθαρτός ἐστιν.	ingressus sacerdos viderit reversam lepram et parietes aspersos maculis lepra est perseverans et inmunda domus	ingressus sacerdos viderit reversam lepram, et parietes respersos maculis, lepra est perseverans, et immunda domus:		Then the priest shall come and look, and, behold, if the plague be spread in the house, it is a fretting leprosy in the house; it is unclean.
Lev	14	45	וְנָתַץ אֶת־הַבַּיִת אֶת־אֲבָנָיו וְאֶת־עֵצָיו וְאֵת כָּל־עֲפַר הַבָּיִת וְהוֹצִיא אֶל־מִחוּץ לָעִיר אֶל־מָקוֹם טָמֵא ׃	καὶ καθελοῦσιν τὴν οἰκίαν, καὶ τὰ ξύλα αὐτῆς καὶ τοὺς λίθους αὐτῆς καὶ πάντα τὸν χοῦν ἐξοίσουσιν ἔξω τῆς πόλεως εἰς τόπον ἀκάθαρτον·	quam statim destruent et lapides eius ac ligna atque universum pulverem proicient extra oppidum in loco inmundo	quam statim destruent, et lapides ejus ac ligna, atque universum pulverem projicient extra oppidum in locum immundum.		And he shall break down the house, the stones of it, and the timber thereof, and all the morter of the house; and he shall carry them forth out of the city into an unclean place.
Lev	14	46	וְהַבָּא אֶל־הַבַּיִת כָּל־יְמֵי הִסְגִּיר אֹתוֹ יִטְמָא עַד־הָעָרֶב ׃	καὶ ὁ εἰσπορευόμενος εἰς τὴν οἰκίαν πάσας τὰς ἡμέρας ἃς ἀφωρισμένη ἐστὶν ἀκάθαρτος ἔσται ἕως ἑσπέρας,	qui intraverit domum quando clausa est inmundus erit usque ad vesperum	Qui intraverit domum quando clausa est, immundus erit usque ad vesperum:		Moreover he that goeth into the house all the while that it is shut up shall be unclean until the even.
Lev	14	47	וְהַשֹּׁכֵב בַּבַּיִת יְכַבֵּס אֶת־בְּגָדָיו וְהָאֹכֵל בַּבַּיִת יְכַבֵּס אֶת־בְּגָדָיו ׃	καὶ ὁ κοιμώμενος ἐν τῇ οἰκίᾳ πλυνεῖ τὰ ἱμάτια αὐτοῦ καὶ ἀκάθαρτος ἔσται ἕως ἑσπέρας· καὶ ὁ ἔσθων ἐν τῇ οἰκίᾳ πλυνεῖ τὰ ἱμάτια αὐτοῦ καὶ ἀκάθαρτος ἔσται ἕως ἑσπέρας.	et qui dormierit in ea et comederit quippiam lavabit vestimenta sua	et qui dormierit in ea, et comederit quippiam, lavabit vestimenta sua.		And he that lieth in the house shall wash his clothes; and he that eateth in the house shall wash his clothes.
Lev	14	48	וְאִם־בֹּא יָבֹא הַכֹּהֵן וְרָאָה וְהִנֵּה לֹא־פָשָׂה הַנֶּגַע בַּבַּיִת אַחֲרֵי הִטֹּחַ אֶת־הַבָּיִת וְטִהַר הַכֹּהֵן אֶת־הַבַּיִת כִּי נִרְפָּא הַנָּגַע ׃	ἐὰν δὲ παραγενόμενος εἰσέλθῃ ὁ ἱερεὺς καὶ ἴδῃ, καὶ ἰδοὺ οὐ διαχύσει οὐ διαχεῖται ἴται ἡ ἁφὴ ἐν τῇ οἰκίᾳ μετὰ τὸ ἐξαλειφθῆναι τὴν οἰκίαν, καὶ καθαριεῖ ὁ ἱερεὺς τὴν οἰκίαν, ὅτι ἰάθη ἡ ἁφή.	quod si introiens sacerdos viderit lepram non crevisse in domo postquam denuo lita est purificabit eam reddita sanitate	Quod si introiens sacerdos viderit lepram non crevisse in domo, postquam denuo lita fuerit, purificabit eam reddita sanitate:		And if the priest shall come in, and look upon it, and, behold, the plague hath not spread in the house, after the house was plaistered: then the priest shall pronounce the house clean, because the plague is healed.
Lev	14	49	וְלָקַח לְחַטֵּא אֶת־הַבַּיִת שְׁתֵּי צִפֳּרִים וְעֵץ אֶרֶז וּשְׁנִי תוֹלַעַת וְאֵזֹב ׃	καὶ λήμψεται ἀφαγνίσαι τὴν οἰκίαν δύο ὀρνίθια ζῶντα καθαρὰ καὶ ξύλον κέδρινον καὶ κεκλωσμένον κόκκινον καὶ ὕσσωπον·	et in purificationem eius sumet duos passeres lignumque cedrinum et vermiculum atque hysopum	et in purificationem ejus sumet duos passeres, lignumque cedrinum, et vermiculum atque hyssopum:		And he shall take to cleanse the house two birds, and cedar wood, and scarlet, and hyssop:
Lev	14	50	וְשָׁחַט אֶת־הַצִּפֹּר הָאֶחָת אֶל־כְּלִי־חֶרֶשׂ עַל־מַיִם חַיִּים ׃	καὶ σφάξει τὸ ὀρνίθιον τὸ ἕλ’ εἰς σκεῦος ὀστράκινον ἐφ’ ὕδατι ζῶντι,	et immolato uno passere in vase fictili super aquas vivas	et immolato uno passere in vase fictili super aquas vivas,		And he shall kill the one of the birds in an earthen vessel over running water:
Lev	14	51	וְלָקַח אֶת־עֵץ־הָאֶרֶז וְאֶת־הָאֵזֹב וְאֵת שְׁנִי הַתּוֹלַעַת וְאֵת הַצִּפֹּר הַחַיָּה וְטָבַל אֹתָם בְּדַם הַצִּפֹּר הַשְּׁחוּטָה וּבַמַּיִם הַחַיִּים וְהִזָּה אֶל־הַבַּיִת שֶׁבַע פְּעָמִים ׃	καὶ λήμψεται τὸ ξύλον τὸ κέδρινον καὶ τὸ κεκλωσμένον κόκκινον καὶ τὸν ὕσσωπον καὶ τὸ ὀρνίθιον τὸ ζῶν, καὶ βάψει αὐτὸ εἰς τὸ αἷμα τοῦ ὀρνιθίου τοῦ ἐσφαγμένου ἐφ’ ὕδατι ζῶντι, καὶ περιρανεῖ ἐν αὐτοῖς ἐπὶ τὴν οἰκίαν ἑπτάκις.	tollet lignum cedrinum et hysopum et coccum et passerem vivum et intinguet omnia in sanguine passeris immolati atque in aquis viventibus et asperget domum septies	tollet lignum cedrinum, et hyssopum, et coccum, et passerem vivum, et tinget omnia in sanguine passeris immolati, atque in aquis viventibus, et asperget domum septies,		And he shall take the cedar wood, and the hyssop, and the scarlet, and the living bird, and dip them in the blood of the slain bird, and in the running water, and sprinkle the house seven times:
Lev	14	52	וְחִטֵּא אֶת־הַבַּיִת בְּדַם הַצִּפּוֹר וּבַמַּיִם הַחַיִּים וּבַצִּפֹּר הַחַיָּה וּבְעֵץ הָאֶרֶז וּבָאֵזֹב וּבִשְׁנִי הַתּוֹלָעַת ׃	καὶ ἀφαγνιεῖ τὴν οἰκίαν ἐν τῷ αἵματι τοῦ ὀρνιθίου τοῦ καὶ ἐν τῷ ὕδατι τῷ ζῶντι καὶ ἐν τῷ ὀρνιθίῳ τῷ ζῶντι καὶ ἐν τῷ ξύλῳ τῷ κεδρίνῳ μαὶ ἐν τῷ ὑσσώπῳ καὶ ἐν τῶ κεκλωσμένῳ κοκκίνῳ·	purificabitque eam tam in sanguine passeris quam in aquis viventibus et in passere vivo lignoque cedrino et hysopo atque vermiculo	purificabitque eam tam in sanguine passeris quam in aquis viventibus, et in passere vivo, lignoque cedrino et hyssopo atque vermiculo.		And he shall cleanse the house with the blood of the bird, and with the running water, and with the living bird, and with the cedar wood, and with the hyssop, and with the scarlet:
Lev	14	53	וְשִׁלַּח אֶת־הַצִּפֹּר הַחַיָּה אֶל־מִחוּץ לָעִיר אֶל־פְּנֵי הַשָּׂדֶה וְכִפֶּר עַל־הַבַּיִת וְטָהֵר ׃	καὶ ἐξαποστελεῖ τὸ ὀρνίθιον τὸ ζῶν ἔξω πόλεως εἰς τὸ πεδίον, καὶ ἐξιλάσεται περὶ τῆς οἰκίας, καὶ καθαρὰ ἔσται.	cumque dimiserit passerem avolare in agrum libere orabit pro domo et iure mundabitur	Cumque dimiserit passerem avolare in agrum libere, orabit pro domo, et jure mundabitur.		But he shall let go the living bird out of the city into the open fields, and make an atonement for the house: and it shall be clean.
Lev	14	54	זֹאת הַתּוֹרָה לְכָל־נֶגַע הַצָּרַעַת וְלַנָּתֶק ׃	Οὗτος ὁ νόμος κατὰ πᾶσαν ἁφὴν λέπρας καὶ θραύσματος,	ista est lex omnis leprae et percussurae	Ista est lex omnis lepr et percussur,		This is the law for all manner of plague of leprosy, and scall,
Lev	14	55	וּלְצָרַעַת הַבֶּגֶד וְלַבָּיִת ׃	καὶ τῆς λέπρας ἱματίου καὶ οἰκίας,	leprae vestium et domorum	lepr vestium et domorum,		And for the leprosy of a garment, and of a house,
Lev	14	56	וְלַשְׂאֵת וְלַסַּפַּחַת וְלַבֶּהָרֶת ׃	οὐλῆς καὶ σημασίας καὶ τοῦ αὐγάζοντος,	cicatricis et erumpentium papularum lucentis maculae et in varias species coloribus inmutatis	cicatricis et erumpentium papularum, lucentis macul, et in varias species, coloribus immutatis,		And for a rising, and for a scab, and for a bright spot:
Lev	14	57	לְהוֹרֹת בְּיוֹם הַטָּמֵא וּבְיוֹם הַטָּהֹר זֹאת תּוֹרַת הַצָּרָעַת ׃ ס	καὶ τοῦ ἐξηγήσασθαι ᾗ ἡμέρᾳ ἀκάθαρτον καὶ ᾗ ἡμέρᾳ καθαρισθήσεται· οὗτος ὁ νόμος τῆς λέπρας.	ut possit sciri quo tempore mundum quid vel inmundum sit	ut possit sciri quo tempore mundum quid, vel immundum sit.		To teach when it is unclean, and when it is clean: this is the law of leprosy.
Lev	15	1	וַיְדַבֵּר יְהוָה אֶל־מֹשֶׁה וְאֶל־אַהֲרֹן לֵאמֹר ׃	Καὶ ἐλάλησεν κύριος πρὸς Μωυσῆν λέγων καὶ Ἀαρών	locutusque est Dominus ad Mosen et Aaron dicens	Locutusque est Dominus ad Moysen et Aaron, dicens:		And the Lord spake unto Moses and to Aaron, saying,
Lev	15	2	דַּבְּרוּ אֶל־בְּנֵי יִשְׂרָאֵל וַאֲמַרְתֶּם אֲלֵהֶם אִישׁ אִישׁ כִּי יִהְיֶה זָב מִבְּשָׂרוֹ זוֹבוֹ טָמֵא הוּא ׃	Λάλησον τοῖς υἱοῖς Ἰσραὴλ καὶ ἐρεῖς αὐτοῖς Ἀνδρὶ ἀνδρὶ ᾧ ἐὰν γένηται ῥύσις ἐκ τοῦ σώματος αὐτοῦ, ἡ ῥύσις αὐτοῦ ἀκάθαρτός ἐστιν.	loquimini filiis Israhel et dicite eis vir qui patitur fluxum seminis inmundus erit	Loquimini filiis Isral, et dicite eis: Vir, qui patitur fluxum seminis, immundus erit.		Speak unto the children of Israel, and say unto them, When any man hath a running issue out of his flesh, because of his issue he is unclean.
Lev	15	3	וְזֹאת תִּהְיֶה טֻמְאָתוֹ בְּזוֹבוֹ רָר בְּשָׂרוֹ אֶת־זוֹבוֹ אוֹ־הֶחְתִּים בְּשָׂרוֹ מִזּוֹבוֹ טֻמְאָתוֹ הִוא ׃	καὶ οὗτος ὁ νόμος τῆς ἀκαθαρσίας αὐτοῦ· ῥέων γόνον ἐκ σώματος αὐτοῦ ἐκ τῆς ῥύσεως ἧς συνέστηκεν τὸ σῶμα αὐτοῦ διὰ τῆς ῥύσεως, αὕτη ἡ ἀκαθαρσία αὐτοῦ ἐν αὐτῷ· πᾶσαι αἱ ἡμέραι ῥύσεως σώματος αὐτοῦ ᾗ συνέστηκεν τὸ σῶμα αὐτοῦ διὰ τῆς ῥύσεως ἀκαθαρσία αὐτοῦ ἐστίν.	et tunc iudicabitur huic vitio subiacere cum per momenta singula adheserit carni illius atque concreverit foedus humor	Et tunc judicabitur huic vitio subjacere, cum per singula momenta adhserit carni ejus, atque concreverit fdus humor.		And this shall be his uncleanness in his issue: whether his flesh run with his issue, or his flesh be stopped from his issue, it is his uncleanness.
Lev	15	4	כָּל־הַמִּשְׁכָּב אֲשֶׁר יִשְׁכַּב עָלָיו הַזָּב יִטְמָא וְכָל־הַכְּלִי אֲשֶׁר־יֵשֵׁב עָלָיו יִטְמָא ׃	πᾶσα κοίτη ἐφ’ ἧ ἐὰν κοιμηθῇ ἐπ’ αὐτῆς ὁ γονορρυὴς ἀκάθαρτός ἐστιν, καὶ πᾶν σκεῦος ἐφ’ ὃ ἐὰν καθίσῃ ἐπ’ αὐτὸ ὁ γονορρυὴς ἀκάθαρτον ἔσται.	omne stratum in quo dormierit inmundum erit et ubicumque sederit	Omne stratum, in quo dormierit, immundum erit, et ubicumque sederit.		Every bed, whereon he lieth that hath the issue, is unclean: and every thing, whereon he sitteth, shall be unclean.
Lev	15	5	וְאִישׁ אֲשֶׁר יִגַּע בְּמִשְׁכָּבוֹ יְכַבֵּס בְּגָדָיו וְרָחַץ בַּמַּיִם וְטָמֵא עַד־הָעָרֶב ׃	καὶ ἄνθρωπος ὃς ἂν ἅψηται τῆς κοίτης αὐτοῦ πλυνεῖ τὰ ἱμάτια αὐτοῦ καὶ λούσεται ὕδατι, καὶ ἀκάθαρτος ἔσται ἕως ἑσπέρας·	si quis hominum tetigerit lectum eius lavabit vestimenta sua et ipse lotus aqua inmundus erit usque ad vesperum	Si quis hominum tetigerit lectum ejus, lavabit vestimenta sua, et ipse lotus aqua, immundus erit usque ad vesperum.		And whosoever toucheth his bed shall wash his clothes, and bathe himself in water, and be unclean until the even.
Lev	15	6	וְהַיֹּשֵׁב עַל־הַכְּלִי אֲשֶׁר־יֵשֵׁב עָלָיו הַזָּב יְכַבֵּס בְּגָדָיו וְרָחַץ בַּמַּיִם וְטָמֵא עַד־הָעָרֶב ׃	καὶ ὁ καθήμενος ἐπὶ τοῦ σκεύους ἐφ’ ὃ ἐὰν καθίση ὁ γονορρυὴς πλυνεῖ τὰ ἱμάτια αὐτοῦ καὶ λούσεται ὕδατι, καὶ ἀκάθαρτος ἔσται ἕως ἑσπέρας.	si sederit ubi ille sederat et ipse lavabit vestimenta sua et lotus aqua inmundus erit usque ad vesperum	Si sederit ubi ille sederat, et ipse lavabit vestimenta sua: et lotus aqua, immundus erit usque ad vesperum.		And he that sitteth on any thing whereon he sat that hath the issue shall wash his clothes, and bathe himself in water, and be unclean until the even.
Lev	15	7	וְהַנֹּגֵעַ בִּבְשַׂר הַזָּב יְכַבֵּס בְּגָדָיו וְרָחַץ בַּמַּיִם וְטָמֵא עַד־הָעָרֶב ׃	καὶ ὁ ἁπτόμενος χρωτὸς τοῦ γονορρυοῦς πλυνεῖ τὰ ἱμάτια καὶ λούσεται ὕδατι, καὶ ἀκάθαρτος ἔσται ἕως ἑσπέρας·	qui tetigerit carnem eius lavabit vestimenta sua et ipse lotus aqua inmundus erit usque ad vesperum	Qui tetigerit carnem ejus, lavabit vestimenta sua: et ipse lotus aqua, immundus erit usque ad vesperum.		And he that toucheth the flesh of him that hath the issue shall wash his clothes, and bathe himself in water, and be unclean until the even.
Lev	15	8	וְכִי־יָרֹק הַזָּב בַּטָּהוֹר וְכִבֶּס בְּגָדָיו וְרָחַץ בַּמַּיִם וְטָמֵא עַד־הָעָרֶב ׃	ἐὰν δὲ προσσιελίσῃ ὁ γονορρυὴς ἐπὶ τὸν καθαρόν, πλυνεῖ τὰ ἱμάτια καὶ λούσεται ὕδατι, καὶ ἀκάθαρτος ἔσται ἕως ἑσπέρας·	si salivam huiuscemodi homo iecerit super eum qui mundus est lavabit vestem suam et lotus aqua inmundus erit usque ad vesperum	Si salivam hujuscemodi homo jecerit super eum qui mundus est, lavabit vestimenta sua: et lotus aqua, immundus erit usque ad vesperum.		And if he that hath the issue spit upon him that is clean; then he shall wash his clothes, and bathe himself in water, and be unclean until the even.
Lev	15	9	וְכָל־הַמֶּרְכָּב אֲשֶׁר יִרְכַּב עָלָיו הַזָּב יִטְמָא ׃	καὶ πᾶν ἐπίσαγμα ὄνου ἐφ’ ὃ ἄν ἐπιβῇ ἐπ’ αὐτὸ ὁ γονορρυής, ἀκάθαρτον ἱστᾶι ἕως ἑσπέρας·	sagma super quo sederit inmundum erit	Sagma, super quo sederit, immundum erit:		And what saddle soever he rideth upon that hath the issue shall be unclean.
Lev	15	10	וְכָל־הַנֹּגֵעַ בְּכֹל אֲשֶׁר יִהְיֶה תַחְתָּיו יִטְמָא עַד־הָעָרֶב וְהַנּוֹשֵׂא אוֹתָם יְכַבֵּס בְּגָדָיו וְרָחַץ בַּמַּיִם וְטָמֵא עַד־הָעָרֶב ׃	καὶ πᾶς ὁ ἁπτόμενος ὅσα ἐὰν ἦ ὑποκάτω αὐτοῦ ἀκάθαρτος ἔσται ἕως ἑσπέρας. καὶ ὁ αἴρων αὐτὰ πλυνεῖ τὰ ἱμάτια αὐτοῦ κα λούσεται ὕδατι, καὶ ἀκάθαρτος ἔσται ἕως ἑσπέρας.	et quicquid sub eo fuerit qui fluxum seminis patitur pollutum erit usque ad vesperum qui portaverit horum aliquid lavabit vestem suam et ipse lotus aqua inmundus erit usque ad vesperum	et quidquid sub eo fuerit, qui fluxum seminis patitur, pollutum erit usque ad vesperum. Qui portaverit horum aliquid, lavabit vestimenta sua: et ipse lotus aqua, immundus erit usque ad vesperum.		And whosoever toucheth any thing that was under him shall be unclean until the even: and he that beareth any of those things shall wash his clothes, and bathe himself in water, and be unclean until the even.
Lev	15	11	וְכֹל אֲשֶׁר יִגַּע־בּוֹ הַזָּב וְיָדָיו לֹא־שָׁטַף בַּמָּיִם וְכִבֶּס בְּגָדָיו וְרָחַץ בַּמַּיִם וְטָמֵא עַד־הָעָרֶב ׃	καὶ ὅσων ἐὰν ἅψηται ὁ γονορρυὴς καὶ τὰς χεῖρας οὐ νένιπται, πλυνεῖ τὰ ἱμάτια κα λούσεται τὸ σῶμα ὕδατι, καὶ ἀκάθαρτος ἔσται ἕως ἑσπέρας.	omnis quem tetigerit qui talis est non lotis ante manibus lavabit vestimenta sua et lotus aqua inmundus erit usque ad vesperum	Omnis, quem tetigerit qui talis est, non lotis ante manibus, lavabit vestimenta sua, et lotus aqua, immundus erit usque ad vesperum.		And whomsoever he toucheth that hath the issue, and hath not rinsed his hands in water, he shall wash his clothes, and bathe himself in water, and be unclean until the even.
Lev	15	12	וּכְלִי־חֶרֶשׂ אֲשֶׁר־יִגַּע־בּוֹ הַזָּב יִשָּׁבֵר וְכָל־כְּלִי־עֵץ יִשָּׁטֵף בַּמָּיִם ׃	καὶ σκεῦος ὀστράκινον οὗ ἂν ἅψηται ὁ γονορρυὴς συντριβήσεται· κα σκεῦος ξύλινον νιφήσεται ὕδατι, καὶ καθαρὸν ἱστᾶι.	vas fictile quod tetigerit confringetur vas autem ligneum lavabitur aqua	Vas fictile quod tetigerit confringetur: vas autem ligneum lavabitur aqua.		And the vessel of earth, that he toucheth which hath the issue, shall be broken: and every vessel of wood shall be rinsed in water.
Lev	15	13	וְכִי־יִטְהַר הַזָּב מִזּוֹבוֹ וְסָפַר לוֹ שִׁבְעַת יָמִים לְטָהֳרָתוֹ וְכִבֶּס בְּגָדָיו וְרָחַץ בְּשָׂרוֹ בְּמַיִם חַיִּים וְטָהֵר ׃	ἐὰν δὲ καθαρισθῇ ὁ γονορρυὴς ἐκ τῆς ῥύσεως αὐτοῦ, καὶ ἐξαριθμήσεται αὐτῷ ἑπτὰ ἡμέρας εἰς τὸν καθαρισμόν, καὶ πλυνεῖ τὰ ἱμάτια αὐτοῦ καὶ λούσεται τὸ σῶμα ὕδατι, καὶ καθαρὸς ἔσται.	si sanatus fuerit qui huiuscemodi sustinet passionem numerabit septem dies post emundationem sui et lotis vestibus ac toto corpore in aquis viventibus erit mundus	Si sanatus fuerit qui hujuscemodi sustinet passionem, numerabit septem dies post emundationem sui, et lotis vestibus et toto corpore in aquis viventibus, erit mundus.		And when he that hath an issue is cleansed of his issue; then he shall number to himself seven days for his cleansing, and wash his clothes, and bathe his flesh in running water, and shall be clean.
Lev	15	14	וּבַיּוֹם הַשְּׁמִינִי יִקַּח־לוֹ שְׁתֵּי תֹרִים אוֹ שְׁנֵי בְּנֵי יוֹנָה וּבָא לִפְנֵי יְהוָה אֶל־פֶּתַח אֹהֶל מוֹעֵד וּנְתָנָם אֶל־הַכֹּהֵן ׃	καὶ τῇ ἡμέρᾳ τῇ ὀγδόη λήμψεται ἑαυτῷ δύο τρυγόνας ἢ δύο νοσσοὺς περιστερῶν κα οἴσει αὐτὰ ἔναντι κυρίου ἐπὶ τὰς θύρας τῆς σκηνῆς τοῦ μαρτυρίου, καὶ δώσει αὐτὰ τῷ ἱερεῖ.	die autem octavo sumet duos turtures aut duos pullos columbae et veniet in conspectu Domini ad ostium tabernaculi testimonii dabitque eos sacerdoti	Die autem octavo sumet duos turtures, aut duos pullos columb, et veniet in conspectum Domini ad ostium tabernaculi testimonii, dabitque eos sacerdoti:		And on the eighth day he shall take to him two turtledoves, or two young pigeons, and come before the Lord unto the door of the tabernacle of the congregation, and give them unto the priest:
Lev	15	15	וְעָשָׂה אֹתָם הַכֹּהֵן אֶחָד חַטָּאת וְהָאֶחָד עֹלָה וְכִפֶּר עָלָיו הַכֹּהֵן לִפְנֵי יְהוָה מִזּוֹבוֹ ׃ ס	καὶ ποιήσει αὐτὰ ὁ ἱερεὺς μίαν περὶ ἁμαρτίας κα μίαν εἰς ὁλοκαύτωμα, καὶ ἐξιλάσεται περὶ αὐτοῦ ὁ ἱερεὺς ἔναντι Κυρίου ἀπὸ τῆς ῥύσεως αὐτοῦ.	qui faciet unum pro peccato et alterum in holocaustum rogabitque pro eo coram Domino ut emundetur a fluxu seminis sui	qui faciet unum pro peccato et alterum in holocaustum: rogabitque pro eo coram Domino, ut emundetur a fluxi seminis sui.		And the priest shall offer them, the one for a sin offering, and the other for a burnt offering; and the priest shall make an atonement for him before the Lord for his issue.
Lev	15	16	וְאִישׁ כִּי־תֵצֵא מִמֶּנּוּ שִׁכְבַת־זָרַע וְרָחַץ בַּמַּיִם אֶת־כָּל־בְּשָׂרוֹ וְטָמֵא עַד־הָעָרֶב ׃	Καὶ ἄνθρωπος ᾧ ἐὰν ἐξέλθῃ ἐξ αὐτοῦ κοίτη σπέρματος, καὶ λούσεται ὕδατι πᾶν τὸ σῶμα αὐτοῦ καὶ ακαθαρτος ἔσται ἕως ἑσπέρας·	vir de quo egreditur semen coitus lavabit aqua omne corpus suum et inmundus erit usque ad vesperum	Vir de quo egreditur semen coitus, lavabit aqua omne corpus suum: et immundus erit usque ad vesperum.		And if any man's seed of copulation go out from him, then he shall wash all his flesh in water, and be unclean until the even.
Lev	15	17	וְכָל־בֶּגֶד וְכָל־עוֹר אֲשֶׁר־יִהְיֶה עָלָיו שִׁכְבַת־זָרַע וְכֻבַּס בַּמַּיִם וְטָמֵא עַד־הָעָרֶב ׃ פ	καὶ πᾶν ἱμάτιον κα πᾶν δέρμα ἐφ’ ὅ ἐὰν ᾖ ἐπ’ αὐτὸ κοίτη σπέρματος, καὶ πλυθήσεται ὕδατι κα ἀκάθαρτον ἔσται ἕως ἑσπέρας.	vestem et pellem quam habuerit lavabit aqua et inmunda erit usque ad vesperum	Vestem et pellem, quam habuerit, lavabit aqua, et immunda erit usque ad vesperum.		And every garment, and every skin, whereon is the seed of copulation, shall be washed with water, and be unclean until the even.
Lev	15	18	וְאִשָּׁה אֲשֶׁר יִשְׁכַּב אִישׁ אֹתָהּ שִׁכְבַת־זָרַע וְרָחֲצוּ בַמַּיִם וְטָמְאוּ עַד־הָעָרֶב ׃	καὶ γυνή, ἐὰν κοιμηθῇ ἀνὴρ μετ’ αὐτῆς σπέρματος, καὶ λούσονται ὕδατι καὶ ἀκάθαρτοι ἔσονται ἕως	mulier cum qua coierit lavabitur aqua et inmunda erit usque ad vesperum	Mulier, cum qua coierit, lavabitur aqua, et immunda erit usque ad vesperum.		The woman also with whom man shall lie with seed of copulation, they shall both bathe themselves in water, and be unclean until the even.
Lev	15	19	וְאִשָּׁה כִּי־תִהְיֶה זָבָה דָּם יִהְיֶה זֹבָהּ בִּבְשָׂרָהּ שִׁבְעַת יָמִים תִּהְיֶה בְנִדָּתָהּ וְכָל־הַנֹּגֵעַ בָּהּ יִטְמָא עַד־הָעָרֶב ׃	Καὶ γυνὴ ἥτις ἐὰν ᾖ ῥέουσα αἵματι, ἔσται ἡ ῥύσις αὐτῆς ἑ τῷ αὐτῆς, ἑπτὰ ἡμέρας ἔσται ἐν τῇ ἀφέδρῳ αὐτῆς· πᾶς ὁ ἁπτόαὐτῆς ἀκάθαρτος ἔσται ἕως ἑσπέρας,	mulier quae redeunte mense patitur fluxum sanguinis septem diebus separabitur	Mulier, qu redeunte mense patitur fluxum sanguinis, septem diebus separabitur.		And if a woman have an issue, and her issue in her flesh be blood, she shall be put apart seven days: and whosoever toucheth her shall be unclean until the even.
Lev	15	20	וְכֹל אֲשֶׁר תִּשְׁכַּב עָלָיו בְּנִדָּתָהּ יִטְמָא וְכֹל אֲשֶׁר־תֵּשֵׁב עָלָיו יִטְמָא ׃	καὶ πᾶν ἐφ’ ὁ ἂν κοιἐπ’ αὐτὸ ἐν τῇ ἀφέδρῳ αὐτῆς ἀκάθαρτον ἔσται, καὶ πᾶν ὃ ἂν ἐπικαθίσῃ ἐπ’ αὐτὸ ἀκάθαρτον ἔσται.	omnis qui tetigerit eam inmundus erit usque ad vesperum	Omnis qui tetigerit eam, immundus erit usque ad vesperum:		And every thing that she lieth upon in her separation shall be unclean: every thing also that she sitteth upon shall be unclean.
Lev	15	21	וְכָל־הַנֹּגֵעַ בְּמִשְׁכָּבָהּ יְכַבֵּס בְּגָדָיו וְרָחַץ בַּמַּיִם וְטָמֵא עַד־הָעָרֶב ׃	καὶ πᾶς ὃς ἐὰν ς κοίτης αὐτῆς πλυνεῖ τὰ ἱμάτια αὐτοῦ κα λούσεται τὸ αὐτοῦ ὕδατι, καὶ ἀκάθαρτος ἔσται ἕως ἑσπέρας.	et in quo dormierit vel sederit diebus separationis suae polluetur	et in quo dormierit vel sederit diebus separationis su, polluetur.		And whosoever toucheth her bed shall wash his clothes, and bathe himself in water, and be unclean until the even.
Lev	15	22	וְכָל־הַנֹּגֵעַ בְּכָל־כְּלִי אֲשֶׁר־תֵּשֵׁב עָלָיו יְכַבֵּס בְּגָדָיו וְרָחַץ בַּמַּיִם וְטָמֵא עַד־הָעָרֶב ׃	καὶ πᾶς ὁ ἀπτόμενος παντὸς σκεύους οὗ ἐὰν καθίσῃ ἐπ’ αὐτὸ πλυνεῖ τὰ ἱμάτια αὐτοῦ καὶ λούσεται ὕδατι, καὶ ἀκάθαρτος ἔσται ἕως ἑσπέρας.	qui tetigerit lectum eius lavabit vestimenta sua et ipse lotus aqua inmundus erit usque ad vesperum	Qui tetigerit lectum ejus, lavabit vestimenta sua: et ipse lotus aqua, immundus erit usque ad vesperum.		And whosoever toucheth any thing that she sat upon shall wash his clothes, and bathe himself in water, and be unclean until the even.
Lev	15	23	וְאִם עַל־הַמִּשְׁכָּב הוּא אוֹ עַל־הַכְּלִי אֲשֶׁר־הִוא יֹשֶׁבֶת־עָלָיו בְּנָגְעוֹ־בוֹ יִטְמָא עַד־הָעָרֶב ׃	ἐὰν δὲ ἐν τῇ κοίτῃ αὐτῆς οὔσης ἢ ἐπὶ τοῦ σκεύους οὗ ἐὰν καθίσῃ ἐπ’ αὐτῷ ἐν τῷ ἅπτεσθαι αὐτὸν αὐτῆς, ἀκάθαρτον ἔσται ἕως ἑσπέρας.	omne vas super quo illa sederit quisquis adtigerit lavabit vestimenta sua et lotus aqua pollutus erit usque ad vesperum	Omne vas, super quo illa sederit, quisquis attigerit, lavabit vestimenta sua: et ipse lotus aqua, pollutus erit usque ad vesperum.		And if it be on her bed, or on any thing whereon she sitteth, when he toucheth it, he shall be unclean until the even.
Lev	15	24	וְאִם שָׁכֹב יִשְׁכַּב אִישׁ אֹתָהּ וּתְהִי נִדָּתָהּ עָלָיו וְטָמֵא שִׁבְעַת יָמִים וְכָל־הַמִּשְׁכָּב אֲשֶׁר־יִשְׁכַּב עָלָיו יִטְמָא ׃ פ	ἐὰν δὲ κοίτῃ τις κοιμηθῇ μετ’ αὐτῆς, καὶ γένηται ἡ ἀκαθαρσία αὐτῆς ἐπ’ αὐτῷ, καὶ ἀκάθαρτος ἔσται ἑπτὰ ἡμέρας· καὶ πᾶσα κοίτη ἐφ’ ᾗ ἂν κοιμηθῇ ἐπ’ αὐτῆς ἀκάθαρτος ἔσται.	si coierit cum ea vir tempore sanguinis menstrualis inmundus erit septem diebus et omne stratum in quo dormierit polluetur	Si coierit cum ea vir tempore sanguinis menstrualis, immundus erit septem diebus: et omne stratum, in quo dormierit, polluetur.		And if any man lie with her at all, and her flowers be upon him, he shall be unclean seven days; and all the bed whereon he lieth shall be unclean.
Lev	15	25	וְאִשָּׁה כִּי־יָזוּב זוֹב דָּמָהּ יָמִים רַבִּים בְּלֹא עֶת־נִדָּתָהּ אוֹ כִי־תָזוּב עַל־נִדָּתָהּ כָּל־יְמֵי זוֹב טֻמְאָתָהּ כִּימֵי נִדָּתָהּ תִּהְיֶה טְמֵאָה הִוא ׃	Καὶ γυνὴ ἐὰν ῥέῃ ῥύσει αἵματος ἡμέρας πλείους οὐκ ἐν καιρῷ τῆς ἀφέδρου αὐτῆς, ἐὰν καὶ ῥέῃ μετὰ τὴν ἄφεδρον αὐτῆς, πᾶσαι αἱ ἡμέραι ῥύσεως ἀκαθαρσίας αὐτῆς καθάπερ αἱ ἡμέραι τῆς ἀφέδρου, ἀκάθαρτος ἔσται.	mulier quae patitur multis diebus fluxum sanguinis non in tempore menstruali vel quae post menstruum sanguinem fluere non cessat quamdiu huic subiacet passioni inmunda erit quasi sit in tempore menstruo	Mulier, qu patitur multis diebus fluxum sanguinis non in tempore menstruali, vel qu post menstruum sanguinem fluere non cessat, quamdiu subjacet huic passioni, immunda erit quasi sit in tempore menstruo.		And if a woman have an issue of her blood many days out of the time of her separation, or if it run beyond the time of her separation; all the days of the issue of her uncleanness shall be as the days of her separation: she shall be unclean.
Lev	15	26	כָּל־הַמִּשְׁכָּב אֲשֶׁר־תִּשְׁכַּב עָלָיו כָּל־יְמֵי זוֹבָהּ כְּמִשְׁכַּב נִדָּתָהּ יִהְיֶה־לָּהּ וְכָל־הַכְּלִי אֲשֶׁר תֵּשֵׁב עָלָיו טָמֵא יִהְיֶה כְּטֻמְאַת נִדָּתָהּ ׃	καὶ πᾶσαν κοίτην ἐφ’ ἢν ἂν κοιμηθῇ ἐπ’ αὐτῆς πάσας τὰς ἡμέρας τῆς ῥύσεως κατὰ τὴν κοίτην τῆς ἀφέδρου ἔσται αὐτῇ, καὶ πᾶν σκεῦος ἐφ’ ὃ ἐὰν καθίσῃ ἐπ’ αὐτὸ ἀκάθαρτον ἔσται κατὰ τὴν ἀκαθαρσίαν τῆς ἀφέδρου.	omne stratum in quo dormierit et vas in quo sederit pollutum erit	Omne stratum, in quo dormierit, et vas in quo sederit, pollutum erit.		Every bed whereon she lieth all the days of her issue shall be unto her as the bed of her separation: and whatsoever she sitteth upon shall be unclean, as the uncleanness of her separation.
Lev	15	27	וְכָל־הַנּוֹגֵעַ בָּם יִטְמָא וְכִבֶּס בְּגָדָיו וְרָחַץ בַּמַּיִם וְטָמֵא עַד־הָעָרֶב ׃	πᾶς πᾶς ὁ ἁπτόμενος αὐτῆς ἀκάθαρτος ἔσται, καὶ πλυνεῖ τὰ ἱμάτια καὶ λούσεται τὸ σῶμα ὕδατι, καὶ ἀκάθαρτος ἔσται ἕως ἑσπέρας.	quicumque tetigerit eam lavabit vestimenta sua et ipse lotus aqua inmundus erit usque ad vesperum	Quicumque tetigerit ea, lavabit vestimenta sua: et ipse lotus aqua, immundus erit usque ad vesperam.		And whosoever toucheth those things shall be unclean, and shall wash his clothes, and bathe himself in water, and be unclean until the even.
Lev	15	28	וְאִם־טָהֲרָה מִזּוֹבָהּ וְסָפְרָה לָּהּ שִׁבְעַת יָמִים וְאַחַר תִּטְהָר ׃	ἐὰν δὲ καθαρισθῇ ἀπὸ τῆς ῥύσεως, καὶ ἐξαριθμήσεται αὐτῇ ἑπτὰ ἡμέρας, καὶ μετὰ ταῦτα καθαρισθήσεται.	si steterit sanguis et fluere cessarit numerabit septem dies purificationis suae	Si steterit sanguis, et fluere cessaverit, numerabit septem dies purificationis su:		But if she be cleansed of her issue, then she shall number to herself seven days, and after that she shall be clean.
Lev	15	29	וּבַיּוֹם הַשְּׁמִינִי תִּקַּח־לָהּ שְׁתֵּי תֹרִים אוֹ שְׁנֵי בְּנֵי יוֹנָה וְהֵבִיאָה אוֹתָם אֶל־הַכֹּהֵן אֶל־פֶּתַח אֹהֶל מוֹעֵד ׃	καὶ τῇ ἡμέρᾳ τῇ ὀγδόη λήμψεται αὑτῇ δύο τρυγόνας ἢ δύο νοσσοὺς περιστερῶν, καὶ οἴσει αὐτὰ πρὸς τὸν ἱερέα ἐπὶ τὴν θύραν τῆς σκηνῆς τοῦ μαρτυρίου·	et octavo die offeret pro se sacerdoti duos turtures vel duos pullos columbae ad ostium tabernaculi testimonii	et die octavo offeret pro se sacerdoti duos turtures, aut duos pullos columbarum, ad ostium tabernaculi testimonii:		And on the eighth day she shall take unto her two turtles, or two young pigeons, and bring them unto the priest, to the door of the tabernacle of the congregation.
Lev	15	30	וְעָשָׂה הַכֹּהֵן אֶת־הָאֶחָד חַטָּאת וְאֶת־הָאֶחָד עֹלָה וְכִפֶּר עָלֶיהָ הַכֹּהֵן לִפְנֵי יְהוָה מִזּוֹב טֻמְאָתָהּ ׃	καὶ ποιήσει ὁ ἱερεὺς τὴν μίαν περὶ ἁμαρτίας καὶ τὴν μίαν εἰς ὁλοκαύτωμα, καὶ περὶ αὐτῆς ὁ ἱερεὺς ἔναντι κυρίου ἀπὸ ῥύσεως ἀκαθαρσίας αὐτῆς.	qui unum faciet pro peccato et alterum in holocaustum rogabitque pro ea coram Domino et pro fluxu inmunditiae eius	qui unum faciet pro peccato, et alterum in holocaustum, rogabitque pro ea coram Domino, et pro fluxu immunditi ejus.		And the priest shall offer the one for a sin offering, and the other for a burnt offering; and the priest shall make an atonement for her before the Lord for the issue of her uncleanness.
Lev	15	31	וְהִזַּרְתֶּם אֶת־בְּנֵי־יִשְׂרָאֵל מִטֻּמְאָתָם וְלֹא יָמֻתוּ בְּטֻמְאָתָם בְּטַמְּאָם אֶת־מִשְׁכָּנִי אֲשֶׁר בְּתוֹכָם ׃	Καὶ εὐλαβεῖς ποιήσετε τοὺς υἱοὺς Ἰσραὴλ ἀπὸ τῶν ἀκαθαρσιῶν αὐτῶν, καὶ οὐκ ἀποθανοῦνται διὰ τὴν ἀκαθαρσίαν αὐτῶν, ἐν τῷ μιαίνειν αὐτοὺς τὴν σκηνήν μου τὴν ἐν αὐτοῖς.	docebitis ergo filios Israhel ut caveant inmunditiam et non moriantur in sordibus suis cum polluerint tabernaculum meum quod est inter eos	Docebitis ergo filios Isral ut caveant immunditiam, et non moriantur in sordibus suis, cum polluerint tabernaculum meum quod est inter eos.		Thus shall ye separate the children of Israel from their uncleanness; that they die not in their uncleanness, when they defile my tabernacle that is among them.
Lev	15	32	זֹאת תּוֹרַת הַזָּב וַאֲשֶׁר תֵּצֵא מִמֶּנּוּ שִׁכְבַת־זֶרַע לְטָמְאָה־בָהּ ׃	οὗτος ὁ νόμος τοῦ γονορρυοῦς, καὶ ἐάν τινι ἐξέλθῃ ἐξ αὐτοῦ κοίτη σπέρματος ὥστε μιανθῆναι ἐν αὐτῇ·	ista est lex eius qui patitur fluxum seminis et qui polluitur coitu	Ista est lex ejus, qui patitur fluxum seminis, et qui polluitur coitu,		This is the law of him that hath an issue, and of him whose seed goeth from him, and is defiled therewith;
Lev	15	33	וְהַדָּוָה בְּנִדָּתָהּ וְהַזָּב אֶת־זוֹבוֹ לַזָּכָר וְלַנְּקֵבָה וּלְאִישׁ אֲשֶׁר יִשְׁכַּב עִם־טְמֵאָה ׃ פ	καὶ τῇ αἱμορροούσῃ ἐν τῇ ἀφέδρῳ αὐτῆς, καὶ ὁ γονορρυὴς ἐν τῇ ῥύσει αὐτοῦ, τῷ ἄρσενι ἢ τῇ θηλείᾳ, καὶ τῷ ἀνδρὶ ὃς ἂν κοιμηθῇ μετὰ ἀποκαθημένης.	et quae menstruis temporibus separatur vel quae iugi fluit sanguine et hominis qui dormierit cum ea	et qu menstruis temporibus separatur, vel qu jugi fluit sanguine, et hominis qui dormierit cum ea.		And of her that is sick of her flowers, and of him that hath an issue, of the man, and of the woman, and of him that lieth with her that is unclean.
Lev	16	1	וַיְדַבֵּר יְהוָה אֶל־מֹשֶׁה אַחֲרֵי מוֹת שְׁנֵי בְּנֵי אַהֲרֹן בְּקָרְבָתָם לִפְנֵי־יְהוָה וַיָּמֻתוּ ׃	Καὶ ἐλάλησεν κύριος πρὸς Μωυσῆν μετὰ τὸ τελευτῆσαι τοὺς δύο υἱοὺς Ἀαρὼν ἐν τῷ προσάγειν αὐτοὺς πῦρ ἀλλότριον ἔναντι Κυρίου, καὶ ἐτελεύτησαν·	locutusque est Dominus ad Mosen post mortem duum filiorum Aaron quando offerentes ignem alienum interfecti sunt	Locutusque est Dominus ad Moysen post mortem duorum filiorum Aaron, quando offerentes ignem alienum interfecti sunt:		And the Lord spake unto Moses after the death of the two sons of Aaron, when they offered before the Lord, and died;
Lev	16	2	וַיֹּאמֶר יְהוָה אֶל־מֹשֶׁה דַּבֵּר אֶל־אַהֲרֹן אָחִיךָ וְאַל־יָבֹא בְכָל־עֵת אֶל־הַקֹּדֶשׁ מִבֵּית לַפָּרֹכֶת אֶל־פְּנֵי הַכַּפֹּרֶת אֲשֶׁר עַל־הָאָרֹן וְלֹא יָמוּת כִּי בֶּעָנָן אֵרָאֶה עַל־הַכַּפֹּרֶת ׃	καὶ εἶπεν κόριος πρὸς Μωυσῆν Λάλησον πρὸς Ἀαρὼν τὸν ἀδελφόν σου, καὶ μὴ εἰσπορευέσθω πᾶσαν ὥραν εἰς τὸ ἅγιον ἐσώτερον τοῦ καταπετάσματος εἰς πρόσωπον τοῦ ἱλαστηρίου, ὅ ἐστιν ἐπὶ τῆς κιβωτοῦ τοῦ μαρτυρίου, καὶ οὐκ ἀποθανεῖται· ἐν γὰρ νεφέλῃ ὀφθήσομαι ἐπὶ τοῦ ἱλαστηρίου.	et praecepit ei dicens loquere ad Aaron fratrem tuum ne omni tempore ingrediatur sanctuarium quod est intra velum coram propitiatorio quo tegitur arca ut non moriatur quia in nube apparebo super oraculum	et prcepit ei, dicens: Loquere ad Aaron fratrem tuum, ne omni tempore ingrediatur sanctuarium, quod est intra velum coram propitiatorio quo tegitur arca, ut non moriatur (quia in nube apparebo super oraculum),		And the Lord said unto Moses, Speak unto Aaron thy brother, that he come not at all times into the holy place within the vail before the mercy seat, which is upon the ark; that he die not: for I will appear in the cloud upon the mercy seat.
Lev	16	3	בְּזֹאת יָבֹא אַהֲרֹן אֶל־הַקֹּדֶשׁ בְּפַר בֶּן־בָּקָר לְחַטָּאת וְאַיִל לְעֹלָה ׃	οὕτως εἰσελεύσεται Ααρὼν εἰς τὸ ἅγιον· ἐν μόσχῳ ἐκ βοῶν περὶ ἁμαρτίας, καὶ κριὸν εἰς ὁλοκαύτωμα.	nisi haec ante fecerit vitulum offeret pro peccato et arietem in holocaustum	nisi hc ante fecerit: vitulum pro peccato offeret, et arietem in holocaustum.		Thus shall Aaron come into the holy place: with a young bullock for a sin offering, and a ram for a burnt offering.
Lev	16	4	כְּתֹנֶת־בַּד קֹדֶשׁ יִלְבָּשׁ וּמִכְנְסֵי־בַד יִהְיוּ עַל־בְּשָׂרוֹ וּבְאַבְנֵט בַּד יַחְגֹּר וּבְמִצְנֶפֶת בַּד יִצְנֹף בִּגְדֵי־קֹדֶשׁ הֵם וְרָחַץ בַּמַּיִם אֶת־בְּשָׂרוֹ וּלְבֵשָׁם ׃	καὶ χιτῶνα λινοῦν ἡγιασμένον ἐνδύσεται, καὶ περισκελὲς λινοῦν ἔσται ἐπὶ τοῦ χρωτὸς αὐτοῦ, καὶ ζώνῃ λινῇ ζώσεται, καὶ κίδαριν λινῆν περιθήσεται· ἱμάτια ἅγιά ἐστιν, καὶ λούσεται ὕδατι πᾶν τὸ σῶμα αὐτοῦ καὶ ἐνδύσεται αὐτά.	tunica linea vestietur feminalibus lineis verecunda celabit accingetur zona linea cidarim lineam inponet capiti haec enim vestimenta sunt sancta quibus cunctis cum lotus fuerit induetur	Tunica linea vestietur, feminalibus lineis verenda celabit: accingetur zona linea, cidarim lineam imponet capiti: hc enim vestimenta sunt sancta: quibus cunctis, cum lotus fuerit, induetur.		He shall put on the holy linen coat, and he shall have the linen breeches upon his flesh, and shall be girded with a linen girdle, and with the linen mitre shall he be attired: these are holy garments; therefore shall he wash his flesh in water, and so put them on.
Lev	16	5	וּמֵאֵת עֲדַת בְּנֵי יִשְׂרָאֵל יִקַּח שְׁנֵי־שְׂעִירֵי עִזִּים לְחַטָּאת וְאַיִל אֶחָד לְעֹלָה ׃	καὶ παρὰ τῆς συναγωγῆς τῶν υἱῶν Ἰσραὴλ λήμψεται δύο χιμάρους ἐξ αἰγῶν περὶ ἁμαρτίας καὶ κριὸν ἔνα εἰς ὁλοκαύτωμα.	suscipietque ab universa multitudine filiorum Israhel duos hircos pro peccato et unum arietem in holocaustum	Suscipietque ab universa multitudine filiorum Isral duos hircos pro peccato, et unum arietem in holocaustum.		And he shall take of the congregation of the children of Israel two kids of the goats for a sin offering, and one ram for a burnt offering.
Lev	16	6	וְהִקְרִיב אַהֲרֹן אֶת־פַּר הַחַטָּאת אֲשֶׁר־לוֹ וְכִפֶּר בַּעֲדוֹ וּבְעַד בֵּיתוֹ ׃	καὶ προσάξει Ἀαρὼν τὸν μόσχον τὸν περὶ τῆ, ἁμαρτίας αὐτοῦ, καὶ ἐξιλάσεται περὶ αὐτοῦ καὶ τοῦ οἴκου αὐτοῦ.	cumque obtulerit vitulum et oraverit pro se et pro domo sua	Cumque obtulerit vitulum, et oraverit pro se et pro domo sua,		And Aaron shall offer his bullock of the sin offering, which is for himself, and make an atonement for himself, and for his house.
Lev	16	7	וְלָקַח אֶת־שְׁנֵי הַשְּׂעִירִם וְהֶעֱמִיד אֹתָם לִפְנֵי יְהוָה פֶּתַח אֹהֶל מוֹעֵד ׃	καὶ λήμψεται τοὺς δύο χιμάρους καὶ στήσει αὐτοὺς ἔναντι κυρίου παρὰ τὴν θύραν τῆς σκηνῆς τοῦ μαρτυρίου·	duos hircos stare faciet coram Domino in ostio tabernaculi testimonii	duos hircos stare faciet coram Domino in ostio tabernaculi testimonii:		And he shall take the two goats, and present them before the Lord at the door of the tabernacle of the congregation.
Lev	16	8	וְנָתַן אַהֲרֹן עַל־שְׁנֵי הַשְּׂעִירִם גּוֹרָלוֹת גּוֹרָל אֶחָד לַיהוָה וְגוֹרָל אֶחָד לַעֲזָאזֵל ׃	καὶ ἐπιθήσει Ἀαρὼν ἐπὶ τοὺς δύο χιμάρους κλῆρον ἕνα τῷ κυρίῳ καὶ κλῆρον ἕνα τῷ ἀποπομπαίῳ.	mittens super utrumque sortem unam Domino et alteram capro emissario	mittensque super utrumque sortem, unam Domino, alteram capro emissario:		And Aaron shall cast lots upon the two goats; one lot for the Lord, and the other lot for the scapegoat.
Lev	16	9	וְהִקְרִיב אַהֲרֹן אֶת־הַשָּׂעִיר אֲשֶׁר עָלָה עָלָיו הַגּוֹרָל לַיהוָה וְעָשָׂהוּ חַטָּאת ׃	καὶ προσάξει Ἀαρὼν τὸν χίμαρον ἐφ’ ὃν ἐπῆλθεν ἐπ’ αὐτὸν ὁ κλῆρος τῷ κυρίῳ, καὶ προσοίσει περὶ ἁμαρτίας·	cuius sors exierit Domino offeret illum pro peccato	cujus exierit sors Domino, offeret illum pro peccato:		And Aaron shall bring the goat upon which the Lord's lot fell, and offer him for a sin offering.
Lev	16	10	וְהַשָּׂעִיר אֲשֶׁר עָלָה עָלָיו הַגּוֹרָל לַעֲזָאזֵל יָעֳמַד־חַי לִפְנֵי יְהוָה לְכַפֵּר עָלָיו לְשַׁלַּח אֹתוֹ לַעֲזָאזֵל הַמִּדְבָּרָה ׃	καὶ τὸν χίμαρον ἐφ’ ὃν ἐπῆλθεν ἐπ’ αὐτὸν ὁ κλῆρος τοῦ ἀποπομπαίου, στήσει αὐτὸν ἔναντι κυρίου ζῶντα τοῦ ἐξιλάσασθαι ἐπ’ αὐτοῦ, ὥστε ἀποστεῖλαι αὐτὸν εἰς τὴν ἀποπομπήν· ἀφήσει αὐτὸν εἰς τὴν ἔρημον.	cuius autem in caprum emissarium statuet eum vivum coram Domino ut fundat preces super eo et emittat illum in solitudinem	cujus autem in caprum emissarium, statuet eum vivum coram Domino, ut fundat preces super eo, et emittat eum in solitudinem.		But the goat, on which the lot fell to be the scapegoat, shall be presented alive before the Lord, to make an atonement with him, and to let him go for a scapegoat into the wilderness.
Lev	16	11	וְהִקְרִיב אַהֲרֹן אֶת־פַּר הַחַטָּאת אֲשֶׁר־לוֹ וְכִפֶּר בַּעֲדוֹ וּבְעַד בֵּיתוֹ וְשָׁחַט אֶת־פַּר הַחַטָּאת אֲשֶׁר־לוֹ ׃	καὶ προσάξει Ἀαρὼν τὸν μόσχον τὸν περὶ τῆς ἁμαρτίας τὸν αὑτοῦ καὶ τοῦ οἴκου αὐτοῦ μόνον, καὶ ἐξιλάσεται περὶ αὑτοῦ καὶ τοῦ οἴκου αὐτοῦ, καὶ σφάξει τὸν μόσχον τὸν περὶ τῆς ἁμαρτίας τὸν αὑτοῦ.	his rite celebratis offeret vitulum et rogans pro se et pro domo sua immolabit eum	His rite celebratis, offeret vitulum, et rogans pro se, et pro domo sua, immolabit eum:		And Aaron shall bring the bullock of the sin offering, which is for himself, and shall make an atonement for himself, and for his house, and shall kill the bullock of the sin offering which is for himself:
Lev	16	12	וְלָקַח מְלֹא־הַמַּחְתָּה גַּחֲלֵי־אֵשׁ מֵעַל הַמִּזְבֵּחַ מִלִּפְנֵי יְהוָה וּמְלֹא חָפְנָיו קְטֹרֶת סַמִּים דַּקָּה וְהֵבִיא מִבֵּית לַפָּרֹכֶת ׃	καὶ λήμψεται τὸ πυρεῖον πλῆρες ἀνθράκων πυρὸς ἀπὸ τοῦ θυσιαστηρίου τοῦ ἀπέναντι κυρίου, καὶ πλήσει τὰς χεῖρας θυμιάματος συνθέσεως λεπτῆς καὶ εἰσοίσει ἐσώτερον τοῦ καταπετάσματος,	adsumptoque turibulo quod de prunis altaris impleverit et hauriens manu conpositum thymiama in incensum ultra velum intrabit in sancta	assumptoque thuribulo, quod de prunis altaris impleverit, et hauriens manu compositum thymiama in incensum, ultra velum intrabit in sancta:		And he shall take a censer full of burning coals of fire from off the altar before the Lord, and his hands full of sweet incense beaten small, and bring it within the vail:
Lev	16	13	וְנָתַן אֶת־הַקְּטֹרֶת עַל־הָאֵשׁ לִפְנֵי יְהוָה וְכִסָּה עֲנַן הַקְּטֹרֶת אֶת־הַכַּפֹּרֶת אֲשֶׁר עַל־הָעֵדוּת וְלֹא יָמוּת ׃	καὶ ἐπιθήσει τὸ θυμίαμα ἐπὶ τὸ πῦρ ἔναντι κυρίου· καὶ καλύψει ἡ ἀτμὶς τοῦ θυμιάματος τὸ ἱλαστήριον τὸ ἐπὶ τῶν μαρτυρίων, καὶ οὐκ ἀποθανεῖται.	ut positis super ignem aromatibus nebula eorum et vapor operiat oraculum quod est super testimonium et non moriatur	ut, positis super ignem aromatibus, nebula eorum et vapor operiat oraculum quod est supra testimonium, et non moriatur.		And he shall put the incense upon the fire before the Lord, that the cloud of the incense may cover the mercy seat that is upon the testimony, that he die not:
Lev	16	14	וְלָקַח מִדַּם הַפָּר וְהִזָּה בְאֶצְבָּעוֹ עַל־פְּנֵי הַכַּפֹּרֶת קֵדְמָה וְלִפְנֵי הַכַּפֹּרֶת יַזֶּה שֶׁבַע־פְּעָמִים מִן־הַדָּם בְּאֶצְבָּעוֹ ׃	καὶ λήμψεται ἀπὸ τοῦ αἵματος τοῦ μόσχου καὶ ῥανεῖ τῷ δακτύλῳ ἐπὶ τὸ ἱλαστήριον κατὰ ἀνατολάς· κατὰ τοῦ ἱλαστηρίου ῥανεῖ ἑπτάκις ἀπὸ τοῦ αἵματος τῷ δακτύλῳ.	tollet quoque de sanguine vituli et asperget digito septies contra propitiatorium ad orientem	Tollet quoque de sanguine vituli, et asperget digito septies contra propitiatorium ad orientem.		And he shall take of the blood of the bullock, and sprinkle it with his finger upon the mercy seat eastward; and before the mercy seat shall he sprinkle of the blood with his finger seven times.
Lev	16	15	וְשָׁחַט אֶת־שְׂעִיר הַחַטָּאת אֲשֶׁר לָעָם וְהֵבִיא אֶת־דָּמוֹ אֶל־מִבֵּית לַפָּרֹכֶת וְעָשָׂה אֶת־דָּמוֹ כַּאֲשֶׁר עָשָׂה לְדַם הַפָּר וְהִזָּה אֹתוֹ עַל־הַכַּפֹּרֶת וְלִפְנֵי הַכַּפֹּרֶת ׃	καὶ σφάξει τὸν χίμαρον τὸν περὶ τῆς ἁμαρτίας τὸν περὶ τοῦ λαοῦ ἔναντι κυρίου, καὶ εἰσοίσει ἀπὸ τοῦ αἵματος αὐτοῦ ἐσώτερον τοῦ καταπετάσματος, καὶ ποιήσει τὸ αἷμα αὐτοῦ ὃν τρόπον ἐποίησεν τὸ αἷμα τοῦ μόσχου, καὶ ῥανεῖ τὸ αἷμα αὐτοῦ ἐπὶ τὸ ἱλαστήριον κατὰ πρόσωπον τοῦ ἱλαστηρίου,	cumque mactaverit hircum pro peccato populi inferet sanguinem eius intra velum sicut praeceptum est de sanguine vituli ut aspergat e regione oraculi	Cumque mactaverit hircum pro peccato populi, inferet sanguinem ejus intra velum, sicut prceptum est de sanguine vituli, ut aspergat e regione oraculi,		Then shall he kill the goat of the sin offering, that is for the people, and bring his blood within the vail, and do with that blood as he did with the blood of the bullock, and sprinkle it upon the mercy seat, and before the mercy seat:
Lev	16	16	וְכִפֶּר עַל־הַקֹּדֶשׁ מִטֻּמְאֹת בְּנֵי יִשְׂרָאֵל וּמִפִּשְׁעֵיהֶם לְכָל־חַטֹּאתָם וְכֵן יַעֲשֶׂה לְאֹהֶל מוֹעֵד הַשֹּׁכֵן אִתָּם בְּתוֹךְ טֻמְאֹתָם ׃	καὶ ἐξιλάσεται τὸ ἅγιον ἀπὸ τῶν ἀκαθαρσιῶν τῶν υἱῶν Ἰσραὴλ καὶ ἀπὸ τῶν ἀδικημάτων αὐτῶν περὶ πασῶν τῶν ἁμαρτιῶν αὐτῶν· καὶ οὕτω ποιήσει τῇ σκηνῇ τοῦ μαρτυρίου τῇ ἐκτισμένῃ ἐν αὐτοῖς ἐν μέσῳ τῆς ἀκαθαρσίας αὐτῶν.	et expiet sanctuarium ab inmunditiis filiorum Israhel et a praevaricationibus eorum cunctisque peccatis iuxta hunc ritum faciet tabernaculo testimonii quod fixum est inter eos in medio sordium habitationis eorum	et expiet sanctuarium ab immunditiis filiorum Isral, et a prvaricationibus eorum, cunctisque peccatis. Juxta hunc ritum faciet tabernaculo testimonii, quod fixum est inter eos, in medio sordium habitationis eorum.		And he shall make an atonement for the holy place, because of the uncleanness of the children of Israel, and because of their transgressions in all their sins: and so shall he do for the tabernacle of the congregation, that remaineth among them in the midst of their uncleanness.
Lev	16	17	וְכָל־אָדָם לֹא־יִהְיֶה בְּאֹהֶל מוֹעֵד בְּבֹאוֹ לְכַפֵּר בַּקֹּדֶשׁ עַד־צֵאתוֹ וְכִפֶּר בַּעֲדוֹ וּבְעַד בֵּיתוֹ וּבְעַד כָּל־קְהַל יִשְׂרָאֵל ׃	καὶ πᾶς ἄνθρωπος οὐκ ἔσται ἐν τῇ σκηνῇ τοῦ μαρτυρίου, εἰσπορευομένου αὐτοῦ ἐξιλάσασθαι ἐν τῷ ἁγίῳ, ἕως ἂν ἐξέλθῃ· καὶ ἐξιλάσεται περὶ αὑτοῦ καὶ τοῦ οἴκου αὐτοῦ, καὶ περὶ πάσης συναγωγῆς υἱῶν Ἰσραήλ.	nullus hominum sit in tabernaculo quando pontifex ingreditur sanctuarium ut roget pro se et pro domo sua et pro universo coetu Israhel donec egrediatur	Nullus hominum sit in tabernaculo, quando pontifex sanctuarium ingreditur, ut roget pro se, et pro domo sua, et pro universo ctu Isral, donec egrediatur.		And there shall be no man in the tabernacle of the congregation when he goeth in to make an atonement in the holy place, until he come out, and have made an atonement for himself, and for his household, and for all the congregation of Israel.
Lev	16	18	וְיָצָא אֶל־הַמִּזְבֵּחַ אֲשֶׁר לִפְנֵי־יְהוָה וְכִפֶּר עָלָיו וְלָקַח מִדַּם הַפָּר וּמִדַּם הַשָּׂעִיר וְנָתַן עַל־קַרְנוֹת הַמִּזְבֵּחַ סָבִיב ׃	καὶ ἐξελεύσεται ἐπὶ τὸ θυσιαστήριον τὸ ὂν ἀπέναντι Κυρίου καὶ ἐξιλάσεται ἐπ’ αὐτοῦ· καὶ λήμψεται ἀπὸ τοῦ αἵματος τοῦ μόσχου καὶ ἀπὸ τοῦ αἵματος τοῦ χιμάρου καὶ ἐπιθήσει ἐπὶ τὰ κέρατα τοῦ θυσιαστηρίου κύκλῳ,	cum autem exierit ad altare quod coram Domino est oret pro se et sumptum sanguinem vituli atque hirci fundat super cornua eius per gyrum	Cum autem exierit ad altare quod coram Domino est, oret pro se, et sumptum sanguinem vituli atque hirci fundat super cornua ejus per gyrum:		And he shall go out unto the altar that is before the Lord, and make an atonement for it; and shall take of the blood of the bullock, and of the blood of the goat, and put it upon the horns of the altar round about.
Lev	16	19	וְהִזָּה עָלָיו מִן־הַדָּם בְּאֶצְבָּעוֹ שֶׁבַע פְּעָמִים וְטִהֲרוֹ וְקִדְּשׁוֹ מִטֻּמְאֹת בְּנֵי יִשְׂרָאֵל ׃	καὶ ῥανεῖ ἐπ’ αὐτοῦ ἀπὸ τοῦ αἵματος τῷ ἑπτάκις καὶ καθαριεῖ αὐτό, καὶ ἁγιάσει αὐτὸ ἀπὸ τῶν ἅκ τῶν υἱῶν Ἰσραήλ.	aspergensque digito septies expiet et sanctificet illud ab inmunditiis filiorum Israhel	aspergensque digito septies, expiet, et sanctificet illud ab immunditiis filiorum Isral.		And he shall sprinkle of the blood upon it with his finger seven times, and cleanse it, and hallow it from the uncleanness of the children of Israel.
Lev	16	20	וְכִלָּה מִכַּפֵּר אֶת־הַקֹּדֶשׁ וְאֶת־אֹהֶל מוֹעֵד וְאֶת־הַמִּזְבֵּחַ וְהִקְרִיב אֶת־הַשָּׂעִיר הֶחָי ׃	καὶ συντελέσει ἐξιλασκόμενος τὸ ἅγιον καὶ τὴν σκηνὴν τοῦ μαρτυρίου καὶ τὸ θυσιαστήριον, καὶ περὶ τῶν ἱερέων καθαριεῖ· καὶ προσάξει τὸν χίμαρον τὸν ζῶντα.	postquam emundarit sanctuarium et tabernaculum et altare tunc offerat hircum viventem	Postquam emundaverit sanctuarium, et tabernaculum, et altare, tunc offerat hircum viventem:		And when he hath made an end of reconciling the holy place, and the tabernacle of the congregation, and the altar, he shall bring the live goat:
Lev	16	21	וְסָמַךְ אַהֲרֹן אֶת־שְׁתֵּי יָדוֹ עַל רֹאשׁ הַשָּׂעִיר הַחַי וְהִתְוַדָּה עָלָיו אֶת־כָּל־עֲוֹנֹת בְּנֵי יִשְׂרָאֵל וְאֶת־כָּל־פִּשְׁעֵיהֶם לְכָל־חַטֹּאתָם וְנָתַן אֹתָם עַל־רֹאשׁ הַשָּׂעִיר וְשִׁלַּח בְּיַד־אִישׁ עִתִּי הַמִּדְבָּרָה ׃	καὶ ἐπιθήσει Ἀαρὼν τὰς χεῖρας αὐτοῦ ἐπὶ τὴν κεφαλὴν τοῦ χιμάρου τοῦ καὶ ἐξαγορεύσει ἐπ’ αὐτοῦ πάσας τὰς ἀνομίας τῶν υἱῶν ’l πάσας τὰς ἀδικίας αὐτῶν καὶ πάσας τὰς ἁμαρτίας αὐτῶν, καὶ ἐπιθήσει αὐτὰς ἐπὶ τὴν κεφαλὴν τοῦ χιμάρου τοῦ ζῶντος, καὶ ἐξαποστελεῖ ἐν χειρὶ ἀνθρώπου ἑτοίμου εἰς τὴν ἔρημον·	et posita utraque manu super caput eius confiteatur omnes iniquitates filiorum Israhel et universa delicta atque peccata eorum quae inprecans capiti eius emittet illum per hominem paratum in desertum	et posita utraque manu super caput ejus, confiteatur omnes iniquitates filiorum Isral, et universa delicta atque peccata eorum: qu imprecans capiti ejus, emittet illum per hominem paratum, in desertum.		And Aaron shall lay both his hands upon the head of the live goat, and confess over him all the iniquities of the children of Israel, and all their transgressions in all their sins, putting them upon the head of the goat, and shall send him away by the hand of a fit man into the wilderness:
Lev	16	22	וְנָשָׂא הַשָּׂעִיר עָלָיו אֶת־כָּל־עֲוֹנֹתָם אֶל־אֶרֶץ גְּזֵרָה וְשִׁלַּח אֶת־הַשָּׂעִיר בַּמִּדְבָּר ׃	καὶ λήμψεται ὁ χίμαρος ἐφ’ ἑαυτῷ τὰς ἀδικίας αὐτῶν εἰς γῆν ἄβατον, καὶ ἐξαποστελεῖ τὸν χίμαρον εἰς τὴν ἔρημον.	cumque portaverit hircus omnes iniquitates eorum in terram solitariam et dimissus fuerit in deserto	Cumque portaverit hircus omnes iniquitates eorum in terram solitariam, et dimissus fuerit in deserto,		And the goat shall bear upon him all their iniquities unto a land not inhabited: and he shall let go the goat in the wilderness.
Lev	16	23	וּבָא אַהֲרֹן אֶל־אֹהֶל מוֹעֵד וּפָשַׁט אֶת־בִּגְדֵי הַבָּד אֲשֶׁר לָבַשׁ בְּבֹאוֹ אֶל־הַקֹּדֶשׁ וְהִנִּיחָם שָׁם ׃	καὶ εἰσελεύσεται Ἀαρὼν εἰς τὴν σκηνὴν τοῦ μαρτυρίου, καὶ ἐκδύσεται τὴν στολὴν τὴν λινῆν ἣν ἐνδεδύκει εἰσπορευομένου αὐτοῦ εἰς τὸ ἄγιον, καὶ ἀποθήσει αὐτὴν ἐκεῖ.	revertetur Aaron in tabernaculum testimonii et depositis vestibus quibus prius indutus erat cum intraret sanctuarium relictisque ibi	revertetur Aaron in tabernaculum testimonii, et depositis vestibus, quibus prius indutus erat, cum intraret sanctuarium, relictisque ibi,		And Aaron shall come into the tabernacle of the congregation, and shall put off the linen garments, which he put on when he went into the holy place, and shall leave them there:
Lev	16	24	וְרָחַץ אֶת־בְּשָׂרוֹ בַמַּיִם בְּמָקוֹם קָדוֹשׁ וְלָבַשׁ אֶת־בְּגָדָיו וְיָצָא וְעָשָׂה אֶת־עֹלָתוֹ וְאֶת־עֹלַת הָעָם וְכִפֶּר בַּעֲדוֹ וּבְעַד הָעָם ׃	καὶ λούσεται τὸ σῶμα αὐτοῦ ὕδατι ἐν τόπῳ ἁγίῳ καὶ ἐνδύαὐτοῦ, καὶ ἐξελθὼν ποιήσει τὸ ὁλοκάρπωμα αὐτοῦ καὶ τὸ ὁλοκάρπωμα τοῦ λαοῦ, καὶ ἐξιλάσεται περὶ αὑτοῦ καὶ περὶ τοῦ οἴκου αὐτοῦ καὶ περὶ τοῦ λαοῦ ὡς περὶ τῶν ἱερέων.	lavabit carnem suam in loco sancto indueturque vestimentis suis et postquam egressus obtulerit holocaustum suum ac plebis rogabit tam pro se quam pro populo	lavabit carnem suam in loco sancto, indueturque vestibus suis. Et postquam egressus obtulerit holocaustum suum, ac plebis, rogabit tam pro se quam pro populo:		And he shall wash his flesh with water in the holy place, and put on his garments, and come forth, and offer his burnt offering, and the burnt offering of the people, and make an atonement for himself, and for the people.
Lev	16	25	וְאֵת חֵלֶב הַחַטָּאת יַקְטִיר הַמִּזְבֵּחָה ׃	καὶ τὸ στέαρ τὸ περὶ τῶν ἁμαρτιῶν ἀνοίσει ἐπὶ τὸ θυσιαστήριον.	et adipem qui oblatus est pro peccatis adolebit super altare	et adipem, qui oblatus est pro peccatis, adolebit super altare.		And the fat of the sin offering shall he burn upon the altar.
Lev	16	26	וְהַמְשַׁלֵּחַ אֶת־הַשָּׂעִיר לַעֲזָאזֵל יְכַבֵּס בְּגָדָיו וְרָחַץ אֶת־בְּשָׂרוֹ בַּמָּיִם וְאַחֲרֵי־כֵן יָבוֹא אֶל־הַמַּחֲנֶה ׃	καὶ ὁ ἐξαποστέλλων τὸν χίμαρον τὸν διεσταλμένον εἰς ἄφεσιν πλυνεῖ τὰ ἱμάτια καὶ λούσεται τὸ σῶμα αὐτοῦ ὕδατι, καὶ μετὰ ταῦτα εἰσελεύσεται εἰς τὴν παρεμβολήν.	ille vero qui dimiserit caprum emissarium lavabit vestimenta sua et corpus aqua et sic ingredietur in castra	Ille vero, qui dimiserit caprum emissarium, lavabit vestimenta sua, et corpus aqua, et sic ingredietur in castra.		And he that let go the goat for the scapegoat shall wash his clothes, and bathe his flesh in water, and afterward come into the camp.
Lev	16	27	וְאֵת פַּר הַחַטָּאת וְאֵת שְׂעִיר הַחַטָּאת אֲשֶׁר הוּבָא אֶת־דָּמָם לְכַפֵּר בַּקֹּדֶשׁ יוֹצִיא אֶל־מִחוּץ לַמַּחֲנֶה וְשָׂרְפוּ בָאֵשׁ אֶת־עֹרֹתָם וְאֶת־בְּשָׂרָם וְאֶת־פִּרְשָׁם ׃	καὶ τὸν μόσχον τὸν περὶ τῆς ἁμαρτίας καὶ τὸν χίμαρον τὸν περὶ τῆς ἁμαρτίας, ὧν τὸ αἷμα εἰσηνέχθη ἐξιλάσασθαι ἐν τῷ ἁγίῳ, ἐξοίσουσιν αὐτά ἵξω τῆς παρεμβολῆς, καὶ κατακαύσουσιν αὐτὰ ἐν πυρί, καὶ τὰ δέρματα αὐτῶν καὶ τὰ κρέα αὐτῶν καὶ τὴν κόπρον αὐτῶν·	vitulum autem et hircum qui pro peccato fuerant immolati et quorum sanguis inlatus est ut in sanctuario expiatio conpleretur asportabunt foras castra et conburent igni tam pelles quam carnes eorum et fimum	Vitulum autem, et hircum, qui pro peccato fuerant immolati, et quorum sanguis illatus est in sanctuarium, ut expiatio compleretur, asportabunt foras castra, et comburent igni tam pelles quam carnes eorum, ac fimum:		And the bullock for the sin offering, and the goat for the sin offering, whose blood was brought in to make atonement in the holy place, shall one carry forth without the camp; and they shall burn in the fire their skins, and their flesh, and their dung.
Lev	16	28	וְהַשֹּׂרֵף אֹתָם יְכַבֵּס בְּגָדָיו וְרָחַץ אֶת־בְּשָׂרוֹ בַּמָּיִם וְאַחֲרֵי־כֵן יָבוֹא אֶל־הַמַּחֲנֶה ׃	ὁ δὲ κατακαίων αὐτὰ πλυνεῖ τὰ ἱμάτια καὶ λούσεται τὸ σῶμα αὐτοῦ ὕδατι, καὶ μετὰ ταῦτα εἰσελεύσεται εἰς τὴν παρεμβολήν.	et quicumque conbuserit ea lavabit vestimenta sua et carnem aqua et sic ingredietur in castra	et quicumque combusserit ea, lavabit vestimenta sua et carnem aqua, et sic ingredietur in castra.		And he that burneth them shall wash his clothes, and bathe his flesh in water, and afterward he shall come into the camp.
Lev	16	29	וְהָיְתָה לָכֶם לְחֻקַּת עוֹלָם בַּחֹדֶשׁ הַשְּׁבִיעִי בֶּעָשׂוֹר לַחֹדֶשׁ תְּעַנּוּ אֶת־נַפְשֹׁתֵיכֶם וְכָל־מְלָאכָה לֹא תַעֲשׂוּ הָאֶזְרָח וְהַגֵּר הַגָּר בְּתוֹכְכֶם ׃	Καὶ ἕαται τοῦτο ὑμῖν νόμιμον αἰώνιον· ἐν τῷ μηνὶ τῷ ἑβδόμῳ ταπεινώσατε τὰς ψυχὰς ὑμῶν καὶ πᾶν ἔργον οὐ ποιήσετε, ὁ αὐτόχθων καὶ ὁ προσήλυτος ὁ προσκείμενος ἐν ὑμῖν.	eritque hoc vobis legitimum sempiternum mense septimo decima die mensis adfligetis animas vestras nullumque facietis opus sive indigena sive advena qui peregrinatur inter vos	Eritque vobis hoc legitimum sempiternum: mense septimo, decima die mensis, affligetis animas vestras, nullumque opus facietis, sive indigena, sive advena qui peregrinatur inter vos.		And this shall be a statute for ever unto you: that in the seventh month, on the tenth day of the month, ye shall afflict your souls, and do no work at all, whether it be one of your own country, or a stranger that sojourneth among you:
Lev	16	30	כִּי־בַיּוֹם הַזֶּה יְכַפֵּר עֲלֵיכֶם לְטַהֵר אֶתְכֶם מִכֹּל חַטֹּאתֵיכֶם לִפְנֵי יְהוָה תִּטְהָרוּ ׃	ἐν γὰρ τῇ ἡμέρᾳ ταύτῃ ἐξιλάσεται περὶ ὑμῶν, καθαρίσαι ὑμᾶς ἀπὸ πασῶν τῶν ἁμαρτιῶν ὑμῶν ἔναντι κυρίου· καὶ καθαρισθήσεσθε.	in hac die expiatio erit vestri atque mundatio ab omnibus peccatis vestris coram Domino mundabimini	In hac die expiatio erit vestri, atque mundatio ab omnibus peccatis vestris: coram Domino mundabimini.		For on that day shall the priest make an atonement for you, to cleanse you, that ye may be clean from all your sins before the Lord.
Lev	16	31	שַׁבַּת שַׁבָּתוֹן הִיא לָכֶם וְעִנִּיתֶם אֶת־נַפְשֹׁתֵיכֶם חֻקַּת עוֹלָם ׃	σάββατα σαββάτων ἀνάπαυσις αὕτη ἔσται ὑμῖν, καὶ ταπεινώσετε τὰς ψυχὰς ὑμῶν· νόμιμον αἰώνιον.	sabbatum enim requietionis est et adfligetis animas vestras religione perpetua	Sabbatum enim requietionis est, et affligetis animas vestras religione perpetua.		It shall be a sabbath of rest unto you, and ye shall afflict your souls, by a statute for ever.
Lev	16	32	וְכִפֶּר הַכֹּהֵן אֲשֶׁר־יִמְשַׁח אֹתוֹ וַאֲשֶׁר יְמַלֵּא אֶת־יָדוֹ לְכַהֵן תַּחַת אָבִיו וְלָבַשׁ אֶת־בִּגְדֵי הַבָּד בִּגְדֵי הַקֹּדֶשׁ ׃	ἐξιλάσεται ὁ ἱερεύς, ὃν ἂν χρίσωσιν αὐτὸν καὶ ὃν ἃν τελειώσουσιν τὰς χεῖρας αὐτοῦ ἱερατεύειν μετὰ τὸν πατέρα αὐτοῦ, καὶ ἐνδύσεται τὴν στολὴν τὴν λινῆν, στολὴν ἁγίαν·	expiabit autem sacerdos qui unctus fuerit et cuius initiatae manus ut sacerdotio fungatur pro patre suo indueturque stola linea et vestibus sanctis	Expiabit autem sacerdos, qui unctus fuerit, et cujus manus initiat sunt ut sacerdotio fungatur pro patre suo: indueturque stola linea et vestibus sanctis,		And the priest, whom he shall anoint, and whom he shall consecrate to minister in the priest's office in his father's stead, shall make the atonement, and shall put on the linen clothes, even the holy garments:
Lev	16	33	וְכִפֶּר אֶת־מִקְדַּשׁ הַקֹּדֶשׁ וְאֶת־אֹהֶל מוֹעֵד וְאֶת־הַמִּזְבֵּחַ יְכַפֵּר וְעַל הַכֹּהֲנִים וְעַל־כָּל־עַם הַקָּהָל יְכַפֵּר ׃	καὶ ἐξιλάσεται τὸ ἅγιον τοῦ ἁγίου, καὶ τὴν σκηνὴν τοῦ μαρτυρίου καὶ τὸ θυσιαστήριον ἐξιλάσεται, καὶ περὶ τῶν ἱερέων καὶ περὶ πάσης συναγωγῆς ἐξιλάσεται.	et expiabit sanctuarium et tabernaculum testimonii atque altare sacerdotes quoque et universum populum	et expiabit sanctuarium et tabernaculum testimonii atque altare, sacerdotes quoque et universum populum.		And he shall make an atonement for the holy sanctuary, and he shall make an atonement for the tabernacle of the congregation, and for the altar, and he shall make an atonement for the priests, and for all the people of the congregation.
Lev	16	34	וְהָיְתָה־זֹּאת לָכֶם לְחֻקַּת עוֹלָם לְכַפֵּר עַל־בְּנֵי יִשְׂרָאֵל מִכָּל־חַטֹּאתָם אַחַת בַּשָּׁנָה וַיַּעַשׂ כַּאֲשֶׁר צִוָּה יְהוָה אֶת־מֹשֶׁה ׃ פ	καὶ ἔσται τοῦτο ὑμῖν νόμιμον αἰώνιον ἐξιλάσκεσθαι περὶ τῶν υἱῶν Ἰσραὴλ ἀπὸ πασῶν τῶν ἁμαρτιῶν αὐτῶν· ἅπαξ τοῦ ἐνιαυτοῦ ποιηθήσεται, καθὰ συνέταξεν κύριος τῶ Μωυσῇ.	eritque hoc vobis legitimum sempiternum ut oretis pro filiis Israhel et pro cunctis peccatis eorum semel in anno fecit igitur sicut praeceperat Dominus Mosi	Eritque vobis hoc legitimum sempiternum, ut oretis pro filiis Isral, et pro cunctis peccatis eorum semel in anno. Fecit igitur sicut prceperat Dominus Moysi.		And this shall be an everlasting statute unto you, to make an atonement for the children of Israel for all their sins once a year. And he did as the Lord commanded Moses.
Lev	17	1	וַיְדַבֵּר יְהוָה אֶל־מֹשֶׁה לֵּאמֹר ׃	Καὶ ἐλάλησεν κύριος πρὸς Μωυσῆν λέγων	et locutus est Dominus ad Mosen dicens	Et locutus est Dominus ad Moysen, dicens:		And the Lord spake unto Moses, saying,
Lev	17	2	דַּבֵּר אֶל־אַהֲרֹן וְאֶל־בָּנָיו וְאֶל כָּל־בְּנֵי יִשְׂרָאֵל וְאָמַרְתָּ אֲלֵיהֶם זֶה הַדָּבָר אֲשֶׁר־צִוָּה יְהוָה לֵאמֹר ׃	Λάλησον πρὸς Ἀαρὼν καὶ πρὸς τοὺς υἱοὺς αὐτοῦ καὶ πρὸς πάντας υἱοὺς Ἰσραὴλ καὶ ἐρεῖς πρὸς αὐτούς τοῦτο τὸ ῥῆμα ὃ ἐνετείλατο Κύριος λέγων	loquere Aaron et filiis eius et cunctis filiis Israhel et dices ad eos iste est sermo quem mandavit Dominus dicens	Loquere Aaron et filiis ejus, et cunctis filiis Isral, dicens ad eos: Iste est sermo quem mandavit Dominus, dicens:		Speak unto Aaron, and unto his sons, and unto all the children of Israel, and say unto them; This is the thing which the Lord hath commanded, saying,
Lev	17	3	אִישׁ אִישׁ מִבֵּית יִשְׂרָאֵל אֲשֶׁר יִשְׁחַט שׁוֹר אוֹ־כֶשֶׂב אוֹ־עֵז בַּמַּחֲנֶה אוֹ אֲשֶׁר יִשְׁחַט מִחוּץ לַמַּחֲנֶה ׃	Ἄνθρωπος ἄνθρωπος τῶν υἱῶν Ἰσραὴλ ἢ τῶν προσηλύτων ἢ τῶν πρὸ ἐν ὑμῖν ὄις ἂν σφάξῃ μόσχον ἢ πρόβατον ἢ αἶγα ἐν τῇ παρεμβολῇ καὶ ὃς ἂν σφάξῃ ἔξω τῆς παρεμβολῆς	homo quilibet de domo Israhel si occiderit bovem aut ovem sive capram in castris vel extra castra	Homo quilibet de domo Isral, si occiderit bovem aut ovem, sive capram, in castris vel extra castra,		What man soever there be of the house of Israel, that killeth an ox, or lamb, or goat, in the camp, or that killeth it out of the camp,
Lev	17	4	וְאֶל־פֶּתַח אֹהֶל מוֹעֵד לֹא הֱבִיאוֹ לְהַקְרִיב קָרְבָּן לַיהוָה לִפְנֵי מִשְׁכַּן יְהוָה דָּם יֵחָשֵׁב לָאִישׁ הַהוּא דָּם שָׁפָךְ וְנִכְרַת הָאִישׁ הַהוּא מִקֶּרֶב עַמּוֹ ׃	καὶ ἐπὶ τὴν θύραν τῆς σκηνῆς τοῦ μαρτυρίου μὴ ἐνέγκῃ ὥστε ποιῆσαι αὐτὸ εἰς ὁλοκαύτωμα ἢ σωτήριον κυρίῳ δεκτὸν εἰς ὀσμὴν εὐωδίας, καὶ ὃς ἂν σφάξῃ ἔξω καὶ ἐπὶ τὴν θύραν τῆς σκηνῆς τοῦ μαρτυρίου μὴ ἐνέγκῃ αὐτὸ ὥστε μὴ προσεωέγκαι δῶρον Κυρίῳ ἀπέναντι τῆς σκηνῆς κυρίου, καὶ λογισθήσεται τῷ ἀνθρώπῳ ἐκείνῳ αἷμα· αἷμα ἐξέχ·εεν, ἐξολεθρευθήσεται ἡ ψυχὴ ἐκείνη ἐκ τοῦ λαοῦ αὐτῆς.	et non obtulerit ad ostium tabernaculi oblationem Domino sanguinis reus erit quasi sanguinem fuderit sic peribit de medio populi sui	et non obtulerit ad ostium tabernaculi oblationem Domino, sanguinis reus erit: quasi si sanguinem fuderit, sic peribit de medio populi sui.		And bringeth it not unto the door of the tabernacle of the congregation, to offer an offering unto the Lord before the tabernacle of the Lord; blood shall be imputed unto that man; he hath shed blood; and that man shall be cut off from among his people:
Lev	17	5	לְמַעַן אֲשֶׁר יָבִיאוּ בְּנֵי יִשְׂרָאֵל אֶת־זִבְחֵיהֶם אֲשֶׁר הֵם זֹבְחִים עַל־פְּנֵי הַשָּׂדֶה וֶהֱבִיאֻם לַיהוָה אֶל־פֶּתַח אֹהֶל מוֹעֵד אֶל־הַכֹּהֵן וְזָבְחוּ זִבְחֵי שְׁלָמִים לַיהוָה אוֹתָם ׃	ὃπως ἀναφέρωσιν οἱ υἱοὶ Ἰσραὴλ τὰς θυσίας αὐτῶν ὅσας ἂν αὐτοὶ σφάξουσιν ἐν τοῖς πεδίοις, καὶ οἴσουσιν τῷ κυρίῳ ἐπὶ τὰς θύρας τῆς σκηνῆς τοῦ μαρτυρίου πρὸς τὸν ἱερέα, καὶ θύσουσιν θυσίαν σωτηρίου τῷ κυρίῳ αὐτά·	ideo offerre debent sacerdoti filii Israhel hostias suas quas occidunt in agro ut sanctificentur Domino ante ostium tabernaculi testimonii et immolent eas hostias pacificas Domino	Ideo sacerdoti offerre debent filii Isral hostias suas, quas occident in agro, ut sanctificentur Domino ante ostium tabernaculi testimonii, et immolent eas hostias pacificas Domino.		To the end that the children of Israel may bring their sacrifices, which they offer in the open field, even that they may bring them unto the Lord, unto the door of the tabernacle of the congregation, unto the priest, and offer them for peace offerings unto the Lord.
Lev	17	6	וְזָרַק הַכֹּהֵן אֶת־הַדָּם עַל־מִזְבַּח יְהוָה פֶּתַח אֹהֶל מוֹעֵד וְהִקְטִיר הַחֵלֶב לְרֵיחַ נִיחֹחַ לַיהוָה ׃	καὶ προσχεεῖ ὁ ἱερεὺς τὸ αἷμα ἐπὶ τὸ θυσιαστήριον κύκλῳ ἀπέναντι Τυρίου παρὰ τὰς θύρας τῆς σκηνῆς τοῦ μαρτυρίου, καὶ ἀνοίσει τὸ στέαρ εἰς ὀσμὴν εὐωδίας Τυρίῳ·	fundetque sacerdos sanguinem super altare Domini ad ostium tabernaculi testimonii et adolebit adipem in odorem suavitatis Domino	Fundetque sacerdos sanguinem super altare Domini ad ostium tabernaculi testimonii, et adolebit adipem in odorem suavitatis Domino:		And the priest shall sprinkle the blood upon the altar of the Lord at the door of the tabernacle of the congregation, and burn the fat for a sweet savour unto the Lord.
Lev	17	7	וְלֹא־יִזְבְּחוּ עוֹד אֶת־זִבְחֵיהֶם לַשְּׂעִירִם אֲשֶׁר הֵם זֹנִים אַחֲרֵיהֶם חֻקַּת עוֹלָם תִּהְיֶה־זֹּאת לָהֶם לְדֹרֹתָם ׃	καὶ οὐ θύσουσιν ἔτι τὰς θυσίας αὐτῶν τοῖς ματαίοις, οἷς αὐτοὶ ἐκπορνεύουσιν ὀπίσω αὐτῶν· νόμιμον αἰώνιον ἱστᾶι ὑμῖν εἰς τὰς γενεὰς ὑμῶν.	et nequaquam ultra immolabunt hostias suas daemonibus cum quibus fornicati sunt legitimum sempiternum erit illis et posteris eorum	et nequaquam ultra immolabunt hostias suas dmonibus, cum quibus fornicati sunt. Legitimum sempiternum erit illis et posteris eorum.		And they shall no more offer their sacrifices unto devils, after whom they have gone a whoring. This shall be a statute for ever unto them throughout their generations.
Lev	17	8	וַאֲלֵהֶם תֹּאמַר אִישׁ אִישׁ מִבֵּית יִשְׂרָאֵל וּמִן־הַגֵּר אֲשֶׁר־יָגוּר בְּתוֹכָם אֲשֶׁר־יַעֲלֶה עֹלָה אוֹ־זָבַח ׃	Καὶ ἐρεῖς πρὸς αὐτούς Ἅνθρωπος ἄνθρωπος τῶν υἱῶν Ἰσραὴλ καὶ ἀπὸ τῶν υἱῶν τῶν προσηλύτων τῶν προσκειμένων ἐν ὑμῖν ὃς ἂν ποιήσῃ ὁλοκαύτωμα ἢ θυσίαν	et ad ipsos dices homo de domo Israhel et de advenis qui peregrinantur apud vos qui obtulerit holocaustum sive victimam	Et ad ipsos dices: Homo de domo Isral, et de advenis qui peregrinantur apud vos, qui obtulerit holocaustum sive victimam,		And thou shalt say unto them, Whatsoever man there be of the house of Israel, or of the strangers which sojourn among you, that offereth a burnt offering or sacrifice,
Lev	17	9	וְאֶל־פֶּתַח אֹהֶל מוֹעֵד לֹא יְבִיאֶנּוּ לַעֲשׂוֹת אֹתוֹ לַיהוָה וְנִכְרַת הָאִישׁ הַהוּא מֵעַמָּיו ׃	καὶ ἐπὶ τὴν θύραν τῆς σκηνῆς τοῦ μαρτυρίου μὴ ἐνέγκῃ ποιῆσαι αὐτὸ τῷ κυρίῳ, ἐξολεθρευθήσεται ὁ ἄνθρωπος ἐκεῖνος ἐκ τοῦ λαοῦ αὐτοῦ.	et ad ostium tabernaculi testimonii non adduxerit eam ut offeratur Domino interibit de populo suo	et ad ostium tabernaculi testimonii non adduxerit eam, ut offeratur Domino, interibit de populo suo.		And bringeth it not unto the door of the tabernacle of the congregation, to offer it unto the Lord; even that man shall be cut off from among his people.
Lev	17	10	וְאִישׁ אִישׁ מִבֵּית יִשְׂרָאֵל וּמִן־הַגֵּר הַגָּר בְּתוֹכָם אֲשֶׁר יֹאכַל כָּל־דָּם וְנָתַתִּי פָנַי בַּנֶּפֶשׁ הָאֹכֶלֶת אֶת־הַדָּם וְהִכְרַתִּי אֹתָהּ מִקֶּרֶב עַמָּהּ ׃	Καὶ ἄνθρωπος ἄνθρωπος τῶν υἱῶν Ἰσραὴλ ἢ τῶν προσηλύτων τῶν προσκειμένων ἐν ὑμῖν ὃς ἂν φάγῃ πᾶν αἷμα, καὶ ἐπιστήσω τὸ πρόσωπόν μου ἐπὶ τὴν ψυχὴν τὴν ἔσθουσαν τὸ αἷμα καὶ ἀπολῶ αὐτὴν ἐκ τοῦ λαοῦ αὐτῆς.	homo quilibet de domo Israhel et de advenis qui peregrinantur inter eos si comederit sanguinem obfirmabo faciem meam contra animam illius et disperdam eam de populo suo	Homo quilibet de domo Isral et de advenis qui pereginantur inter eos, si comederit sanguinem, obfirmabo faciem meam contra animam illius, et disperdam eam de populo suo,		And whatsoever man there be of the house of Israel, or of the strangers that sojourn among you, that eateth any manner of blood; I will even set my face against that soul that eateth blood, and will cut him off from among his people.
Lev	17	11	כִּי נֶפֶשׁ הַבָּשָׂר בַּדָּם הִוא וַאֲנִי נְתַתִּיו לָכֶם עַל־הַמִּזְבֵּחַ לְכַפֵּר עַל־נַפְשֹׁתֵיכֶם כִּי־הַדָּם הוּא בַּנֶּפֶשׁ יְכַפֵּר ׃	ἡ γὰρ ψυχὴ πάσης σαρκὸς αἷμα αὐτοῦ ἐστιν, καὶ ἐγὼ δέδωκα αὐτὸ ὑμῖν ἐπὶ τοῦ θυσιαστηρίου ἑ περὶ τῶν ψυχῶν ὑμῶν· τὸ γὰρ αἷμα αὐτοῦ ἀντὶ τῆς λάσεται.	quia anima carnis in sanguine est et ego dedi illum vobis ut super altare in eo expietis pro animabus vestris et sanguis pro animae piaculo sit	quia anima carnis in sanguine est: et ego dedi illum vobis, ut super altare in eo expietis pro animabus vestris, et sanguis pro anim piaculo sit.		For the life of the flesh is in the blood: and I have given it to you upon the altar to make an atonement for your souls: for it is the blood that maketh an atonement for the soul.
Lev	17	12	עַל־כֵּן אָמַרְתִּי לִבְנֵי יִשְׂרָאֵל כָּל־נֶפֶשׁ מִכֶּם לֹא־תֹאכַל דָּם וְהַגֵּר הַגָּר בְּתוֹכְכֶם לֹא־יֹאכַל דָּם ׃ ס	διὰ τοῦτο εἴρηκα τοῖς υἱοῖς Ἰσραήλ Πᾶσα ψυχὴ ἐξ ὑμῶν οὐ φάγεται αἷμα, καὶ ὁ προσήλυτος ὁ προσκείμενος ἐν ὑμῖν οὐ Φάγεται αἷμα.	idcirco dixi filiis Israhel omnis anima ex vobis non comedet sanguinem nec ex advenis qui peregrinantur inter vos	Idcirco dixi filiis Isral: Omnis anima ex vobis non comedet sanguinem, nec ex advenis qui peregrinantur apud vos.		Therefore I said unto the children of Israel, No soul of you shall eat blood, neither shall any stranger that sojourneth among you eat blood.
Lev	17	13	וְאִישׁ אִישׁ מִבְּנֵי יִשְׂרָאֵל וּמִן־הַגֵּר הַגָּר בְּתוֹכָם אֲשֶׁר יָצוּד צֵיד חַיָּה אוֹ־עוֹף אֲשֶׁר יֵאָכֵל וְשָׁפַךְ אֶת־דָּמוֹ וְכִסָּהוּ בֶּעָפָר ׃	καὶ ἄνθρωπος ἄνθρωπος τῶν υἱῶν Ἰσραὴλ καὶ τῶν προσηλύτων τῶν προσκειμένων ἐν ὑμῖν ὃς ἂν θηρεύσῃ θήρευμα θηρίον ἢ πετεινὸν ὃ ἔσθεται, καὶ ἐκχεεῖ τὸ αἷμα καὶ καλύψει αὐτὸ τῇ γῇ.	homo quicumque de filiis Israhel et de advenis qui peregrinantur apud vos si venatione atque aucupio ceperit feram vel avem quibus vesci licitum est fundat sanguinem eius et operiat illum terra	Homo quicumque de filiis Isral, et de advenis qui peregrinantur apud vos, si venatione atque aucupio ceperit feram, vel avem, quibus vesci licitum est, fundat sanguinem ejus, et operiat illum terra.		And whatsoever man there be of the children of Israel, or of the strangers that sojourn among you, which hunteth and catcheth any beast or fowl that may be eaten; he shall even pour out the blood thereof, and cover it with dust.
Lev	17	14	כִּי־נֶפֶשׁ כָּל־בָּשָׂר דָּמוֹ בְנַפְשׁוֹ הוּא וָאֹמַר לִבְנֵי יִשְׂרָאֵל דַּם כָּל־בָּשָׂר לֹא תֹאכֵלוּ כִּי נֶפֶשׁ כָּל־בָּשָׂר דָּמוֹ הִוא כָּל־אֹכְלָיו יִכָּרֵת ׃	ἡ γὰρ ψυχὴ πάσης σαρκὸς αἷμα αὐτοῦ ἐστιν, καὶ εἶπα τοῖς υἱοῖς Ἰσραήλ Αἷμα πάσης σαρκὸς οὐ φάγεσθε, ὅτι ἡ ψυχὴ πόσης σαρκὸς αἷμα αὐτοῦ ἐστίν· πᾶς ὁ ἔσθων αὐτὸ ἐξολεθρευθήσεται.	anima enim omnis carnis in sanguine est unde dixi filiis Israhel sanguinem universae carnis non comedetis quia anima carnis in sanguine est et quicumque comederit illum interibit	Anima enim omnis carnis in sanguine est: unde dixi filiis Isral: Sanguinem univers carnis non comedetis, quia anima carnis in sanguine est: et quicumque comederit illum, interibit.		For it is the life of all flesh; the blood of it is for the life thereof: therefore I said unto the children of Israel, Ye shall eat the blood of no manner of flesh: for the life of all flesh is the blood thereof: whosoever eateth it shall be cut off.
Lev	17	15	וְכָל־נֶפֶשׁ אֲשֶׁר תֹּאכַל נְבֵלָה וּטְרֵפָה בָּאֶזְרָח וּבַגֵּר וְכִבֶּס בְּגָדָיו וְרָחַץ בַּמַּיִם וְטָמֵא עַד־הָעֶרֶב וְטָהֵר ׃	καὶ πᾶσα ψυχὴ ἥτις φάγεται θνησιμαῖον ἢ θηριάλωτον, ἐν τοι αὐτόχθοσιν ἢ ἐν τοῖς προσηλύτοις, πλυνεῖ τὰ ἱμάτια αὐτοῦ καὶ λούσεται ὕδατι, καὶ ἀκάθαρτος ἕως ἑσπέρας, καὶ καθαρὸς ἔσται.	anima quae comederit morticinum vel captum a bestia tam de indigenis quam de advenis lavabit vestes suas et semet ipsum aqua et contaminatus erit usque ad vesperum et hoc ordine mundus fiet	Anima, qu comederit morticinum, vel captum a bestia, tam de indigenis, quam de advenis, lavabit vestimenta sua et semetipsum aqua, et contaminatus erit usque ad vesperum: et hoc ordine mundus fiet.		And every soul that eateth that which died of itself, or that which was torn with beasts, whether it be one of your own country, or a stranger, he shall both wash his clothes, and bathe himself in water, and be unclean until the even: then shall he be clean.
Lev	17	16	וְאִם לֹא יְכַבֵּס וּבְשָׂרוֹ לֹא יִרְחָץ וְנָשָׂא עֲוֹנוֹ ׃ פ	ἐὰν δὲ μὴ πλύνῃ τὰ ἱμάτια καὶ τὸ σῶμα μὴ λούσηται ὕδατι, καὶ λήμψεται ἀνόμημα αὐτοῦ.	quod si non laverit vestimenta sua nec corpus portabit iniquitatem suam	Quod si non laverit vestimenta sua et corpus, portabit iniquitatem suam.		But if he wash them not, nor bathe his flesh; then he shall bear his iniquity.
Lev	18	1	וַיְדַבֵּר יְהוָה אֶל־מֹשֶׁה לֵּאמֹר ׃	Καὶ εἶπεν Κύριος πρὸς Μωυσῆν λέγων	locutusque est Dominus ad Mosen dicens	Locutus est Dominus ad Moysen, dicens:		And the Lord spake unto Moses, saying,
Lev	18	2	דַּבֵּר אֶל־בְּנֵי יִשְׂרָאֵל וְאָמַרְתָּ אֲלֵהֶם אֲנִי יְהוָה אֱלֹהֵיכֶם ׃	Λάλησον τοῖς υἱοῖς’ Ἰσραὴλ καὶ ἐρεῖς πρὸς αὐτούς Ἐγὼ κύριος ὁ θεὸς ὑμῶν·	loquere filiis Israhel et dices ad eos ego Dominus Deus vester	Loquere filiis Isral, et dices ad eos: Ego Dominus Deus vester:		Speak unto the children of Israel, and say unto them, I am the Lord your God.
Lev	18	3	כְּמַעֲשֵׂה אֶרֶץ־מִצְרַיִם אֲשֶׁר יְשַׁבְתֶּם־בָּהּ לֹא תַעֲשׂוּ וּכְמַעֲשֵׂה אֶרֶץ־כְּנַעַן אֲשֶׁר אֲנִי מֵבִיא אֶתְכֶם שָׁמָּה לֹא תַעֲשׂוּ וּבְחֻקֹּתֵיהֶם לֹא תֵלֵכוּ ׃	κατὰ τὰ ἐπιτηδεύματα γῆς Αἰγύπτου, ἐν ᾗ κατοικήσατε ἐπ’ αὐτῇ, οὐ ποιηθήσεται· κα κατὰ τὰ ἐπιτηδεύματα γῆς Χανάαν, εἰς ἣν ἐγὼ εἰσάγω ὑμᾶς ἐκεῖ, οὐ ποιήσετε, καὶ τοῖς νομίμοις αὐτῶν οὐ πορεύσεσθε.	iuxta consuetudinem terrae Aegypti in qua habitastis non facietis et iuxta morem regionis Chanaan ad quam ego introducturus sum vos non agetis nec in legitimis eorum ambulabitis	juxta consuetudinem terr gypti, in qua habitastis, non facietis: et juxta morem regionis Chanaan, ad quam ego introducturus sum vos, non agetis, nec in legitimis eorum ambulabitis.		After the doings of the land of Egypt, wherein ye dwelt, shall ye not do: and after the doings of the land of Canaan, whither I bring you, shall ye not do: neither shall ye walk in their ordinances.
Lev	18	4	אֶת־מִשְׁפָּטַי תַּעֲשׂוּ וְאֶת־חֻקֹּתַי תִּשְׁמְרוּ לָלֶכֶת בָּהֶם אֲנִי יְהוָה אֱלֹהֵיכֶם ׃	τὰ κρίματά μου ὶ τὰ προστάγματά μου φυλάξεσθε, πορεύεσθαι ἐν αὐτοῖς· Κύριος ὁ θεὸς ὑμῶν.	facietis iudicia mea et praecepta servabitis et ambulabitis in eis ego Dominus Deus vester	Facietis judicia mea, et prcepta mea servabitis, et ambulabitis in eis. Ego Dominus Deus vester.		Ye shall do my judgments, and keep mine ordinances, to walk therein: I am the Lord your God.
Lev	18	5	וּשְׁמַרְתֶּם אֶת־חֻקֹּתַי וְאֶת־מִשְׁפָּטַי אֲשֶׁר יַעֲשֶׂה אֹתָם הָאָדָם וָחַי בָּהֶם אֲנִי יְהוָה ׃ ס	καὶ φυλάξεσθε πάντα τὰ προστάγματά μου καὶ πάντα τὰ κρίματα μου, καὶ ποιήσετε αὐτά· αἰ ποιήσας ἄνθρωπος ζήσεται ἐν αὐτοῖς· ἐγὼ κύριος ὁ θεὸς ὑμῶν.	custodite leges meas atque iudicia quae faciens homo vivet in eis ego Dominus	Custodite leges meas atque judicia, qu faciens homo, vivet in eis. Ego Dominus.		Ye shall therefore keep my statutes, and my judgments: which if a man do, he shall live in them: I am the Lord.
Lev	18	6	אִישׁ אִישׁ אֶל־כָּל־שְׁאֵר בְּשָׂרוֹ לֹא תִקְרְבוּ לְגַלּוֹת עֶרְוָה אֲנִי יְהוָה ׃ ס	Ἄνθρωπος ἄνθρωπος πρὸς πάντα οἰκεῖα σαρκὸς αὐτοῦ οὐ προσελεύσεται ἀποκαλύψαι ἀσχημοσύνην· ἐγὼ κύριος.	omnis homo ad proximam sanguinis sui non accedet ut revelet turpitudinem eius ego Dominus	Omnis homo ad proximam sanguinis sui non accedet, ut revelet turpitudinem ejus. Ego Dominus.		None of you shall approach to any that is near of kin to him, to uncover their nakedness: I am the Lord.
Lev	18	7	עֶרְוַת אָבִיךָ וְעֶרְוַת אִמְּךָ לֹא תְגַלֵּה אִמְּךָ הִוא לֹא תְגַלֶּה עֶרְוָתָהּ ׃ ס	ἀσχημοσύνην πατρός σου καὶ ἀσχημοσύνην μητρός σου οὐκ ἀποκαλύψεις· μήτηρ γάρ σού ἐστιν καὶ οὐκ ἀποκαλύψεις τὴν ἀσχημοσύνην αὐτῆς.	turpitudinem patris et turpitudinem matris tuae non discoperies mater tua est non revelabis turpitudinem eius	Turpitudinem patris tui, turpitudinem matris tu non discooperies: mater tua est: non revelabis turpitudinem ejus.		The nakedness of thy father, or the nakedness of thy mother, shalt thou not uncover: she is thy mother; thou shalt not uncover her nakedness.
Lev	18	8	עֶרְוַת אֵשֶׁת־אָבִיךָ לֹא תְגַלֵּה עֶרְוַת אָבִיךָ הִוא ׃ ס	ἀσχημοσύνην γυναικὸς πατρός σου οὐκ ἀποκαλύψεις· ἀσχημοσύνη πατρός σού ἐστιν.	turpitudinem uxoris patris tui non discoperies turpitudo enim patris tui est	Turpitudinem uxoris patris tui non discooperies: turpitudo enim patris tui est.		The nakedness of thy father's wife shalt thou not uncover: it is thy father's nakedness.
Lev	18	9	עֶרְוַת אֲחוֹתְךָ בַת־אָבִיךָ אוֹ בַת־אִמֶּךָ מוֹלֶדֶת בַּיִת אוֹ מוֹלֶדֶת חוּץ לֹא תְגַלֶּה עֶרְוָתָן ׃ ס	ἀσχημοσύνην τῆς ἀδελφῆς σου ἐκ πατρός σου μητρός σου, ἐνδογενοῦς γεγεννημένης ἢ ἔξω, οὐκ ἀποκαλύψεις ἀσχημοσύνην αὐτῆς.	turpitudinem sororis tuae ex patre sive ex matre quae domi vel foris genita est non revelabis	Turpitudinem sororis tu ex patre sive ex matre, qu domi vel foris genita est, non revelabis.		The nakedness of thy sister, the daughter of thy father, or daughter of thy mother, whether she be born at home, or born abroad, even their nakedness thou shalt not uncover.
Lev	18	10	עֶרְוַת בַּת־בִּנְךָ אוֹ בַת־בִּתְּךָ לֹא תְגַלֶּה עֶרְוָתָן כִּי עֶרְוָתְךָ הֵנָּה ׃ ס	ἀσχημοσύνην θυγατρὸς υἱοῦ σου ἢ θυγατρὸς θυγατρός σου, οὐχ ἀποκαλύψεις τὴν ἀσχημοσύνην αὐτῶν, ὅτι σὴ ἀσχημοσύνη ἐστίν.	turpitudinem filiae filii tui vel neptis ex filia non revelabis quia turpitudo tua est	Turpitudinem fili filii tui vel neptis ex filia non revelabis: quia turpitudo tua est.		The nakedness of thy son's daughter, or of thy daughter's daughter, even their nakedness thou shalt not uncover: for theirs is thine own nakedness.
Lev	18	11	עֶרְוַת בַּת־אֵשֶׁת אָבִיךָ מוֹלֶדֶת אָבִיךָ אֲחוֹתְךָ הִוא לֹא תְגַלֶּה עֶרְוָתָהּ ׃ ס	ἀσχημοσύνην θυγατρὸς γυναικὸς πατρός σου οὐκ ἀποκαλύψεις· ὁμοπατρία ἀδελφή σού ἐστιν, οὐκ ἀποκαλύψεις τὴν ἀσχημοσύνην αὐτῆς.	turpitudinem filiae uxoris patris tui quam peperit patri tuo et est soror tua non revelabis	Turpitudinem fili uxoris patris tui, quam peperit patri tuo, et est soror tua, non revelabis.		The nakedness of thy father's wife's daughter, begotten of thy father, she is thy sister, thou shalt not uncover her nakedness.
Lev	18	12	עֶרְוַת אֲחוֹת־אָבִיךָ לֹא תְגַלֵּה שְׁאֵר אָבִיךָ הִוא ׃ ס	ἀσχημοσύνην ἀδελφῆς πατρός σου οὐκ ἀποκαλύψεις· οἰκεία γὰρ πατρός σού ἐστιν.	turpitudinem sororis patris tui non discoperies quia caro est patris tui	Turpitudinem sororis patris tui non discooperies: quia caro est patris tui.		Thou shalt not uncover the nakedness of thy father's sister: she is thy father's near kinswoman.
Lev	18	13	עֶרְוַת אֲחוֹת־אִמְּךָ לֹא תְגַלֵּה כִּי־שְׁאֵר אִמְּךָ הִוא ׃ ס	ἀσχημοσύνην ἀδελφῆς μητρός σου οὐκ ἀποκαλύψεις· οἰκεία γὰρ μητρός σού ἐστιν.	turpitudinem sororis matris tuae non revelabis eo quod caro sit matris tuae	Turpitudinem sororis matris tu non revelabis, eo quod caro sit matris tu.		Thou shalt not uncover the nakedness of thy mother's sister: for she is thy mother's near kinswoman.
Lev	18	14	עֶרְוַת אֲחִי־אָבִיךָ לֹא תְגַלֵּה אֶל־אִשְׁתּוֹ לֹא תִקְרָב דֹּדָתְךָ הִוא ׃ ס	ἀσχημοσύνην ἀδελφοῦ τοῦ πατρός σου οὐκ ἀποκαλύψεις, καὶ πρὸς τὴν γυναῖκα αὐτοῦ οὐκ εἰσελεύσῃ·	turpitudinem patrui tui non revelabis nec accedes ad uxorem eius quae tibi adfinitate coniungitur	Turpitudinem patrui tui non revelabis, nec accedes ad uxorem ejus, qu tibi affinitate conjungitur.		Thou shalt not uncover the nakedness of thy father's brother, thou shalt not approach to his wife: she is thine aunt.
Lev	18	15	עֶרְוַת כַּלָּתְךָ לֹא תְגַלֵּה אֵשֶׁת בִּנְךָ הִוא לֹא תְגַלֶּה עֶרְוָתָהּ ׃ ס	συγγενὴς γάρ σού ἐστιν. ἀσχημοσύνην νύμφης σου οὐκ ἀποκαλύψεις· γυνὴ γὰρ υἱοῦ σού ἐστιν, οὐκ ἀποκαλύψεις τὴν ἀσχημοσύνην αὐτῆς.	turpitudinem nurus tuae non revelabis quia uxor filii tui est nec discoperies ignominiam eius	Turpitudinem nurus tu non revelabis, quia uxor filii tui est: nec discooperies ignominiam ejus.		Thou shalt not uncover the nakedness of thy daughter in law: she is thy son's wife; thou shalt not uncover her nakedness.
Lev	18	16	עֶרְוַת אֵשֶׁת־אָחִיךָ לֹא תְגַלֵּה עֶרְוַת אָחִיךָ הִוא ׃ ס	ἀσχημοσύνην γυναικὸς σου οὐκ ἀποκαλύψεις· ἀσχημοσύνη ἀδελφοῦ σού ἐστιν.	turpitudinem uxoris fratris tui non revelabis quia turpitudo fratris tui est	Turpitudinem uxoris fratris tui non revelabis: quia turpitudo fratris tui est.		Thou shalt not uncover the nakedness of thy brother's wife: it is thy brother's nakedness.
Lev	18	17	עֶרְוַת אִשָּׁה וּבִתָּהּ לֹא תְגַלֵּה אֶת־בַּת־בְּנָהּ וְאֶת־בַּת־בִּתָּהּ לֹא תִקַּח לְגַלּוֹת עֶרְוָתָהּ שַׁאֲרָה הֵנָּה זִמָּה הִוא ׃	ἀσχημοσύνην γυναικὸς καὶ θυγατρὸς αὐτῆς οὐκ θυγατρὸς αὐτῆς οὐκ ἀποκαλύψεις· τὴν θυγατέρα τοῦ υἱοῦ αὐτῆς καὶ τὴν θυγατέρα τῆς θυγατρὸς αὐτῆς οὐ λήμψῃ ἀποκαλύψαι τὴν ἀσχημοσύνην αὐτῶν· οἰκεῖαι γάρ σού εἰσιν, ἀσέβημά ἐστιν.	turpitudinem uxoris tuae et filiae eius non revelabis filiam filii eius et filiam filiae illius non sumes ut reveles ignominiam eius quia caro illius sunt et talis coitus incestus est	Turpitudinem uxoris tu et fili ejus non revelabis. Filiam filii ejus, et filiam fili illius non sumes, ut reveles ignominiam ejus: quia caro illius sunt, et talis coitus incestus est.		Thou shalt not uncover the nakedness of a woman and her daughter, neither shalt thou take her son's daughter, or her daughter's daughter, to uncover her nakedness; for they are her near kinswomen: it is wickedness.
Lev	18	18	וְאִשָּׁה אֶל־אֲחֹתָהּ לֹא תִקָּח לִצְרֹר לְגַלּוֹת עֶרְוָתָהּ עָלֶיהָ בְּחַיֶּיהָ ׃	γυναῖκα ἐπὶ ἀδελφῇ αὐτῆς οὐ λήμψῃ ἀντίζηλον, ἀποκαλύψαι τὴν ἀσχημοσύνην αὐτῆς ἐπ’ αὐτῇ, ἔτι ζώσης αὐτῆς.	sororem uxoris tuae in pelicatum illius non accipies nec revelabis turpitudinem eius adhuc illa vivente	Sororem uxoris tu in pellicatum illius non accipies, nec revelabis turpitudinem ejus adhuc illa vivente.		Neither shalt thou take a wife to her sister, to vex her, to uncover her nakedness, beside the other in her life time.
Lev	18	19	וְאֶל־אִשָּׁה בְּנִדַּת טֻמְאָתָהּ לֹא תִקְרַב לְגַלּוֹת עֶרְוָתָהּ ׃	καὶ πρὸς γυναῖκα ἐν χωρισμῷ ἀκαθαρσίας αὐτῆς οὐ προσελεύσῃ ἀποκαλύψαι τὴν ἀσχημοσύνην αὐτῆς.	ad mulierem quae patitur menstrua non accedes nec revelabis foeditatem eius	Ad mulierem qu patitur menstrua non accedes, nec revelabis fditatem ejus.		Also thou shalt not approach unto a woman to uncover her nakedness, as long as she is put apart for her uncleanness.
Lev	18	20	וְאֶל־אֵשֶׁת עֲמִיתְךָ לֹא־תִתֵּן שְׁכָבְתְּךָ לְזָרַע לְטָמְאָה־בָהּ ׃	καὶ πρὸς τὴν γυναῖκα τοῦ πλησίον σου οὐ δώσεις κοίτην σπέρματός σου, ἐκμιανθῆναι πρὸς αὐτήν.	cum uxore proximi tui non coibis nec seminis commixtione maculaberis	Cum uxore proximi tui non coibis, nec seminis commistione maculaberis.		Moreover thou shalt not lie carnally with thy neighbour's wife, to defile thyself with her.
Lev	18	21	וּמִזַּרְעֲךָ לֹא־תִתֵּן לְהַעֲבִיר לַמֹּלֶךְ וְלֹא תְחַלֵּל אֶת־שֵׁם אֱלֹהֶיךָ אֲנִי יְהוָה ׃	καὶ ἀπὸ τοῦ σπέρματός σου οὐ δώσεις λατρεύειν ἄρχοντι, καὶ οὐ βεβηλώσεις τὸ ὄνομα τὸ ἅγιον· ἐγὼ κύριος.	de semine tuo non dabis ut consecretur idolo Moloch nec pollues nomen Dei tui ego Dominus	De semine tuo non dabis ut consecretur idolo Moloch, nec pollues nomen Dei tui. Ego Dominus.		And thou shalt not let any of thy seed pass through the fire to Molech, neither shalt thou profane the name of thy God: I am the Lord.
Lev	18	22	וְאֶת־זָכָר לֹא תִשְׁכַּב מִשְׁכְּבֵי אִשָּׁה תּוֹעֵבָה הִוא ׃	καὶ μετὰ ἄρσενος οὐ κοιμηθήσῃ κοίτην γυναικός· βδέλυγμα γάρ ἐστιν.	cum masculo non commisceberis coitu femineo quia abominatio est	Cum masculo non commiscearis coitu femineo, quia abominatio est.		Thou shalt not lie with mankind, as with womankind: it is abomination.
Lev	18	23	וּבְכָל־בְּהֵמָה לֹא־תִתֵּן שְׁכָבְתְּךָ לְטָמְאָה־בָהּ וְאִשָּׁה לֹא־תַעֲמֹד לִפְנֵי בְהֵמָה לְרִבְעָהּ תֶּבֶל הוּא ׃	καὶ πρὸς πᾶν τετράπουν οὐ δώσεις τὴν κοίτην σου εἰς σπερματισμὸν ἐκμιανθῆναι πρὸς αὐτό· καὶ γυνὴ οὐ στήσεται πρὸς πᾶν τετράπουν βιβασθῆναι· μυσερὸν γάρ ἐστιν.	cum omni pecore non coibis nec maculaberis cum eo mulier non subcumbet iumento nec miscebitur ei quia scelus est	Cum omni pecore non coibis, nec maculaberis cum eo. Mulier non succumbet jumento, nec miscebitur ei, quia scelus est.		Neither shalt thou lie with any beast to defile thyself therewith: neither shall any woman stand before a beast to lie down thereto: it is confusion.
Lev	18	24	אַל־תִּטַּמְּאוּ בְּכָל־אֵלֶּה כִּי בְכָל־אֵלֶּה נִטְמְאוּ הַגּוֹיִם אֲשֶׁר־אֲנִי מְשַׁלֵּחַ מִפְּנֵיכֶם ׃	Μὴ μιαίνεσθε ἐν πᾶσιν τούτοις· ἐν πᾶσι γὰρ τούτοις ἐμιάνθησαν τὰ ἔθνη ἃ ἐγὼ ἐξαποστέλλω πρὸ προσώπου ὑμῶν.	ne polluamini in omnibus his quibus contaminatae sunt universae gentes quas ego eiciam ante conspectum vestrum	Nec polluamini in omnibus his quibus contaminat sunt univers gentes, quas ego ejiciam ante conspectum vestrum,		Defile not ye yourselves in any of these things: for in all these the nations are defiled which I cast out before you:
Lev	18	25	וַתִּטְמָא הָאָרֶץ וָאֶפְקֹד עֲוֹנָהּ עָלֶיהָ וַתָּקִא הָאָרֶץ אֶת־יֹשְׁבֶיהָ ׃	καὶ ἐμιάνθη ἡ γῆ· καὶ ἀνταπέδωκα αὐτοῖς ἀδικίαν δι’ αὐτήν, καὶ προσώχθισεν ἡ γῆ τοῖς ἐνκαθημένοις ἐπ’ αὐτῆς.	et quibus polluta est terra cuius ego scelera visitabo ut evomat habitatores suos	et quibus polluta est terra: cujus ego scelera visitabo, ut evomat habitatores suos.		And the land is defiled: therefore I do visit the iniquity thereof upon it, and the land itself vomiteth out her inhabitants.
Lev	18	26	וּשְׁמַרְתֶּם אַתֶּם אֶת־חֻקֹּתַי וְאֶת־מִשְׁפָּטַי וְלֹא תַעֲשׂוּ מִכֹּל הַתּוֹעֵבֹת הָאֵלֶּה הָאֶזְרָח וְהַגֵּר הַגָּר בְּתוֹכְכֶם ׃	καὶ φυλάξεσθε πάντα τὰ νόμιμά μου καὶ πάντα τὰ προστάγματά μου, καὶ οὐ ποιήσετε ἀπὸ πάντων τῶν βδελυγμάτων τούτων, ὁ ἐνχώριος ἢ ὁ προσγενόμενος προσήλυτος ἐν ὑμῖν·	custodite legitima mea atque iudicia et non faciat ex omnibus abominationibus istis tam indigena quam colonus qui peregrinatur apud vos	Custodite legitima mea atque judicia, et non faciatis ex omnibus abominationibus istis, tam indigena quam colonus qui peregrinantur apud vos.		Ye shall therefore keep my statutes and my judgments, and shall not commit any of these abominations; neither any of your own nation, nor any stranger that sojourneth among you:
Lev	18	27	כִּי אֶת־כָּל־הַתּוֹעֵבֹת הָאֵל עָשׂוּ אַנְשֵׁי־הָאָרֶץ אֲשֶׁר לִפְנֵיכֶם וַתִּטְמָא הָאָרֶץ ׃	πάντα γὰρ τὰ ταῦτα ἐποίησαν οἱ ἄνθρωποι τῆς γῆς οἱ ὄντες πρότεροι ὑμῶν, καὶ ἐμιάνθη ἡ γῆ·	omnes enim execrationes istas fecerunt accolae terrae qui fuerunt ante vos et polluerunt eam	Omnes enim execrationes istas fecerunt accol terr qui fuerunt ante vos, et polluerunt eam.		(For all these abominations have the men of the land done, which were before you, and the land is defiled;)
Lev	18	28	וְלֹא־תָקִיא הָאָרֶץ אֶתְכֶם בְּטַמַּאֲכֶם אֹתָהּ כַּאֲשֶׁר קָאָה אֶת־הַגּוֹי אֲשֶׁר לִפְנֵיכֶם ׃	καὶ ἵνα μὴ προσοχθίσῃ ὑμῖν ἡ γῆ ἐν τῷ μιαίνειν ὑμᾶς αὐτήν, ὃς τρόπον προσώχθισεν τοῖς ἔθνεσιν τοῖς πρὸ ὑμῶν.	cavete ergo ne et vos similiter evomat cum paria feceritis sicut evomuit gentem quae fuit ante vos	Cavete ergo ne et vos similiter evomat, cum paria feceritis, sicut evomuit gentem, qu fuit ante vos.		That the land spue not you out also, when ye defile it, as it spued out the nations that were before you.
Lev	18	29	כִּי כָּל־אֲשֶׁר יַעֲשֶׂה מִכֹּל הַתּוֹעֵבוֹת הָאֵלֶּה וְנִכְרְתוּ הַנְּפָשׁוֹת הָעֹשֹׂת מִקֶּרֶב עַמָּם ׃	ὅτι πᾶς ὃς ἂν ποιήσῃ ἀπὸ πάντων τῶν βδελυγμάτων τούτων, ἐξολεθρευθήσονται αἱ ψυχαὶ αἱ ποιοῦσαι ἐκ τοῦ λαοῦ αὐτῶν.	omnis anima quae fecerit de abominationibus his quippiam peribit de medio populi sui	Omnis anima, qu fecerit de abominationibus his quippiam, peribit de medio populi sui.		For whosoever shall commit any of these abominations, even the souls that commit them shall be cut off from among their people.
Lev	18	30	וּשְׁמַרְתֶּם אֶת־מִשְׁמַרְתִּי לְבִלְתִּי עֲשׂוֹת מֵחֻקּוֹת הַתּוֹעֵבֹת אֲשֶׁר נַעֲשׂוּ לִפְנֵיכֶם וְלֹא תִטַּמְּאוּ בָּהֶם אֲנִי יְהוָה אֱלֹהֵיכֶם ׃ פ	καὶ φυλάξετε τὰ προστάγματά μάτα μου, ὅπως μὴ ποιήσητε ἀπὸ πάντων τῶν νομίμων τῶν ἐβδελυγμένων ὃ γέγονεν πρὸ τοῦ ὒ ἐν αὐτοῖς, ὅτι ἐγὼ κύριος ὁ θεὸς ὒμῶν.	custodite mandata mea nolite facere quae fecerunt hii qui fuerunt ante vos et ne polluamini in eis ego Dominus Deus vester	Custodite mandata mea. Nolite facere qu fecerunt hi qui fuerunt ante vos, et ne polluamini in eis. Ego Dominus Deus vester.		Therefore shall ye keep mine ordinance, that ye commit not any one of these abominable customs, which were committed before you, and that ye defile not yourselves therein: I am the Lord your God.
Lev	19	1	וַיְדַבֵּר יְהוָה אֶל־מֹשֶׁה לֵּאמֹר ׃	Καὶ ἐλάλησεν κύριος πρὸς Μωυσῆν λέγων	locutus est Dominus ad Mosen dicens	Locutus est Dominus ad Moysen, dicens:		And the Lord spake unto Moses, saying,
Lev	19	2	דַּבֵּר אֶל־כָּל־עֲדַת בְּנֵי־יִשְׂרָאֵל וְאָמַרְתָּ אֲלֵהֶם קְדֹשִׁים תִּהְיוּ כִּי קָדוֹשׁ אֲנִי יְהוָה אֱלֹהֵיכֶם ׃	λάλησον τῆ συναγωγῇ τῶν υἱῶν Ἰσραὴλ καὶ ἐρεῖς πρὸς αὐτούς Ἅγιοι ἔσεσθε, ὅτι ἐγὼ ἅγιος Κύριος ὁ θεὸς ὑμῶν.	loquere ad omnem coetum filiorum Israhel et dices ad eos sancti estote quia ego sanctus sum Dominus Deus vester	Loquere ad omnem ctum filiorum Isral, et dices ad eos: Sancti estote, quia ego sanctus sum, Dominus Deus vester.		Speak unto all the congregation of the children of Israel, and say unto them, Ye shall be holy: for I the Lord your God am holy.
Lev	19	3	אִישׁ אִמּוֹ וְאָבִיו תִּירָאוּ וְאֶת־שַׁבְּתֹתַי תִּשְׁמֹרוּ אֲנִי יְהוָה אֱלֹהֵיכֶם ׃	ἕκαστος πατέρα αὐτοῦ καὶ μητέρα αὐτοῦ φοβείσθω, καὶ τὰ σάββατά μου φυλάξεσθε· ἐγὼ Κύριος ὁ θεὸς ὑμῶν.	unusquisque matrem et patrem suum timeat sabbata mea custodite ego Dominus Deus vester	Unusquisque patrem suum, et matrem suam timeat. Sabbata mea custodite. Ego Dominus Deus vester.		Ye shall fear every man his mother, and his father, and keep my sabbaths: I am the Lord your God.
Lev	19	4	אַל־תִּפְנוּ אֶל־הָאֱלִילִים וֵאלֹהֵי מַסֵּכָה לֹא תַעֲשׂוּ לָכֶם אֲנִי יְהוָה אֱלֹהֵיכֶם ׃	οὐκ ἐπακολουθήσετε εἰδώλοις, καὶ θεοὺς χωνευτοὺς οὐ ποιήὑμῖν· ἐγὼ κύριος ὁ θεὸς ὑμῶν.	nolite converti ad idola nec deos conflatiles faciatis vobis ego Dominus Deus vester	Nolite converti ad idola, nec deos conflatiles faciatis vobis. Ego Dominus Deus vester.		Turn ye not unto idols, nor make to yourselves molten gods: I am the Lord your God.
Lev	19	5	וְכִי תִזְבְּחוּ זֶבַח שְׁלָמִים לַיהוָה לִרְצֹנְכֶם תִּזְבָּחֻהוּ ׃	Καὶ ἐὰν θύσητε θυσίαν τὴν ὑμῶν θύσετε·	si immolaveritis hostiam pacificorum Domino ut sit placabilis	Si immolaveritis hostiam pacificorum Domino, ut sit placabilis,		And if ye offer a sacrifice of peace offerings unto the Lord, ye shall offer it at your own will.
Lev	19	6	בְּיוֹם זִבְחֲכֶם יֵאָכֵל וּמִמָּחֳרָת וְהַנּוֹתָר עַד־יוֹם הַשְּׁלִישִׁי בָּאֵשׁ יִשָּׂרֵף ׃	ᾖ ἂν ἡμέρᾳ θύσητε βρωθήσεται καὶ τῇ αὔριον· καὶ ἐὰν καταλειφθῇ ἕως ἡμέρας τρίτης, ἐν πυρὶ κατακαυθήσεται.	eo die quo fuerit immolata comedetis eam et die altero quicquid autem residuum fuerit in diem tertium igne conburetis	eo die quo fuerit immolata, comedetis eam, et die altero: quidquid autem residuum fuerit in diem tertium, igne comburetis.		It shall be eaten the same day ye offer it, and on the morrow: and if ought remain until the third day, it shall be burnt in the fire.
Lev	19	7	וְאִם הֵאָכֹל יֵאָכֵל בַּיּוֹם הַשְּׁלִישִׁי פִּגּוּל הוּא לֹא יֵרָצֶה ׃	ἐὰν δὲ βρώσει βρωθῇ τῇ ἡμέρᾳ τῇ τρίτῃ, ἄθυτόν ἐστιν, οὐ δεχθήσεται·	si quis post biduum comederit ex ea profanus erit et impietatis reus	Si quis post biduum comederit ex ea, profanus erit, et impietatis reus:		And if it be eaten at all on the third day, it is abominable; it shall not be accepted.
Lev	19	8	וְאֹכְלָיו עֲוֹנוֹ יִשָּׂא כִּי־אֶת־קֹדֶשׁ יְהוָה חִלֵּל וְנִכְרְתָה הַנֶּפֶשׁ הַהִוא מֵעַמֶּיהָ ׃	ὁ δὲ ἔσθων αὐτὸ ἁμαρτίαν λήμψεται, ὅτι τὰ ἤια κυρίου ἐβεβήλωσεν· καὶ ἐξολεθρευθήσονται αἱ ψυχαὶ αἱ ἔσθουσαι ἐκ τοῦ λαοῦ αὐτῶν.	portabit iniquitatem suam quia sanctum Domini polluit et peribit anima illa de populo suo	portabitque iniquitatem suam, quia sanctum Domini polluit, et peribit anima illa de populo suo.		Therefore every one that eateth it shall bear his iniquity, because he hath profaned the hallowed thing of the Lord: and that soul shall be cut off from among his people.
Lev	19	9	וּבְקֻצְרְכֶם אֶת־קְצִיר אַרְצְכֶם לֹא תְכַלֶּה פְּאַת שָׂדְךָ לִקְצֹר וְלֶקֶט קְצִירְךָ לֹא תְלַקֵּט ׃	Καὶ ἐκθεριζόντων ὑμῶν τὸν θερισμὸν τῆς γῆς ὑμῶν, οὐ συντελέσετε τὸν θερισμὸν ὑμῶν τοῦ ἀγροῦ σου ἐκθερίσαι, καὶ τὰ ἀποπίπτοντα τοῦ θερισμοῦ σου οὐ συλλέξεις·	cum messueris segetes terrae tuae non tondebis usque ad solum superficiem terrae nec remanentes spicas colliges	Cumque messueris segetes terr tu, non tondebis usque ad solum superficiem terr, nec remanentes spicas colliges,		And when ye reap the harvest of your land, thou shalt not wholly reap the corners of thy field, neither shalt thou gather the gleanings of thy harvest.
Lev	19	10	וְכַרְמְךָ לֹא תְעוֹלֵל וּפֶרֶט כַּרְמְךָ לֹא תְלַקֵּט לֶעָנִי וְלַגֵּר תַּעֲזֹב אֹתָם אֲנִי יְהוָה אֱלֹהֵיכֶם ׃	καὶ τὸν ἀμπελῶνά σου οὐκ ἐπανατρυγήσεις, οὐδὲ τοὺς ῥῶγας τοῦ ἀμπελῶνός σου συλλέξεις· τῶ πτωχῷ καὶ τῷ προσηλύτῳ καταλείψεις αὐτά· ἐγώ εἰμι κύριος ὁ θεὸς ὑμῶν.	neque in vinea tua racemos et grana decidentia congregabis sed pauperibus et peregrinis carpenda dimittes ego Dominus Deus vester	neque in vinea tua racemos et grana decidentia congregabis: sed pauperibus et peregrinis carpenda dimittes. Ego Dominus Deus vester.		And thou shalt not glean thy vineyard, neither shalt thou gather every grape of thy vineyard; thou shalt leave them for the poor and stranger: I am the Lord your God.
Lev	19	11	לֹא תִּגְנֹבוּ וְלֹא־תְכַחֲשׁוּ וְלֹא־תְשַׁקְּרוּ אִישׁ בַּעֲמִיתוֹ ׃	οὐ κλέψετε, οὐ ψεύσεσθε, οὐ συκοφαντήσει ἕκαστος τὸν πλησίον.	non facietis furtum non mentiemini nec decipiet unusquisque proximum suum	Non facietis furtum. Non mentiemini, nec decipiet unusquisque proximum suum.		Ye shall not steal, neither deal falsely, neither lie one to another.
Lev	19	12	וְלֹא־תִשָּׁבְעוּ בִשְׁמִי לַשָּׁקֶר וְחִלַּלְתָּ אֶת־שֵׁם אֱלֹהֶיךָ אֲנִי יְהוָה ׃	καὶ οὐκ ὀμεῖσθε τῷ ὀνόματί μου ἐπ’ ἀδίκω, καὶ οὐ βεβηλώσετε τὸ ὄνομα τοῦ θεοῦ ὑμῶν· ἐγώ εἰμι κύριος ὁ θεὸς ὑμῶν.	non peierabis in nomine meo nec pollues nomen Dei tui ego Dominus	Non perjurabis in nomine meo, nec pollues nomen Dei tui. Ego Dominus.		And ye shall not swear by my name falsely, neither shalt thou profane the name of thy God: I am the Lord.
Lev	19	13	לֹא־תַעֲשֹׁק אֶת־רֵעֲךָ וְלֹא תִגְזֹל לֹא־תָלִין פְּעֻלַּת שָׂכִיר אִתְּךָ עַד־בֹּקֶר ׃	οὐκ ἀδικήσεις τὸν πλησίον, καὶ οὐχ ἁρπᾷ, καὶ οὐ μὴ κοιμηθήσεται ὁ μισθὸς τοῦ μισθωτοῦ παρὰ σοὶ ἕως πρωί.	non facies calumniam proximo tuo nec vi opprimes eum non morabitur opus mercennarii apud te usque mane	Non facies calumniam proximo tuo nec vi opprimes eum. Non morabitur opus mercenarii tui apud te usque mane.		Thou shalt not defraud thy neighbour, neither rob him: the wages of him that is hired shall not abide with thee all night until the morning.
Lev	19	14	לֹא־תְקַלֵּל חֵרֵשׁ וְלִפְנֵי עִוֵּר לֹא תִתֵּן מִכְשֹׁל וְיָרֵאתָ מֵּאֱלֹהֶיךָ אֲנִי יְהוָה ׃	οὐ κακῶς ἐρεῖς κωφόν, καὶ ἀπέναντι τυφλοῦ οὐ προσθήσεις σκάνδαλον· καὶ φοβηθήσῃ Τύριον τὸν θεόν σου· ἐγώ εἰμι κύριος ὁ θεὸς ὑμῶν.	non maledices surdo nec coram caeco pones offendiculum sed timebis Deum tuum quia ego sum Dominus	Non maledices surdo, nec coram cco pones offendiculum: sed timebis Dominum Deum tuum, quia ego sum Dominus.		Thou shalt not curse the deaf, nor put a stumblingblock before the blind, but shalt fear thy God: I am the Lord.
Lev	19	15	לֹא־תַעֲשׂוּ עָוֶל בַּמִּשְׁפָּט לֹא־תִשָּׂא פְנֵי־דָל וְלֹא תֶהְדַּר פְּנֵי גָדוֹל בְּצֶדֶק תִּשְׁפֹּט עֲמִיתֶךָ ׃	οὐ ποιήσετε ἄδικον ἐν κρίσει· οὐ λήμψῃ πρόσωπον πτωχοῦ οὐδὲ θαυμάσεις πρόσωπον δυνάστου, ἐν δικαιοσύνη κρινεῖς τὸν πλησί ον σου.	non facies quod iniquum est nec iniuste iudicabis nec consideres personam pauperis nec honores vultum potentis iuste iudica proximo tuo	Non facies quod iniquum est, nec injuste judicabis. Non consideres personam pauperis, nec honores vultum potentis. Juste judica proximo tuo.		Ye shall do no unrighteousness in judgment: thou shalt not respect the person of the poor, nor honor the person of the mighty: but in righteousness shalt thou judge thy neighbour.
Lev	19	16	לֹא־תֵלֵךְ רָכִיל בְּעַמֶּיךָ לֹא תַעֲמֹד עַל־דַּם רֵעֶךָ אֲנִי יְהוָה ׃	οὐ πορεύσῃ δόλῳ ἐν τῷ ἔθνει σου· οὐκ ἐπιστήσῃ ἐφ’ αἷμα τοῦ πλησίον σου· ἐγώ εἰμι Κύριος ὁ θεὸς ὑμῶν.	non eris criminator et susurro in populis non stabis contra sanguinem proximi tui ego Dominus	Non eris criminator, nec susurro in populo. Non stabis contra sanguinem proximi tui. Ego Dominus.		Thou shalt not go up and down as a talebearer among thy people: neither shalt thou stand against the blood of thy neighbour; I am the Lord.
Lev	19	17	לֹא־תִשְׂנָא אֶת־אָחִיךָ בִּלְבָבֶךָ הוֹכֵחַ תּוֹכִיחַ אֶת־עֲמִיתֶךָ וְלֹא־תִשָּׂא עָלָיו חֵטְא ׃	οὐ μισήσεις τὸν ἀδελφόν σου τῆ διανοίᾳ σου· ἐλεγμῷ ἐλέγξεις τὸν πλησίον σου, καὶ οὐ λήμψῃ δι’ αὐτὸν ἁμαρτίαν.	ne oderis fratrem tuum in corde tuo sed publice argue eum ne habeas super illo peccatum	Non oderis fratrem tuum in corde tuo, sed publice argue eum, ne habeas super illo peccatum.		Thou shalt not hate thy brother in thine heart: thou shalt in any wise rebuke thy neighbour, and not suffer sin upon him.
Lev	19	18	לֹא־תִקֹּם וְלֹא־תִטֹּר אֶת־בְּנֵי עַמֶּךָ וְאָהַבְתָּ לְרֵעֲךָ כָּמוֹךָ אֲנִי יְהוָה ׃	καὶ οὐκ ἐκδικᾶταί σου ἡ χείρ, καὶ οὐ μηνιεῖς τοῖς υἱοῖς τοῦ λαοῦ σου, καὶ ἀγαπήσεις τὸν πλησίον σου ὡς σεαυτόν· ἐγώ εἰμι κύριος.	non quaeres ultionem nec memor eris iniuriae civium tuorum diliges amicum tuum sicut temet ipsum ego Dominus	Non quras ultionem, nec memor eris injuri civium tuorum. Diliges amicum tuum sicut teipsum. Ego Dominus.		Thou shalt not avenge, nor bear any grudge against the children of thy people, but thou shalt love thy neighbour as thyself: I am the Lord.
Lev	19	19	אֶת־חֻקֹּתַי תִּשְׁמֹרוּ בְּהֶמְתְּךָ לֹא־תַרְבִּיעַ כִּלְאַיִם שָׂדְךָ לֹא־תִזְרַע כִּלְאָיִם וּבֶגֶד כִּלְאַיִם שַׁעַטְנֵז לֹא יַעֲלֶה עָלֶיךָ ׃ פ	Τὸν νόμον μου φυλάξεσθε. τὰ κτήνη σου οὐ κατοχεύσεις ἑτεροζύγῳ, καὶ τὸν ἀμπελῶνά σου οὐ κατασπερεῖς διάφορον, καὶ ἱμάτιον ἐκ δύο ὑφασμένον κίβδηλον οὐκ ἐπιβαλεῖς σεαυτῷ.	leges meas custodite iumenta tua non facies coire cum alterius generis animantibus agrum non seres diverso semine veste quae ex duobus texta est non indueris	Leges meas custodite. Jumentum tuum non facies coire cum alterius generis animantibus. Agrum tuum non seres diverso semine. Veste, qu ex duobus texta est, non indueris.		Ye shall keep my statutes. Thou shalt not let thy cattle gender with a diverse kind: thou shalt not sow thy field with mingled seed: neither shall a garment mingled of linen and woollen come upon thee.
Lev	19	20	וְאִישׁ כִּי־יִשְׁכַּב אֶת־אִשָּׁה שִׁכְבַת־זֶרַע וְהִוא שִׁפְחָה נֶחֱרֶפֶת לְאִישׁ וְהָפְדֵּה לֹא נִפְדָּתָה אוֹ חֻפְשָׁה לֹא נִתַּן־לָהּ בִּקֹּרֶת תִּהְיֶה לֹא יוּמְתוּ כִּי־לֹא חֻפָּשָׁה ׃	καὶ ἐάν τις κοιμηθῇ μετὰ γυναικὸς κοίτην σπέρματος, καὶ αὕτη οἰκέτις διαπεφυλαγμένη ἀνθρώπῳ, καὶ αὕτη λύτροις οὐ λελύτρωται ἢ ἐλευθερία οὐκ ἐδόθη αὐτῇ, ἐπισκοπὴ ἔσται αὐτοῖς. οὐκ ἀποθανοῦνται, ὅτι οὐκ ἀπηλευθερώθη.	homo si dormierit cum muliere coitu seminis quae sit ancilla etiam nubilis et tamen pretio non redempta nec libertate donata vapulabunt ambo et non morientur quia non fuit libera	Homo, si dormierit cum muliere coitu seminis, qu sit ancilla etiam nubilis, et tamen pretio non redempta, nec libertate donata: vapulabunt ambo, et non morientur, quia non fuit libera.		And whosoever lieth carnally with a woman, that is a bondmaid, betrothed to an husband, and not at all redeemed, nor freedom given her; she shall be scourged; they shall not be put to death, because she was not free.
Lev	19	21	וְהֵבִיא אֶת־אֲשָׁמוֹ לַיהוָה אֶל־פֶּתַח אֹהֶל מוֹעֵד אֵיל אָשָׁם ׃	καὶ προσάξει τῆς πλημμελίας αὐτοῦ τῷ κυρίῳ παρὰ τὴν θύραν τῆς σκηνῆς τοῦ μαρτυρίου κριὸν πλημμελίας·	pro delicto autem suo offeret Domino ad ostium tabernaculi testimonii arietem	Pro delicto autem suo offeret Domino ad ostium tabernaculi testimonii arietem:		And he shall bring his trespass offering unto the Lord, unto the door of the tabernacle of the congregation, even a ram for a trespass offering.
Lev	19	22	וְכִפֶּר עָלָיו הַכֹּהֵן בְּאֵיל הָאָשָׁם לִפְנֵי יְהוָה עַל־חַטָּאתוֹ אֲשֶׁר חָטָא וְנִסְלַח לוֹ מֵחַטָּאתוֹ אֲשֶׁר חָטָא ׃ פ	καὶ ἐξιλάσεται περὶ αὐτοῦ ὁ ἱερεὺς ἐν τῷ κριῷ τῆς πλημμελίας ἔναντι Κυρίου περὶ τῆς ἁμαρτίας ἧς ἥμαρτεν, καὶ ἀφεθήσεται αὐτῷ ἡ ἁμαρτία ἢν ἥμαρτεν.	orabitque pro eo sacerdos et pro delicto eius coram Domino et repropitiabitur ei dimitteturque peccatum	orabitque pro eo sacerdos, et pro peccato ejus coram Domino, et repropitiabitur ei, dimitteturque peccatum.		And the priest shall make an atonement for him with the ram of the trespass offering before the Lord for his sin which he hath done: and the sin which he hath done shall be forgiven him.
Lev	19	23	וְכִי־תָבֹאוּ אֶל־הָאָרֶץ וּנְטַעְתֶּם כָּל־עֵץ מַאֲכָל וַעֲרַלְתֶּם עָרְלָתוֹ אֶת־פִּרְיוֹ שָׁלֹשׁ שָׁנִים יִהְיֶה לָכֶם עֲרֵלִים לֹא יֵאָכֵל ׃	Ὅταν δὲ εἰσέλθητε εἰς τὴν γῆν ἢν Κύριος ὁ θεὸς δίδωσιν ὑμῖν, καὶ καταφυτεύσετε πᾶν ξύλον βρώσιμον, καὶ περικαθαριεῖτε τὴν ἀκαθαρσίαν αὐτοῦ· ὁ καρπὸς αὐτοῦ τρία ἔτη ἔσται ὑμῖν ἀπερικάθαρτος, οὐ βρωθήσεται.	quando ingressi fueritis terram et plantaveritis in ea ligna pomifera auferetis praeputia eorum poma quae germinant inmunda erunt vobis nec edetis ex eis	Quando ingressi fueritis terram, et plantaveritis in ea ligna pomifera, auferetis prputia eorum: poma, qu germinant, immunda erunt vobis, nec edetis ex eis.		And when ye shall come into the land, and shall have planted all manner of trees for food, then ye shall count the fruit thereof as uncircumcised: three years shall it be as uncircumcised unto you: it shall not be eaten of.
Lev	19	24	וּבַשָּׁנָה הָרְבִיעִת יִהְיֶה כָּל־פִּרְיוֹ קֹדֶשׁ הִלּוּלִים לַיהוָה ׃	καὶ τῶ ἔτει τῶ τετάρτῳ ἔσται πᾶς ὁ καρπὸς αὐτοῦ ἅγιος αἰνετὸς τῷ κυρίῳ,	quarto anno omnis fructus eorum sanctificabitur laudabilis Domino	Quarto autem anno omnis fructus eorum sanctificabitur, laudabilis Domino.		But in the fourth year all the fruit thereof shall be holy to praise the Lord withal.
Lev	19	25	וּבַשָּׁנָה הַחֲמִישִׁת תֹּאכְלוּ אֶת־פִּרְיוֹ לְהוֹסִיף לָכֶם תְּבוּאָתוֹ אֲנִי יְהוָה אֱלֹהֵיכֶם ׃	ἐν δὲ τῷ ἔτει τῷ πέμπτῳ φάγεσθε τὸν καρπόν, πρόσθεμα ὑμῖν τὰ γενήματα αὐτοῦ· ἐγώ εἰμι κύριος ὁ θεὸς ὑμῶν.	quinto autem anno comedetis fructus congregantes poma quae proferunt ego Dominus Deus vester	Quinto autem anno comedetis fructus, congregantes poma, qu proferunt. Ego Dominus Deus vester.		And in the fifth year shall ye eat of the fruit thereof, that it may yield unto you the increase thereof: I am the Lord your God.
Lev	19	26	לֹא תֹאכְלוּ עַל־הַדָּם לֹא תְנַחֲשׁוּ וְלֹא תְעוֹנֵנוּ ׃	Μὴ ἔσθετε ἐπὶ τῶν ὀρέων, καὶ οὐκ οἰωνιεῖσθε οὐδὲ ὀρνιθοσκοπήσεσθε.	non comedetis cum sanguine non augurabimini nec observabitis somnia	Non comedetis cum sanguine. Non augurabimini, nec observabitis somnia.		Ye shall not eat any thing with the blood: neither shall ye use enchantment, nor observe times.
Lev	19	27	לֹא תַקִּפוּ פְּאַת רֹאשְׁכֶם וְלֹא תַשְׁחִית אֵת פְּאַת זְקָנֶךָ ׃	οὐ ποιήσετε σισόην ἐκ τῆς κόμης τῆς κεφαλῆς ὑμῶν, οὐδὲ φθερεῖτε τὴν ὄψιν τοῦ πώγωνος ὑμῶν.	neque in rotundum adtondebitis comam nec radatis barbam	Neque in rotundum attondebitis comam, nec radetis barbam.		Ye shall not round the corners of your heads, neither shalt thou mar the corners of thy beard.
Lev	19	28	וְשֶׂרֶט לָנֶפֶשׁ לֹא תִתְּנוּ בִּבְשַׂרְכֶם וּכְתֹבֶת קַעֲקַע לֹא תִתְּנוּ בָּכֶם אֲנִי יְהוָה ׃	καὶ ἐντομίδας ἐπὶ ψυχῇ οὐ ποιήσετε ἐν τῷ σώματι ὑμῶν, καὶ γράμματα στικτὰ οὐ ποιήσετε ἐν ὑμῖν· ἐγώ εἰμι Κύριος ὁ θεὸς ὑμῶν.	et super mortuo non incidetis carnem vestram neque figuras aliquas et stigmata facietis vobis ego Dominus	Et super mortuo non incidetis carnem vestram, neque figuras aliquas aut stigmata facietis vobis. Ego Dominus.		Ye shall not make any cuttings in your flesh for the dead, nor print any marks upon you: I am the Lord.
Lev	19	29	אַל־תְּחַלֵּל אֶת־בִּתְּךָ לְהַזְנוֹתָהּ וְלֹא־תִזְנֶה הָאָרֶץ וּמָלְאָה הָאָרֶץ זִמָּה ׃	οὐ βεβηλώσεις τὴν θυγαατέρα σου ἐκπορνεῦσαι αὐτήν· καὶ οὐκ ἐκπορνεύσει ἡ γῆ, καὶ ἡ γῆ πλησθήσεται ἀνομίας.	ne prostituas filiam tuam et contaminetur terra et impleatur piaculo	Ne prostituas filiam tuam, ne contaminetur terra et impleatur piaculo.		Do not prostitute thy daughter, to cause her to be a whore; lest the land fall to whoredom, and the land become full of wickedness.
Lev	19	30	אֶת־שַׁבְּתֹתַי תִּשְׁמֹרוּ וּמִקְדָּשִׁי תִּירָאוּ אֲנִי יְהוָה ׃	τὰ σάββατά μου φυλάξεσθε, καὶ ἀπὸ τῶν ἁγίων μου θοις, καὶ τοῖς ἐπαοιδοῖς οὐ προσκολληθήσεσθε ἐκμιανθῆναι ἐν αὐτοῖς·	sabbata mea custodite et sanctuarium meum metuite ego Dominus	Sabbata mea custodite, et sanctuarium meum metuite. Ego Dominus.		Ye shall keep my sabbaths, and reverence my sanctuary: I am the Lord.
Lev	19	31	אַל־תִּפְנוּ אֶל־הָאֹבֹת וְאֶל־הַיִּדְּעֹנִים אַל־תְּבַקְשׁוּ לְטָמְאָה בָהֶם אֲנִי יְהוָה אֱלֹהֵיכֶם ׃	οὐκ ἐπακολουθήσετε ἐνγαστριμύθοις καὶ τοῖς ἐπαοιδοῖς οὐ προσκολλησήσεσθε ἐκμιανῆναι ἐν αὐτοῖς· ἐγώ εἰμι Κύριος ὁ θεὸς ὑμῶν.	ne declinetis ad magos nec ab ariolis aliquid sciscitemini ut polluamini per eos ego Dominus Deus vester	Non declinetis ad magos, nec ab ariolis aliquid sciscitemini, ut polluamini per eos. Ego Dominus Deus vester.		Regard not them that have familiar spirits, neither seek after wizards, to be defiled by them: I am the Lord your God.
Lev	19	32	מִפְּנֵי שֵׂיבָה תָּקוּם וְהָדַרְתָּ פְּנֵי זָקֵן וְיָרֵאתָ מֵּאֱלֹהֶיךָ אֲנִי יְהוָה ׃	ἀπὸ προσώπου πολιοῦ ἐξαναστήσῃ, καὶ τιμήσεις πρόσωπον πρεσβυτέρου· καὶ φοβηθήσῃ τὸν θεόν σου· ἐγώ εἰμι κύριος ὁ θεὸς ὑμῶν.	coram cano capite consurge et honora personam senis et time Deum tuum ego sum Dominus	Coram cano capite consurge, et honora personam senis: et time Dominum Deum tuum. Ego Dominus.		Thou shalt rise up before the hoary head, and honour the face of the old man, and fear thy God: I am the Lord.
Lev	19	33	פ וְכִי־יָגוּר אִתְּךָ גֵּר בְּאַרְצְכֶם לֹא תוֹנוּ אֹתוֹ ׃	ἐὰν δέ τις προσέλθῃ προσήλυτος ὑμῖν ἐν τῇ γῇ ὑμῶν, οὐ θλίψετε αὐτόν·	si habitaverit advena in terra vestra et moratus fuerit inter vos ne exprobretis ei	Si habitaverit advena in terra vestra, et moratus fuerit inter vos, non exprobretis ei:		And if a stranger sojourn with thee in your land, ye shall not vex him.
Lev	19	34	כְּאֶזְרָח מִכֶּם יִהְיֶה לָכֶם הַגֵּר הַגָּר אִתְּכֶם וְאָהַבְתָּ לוֹ כָּמוֹךָ כִּי־גֵרִים הֱיִיתֶם בְּאֶרֶץ מִצְרָיִם אֲנִי יְהוָה אֱלֹהֵיכֶם ׃	ὡς ὁ αὐτόχθων ἐν ὑμῖν ἔσται ὁ προσήλυτος ὁ προσπορευόμενος πρὸς ὑμᾶς, καὶ ἀγαπήσεις αὐτὸν ὡς σεαυτόν· ὅτι προσήλυτοι ἐγενήθητε ἐν γῇ Αἰγύπτῳ· ἐγώ εἰμι κύριος ὁ θεὸς ὑμῶν.	sed sit inter vos quasi indigena et diligetis eum quasi vosmet ipsos fuistis enim et vos advenae in terra Aegypti ego Dominus Deus vester	sed sit inter vos quasi indigena, et diligetis eum quasi vosmetipsos: fuistis enim et vos adven in terra gypti. Ego Dominus Deus vester.		But the stranger that dwelleth with you shall be unto you as one born among you, and thou shalt love him as thyself; for ye were strangers in the land of Egypt: I am the Lord your God.
Lev	19	35	לֹא־תַעֲשׂוּ עָוֶל בַּמִּשְׁפָּט בַּמִּדָּה בַּמִּשְׁקָל וּבַמְּשׂוּרָה ׃	οὐ ποιήσετε ποιήσετε ἄδικον ἐν κρίσει, ἐν μέτροις καὶ ἐν σταθμίοις καὶ ἐν ζυγοῖς·	nolite facere iniquum aliquid in iudicio in regula in pondere in mensura	Nolite facere iniquum aliquid in judicio, in regula, in pondere, in mensura.		Ye shall do no unrighteousness in judgment, in meteyard, in weight, or in measure.
Lev	19	36	מֹאזְנֵי צֶדֶק אַבְנֵי־צֶדֶק אֵיפַת צֶדֶק וְהִין צֶדֶק יִהְיֶה לָכֶם אֲנִי יְהוָה אֱלֹהֵיכֶם אֲשֶׁר־הוֹצֵאתִי אֶתְכֶם מֵאֶרֶץ מִצְרָיִם ׃	ζυγὰ δίκαια καὶ στάθμια δίκαια καὶ χοῦς δίκαιος ἔσται ὑμῖν· ἐγώ εἰμι κύριος ὁ θεὸς ὑμῶν ὁ ἐξαγαγὼν ὑμᾶς ἐκ γῆς Αἰγύπτου.	statera iusta et aequa sint pondera iustus modius aequusque sextarius ego Dominus Deus vester qui eduxi vos de terra Aegypti	Statera justa, et qua sint pondera, justus modius, quusque sextarius. Ego Dominus Deus vester, qui eduxi vos de terra gypti.		Just balances, just weights, a just ephah, and a just hin, shall ye have: I am the Lord your God, which brought you out of the land of Egypt.
Lev	19	37	וּשְׁמַרְתֶּם אֶת־כָּל־חֻקֹּתַי וְאֶת־כָּל־מִשְׁפָּטַי וַעֲשִׂיתֶם אֹתָם אֲנִי יְהוָה ׃ פ	καὶ φυλάξεσθε πάντα τὸν νόμον μου καὶ πάντα τὰ προστάγματά μου, καὶ ποιήσετε αὐτά· ἐγώ εἰμι κύριος ὁ θεὸς ὑμῶν.	custodite omnia praecepta mea et universa iudicia et facite ea ego Dominus	Custodite omnia prcepta mea, et universa judicia, et facite ea. Ego Dominus.		Therefore shall ye observe all my statutes, and all my judgments, and do them: I am the Lord.
Lev	20	1	וַיְדַבֵּר יְהוָה אֶל־מֹשֶׁה לֵּאמֹר ׃	Καὶ ἐλάλησεν κύριος πρὸς Μωυσῆν λέγων	locutusque est Dominus ad Mosen dicens	Locutusque est Dominus ad Moysen, dicens:		And the Lord spake unto Moses, saying,
Lev	20	2	וְאֶל־בְּנֵי יִשְׂרָאֵל תֹּאמַר אִישׁ אִישׁ מִבְּנֵי יִשְׂרָאֵל וּמִן־הַגֵּר הַגָּר בְּיִשְׂרָאֵל אֲשֶׁר יִתֵּן מִזַּרְעוֹ לַמֹּלֶךְ מוֹת יוּמָת עַם הָאָרֶץ יִרְגְּמֻהוּ בָאָבֶן ׃	Καὶ τοῖς υἱοῖς Ἰσραὴλ λαλήσεις Ἐάν τις ἀπὸ τῶν υἱῶν Ἰσραὴλ ἢ ἀπὸ τῶν γεγενημένων προσηλύτων ἐν Ἰσραὴλ ὃς ἂν δῷ τοῦ σπέρματος αὐτοῦ ἄρχοντι, θανάτῳ θανατούσθω· τὸ ἔθνος τὸ ἐπὶ τῆς γῆς λιθοβολήσουσιν αὐτὸν ἐν λίθοις.	haec loqueris filiis Israhel homo de filiis Israhel et de advenis qui habitant in Israhel si quis dederit de semine suo idolo Moloch morte moriatur populus terrae lapidabit eum	Hc loqueris filiis Isral: Homo de filiis Isral, et de advenis qui habitant in Isral, si quis dederit de semine suo idolo Moloch, morte moriatur: populus terr lapidabit eum.		Again, thou shalt say to the children of Israel, Whosoever he be of the children of Israel, or of the strangers that sojourn in Israel, that giveth any of his seed unto Molech; he shall surely be put to death: the people of the land shall stone him with stones.
Lev	20	3	וַאֲנִי אֶתֵּן אֶת־פָּנַי בָּאִישׁ הַהוּא וְהִכְרַתִּי אֹתוֹ מִקֶּרֶב עַמּוֹ כִּי מִזַּרְעוֹ נָתַן לַמֹּלֶךְ לְמַעַן טַמֵּא אֶת־מִקְדָּשִׁי וּלְחַלֵּל אֶת־שֵׁם קָדְשִׁי ׃	καὶ ἐγὼ ἐπιστήσω τὸ πρόσωπόν μου ἐπὶ τὸν ἄνθρωπον ἐκεῖνον καὶ ἀπολῶ αὐτὸν ἐκ τοῦ λαοῦ αὐτοῦ, ὅτι τοῦ σπέρματος αὐτοῦ ἔδωκεν ἄρχοντι, ἵνα μιάνῃ τὰ ἅγιά μου καὶ βεβηλώσῃ τὸ ὄνομα τῶν ἡγιασμένων μοι.	et ego ponam faciem meam contra illum succidamque eum de medio populi sui eo quod dederit de semine suo Moloch et contaminaverit sanctuarium meum ac polluerit nomen sanctum meum	Et ego ponam faciem meam contra illum: succidamque eum de medio populi sui, eo quod dederit de semine suo Moloch, et contaminaverit sanctuarium meum, ac polluerit nomen sanctum meum.		And I will set my face against that man, and will cut him off from among his people; because he hath given of his seed unto Molech, to defile my sanctuary, and to profane my holy name.
Lev	20	4	וְאִם הַעְלֵם יַעְלִימוּ עַם הָאָרֶץ אֶת־עֵינֵיהֶם מִן־הָאִישׁ הַהוּא בְּתִתּוֹ מִזַּרְעוֹ לַמֹּלֶךְ לְבִלְתִּי הָמִית אֹתוֹ ׃	ἐὰν δὲ ὑπερόψει ὑπερίδωσιν οἱ αὐτόχθονες τῆς γῆς τοῖς ὀφθαλμοῖς αὐτῶν ἀπὸ τοῦ ἀνθρώπου ἐκείνου, ἐν τῷ δοῦναι αὐτὸν τοῦ σπέρματος αὐτοῦ ἄρχοντι, τοῦ μὴ ἀποκτεῖναι αὐτόν·	quod si neglegens populus terrae et quasi parvipendens imperium meum dimiserit hominem qui dederit de semine suo Moloch nec voluerit eum occidere	Quod si negligens populus terr, et quasi parvipendens imperium meum, dimiserit hominem qui dedit de semine suo Moloch, nec voluerit eum occidere:		And if the people of the land do any ways hide their eyes from the man, when he giveth of his seed unto Molech, and kill him not:
Lev	20	5	וְשַׂמְתִּי אֲנִי אֶת־פָּנַי בָּאִישׁ הַהוּא וּבְמִשְׁפַּחְתּוֹ וְהִכְרַתִּי אֹתוֹ וְאֵת כָּל־הַזֹּנִים אַחֲרָיו לִזְנוֹת אַחֲרֵי הַמֹּלֶךְ מִקֶּרֶב עַמָּם ׃	κ.οὶ ἐπιστήσω τὸ πρόσωπόν μου ἐπὶ τὸν ἄνθρωπον ἐκεῖνον καὶ τὴν συγγενίαν αὐτοῦ, καὶ ἀπολῶ αὐτὸν καὶ πάντας τοὺς ὁμονοοῦντας αὐτῶ, ὥστε ἐκπορνεύειν αὐτὸν εἰς τοὺς ἄρχοντας, ἐκ τοῦ λαοῦ αὐτῶν.	ponam faciem meam super hominem illum et cognationem eius succidamque et ipsum et omnes qui consenserunt ei ut fornicarentur cum Moloch de medio populi sui	ponam faciem meam super hominem illum, et super cognationem ejus, succidamque et ipsum, et omnes qui consensuerunt ei ut fornicarentur cum Moloch, de medio populi sui.		Then I will set my face against that man, and against his family, and will cut him off, and all that go a whoring after him, to commit whoredom with Molech, from among their people.
Lev	20	6	וְהַנֶּפֶשׁ אֲשֶׁר תִּפְנֶה אֶל־הָאֹבֹת וְאֶל־הַיִּדְּעֹנִים לִזְנוֹת אַחֲרֵיהֶם וְנָתַתִּי אֶת־פָּנַי בַּנֶּפֶשׁ הַהִוא וְהִכְרַתִּי אֹתוֹ מִקֶּרֶב עַמּוֹ ׃	καὶ ψυχὴ ἢ ἐὰν ἐπακολουθήσῃ ἐνγαστριμύθοις ἢ ἐπαοιδοῖς ὥστε ἐκπορνεῦσαι ὀπίσω αὐτῶν, ἐπιστήσω τὸ πρόσωπόν μου ἐπὶ τήν ψυχὴν ἐκείνην καὶ ἀπολῶ αὐτὴν ἐκ τοῦ λαοῦ αὐτῆς.	anima quae declinaverit ad magos et ariolos et fornicata fuerit cum eis ponam faciem meam contra eam et interficiam illam de medio populi sui	Anima, qu declinaverit ad magos et ariolos, et fornicata fuerit cum eis, ponam faciem meam contra eam, et interficiam illam de medio populi sui.		And the soul that turneth after such as have familiar spirits, and after wizards, to go a whoring after them, I will even set my face against that soul, and will cut him off from among his people.
Lev	20	7	וְהִתְקַדִּשְׁתֶּם וִהְיִיתֶם קְדֹשִׁים כִּי אֲנִי יְהוָה אֱלֹהֵיכֶם ׃	καὶ ἔσεσθε ἅγιοι, ὅτι ἅγιος ἐγὼ Κύριος ὁ θεὸς ὑμῶν·	sanctificamini et estote sancti quia ego Dominus Deus vester	Sanctificamini et estote sancti, quia ego sum Dominus Deus vester.		Sanctify yourselves therefore, and be ye holy: for I am the Lord your God.
Lev	20	8	וּשְׁמַרְתֶּם אֶת־חֻקֹּתַי וַעֲשִׂיתֶם אֹתָם אֲנִי יְהוָה מְקַדִּשְׁכֶם ׃	καὶ φυλάξεσθε τὰ προστάγματά μου καὶ ποιήσετε αὐτά, ἐγὼ κύριος ὁ ἁγιάζων ὑμᾶς.	custodite praecepta mea et facite ea ego Dominus qui sanctifico vos	Custodite prcepta mea, et facite ea: ego Dominus qui sanctifico vos.		And ye shall keep my statutes, and do them: I am the Lord which sanctify you.
Lev	20	9	כִּי־אִישׁ אִישׁ אֲשֶׁר יְקַלֵּל אֶת־אָבִיו וְאֶת־אִמּוֹ מוֹת יוּמָת אָבִיו וְאִמּוֹ קִלֵּל דָּמָיו בּוֹ ׃	ἄνθρωπος ἄνθρωπος ὃς ἂν κακῶς εἴπῃ τὸν πατέρα αὐτοῦ ἢ τὴν μητέρα αὐτοῦ θανάτῳ θανατούσθω· πατέρα αὐτοῦ ἢ μητέρα αὐτοῦ κακῶς εἶπεν, ἔνοχος ἔσται.	qui maledixerit patri suo et matri morte moriatur patri matrique maledixit sanguis eius sit super eum	Qui maledixerit patri suo, aut matri, morte moriatur: patri matrique maledixit: sanguis ejus sit super eum.		For every one that curseth his father or his mother shall be surely put to death: he hath cursed his father or his mother; his blood shall be upon him.
Lev	20	10	וְאִישׁ אֲשֶׁר יִנְאַף אֶת־אֵשֶׁת אִישׁ אֲשֶׁר יִנְאַף אֶת־אֵשֶׁת רֵעֵהוּ מוֹת־יוּמַת הַנֹּאֵף וְהַנֹּאָפֶת ׃	ἄνθρωπος ὃς ἂν μοιχεύσηται γυναῖκα ἀνδρός, ἢ ὃς ἂν μοιχεύσηται γυναῖκα τοῦ πλησίον, θανάτῳ θανατούσθωσαν ὁ μοιχεύων καὶ ἡ μοιχευομένη.	si moechatus quis fuerit cum uxore alterius et adulterium perpetrarit cum coniuge proximi sui morte moriantur et moechus et adultera	Si mchatus quis fuerit cum uxore alterius, et adulterium perpetraverit cum conjuge proximi sui, morte moriantur et mchus et adultera.		And the man that committeth adultery with another man's wife, even he that committeth adultery with his neighbour's wife, the adulterer and the adulteress shall surely be put to death.
Lev	20	11	וְאִישׁ אֲשֶׁר יִשְׁכַּב אֶת־אֵשֶׁת אָבִיו עֶרְוַת אָבִיו גִּלָּה מוֹת־יוּמְתוּ שְׁנֵיהֶם דְּמֵיהֶם בָּם ׃	ἐάν τις κοιμηθῇ μετὰ γυναικὸς τοῦ πατρὸς αὐτοῦ, τοῦ πατρὸς αὐτοῦ ἀπεκάλυψεν, θανατούσθω· ἀμφότεροι ἔνοχοί εἰσιν.	qui dormierit cum noverca sua et revelaverit ignominiam patris sui morte moriantur ambo sanguis eorum sit super eos	Qui dormierit cum noverca sua, et revelaverit ignominiam patris sui, morte moriantur ambo: sanguis eorum sit super eos.		And the man that lieth with his father's wife hath uncovered his father's nakedness: both of them shall surely be put to death; their blood shall be upon them.
Lev	20	12	וְאִישׁ אֲשֶׁר יִשְׁכַּב אֶת־כַּלָּתוֹ מוֹת יוּמְתוּ שְׁנֵיהֶם תֶּבֶל עָשׂוּ דְּמֵיהֶם בָּם ׃	καὶ ἐάν τις κοιμηθῇ μετὰ νύμφης αὐτοῦ, θανατούσθωσαν ἀμφότεροι· ἠσεβήκασιν γάρ, ἔνοχοί εἰσιν.	si quis dormierit cum nuru sua uterque moriantur quia scelus operati sunt sanguis eorum sit super eos	Si quis dormierit cum nuru sua, uterque moriatur, quia scelus operati sunt: sanguis eorum sit super eos.		And if a man lie with his daughter in law, both of them shall surely be put to death: they have wrought confusion; their blood shall be upon them.
Lev	20	13	וְאִישׁ אֲשֶׁר יִשְׁכַּב אֶת־זָכָר מִשְׁכְּבֵי אִשָּׁה תּוֹעֵבָה עָשׂוּ שְׁנֵיהֶם מוֹת יוּמָתוּ דְּמֵיהֶם בָּם ׃	καὶ ὃς ἂν κοιμηθῇ μετὰ ἄρσενος κοίτην γυναικός, βδέλυγμα ἐπ’ ἀμφότεροι· θανατούσθωσαν, ἔνοχοί εἰσιν.	qui dormierit cum masculo coitu femineo uterque operati sunt nefas morte moriantur sit sanguis eorum super eos	Qui dormierit cum masculo coitu femineo, uterque operatus est nefas: morte moriantur: sit sanguis eorum super eos.		If a man also lie with mankind, as he lieth with a woman, both of them have committed an abomination: they shall surely be put to death; their blood shall be upon them.
Lev	20	14	וְאִישׁ אֲשֶׁר יִקַּח אֶת־אִשָּׁה וְאֶת־אִמָּהּ זִמָּה הִוא בָּאֵשׁ יִשְׂרְפוּ אֹתוֹ וְאֶתְהֶן וְלֹא־תִהְיֶה זִמָּה בְּתוֹכְכֶם ׃	ὃς ἐὰν λάβ καὶ τὴν μητέρα αὐτῆς, ἀνόμημά ἐστιν· ἐν πυρὶ κατακαύσουσιν αὐτὸν καὶ αὐτάς, καὶ οὐκ ἔσται ἀνομία ἐν ὑμῖν.	qui supra uxorem filiam duxerit matrem eius scelus operatus est vivus ardebit cum eis nec permanebit tantum nefas in medio vestri	Qui supra uxorem filiam, duxerit matrem ejus, scelus operatus est: vivus ardebit cum eis, nec permanebit tantum nefas in medio vestri.		And if a man take a wife and her mother, it is wickedness: they shall be burnt with fire, both he and they; that there be no wickedness among you.
Lev	20	15	וְאִישׁ אֲשֶׁר יִתֵּן שְׁכָבְתּוֹ בִּבְהֵמָה מוֹת יוּמָת וְאֶת־הַבְּהֵמָה תַּהֲרֹגוּ ׃	καὶ ὃς ἂν δῷ κοιτασίαν αὐτοῦ ἐν τετράποδι, θανάτῳ θανατούσθω, καὶ τὸ τετράπουν ἀποκτενεῖτε.	qui cum iumento et pecore coierit morte moriatur pecus quoque occidite	Qui cum jumento et pecore coierit, morte moriatur: pecus quoque occidite.		And if a man lie with a beast, he shall surely be put to death: and ye shall slay the beast.
Lev	20	16	וְאִשָּׁה אֲשֶׁר תִּקְרַב אֶל־כָּל־בְּהֵמָה לְרִבְעָה אֹתָהּ וְהָרַגְתָּ אֶת־הָאִשָּׁה וְאֶת־הַבְּהֵמָה מוֹת יוּמָתוּ דְּמֵיהֶם בָּם ׃	καὶ γυνὴ ἥτις προσελεύσεται πρὸς πᾶν κτῆνος βιβασθῆναι αὐτὴν ὑπ’ αὐτοῦ, ἀποκτενεῖτε τὴν γυναῖκα καὶ τὸ κτῆνος· θανάτῳ θανατούσθω, ἔνοχοί εἰσιν.	mulier quae subcubuerit cuilibet iumento simul interficietur cum eo sanguis eorum sit super eos	Mulier, qu succubuerit cuilibet jumento, simul interficietur cum eo: sanguis eorum sit super eos.		And if a woman approach unto any beast, and lie down thereto, thou shalt kill the woman, and the beast: they shall surely be put to death; their blood shall be upon them.
Lev	20	17	וְאִישׁ אֲשֶׁר־יִקַּח אֶת־אֲחֹתוֹ בַּת־אָבִיו אוֹ בַת־אִמּוֹ וְרָאָה אֶת־עֶרְוָתָהּ וְהִיא־תִרְאֶה אֶת־עֶרְוָתוֹ חֶסֶד הוּא וְנִכְרְתוּ לְעֵינֵי בְּנֵי עַמָּם עֶרְוַת אֲחֹתוֹ גִּלָּה עֲוֹנוֹ יִשָּׂא ׃	ὃς ἐὰν λάβῃ τὴν ἀδελφὴν αὐτοῦ ἐκ πατρὸς αὐτοῦ ἢ ἐκ μητρὸς αὐτοῦ, καὶ ἴδη τὴν ἀσχημοσύνην αὐτῆς καὶ αὕτη ἴδῃ τὴν ἀσχημοσύνην αὐτοῦ, ὄνειδός ἐστιν, ἐξολεθρευθήσονται ἐνώπιον υἱῶν γένους αὐτῶν· ἀσχημοσύνην ἀδελφῆς αὐτοῦ ἀπεκάλυψεν, ἁμαρτίαν κομιοῦνται.	qui acceperit sororem suam filiam patris sui vel filiam matris suae et viderit turpitudinem eius illaque conspexerit fratris ignominiam nefariam rem operati sunt occidentur in conspectu populi sui eo quod turpitudinem suam mutuo revelarint et portabunt iniquitatem suam	Qui acceperit sororem suam filiam patris sui, vel filiam matris su, et viderit turpitudinem ejus, illaque conspexerit fratris ignominiam, nefariam rem operati sunt: occidentur in conspectu populi sui, eo quod turpitudinem suam mutuo revelaverint, et portabunt iniquitatem suam.		And if a man shall take his sister, his father's daughter, or his mother's daughter, and see her nakedness, and she see his nakedness; it is a wicked thing; and they shall be cut off in the sight of their people: he hath uncovered his sister's nakedness; he shall bear his iniquity.
Lev	20	18	וְאִישׁ אֲשֶׁר־יִשְׁכַּב אֶת־אִשָּׁה דָּוָה וְגִלָּה אֶת־עֶרְוָתָהּ אֶת־מְקֹרָהּ הֶעֱרָה וְהִיא גִּלְּתָה אֶת־מְקוֹר דָּמֶיהָ וְנִכְרְתוּ שְׁנֵיהֶם מִקֶּרֶב עַמָּם ׃	καὶ ἀνὴρ ὃς ἂν κοιμηθῇ μετὰ γυναικὸς ἀποκαθημένης καὶ ἀποκαλύψῃ τὴν ἀσχημοσύνην αὐτῆς, τὴν πηγὴν αὐτῆς ἀπεκάλυψεν, καὶ αὕτη ἀπεκάλυψεν τὴν ῥύσιν τοῦ αὔης· ἐξολεθρευθήσονται ἀμφότεροι ἐκ τοῦ γένους αὐτῶν.	qui coierit cum muliere in fluxu menstruo et revelaverit turpitudinem eius ipsaque aperuerit fontem sanguinis sui interficientur ambo de medio populi sui	Qui coierit cum muliere in fluxu menstruo, et revelaverit turpitudinem ejus, ipsaque aperuerit fontem sanguinis sui, interficientur ambo de medio populi sui.		And if a man shall lie with a woman having her sickness, and shall uncover her nakedness; he hath discovered her fountain, and she hath uncovered the fountain of her blood: and both of them shall be cut off from among their people.
Lev	20	19	וְעֶרְוַת אֲחוֹת אִמְּךָ וַאֲחוֹת אָבִיךָ לֹא תְגַלֵּה כִּי אֶת־שְׁאֵרוֹ הֶעֱרָה עֲוֹנָם יִשָּׂאוּ ׃	καὶ ἀσχημοσύνην ἀδελφῆς πατρός σου καὶ ἀδελφῆς μητρός σου οὐκ ἀποκαλύψεις· τὴν γὰρ οἰκειότητα ἀπεκάλυψεν, ἁμαρτίαν ἀποίσονται.	turpitudinem materterae tuae et amitae tuae non discoperies qui hoc fecerit ignominiam carnis suae nudavit portabunt ambo iniquitatem suam	Turpitudinem materter et amit tu non discooperies: qui hoc fecerit, ignominiam carnis su nudavit; portabunt ambo iniquitatem suam.		And thou shalt not uncover the nakedness of thy mother's sister, nor of thy father's sister: for he uncovereth his near kin: they shall bear their iniquity.
Lev	20	20	וְאִישׁ אֲשֶׁר יִשְׁכַּב אֶת־דֹּדָתוֹ עֶרְוַת דֹּדוֹ גִּלָּה חֶטְאָם יִשָּׂאוּ עֲרִירִים יָמֻתוּ ׃	ὃς ἂν κοιμηθῇ μετὰ τῆς συγγενοῦς αὐτοῦ, ἀσχημοσύνην τῆς συγγενοῦς αὐτοῦ ἀπεκάλυψεν· ἄτεκνοι ἀποθανοῦνται.	qui coierit cum uxore patrui vel avunculi sui et revelaverit ignominiam cognationis suae portabunt ambo peccatum suum absque liberis morientur	Qui coierit cum uxore patrui vel avunculi sui, et revelaverit ignominiam cognationis su, portabunt ambo peccatum suum: absque liberis morientur.		And if a man shall lie with his uncle's wife, he hath uncovered his uncle's nakedness: they shall bear their sin; they shall die childless.
Lev	20	21	וְאִישׁ אֲשֶׁר יִקַּח אֶת־אֵשֶׁת אָחִיו נִדָּה הִוא עֶרְוַת אָחִיו גִּלָּה עֲרִירִים יִהְיוּ ׃	ὃς ἀν’ λάβῃ τὴν γυναῖκα τοῦ ἀδελφοῦ αὐτοῦ, ἀκαθαρσία αὐτοῦ ἐστίν· ἀσχημοσύνην ἀδελφοῦ αὐτοῦ ἀπεκάλυψεν, ἄτεκνοι ἀποθανοῦνται.	qui duxerit uxorem fratris sui rem facit inlicitam turpitudinem fratris sui revelavit absque filiis erunt	Qui duxerit uxorem fratris sui, rem facit illicitam: turpitudinem fratris sui revelavit: absque liberis erunt.		And if a man shall take his brother's wife, it is an unclean thing: he hath uncovered his brother's nakedness; they shall be childless.
Lev	20	22	וּשְׁמַרְתֶּם אֶת־כָּל־חֻקֹּתַי וְאֶת־כָּל־מִשְׁפָּטַי וַעֲשִׂיתֶם אֹתָם וְלֹא־תָקִיא אֶתְכֶם הָאָרֶץ אֲשֶׁר אֲנִי מֵבִיא אֶתְכֶם שָׁמָּה לָשֶׁבֶת בָּהּ ׃	Καὶ φυλάξασθε πάντα τὰ προστάγματά μου καὶ τὰ κρίματά μου, καὶ ποιήσετε αὐτά· καὶ οὐ μὴ προσοχθίσῃ ὑμῖν ἡ γῆ εἰς ἣν ἐγὼ εἰσάγω ὑμᾶς ἐκεῖ κατοικεῖν ἐπ’ αὐτῆς.	custodite leges meas atque iudicia et facite ea ne et vos evomat terra quam intraturi estis et habitaturi	Custodite leges meas, atque judicia, et facite ea: ne et vos evomat terra quam intraturi estis et habitaturi.		Ye shall therefore keep all my statutes, and all my judgments, and do them: that the land, whither I bring you to dwell therein, spue you not out.
Lev	20	23	וְלֹא תֵלְכוּ בְּחֻקֹּת הַגּוֹי אֲשֶׁר־אֲנִי מְשַׁלֵּחַ מִפְּנֵיכֶם כִּי אֶת־כָּל־אֵלֶּה עָשׂוּ וָאָקֻץ בָּם ׃	καὶ οὐχὶ πορεύεσθε τοῖς νομίμοις τῶν ἐθνῶν, οὓς ἐξαποστέλλω ἀφ’ ὑμῶν· ὅτι ταῦτα πάντα ἐποίησαν, καὶ ἐβδελυξάμην αὐτούς.	nolite ambulare in legitimis nationum quas ego expulsurus sum ante vos omnia enim haec fecerunt et abominatus sum eos	Nolite ambulare in legitimis nationum, quas ego expulsurus sum ante vos. Omnia enim hc fecerunt, et abominatus sum eas.		And ye shall not walk in the manners of the nation, which I cast out before you: for they committed all these things, and therefore I abhorred them.
Lev	20	24	וָאֹמַר לָכֶם אַתֶּם תִּירְשׁוּ אֶת־אַדְמָתָם וַאֲנִי אֶתְּנֶנָּה לָכֶם לָרֶשֶׁת אֹתָהּ אֶרֶץ זָבַת חָלָב וּדְבָשׁ אֲנִי יְהוָה אֱלֹהֵיכֶם אֲשֶׁר־הִבְדַּלְתִּי אֶתְכֶם מִן־הָעַמִּים ׃	καὶ εἶπα ὑμῖν Ὑμεῖς κληρονομήσατε τὴν γῆν αὐτῶν, καὶ ἐγὼ δώσω ὑμῖν αὐτὴν ἐν κτήσει, γῆν ῥέουσαν γάλα καὶ μέλι· ἐγὼ Κύριος ὁ θεὸς ὑμῶν, ὃς διώρισα ὑμᾶς ἀπὸ πάντων τῶν ἐθνῶν.	vobis autem loquor possidete terram eorum quam dabo vobis in hereditatem terram fluentem lacte et melle ego Dominus Deus vester qui separavi vos a ceteris populis	Vobis autem loquor. Possidete terram eorum, quam dabo vobis in hreditatem, terram fluentem lacte et melle. Ego Dominus Deus vester, qui separavi vos a ceteris populis.		But I have said unto you, Ye shall inherit their land, and I will give it unto you to possess it, a land that floweth with milk and honey: I am the Lord your God, which have separated you from other people.
Lev	20	25	וְהִבְדַּלְתֶּם בֵּין־הַבְּהֵמָה הַטְּהֹרָה לַטְּמֵאָה וּבֵין־הָעוֹף הַטָּמֵא לַטָּהֹר וְלֹא־תְשַׁקְּצוּ אֶת־נַפְשֹׁתֵיכֶם בַּבְּהֵמָה וּבָעוֹף וּבְכֹל אֲשֶׁר תִּרְמֹשׂ הָאֲדָמָה אֲשֶׁר־הִבְדַּלְתִּי לָכֶם לְטַמֵּא ׃	καὶ ἀφοριεῖτε αὐτοὺς ἀνὰ μέσον τῶν κτηνῶν τῶν καθαρῶν καὶ ἀνὰ μέ σὸν τῶν κτηνῶν τῶν ἀκαθάρτων, καὶ ἀνὰ μέσον τῶν πετεινῶν τῶν καθαρῶν καὶ τῶν ἀκαθάρτων· καὶ οὐ βδελύξετε τὰς ψυχὰς ὑμῶν ἐν τοῖς κτήνεσιν καὶ ἐν τοῖς πετεινοῖς καὶ ἐν πᾶσιν τοῖς ἑρπετοῖς τῆς γῆς, ἃ ἐγὼ ἀφώρισα ὑμῖν ἐν ἀκαθαρσίᾳ.	separate ergo et vos iumentum mundum ab inmundo et avem mundam ab inmunda ne polluatis animas vestras in pecore et in avibus et cunctis quae moventur in terra et quae vobis ostendi esse polluta	Separate ergo et vos jumentum mundum ab immundo, et avem mundam ab immunda: ne polluatis animas vestras in pecore, et avibus, et cunctis qu moventur in terra, et qu vobis ostendi esse polluta.		Ye shall therefore put difference between clean beasts and unclean, and between unclean fowls and clean: and ye shall not make your souls abominable by beast, or by fowl, or by any manner of living thing that creepeth on the ground, which I have separated from you as unclean.
Lev	20	26	וִהְיִיתֶם לִי קְדֹשִׁים כִּי קָדוֹשׁ אֲנִי יְהוָה וָאַבְדִּל אֶתְכֶם מִן־הָעַמִּים לִהְיוֹת לִי ׃	καὶ ἔσεσθέ μοι ἅγιοι, ὅτι ἐγὼ ἅγιος, κύριος ὁ θεὸς ὑμῶν, ὁ ἀφορίσας ὑμᾶς ἀπὸ πάντων τῶν ἐθνῶν εἶναι ἐμοί.	eritis sancti mihi quia sanctus ego sum Dominus et separavi vos a ceteris populis ut essetis mei	Eritis mihi sancti, quia sanctus sum ego Dominus, et separavi vos a ceteris populis, ut essetis mei.		And ye shall be holy unto me: for I the Lord am holy, and have severed you from other people, that ye should be mine.
Lev	20	27	וְאִישׁ אוֹ־אִשָּׁה כִּי־יִהְיֶה בָהֶם אוֹב אוֹ יִדְּעֹנִי מוֹת יוּמָתוּ בָּאֶבֶן יִרְגְּמוּ אֹתָם דְּמֵיהֶם בָּם ׃ פ	Καὶ ἀνὴρ ἢ γυνὴ ἃς ἂν γένηται αὐτῶν ἐνγαστρίμυθος ἢ ἐπαοιδός, θανάτῳ θανατούσθωσαν ἀμφότεροι· λίθοις λιθοβολήσατε αὐτούς, ἔνοχοί εἰσιν.	vir sive mulier in quibus pythonicus vel divinationis fuerit spiritus morte moriantur lapidibus obruent eos sanguis eorum sit super illos	Vir, sive mulier, in quibus pythonicus, vel divinationis fuerit spiritus, morte moriantur: lapidibus obruent eos: sanguis eorum sit super illos.		A man also or woman that hath a familiar spirit, or that is a wizard, shall surely be put to death: they shall stone them with stones: their blood shall be upon them.
Lev	21	1	וַיֹּאמֶר יְהוָה אֶל־מֹשֶׁה אֱמֹר אֶל־הַכֹּהֲנִים בְּנֵי אַהֲרֹן וְאָמַרְתָּ אֲלֵהֶם לְנֶפֶשׁ לֹא־יִטַּמָּא בְּעַמָּיו ׃	Καὶ εἶπεν κύριος πρὸς Μωυσῆν λέγων Εἰπὸν τοῖς ἱερεῦσιν τοῖς υἱοῖς Ἀαρὼν καὶ ἐρεῖς πρὸς αὐτούς Ἐν ταῖς ψυχαῖς οὐ μιανθήσονται ἐν τῷ ἔθνει αὐτῶν,	dixit quoque Dominus ad Mosen loquere ad sacerdotes filios Aaron et dices eis ne contaminetur sacerdos in mortibus civium suorum	Dixit quoque Dominus ad Moysen: Loquere ad sacerdotes filios Aaron, et dices ad eos: Ne contaminetur sacerdos in mortibus civium suorum,		And the Lord said unto Moses, Speak unto the priests the sons of Aaron, and say unto them, There shall none be defiled for the dead among his people:
Lev	21	2	כִּי אִם־לִשְׁאֵרוֹ הַקָּרֹב אֵלָיו לְאִמּוֹ וּלְאָבִיו וְלִבְנוֹ וּלְבִתּוֹ וּלְאָחִיו ׃	ἀλλ᾿ ἢ ἐν τῷ οἰκείῳ τῷ ἔγγιστα ἐπὶ πατρὶ καὶ μητρί, καὶ υἱοῖς καὶ θυγατράσιν, ἐπ’ ἀδελφῷ	nisi tantum in consanguineis ac propinquis id est super matre et patre et filio ac filia fratre quoque	nisi tantum in consanguineis, ac propinquis, id est, super patre et matre, et filio, et filia, fratre quoque,		But for his kin, that is near unto him, that is, for his mother, and for his father, and for his son, and for his daughter, and for his brother.
Lev	21	3	וְלַאֲחֹתוֹ הַבְּתוּלָה הַקְּרוֹבָה אֵלָיו אֲשֶׁר לֹא־הָיְתָה לְאִישׁ לָהּ יִטַּמָּא ׃	καὶ ἀδελφῇ παρθένῳ τῇ ἐγγιζούσῃ αὐτῷ τῇ μὴ ἐκδεδομένῃ ἀνδρί, ἐπὶ τούτοις μιανθήσεται.	et sorore virgine quae non est nupta viro	et sorore virgine qu non est nupta viro:		And for his sister a virgin, that is nigh unto him, which hath had no husband; for her may he be defiled.
Lev	21	4	לֹא יִטַּמָּא בַּעַל בְּעַמָּיו לְהֵחַלּוֹ ׃	οὐ μιανθήσεται ἐξάπινα ἐν τῷ λαὼ αὐτοῦ εἰς βεβήλωσιν αὐτοῦ.	sed nec in principe populi sui contaminabitur	sed nec in principe populi sui contaminabitur.		But he shall not defile himself, being a chief man among his people, to profane himself.
Lev	21	5	לֹא־יִקְרְחָה קָרְחָה בְּרֹאשָׁם וּפְאַת זְקָנָם לֹא יְגַלֵּחוּ וּבִבְשָׂרָם לֹא יִשְׂרְטוּ שָׂרָטֶת ׃	καὶ φαλάκρωμα οὐ ξυρηθήσεσθε τὴν κεφαλὴν ἐπὶ νεκρῷ, καὶ τὴν ἄψιν τοῦ πώγωνος οὐ ξυρήσονται, καὶ ἐπὶ τὰς σάρκας αὐτῶν οὐ κατατεμοῦσιν ἐντομίδας.	non radent caput nec barbam neque in carnibus suis facient incisuras	Non radent caput, nec barbam, neque in carnibus suis facient incisuras.		They shall not make baldness upon their head, neither shall they shave off the corner of their beard, nor make any cuttings in their flesh.
Lev	21	6	קְדֹשִׁים יִהְיוּ לֵאלֹהֵיהֶם וְלֹא יְחַלְּלוּ שֵׁם אֱלֹהֵיהֶם כִּי אֶת־אִשֵּׁי יְהוָה לֶחֶם אֱלֹהֵיהֶם הֵם מַקְרִיבִם וְהָיוּ קֹדֶשׁ ׃	ἅγιοι ἔσονται τῷ θεῷ τὸ ὄνομα τοῦ θεοῦ αὐτῶν· τὰς γὰρ θυσίας κυρίου δῶρα τοῦ θεοῦ αὐτῶν αὐτοὶ προσφέρουσιν, καὶ ἔσονται ἅγιοι.	sancti erunt Deo suo et non polluent nomen eius incensum enim Domini et panes Dei sui offerunt et ideo sancti erunt	Sancti erunt Deo suo, et non polluent nomen ejus: incensum enim Domini, et panes Dei sui offerunt, et ideo sancti erunt.		They shall be holy unto their God, and not profane the name of their God: for the offerings of the Lord made by fire, and the bread of their God, they do offer: therefore they shall be holy.
Lev	21	7	אִשָּׁה זֹנָה וַחֲלָלָה לֹא יִקָּחוּ וְאִשָּׁה גְּרוּשָׁה מֵאִישָׁהּ לֹא יִקָּחוּ כִּי־קָדֹשׁ הוּא לֵאלֹהָיו ׃	γυναῖκα πόρνην καὶ βεβηλωμένην οὐ λήμψονται, καὶ γυναῖκα ἐκβεβλημένην ἀπὸ ἀνδρὸς αὐτῆς. ἅγιός ἐστιν τῷ κυρίῳ θεῷ αὐτοῦ, καὶ ἁγιάσει αὐτόν·	scortum et vile prostibulum non ducet uxorem nec eam quae repudiata est a marito quia consecratus est Deo suo	Scortum et vile prostibulum non ducent uxorem, nec eam qu repudiata est a marito: quia consecrati sunt Deo suo,		They shall not take a wife that is a whore, or profane; neither shall they take a woman put away from her husband: for he is holy unto his God.
Lev	21	8	וְקִדַּשְׁתּוֹ כִּי־אֶת־לֶחֶם אֱלֹהֶיךָ הוּא מַקְרִיב קָדֹשׁ יִהְיֶה־לָּךְ כִּי קָדוֹשׁ אֲנִי יְהוָה מְקַדִּשְׁכֶם ׃	τὰ δῶρα κυρίου θεοῦ ὑμῶν οὗτος προσφέρει· ἅγιος ἔσται, ὅτι ἅγιος ἐγὼ Κύριος ὁ ἁγιάζων αὐτούς.	et panes propositionis offert sit ergo sanctus quia et ego sanctus sum Dominus qui sanctifico vos	et panes propositionis offerunt. Sint ergo sancti, quia et ego sanctus sum, Dominus qui sanctifico eos.		Thou shalt sanctify him therefore; for he offereth the bread of thy God: he shall be holy unto thee: for I the Lord, which sanctify you, am holy.
Lev	21	9	וּבַת אִישׁ כֹּהֵן כִּי תֵחֵל לִזְנוֹת אֶת־אָבִיהָ הִיא מְחַלֶּלֶת בָּאֵשׁ תִּשָּׂרֵף ׃ ס	καὶ θυγάτηρ ἀνθρώπου ἱερέως ἐὰν βεβηλωθῇ τοῦ ἐκπορνεῦσαι, τὸ ὄνομα τοῦ πατμὸς αὐτῆς αὐτὴ βεβηλοῖ·	sacerdotis filia si deprehensa fuerit in stupro et violaverit nomen patris sui flammis exuretur	Sacerdotis filia si deprehensa fuerit in stupro, et violaverit nomen patris sui, flammis exuretur.		And the daughter of any priest, if she profane herself by playing the whore, she profaneth her father: she shall be burnt with fire.
Lev	21	10	וְהַכֹּהֵן הַגָּדוֹל מֵאֶחָיו אֲשֶׁר־יוּצַק עַל־רֹאשׁוֹ שֶׁמֶן הַמִּשְׁחָה וּמִלֵּא אֶת־יָדוֹ לִלְבֹּשׁ אֶת־הַבְּגָדִים אֶת־רֹאשׁוֹ לֹא יִפְרָע וּבְגָדָיו לֹא יִפְרֹם ׃	ἐπὶ πυρὸς κατακαυθήσεται. Καὶ ὁ ἱερεὺς ὁ μέγας ἀπὸ τῶν ἀδελφῶν αὐτοῦ, τοῦ ἐπικεχυμένου ἐπὶ τὴν κεφαλὴν τοῦ ἐλαίου τοῦ χριστοῦ καὶ τετελειωμένου ἐνδύσασθαι τὰ ἱμάτια, τὴν κεφαλὴν οὐκ ἀποκιδαρώσει καὶ τὰ ἱμάτια οὐ διαρρήξει,	pontifex id est sacerdos maximus inter fratres suos super cuius caput fusum est unctionis oleum et cuius manus in sacerdotio consecratae sunt vestitusque est sanctis vestibus caput suum non discoperiet vestimenta non scindet	Pontifex, id est, sacerdos maximus inter fratres suos, super cujus caput fusum est unctionis oleum, et cujus manus in sacerdotio consecrat sunt, vestitusque est sanctis vestibus, caput suum non discooperiet, vestimenta non scindet:		And he that is the high priest among his brethren, upon whose head the anointing oil was poured, and that is consecrated to put on the garments, shall not uncover his head, nor rend his clothes;
Lev	21	11	וְעַל כָּל־נַפְשֹׁת מֵת לֹא יָבֹא לְאָבִיו וּלְאִמּוֹ לֹא יִטַּמָּא ׃	καὶ ἐπὶ πάσῃ ψυχῇ τετελευτηκυίᾳ οὐκ εἰσελεύσεται, ἐπὶ πατρὶ αὐτοῦ οὐδὲ ἐπὶ μητρὶ αὐτοῦ οὐ μιανθήσεται,	et ad omnem mortuum non ingredietur omnino super patre quoque suo et matre non contaminabitur	et ad omnem mortuum non ingredietur omnino: super patre quoque suo et matre non contaminabitur.		Neither shall he go in to any dead body, nor defile himself for his father, or for his mother;
Lev	21	12	וּמִן־הַמִּקְדָּשׁ לֹא יֵצֵא וְלֹא יְחַלֵּל אֵת מִקְדַּשׁ אֱלֹהָיו כִּי נֵזֶר שֶׁמֶן מִשְׁחַת אֱלֹהָיו עָלָיו אֲנִי יְהוָה ׃	καὶ ἐκ τῶν ἁγίων οὐκ ἐξελεύσεται καὶ οὐ βεβηλώσει τὸ ἡγιασμένον τοῦ θεοῦ αὐτοῦ, ὅτι τὸ ἅγιον ἔλαιον τὸ χριστὸν τοῦ θεοῦ ἐπ’ αὐτῷ· ἐγὼ κύριος.	nec egredietur de sanctis ne polluat sanctuarium Domini quia oleum sanctae unctionis Dei sui super eum est ego Dominus	Nec egredietur de sanctis, ne polluat sanctuarium Domini, quia oleum sanct unctionis Dei sui super eum est. Ego Dominus.		Neither shall he go out of the sanctuary, nor profane the sanctuary of his God; for the crown of the anointing oil of his God is upon him: I am the Lord.
Lev	21	13	וְהוּא אִשָּׁה בִבְתוּלֶיהָ יִקָּח ׃	οὗτος παρθένον ἐκ τοῦ γένους αὐτοῦ λήμψεται ·	virginem ducet uxorem	Virginem ducet uxorem:		And he shall take a wife in her virginity.
Lev	21	14	אַלְמָנָה וּגְרוּשָׁה וַחֲלָלָה זֹנָה אֶת־אֵלֶּה לֹא יִקָּח כִּי אִם־בְּתוּלָה מֵעַמָּיו יִקַּח אִשָּׁה ׃	χήραν δὲ καὶ ἐκβεβλημένην καὶ βεβηλωμένην καὶ πόρνην, ταύτας οὐ λήμψεται, ἀλλ’ ἢ παρθένον ἐκ Τοῦ λαοῦ αὐτοῦ λήμψεται γυναῖκα·	viduam et repudiatam et sordidam atque meretricem non accipiet sed puellam de populo suo	viduam autem et repudiatam, et sordidam, atque meretricem non accipiet, sed puellam de populo suo:		A widow, or a divorced woman, or profane, or an harlot, these shall he not take: but he shall take a virgin of his own people to wife.
Lev	21	15	וְלֹא־יְחַלֵּל זַרְעוֹ בְּעַמָּיו כִּי אֲנִי יְהוָה מְקַדְּשׁוֹ ׃ פ	καὶ οὐ βεβηλώσει τὸ σπέρμα αὐτοῦ ἐν τῷ λαῷ αὐτοῦ· ἐγὼ κύριος ὁ ἁγιάζων αὐτόν.	ne commisceat stirpem generis sui vulgo gentis suae quia ego Dominus qui sanctifico eum	ne commisceat stirpem generis sui vulgo gentis su: quia ego Dominus, qui sanctifico eum.		Neither shall he profane his seed among his people: for I the Lord do sanctify him.
Lev	21	16	וַיְדַבֵּר יְהוָה אֶל־מֹשֶׁה לֵּאמֹר ׃	Καὶ ἐλάλησεν κύριος πρὸς Μωυσῆν λέγων	locutusque est Dominus ad Mosen dicens	Locutusque est Dominus ad Moysen, dicens:		And the Lord spake unto Moses, saying,
Lev	21	17	דַּבֵּר אֶל־אַהֲרֹן לֵאמֹר אִישׁ מִזַּרְעֲךָ לְדֹרֹתָם אֲשֶׁר יִהְיֶה בוֹ מוּם לֹא יִקְרַב לְהַקְרִיב לֶחֶם אֱלֹהָיו ׃	Εἰπὸν Ἀαρών Ἄνθρωπος ἐκ τοῦ γένους σου εἰς τὰς γενεὰς ὑμῶν, τίνι ἐὰν ᾖ ἐν αὐτῷ μῶμος, οὐ προσελεύσεται προσφέρειν τὰ δῶρα τοῦ θεοῦ αὐτοῦ.	loquere ad Aaron homo de semine tuo per familias qui habuerit maculam non offeret panes Deo suo	Loquere ad Aaron: Homo de semine tuo per familias qui habuerit maculam, non offeret panes Deo suo,		Speak unto Aaron, saying, Whosoever he be of thy seed in their generations that hath any blemish, let him not approach to offer the bread of his God.
Lev	21	18	כִּי כָל־אִישׁ אֲשֶׁר־בּוֹ מוּם לֹא יִקְרָב אִישׁ עִוֵּר אוֹ פִסֵּחַ אוֹ חָרֻם אוֹ שָׂרוּעַ ׃	πᾶς ἄνθρωπος ᾧ ἂν ᾖ ἐν αὐτῷ μῶμος οὐ προσελεύσεται· ἄνθρωπος χωλὸς ἢ τυφλὸς ἢ κολοβόριν ἢ ὠτότμητος,	nec accedet ad ministerium eius si caecus fuerit si claudus si vel parvo vel grandi et torto naso	nec accedet ad ministerium ejus: si ccus fuerit, si claudus, si parvo vel grandi, vel torto naso,		For whatsoever man he be that hath a blemish, he shall not approach: a blind man, or a lame, or he that hath a flat nose, or any thing superfluous,
Lev	21	19	אוֹ אִישׁ אֲשֶׁר־יִהְיֶה בוֹ שֶׁבֶר רָגֶל אוֹ שֶׁבֶר יָד ׃	ἄνθρωπος ᾧ ἐστὶν ἐν αὐτῷ σύντριμμα χειρὸς ἢ σύντριμμα ποδός,	si fracto pede si manu	si fracto pede, si manu,		Or a man that is brokenfooted, or brokenhanded,
Lev	21	20	אוֹ־גִבֵּן אוֹ־דַק אוֹ תְּבַלֻּל בְּעֵינוֹ אוֹ גָרָב אוֹ יַלֶּפֶת אוֹ מְרוֹחַ אָשֶׁךְ ׃	ἢ κυρτὸς ἢ ἔφηλος ἢ πτίλος τοὺς ὀφθαλμούς, ἢ ἄνθρωπος ᾧ ἂν ᾖ ἐν αὐτῷ ψώρα ἀγρία ὴ λιχὴν ἢ μόνορχις,	si gibbus si lippus si albuginem habens in oculo si iugem scabiem si inpetiginem in corpore vel hirniosus	si gibbus, si lippus, si albuginem habens in oculo, si jugem scabiem, si impetiginem in corpore, vel herniosus.		Or crookbackt, or a dwarf, or that hath a blemish in his eye, or be scurvy, or scabbed, or hath his stones broken;
Lev	21	21	כָּל־אִישׁ אֲשֶׁר־בּוֹ מוּם מִזֶּרַע אַהֲרֹן הַכֹּהֵן לֹא יִגַּשׁ לְהַקְרִיב אֶת־אִשֵּׁי יְהוָה מוּם בּוֹ אֵת לֶחֶם אֱלֹהָיו לֹא יִגַּשׁ לְהַקְרִיב ׃	πᾶς ᾧ ἐστὶν ἐν αὐτῷ μῶμος ἐκ τοῦ σπέρματος Ἀαρὼν τοῦ ἱερέως οὐ προσεγγιεῖ τοῦ προσενεγκεῖν τὰς θυσίας τῷ θεῷ σου, ὅτι μῶμος ἐν αὐτῷ· τὰ δῶρα τοῦ θεοῦ οὐ προσελεύσεται τᾶι προσενεγκεῖν.	omnis qui habuerit maculam de semine Aaron sacerdotis non accedet offerre hostias Domino nec panes Deo suo	Omnis qui habuerit maculam de semine Aaron sacerdotis, non accedet offerre hostias Domino, nec panes Deo suo:		No man that hath a blemish of the seed of Aaron the priest shall come nigh to offer the offerings of the Lord made by fire: he hath a blemish; he shall not come nigh to offer the bread of his God.
Lev	21	22	לֶחֶם אֱלֹהָיו מִקָּדְשֵׁי הַקֳּדָשִׁים וּמִן־הַקֳּדָשִׁים יֹאכֵל ׃	τὰ δῶρα τοῦ θεοῦ τὰ ἅγια τῶν ἁγίων καὶ ἀπὸ τῶν ἁγίων φάγεται·	vescetur tamen panibus qui offeruntur in sanctuario	vescetur tamen panibus qui offeruntur in sanctuario,		He shall eat the bread of his God, both of the most holy, and of the holy.
Lev	21	23	אַךְ אֶל־הַפָּרֹכֶת לֹא יָבֹא וְאֶל־הַמִּזְבֵּחַ לֹא יִגַּשׁ כִּי־מוּם בּוֹ וְלֹא יְחַלֵּל אֶת־מִקְדָּשַׁי כִּי אֲנִי יְהוָה מְקַדְּשָׁם ׃	πλὴν πρὸς τὸ καταπέτασμα οὐ προσελεύσεται, καὶ πρὸς τὸ θυσιαστήριον οὐκ ἐγγιεῖ, ὅτι μῶμον ὦι· καὶ οὐ βεβηλώσει τὸ ἅγιον τοῦ θεοῦ αὐτοῦ, ὅτι ἐγώ εἰμι κύριος ὁ ἁγιάζων αὐτούς.	ita dumtaxat ut intra velum non ingrediatur nec accedat ad altare quia maculam habet et contaminare non debet sanctuarium meum ego Dominus qui sanctifico eos	ita dumtaxat, ut intra velum non ingrediatur, nec accedat ad altare, quia maculam habet, et contaminare non debet sanctuarium meum. Ego Dominus qui sanctifico eos.		Only he shall not go in unto the vail, nor come nigh unto the altar, because he hath a blemish; that he profane not my sanctuaries: for I the Lord do sanctify them.
Lev	21	24	וַיְדַבֵּר מֹשֶׁה אֶל־אַהֲרֹן וְאֶל־בָּנָיו וְאֶל־כָּל־בְּנֵי יִשְׂרָאֵל ׃ פ	καὶ ἐλάλησεν Μωυσῆς πρὸς Ἀαρὼν καὶ τοὺς υἱοὺς αὐτοῦ καὶ πρὸς πάντας υἱοὺς Ἰσραήλ.	locutus est ergo Moses ad Aaron et filios eius et ad omnem Israhel cuncta quae sibi fuerant imperata	Locutus est ergo Moyses ad Aaron, et ad filios ejus, et ad omnem Isral cuncta qu fuerant sibi imperata.		And Moses told it unto Aaron, and to his sons, and unto all the children of Israel.
Lev	22	1	וַיְדַבֵּר יְהוָה אֶל־מֹשֶׁה לֵּאמֹר ׃	Καὶ ἐλάλησεν Κύριος πρὸς Μωυσῆν λέγων	locutus quoque est Dominus ad Mosen dicens	Locutus quoque est Dominus ad Moysen, dicens:		And the Lord spake unto Moses, saying,
Lev	22	2	דַּבֵּר אֶל־אַהֲרֹן וְאֶל־בָּנָיו וְיִנָּזְרוּ מִקָּדְשֵׁי בְנֵי־יִשְׂרָאֵל וְלֹא יְחַלְּלוּ אֶת־שֵׁם קָדְשִׁי אֲשֶׁר הֵם מַקְדִּשִׁים לִי אֲנִי יְהוָה ׃	Εἰπὸν Ἀαρὼν καὶ τοῖς υἱοῖς αὐτοῦ, καὶ προσεχέτωσαν ἀπὸ τῶν ἁγίων τῶν υἱῶν Ἰσραήλ, καὶ οὐ βεβηλώσουσιν τὸ ὄνομα τὸ ἅγιόν μου, ὅσα αὐτοὶ ἁγιάζουσίν μοι· ἐγὼ κύριος.	loquere ad Aaron et ad filios eius ut caveant ab his quae consecrata sunt filiorum Israhel et non contaminent nomen sanctificatorum mihi quae ipsi offerunt ego Dominus	Loquere ad Aaron et ad filios ejus, ut caveant ab his qu consecrata sunt filiorum Isral, et non contaminent nomen sanctificatorum mihi, qu ipsi offerunt. Ego Dominus.		Speak unto Aaron and to his sons, that they separate themselves from the holy things of the children of Israel, and that they profane not my holy name in those things which they hallow unto me: I am the Lord.
Lev	22	3	אֱמֹר אֲלֵהֶם לְדֹרֹתֵיכֶם כָּל־אִישׁ אֲשֶׁר־יִקְרַב מִכָּל־זַרְעֲכֶם אֶל־הַקֳּדָשִׁים אֲשֶׁר יַקְדִּישׁוּ בְנֵי־יִשְׂרָאֵל לַיהוָה וְטֻמְאָתוֹ עָלָיו וְנִכְרְתָה הַנֶּפֶשׁ הַהִוא מִלְּפָנַי אֲנִי יְהוָה ׃	εἰπὸν αὐτοῖς Εἰς τὰς γενεὰς ὑμῶν πᾶς ἄνθρωπος ὃς ἂν προσέλθῃ ἀπὸ τοῦ σπέρματος ὑμῶν πρὸς τὰ ἅγια ὅσα ἂν ἁγιάζωσιν οἱ υἱοὶ Ἰσραὴλ τῷ κυρίῳ, καὶ ἡ ἀκαθαρσία αὐτοῦ ἐπ’ αὐτῷ ἦ, ἐξολεθρευθήσεται ἡ ψυχὴ ἐκείνη ἀπ’ ἐμοῦ· ἐγὼ κύριος ὁ θεὸς ὑμῶν.	dic ad eos et ad posteros eorum omnis homo qui accesserit de stirpe vestra ad ea quae consecrata sunt et quae obtulerunt filii Israhel Domino in quo est inmunditia peribit coram Domino ego sum Dominus	Dic ad eos, et ad posteros eorum: Omnis homo qui accesserit de stirpe vestra ad ea qu consecrata sunt, et qu obtulerunt filii Isral Domino, in quo est immunditia, peribit coram Domino. Ego sum Dominus.		Say unto them, Whosoever he be of all your seed among your generations, that goeth unto the holy things, which the children of Israel hallow unto the Lord, having his uncleanness upon him, that soul shall be cut off from my presence: I am the Lord.
Lev	22	4	אִישׁ אִישׁ מִזֶּרַע אַהֲרֹן וְהוּא צָרוּעַ אוֹ זָב בַּקֳּדָשִׁים לֹא יֹאכַל עַד אֲשֶׁר יִטְהָר וְהַנֹּגֵעַ בְּכָל־טְמֵא־נֶפֶשׁ אוֹ אִישׁ אֲשֶׁר־תֵּצֵא מִמֶּנּוּ שִׁכְבַת־זָרַע ׃	καὶ ἄνθρωπος ἐκ τοῦ σπέρματος Ἀαρὼν τοῦ ἱερέως, καὶ οὗτος λεπρᾷ ἢ γονορρυής, τῶν ἁγίων οὐκ ἔδεται ἕως ἂν καθαρισθῇ· καὶ ὁ ἁπτόμενος πάσης ἀκαθαρσίας ψυχῆς, ἢ ἄνθρωπος ὧ ἂν ἐξέλθῃ ἐξ αὐτοῦ κοίτη σπέρματος,	homo de semine Aaron qui fuerit leprosus aut patiens fluxum seminis non vescetur de his quae sanctificata sunt mihi donec sanetur qui tetigerit inmundum super mortuo et ex quo egreditur semen quasi coitus	Homo de semine Aaron, qui fuerit leprosus, aut patiens fluxum seminis, non vescetur de his qu sanctificata sunt mihi, donec sanetur. Qui tetigerit immundum super mortuo, et ex quo egreditur semen quasi coitus,		What man soever of the seed of Aaron is a leper, or hath a running issue; he shall not eat of the holy things, until he be clean. And whoso toucheth any thing that is unclean by the dead, or a man whose seed goeth from him;
Lev	22	5	אוֹ־אִישׁ אֲשֶׁר יִגַּע בְּכָל־שֶׁרֶץ אֲשֶׁר יִטְמָא־לוֹ אוֹ בְאָדָם אֲשֶׁר יִטְמָא־לוֹ לְכֹל טֻמְאָתוֹ ׃	ὅστις ἂν ἅψηται παντὸς ἑρπετοῦ ἀκαθάρτου ὃ μιανεῖ αὐτόν, ἢ ἐπ’ ἀνθρώπῳ ἐν ᾧ μιανεῖ αὐτὸν κατὰ πᾶσαν ἀκαθαρσίαν αὐτοῦ,	et qui tangit reptile et quodlibet inmundum cuius tactus est sordidus	et qui tangit reptile, et quodlibet immundum cujus tactus est sordidus,		Or whosoever toucheth any creeping thing, whereby he may be made unclean, or a man of whom he may take uncleanness, whatsoever uncleanness he hath;
Lev	22	6	נֶפֶשׁ אֲשֶׁר תִּגַּע־בּוֹ וְטָמְאָה עַד־הָעָרֶב וְלֹא יֹאכַל מִן־הַקֳּדָשִׁים כִּי אִם־רָחַץ בְּשָׂרוֹ בַּמָּיִם ׃	ψυχὴ ἥτις ἀν’ ἅψηται αὐτῶν ἀκάθαρτος ἔσται ἕως ἑσπέρας· οὐκ ἔδεται ἀπὸ τῶν ἁγίων, ἐὰν μὴ λούσηται τὸ σῶμα αὐτοῦ ὕδατι	inmundus erit usque ad vesperum et non vescetur his quae sanctificata sunt sed cum laverit carnem suam aqua	immundus erit usque ad vesperum, et non vescetur his qu sanctificata sunt: sed cum laverit carnem suam aqua,		The soul which hath touched any such shall be unclean until even, and shall not eat of the holy things, unless he wash his flesh with water.
Lev	22	7	וּבָא הַשֶּׁמֶשׁ וְטָהֵר וְאַחַר יֹאכַל מִן־הַקֳּדָשִׁים כִּי לַחְמוֹ הוּא ׃	καὶ δύῃ ὁ ἥλιος, καὶ καθαρὸς ἔσται· καὶ τότε φάγεται τῶν ἁγίων, ὅτι ἄρτος ἐστὶν αὐτοῦ.	et occubuerit sol tunc mundatus vescetur de sanctificatis quia cibus illius est	et occubuerit sol, tunc mundatus vescetur de sanctificatis, quia cibus illius est.		And when the sun is down, he shall be clean, and shall afterward eat of the holy things; because it is his food.
Lev	22	8	נְבֵלָה וּטְרֵפָה לֹא יֹאכַל לְטָמְאָה־בָהּ אֲנִי יְהוָה ׃	θνγσιμαῖον καὶ θηριάλωτον οὐ φάγεται, μιανθῆναι αὐτὸν ἐν αὐτοῖς· ἐγὼ κύριος.	morticinum et captum a bestia non comedent nec polluentur in eis ego sum Dominus	Morticinum et captum a bestia non comedent, nec polluentur in eis. Ego sum Dominus.		That which dieth of itself, or is torn with beasts, he shall not eat to defile himself therewith; I am the Lord.
Lev	22	9	וְשָׁמְרוּ אֶת־מִשְׁמַרְתִּי וְלֹא־יִשְׂאוּ עָלָיו חֵטְא וּמֵתוּ בוֹ כִּי יְחַלְּלֻהוּ אֲנִי יְהוָה מְקַדְּשָׁם ׃	καὶ τὰ φυλάγματά μου, ἵνα μ·ὴ λάβωσιν δι’ αὐτὰ ἁμαρτίαν, καὶ ἀποθάνωσιν δι’ αὐτό· ἐὰν δὲ βεβηλώσουσιν αὐτά, ἐγὼ κύριος ὁ θεὸς ὁ ἁγιάζων αὐτούς.	custodient praecepta mea ut non subiaceant peccato et moriantur in sanctuario cum polluerint illud ego Dominus qui sanctifico eos	Custodiant prcepta mea, ut non subjaceant peccato, et moriantur in sanctuario, cum polluerint illud. Ego Dominus qui sanctifico eos.		They shall therefore keep mine ordinance, lest they bear sin for it, and die therefore, if they profane it: I the Lord do sanctify them.
Lev	22	10	וְכָל־זָר לֹא־יֹאכַל קֹדֶשׁ תּוֹשַׁב כֹּהֵן וְשָׂכִיר לֹא־יֹאכַל קֹדֶשׁ ׃	Καὶ πᾶς ἀλλογενὴς οὐ φάγεται ἅγια· πάροικος ἱερέως ἢ μισθωτὸς οὐ φάγεται ἅγια.	omnis alienigena non comedet de sanctificatis inquilinus sacerdotis et mercennarius non vescentur ex eis	Omnis alienigena non comedet de sanctificatis; inquilinus sacerdotis et mercenarius non vescentur ex eis.		There shall no stranger eat of the holy thing: a sojourner of the priest, or an hired servant, shall not eat of the holy thing.
Lev	22	11	וְכֹהֵן כִּי־יִקְנֶה נֶפֶשׁ קִנְיַן כַּסְפּוֹ הוּא יֹאכַל בּוֹ וִילִיד בֵּיתוֹ הֵם יֹאכְלוּ בְלַחְמוֹ ׃	ἐὰν δὲ ἱερεὺς κτήσηται ψυχὴν ἔνκτητον ἀργυρίου, οὗτος φάγεται ἐκ τῶν ἄρτων αὐτοῦ· καὶ οἰκογενεῖς αὐτοῦ, καὶ οὗτοι φάγονται τῶν ἄρτων αὐτοῦ.	quem autem sacerdos emerit et qui vernaculus domus eius fuerit hii comedent ex eis	Quem autem sacerdos emerit, et qui vernaculus domus ejus fuerit, his comedent ex eis.		But if the priest buy any soul with his money, he shall eat of it, and he that is born in his house: they shall eat of his meat.
Lev	22	12	וּבַת־כֹּהֵן כִּי תִהְיֶה לְאִישׁ זָר הִוא בִּתְרוּמַת הַקֳּדָשִׁים לֹא תֹאכֵל ׃	καὶ θυγάτηρ ἀνθρώπου ἱερέως ἐὰν γένηται ἀνδρὶ ἀλλογενεῖ, αὐτὴ τῶν ἀπαρχῶν τοῦ ἁγίου οὐ φάγεται.	si filia sacerdotis cuilibet ex populo nupta fuerit de his quae sanctificata sunt et de primitiis non vescetur	Si filia sacerdotis cuilibet ex populo nupta fuerit, de his qu sanctificata sunt, et de primitiis non vescetur.		If the priest's daughter also be married unto a stranger, she may not eat of an offering of the holy things.
Lev	22	13	וּבַת־כֹּהֵן כִּי תִהְיֶה אַלְמָנָה וּגְרוּשָׁה וְזֶרַע אֵין לָהּ וְשָׁבָה אֶל־בֵּית אָבִיהָ כִּנְעוּרֶיהָ מִלֶּחֶם אָבִיהָ תֹּאכֵל וְכָל־זָר לֹא־יֹאכַל בּוֹ ׃ ס	καὶ θυγάτηρ ἱερέως ἐὰν γένηται χήρα ἐκβεβλημένη, σπέρμα δὲ μὴ ἦν αὐτῇ, ἐπαναστρέψει ἐπὶ τὸν οἶκον τὸν πατρικὸν κατὰ τὴν νεότητα αὐτῆς, ἀπὸ τῶν ἄρτων τοῦ πατρὸς αὐτῆς φάγεται. καὶ πᾶς ἀλλογενὴς οὐ φάγεται ἀπ’ αὐτῶν.	sin autem vidua vel repudiata et absque liberis reversa fuerit ad domum patris sui sicut puella consuerat aletur cibis patris sui omnis alienigena comedendi ex eis non habet potestatem	Sin autem vidua, vel repudiata, et absque liberis reversa fuerit ad domum patris sui: sicut puella consueverat, aletur cibis patris sui. Omnis alienigena comedendi ex eis non habet potestatem.		But if the priest's daughter be a widow, or divorced, and have no child, and is returned unto her father's house, as in her youth, she shall eat of her father's meat: but there shall be no stranger eat thereof.
Lev	22	14	וְאִישׁ כִּי־יֹאכַל קֹדֶשׁ בִּשְׁגָגָה וְיָסַף חֲמִשִׁיתוֹ עָלָיו וְנָתַן לַכֹּהֵן אֶת־הַקֹּדֶשׁ ׃	καὶ ἄνθρωπος ὃς ἂν φάγῃ ἅγια κατὰ ἄγνοιαν, καὶ προσθήσει τὸ ἐπίπεμπτον αὐτοῦ ἐπ’ αὐτὸ καὶ δώσει τῷ ἱερεῖ τὸ ἅγιον.	qui comederit de sanctificatis per ignorantiam addet quintam partem cum eo quod comedit et dabit sacerdoti in sanctuarium	Qui comederit de sanctificatis per ignorantiam, addet quintam partem cum eo quod comedit, et dabit sacerdoti in sanctuarium.		And if a man eat of the holy thing unwittingly, then he shall put the fifth part thereof unto it, and shall give it unto the priest with the holy thing.
Lev	22	15	וְלֹא יְחַלְּלוּ אֶת־קָדְשֵׁי בְּנֵי יִשְׂרָאֵל אֵת אֲשֶׁר־יָרִימוּ לַיהוָה ׃	καὶ οὐ βεβηλώσουσιν τὰ ἅγια τῶν υἱῶν Ἰσραὴλ ἃ αὐτοὶ ἀφαιροῦσιν τῷ κυρίῳ,	nec contaminabunt sanctificata filiorum Israhel quae offerunt Domino	Nec contaminabunt sanctificata filiorum Isral, qu offerunt Domino:		And they shall not profane the holy things of the children of Israel, which they offer unto the Lord;
Lev	22	16	וְהִשִּׂיאוּ אוֹתָם עֲוֹן אַשְׁמָה בְּאָכְלָם אֶת־קָדְשֵׁיהֶם כִּי אֲנִי יְהוָה מְקַדְּשָׁם ׃	καὶ ἐπάξουσιν ἐφ’ ἑαυτοὺς ἀνομίαν πλημμελίας ἐν τῷ ἐσθίειν αὐτοὺς τὰ ἅγια αὐτῶν· ὅτι ἐγὼ ὁ ἁγιάζων αὐτούς.	ne forte sustineant iniquitatem delicti sui cum sanctificata comederint ego Dominus qui sanctifico eos	ne forte sustineant iniquitatem delicti sui, cum sanctificata comederint. Ego Dominus qui sanctifico eos.		Or suffer them to bear the iniquity of trespass, when they eat their holy things: for I the Lord do sanctify them.
Lev	22	17	פ וַיְדַבֵּר יְהוָה אֶל־מֹשֶׁה לֵּאמֹר ׃	Καὶ ἐλάλησεν Κύριος πρὸς Μωυσῆν λέγων	locutus est Dominus ad Mosen dicens	Locutusque est Dominus ad Moysen, dicens:		And the Lord spake unto Moses, saying,
Lev	22	18	דַּבֵּר אֶל־אַהֲרֹן וְאֶל־בָּנָיו וְאֶל כָּל־בְּנֵי יִשְׂרָאֵל וְאָמַרְתָּ אֲלֵהֶם אִישׁ אִישׁ מִבֵּית יִשְׂרָאֵל וּמִן־הַגֵּר בְּיִשְׂרָאֵל אֲשֶׁר יַקְרִיב קָרְבָּנוֹ לְכָל־נִדְרֵיהֶם וּלְכָל־נִדְבוֹתָם אֲשֶׁר־יַקְרִיבוּ לַיהוָה לְעֹלָה ׃	Λάλησον ’ τοῖς υἱοῖς αὐτοῦ καὶ πάσῃ συναγωγῇ Ἰσραὴλ καὶ ἐρεῖς πρὸς αὐτούς Ἄνθρωπος ἄνθρωπος ἀπὸ τῶν υἱῶν Ἰσραὴλ ἢ τῶν υἱῶν τῶν λυτῶν τῶν προσκειμένων πρὸς αὐτοὺς ἐν Ἰσραὴλ ὃς ἂν τὰ δῶρα αὐτοῦ κατὰ πᾶσαν ὁμολογίαν αὐτῶν ἢ κατὰ πᾶσαν αἵρέσιν αὐτῶν, ὅσα ἂν προσενέγκωσιν τῷ θεῷ εἰς ὁλοκαύτωμα,	loquere ad Aaron et filios eius et ad omnes filios Israhel dicesque ad eos homo de domo Israhel et de advenis qui habitant apud vos qui obtulerit oblationem suam vel vota solvens vel sponte offerens quicquid illud obtulerit in holocaustum Domini	Loquere ad Aaron et filios ejus, et ad omnes filios Isral, dicesque ad eos: Homo de domo Isral, et de advenis qui habitant apud vos, qui obtulerit oblationem suam, vel vota solvens, vel sponte offerens, quidquid illud obtulerit in holocaustum Domini,		Speak unto Aaron, and to his sons, and unto all the children of Israel, and say unto them, Whatsoever he be of the house of Israel, or of the strangers in Israel, that will offer his oblation for all his vows, and for all his freewill offerings, which they will offer unto the Lord for a burnt offering;
Lev	22	19	לִרְצֹנְכֶם תָּמִים זָכָר בַּבָּקָר בַּכְּשָׂבִים וּבָעִזִּים ׃	δεκτὰ ὑμῖν ἄμωμα ἄρσενα ἐκ τῶν βουκολίων καὶ ἐκ τῶν προβάτων καὶ ἐκ τῶν αἰγῶν.	ut offeratur per vos masculus inmaculatus erit ex bubus et ex ovibus et ex capris	ut offeratur per vos, masculus immaculatus erit ex bobus, et ovibus, et ex capris:		Ye shall offer at your own will a male without blemish, of the beeves, of the sheep, or of the goats.
Lev	22	20	כֹּל אֲשֶׁר־בּוֹ מוּם לֹא תַקְרִיבוּ כִּי־לֹא לְרָצוֹן יִהְיֶה לָכֶם ׃	πάντα ὅσα ἂν ἔχῃ μῶμον ἐν αὐτῷ οὐ προσάξουσιν κυρίῳ, διότι οὐ δεκτὸν ἔσται ὑμῖν.	si maculam habuerit non offeretis neque erit acceptabile	si maculam habuerit, non offeretis, neque erit acceptabile.		But whatsoever hath a blemish, that shall ye not offer: for it shall not be acceptable for you.
Lev	22	21	וְאִישׁ כִּי־יַקְרִיב זֶבַח־שְׁלָמִים לַיהוָה לְפַלֵּא־נֶדֶר אוֹ לִנְדָבָה בַּבָּקָר אוֹ בַצֹּאן תָּמִים יִהְיֶה לְרָצוֹן כָּל־מוּם לֹא יִהְיֶה־בּוֹ ׃	καὶ ἄνθρωπος ὃς ἂν προσενέγκῃ θυσίαν σωτηρίου τῷ κυρίῳ, διαστείλας εὐχὴν κατὰ αἵρεσιν ἢ ἐν ταῖς , ἐκ τῶν βουκολίων ἢ ἐκ τῶν προβάτων, ἄμωμον ἔσται πᾶς μῶμος οὐκ ἔσται ἐν αὐτῷ.	homo qui obtulerit victimam pacificorum Domino vel vota solvens vel sponte offerens tam de bubus quam de ovibus inmaculatum offeret ut acceptabile sit omnis macula non erit in eo	Homo qui obtulerit victimam pacificorum Domino, vel vota solvens, vel sponte offerens, tam de bobus quam de ovibus, immaculatum offeret ut acceptabile sit: omnis macula non erit in eo.		And whosoever offereth a sacrifice of peace offerings unto the Lord to accomplish his vow, or a freewill offering in beeves or sheep, it shall be perfect to be accepted; there shall be no blemish therein.
Lev	22	22	עַוֶּרֶת אוֹ שָׁבוּר אוֹ־חָרוּץ אוֹ־יַבֶּלֶת אוֹ גָרָב אוֹ יַלֶּפֶת לֹא־תַקְרִיבוּ אֵלֶּה לַיהוָה וְאִשֶּׁה לֹא־תִתְּנוּ מֵהֶם עַל־הַמִּזְבֵּחַ לַיהוָה ׃	τυφλὸν ἢ συντετριμμένον γλωσσότμητον ἢ μυρμηκιῶντα ἢ ψωραγριῶντα ἢ λιχῆνας ἔχοντα, οὐ προσάξουσιν ταῦτα τῷ κυρίῳ, καὶ εἰς κάρπωσιν οὐ δώσετε ἀπ’ αὐτῶν ἐπὶ τὸ θυσιαστήριον τῷ κυρίῳ.	si caecum fuerit si fractum si cicatricem habens si papulas aut scabiem vel inpetiginem non offeretis ea Domino neque adolebitis ex eis super altare Domini	Si ccum fuerit, si fractum, si cicatricem habens, si papulas, aut scabiem, aut impetiginem: non offeretis ea Domino, nec adolebitis ex eis super altare Domini.		Blind, or broken, or maimed, or having a wen, or scurvy, or scabbed, ye shall not offer these unto the Lord, nor make an offering by fire of them upon the altar unto the Lord.
Lev	22	23	וְשׁוֹר וָשֶׂה שָׂרוּעַ וְקָלוּט נְדָבָה תַּעֲשֶׂה אֹתוֹ וּלְנֵדֶר לֹא יֵרָצֶה ׃	καὶ μόσχον ἢ πρόβατον ὠτότμητον ἢ κολοβόκερκον σφάγια ποιήσεις αὐτὰ σεαυτῷ, εἰς δὲ εὐχήν σου οὐ προσδεχθήσεται.	bovem et ovem aure et cauda amputatis voluntarie offerre potes votum autem ex his solvi non potest	Bovem et ovem, aure et cauda amputatis, voluntarie offerre potes, votum autem ex eis solvi non potest.		Either a bullock or a lamb that hath any thing superfluous or lacking in his parts, that mayest thou offer for a freewill offering; but for a vow it shall not be accepted.
Lev	22	24	וּמָעוּךְ וְכָתוּת וְנָתוּק וְכָרוּת לֹא תַקְרִיבוּ לַיהוָה וּבְאַרְצְכֶם לֹא תַעֲשׂוּ ׃	θλαδίαν καὶ ἐκτεθλιμμένον καὶ ἐκτομίαν καὶ ἀπεσπασμένον, οὐ προσάξεις αὐτὰ τῷ κυρίῳ, καὶ ἐπὶ τῆς γῆς ὑμῶν οὐ ποιήσετε.	omne animal quod vel contritis vel tunsis vel sectis ablatisque testiculis est non offeretis Domino et in terra vestra hoc omnino ne faciatis	Omne animal, quod vel contritis, vel tusis, vel sectis ablatisque testiculis est, non offeretis Domino, et in terra vestra hoc omnino ne faciatis.		Ye shall not offer unto the Lord that which is bruised, or crushed, or broken, or cut; neither shall ye make any offering thereof in your land.
Lev	22	25	וּמִיַּד בֶּן־נֵכָר לֹא תַקְרִיבוּ אֶת־לֶחֶם אֱלֹהֵיכֶם מִכָּל־אֵלֶּה כִּי מָשְׁחָתָם בָּהֶם מוּם בָּם לֹא יֵרָצוּ לָכֶם ׃ פ	καὶ ἐκ χειρὸς ἀλλογενοῦς οὐ προσοίσετε τὰ δῶρα τοῦ θεοῦ ὑμῶν ἀπὸ πάντων τούτων, ὅτι φθαρτά ἐστιν ἐν αὐτοῖς, μῶμος ἐν αὐτοῖς· οὐ δεχθήσεται ὑμῖν.	de manu alienigenae non offeretis panes Deo vestro et quicquid aliud dare voluerint quia corrupta et maculata sunt omnia non suscipietis ea	De manu alienigen non offeretis panes Deo vestro, et quidquid aliud dare voluerit, quia corrupta, et maculata sunt omnia: non suscipietis ea.		Neither from a stranger's hand shall ye offer the bread of your God of any of these; because their corruption is in them, and blemishes be in them: they shall not be accepted for you.
Lev	22	26	וַיְדַבֵּר יְהוָה אֶל־מֹשֶׁה לֵּאמֹר ׃	Καὶ ἐλάλησεν Κύριος πρὸς Μωυσῆν λέγων	locutusque est Dominus ad Mosen dicens	Locutusque est Dominus ad Moysen, dicens:		And the Lord spake unto Moses, saying,
Lev	22	27	שׁוֹר אוֹ־כֶשֶׂב אוֹ־עֵז כִּי יִוָּלֵד וְהָיָה שִׁבְעַת יָמִים תַּחַת אִמּוֹ וּמִיּוֹם הַשְּׁמִינִי וָהָלְאָה יֵרָצֶה לְקָרְבַּן אִשֶּׁה לַיהוָה ׃	Μόσχον ἢ πρόβατον ἢ αἶγα, ὡς ἂν τεχθῇ, καὶ ἔσται ἑπτὰ ἡμέρας ὑπὸ τὴν μητέρα· τῇ δὲ ἡμέρᾳ τῇ ὀγδόῃ καὶ ἐπέκεινα δεχθήσεται εἰς δῶρα, κάρπωμα κυρίῳ.	bos ovis et capra cum genita fuerint septem diebus erunt sub ubere matris suae die autem octavo et deinceps offerri poterunt Domino	Bos, ovis et capra, cum genita fuerint, septem diebus erunt sub ubere matris su: die autem octavo, et deinceps, offerri poterunt Domino.		When a bullock, or a sheep, or a goat, is brought forth, then it shall be seven days under the dam; and from the eighth day and thenceforth it shall be accepted for an offering made by fire unto the Lord.
Lev	22	28	וְשׁוֹר אוֹ־שֶׂה אֹתוֹ וְאֶת־בְּנוֹ לֹא תִשְׁחֲטוּ בְּיוֹם אֶחָד ׃	καὶ μόσχον ἢ πρόβατον, αὐτὴν καὶ τὰ παιδία αὐτῆς, οὐ σφάξεις ἐν ἡμέρᾳ μιᾷ.	sive illa bos sive ovis non immolabuntur una die cum fetibus suis	Sive illa bos, sive ovis, non immolabuntur una die cum ftibus suis.		And whether it be cow, or ewe, ye shall not kill it and her young both in one day.
Lev	22	29	וְכִי־תִזְבְּחוּ זֶבַח־תּוֹדָה לַיהוָה לִרְצֹנְכֶם תִּזְבָּחוּ ׃	ἐὰν δὲ θύσῃς θυσίαν εὐχὴν χαρμοσύνης κυρίῳ, εἰσδεκτὸν ὑμῖν θύσετε αὐτό.	si immolaveritis hostiam pro gratiarum actione Domino ut possit esse placabilis	Si immolaveritis hostiam pro gratiarum actione Domino, ut possit esse placabilis,		And when ye will offer a sacrifice of thanksgiving unto the Lord, offer it at your own will.
Lev	22	30	בַּיּוֹם הַהוּא יֵאָכֵל לֹא־תוֹתִירוּ מִמֶּנּוּ עַד־בֹּקֶר אֲנִי יְהוָה ׃	αὐτῇ τῇ ἡμέρᾳ ἐκείνῃ βρωθήσεται, οὐκ ἀπολείψετε ἀπὸ εἰς τὸ πρωί· ἐγώ εἰμι Κύριος.	eodem die comedetis eam non remanebit quicquam in mane alterius diei ego Dominus	eodem die comedetis eam: non remanebit quidquam in mane alterius diei. Ego Dominus.		On the same day it shall be eaten up; ye shall leave none of it until the morrow: I am the Lord.
Lev	22	31	וּשְׁמַרְתֶּם מִצְוֹתַי וַעֲשִׂיתֶם אֹתָם אֲנִי יְהוָה ׃	Καὶ φυλάξετε τὰς μου καὶ ποιήσετε αὐτάς.	custodite mandata mea et facite ea ego Dominus	Custodite mandata mea, et facite ea. Ego Dominus.		Therefore shall ye keep my commandments, and do them: I am the Lord.
Lev	22	32	וְלֹא תְחַלְּלוּ אֶת־שֵׁם קָדְשִׁי וְנִקְדַּשְׁתִּי בְּתוֹךְ בְּנֵי יִשְׂרָאֵל אֲנִי יְהוָה מְקַדִּשְׁכֶם ׃	καὶ οὐ βεβηλώσετε τὸ ὄνομα τοῦ ἁγίου, καὶ ἁγιασθήσομαι ἐν μέσῳ τῶν υἱῶν Ἰσραήλ· ἐγὼ κύριος ὁ ἁγιάζων ὑμᾶς,	ne polluatis nomen meum sanctum ut sanctificer in medio filiorum Israhel ego Dominus qui sanctifico vos	Ne polluatis nomen meum sanctum, ut sanctificer in medio filiorum Isral. Ego Dominus qui sanctifico vos,		Neither shall ye profane my holy name; but I will be hallowed among the children of Israel: I am the Lord which hallow you,
Lev	22	33	הַמּוֹצִיא אֶתְכֶם מֵאֶרֶץ מִצְרַיִם לִהְיוֹת לָכֶם לֵאלֹהִים אֲנִי יְהוָה ׃ פ	ἐξαγαγὼν ὑμᾶς ἐκ γῆς Αἰγύπτου ὥστε εἶναι ὑμῶν θεός· ἐγὼ κύριος.	et eduxi de terra Aegypti ut essem vobis in Deum ego Dominus	et eduxi de terra gypti, ut essem vobis in Deum. Ego Dominus.		That brought you out of the land of Egypt, to be your God: I am the Lord.
Lev	23	1	וַיְדַבֵּר יְהוָה אֶל־מֹשֶׁה לֵּאמֹר ׃	Καὶ εἶπεν κύριος πρὸς Μωυσῆν λέγων	locutus est Dominus ad Mosen dicens	Locutusque est Dominus ad Moysen, dicens:		And the Lord spake unto Moses, saying,
Lev	23	2	דַּבֵּר אֶל־בְּנֵי יִשְׂרָאֵל וְאָמַרְתָּ אֲלֵהֶם מוֹעֲדֵי יְהוָה אֲשֶׁר־תִּקְרְאוּ אֹתָם מִקְרָאֵי קֹדֶשׁ אֵלֶּה הֵם מוֹעֲדָי ׃	Λάλησον τοῖς υἱοῖς καὶ ἐρεῖς πρὸς αὐτούς Αἱ ἑορταὶ Κυρίου ἃς καλέσετε αὐτὰς κλητὰς ἁγίας, αὗταί εἰσιν ἑορταί μου.	loquere filiis Israhel et dices ad eos hae sunt feriae Domini quas vocabitis sanctas	Loquere filiis Isral, et dices ad eos: H sunt feri Domini, quas vocabitis sanctas.		Speak unto the children of Israel, and say unto them, Concerning the feasts of the Lord, which ye shall proclaim to be holy convocations, even these are my feasts.
Lev	23	3	שֵׁשֶׁת יָמִים תֵּעָשֶׂה מְלָאכָה וּבַיּוֹם הַשְּׁבִיעִי שַׁבַּת שַׁבָּתוֹן מִקְרָא־קֹדֶשׁ כָּל־מְלָאכָה לֹא תַעֲשׂוּ שַׁבָּת הִוא לַיהוָה בְּכֹל מוֹשְׁבֹתֵיכֶם ׃ פ	Ἓξ ἡμέρας ποιήσεις ἔργα, καὶ τῇ ἡμέρᾳ τῇ ἑβδόμῃ σάββατα ἀνάπαυσις κλητὴ ἁγία τῷ κυρίῳ· πᾶν ἔργον οὐ ποιήσεις, σάββατά ἐστιν τῷ κυρίῳ ὑμῶν ἐν πάσῃ κατοικία ὑμῶν.	sex diebus facietis opus dies septimus quia sabbati requies est vocabitur sanctus omne opus non facietis in eo sabbatum Domini est in cunctis habitationibus vestris	Sex diebus facietis opus: dies septimus, quia sabbati requies est, vocabitur sanctus: omne opus non facietis in eo: sabbatum Domini est in cunctis habitationibus vestris.		Six days shall work be done: but the seventh day is the sabbath of rest, an holy convocation; ye shall do no work therein: it is the sabbath of the Lord in all your dwellings.
Lev	23	4	אֵלֶּה מוֹעֲדֵי יְהוָה מִקְרָאֵי קֹדֶשׁ אֲשֶׁר־תִּקְרְאוּ אֹתָם בְּמוֹעֲדָם ׃	Αὗται αἱ ἑορταὶ τῷ κυρίῳ, καὶ αὗται, ἁγίας καλέσατε αὐτὰς ἐν τοῖς καιροῖς αὐτῶν.	hae sunt ergo feriae Domini sanctae quas celebrare debetis temporibus suis	H sunt ergo feri Domini sanct, quas celebrare debetis temporibus suis.		These are the feasts of the Lord, even holy convocations, which ye shall proclaim in their seasons.
Lev	23	5	בַּחֹדֶשׁ הָרִאשׁוֹן בְּאַרְבָּעָה עָשָׂר לַחֹדֶשׁ בֵּין הָעַרְבָּיִם פֶּסַח לַיהוָה ׃	ἐν τῷ πρώτῳ μηνὶ ἐν τῇ τεσσαρεσκαιδεκάτῃ ἡμέρᾳ τοῦ μηνὸς ἀνὰ μέσον τῶν ἑσπερινῶν πάσχα τῷ κυρίῳ.	mense primo quartadecima die mensis ad vesperum phase Domini est	Mense primo, quartadecima die mensis ad vesperum, Phase Domini est:		In the fourteenth day of the first month at even is the Lord's passover.
Lev	23	6	וּבַחֲמִשָּׁה עָשָׂר יוֹם לַחֹדֶשׁ הַזֶּה חַג הַמַּצּוֹת לַיהוָה שִׁבְעַת יָמִים מַצּוֹת תֹּאכֵלוּ ׃	καὶ ἐν τῇ πεντεκαιδεκάτῃ ἡμέρᾳ τοῦ μηνὸς τούτου ἑορτὴ τῶν ἀζύμων τῷ κυρίῳ· ἑπτὰ ἡμέρας ἄζυμα ἔδεσθε.	et quintadecima die mensis huius sollemnitas azymorum Domini est septem diebus azyma comedetis	et quintadecima die mensis hujus, solemnitas azymorum Domini est. Septem diebus azyma comedetis.		And on the fifteenth day of the same month is the feast of unleavened bread unto the Lord: seven days ye must eat unleavened bread.
Lev	23	7	בַּיּוֹם הָרִאשׁוֹן מִקְרָא־קֹדֶשׁ יִהְיֶה לָכֶם כָּל־מְלֶאכֶת עֲבֹדָה לֹא תַעֲשׂוּ ׃	καὶ ἡ ἡμέρα ἡ πρώτη κλητὴ ἁγία ἔσται ὑμῖν, πᾶν ἔργον λατρευτὸν οὐ ποιήσετε·	dies primus erit vobis celeberrimus sanctusque omne opus servile non facietis in eo	Dies primus erit vobis celeberrimus, sanctusque: omne opus servile non facietis in eo,		In the first day ye shall have an holy convocation: ye shall do no servile work therein.
Lev	23	8	וְהִקְרַבְתֶּם אִשֶּׁה לַיהוָה שִׁבְעַת יָמִים בַּיּוֹם הַשְּׁבִיעִי מִקְרָא־קֹדֶשׁ כָּל־מְלֶאכֶת עֲבֹדָה לֹא תַעֲשׂוּ ׃ פ	καὶ προσάξετε ὁλοκαυτώματα τῷ κυρίῳ ἑπτὰ ἡμέρας, καὶ ἡ ἑβδόμη ἡμέρα κλητὴ ἁγία ἔσται ὑμῖν· πᾶν ἔργον λατρευτὸν οὐ ποιήσετε.	sed offeretis sacrificium in igne Domino septem diebus dies autem septimus erit celebrior et sanctior nullumque servile opus fiet in eo	sed offeretis sacrificium in igne Domino septem diebus. Dies autem septimus erit celebrior et sanctior: nullumque servile opus facietis in eo.		But ye shall offer an offering made by fire unto the Lord seven days: in the seventh day is an holy convocation: ye shall do no servile work therein.
Lev	23	9	וַיְדַבֵּר יְהוָה אֶל־מֹשֶׁה לֵּאמֹר ׃	Καὶ ἐλάλησεν κύριος πρὸς Μωυσῆν λέγων	locutusque est Dominus ad Mosen dicens	Locutusque est Dominus ad Moysen, dicens:		And the Lord spake unto Moses, saying,
Lev	23	10	דַּבֵּר אֶל־בְּנֵי יִשְׂרָאֵל וְאָמַרְתָּ אֲלֵהֶם כִּי־תָבֹאוּ אֶל־הָאָרֶץ אֲשֶׁר אֲנִי נֹתֵן לָכֶם וּקְצַרְתֶּם אֶת־קְצִירָהּ וַהֲבֵאתֶם אֶת־עֹמֶר רֵאשִׁית קְצִירְכֶם אֶל־הַכֹּהֵן ׃	Εἰπὸν τοῖς υἱοῖς Ἰσραὴλ καὶ ἐρεῖς πρὸς αὐτούς ὅταν εἰσέλθητε εἰς τὴν γῆν ἣν ἐγὼ δίδωμι ὑμῖν καὶ θερίζητε τὸν θερισμὸν αὐτῆς, καὶ οἴσετε δράγμα ἀπαρχὴν τοῦ θερισμοῦ ὑμῶν πρὸς τὸν ἱερέα·	loquere filiis Israhel et dices ad eos cum ingressi fueritis terram quam ego dabo vobis et messueritis segetem feretis manipulos spicarum primitias messis vestrae ad sacerdotem	Loquere filiis Isral, et dices ad eos: Cum ingressi fueritis terram, quam ego dabo vobis, et messueritis segetem, feretis manipulos spicarum, primitias messis vestr, ad sacerdotem:		Speak unto the children of Israel, and say unto them, When ye be come into the land which I give unto you, and shall reap the harvest thereof, then ye shall bring a sheaf of the firstfruits of your harvest unto the priest:
Lev	23	11	וְהֵנִיף אֶת־הָעֹמֶר לִפְנֵי יְהוָה לִרְצֹנְכֶם מִמָּחֳרַת הַשַּׁבָּת יְנִיפֶנּוּ הַכֹּהֵן ׃	καὶ ἀνοίσει τὸ δράγμα ἔναντι κυρίου δεκτὸν ὑμῖν, τῇ ἐπαύριον τῆς πρώτης ἀνοίσει αὐτὸ ὁ ἱερεύς.	qui elevabit fasciculum coram Domino ut acceptabile sit pro vobis altero die sabbati et sanctificabit illum	qui elevabit fasciculum coram Domino, ut acceptabile sit pro vobis, altero die sabbati, et sanctificabit illum.		And he shall wave the sheaf before the Lord, to be accepted for you: on the morrow after the sabbath the priest shall wave it.
Lev	23	12	וַעֲשִׂיתֶם בְּיוֹם הֲנִיפְכֶם אֶת־הָעֹמֶר כֶּבֶשׂ תָּמִים בֶּן־שְׁנָתוֹ לְעֹלָה לַיהוָה ׃	καὶ ποιήσετε ἐν τῇ ἡμέρᾳ ἐν ᾗ ἂν φέρητε τὸ δράγμα πρόβατον ἄμωμον ἐνιαύσιον εἰς ὁλοκαύτωμα τῷ κυρίῳ,	atque in eodem die quo manipulus consecratur caedetur agnus inmaculatus anniculus in holocaustum Domini	Atque in eodem die quo manipulus consecratur, cdetur agnus immaculatus anniculus in holocaustum Domini.		And ye shall offer that day when ye wave the sheaf an he lamb without blemish of the first year for a burnt offering unto the Lord.
Lev	23	13	וּמִנְחָתוֹ שְׁנֵי עֶשְׂרֹנִים סֹלֶת בְּלוּלָה בַשֶּׁמֶן אִשֶּׁה לַיהוָה רֵיחַ נִיחֹחַ וְנִסְכֹּה יַיִן רְבִיעִת הַהִין ׃	καὶ τὴν θυσίαν αὐτοῦ δύο δέκατα σεμιδάλεως ἀναπεποιημένης ἐν ἐλαίῳ· θυσία τῷ κυρίῳ, ὀσμὴ εὐωδίας κυρίῳ· καὶ σπονδὴ αὐτοῦ τὸ τέταρτον τοῦ ἳν οἴνου.	et libamenta offerentur cum eo duae decimae similae conspersae oleo in incensum Domini odoremque suavissimum liba quoque vini quarta pars hin	Et libamenta offerentur cum eo, du decim simil conspers oleo in incensum Domini, odoremque suavissimum: liba quoque vini, quarta pars hin.		And the meat offering thereof shall be two tenth deals of fine flour mingled with oil, an offering made by fire unto the Lord for a sweet savour: and the drink offering thereof shall be of wine, the fourth part of an hin.
Lev	23	14	וְלֶחֶם וְקָלִי וְכַרְמֶל לֹא תֹאכְלוּ עַד־עֶצֶם הַיּוֹם הַזֶּה עַד הֲבִיאֲכֶם אֶת־קָרְבַּן אֱלֹהֵיכֶם חֻקַּת עוֹלָם לְדֹרֹתֵיכֶם בְּכֹל מֹשְׁבֹתֵיכֶם ׃ ס	καὶ ἄρτον καὶ πεφρυγμένα χίδρα νέα οὐ φάγεσθε ἕως εἰς αὐτὴν τὴν ἡμέραν ταύτην, ἕως ἂν προσενέγκητε ὑμεῖς τὰ δῶρα τῷ θεῶ ὑμῶν· νόμιμον αἰώνιον εἰς τὰς γενεὰς ὑμῶν ἐν πάση κατοικίᾳ ὑμῶν.	panem et pulentam et pultes non comedetis ex segete usque ad diem qua offeratis ex ea Deo vestro praeceptum est sempiternum in generationibus cunctisque habitaculis vestris	Panem, et polentam, et pultes non comedetis ex segete, usque ad diem qua offeretis ex ea Deo vestro. Prceptum est sempiternum in generationibus, cunctisque habitaculis vestris.		And ye shall eat neither bread, nor parched corn, nor green ears, until the selfsame day that ye have brought an offering unto your God: it shall be a statute for ever throughout your generations in all your dwellings.
Lev	23	15	וּסְפַרְתֶּם לָכֶם מִמָּחֳרַת הַשַּׁבָּת מִיּוֹם הֲבִיאֲכֶם אֶת־עֹמֶר הַתְּנוּפָה שֶׁבַע שַׁבָּתוֹת תְּמִימֹת תִּהְיֶינָה ׃	Καὶ ἀριθμήσετε ὑμεῖς ἀπὸ τῆς ἐπαύριον τῶν σαββάτων, ἀπὸ τῆς ἡμέρας ἧς ἂν προσενέγκητε τὸ δράγμα τοῦ ἐπιθέματος, ἑπτὰ ἑβδομάδας ὁλοκλήρους·	numerabitis ergo ab altero die sabbati in quo obtulistis manipulum primitiarum septem ebdomadas plenas	Numerabitis ergo ab altero die sabbati, in quo obtulistis manipulum primitiarum, septem hebdomadas plenas,		And ye shall count unto you from the morrow after the sabbath, from the day that ye brought the sheaf of the wave offering; seven sabbaths shall be complete:
Lev	23	16	עַד מִמָּחֳרַת הַשַּׁבָּת הַשְּׁבִיעִת תִּסְפְּרוּ חֲמִשִּׁים יוֹם וְהִקְרַבְתֶּם מִנְחָה חֲדָשָׁה לַיהוָה ׃	ἕως τῆς ἐπαύριον τῆς ἐσχάτης ἑβδομάδος ἀριθμήσετε πεντήκοντα ἡμέρας, καὶ προσοίσετε θυσίαν νέαν τῷ κυρίῳ.	usque ad alteram diem expletionis ebdomadae septimae id est quinquaginta dies et sic offeretis sacrificium novum Domino	usque ad alteram diem expletionis hebdomad septim, id est, quinquaginta dies: et sic offeretis sacrificium novum Domino		Even unto the morrow after the seventh sabbath shall ye number fifty days; and ye shall offer a new meat offering unto the Lord.
Lev	23	17	מִמּוֹשְׁבֹתֵיכֶם תָּבִיאּוּ לֶחֶם תְּנוּפָה שְׁתַּיִם שְׁנֵי עֶשְׂרֹנִים סֹלֶת תִּהְיֶינָה חָמֵץ תֵּאָפֶינָה בִּכּוּרִים לַיהוָה ׃	ἀπὸ τῆς κατοικίας ὑμῶν προσοίσετε ἄρτους ἐπίθεμα, δύο ἄρτους· ἐκ δύο δεκάτων σεμιδάλεως ἔσονται, ἐζυμωμένοι πεφθήσονται πρωτογενημάτων τῷ κυρίῳ.	ex omnibus habitaculis vestris panes primitiarum duos de duabus decimis similae fermentatae quos coquetis in primitias Domini	ex omnibus habitaculis vestris, panes primitiarum duos de duabus decimis simil fermentat, quos coquetis in primitias Domini.		Ye shall bring out of your habitations two wave loaves of two tenth deals; they shall be of fine flour; they shall be baken with leaven; they are the firstfruits unto the Lord.
Lev	23	18	וְהִקְרַבְתֶּם עַל־הַלֶּחֶם שִׁבְעַת כְּבָשִׂים תְּמִימִם בְּנֵי שָׁנָה וּפַר בֶּן־בָּקָר אֶחָד וְאֵילִם שְׁנָיִם יִהְיוּ עֹלָה לַיהוָה וּמִנְחָתָם וְנִסְכֵּיהֶם אִשֵּׁה רֵיחַ־נִיחֹחַ לַיהוָה ׃	καὶ προσάξει μετὰ τῶν ἄρτων ἑπτὰ ἀμνοὺς ἀμώμους ἐνιαυσίους καὶ μόσχον ἕνα ἐκ βουκολίου καὶ κριοὺς δύο ἀμώμους· ἔσονται ὁλοκαύτωμα τῷ κυρίῳ, καὶ αἱ θυσίαι αὐτῶν καὶ αἱ σπονδαὶ αὐτῶν· θυσίαν ὀσμὴν εὐωδίας τῷ κυρίῳ.	offeretisque cum panibus septem agnos inmaculatos anniculos et vitulum de armento unum et arietes duos et erunt in holocausto cum libamentis suis in odorem suavissimum Domino	Offeretisque cum panibus septem agnos immaculatos anniculos, et vitulum de armento unum, et arietes duos, et erunt in holocaustum cum libamentis suis, in odorem suavissimum Domini.		And ye shall offer with the bread seven lambs without blemish of the first year, and one young bullock, and two rams: they shall be for a burnt offering unto the Lord, with their meat offering, and their drink offerings, even an offering made by fire, of sweet savour unto the Lord.
Lev	23	19	וַעֲשִׂיתֶם שְׂעִיר־עִזִּים אֶחָד לְחַטָּאת וּשְׁנֵי כְבָשִׂים בְּנֵי שָׁנָה לְזֶבַח שְׁלָמִים ׃	καὶ ποιήσουσιν χίμαρον ἐξ αἰγῶν ἕνα περὶ ἁμαρτίας καὶ δύο ἀμνοὺς ἐνιαυσίους εἰς θυσίαν σωτηρίου μετὰ τῶν ἄρτων τοῦ πρωτογενήματος·	facietis et hircum pro peccato duosque agnos anniculos hostias pacificorum	Facietis et hircum pro peccato, duosque agnos anniculos hostias pacificorum.		Then ye shall sacrifice one kid of the goats for a sin offering, and two lambs of the first year for a sacrifice of peace offerings.
Lev	23	20	וְהֵנִיף הַכֹּהֵן אֹתָם עַל לֶחֶם הַבִּכּוּרִים תְּנוּפָה לִפְנֵי יְהוָה עַל־שְׁנֵי כְּבָשִׂים קֹדֶשׁ יִהְיוּ לַיהוָה לַכֹּהֵן ׃	καὶ ἐπιθήσει αὐτὰ ὁ ἱερεὺς μετὰ τῶν ἄρτων τοῦ πρωτογενήματος ἐπίθεμα ἔναντι κυρίου μετὰ τῶν δύο ἀμνῶν· ἅγια ἔσονται τῷ κυρίῳ· τῷ ἱερεῖ τῷ προσφέροντι αὐτά, αὐτῶ ὦσται.	cumque elevaverit eos sacerdos cum panibus primitiarum coram Domino cedent in usum eius	Cumque elevaverit eos sacerdos cum panibus primitiarum coram Domino, cedent in usum ejus.		And the priest shall wave them with the bread of the firstfruits for a wave offering before the Lord, with the two lambs: they shall be holy to the Lord for the priest.
Lev	23	21	וּקְרָאתֶם בְּעֶצֶם הַיּוֹם הַזֶּה מִקְרָא־קֹדֶשׁ יִהְיֶה לָכֶם כָּל־מְלֶאכֶת עֲבֹדָה לֹא תַעֲשׂוּ חֻקַּת עוֹלָם בְּכָל־מוֹשְׁבֹתֵיכֶם לְדֹרֹתֵיכֶם ׃	καὶ καλέσετε ταύτην τὴν ἡμέραν κλητήν· ἁγία ἔσται ὑμῖν, πᾶν ἔργον λατρευτὸν οὐ ποιήσετε ἐν αὐτῇ· νόμιμον αἰώνιον εἰς τὰς γενεὰς ὑμῶν ἐν πάσῃ τῇ κατοικίᾳ ὑμῶν.	et vocabitis hunc diem celeberrimum atque sanctissimum omne opus servile non facietis in eo legitimum sempiternum erit in cunctis habitaculis et generationibus vestris	Et vocabitis hunc diem celeberrimum, atque sanctissimum: omne opus servile non facietis in eo. Legitimum sempiternum erit in cunctis habitaculis, et generationibus vestris.		And ye shall proclaim on the selfsame day, that it may be an holy convocation unto you: ye shall do no servile work therein: it shall be a statute for ever in all your dwellings throughout your generations.
Lev	23	22	וּבְקֻצְרְכֶם אֶת־קְצִיר אַרְצְכֶם לֹא־תְכַלֶּה פְּאַת שָׂדְךָ בְּקֻצְרֶךָ וְלֶקֶט קְצִירְךָ לֹא תְלַקֵּט לֶעָנִי וְלַגֵּר תַּעֲזֹב אֹתָם אֲנִי יְהוָה אֱלֹהֵיכֶם ׃ ס	Καὶ ὅταν θερίζητε τὸν θερισμὸν τῆς γῆς ὑμῶν, οὐ συντελέσετε τὸ λοιπὸν τοῦ θερισμοῦ τοῦ ἀγροῦ σου ἐν τῷ θερίζειν σε, καὶ τὰ ἀποπίπτοντα τοῦ θερισμοῦ σου οὐ συλλέξεις· τῷ πτωχῷ καὶ τῷ προσηλύτῳ ὑπολείψῃ αὐτό. ἐγὼ κύριος ὁ θεὸς ὑμῶν.	postquam autem messueritis segetem terrae vestrae non secabitis eam usque ad solum nec remanentes spicas colligetis sed pauperibus et peregrinis dimittetis eas ego Dominus Deus vester	Postquam autem messueritis segetem terr vestr, nec secabitis eam usque ad solum, nec remanentes spicas colligetis: sed pauperibus et peregrinis dimittetis eas. Ego sum Dominus Deus vester.		And when ye reap the harvest of your land, thou shalt not make clean riddance of the corners of thy field when thou reapest, neither shalt thou gather any gleaning of thy harvest: thou shalt leave them unto the poor, and to the stranger: I am the Lord your God.
Lev	23	23	וַיְדַבֵּר יְהוָה אֶל־מֹשֶׁה לֵּאמֹר ׃	Καὶ ἐλάλησεν Κύριος πρὸς Μωυσῆν λέγων	locutusque est Dominus ad Mosen dicens	Locutusque est Dominus ad Moysen, dicens:		And the Lord spake unto Moses, saying,
Lev	23	24	דַּבֵּר אֶל־בְּנֵי יִשְׂרָאֵל לֵאמֹר בַּחֹדֶשׁ הַשְּׁבִיעִי בְּאֶחָד לַחֹדֶשׁ יִהְיֶה לָכֶם שַׁבָּתוֹן זִכְרוֹן תְּרוּעָה מִקְרָא־קֹדֶשׁ ׃	Λάλησον τοῖς υἱοῖς Ἰσραὴλ λέγων τοῦ μηνὸς τοῦ ἑβδόμου μιᾷ τοῦ μηνὸς ἔσται ὑμῖν ἀνάπαυσις, μνημόσυνον σαλπίγγων , κλητὴ ἁγία ἔσται ὑμῖν·	loquere filiis Israhel mense septimo prima die mensis erit vobis sabbatum memorabile clangentibus tubis et vocabitur sanctum	Loquere filiis Isral: Mense septimo, prima die mensis, erit vobis sabbatum, memoriale, clangentibus tubis, et vocabitur sanctum:		Speak unto the children of Israel, saying, In the seventh month, in the first day of the month, shall ye have a sabbath, a memorial of blowing of trumpets, an holy convocation.
Lev	23	25	כָּל־מְלֶאכֶת עֲבֹדָה לֹא תַעֲשׂוּ וְהִקְרַבְתֶּם אִשֶּׁה לַיהוָה ׃ ס	πᾶν ἔργον λατρευτὸν οὐ ποιήσετε, καὶ προσάξετε ὁλοκαύτωμα κυρίῳ·	omne opus servile non facietis in eo et offeretis holocaustum Domino	omne opus servile non facietis in eo, et offeretis holocaustum Domino.		Ye shall do no servile work therein: but ye shall offer an offering made by fire unto the Lord.
Lev	23	26	וַיְדַבֵּר יְהוָה אֶל־מֹשֶׁה לֵּאמֹר ׃	Καὶ ἐλάλησεν Κύριος πρὸς Μωυσῆν λέγων	locutusque est Dominus ad Mosen dicens	Locutusque est Dominus ad Moysen, dicens:		And the Lord spake unto Moses, saying,
Lev	23	27	אַךְ בֶּעָשׂוֹר לַחֹדֶשׁ הַשְּׁבִיעִי הַזֶּה יוֹם הַכִּפֻּרִים הוּא מִקְרָא־קֹדֶשׁ יִהְיֶה לָכֶם וְעִנִּיתֶם אֶת־נַפְשֹׁתֵיכֶם וְהִקְרַבְתֶּם אִשֶּׁה לַיהוָה ׃	Καὶ τῇ ἄτῃ τοῦ μηνὸς τοῦ ἑβδόμου τούτου ἡμέρα ἑξιλασμοῦ, κλητὴ ἁγία ὑμῖν· καὶ ταπεινώσετε τὰς ψυχὰς ὑμῶν, καὶ προσάξετε ὁλοκαύτωμα τῷ κυρίῳ.	decimo die mensis huius septimi dies expiationum erit celeberrimus et vocabitur sanctus adfligetisque animas vestras in eo et offeretis holocaustum Domino	Decimo die mensis hujus septimi, dies expiationum erit celeberrimus, et vocabitur sanctus: affligetisque animas vestras in eo, et offeretis holocaustum Domino.		Also on the tenth day of this seventh month there shall be a day of atonement: it shall be an holy convocation unto you; and ye shall afflict your souls, and offer an offering made by fire unto the Lord.
Lev	23	28	וְכָל־מְלָאכָה לֹא תַעֲשׂוּ בְּעֶצֶם הַיּוֹם הַזֶּה כִּי יוֹם כִּפֻּרִים הוּא לְכַפֵּר עֲלֵיכֶם לִפְנֵי יְהוָה אֱלֹהֵיכֶם ׃	πᾶν ἔργον οὐ ποιήσετε ἐν αὐτῇ τῇ ἡμέρᾳ ύτῃ· ἔστιν γὰρ ἡμέρα ἐξιλασμοῦ αὕτη ὑμῖν, ἐξιλάσασθαι περὶ ὑμῶν ἔναντι κυρίου τοῦ θεοῦ ὑμῶν.	omne opus non facietis in tempore diei huius quia dies propitiationis est ut propitietur vobis Dominus Deus vester	Omne opus servile non facietis in tempore diei hujus: quia dies propitiationis est, ut propitietur vobis Dominus Deus vester.		And ye shall do no work in that same day: for it is a day of atonement, to make an atonement for you before the Lord your God.
Lev	23	29	כִּי כָל־הַנֶּפֶשׁ אֲשֶׁר לֹא־תְעֻנֶּה בְּעֶצֶם הַיּוֹם הַזֶּה וְנִכְרְתָה מֵעַמֶּיהָ ׃	πᾶσα ψυχὴ ἥτις μὴ ταπεινωθήσεται ἐν αὐτῇ τῇ ἡμέρᾳ ταύτῃ ἐξολεθρευθήσεται ἐκ τοῦ λαοῦ αὐτῆς.	omnis anima quae adflicta non fuerit die hoc peribit de populis suis	Omnis anima, qu afflicta non fuerit die hac, peribit de populis suis:		For whatsoever soul it be that shall not be afflicted in that same day, he shall be cut off from among his people.
Lev	23	30	וְכָל־הַנֶּפֶשׁ אֲשֶׁר תַּעֲשֶׂה כָּל־מְלָאכָה בְּעֶצֶם הַיּוֹם הַזֶּה וְהַאֲבַדְתִּי אֶת־הַנֶּפֶשׁ הַהִוא מִקֶּרֶב עַמָּהּ ׃	καὶ πᾶσα ψυχὴ ἥτις ποιήσει ἔργον ἐν αὐτῇ τῇ ἡμέρᾳ ταύτῃ, ἀπολεῖται ἡ ψυχὴ ἐκείνη ἐκ τοῦ λαοῦ αὐτῆς.	et quae operis quippiam fecerit delebo eam de populo suo	et qu operis quippiam fecerit, delebo eam de populo suo.		And whatsoever soul it be that doeth any work in that same day, the same soul will I destroy from among his people.
Lev	23	31	כָּל־מְלָאכָה לֹא תַעֲשׂוּ חֻקַּת עוֹלָם לְדֹרֹתֵיכֶם בְּכֹל מֹשְׁבֹתֵיכֶם ׃	πᾶν ἔργον οὐ ποιήσετε. νόμιμον αἰώνιον εἰς τὰς γενεὰς ὑμῶν ἐν πόσαις κατοικίαις ὑμῶν.	nihil ergo operis facietis in eo legitimum sempiternum erit vobis in cunctis generationibus et habitationibus vestris	Nihil ergo operis facietis in eo: legitimum sempiternum erit vobis in cunctis generationibus, et habitationibus vestris.		Ye shall do no manner of work: it shall be a statute for ever throughout your generations in all your dwellings.
Lev	23	32	שַׁבַּת שַׁבָּתוֹן הוּא לָכֶם וְעִנִּיתֶם אֶת־נַפְשֹׁתֵיכֶם בְּתִשְׁעָה לַחֹדֶשׁ בָּעֶרֶב מֵעֶרֶב עַד־עֶרֶב תִּשְׁבְּתוּ שַׁבַּתְּכֶם ׃ פ	σάββατα σαββάτων ἔσται ὑμῖν, καὶ ταπεινώσετε τὰς ψυχὰς ὑμῶν. ἀπὸ ἐνάτης τοῦ μηνὸς ἀπὸ ἑσπέρας ἕως ἑσπέρας σαββατιεῖτε τὰ σάββατα ὑμῶν.	sabbatum requietionis est adfligetis animas vestras die nono mensis a vespero usque ad vesperum celebrabitis sabbata vestra	Sabbatum requietionis est, et affligetis animas vestras die nono mensis: a vespera usque ad vesperam celebrabitis sabbata vestra.		It shall be unto you a sabbath of rest, and ye shall afflict your souls: in the ninth day of the month at even, from even unto even, shall ye celebrate your sabbath.
Lev	23	33	וַיְדַבֵּר יְהוָה אֶל־מֹשֶׁה לֵּאמֹר ׃	Καὶ ἐλάλησεν κύριος πρὸς Μωυσῆν λέγων	et locutus est Dominus ad Mosen dicens	Et locutus est Dominus ad Moysen, dicens:		And the Lord spake unto Moses, saying,
Lev	23	34	דַּבֵּר אֶל־בְּנֵי יִשְׂרָאֵל לֵאמֹר בַּחֲמִשָּׁה עָשָׂר יוֹם לַחֹדֶשׁ הַשְּׁבִיעִי הַזֶּה חַג הַסֻּכּוֹת שִׁבְעַת יָמִים לַיהֹוָה ׃	Λάλησον τοῖς υἱοῖς Ισραὴν λέγων τῇ πεντεκαιδεκάτῃ τοῦ μηνὸς τοῦ ἑβδόμου τούτου ἑορτὴ σκηνῶν ἑπτὰ ἡμέρας τῷ κυρίῳ.	loquere filiis Israhel a quintodecimo die mensis huius septimi erunt feriae tabernaculorum septem diebus Domino	Loquere filiis Isral: A quintodecimo die mensis hujus septimi, erunt feri tabernaculorum septem diebus Domino.		Speak unto the children of Israel, saying, The fifteenth day of this seventh month shall be the feast of tabernacles for seven days unto the Lord.
Lev	23	35	בַּיּוֹם הָרִאשׁוֹן מִקְרָא־קֹדֶשׁ כָּל־מְלֶאכֶת עֲבֹדָה לֹא תַעֲשׂוּ ׃	καὶ ἡ ἡμέρα ἡ πρώτη κλητὴ ἁγία, πᾶν ἔργον λατρευτὸν οὐ ποιήσετε.	dies primus vocabitur celeberrimus atque sanctissimus omne opus servile non facietis	Dies primus vocabitur celeberrimus atque sanctissimus: omne opus servile non facietis in eo.		On the first day shall be an holy convocation: ye shall do no servile work therein.
Lev	23	36	שִׁבְעַת יָמִים תַּקְרִיבוּ אִשֶּׁה לַיהוָה בַּיּוֹם הַשְּׁמִינִי מִקְרָא־קֹדֶשׁ יִהְיֶה לָכֶם וְהִקְרַבְתֶּם אִשֶּׁה לַיהוָה עֲצֶרֶת הִוא כָּל־מְלֶאכֶת עֲבֹדָה לֹא תַעֲשׂוּ ׃	ἑπτὰ ἡμέρας προσἄξετε ὁλοκαυτώματα τῷ κυρίῳ· καὶ ἡ ἡμέρα ἡ ὀγδόη ἁγία κλητὴ ἔσται ὑμῖν, καὶ προσάξετε ὁλοκαυτώματα Κυρίῳ· ἐξόδιόν ἐστιν, πᾶν ἔργον λατρευτὸν οὐ ποιήσετε.	et septem diebus offeretis holocausta Domino dies quoque octavus erit celeberrimus atque sanctissimus et offeretis holocaustum Domino est enim coetus atque collectae omne opus servile non facietis in eo	Et septem diebus offeretis holocausta Domino. Dies quoque octavus erit celeberrimus, atque sanctissimus, et offeretis holocaustum Domino: est enim ctus atque collect: omne opus servile non facietis in eo.		Seven days ye shall offer an offering made by fire unto the Lord: on the eighth day shall be an holy convocation unto you; and ye shall offer an offering made by fire unto the Lord: it is a solemn assembly; and ye shall do no servile work therein.
Lev	23	37	אֵלֶּה מוֹעֲדֵי יְהוָה אֲשֶׁר־תִּקְרְאוּ אֹתָם מִקְרָאֵי קֹדֶשׁ לְהַקְרִיב אִשֶּׁה לַיהוָה עֹלָה וּמִנְחָה זֶבַח וּנְסָכִים דְּבַר־יוֹם בְּיוֹמוֹ ׃	αὗται αἱ ἑορταὶ κυρίῳ ἃς καλέσετε κλητὰς ἁγίας, ὥστε προσενέγκαι καρπώματα τῷ κυρίῳ, ὁλοκαυτώματα κα θυσίας αὐτῶν καὶ σπονδὰς αὐτῶν τὸ καθ’ ἡμέραν εἰς ἡμέραν.	hae sunt feriae Domini quas vocabitis celeberrimas et sanctissimas offeretisque in eis oblationes Domino holocausta et libamenta iuxta ritum uniuscuiusque diei	H sunt feri Domini, quas vocabitis celeberrimas atque sanctissimas, offeretisque in eis oblationes Domino, holocausta et libamenta juxta ritum uniuscujusque diei:		These are the feasts of the Lord, which ye shall proclaim to be holy convocations, to offer an offering made by fire unto the Lord, a burnt offering, and a meat offering, a sacrifice, and drink offerings, every thing upon his day:
Lev	23	38	מִלְּבַד שַׁבְּתֹת יְהוָה וּמִלְּבַד מַתְּנוֹתֵיכֶם וּמִלְּבַד כָּל־נִדְרֵיכֶם וּמִלְּבַד כָּל־נִדְבוֹתֵיכֶם אֲשֶׁר תִּתְּנוּ לַיהוָה ׃	πλὴν τῶν σαββάτων κυρίου καὶ πλὴν τῶν δομάτων ὑμῶν καὶ πλὴν πασῶν τῶν εὐχῶν ὑμῶν καὶ πλὴν τῶν ἑκουσίων ὑμῶν ἃ ἄν δῶτε τῷ κυρίῳ.	exceptis sabbatis Domini donisque vestris et quae offertis ex voto vel quae sponte tribuitis Domino	exceptis sabbatis Domini, donisque vestris, et qu offeretis ex voto, vel qu sponte tribuetis Domino.		Beside the sabbaths of the Lord, and beside your gifts, and beside all your vows, and beside all your freewill offerings, which ye give unto the Lord.
Lev	23	39	אַךְ בַּחֲמִשָּׁה עָשָׂר יוֹם לַחֹדֶשׁ הַשְּׁבִיעִי בְּאָסְפְּכֶם אֶת־תְּבוּאַת הָאָרֶץ תָּחֹגּוּ אֶת־חַג־יְהוָה שִׁבְעַת יָמִים בַּיּוֹם הָרִאשׁוֹן שַׁבָּתוֹן וּבַיּוֹם הַשְּׁמִינִי שַׁבָּתוֹן ׃	Καὶ ἐν τῇ πεντεκαιδεκάτῃ ἡμέρᾳ τοῦ μηνὸς τοῦ ἑβδόμου τούτου, ὅταν συντελέσητε τὰ γενήματα τῆς γῆς, ἑορτά. σατε τῷ κυρίῳ ζ΄ ἡμέρας· τῇ ἡμέρᾳ τῇ πρώτῃ ἀνάπαυσις, καὶ τῇ ἡμέρα τῇ ὀγδόῃ ἀνάπαυσις.	a quintodecimo ergo die mensis septimi quando congregaveritis omnes fructus terrae vestrae celebrabitis ferias Domini septem diebus die primo et die octavo erit sabbatum id est requies	A quintodecimo ergo die mensis septimi, quando congregaveritis omnes fructus terr vestr, celebrabitis ferias Domini septem diebus: die primo et die octavo erit sabbatum, id est, requies.		Also in the fifteenth day of the seventh month, when ye have gathered in the fruit of the land, ye shall keep a feast unto the Lord seven days: on the first day shall be a sabbath, and on the eighth day shall be a sabbath.
Lev	23	40	וּלְקַחְתֶּם לָכֶם בַּיּוֹם הָרִאשׁוֹן פְּרִי עֵץ הָדָר כַּפֹּת תְּמָרִים וַעֲנַף עֵץ־עָבֹת וְעַרְבֵי־נָחַל וּשְׂמַחְתֶּם לִפְנֵי יְהוָה אֱלֹהֵיכֶם שִׁבְעַת יָמִים ׃	καὶ λήμψεσθε τῇ πρώτῃ καρπὸν ξύλου ὡραῖον καὶ κάλλυνθρα φοινίκων καὶ κλάδους ξύλου δασεῖς καὶ ἰτέας καὶ ἄγνου κλάδους ἐκ χειμάρρου, εὐφρανθῆναι ἔναντι κυρίου τοῦ θεοῦ ὑμῶν ἑπτὰ ἡμέρας τοῦ ἐνιαυτοῦ·	sumetisque vobis die primo fructus arboris pulcherrimae spatulasque palmarum et ramos ligni densarum frondium et salices de torrente et laetabimini coram Domino Deo vestro	Sumetisque vobis die primo fructus arboris pulcherrim, spatulasque palmarum, et ramos ligni densarum frondium, et salices de torrente, et ltabimini coram Domino Deo vestro.		And ye shall take you on the first day the boughs of goodly trees, branches of palm trees, and the boughs of thick trees, and willows of the brook; and ye shall rejoice before the Lord your God seven days.
Lev	23	41	וְחַגֹּתֶם אֹתוֹ חַג לַיהוָה שִׁבְעַת יָמִים בַּשָּׁנָה חֻקַּת עוֹלָם לְדֹרֹתֵיכֶם בַּחֹדֶשׁ הַשְּׁבִיעִי תָּחֹגּוּ אֹתוֹ ׃	νόμιμον αἰώνιον εἰς τὰς γενεὰς ὑμῶν. ἐν τῷ μηνὶ τῷ ἑβδόμῳ ἑορτάσετε αὐτήν.	celebrabitisque sollemnitatem eius septem diebus per annum legitimum sempiternum erit in generationibus vestris mense septimo festa celebrabitis	Celebrabitisque solemnitatem ejus septem diebus per annum: legitimum sempiternum erit in generationibus vestris. Mense septimo festa celebrabitis,		And ye shall keep it a feast unto the Lord seven days in the year. It shall be a statute for ever in your generations: ye shall celebrate it in the seventh month.
Lev	23	42	בַּסֻּכֹּת תֵּשְׁבוּ שִׁבְעַת יָמִים כָּל־הָאֶזְרָח בְּיִשְׂרָאֵל יֵשְׁבוּ בַּסֻּכֹּת ׃	ἐν σκηναῖς κατοικήσετε ἑπτὰ ἡμέρας, πᾶς ὁ αὐτόχθων ἐν Ἰσραὴλ κατοικήσει ἐν σκηναῖς·	et habitabitis in umbraculis septem diebus omnis qui de genere est Israhel manebit in tabernaculis	et habitabitis in umbraculis septem diebus: omnis, qui de genere est Isral, manebit in tabernaculis,		Ye shall dwell in booths seven days; all that are Israelites born shall dwell in booths:
Lev	23	43	לְמַעַן יֵדְעוּ דֹרֹתֵיכֶם כִּי בַסֻּכּוֹת הוֹשַׁבְתִּי אֶת־בְּנֵי יִשְׂרָאֵל בְּהוֹצִיאִי אוֹתָם מֵאֶרֶץ מִצְרָיִם אֲנִי יְהוָה אֱלֹהֵיכֶם ׃	ὅπως ἴδωσιν αἱ γενεαὶ ὑμῶν ὅτι ἐν σκηναῖς κατοίκισα τοὺς υἱοὺς Ἰσραὴν ἐν τῷ ἐξαγαγεῖν με αὐτοὺς ἐκ γῆς Αἰγύπτου. ἐγὼ Κύριος ὁ θεὸς ὑμῶν.	ut discant posteri vestri quod in tabernaculis habitare fecerim filios Israhel cum educerem eos de terra Aegypti ego Dominus Deus vester	ut discant posteri vestri quod in tabernaculis habitare fecerim filios Isral, cum educerem eos de terra gypti. Ego Dominus Deus vester.		That your generations may know that I made the children of Israel to dwell in booths, when I brought them out of the land of Egypt: I am the Lord your God.
Lev	23	44	וַיְדַבֵּר מֹשֶׁה אֶת־מֹעֲדֵי יְהוָה אֶל־בְּנֵי יִשְׂרָאֵל ׃ פ	καὶ ἐλάλησεν Μωυσῆς τὰς ἑορτὰς Τυρίου τοῖς υἱοῖς Ἰσραήλ.	locutusque est Moses super sollemnitatibus Domini ad filios Israhel	Locutusque est Moyses super solemnitatibus Domini ad filios Isral.		And Moses declared unto the children of Israel the feasts of the Lord.
Lev	24	1	וַיְדַבֵּר יְהוָה אֶל־מֹשֶׁה לֵּאמֹר ׃	Καὶ ἐλάλησεν κύριος πρὸς Μωυσῆν λέγων	et locutus est Dominus ad Mosen dicens	Et locutus est Dominus ad Moysen, dicens:		And the Lord spake unto Moses, saying,
Lev	24	2	צַו אֶת־בְּנֵי יִשְׂרָאֵל וְיִקְחוּ אֵלֶיךָ שֶׁמֶן זַיִת זָךְ כָּתִית לַמָּאוֹר לְהַעֲלֹת נֵר תָּמִיד ׃	Ἔντειλαι τοῖς υἱοῖς ήλ, καὶ λαβέτωσάν μοι ἔλαιον ἐλάινον καθαρὸν κεκομμένον εἰς φῶς, καῦσαι λύχνον διὰ παντός.	praecipe filiis Israhel ut adferant tibi oleum de olivis purissimum ac lucidum ad concinnandas lucernas iugiter	Prcipe filiis Isral, ut afferant tibi oleum de olivis purissimum, ac lucidum, ad concinnandas lucernas jugiter,		Command the children of Israel, that they bring unto thee pure oil olive beaten for the light, to cause the lamps to burn continually.
Lev	24	3	מִחוּץ לְפָרֹכֶת הָעֵדֻת בְּאֹהֶל מוֹעֵד יַעֲרֹךְ אֹתוֹ אַהֲרֹן מֵעֶרֶב עַד־בֹּקֶר לִפְנֵי יְהוָה תָּמִיד חֻקַּת עוֹלָם לְדֹרֹתֵיכֶם ׃	ἔξωθεν τοῦ καταπετάσματος ἐν τῇ σκηνῇ τοῦ μαρτυρίου καύσουσιν αὐτὸν Ἀαρὼν καὶ οἱ υἱοὶ αὐτοῦ ἀπὸ ἑσπέρας ἕως πρωὶ ἐνώπιον κυρίου ἐνδελεχῶς· νόμιμον αἰώνιον εἰς τὰς γενεὰς ὑμῶν.	extra velum testimonii in tabernaculo foederis ponetque eas Aaron a vespere usque in mane coram Domino cultu rituque perpetuo in generationibus vestris	extra velum testimonii in tabernaculo fderis. Ponetque eas Aaron a vespere usque ad mane coram Domino, cultu rituque perpetuo in generationibus vestris.		Without the vail of the testimony, in the tabernacle of the congregation, shall Aaron order it from the evening unto the morning before the Lord continually: it shall be a statute for ever in your generations.
Lev	24	4	עַל הַמְּנֹרָה הַטְּהֹרָה יַעֲרֹךְ אֶת־הַנֵּרוֹת לִפְנֵי יְהוָה תָּמִיד ׃ פ	ἐπὶ τῆς λυχνίας τῆς καθαρᾶς καύσετε τοὺς ἔναντι κυρίου ἕως τὸ πρωί.	super candelabro mundissimo ponentur semper in conspectu Domini	Super candelabrum mundissimum ponentur semper in conspectu Domini.		He shall order the lamps upon the pure candlestick before the Lord continually.
Lev	24	5	וְלָקַחְתָּ סֹלֶת וְאָפִיתָ אֹתָהּ שְׁתֵּים עֶשְׂרֵה חַלּוֹת שְׁנֵי עֶשְׂרֹנִים יִהְיֶה הַחַלָּה הָאֶחָת ׃	καὶ λήμψεσθε σεμίδαλιν καὶ αὐτὴν δώδεκα ἄρτους, δύο δεκάτων ἔσται ὁ ἄρτος ὁ εἷς.	accipies quoque similam et coques ex ea duodecim panes qui singuli habebunt duas decimas	Accipies quoque similam, et coques ex ea duodecim panes, qui singuli habebunt duas decimas:		And thou shalt take fine flour, and bake twelve cakes thereof: two tenth deals shall be in one cake.
Lev	24	6	וְשַׂמְתָּ אוֹתָם שְׁתַּיִם מַעֲרָכוֹת שֵׁשׁ הַמַּעֲרָכֶת עַל הַשֻּׁלְחָן הַטָּהֹר לִפְנֵי יְהוָה ׃	καὶ σετε αὐτοὺς δύο θέματα, ἐξ ἄρτους τὸ ἱν θέμα, ἐπὶ τὴν τράπεζαν τὴν καθαρὰν ἔναντι κυρίου.	quorum senos altrinsecus super mensam purissimam coram Domino statues	quorum senos altrinsecus super mensam purissimam coram Domino statues:		And thou shalt set them in two rows, six on a row, upon the pure table before the Lord.
Lev	24	7	וְנָתַתָּ עַל־הַמַּעֲרֶכֶת לְבֹנָה זַכָּה וְהָיְתָה לַלֶּחֶם לְאַזְכָּרָה אִשֶּׁה לַיהוָה ׃	καὶ ἐπιθήσετε ἐπὶ τὸ θέμα λίβανον καθαρὸν καὶ ἅλα, καὶ ἔσονται εἰς ἄρτους εἰς ἀνάμνησιν προκείμενα τῷ κυρίῳ.	et pones super eos tus lucidissimum ut sit panis in monumentum oblationis Domini	et pones super eos thus lucidissimum, ut sit panis in monimentum oblationis Domini.		And thou shalt put pure frankincense upon each row, that it may be on the bread for a memorial, even an offering made by fire unto the Lord.
Lev	24	8	בְּיוֹם הַשַּׁבָּת בְּיוֹם הַשַּׁבָּת יַעַרְכֶנּוּ לִפְנֵי יְהוָה תָּמִיד מֵאֵת בְּנֵי־יִשְׂרָאֵל בְּרִית עוֹלָם ׃	τῇ ἡμέρᾳ τῶν σαββάτων προθήσεται ἔναντι κυρίου διὰ παντὸς ἐνώπιον τῶν υἱῶν Ἰσραήλ, διαθήκην αἰώνιον.	per singula sabbata mutabuntur coram Domino suscepti a filiis Israhel foedere sempiterno	Per singula sabbata mutabuntur coram Domino suscepti a filiis Isral fdere sempiterno:		Every sabbath he shall set it in order before the Lord continually, being taken from the children of Israel by an everlasting covenant.
Lev	24	9	וְהָיְתָה לְאַהֲרֹן וּלְבָנָיו וַאֲכָלֻהוּ בְּמָקוֹם קָדֹשׁ כִּי קֹדֶשׁ קָדָשִׁים הוּא לוֹ מֵאִשֵּׁי יְהוָה חָק־עוֹלָם ׃ ס	καὶ ἔσται λάρων καὶ τοῖς υἱοῖς αὐτοῦ, καὶ φάγονται αὐτὰ ἐν τόπῳ ἁγίῳ· ἔστιν γὰρ ἅγια τῶν ἁγίων τοῦτο αὐτῶν ἀπὸ τῶν θυσιαζομένων τῷ κυρίῳ, νόμιμον αὐώνιον.	eruntque Aaron et filiorum eius ut comedant eos in loco sancto quia sanctum sanctorum est de sacrificiis Domini iure perpetuo	eruntque Aaron et filiorum ejus, ut comedant eos in loco sancto: quia Sanctum sanctorum est de sacrificiis Domini jure perpetuo.		And it shall be Aaron's and his sons'; and they shall eat it in the holy place: for it is most holy unto him of the offerings of the Lord made by fire by a perpetual statute.
Lev	24	10	וַיֵּצֵא בֶּן־אִשָּׁה יִשְׂרְאֵלִית וְהוּא בֶּן־אִישׁ מִצְרִי בְּתוֹךְ בְּנֵי יִשְׂרָאֵל וַיִּנָּצוּ בַּמַּחֲנֶה בֶּן הַיִּשְׂרְאֵלִית וְאִישׁ הַיִּשְׂרְאֵלִי ׃	Καὶ ἐξῆλθεν υἱὸς γυναικὸς Ἰσραηλείτιδος, καὶ οὗτος ἦν υἱὸς Αἰγυπτίου ἐν τοῖς υἱοῖς Ἰσραήλ· καὶ ἐμαχέσαντο ἐν τῇ παρεμβολῇ ὁ ἐκ τῆς Ἰσραηλείτιδος καὶ ὁ ἄνθρωπος ὁ Ἰσραηλείτης,	ecce autem egressus filius mulieris israhelitis quem pepererat de viro aegyptio inter filios Israhel iurgatus est in castris cum viro israhelite	Ecce autem egressus filius mulieris Isralitidis, quem peperat de viro gyptio inter filios Isral, jurgatus est in castris cum viro Isralita.		And the son of an Israelitish woman, whose father was an Egyptian, went out among the children of Israel: and this son of the Israelitish woman and a man of Israel strove together in the camp;
Lev	24	11	וַיִּקֹּב בֶּן־הָאִשָּׁה הַיִּשְׂרְאֵלִית אֶת־הַשֵּׁם וַיְקַלֵּל וַיָּבִיאוּ אֹתוֹ אֶל־מֹשֶׁה וְשֵׁם אִמּוֹ שְׁלֹמִית בַּת־דִּבְרִי לְמַטֵּה־דָן ׃	καὶ ἐπονομάσας μάσας ὁ υἱὸς τῆς γυναικὸς τῆς Ἰσραηλείτιδος τὸ ὄνομα κατηράσατο. καὶ ἤγαγον αὐτοὺς πρὸς Μωυσῆν· καὶ τὸ ὄνομα τῆς μητρὸς αὐτοῦ θ θυγάτηρ Δαβρεὶ ἐκ τῆς φυλῆς Δάν.	cumque blasphemasset nomen et maledixisset ei adductus est ad Mosen vocabatur autem mater eius Salumith filia Dabri de tribu Dan	Cumque blasphemasset nomen, et maledixisset ei, adductus est ad Moysen. (Vocabatur autem mater ejus Salumith, filia Dabri de tribu Dan.)		And the Israelitish woman's son blasphemed the name of the Lord, and cursed. And they brought him unto Moses: (and his mother's name was Shelomith, the daughter of Dibri, of the tribe of Dan:)
Lev	24	12	וַיַּנִּיחֻהוּ בַּמִּשְׁמָר לִפְרֹשׁ לָהֶם עַל־פִּי יְהוָה ׃ פ	καὶ ἀπέθεντο αὐτὸν φυλακήν, διακρῖναι αὐτὸν διὰ προστάγματος κυρίου.	miseruntque eum in carcerem donec nossent quid iuberet Dominus	Miseruntque eum in carcerem, donec nossent quid juberet Dominus.		And they put him in ward, that the mind of the Lord might be shewed them.
Lev	24	13	וַיְדַבֵּר יְהוָה אֶל־מֹשֶׁה לֵּאמֹר ׃	Καὶ ν κύριος πρὸς Μωυσῆν λέγων	qui locutus est ad Mosen	Qui locutus est ad Moysen,		And the Lord spake unto Moses, saying,
Lev	24	14	הוֹצֵא אֶת־הַמְקַלֵּל אֶל־מִחוּץ לַמַּחֲנֶה וְסָמְכוּ כָל־הַשֹּׁמְעִים אֶת־יְדֵיהֶם עַל־רֹאשׁוֹ וְרָגְמוּ אֹתוֹ כָּל־הָעֵדָה ׃	᾿Εξάγαγε τὸν κατάρασά. μένον ἔξω τῆς παρεμβολῆς, καὶ ἐπιθήσουσιν πάντες οἱ ἀκούσαντες τὰς χεῖρας αὐτῶν ἐπὶ τὴν κεφαλὴν αὐτοῦ, καὶ λιθοβολήσουσιν αὐτὸν πᾶσα ἡ συναγωγή.	dicens educ blasphemum extra castra et ponant omnes qui audierunt manus suas super caput eius et lapidet eum populus universus	dicens: Educ blasphemum extra castra, et ponant omnes qui audierunt, manus suas super caput ejus, et lapidet eum populus universus.		Bring forth him that hath cursed without the camp; and let all that heard him lay their hands upon his head, and let all the congregation stone him.
Lev	24	15	וְאֶל־בְּנֵי יִשְׂרָאֵל תְּדַבֵּר לֵאמֹר אִישׁ אִישׁ כִּי־יְקַלֵּל אֱלֹהָיו וְנָשָׂא חֶטְאוֹ ׃	καὶ τοῖς υἱοῖς Ἰσραὴλ λάλησον καὶ ἐρεῖς πρὸς αὐτούς Ἄνθρωπος ὃς ἐὰν καταράσηται θεόν, ἁμαρτίαν λήμψεται,	et ad filios Israhel loqueris homo qui maledixerit Deo suo portabit peccatum suum	Et ad filios Isral loqueris: Homo, qui maledixerit Deo suo, portabit peccatum suum;		And thou shalt speak unto the children of Israel, saying, Whosoever curseth his God shall bear his sin.
Lev	24	16	וְנֹקֵב שֵׁם־יְהוָה מוֹת יוּמָת רָגוֹם יִרְגְּמוּ־בוֹ כָּל־הָעֵדָה כַּגֵּר כָּאֶזְרָח בְּנָקְבוֹ־שֵׁם יוּמָת ׃	ὀνομάζων δὲ τὸ ὄνομα κυρίου θανάτῳ θανατούσθω· λίθοις λιθοβολείτω αὐτὸν πᾶσα συναγωγὴ Ἰσραήλ· ἐόν τε προσήλυτος ἐάν τε ὢν, ἐν τῷ ὀνομάσαι αὐτὸν τὸ ὄνομα κυρίου τελευτάτω.	et qui blasphemaverit nomen Domini morte moriatur lapidibus opprimet eum omnis multitudo sive ille civis seu peregrinus fuerit qui blasphemaverit nomen Domini morte moriatur	et qui blasphemaverit nomen Domini, morte moriatur: lapidibus opprimet eum omnis multitudo, sive ille civis, sive peregrinus fuerit. Qui blasphemaverit nomen Domini, morte moriatur.		And he that blasphemeth the name of the Lord, he shall surely be put to death, and all the congregation shall certainly stone him: as well the stranger, as he that is born in the land, when he blasphemeth the name of the Lord, shall be put to death.
Lev	24	17	וְאִישׁ כִּי יַכֶּה כָּל־נֶפֶשׁ אָדָם מוֹת יוּמָת ׃	καὶ θρωπος ὃς ἂν πατάξῃ ψυχὴν ἀνθρώπου, καὶ ἀποθάνῃ, θανάτω θανατούσθω.	qui percusserit et occiderit hominem morte moriatur	Qui percusserit, et occiderit hominem, morte moriatur.		And he that killeth any man shall surely be put to death.
Lev	24	18	וּמַכֵּה נֶפֶשׁ־בְּהֵמָה יְשַׁלְּמֶנָּה נֶפֶשׁ תַּחַת נָפֶשׁ ׃	καὶ ὃς ἂν πατάξῃ κτῆνος, καὶ ἀποθάνῃ, ἀποτισάτω ψυχὴν ἀντὶ ψυχῆς.	qui percusserit animal reddat vicarium id est animam pro anima	Qui percusserit animal, reddet vicarium, id est, animam pro anima.		And he that killeth a beast shall make it good; beast for beast.
Lev	24	19	וְאִישׁ כִּי־יִתֵּן מוּם בַּעֲמִיתוֹ כַּאֲשֶׁר עָשָׂה כֵּן יֵעָשֶׂה לּוֹ ׃	καὶ ἐάν τις δῷ μῶμον τῷ πλησίον, ὡς ἐπὸν ησεν αὐτῷ, ὡσαύτως ἀντιποιηθήσεται αὐτῷ·	qui inrogaverit maculam cuilibet civium suorum sicut fecit fiet ei	Qui irrogaverit maculam cuilibet civium suorum, sicut fecit, sic fiet ei:		And if a man cause a blemish in his neighbour; as he hath done, so shall it be done to him;
Lev	24	20	שֶׁבֶר תַּחַת שֶׁבֶר עַיִן תַּחַת עַיִן שֵׁן תַּחַת שֵׁן כַּאֲשֶׁר יִתֵּן מוּם בָּאָדָם כֵּן יִנָּתֶן בּוֹ ׃	σύντριμμα ἀντὶ συντρίμματος, ὀφθαλμὸν ἀντὶ ὀφθαλμοῦ, ὀδόντα ἀντὶ ὀδόντος, καθότι ἂν δῷ μῶμον τῷ ἀνθρώπῳ, οὕτως δοθήσεται αὐτῷ. ὃς	fracturam pro fractura oculum pro oculo dentem pro dente restituet qualem inflixerit maculam talem sustinere cogetur	fracturam pro fractura, oculum pro oculo, dentem pro dente restituet: qualem inflixerit maculam, talem sustinere cogetur.		Breach for breach, eye for eye, tooth for tooth: as he hath caused a blemish in a man, so shall it be done to him again.
Lev	24	21	וּמַכֵּה בְהֵמָה יְשַׁלְּמֶנָּה וּמַכֵּה אָדָם יוּמָת ׃	ὃς πατάξῃ ἄνθρωπον, καὶ ἀποθάνῃ, θανάτῳ θανατούσθω·	qui percusserit iumentum reddet aliud qui percusserit hominem punietur	Qui percusserit jumentum, reddet aliud. Qui percusserit hominem, punietur.		And he that killeth a beast, he shall restore it: and he that killeth a man, he shall be put to death.
Lev	24	22	מִשְׁפַּט אֶחָד יִהְיֶה לָכֶם כַּגֵּר כָּאֶזְרָח יִהְיֶה כִּי אֲנִי יְהוָה אֱלֹהֵיכֶם ׃	δικαίωσις μία ἔσται τῷ προσηλύτῳ καὶ τῷ ἐνχωρίῳ, ὅτι ἐγώ εἰμι κύριος ὁ θεὸς ὑμῶν.	aequum iudicium sit inter vos sive peregrinus sive civis peccaverit quia ego sum Dominus Deus vester	quum judicium sit inter vos, sive peregrinus, sive civis peccaverit: quia ego sum Dominus Deus vester.		Ye shall have one manner of law, as well for the stranger, as for one of your own country: for I am the Lord your God.
Lev	24	23	וַיְדַבֵּר מֹשֶׁה אֶל־בְּנֵי יִשְׂרָאֵל וַיּוֹצִיאוּ אֶת־הַמְקַלֵּל אֶל־מִחוּץ לַמַּחֲנֶה וַיִּרְגְּמוּ אֹתוֹ אָבֶן וּבְנֵי־יִשְׂרָאֵל עָשׂוּ כַּאֲשֶׁר צִוָּה יְהוָה אֶת־מֹשֶׁה ׃ פ	καὶ ἐλάλησεν Μωσῆς τοῖς υἱοῖς Ἰσραήλ, καὶ ἐξήγαγον τὸν καταρασάμενον ἔξω τῆς παρεμβολῆς καὶ ἐλιθοβόλησαν αὐτὸν ἐν λίθοις. καὶ οἱ υἱοὶ Ἰσραὴλ ἐποίησαν καθὰ συνέταξεν Κύριος τῷ Μβυσῇ.	locutusque est Moses ad filios Israhel et eduxerunt eum qui blasphemaverat extra castra ac lapidibus oppresserunt feceruntque filii Israhel sicut praeceperat Dominus Mosi	Locutusque est Moyses ad filios Isral: et eduxerunt eum, qui blasphemaverat, extra castra, ac lapidibus oppresserunt. Feceruntque filii Isral sicut prceperat Dominus Moysi.		And Moses spake to the children of Israel, that they should bring forth him that had cursed out of the camp, and stone him with stones. And the children of Israel did as the Lord commanded Moses.
Lev	25	1	וַיְדַבֵּר יְהוָה אֶל־מֹשֶׁה בְּהַר סִינַי לֵאמֹר ׃	καὶ ἐλάλησεν Κύριος πρὸς Μωυσῆν ἐν τῷ ὄρει Σεινὰ λέγων	locutusque est Dominus ad Mosen in monte Sinai dicens	Locutusque est Dominus ad Moysen in monte Sinai, dicens:		And the Lord spake unto Moses in mount Sinai, saying,
Lev	25	2	דַּבֵּר אֶל־בְּנֵי יִשְׂרָאֵל וְאָמַרְתָּ אֲלֵהֶם כִּי תָבֹאוּ אֶל־הָאָרֶץ אֲשֶׁר אֲנִי נֹתֵן לָכֶם וְשָׁבְתָה הָאָרֶץ שַׁבָּת לַיהוָה ׃	Λάλησον τοῖς υἱοῖς Ἰσραὴλ καὶ ἐρεῖς πρὸς αὐτούς Ἐὰν εἰσέλθητε εἰς τὴν γῆν ἢν ἐγὼ δίδωμι ὑμῖν, καὶ ἀναπαύσεται ἡ γῆ ἣν ἐγὼ δίδωμι ὑμῖν σάββατα τῷ κυρίῳ.	loquere filiis Israhel et dices ad eos quando ingressi fueritis terram quam ego dabo vobis sabbatizet sabbatum Domini	Loquere filiis Isral, et dices ad eos: Quando ingressi fueritis terram quam ego dabo vobis, sabbatizes sabbatum Domino.		Speak unto the children of Israel, and say unto them, When ye come into the land which I give you, then shall the land keep a sabbath unto the Lord.
Lev	25	3	שֵׁשׁ שָׁנִים תִּזְרַע שָׂדֶךָ וְשֵׁשׁ שָׁנִים תִּזְמֹר כַּרְמֶךָ וְאָסַפְתָּ אֶת־תְּבוּאָתָהּ ׃	ἓξ ἔτη σπερεῖς τὸν ἀγρόν σου, καὶ ἓξ ἔτη τεμεῖς τὴν ἄμπελόν σου καὶ συνάξεις τὸν καρπὸν αὐτῆς·	sex annis seres agrum tuum et sex annis putabis vineam tuam colligesque fructus eius	Sex annis seres agrum tuum, et sex annis putabis vineam tuam, colligesque fructus ejus:		Six years thou shalt sow thy field, and six years thou shalt prune thy vineyard, and gather in the fruit thereof;
Lev	25	4	וּבַשָּׁנָה הַשְּׁבִיעִת שַׁבַּת שַׁבָּתוֹן יִהְיֶה לָאָרֶץ שַׁבָּת לַיהוָה שָׂדְךָ לֹא תִזְרָע וְכַרְמְךָ לֹא תִזְמֹר ׃	ἠῶ δὲ ἔτει τῷ ἑβδόμῳ σάββατα ἀνάπαυσις ἔσται τῇ γῇ, σάββατα τῷ κυρίῳ· τὸν ἀγρόν σου οὐ σπερεῖς καὶ τὴν ἄμπελόν σου οὐ τεμεῖς,	septimo autem anno sabbatum erit terrae requietionis Domini agrum non seres et vineam non putabis	septimo autem anno sabbatum erit terr, requietionis Domini: agrum non seres, et vineam non putabis.		But in the seventh year shall be a sabbath of rest unto the land, a sabbath for the Lord: thou shalt neither sow thy field, nor prune thy vineyard.
Lev	25	5	אֵת סְפִיחַ קְצִירְךָ לֹא תִקְצוֹר וְאֶת־עִנְּבֵי נְזִירֶךָ לֹא תִבְצֹר שְׁנַת שַׁבָּתוֹן יִהְיֶה לָאָרֶץ ׃	καὶ τὰ αὐτόματα ἀναβαίνοντα τοῦ ἀγροῦ σου οὐκ ἐκθερίσεις καὶ τὴν σταφυλὴν τοῦ ἁγιάσματός σου οὐκ ἐκτρυγήσεις· ἐνιαυτὸς ἀναπαύσεως ἔσται τῆ γῇ.	quae sponte gignit humus non metes et uvas primitiarum tuarum non colliges quasi vindemiam annus enim requietionis terrae est	Qu sponte gignet humus, non metes: et uvas primitiarum tuarum non colliges quasi vindemiam: annus enim requietionis terr est:		That which groweth of its own accord of thy harvest thou shalt not reap, neither gather the grapes of thy vine undressed: for it is a year of rest unto the land.
Lev	25	6	וְהָיְתָה שַׁבַּת הָאָרֶץ לָכֶם לְאָכְלָה לְךָ וּלְעַבְדְּךָ וְלַאֲמָתֶךָ וְלִשְׂכִירְךָ וּלְתוֹשָׁבְךָ הַגָּרִים עִמָּךְ ׃	καὶ ἔσται τὰ σάββατα τῆς γῆς βρώματά σοι καὶ τῷ παιδί σου καὶ τῆ παιδίσκῃ σου καὶ τῷ μισθωτῷ σου καὶ τῷ παροίκῳ τῷ προσκειμένῳ πρὸς σέ·	sed erunt vobis in cibum tibi et servo tuo ancillae et mercennario tuo et advenae qui peregrinantur apud te	sed erunt vobis in cibum, tibi et servo tuo, ancill et mercenario tuo, et adven qui peregrinantur apud te:		And the sabbath of the land shall be meat for you; for thee, and for thy servant, and for thy maid, and for thy hired servant, and for thy stranger that sojourneth with thee.
Lev	25	7	וְלִבְהֶמְתְּךָ וְלַחַיָּה אֲשֶׁר בְּאַרְצֶךָ תִּהְיֶה כָל־תְּבוּאָתָהּ לֶאֱכֹל ׃ ס	καὶ τοῖς κτήνεσίν σου καὶ τοῖς θηρίοις τοῖς ἐν τῆ γῇ σου ἔσται πᾶν τὸ γένημα αὐτοῦ εἰς βρῶσιν.	iumentis tuis et pecoribus omnia quae nascuntur praebebunt cibum	jumentis tuis et pecoribus, omnia qu nascuntur prbebunt cibum.		And for thy cattle, and for the beast that are in thy land, shall all the increase thereof be meat.
Lev	25	8	וְסָפַרְתָּ לְךָ שֶׁבַע שַׁבְּתֹת שָׁנִים שֶׁבַע שָׁנִים שֶׁבַע פְּעָמִים וְהָיוּ לְךָ יְמֵי שֶׁבַע שַׁבְּתֹת הַשָּׁנִים תֵּשַׁע וְאַרְבָּעִים שָׁנָה ׃	καὶ ἐξαριθμήσεις σεαυτῷ ἑπτὰ ἀναπαύσεις ἐτῶν, ἑπτὰ ἔτη ἑπτάκις· καὶ ἔσονταί σοι ἑπτὰ ἑβδομάδες ἐτῶν ἐννέα καὶ τεσσεράκοντα ἔτη.	numerabis quoque tibi septem ebdomades annorum id est septem septies quae simul faciunt annos quadraginta novem	Numerabis quoque tibi septem hebdomadas annorum, id est, septies septem, qu simul faciunt annos quadraginta novem:		And thou shalt number seven sabbaths of years unto thee, seven times seven years; and the space of the seven sabbaths of years shall be unto thee forty and nine years.
Lev	25	9	וְהַעֲבַרְתָּ שׁוֹפַר תְּרוּעָה בַּחֹדֶשׁ הַשְּׁבִעִי בֶּעָשׂוֹר לַחֹדֶשׁ בְּיוֹם הַכִּפֻּרִים תַּעֲבִירוּ שׁוֹפָר בְּכָל־אַרְצְכֶם ׃	καὶ διαγγελεῖτε σάλπιγγος φωνῇ ἐν πάσῃ τῇ γῇ ὑμῶν, ἐν τῷ μηνὶ τῷ ἑβδόμῳ, τῇ δεκάτη τοῦ μηνός· τῆ ἡμέρᾳ τοῦ ἱλασμοῦ, διαγγελεῖτε σάλπιγγι ἐν πάσῃ τῇ γῆ ὑμῶν.	et clanges bucina mense septimo decima die mensis propitiationis tempore in universa terra vestra	et clanges buccina mense septimo, decima die mensis, propitiationis tempore, in universa terra vestra.		Then shalt thou cause the trumpet of the jubile to sound on the tenth day of the seventh month, in the day of atonement shall ye make the trumpet sound throughout all your land.
Lev	25	10	וְקִדַּשְׁתֶּם אֵת שְׁנַת הַחֲמִשִּׁים שָׁנָה וּקְרָאתֶם דְּרוֹר בָּאָרֶץ לְכָל־יֹשְׁבֶיהָ יוֹבֵל הִוא תִּהְיֶה לָכֶם וְשַׁבְתֶּם אִישׁ אֶל־אֲחֻזָּתוֹ וְאִישׁ אֶל־מִשְׁפַּחְתּוֹ תָּשֻׁבוּ ׃	καὶ ἁγιάσατε τὸ ἔτος τὸ πεντηκοστὸν ἐνιαυτόν, καὶ διαβοήσετε ἄφεσιν ἐπὶ τῆς γῆς πᾶσιν τοῖς κατοικοῦσιν αὐτήν· ἐνιαυτὸς ἀφέσεως σημασία αὕτη ἔσται ὑμῖν, καὶ ἀπελεύσεται εἷς ἕκαστος εἰς τὴν κτῆσιν αὐτοῦ, καὶ ἕκαστος εἰς τὴν πατρίδα αὐτοῦ ἀπελεύσεσθε.	sanctificabisque annum quinquagesimum et vocabis remissionem cunctis habitatoribus terrae tuae ipse est enim iobeleus revertetur homo ad possessionem suam et unusquisque rediet ad familiam pristinam	Sanctificabisque annum quinquagesimum, et vocabis remissionem cunctis habitatoribus terr tu: ipse est enim jubilus. Revertetur homo ad possessionem suam, et unusquisque rediet ad familiam pristinam:		And ye shall hallow the fiftieth year, and proclaim liberty throughout all the land unto all the inhabitants thereof: it shall be a jubile unto you; and ye shall return every man unto his possession, and ye shall return every man unto his family.
Lev	25	11	יוֹבֵל הִוא שְׁנַת הַחֲמִשִּׁים שָׁנָה תִּהְיֶה לָכֶם לֹא תִזְרָעוּ וְלֹא תִקְצְרוּ אֶת־סְפִיחֶיהָ וְלֹא תִבְצְרוּ אֶת־נְזִרֶיהָ ׃	ἀφέσεως σημασία αὕτη, τὸ ἔτος τὸ πεντηκοστὸν ἐνιαυτὸς ἔσται ὑμῖν· οὐ σπερεῖτε, οὐδὲ ἀμήσετε τὰ ἀναβαίνοντα αὐτῆς, καὶ οὐ τρυγήσετε τὰ ἡγιασμένα αὐτῆς·	quia iobeleus est et quinquagesimus annus non seretis neque metetis sponte in agro nascentia et primitias vindemiae non colligetis	quia jubilus est, et quinquagesimus annus. Non seretis neque metetis sponte in agro nascentia, et primitias vindemi non colligetis,		A jubile shall that fiftieth year be unto you: ye shall not sow, neither reap that which groweth of itself in it, nor gather the grapes in it of thy vine undressed.
Lev	25	12	כִּי יוֹבֵל הִוא קֹדֶשׁ תִּהְיֶה לָכֶם מִן־הַשָּׂדֶה תֹּאכְלוּ אֶת־תְּבוּאָתָהּ ׃	ὅτι ἀφέσεως σημασία ἐστίν, ἅγιον ἱστᾶι ὑμῖν· ἀπὸ τῶν πεδίων φάγεσθε τὰ γενήματα αὐτῆς.	ob sanctificationem iobelei sed statim ablata comedetis	ob sanctificationem jubili: sed statim oblata comedetis.		For it is the jubile; it shall be holy unto you: ye shall eat the increase thereof out of the field.
Lev	25	13	בִּשְׁנַת הַיּוֹבֵל הַזֹּאת תָּשֻׁבוּ אִישׁ אֶל־אֲחֻזָּתוֹ ׃	ἐν τῷ ἔτει τῆς ἀφέσεως σημασίᾳ αὐτῆς ἐπανελεύσεται εἰς τὴν κτῆσιν αὐτοῦ.	anno iobelei redient omnes ad possessiones suas	Anno jubili, redient omnes ad possessiones suas.		In the year of this jubile ye shall return every man unto his possession.
Lev	25	14	וְכִי־תִמְכְּרוּ מִמְכָּר לַעֲמִיתֶךָ אוֹ קָנֹה מִיַּד עֲמִיתֶךָ אַל־תּוֹנוּ אִישׁ אֶת־אָחִיו ׃	ἐὰν δὲ ἀποδῷ πρᾶσιν τῷ πλησίον σου, ἐὰν καὶ κτήσῃ παρὰ τοῦ πλησίον σου, μὴ θλιβέτω ἄνθρωπος τὸν πλησίον·	quando vendes quippiam civi tuo vel emes ab eo ne contristes fratrem tuum sed iuxta numerum annorum iobelei emes ab eo	Quando vendes quippiam civi tuo, vel emes ab eo, ne contristes fratrem tuum, sed juxta numerum annorum jubili emes ab eo,		And if thou sell ought unto thy neighbour, or buyest ought of thy neighbour's hand, ye shall not oppress one another:
Lev	25	15	בְּמִסְפַּר שָׁנִים אַחַר הַיּוֹבֵל תִּקְנֶה מֵאֵת עֲמִיתֶךָ בְּמִסְפַּר שְׁנֵי־תְבוּאֹת יִמְכָּר־לָךְ ׃	κατὰ ἀριθμὸν ἐτῶν μετὰ τὴν σημασίαν κτήσῃ παρὰ τοῦ πλησίον, κατὰ ἀριθμὸν ἐνιαυτῶν γενημάτων ἀποδώσεταί σοι.	et iuxta supputationem frugum vendet tibi	et juxta supputationem frugum vendet tibi.		According to the number of years after the jubile thou shalt buy of thy neighbour, and according unto the number of years of the fruits he shall sell unto thee:
Lev	25	16	לְפִי רֹב הַשָּׁנִים תַּרְבֶּה מִקְנָתוֹ וּלְפִי מְעֹט הַשָּׁנִים תַּמְעִיט מִקְנָתוֹ כִּי מִסְפַּר תְּבוּאֹת הוּא מֹכֵר לָךְ ׃	καθότι ἂν πλεῖον τῶν ἐτῶν πληθύνῃ τὴν ἔνκτησιν αὐτοῦ, καὶ καθότι ἂν ἔλαττον τῶν ἐτῶν ἐλαττονώσῃ τὴν κτῆσιν αὐτοῦ· ὅτι ἀριθμὸν γενημάτων αὐτοῦ οὕτως ἀποδώσεταί σοι.	quanto plus anni remanserint post iobeleum tanto crescet et pretium et quanto minus temporis numeraveris tanto minoris et emptio constabit tempus enim frugum vendet tibi	Quanto plures anni remanserint post jubilum, tanto crescet et pretium: et quanto minus temporis numeraveris, tanto minoris et emptio constabit: tempus enim frugum vendet tibi.		According to the multitude of years thou shalt increase the price thereof, and according to the fewness of years thou shalt diminish the price of it: for according to the number of the years of the fruits doth he sell unto thee.
Lev	25	17	וְלֹא תוֹנוּ אִישׁ אֶת־עֲמִיתוֹ וְיָרֵאתָ מֵאֱלֹהֶיךָ כִּי אֲנִי יְהֹוָה אֱלֹהֵיכֶם ׃	μὴ θλιβέτω ἄνθρωπος τὸν πλησίον, καὶ φοβηθήσῃ κύριον τὸν θεόν σου· ἐγώ εἰμι κύριος ὁ θεὸς ὑμῶν.	nolite adfligere contribules vestros sed timeat unusquisque Deum suum quia ego Dominus Deus vester	Nolite affligere contribules vestros, sed timeat unusquisque Deum suum, quia ego Dominus Deus vester.		Ye shall not therefore oppress one another; but thou shalt fear thy God:for I am the Lord your God.
Lev	25	18	וַעֲשִׂיתֶם אֶת־חֻקֹּתַי וְאֶת־מִשְׁפָּטַי תִּשְׁמְרוּ וַעֲשִׂיתֶם אֹתָם וִישַׁבְתֶּם עַל־הָאָרֶץ לָבֶטַח ׃	Καὶ ποιήσετε πάντα τὰ δικαιώματά μου καὶ πάσας τὰς κρίσεις μου, καὶ φυλάξασθε καὶ ποιήσετε αὐτά, καὶ κατοικήσετε πεποιθότες·	facite praecepta mea et iudicia custodite et implete ea ut habitare possitis in terra absque ullo pavore	Facite prcepta mea, et judicia custodite, et implete ea: ut habitare possitis in terra absque ullo pavore,		Wherefore ye shall do my statutes, and keep my judgments, and do them; and ye shall dwell in the land in safety.
Lev	25	19	וְנָתְנָה הָאָרֶץ פִּרְיָהּ וַאֲכַלְתֶּם לָשֹׂבַע וִישַׁבְתֶּם לָבֶטַח עָלֶיהָ ׃	καὶ δώσει ἡ γῆ τὰ ἐκφόρια αὐτῆς, καὶ φάγεσθε εἰς πλησμονήν, καὶ κατοικήσετε πεποιθότες ἐπ’ αὐτῆς.	et gignat vobis humus fructus suos quibus vescamini usque ad saturitatem nullius impetum formidantes	et gignat vobis humus fructus suos, quibus vescamini usque ad saturitatem, nullius impetum formidantes.		And the land shall yield her fruit, and ye shall eat your fill, and dwell therein in safety.
Lev	25	20	וְכִי תֹאמְרוּ מַה־נֹּאכַל בַּשָּׁנָה הַשְּׁבִיעִת הֵן לֹא נִזְרָע וְלֹא נֶאֱסֹף אֶת־תְּבוּאָתֵנוּ ׃	ἐὰν δὲ λέγητε Τί φαγόμεθα ἐν τῷ ἔτει τῷ ἑβδόμῳ τούτῳ ἐὰν μὴ σπείρωμεν μηδὲ συναγάγωμεν τὰ γενήματα ἡμῶν ;	quod si dixeritis quid comedemus anno septimo si non seruerimus neque collegerimus fruges nostras	Quod si dixeritis: Quid comedemus anno septimo, si non severimus, neque collegerimus fruges nostras?		And if ye shall say, What shall we eat the seventh year? behold, we shall not sow, nor gather in our increase:
Lev	25	21	וְצִוִּיתִי אֶת־בִּרְכָתִי לָכֶם בַּשָּׁנָה הַשִּׁשִּׁית וְעָשָׂת אֶת־הַתְּבוּאָה לִשְׁלֹשׁ הַשָּׁנִים ׃	καὶ ἀποστέλλω τὴν εὐλογίαν μου ὑμῖν ἐν τῷ ἔτει τῷ ἕκτῳ, καὶ ποιήσει τὰ γενήματα αὐτῆς εἰς τὰ τρία ἔτη.	dabo benedictionem meam vobis anno sexto et faciet fructus trium annorum	dabo benedictionem meam vobis anno sexto, et faciet fructus trium annorum:		Then I will command my blessing upon you in the sixth year, and it shall bring forth fruit for three years.
Lev	25	22	וּזְרַעְתֶּם אֵת הַשָּׁנָה הַשְּׁמִינִת וַאֲכַלְתֶּם מִן־הַתְּבוּאָה יָשָׁן עַד הַשָּׁנָה הַתְּשִׁיעִת עַד־בּוֹא תְּבוּאָתָהּ תֹּאכְלוּ יָשָׁן ׃	καὶ σπερεῖτε τὸ ἔτος τὸ ὄγδοον, καὶ φάγεσθε ἀπὸ τῶν γενημάτων παλαιὰ ἕως τοῦ ἔτους τοῦ ἐνάτου· ἕως ἂν ἔλθῃ τὸ γένημα αὐτῆς, φάγεσθε παλαιὰ παλαιῶν.	seretisque anno octavo et comedetis veteres fruges usque ad nonum annum donec nova nascantur edetis vetera	seretisque anno octavo, et comedetis veteres fruges usque ad nonum annum: donec nova nascantur, edetis vetera.		And ye shall sow the eighth year, and eat yet of old fruit until the ninth year; until her fruits come in ye shall eat of the old store.
Lev	25	23	וְהָאָרֶץ לֹא תִמָּכֵר לִצְמִתֻת כִּי־לִי הָאָרֶץ כִּי־גֵרִים וְתוֹשָׁבִים אַתֶּם עִמָּדִי ׃	Καὶ ἡ γῆ οὐ πραθήσεται εἰς βεβαίωσιν· ἐμὴ γάρ ἐστιν ἡ γῆ, διότι προσήλυτοι καὶ πάροικοι ὑμεῖς ἐστε ἐναντίον μου·	terra quoque non veniet in perpetuum quia mea est et vos advenae et coloni mei estis	Terra quoque non vendetur in perpetuum, quia mea est, et vos adven et coloni mei estis:		The land shall not be sold for ever: for the land is mine, for ye are strangers and sojourners with me.
Lev	25	24	וּבְכֹל אֶרֶץ אֲחֻזַּתְכֶם גְּאֻלָּה תִּתְּנוּ לָאָרֶץ ׃ ס	καὶ κατὰ πᾶσαν γῆν κατασχέσεως ὑμῶν λύτρα δώσετε τῆς γῆς.	unde cuncta regio possessionis vestrae sub redemptionis condicione vendetur	unde cuncta regio possessionis vestr sub redemptionis conditione vendetur.		And in all the land of your possession ye shall grant a redemption for the land.
Lev	25	25	כִּי־יָמוּךְ אָחִיךָ וּמָכַר מֵאֲחֻזָּתוֹ וּבָא גֹאֲלוֹ הַקָּרֹב אֵלָיו וְגָאַל אֵת מִמְכַּר אָחִיו ׃	ἐὰν δὲ πένηται ὁ ἀδελφός σου ὁ μετὰ σοῦ καὶ ἀποδώσεται ἀπὸ τῆς κατασχέσεως αὐτοῦ, καὶ ἔλθῃ ὁ ἀγχιστεύων ἐγγίζων ἔγγιστα αὐτοῦ καὶ λυτρώσεται τὴν πρᾶσιν τοῦ ἀδελφοῦ αὐτοῦ.	si adtenuatus frater tuus vendiderit possessiunculam suam et voluerit propinquus eius potest redimere quod ille vendiderat	Si attenuatus frater tuus vendiderit possessiunculam suam, et voluerit propinquus ejus, potest redimere quod ille vendiderat.		If thy brother be waxen poor, and hath sold away some of his possession, and if any of his kin come to redeem it, then shall he redeem that which his brother sold.
Lev	25	26	וְאִישׁ כִּי לֹא יִהְיֶה־לּוֹ גֹּאֵל וְהִשִּׂיגָה יָדוֹ וּמָצָא כְּדֵי גְאֻלָּתוֹ ׃	ἐὰν δὲ μὴ ᾖ τινι ὁ ἀγχιστεύων, καὶ εὐπορηθῇ τῇ χειρὶ καὶ εὑρεθῇ αὐτῷ τὸ ἱκανὸν λύτρα αὐτοῦ·	sin autem non habuerit proximum et ipse pretium ad redimendum potuerit invenire	Sin autem non habuerit proximum, et ipse pretium ad redimendum potuerit invenire,		And if the man have none to redeem it, and himself be able to redeem it;
Lev	25	27	וְחִשַּׁב אֶת־שְׁנֵי מִמְכָּרוֹ וְהֵשִׁיב אֶת־הָעֹדֵף לָאִישׁ אֲשֶׁר מָכַר־לוֹ וְשָׁב לַאֲחֻזָּתוֹ ׃	καὶ συλλογιεῖται τὰ ἔτη τῆς πράσεως αὐτοῦ, καὶ ἀποδώσει ὅπερ ὦι τῷ ἀνθρώπῳ ᾧ ἀπέδοτο ἑαυτὸν αὐτῷ, καὶ ἀπελεύσεται εἰς τὴν κατάσχεσιν αὐτοῦ.	conputabuntur fructus ex eo tempore quo vendidit et quod reliquum est reddet emptori sicque recipiet possessionem suam	computabuntur fructus ex eo tempore quo vendidit: et quod reliquum est, reddet emptori, sicque recipiet possessionem suam.		Then let him count the years of the sale thereof, and restore the overplus unto the man to whom he sold it; that he may return unto his possession.
Lev	25	28	וְאִם לֹא־מָצְאָה יָדוֹ דֵּי הָשִׁיב לוֹ וְהָיָה מִמְכָּרוֹ בְּיַד הַקֹּנֶה אֹתוֹ עַד שְׁנַת הַיּוֹבֵל וְיָצָא בַּיֹּבֵל וְשָׁב לַאֲחֻזָּתוֹ ׃	ἐὰν δὲ μὴ εὑρεθῇ ἡ χεὶρ αὐτοῦ τὸ ἱκανὸν ὥστε ἀποδοῦναι αὐτά, καὶ ἔσται ἡ πρᾶσις τῷ κτησαμένῳ αὐτὰ ἴως τοῦ ἕκτου ἔτους τῆς ἀφέσεως, καὶ ἐξελεύσεται τῇ ἀφέσει, καὶ ἀπελεύσεται εἰς τὴν κατάπαυσιν αὐτοῦ.	quod si non invenerit manus eius ut reddat pretium habebit emptor quod emerat usque ad annum iobeleum in ipso enim omnis venditio redit ad dominum et ad possessorem pristinum	Quod si non invenerit manus ejus ut reddat pretium, habebit emptor quod emerat, usque ad annum jubilum. In ipso enim omnis venditio redibit ad dominum et ad possessorem pristinum.		But if he be not able to restore it to him, then that which is sold shall remain in the hand of him that hath bought it until the year of jubile: and in the jubile it shall go out, and he shall return unto his possession.
Lev	25	29	וְאִישׁ כִּי־יִמְכֹּר בֵּית־מוֹשַׁב עִיר חוֹמָה וְהָיְתָה גְּאֻלָּתוֹ עַד־תֹּם שְׁנַת מִמְכָּרוֹ יָמִים תִּהְיֶה גְאֻלָּתוֹ ׃	᾿Εὰν δέ τις ἀποδῶται οἰκίαν οἰκητὴν ἐν πόλει τετειχισμένῃ, καὶ ἔσται ἡ λύτρωσις αὐτῆς· ἕως πληρωθῇ ἐνιαυτὸς ἡμερῶν, ἔσται ἡ λύτρωσις αὐτῆς.	qui vendiderit domum intra urbis muros habebit licentiam redimendi donec unus impleatur annus	Qui vendiderit domum intra urbis muros, habebit licentiam redimendi, donec unus impleatur annus.		And if a man sell a dwelling house in a walled city, then he may redeem it within a whole year after it is sold; within a full year may he redeem it.
Lev	25	30	וְאִם לֹא־יִגָּאֵל עַד־מְלֹאת לוֹ שָׁנָה תְמִימָה וְקָם הַבַּיִת אֲשֶׁר־בָּעִיר אֲשֶׁר־לֹא חֹמָה לַצְּמִיתֻת לַקֹּנֶה אֹתוֹ לְדֹרֹתָיו לֹא יֵצֵא בַּיֹּבֵל ׃	ἐὰν δὲ μὴ λυτρωθῇ ἕως ἂν πληρωθῇ αὐτῆς ἐνιαυτὸς ὅλος, ἡ οἰκία ἡ οὖσα ἐν πόλει τῇ ἐχούσῃ τεῖχος βεβαίως τῷ αὐτὴν εἰς τὰς γενεὰς αὐτοῦ, καὶ οὐκ ἐξελεύσεται ἐν τῆ ἀφέσει.	si non redemerit et anni circulus fuerit evolutus emptor possidebit eam et posteri eius in perpetuum et redimi non poterit etiam in iobeleo	Si non redemerit, et anni circulus fuerit evolutus, emptor possidebit eam, et posteri ejus in perpetuum, et redimi non poterit, etiam in jubilo.		And if it be not redeemed within the space of a full year, then the house that is in the walled city shall be established for ever to him that bought it throughout his generations: it shall not go out in the jubile.
Lev	25	31	וּבָתֵּי הַחֲצֵרִים אֲשֶׁר אֵין־לָהֶם חֹמָה סָבִיב עַל־שְׂדֵה הָאָרֶץ יֵחָשֵׁב גְּאֻלָּה תִּהְיֶה־לּוֹ וּבַיֹּבֵל יֵצֵא ׃	αἱ δὲ οἰκίαι αἱ ἐν ἐπαύλεσιν, αἷς οὐκ ἐστιν ἐν αὐταῖς τεῖχος κύκλῳ, πρὸς τὸν ἀγρὸν τῆς γῆς λογισθήτωσαν· λυτρωταὶ διὰ παντὸς ἔσονται, καὶ ἐν τῇ ἀφέσει ἐξελεύσονται.	sin autem in villa fuerit domus quae muros non habet agrorum iure vendetur si ante redempta non fuerit in iobeleo revertetur ad dominum	Sin autem in villa domus, qu muros non habet, agrorum jure vendetur: si ante redempta non fuerit, in jubilo revertetur ad dominum.		But the houses of the villages which have no wall round about them shall be counted as the fields of the country: they may be redeemed, and they shall go out in the jubile.
Lev	25	32	וְעָרֵי הַלְוִיִּם בָּתֵּי עָרֵי אֲחֻזָּתָם גְּאֻלַּת עוֹלָם תִּהְיֶה לַלְוִיִּם ׃	καὶ αἱ πόλεις τῶν Λευειτῶν, οἰκίαι τῶν πόλεων αὐτῶν κατασχέσεως, λυτρωταὶ διὰ παντὸς ἔσονται τοῖς Λευείταις·	aedes Levitarum quae in urbibus sunt semper possunt redimi	des Levitarum qu in urbibus sunt, semper possunt redimi:		Notwithstanding the cities of the Levites, and the houses of the cities of their possession, may the Levites redeem at any time.
Lev	25	33	וַאֲשֶׁר יִגְאַל מִן־הַלְוִיִּם וְיָצָא מִמְכַּר־בַּיִת וְעִיר אֲחֻזָּתוֹ בַּיֹּבֵל כִּי בָתֵּי עָרֵי הַלְוִיִּם הִוא אֲחֻזָּתָם בְּתוֹךְ בְּנֵי יִשְׂרָאֵל ׃	καὶ ὃς ἂν λυτρωσάμενος παρὰ τῶν Λευειτῶν, καὶ ἐξελεύσεται ἡ διάπρασις αὐτῶν οἰκιῶν πόλεως κατασχέσεως αὐτῶν ἐν τῇ ἀφέσει, ὅτι οἰκίαι τῶν πόλεων τῶν Λευειτῶν κατάσχεσις αὐτῶν ἐν μέσῳ υἱῶν Ἰσραήλ.	si redemptae non fuerint in iobeleo revertentur ad dominos quia domus urbium leviticarum pro possessionibus sunt inter filios Israhel	si redempt non fuerint, in jubilo revertentur ad dominos, quia domus urbium Levitarum pro possessionibus sunt inter filios Isral.		And if a man purchase of the Levites, then the house that was sold, and the city of his possession, shall go out in the year of jubile: for the houses of the cities of the Levites are their possession among the children of Israel.
Lev	25	34	וּשְׂדֵה מִגְרַשׁ עָרֵיהֶם לֹא יִמָּכֵר כִּי־אֲחֻזַּת עוֹלָם הוּא לָהֶם ׃ ס	καὶ οἱ ἀγροὶ ἀφωρισμένοι ταῖς πόλεσιν αὐτῶν οὐ πραθήσονται, ὅτι κατάσχεσις αἰωνία τοῦτο ἀυτῶν ἐστιν.	suburbana autem eorum non venient quia possessio sempiterna est	Suburbana autem eorum non veneant, quia possessio sempiterna est.		But the field of the suburbs of their cities may not be sold; for it is their perpetual possession.
Lev	25	35	וְכִי־יָמוּךְ אָחִיךָ וּמָטָה יָדוֹ עִמָּךְ וְהֶחֱזַקְתָּ בּוֹ גֵּר וְתוֹשָׁב וָחַי עִמָּךְ ׃	Ἐὰν δὲ πένηται ὁ ἀδελφός σου καὶ ἀδυνατήσει ταῖς παρὰ σοῦ, ἀντιλήμψῃ αὐτοῦ ὡς προσηλύτου καὶ παροίκου, καὶ ὁ ἀδελφός σου μετὰ σοῦ.	si adtenuatus fuerit frater tuus et infirmus manu et susceperis eum quasi advenam et peregrinum et vixerit tecum	Si attenuatus fuerit frater tuus, et infirmus manu, et susceperis eum quasi advenam et peregrinum, et vixerit tecum,		And if thy brother be waxen poor, and fallen in decay with thee; then thou shalt relieve him: yea, though he be a stranger, or a sojourner; that he may live with thee.
Lev	25	36	אַל־תִּקַּח מֵאִתּוֹ נֶשֶׁךְ וְתַרְבִּית וְיָרֵאתָ מֵאֱלֹהֶיךָ וְחֵי אָחִיךָ עִמָּךְ ׃	οὐ λήμψῃ παρ’ αὐτοῦ τόκον οὐ πλήθει, καὶ φοβηθήσῃ τὸν θεόν σου· ἐγὼ κύριος· καὶ ἀδελφός σου μετὰ σοῦ.	ne accipias usuras ab eo nec amplius quam dedisti time Deum tuum ut vivere possit frater tuus apud te	ne accipias usuras ab eo, nec amplius quam dedisti: time Deum tuum, ut vivere possit frater tuus apud te.		Take thou no usury of him, or increase: but fear thy God; that thy brother may live with thee.
Lev	25	37	אֶת־כַּסְפְּךָ לֹא־תִתֵּן לוֹ בְּנֶשֶׁךְ וּבְמַרְבִּית לֹא־תִתֵּן אָכְלֶךָ ׃	τὸ ἀργύριόν σου οὐ δώσεις αὐτῷ τόκῳ, καὶ πλεονασμὸν οὐ δώσεις αὐτῷ τὰ βρώματά σου.	pecuniam tuam non dabis ei ad usuram et frugum superabundantiam non exiges	Pecuniam tuam non dabis ei ad usuram, et frugum superabundantiam non exiges.		Thou shalt not give him thy money upon usury, nor lend him thy victuals for increase.
Lev	25	38	אֲנִי יְהוָה אֱלֹהֵיכֶם אֲשֶׁר־הוֹצֵאתִי אֶתְכֶם מֵאֶרֶץ מִצְרָיִם לָתֵת לָכֶם אֶת־אֶרֶץ כְּנַעַן לִהְיוֹת לָכֶם לֵאלֹהִים ׃	ἐγὼ κύριος ὁ θεὸς ὑμῶν ὁ ἐξαγαγὼν ὑμᾶς ἐκ γῆς Αἰγύπτου, δοῦναι ὒ τὴν γῆν Χανάαν ὥστε εἶναι ὑμῶν θεός.	ego Dominus Deus vester qui eduxi vos de terra Aegypti ut darem vobis terram Chanaan et essem vester Deus	Ego Dominus Deus vester, qui eduxi vos de terra gypti, ut darem vobis terram Chanaan, et essem vester Deus.		I am the Lord your God, which brought you forth out of the land of Egypt, to give you the land of Canaan, and to be your God.
Lev	25	39	ס וְכִי־יָמוּךְ אָחִיךָ עִמָּךְ וְנִמְכַּר־לָךְ לֹא־תַעֲבֹד בּוֹ עֲבֹדַת עָבֶד ׃	ἐὰν δὲ ταπεινωθῇ ὁ ἀδελφός σου παρὰ σοὶ καὶ πραθῇ σοι, οὐ δουλεύσει σοι οἰκέτου·	si paupertate conpulsus vendiderit se tibi frater tuus non eum opprimes servitute famulorum	Si paupertate compulsus vendiderit se tibi frater tuus, non eum opprimes servitute famulorum,		And if thy brother that dwelleth by thee be waxen poor, and be sold unto thee; thou shalt not compel him to serve as a bondservant:
Lev	25	40	כְּשָׂכִיר כְּתוֹשָׁב יִהְיֶה עִמָּךְ עַד־שְׁנַת הַיֹּבֵל יַעֲבֹד עִמָּךְ ׃	ὡς μισθωτὸς ἢ πάροικος ἔσται σοι, ἕως τοῦ ἔτους τῆς ἀφέσεως ἐργᾶται παρὰ σοί.	sed quasi mercennarius et colonus erit usque ad annum iobeleum operabitur apud te	sed quasi mercenarius et colonus erit: usque ad annum jubilum operabitur apud te,		But as an hired servant, and as a sojourner, he shall be with thee, and shall serve thee unto the year of jubile.
Lev	25	41	וְיָצָא מֵעִמָּךְ הוּא וּבָנָיו עִמּוֹ וְשָׁב אֶל־מִשְׁפַּחְתּוֹ וְאֶל־אֲחֻזַּת אֲבֹתָיו יָשׁוּב ׃	καὶ ἐξελεύσεται τῇ ἀφέσει καὶ τὰ τέκνα αὐτοῦ μετ’ αὐτοῦ, καὶ ἀπελεύσεται εἰς τὴν γενεὰν αὐτοῦ· εἰς τὴν κατάσχεσιν τὴν πατρικὴν ἀποδραμεῖται.	et postea egredietur cum liberis suis et revertetur ad cognationem et ad possessionem patrum suorum	et postea egredietur cum liberis suis, et revertetur ad cognationem, ad possessionem patrum suorum.		And then shall he depart from thee, both he and his children with him, and shall return unto his own family, and unto the possession of his fathers shall he return.
Lev	25	42	כִּי־עֲבָדַי הֵם אֲשֶׁר־הוֹצֵאתִי אֹתָם מֵאֶרֶץ מִצְרָיִם לֹא יִמָּכְרוּ מִמְכֶּרֶת עָבֶד ׃	διότι οἰκέται μού εἰσιν οὗτοι οὓς ἐξήγαγον ἐκ γῆς Αἰγύπτου, οὐ πραθήσεται ἐν πράσει οἰκέτου.	mei enim servi sunt et ego eduxi eos de terra Aegypti non venient condicione servorum	Mei enim servi sunt, et ego eduxi eos de terra gypti: non veneant conditione servorum:		For they are my servants, which I brought forth out of the land of Egypt: they shall not be sold as bondmen.
Lev	25	43	לֹא־תִרְדֶּה בוֹ בְּפָרֶךְ וְיָרֵאתָ מֵאֱלֹהֶיךָ ׃	οὐ κατατενεῖς αὐτὸν ἐν τῷ μόχθῳ, καὶ φοβηθήσῃ κύριον τὸν θεόν σου.	ne adfligas eum per potentiam sed metuito Deum tuum	ne affligas eum per potentiam, sed metuito Deum tuum.		Thou shalt not rule over him with rigour; but shalt fear thy God.
Lev	25	44	וְעַבְדְּךָ וַאֲמָתְךָ אֲשֶׁר יִהְיוּ־לָךְ מֵאֵת הַגּוֹיִם אֲשֶׁר סְבִיבֹתֵיכֶם מֵהֶם תִּקְנוּ עֶבֶד וְאָמָה ׃	καὶ παῖς καὶ παιδίσκη ὅσοι ἀν’ γένωνταί σοι ἀπὸ τῶν ἐθνῶν ὅσοι κύκλω σού εἰσιν, ἀπ’ αὐτῶν κτήσεσθε δοῦλον καὶ δούλην.	servus et ancilla sint vobis de nationibus quae in circuitu vestro sunt	Servus et ancilla sint vobis de nationibus qu in circuitu vestro sunt:		Both thy bondmen, and thy bondmaids, which thou shalt have, shall be of the heathen that are round about you; of them shall ye buy bondmen and bondmaids.
Lev	25	45	וְגַם מִבְּנֵי הַתּוֹשָׁבִים הַגָּרִים עִמָּכֶם מֵהֶם תִּקְנוּ וּמִמִּשְׁפַּחְתָּם אֲשֶׁר עִמָּכֶם אֲשֶׁר הוֹלִידוּ בְּאַרְצְכֶם וְהָיוּ לָכֶם לַאֲחֻזָּה ׃	καὶ ἀπὸ τῶν υἱῶν τῶν παροίκων τῶν ὄντων ἐν ὑμῖν, ἀπὸ τούτων κτήσεσθε καὶ ἀπὸ τῶν συγγενῶν αὐτῶν ὅσοι ἂν γένωνται ἐν τῇ γῇ ὑμῶν· ἔστωσαν ὑμῖν εἰς κατάσχεσιν.	et de advenis qui peregrinantur apud vos vel qui ex his nati fuerint in terra vestra hos habebitis famulos	et de advenis qui peregrinantur apud vos, vel qui ex his nati fuerint in terra vestra, hos habebitis famulos:		Moreover of the children of the strangers that do sojourn among you, of them shall ye buy, and of their families that are with you, which they begat in your land: and they shall be your possession.
Lev	25	46	וְהִתְנַחֲלְתֶּם אֹתָם לִבְנֵיכֶם אַחֲרֵיכֶם לָרֶשֶׁת אֲחֻזָּה לְעֹלָם בָּהֶם תַּעֲבֹדוּ וּבְאַחֵיכֶם בְּנֵי־יִשְׂרָאֵל אִישׁ בְּאָחִיו לֹא־תִרְדֶּה בוֹ בְּפָרֶךְ ׃ ס	καὶ καταμεριεῖτε αὐτοὺς τοῖς τέκνοις ὑμῶν μεθ’ ὑμᾶς, καὶ ἔσονται ὑμῖν κατόχιμοι εἰς τὸν αἰῶνα· τῶν ἀδελφῶν ὑμῶν τῶν υἱῶν Ἰσραήλ, ἕκαστος τὸν ἀδελφὸν αὐτοῦ οὐ κατατενεῖ αὐτὸν ἐν τοῖς μόχθοις.	et hereditario iure transmittetis ad posteros ac possidebitis in aeternum fratres autem vestros filios Israhel ne opprimatis per potentiam	et hreditario jure transmittetis ad posteros, ac possidebitis in ternum: fratres autem vestros filios Isral ne opprimatis per potentiam.		And ye shall take them as an inheritance for your children after you, to inherit them for a possession; they shall be your bondmen for ever: but over your brethren the children of Israel, ye shall not rule one over another with rigour.
Lev	25	47	וְכִי תַשִּׂיג יַד גֵּר וְתוֹשָׁב עִמָּךְ וּמָךְ אָחִיךָ עִמּוֹ וְנִמְכַּר לְגֵר תּוֹשָׁב עִמָּךְ אוֹ לְעֵקֶר מִשְׁפַּחַת גֵּר ׃	Ἐὰν δὲ εὕρῃ ἡ χεὶρ τοῦ προσηλύτου ἢ τοῦ παροίκου τοῦ παρὰ σοί, καὶ ἀπορηθεὶς ὁ ἀδελφός σου πραθῇ τῷ προσηλύτῳ ἢ τῷ παροίκῳ τῷ παρὰ σοὶ ἐκ γενετῆς προσηλύτῳ,	si invaluerit apud vos manus advenae atque peregrini et adtenuatus frater tuus vendiderit se ei aut cuiquam de stirpe eius	Si invaluerit apud vos manus adven atque peregrini, et attenuatus frater tuus vendiderit se ei, aut cuiquam de stirpe ejus:		And if a sojourner or stranger wax rich by thee, and thy brother that dwelleth by him wax poor, and sell himself unto the stranger or sojourner by thee, or to the stock of the stranger's family:
Lev	25	48	אַחֲרֵי נִמְכַּר גְּאֻלָּה תִּהְיֶה־לּוֹ אֶחָד מֵאֶחָיו יִגְאָלֶנּוּ ׃	μετὰ τὸ πραθῆναι αὐτῷ λύτρωσις ἱστᾶι αὐτῷ· εἷς τῶν ἀδελφῶν σου λυτρώσεται αὐτόν.	post venditionem potest redimi qui voluerit ex fratribus suis redimet eum	post venditionem potest redimi. Qui voluerit ex fratribus suis, redimet eum,		After that he is sold he may be redeemed again; one of his brethren may redeem him:
Lev	25	49	אוֹ־דֹדוֹ אוֹ בֶן־דֹּדוֹ יִגְאָלֶנּוּ אוֹ־מִשְּׁאֵר בְּשָׂרוֹ מִמִּשְׁפַּחְתּוֹ יִגְאָלֶנּוּ אוֹ־הִשִּׂיגָה יָדוֹ וְנִגְאָל ׃	ἀδελφὸς πατρὸς αὐτοῦ ἢ υἱὸς ἀδελφοῦ πατρὸς λυτρώσεται αὐτόν, ἢ ἀπὸ τῶν οἰκείων τῶν σαρκῶν αὐτοῦ ἐκ τῆς φυλῆς αὐτοῦ λυτρώσεται αὐτόν· ἐὰν δὲ εὐπορηθεὶς ταῖς χερσὶν λυτρώσηται ἑαυτόν,	et patruus et patruelis et consanguineus et adfinis sin autem et ipse potuerit redimet se	et patruus, et patruelis, et consanguineus, et affinis. Sin autem et ipse potuerit, redimet se,		Either his uncle, or his uncle's son, may redeem him, or any that is nigh of kin unto him of his family may redeem him; or if he be able, he may redeem himself.
Lev	25	50	וְחִשַּׁב עִם־קֹנֵהוּ מִשְּׁנַת הִמָּכְרוֹ לוֹ עַד שְׁנַת הַיֹּבֵל וְהָיָה כֶּסֶף מִמְכָּרוֹ בְּמִסְפַּר שָׁנִים כִּימֵי שָׂכִיר יִהְיֶה עִמּוֹ ׃	καὶ συλλογιεῖται πρὸς τὸν κεκτημένον αὐτὸν ἀπὸ τοῦ ἔτους οὗ ἀπέδοτο ἑαυτὸν αὐτῷ ἕως τοῦ ἐνιαυτοῦ τῆς ἀφέσεως, καὶ ἔσται τὸ ἀργύριον τῆς πράσεως αὐτοῦ ὡς μισθίου· ἔτος ἐξ ἔτους ἔσται μετ’ αὐτοῦ.	supputatis dumtaxat annis a tempore venditionis suae usque ad annum iobeleum et pecunia qua venditus fuerat iuxta annorum numerum et rationem mercennarii supputata	supputatis dumtaxat annis a tempore venditionis su usque ad annum jubilum: et pecunia, qua venditus fuerat, juxta annorum numerum, et rationem mercenarii supputata.		And he shall reckon with him that bought him from the year that he was sold to him unto the year of jubile: and the price of his sale shall be according unto the number of years, according to the time of an hired servant shall it be with him.
Lev	25	51	אִם־עוֹד רַבּוֹת בַּשָּׁנִים לְפִיהֶן יָשִׁיב גְּאֻלָּתוֹ מִכֶּסֶף מִקְנָתוֹ ׃	ἐὰν δέ τινι πλεῖον τῶν ἐτῶν ᾖ, πρὸς ταῦτα ἀποδώσει τὰ λύτρα αὐτοῦ ἀπὸ τοῦ ἀργυρίου τῆς πράσεως αὐτοῦ·	si plures fuerint anni qui remanent usque ad iobeleum secundum hos reddet et pretium	Si plures fuerint anni qui remanent usque ad jubilum, secundum hos reddet et pretium:		If there be yet many years behind, according unto them he shall give again the price of his redemption out of the money that he was bought for.
Lev	25	52	וְאִם־מְעַט נִשְׁאַר בַּשָּׁנִים עַד־שְׁנַת הַיֹּבֵל וְחִשַּׁב־לוֹ כְּפִי שָׁנָיו יָשִׁיב אֶת־גְּאֻלָּתוֹ ׃	νέαν δὲ ὀλίγον καταλειφθῇ ἀπὸ τῶν ἐτῶν εἰς τὸν ἐνιαυτὸν τῆς ὀφέσεως, καὶ συλλογιεῖται αὐτῷ κατὰ τὰ ἔτη αὐτοῦ, καὶ ἀποδώσει τὰ λύτρα αὐτοῦ ὡς μισθωτός.	si pauci ponet rationem cum eo iuxta annorum numerum et reddet emptori quod reliquum est annorum	si pauci, ponet rationem cum eo juxta annorum numerum, et reddet emptori quod reliquum est annorum,		And if there remain but few years unto the year of jubile, then he shall count with him, and according unto his years shall he give him again the price of his redemption.
Lev	25	53	כִּשְׂכִיר שָׁנָה בְּשָׁנָה יִהְיֶה עִמּוֹ לֹא־יִרְדֶּנּוּ בְּפֶרֶךְ לְעֵינֶיךָ ׃	ἐνιαυτὸς ἐξ ἐνιαυτοῦ ἔσται μετ’ αὐτοῦ· οὐ κατατενεῖς αὐτὸν ἐν τῷ μόχθῳ ἐνώπιόν σου.	quibus ante servivit mercedibus inputatis non adfliget eum violenter in conspectu tuo	quibus ante servivit mercedibus imputatis: non affliget eum violenter in conspectu tuo.		And as a yearly hired servant shall he be with him: and the other shall not rule with rigour over him in thy sight.
Lev	25	54	וְאִם־לֹא יִגָּאֵל בְּאֵלֶּה וְיָצָא בִּשְׁנַת הַיֹּבֵל הוּא וּבָנָיו עִמּוֹ ׃	ἐὰν δὲ μὴ λυτρῶται μετὰ ταῦτα, ἐξελεύσεται ἐν τῶ ἔτει τῆς ἀφέσεως αὐτὸς καὶ τὰ παιδία αὐτοῦ μετ’ αὐτοῦ.	quod si per haec redimi non potuerit anno iobeleo egredietur cum liberis suis	Quod si per hc redimi non potuerit, anno jubilo egredietur cum liberis suis.		And if he be not redeemed in these years, then he shall go out in the year of jubile, both he, and his children with him.
Lev	25	55	כִּי־לִי בְנֵי־יִשְׂרָאֵל עֲבָדִים עֲבָדַי הֵם אֲשֶׁר־הוֹצֵאתִי אוֹתָם מֵאֶרֶץ מִצְרָיִם אֲנִי יְהוָה אֱלֹהֵיכֶם ׃	ὅτι ἐμοὶ οἱ υἱοὶ Ἰσραὴλ οἰκέται εἰσίν· παῖδές μου οὗτοί εἰσιν οὓς ἐξήγαγον ἐκ γῆς Αἰγύπτου.	mei sunt enim servi filii Israhel quos eduxi de terra Aegypti	Mei enim sunt servi filii Isral, quos eduxi de terra gypti.		For unto me the children of Israel are servants; they are my servants whom I brought forth out of the land of Egypt: I am the Lord your God.
Lev	26	1	לֹא־תַעֲשׂוּ לָכֶם אֱלִילִם וּפֶסֶל וּמַצֵּבָה לֹא־תָקִימוּ לָכֶם וְאֶבֶן מַשְׂכִּית לֹא תִתְּנוּ בְּאַרְצְכֶם לְהִשְׁתַּחֲוֹת עָלֶיהָ כִּי אֲנִי יְהוָה אֱלֹהֵיכֶם ׃	Ἐγὼ Κύριος ὁ θεὸς ὑμῶν· οὐ ποιήσετε ὑμῖν αὐτοῖς χειροποίητα οὐδὲ γλυπτά, οὐδὲ στήλην ἀναστήσετε ὑμῖν, οὐδὲ λίθον σκοπὸν θήσετε ἐν τῇ γῇ ὑμῶν προσκυνῆσαι αὐτῷ· ἐγώ εἰμι Κύριος ὁ θεὸς ὑμῶν.	ego Dominus Deus vester non facietis vobis idolum et sculptile nec titulos erigetis nec insignem lapidem ponetis in terra vestra ut adoretis eum ego enim sum Dominus Deus vester	Ego Dominus Deus vester: non facietis vobis idolum, et sculptile, nec titulos erigetis, nec insignem lapidem ponetis in terra vestra, ut adoretis eum. Ego enim sum Dominus Deus vester.		Ye shall make you no idols nor graven image, neither rear you up a standing image, neither shall ye set up any image of stone in your land, to bow down unto it: for I am the Lord your God.
Lev	26	2	אֶת־שַׁבְּתֹתַי תִּשְׁמֹרוּ וּמִקְדָּשִׁי תִּירָאוּ אֲנִי יְהוָה ׃ ס	τὰ σάββατά μου φυλάξεσθε, καὶ ἀπὸ τῶν ἁγίων μου φοβηθήσεσθε· ἐγώ εἰμι κύριος.	custodite sabbata mea et pavete ad sanctuarium meum ego Dominus	Custodite sabbata mea, et pavete ad sanctuarium meum. Ego Dominus.		Ye shall keep my sabbaths, and reverence my sanctuary: I am the Lord.
Lev	26	3	אִם־בְּחֻקֹּתַי תֵּלֵכוּ וְאֶת־מִצְוֹתַי תִּשְׁמְרוּ וַעֲשִׂיתֶם אֹתָם ׃	Ἐὰν τοῖς προστάγμασίν μου πορεύησθε, καὶ τὰς ἐντολάς μου φυλάσσησθε καὶ ποιήσητε αὐτάς,	si in praeceptis meis ambulaveritis et mandata mea custodieritis et feceritis ea dabo vobis pluvias temporibus suis	Si in prceptis meis ambulaveritis, et mandata mea custodieritis, et feceritis ea, dabo vobis pluvias temporibus suis,		If ye walk in my statutes, and keep my commandments, and do them;
Lev	26	4	וְנָתַתִּי גִשְׁמֵיכֶם בְּעִתָּם וְנָתְנָה הָאָרֶץ יְבוּלָהּ וְעֵץ הַשָּׂדֶה יִתֵּן פִּרְיוֹ ׃	καὶ δώσω τὸν ὑετὸν ὑμῖν ἐν καιρῷ αὐτοῦ, καὶ ἡ γῆ δώσει τὰ γενήματα αὐτῆς, καὶ τὰ ξύλα τῶν πεδίων ἀποδώσει τὸν καρπὸν αὐτῶν·	et terra gignet germen suum et pomis arbores replebuntur	et terra gignet germen suum, et pomis arbores replebuntur.		Then I will give you rain in due season, and the land shall yield her increase, and the trees of the field shall yield their fruit.
Lev	26	5	וְהִשִּׂיג לָכֶם דַּיִשׁ אֶת־בָּצִיר וּבָצִיר יַשִּׂיג אֶת־זָרַע וַאֲכַלְתֶּם לַחְמְכֶם לָשֹׂבַע וִישַׁבְתֶּם לָבֶטַח בְּאַרְצְכֶם ׃	καὶ καταλήμψεται ὑμῖν ὁ ἄμητος τὸν τρύγητον, καὶ ὁ τρύγητος καταλήμψεται τὸν σπόρον, καὶ φάγεσθε τὸν ἄρτον ὑμῶν εἰς πλησμονήν, καὶ κατοικήσετε μετὰ ἀσφαλίας ἐπὶ τῆς γῆς ὑμῶν, καὶ πόλεμος οὐ διελεύσεται διὰ τῆς γῆς ὑμῶν·	adprehendet messium tritura vindemiam et vindemia occupabit sementem et comedetis panem vestrum in saturitatem et absque pavore habitabitis in terra vestra	Apprehendet messium tritura vindemiam, et vindemia occupabit sementem: et comedetis panem vestrum in saturitate, et absque pavore habitabitis in terra vestra.		And your threshing shall reach unto the vintage, and the vintage shall reach unto the sowing time: and ye shall eat your bread to the full, and dwell in your land safely.
Lev	26	6	וְנָתַתִּי שָׁלוֹם בָּאָרֶץ וּשְׁכַבְתֶּם וְאֵין מַחֲרִיד וְהִשְׁבַּתִּי חַיָּה רָעָה מִן־הָאָרֶץ וְחֶרֶב לֹא־תַעֲבֹר בְּאַרְצְכֶם ׃	καὶ δώσω εἰρήνην ἐν τῇ γῇ ὑμῶν, καὶ κοιμηθήσεσθε καὶ οὐκ ἔσται ὑμᾶς ὁ ἐκφοβῶν, καὶ ἀπολῶ θηρία πονηρὰ ἐκ τῆς γῆς ὑμῶν.	dabo pacem in finibus vestris dormietis et non erit qui exterreat auferam malas bestias et gladius non transibit terminos vestros	Dabo pacem in finibus vestris: dormietis, et non erit qui exterreat. Auferam malas bestias, et gladius non transibit terminos vestros.		And I will give peace in the land, and ye shall lie down, and none shall make you afraid: and I will rid evil beasts out of the land, neither shall the sword go through your land.
Lev	26	7	וּרְדַפְתֶּם אֶת־אֹיְבֵיכֶם וְנָפְלוּ לִפְנֵיכֶם לֶחָרֶב ׃	καὶ διώξεσθε τοὺς ἑχθροὺς ὑμῶν, καὶ πεσοῦνται ἑναντίον ὑμῶν φόνῳ·	persequemini inimicos vestros et corruent coram vobis	Persequemini inimicos vestros, et corruent coram vobis.		And ye shall chase your enemies, and they shall fall before you by the sword.
Lev	26	8	וְרָדְפוּ מִכֶּם חֲמִשָּׁה מֵאָה וּמֵאָה מִכֶּם רְבָבָה יִרְדֹּפוּ וְנָפְלוּ אֹיְבֵיכֶם לִפְנֵיכֶם לֶחָרֶב ׃	καὶ διώξονται ἐξ ὑμῶν πέντε ἑκατόν, καὶ ἑκατὸν ὑμῶν διώξονται μυριάδας, καὶ πεσοῦνται οἱ ἐχθροὶ ὑμῶν ἐναντίον ὑμῶν μαχαίρᾳ.	persequentur quinque de vestris centum alienos et centum ex vobis decem milia cadent inimici vestri in conspectu vestro gladio	Persequentur quinque de vestris centum alienos, et centum de vobis decem millia: cadent inimici vestri gladio in conspectu vestro.		And five of you shall chase an hundred, and an hundred of you shall put ten thousand to flight: and your enemies shall fall before you by the sword.
Lev	26	9	וּפָנִיתִי אֲלֵיכֶם וְהִפְרֵיתִי אֶתְכֶם וְהִרְבֵּיתִי אֶתְכֶם וַהֲקִימֹתִי אֶת־בְּרִיתִי אִתְּכֶם ׃	καὶ ἐπιβλέψω ἐφ’ ὑμᾶς, καὶ αὐξάνω ὑμᾶς καὶ πληθυνῶ ὑμᾶς, καὶ στήσω τὴν διαθήκην μου μεθ’ ὑμῶν·	respiciam vos et crescere faciam multiplicabimini et firmabo pactum meum vobiscum	Respiciam vos, et crescere faciam: multiplicabimini, et firmabo pactum meum vobiscum.		For I will have respect unto you, and make you fruitful, and multiply you, and establish my covenant with you.
Lev	26	10	וַאֲכַלְתֶּם יָשָׁן נוֹשָׁן וְיָשָׁן מִפְּנֵי חָדָשׁ תּוֹצִיאוּ ׃	καὶ φάγεσθε παλαιὰ καὶ παλαιὰ παλαιῶν, καὶ παλαιὰ ἐκ προσώπου νέων ἐξοίσετε·	comedetis vetustissima veterum et vetera novis supervenientibus proicietis	Comedetis vetustissima veterum, et vetera novis supervenientibus projicietis.		And ye shall eat old store, and bring forth the old because of the new.
Lev	26	11	וְנָתַתִּי מִשְׁכָּנִי בְּתוֹכְכֶם וְלֹא־תִגְעַל נַפְשִׁי אֶתְכֶם ׃	καὶ θήσω τὴν διαθήκην μου ἐν ὑμῖν, καὶ οὐ βδελύξεται ἡ ψυχή μου ὑμᾶς.	ponam tabernaculum meum in medio vestri et non abiciet vos anima mea	Ponam tabernaculum meum in medio vestri, et non abjiciet vos anima mea.		And I set my tabernacle among you: and my soul shall not abhor you.
Lev	26	12	וְהִתְהַלַּכְתִּי בְּתוֹכְכֶם וְהָיִיתִי לָכֶם לֵאלֹהִים וְאַתֶּם תִּהְיוּ־לִי לְעָם ׃	καὶ ἐνπεριπατήσω ἐν ὑμῖν καὶ ἔσομαι ὑμῖν θεός, καὶ ὑμεῖς ἔσεσθέ μου λαός.	ambulabo inter vos et ero vester Deus vosque eritis populus meus	Ambulabo inter vos, et ero Deus vester, vosque eritis populus meus.		And I will walk among you, and will be your God, and ye shall be my people.
Lev	26	13	אֲנִי יְהוָה אֱלֹהֵיכֶם אֲשֶׁר הוֹצֵאתִי אֶתְכֶם מֵאֶרֶץ מִצְרַיִם מִהְיֹת לָהֶם עֲבָדִים וָאֶשְׁבֹּר מֹטֹת עֻלְּכֶם וָאוֹלֵךְ אֶתְכֶם קוֹמְמִיּוּת ׃ פ	ἐγώ εἰμι Κύριος ὁ θεὸς ὑμῶν ὁ ἐξαγαγὼν ὑμᾶς ἐκ γῆς Αἰγύπτου, ὄντων ὑμῶν δούλων, καὶ συνέτριψα τὸν δεσμὸν τοῦ ζυγοῦ ὑμῶν καὶ ἤγαγον ὑμᾶς μετὰ παρρησίας.	ego Dominus Deus vester qui eduxi vos de terra Aegyptiorum ne serviretis eis et qui confregi catenas cervicum vestrarum ut incederetis erecti	Ego Dominus Deus vester, qui eduxi vos de terra gyptiorum, ne serviretis eis: et qui confregi catenas cervicum vestrarum, ut incederetis erecti.		I am the Lord your God, which brought you forth out of the land of Egypt, that ye should not be their bondmen; and I have broken the bands of your yoke, and made you go upright.
Lev	26	14	וְאִם־לֹא תִשְׁמְעוּ לִי וְלֹא תַעֲשׂוּ אֵת כָּל־הַמִּצְוֹת הָאֵלֶּה ׃	Ἐὰν δὲ μὴ ὑπακούσητέ μου, μηδὲ ποιήσητε τὰ προστάγματά μου ταῦτα,	quod si non audieritis me nec feceritis omnia mandata mea	Quod si non audieritis me, nec feceritis omnia mandata mea,		But if ye will not hearken unto me, and will not do all these commandments;
Lev	26	15	וְאִם־בְּחֻקֹּתַי תִּמְאָסוּ וְאִם אֶת־מִשְׁפָּטַי תִּגְעַל נַפְשְׁכֶם לְבִלְתִּי עֲשׂוֹת אֶת־כָּל־מִצְוֹתַי לְהַפְרְכֶם אֶת־בְּרִיתִי ׃	ἀλλὰ ἀπειθήσητε αὐτοῖς, κα τοῖς κρίμασίν μου προσοχθίσῃ ἡ ψυχὴ ὑμῶν ὥστε ὑμᾶς μὴ ποιεῖν πάσας τὰς ἐντολάς μου, ὥστε διασκεδάσαι τὴν διαθήκην μου·	si spreveritis leges meas et iudicia mea contempseritis ut non faciatis ea quae a me constituta sunt et ad irritum perducatis pactum meum	si spreveritis leges meas, et judicia mea contempseritis, ut non faciatis ea qu a me constituta sunt, et ad irritum perducatis pactum meum:		And if ye shall despise my statutes, or if your soul abhor my judgments, so that ye will not do all my commandments, but that ye break my covenant:
Lev	26	16	אַף־אֲנִי אֶעֱשֶׂה־זֹּאת לָכֶם וְהִפְקַדְתִּי עֲלֵיכֶם בֶּהָלָה אֶת־הַשַּׁחֶפֶת וְאֶת־הַקַּדַּחַת מְכַלּוֹת עֵינַיִם וּמְדִיבֹת נָפֶשׁ וּזְרַעְתֶּם לָרִיק זַרְעֲכֶם וַאֲכָלֻהוּ אֹיְבֵיכֶם ׃	καὶ ἐγὼ ποιήσω οὕτως ὑμῖν, καὶ ἐπισυστήσω ἐφ’ ὑμᾶς τὴν ἀπορίαν τήν τε ψώραν καὶ τὸν ἴκτερα καὶ σφακελίζοντας τοὺς ὀφθαλμοὺς ὑμῶν καὶ τὴν ψυχὴν ὑμῶν ἐκτήκουσαν· καὶ σπερεῖτε διὰ κενῆς τὰ σπέρματα ὑμῶν καὶ ἔδονται οἱ ὑπεναντίοι ὑμῶν.	ego quoque haec faciam vobis visitabo vos velociter in egestate et ardore qui conficiat oculos vestros et consumat animas frustra seretis sementem quae ab hostibus devorabitur	ego quoque hc faciam vobis: visitabo vos velociter in egestate, et ardore, qui conficiat oculos vestros, et consumat animas vestras. Frustra seretis sementem, qu ab hostibus devorabitur.		I also will do this unto you; I will even appoint over you terror, consumption, and the burning ague, that shall consume the eyes, and cause sorrow of heart: and ye shall sow your seed in vain, for your enemies shall eat it.
Lev	26	17	וְנָתַתִּי פָנַי בָּכֶם וְנִגַּפְתֶּם לִפְנֵי אֹיְבֵיכֶם וְרָדוּ בָכֶם שֹׂנְאֵיכֶם וְנַסְתֶּם וְאֵין־רֹדֵף אֶתְכֶם ׃	καὶ ἐπιστήσω τὸ πρόσωπόν μου ἐφ’ ὑμᾶς, καὶ πεσεῖσθε ἐναντίον τῶν ἐχθρῶν, καὶ διώξονται ὑμᾶς οἱ μισοῦντες ὑμᾶς, καὶ φεύξεσθε οὐθενὸς διώκοντος ὑμᾶς.	ponam faciem meam contra vos et corruetis coram hostibus vestris et subiciemini his qui oderunt vos fugietis nemine persequente	Ponam faciem meam contra vos, et corruetis coram hostibus vestris, et subjiciemini his qui oderunt vos: fugietis, nemine persequente.		And I will set my face against you, and ye shall be slain before your enemies: they that hate you shall reign over you; and ye shall flee when none pursueth you.
Lev	26	18	ס וְאִם־עַד־אֵלֶּה לֹא תִשְׁמְעוּ לִי וְיָסַפְתִּי לְיַסְּרָה אֶתְכֶם שֶׁבַע עַל־חַטֹּאתֵיכֶם ׃	καὶ ἐὰν ἕως τούτου μὴ ὑπακούσητέ μου, καὶ προσθήσω τοῦ παιδεῦσαι ὑμᾶς ἑπτάκις ἐπὶ ταῖς ἁμαρτίαις ὑμῶν·	sin autem nec sic oboedieritis mihi addam correptiones vestras septuplum propter peccata vestra	Sin autem nec sic obedieritis mihi, addam correptiones vestras septuplum propter peccata vestra,		And if ye will not yet for all this hearken unto me, then I will punish you seven times more for your sins.
Lev	26	19	וְשָׁבַרְתִּי אֶת־גְּאוֹן עֻזְּכֶם וְנָתַתִּי אֶת־שְׁמֵיכֶם כַּבַּרְזֶל וְאֶת־אַרְצְכֶם כַּנְּחֻשָׁה ׃	καὶ συντρίψω τὴν ὕβριν τῆς ὑπερηφανίας ὑμῶν, καὶ θήσω τὸν οὐρανὸν ὑμῖν σιδηροῦν καὶ τὴν γῆν ὑμῶν ὡσεὶ χαλκῆν.	et conteram superbiam duritiae vestrae daboque caelum vobis desuper sicut ferrum et terram aeneam	et conteram superbiam duriti vestr. Daboque vobis clum desuper sicut ferrum, et terram neam.		And I will break the pride of your power; and I will make your heaven as iron, and your earth as brass:
Lev	26	20	וְתַם לָרִיק כֹּחֲכֶם וְלֹא־תִתֵּן אַרְצְכֶם אֶת־יְבוּלָהּ וְעֵץ הָאָרֶץ לֹא יִתֵּן פִּרְיוֹ ׃	καὶ ἔσται εἰς κενὸν ἡ ἰσχὺς ὑμῶν, κα οὐ δώσει ἡ γῆ ὑμῶν τὸν σπόρον αὐτῆς, καὶ τὸ ξύλον τοῦ ἀγροῦ ὑμῶν οὐ δώσει τὸν καρπὸν αὐτοῦ.	consumetur in cassum labor vester non proferet terra germen nec arbores poma praebebunt	Consumetur incassum labor vester, non proferet terra germen, nec arbores poma prbebunt.		And your strength shall be spent in vain: for your land shall not yield her increase, neither shall the trees of the land yield their fruits.
Lev	26	21	וְאִם־תֵּלְכוּ עִמִּי קֶרִי וְלֹא תֹאבוּ לִשְׁמֹעַ לִי וְיָסַפְתִּי עֲלֵיכֶם מַכָּה שֶׁבַע כְּחַטֹּאתֵיכֶם ׃	καὶ ἐὰν μετὰ ταῦτα πορεύησθε πλάγιοι καὶ μὴ βούλησθε ὑπακούειν μου, προσθήσω ὑμῖν πληγὰς ἑπτὰ κατὰ τὰς ἁμαρτίας ὒ	si ambulaveritis ex adverso mihi nec volueritis audire me addam plagas vestras usque in septuplum propter peccata vestra	Si ambulaveritis ex adverso mihi, nec volueritis audire me, addam plagas vestras in septuplum propter peccata vestra:		And if ye walk contrary unto me, and will not hearken unto me; I will bring seven times more plagues upon you according to your sins.
Lev	26	22	וְהִשְׁלַחְתִּי בָכֶם אֶת־חַיַּת הַשָּׂדֶה וְשִׁכְּלָה אֶתְכֶם וְהִכְרִיתָה אֶת־בְּהֶמְתְּכֶם וְהִמְעִיטָה אֶתְכֶם וְנָשַׁמּוּ דַּרְכֵיכֶם ׃	καὶ ἀποστέλλω ἐφ’ ὑμᾶς τὰ θηρία τὰ ἄγρια τῆς γῆς καὶ κ ὑμᾶς καὶ ἐξαναλώσει τὰ κτήνη ὑμῶν, καὶ ὀλιγοστοὺς ποήσω ὑμᾶς, καὶ ἐρημωθήσονται αἱ ὁδοὶ ὑμῶν.	emittamque in vos bestias agri quae consumant et vos et pecora vestra et ad paucitatem cuncta redigant desertaeque fiant viae vestrae	immittamque in vos bestias agri, qu consumant vos, et pecora vestra, et ad paucitatem cuncta redigant, desertque fiant vi vestr.		I will also send wild beasts among you, which shall rob you of your children, and destroy your cattle, and make you few in number; and your high ways shall be desolate.
Lev	26	23	וְאִם־בְּאֵלֶּה לֹא תִוָּסְרוּ לִי וַהֲלַכְתֶּם עִמִּי קֶרִי ׃	καὶ ἐπὶ τούτοις ἐὰν μὴ παιδευἀλλὰ πορεύησθε πρὸς μὲ πλάγιοι,	quod si nec sic volueritis recipere disciplinam sed ambulaveritis ex adverso mihi	Quod si nec sic volueritis recipere disciplinam, sed ambulaveritis ex adverso mihi:		And if ye will not be reformed by me by these things, but will walk contrary unto me;
Lev	26	24	וְהָלַכְתִּי אַף־אֲנִי עִמָּכֶם בְּקֶרִי וְהִכֵּיתִי אֶתְכֶם גַּם־אָנִי שֶׁבַע עַל־חַטֹּאתֵיכֶם ׃	πόρε πορεύσομαι κἀγὼ μεθ’ ὑμῶν ᾦ πλαγίῳ, καὶ πατάξω ὑμᾶς κἀγὼ ἑπτάκις ἀντὶ τῶν ἁμαρτιῶν	ego quoque contra vos adversus incedam et percutiam vos septies propter peccata vestra	ego quoque contra vos adversus incedam, et percutiam vos septies propter peccata vestra,		Then will I also walk contrary unto you, and will punish you yet seven times for your sins.
Lev	26	25	וְהֵבֵאתִי עֲלֵיכֶם חֶרֶב נֹקֶמֶת נְקַם־בְּרִית וְנֶאֱסַפְתֶּם אֶל־עָרֵיכֶם וְשִׁלַּחְתִּי דֶבֶר בְּתוֹכְכֶם וְנִתַּתֶּם בְּיַד־אוֹיֵב ׃	καὶ ἐπάξω ἐφ’ ὑμᾶς μάχαιραν ἐκδικοῦσαν δίκην διαθήκης, καὶ καταφεύξεσθε εἰς τὰς πόλεις ὑμῶν· καὶ ἐξαποστελῶ θάνατον εἰς ὑμᾶς, καὶ παραδοθήσεσθε εἰς χεῖρας ἐχθρῶν.	inducamque super vos gladium ultorem foederis mei cumque confugeritis in urbes mittam pestilentiam in medio vestri et trademini hostium manibus	inducamque super vos gladium ultorem fderis mei. Cumque confugeritis in urbes, mittam pestilentiam in medio vestri, et trademini in manibus hostium,		And I will bring a sword upon you, that shall avenge the quarrel of my covenant: and when ye are gathered together within your cities, I will send the pestilence among you; and ye shall be delivered into the hand of the enemy.
Lev	26	26	בְּשִׁבְרִי לָכֶם מַטֵּה־לֶחֶם וְאָפוּ עֶשֶׂר נָשִׁים לַחְמְכֶם בְּתַנּוּר אֶחָד וְהֵשִׁיבוּ לַחְמְכֶם בַּמִּשְׁקָל וַאֲכַלְתֶּם וְלֹא תִשְׂבָּעוּ ׃ ס	ἐν τῷ θλίψαι ὑμᾶς σιτοδείᾳ ἄρτων, καὶ πέψουσιν δέκα γυναῖκες τοὺς ἄρτους ὑμῶν ἐν κλιβάνῳ ἑνί, καὶ ἀποδώσουσιν τοὺς ἄρτους ὑμῶν ἐν σταθμῷ· καὶ φάγεσθε καὶ οὐ μὴ ἐμπλησθῆτε.	postquam confregero baculum panis vestri ita ut decem mulieres in uno clibano coquant panes et reddant eos ad pondus et comedetis et non saturabimini	postquam confregero baculum panis vestri: ita ut decem mulieres in uno clibano coquant panes, et reddant eos ad pondus: et comedetis, et non saturabimini.		And when I have broken the staff of your bread, ten women shall bake your bread in one oven, and they shall deliver you your bread again by weight: and ye shall eat, and not be satisfied.
Lev	26	27	וְאִם־בְּזֹאת לֹא תִשְׁמְעוּ לִי וַהֲלַכְתֶּם עִמִּי בְּקֶרִי ׃	᾿Εὰν δὲ ἐπὶ τούτοις μὴ ὑπακούσητέ μου καὶ πορεύησθε πρὸς μὲ πλάγιοι,	sin autem nec per haec audieritis me sed ambulaveritis contra me	Sin autem nec per hc audieritis me, sed ambulaveritis contra me:		And if ye will not for all this hearken unto me, but walk contrary unto me;
Lev	26	28	וְהָלַכְתִּי עִמָּכֶם בַּחֲמַת־קֶרִי וְיִסַּרְתִּי אֶתְכֶם אַף־אָנִי שֶׁבַע עַל־חַטֹּאתֵיכֶם ׃	καὶ αὐτὸς πορεύσομαι μεθ’ ὑμῶν ἐν θυμῷ πλαγίῳ, καὶ παιδεύσω ὑμᾶς ἐγὼ ἑπτάκις κατὰ τὰς ἁμαρτίας ὑμῶν·	et ego incedam adversum vos in furore contrario et corripiam vos septem plagis propter peccata vestra	et ego incedam adversus vos in furore contrario, et corripiam vos septem plagis propter peccata vestra:		Then I will walk contrary unto you also in fury; and I, even I, will chastise you seven times for your sins.
Lev	26	29	וַאֲכַלְתֶּם בְּשַׂר בְּנֵיכֶם וּבְשַׂר בְּנֹתֵיכֶם תֹּאכֵלוּ ׃	καὶ φάγεσθε τὰς σάρκας τῶν υἱῶν ὑμῶν, καὶ τὰς σάρκας τῶν θυγατέρων ὑμῶν φάγεσθε·	ita ut comedatis carnes filiorum et filiarum vestrarum	ita ut comedatis carnes filiorum vestrorum et filiarum vestrarum.		And ye shall eat the flesh of your sons, and the flesh of your daughters shall ye eat.
Lev	26	30	וְהִשְׁמַדְתִּי אֶת־בָּמֹתֵיכֶם וְהִכְרַתִּי אֶת־חַמָּנֵיכֶם וְנָתַתִּי אֶת־פִּגְרֵיכֶם עַל־פִּגְרֵי גִּלּוּלֵיכֶם וְגָעֲלָה נַפְשִׁי אֶתְכֶם ׃	καὶ ἐρημώσω τὰς στήλας ὑμῶν, καὶ ἐξολεθρεύσω τὰ ξύλινα χειροποίητα θήσω τὰ κῶλα ὑμῶν ἐπὶ τὰ κῶλα τῶν εἰδώλων ὑμῶν, καὶ ἡ ψυχή μου ὑμῖν·	destruam excelsa vestra et simulacra confringam cadetis inter ruinas idolorum vestrorum et abominabitur vos anima mea	Destruam excelsa vestra, et simulacra confringam. Cadetis inter ruinas idolorum vestrorum, et abominabitur vos anima mea,		And I will destroy your high places, and cut down your images, and cast your carcases upon the carcases of your idols, and my soul shall abhor you.
Lev	26	31	וְנָתַתִּי אֶת־עָרֵיכֶם חָרְבָּה וַהֲשִׁמּוֹתִי אֶת־מִקְדְּשֵׁיכֶם וְלֹא אָרִיחַ בְּרֵיחַ נִיחֹחֲכֶם ׃	καὶ θήσω τὰς πόλεις ὑμῶν ἐρήμους, καὶ ἑ τὰ ἅγια ὑμῶν, καὶ οὐ μὴ ὀσφρανθῶ τῆς ὀσμῆς τῶν θυσιῶν ὑμῶν·	in tantum ut urbes vestras redigam in solitudinem et deserta faciam sanctuaria vestra nec recipiam ultra odorem suavissimum	in tantum ut urbes vestras redigam in solitudinem, et deserta faciam sanctuaria vestra, nec recipiam ultra odorem suavissimum.		And I will make your cities waste, and bring your sanctuaries unto desolation, and I will not smell the savour of your sweet odours.
Lev	26	32	וַהֲשִׁמֹּתִי אֲנִי אֶת־הָאָרֶץ וְשָׁמְמוּ עָלֶיהָ אֹיְבֵיכֶם הַיֹּשְׁבִים בָּהּ ׃	καὶ ἐξερημώσω ἐγὼ τὴν γῆν ὑμῶν, καὶ θαυμάσονται ἐπ’ αὐτῇ οἱ ἐχθροὶ ὑμῶν οἱ ἐνοικοῦντες ἐν αὐτῇ·	disperdamque terram vestram et stupebunt super ea inimici vestri cum habitatores illius fuerint	Disperdamque terram vestram, et stupebunt super ea inimici vestri, cum habitatores illius fuerint.		And I will bring the land into desolation: and your enemies which dwell therein shall be astonished at it.
Lev	26	33	וְאֶתְכֶם אֱזָרֶה בַגּוֹיִם וַהֲרִיקֹתִי אַחֲרֵיכֶם חָרֶב וְהָיְתָה אַרְצְכֶם שְׁמָמָה וְעָרֵיכֶם יִהְיוּ חָרְבָּה ׃	καὶ διασπερῶ ὑμᾶς εἰς τὰ ἔθνη, καὶ ἐξαναλώσει ὑμᾶς ἐπιπορευομένη ἡ μάχαιρα· καὶ ἔσται ἡ γῆ ὑμῶν ἔρημος, καὶ αἱ πόλεις ὑμῶν ἔσονται ἔρημοι.	vos autem dispergam in gentes et evaginabo post vos gladium eritque terra vestra deserta et civitates dirutae	Vos autem dispergam in gentes, et evaginabo post vos gladium, eritque terra vestra deserta, et civitates vestr dirut.		And I will scatter you among the heathen, and will draw out a sword after you: and your land shall be desolate, and your cities waste.
Lev	26	34	אָז תִּרְצֶה הָאָרֶץ אֶת־שַׁבְּתֹתֶיהָ כֹּל יְמֵי הֳשַּׁמָּה וְאַתֶּם בְּאֶרֶץ אֹיְבֵיכֶם אָז תִּשְׁבַּת הָאָרֶץ וְהִרְצָת אֶת־שַׁבְּתֹתֶיהָ ׃	τότε εὐδοκήσει ἡ γῆ τὰ σάββατα αὐτῆς καὶ πάσας τὰς ἡμέρας τῆς ἐρημώσεως αὐτῆς, καὶ ὑμεῖς ἔσεσθε ἐν τῇ γῇ τῶν ἐχθρῶν ὑμῶν· τότε σαββατιεῖ ἡ γῆ, καὶ εὐδοκήσει ἡ γῆ τὰ σάββατα αὐτῆς.	tunc placebunt terrae sabbata sua cunctis diebus solitudinis suae quando fueritis	Tunc placebunt terr sabbata sua cunctis diebus solitudinis su: quando fueritis		Then shall the land enjoy her sabbaths, as long as it lieth desolate, and ye be in your enemies' land; even then shall the land rest, and enjoy her sabbaths.
Lev	26	35	כָּל־יְמֵי הָשַּׁמָּה תִּשְׁבֹּת אֵת אֲשֶׁר לֹא־שָׁבְתָה בְּשַׁבְּתֹתֵיכֶם בְּשִׁבְתְּכֶם עָלֶיהָ ׃	πάσας τὰς ἡμέρας τῆς ἐρημώσεως αὐτῆς, σαββατιεῖ ἃ οὐκ ἐσαββάτισεν ἐν τοῖς σαββάτοις ὑμῶν, ἡνίκα κατῳκεῖτε αὐτήν.	in terra hostili sabbatizabit et requiescet in sabbatis solitudinis suae eo quod non requieverit in sabbatis vestris quando habitabatis in ea	in terra hostili, sabbatizabit, et requiescet in sabbatis solitudinis su, eo quod non requieverit in sabbatis vestris quando habitabatis in ea.		As long as it lieth desolate it shall rest; because it did not rest in your sabbaths, when ye dwelt upon it.
Lev	26	36	וְהַנִּשְׁאָרִים בָּכֶם וְהֵבֵאתִי מֹרֶךְ בִּלְבָבָם בְּאַרְצֹת אֹיְבֵיהֶם וְרָדַף אֹתָם קוֹל עָלֶה נִדָּף וְנָסוּ מְנֻסַת־חֶרֶב וְנָפְלוּ וְאֵין רֹדֵף ׃	καὶ τοῖς καταλειφθεῖσιν ἐξ ὑμῶν ἐπάξω δουλίαν εἰς τὴν καρδίαν αὐτῶν ἐν τῇ γῇ τῶν ἐχθρῶν αὐτῶν, καὶ διώξεται αὐτοὺς φωνὴ φύλλου φερομένου, καὶ φεύξονται ὡς φεύγοντες ἀπὸ πολέμου, καὶ πεσοῦνται οὐθενὸς διώκοντος·	et qui de vobis remanserint dabo pavorem in cordibus eorum in regionibus hostium terrebit eos sonitus folii volantis et ita fugient quasi gladium cadent nullo sequente	Et qui de vobis remanserint, dabo pavorem in cordibus eorum in regionibus hostium, terrebit eos sonitus folii volantis, et ita fugient quasi gladium: cadent, nullo persequente,		And upon them that are left alive of you I will send a faintness into their hearts in the lands of their enemies; and the sound of a shaken leaf shall chase them; and they shall flee, as fleeing from a sword; and they shall fall when none pursueth.
Lev	26	37	וְכָשְׁלוּ אִישׁ־בְּאָחִיו כְּמִפְּנֵי־חֶרֶב וְרֹדֵף אָיִן וְלֹא־תִהְיֶה לָכֶם תְּקוּמָה לִפְנֵי אֹיְבֵיכֶם ׃	καὶ ὑπερόψεται ὁ ἀδελφὸς τὸν ἀδελφὸν ὡσεὶ ἐν πολέμῳ οὐθενὸς κατατρέχοντος, καὶ οὐ δυνήσεσθε ἀντιστῆναι τοῖς ἐχθροῖς ὑμῶν.	et corruent singuli super fratres suos quasi bella fugientes nemo vestrum inimicis audebit resistere	et corruent singuli super fratres suos, quasi bella fugientes, nemo vestrum inimicis audebit resistere.		And they shall fall one upon another, as it were before a sword, when none pursueth: and ye shall have no power to stand before your enemies.
Lev	26	38	וַאֲבַדְתֶּם בַּגּוֹיִם וְאָכְלָה אֶתְכֶם אֶרֶץ אֹיְבֵיכֶם ׃	καὶ ἀπολεῖσθε ἐν τοῖς ἔθνεσιν, καὶ κατέδεται ὑμᾶς ἡ γῆ τῶν ἐχθρῶν ὑμῶν·	peribitis inter gentes et hostilis vos terra consumet	Peribitis inter gentes, et hostilis vos terra consumet.		And ye shall perish among the heathen, and the land of your enemies shall eat you up.
Lev	26	39	וְהַנִּשְׁאָרִים בָּכֶם יִמַּקּוּ בַּעֲוֹנָם בְּאַרְצֹת אֹיְבֵיכֶם וְאַף בַּעֲוֹנֹת אֲבֹתָם אִתָּם יִמָּקּוּ ׃	καὶ οἱ καταλειφθέντες ἀφ’ ὑμῶν καταφθαρήσονται διὰ τὰς ἁμαρτίας ὑμῶν· ἐν τῇ γῇ τῶν ἐχθρῶν αὐτῶν τακήσονται.	quod si et de his aliqui remanserint tabescent in iniquitatibus suis in terra inimicorum suorum et propter peccata patrum suorum et sua adfligentur	Quod si et de iis aliqui remanserint, tabescent in iniquitatibus suis, in terra inimicorum suorum, et propter peccata patrum suorum et sua affligentur:		And they that are left of you shall pine away in their iniquity in your enemies' lands; and also in the iniquities of their fathers shall they pine away with them.
Lev	26	40	וְהִתְוַדּוּ אֶת־עֲוֹנָם וְאֶת־עֲוֹן אֲבֹתָם בְּמַעֲלָם אֲשֶׁר מָעֲלוּ־בִי וְאַף אֲשֶׁר־הָלְכוּ עִמִּי בְּקֶרִי ׃	καὶ ἐξαγορεύσουσιν τὰς ἁμαρτίας αὐτῶν καὶ τὰς ἁμαρτίας τῶν πατέρων αὐτῶν, ὅτι παρέβησαν καὶ ὑπερεῖδόν με, καὶ ὅτι ἐπορεύθησαν ἐναντίον μου πλάγιοι,	donec confiteantur iniquitates suas et maiorum suorum quibus praevaricati sunt in me et ambulaverunt ex adverso mihi	donec confiteantur iniquitates suas, et majorum suorum, quibus prvaricati sunt in me, et ambulaverunt ex adverso mihi.		If they shall confess their iniquity, and the iniquity of their fathers, with their trespass which they trespassed against me, and that also they have walked contrary unto me;
Lev	26	41	אַף־אֲנִי אֵלֵךְ עִמָּם בְּקֶרִי וְהֵבֵאתִי אֹתָם בְּאֶרֶץ אֹיְבֵיהֶם אוֹ־אָז יִכָּנַע לְבָבָם הֶעָרֵל וְאָז יִרְצוּ אֶת־עֲוֹנָם ׃	καὶ ἐγὼ ἐπορεύθην μετ’ αὐτῶν ἐν θυμῷ πλαγίῳ· καὶ ἀπολῶ αὐτοὺς ἐν τῇ γῇ τῶν ἐχθρῶν αὐτῶν· τότε ἐντραπήσεται ἡ καρδία αὐτῶν ἡ ἀπερίτμητος, καὶ τότε εὐδοκήσουσιν τὰς ἁμαρτίας αὐτῶν.	ambulabo igitur et ego contra eos et inducam illos in terram hostilem donec erubescat incircumcisa mens eorum tunc orabunt pro impietatibus suis	Ambulabo igitur et ego contra eos, et inducam illos in terram hostilem, donec erubescat incircumcisa mens eorum: tunc orabunt pro impietatibus suis.		And that I also have walked contrary unto them, and have brought them into the land of their enemies; if then their uncircumcised hearts be humbled, and they then accept of the punishment of their iniquity:
Lev	26	42	וְזָכַרְתִּי אֶת־בְּרִיתִי יַעֲקוֹב וְאַף אֶת־בְּרִיתִי יִצְחָק וְאַף אֶת־בְּרִיתִי אַבְרָהָם אֶזְכֹּר וְהָאָרֶץ אֶזְכֹּר ׃	καὶ μνησθήσομαι τῆς διαθήκης Ἰακώβ, καὶ τῆς διαθήκης Ἰσαὰκ καὶ τῆς διαθήκης Ἀβραὰμ μνησθήσομαι· καὶ τῆς γῆς μνησθήσομαι.	et recordabor foederis mei quod pepigi cum Iacob et Isaac et Abraham terrae quoque memor ero	Et recordabor fderis mei, quod pepigi cum Jacob, et Isaac, et Abraham. Terr quoque memor ero:		Then will I remember my covenant with Jacob, and also my covenant with Isaac, and also my covenant with Abraham will I remember; and I will remember the land.
Lev	26	43	וְהָאָרֶץ תֵּעָזֵב מֵהֶם וְתִרֶץ אֶת־שַׁבְּתֹתֶיהָ בָּהְשַׁמָּה מֵהֶם וְהֵם יִרְצוּ אֶת־עֲוֹנָם יַעַן וּבְיַעַן בְּמִשְׁפָּטַי מָאָסוּ וְאֶת־חֻקֹּתַי גָּעֲלָה נַפְשָׁם ׃	καὶ ἡ γῆ ἐνκαταλειφθήσεται ὑπ’ αὐτῶν· τότε προσδέξεται ἡ γῆ τὰ σάββατα αὐτῆς ἐν τῷ ἐρημωθῆναι αὐτὴν δι’ αὐτούς, καὶ αὐτοὶ προσδέξονται τὰς αὐτῶν ἀνομίας ἀνθ’ ὧν τὰ κρίματά μου ὑπερεῖδον καὶ τοῖς προστάγμασίν μου προσώχθισαν τῇ ψυχῇ αὐτῶν.	quae cum relicta fuerit ab eis conplacebit sibi in sabbatis suis patiens solitudinem propter illos ipsi vero rogabunt pro peccatis suis eo quod abiecerint iudicia mea et leges meas despexerint	qu cum relicta fuerit ab eis, complacebit sibi in sabbatis suis, patiens solitudinem propter illos. Ipsi vero rogabunt pro peccatis suis, eo quod abjecerint judicia mea, et leges meas despexerint.		The land also shall be left of them, and shall enjoy her sabbaths, while she lieth desolate without them: and they shall accept of the punishment of their iniquity: because, even because they despised my judgments, and because their soul abhorred my statutes.
Lev	26	44	וְאַף־גַּם־זֹאת בִּהְיוֹתָם בְּאֶרֶץ אֹיְבֵיהֶם לֹא־מְאַסְתִּים וְלֹא־גְעַלְתִּים לְכַלֹּתָם לְהָפֵר בְּרִיתִי אִתָּם כִּי אֲנִי יְהוָה אֱלֹהֵיהֶם ׃	καὶ οὐδ’ ὣς ὄντων αὐτῶν ἐν τῆ γῆ τῶν ἐχθρῶν αὐτῶν οὐχ ὑπερεῖδον αὐτούς, οὐδὲ προσώχθισα αὐτοῖς ὥστε ἐξαναλῶσαι αὐτούς, τοῦ διασκεδάσαι τὴν διαθήκην μου τὴν πρὸς αὐτούς· ὅτι ἐγώ εἰμι κύριος ὁ θεὸς αὐτῶν.	et tamen etiam cum essent in terra hostili non penitus abieci eos neque sic despexi ut consumerentur et irritum facerem pactum meum cum eis ego enim sum Dominus Deus eorum	Et tamen etiam cum essent in terra hostili, non penitus abjeci eos, neque sic despexi ut consumerentur, et irritum facerent pactum meum cum eis. Ego enim sum Dominus Deus eorum,		And yet for all that, when they be in the land of their enemies, I will not cast them away, neither will I abhor them, to destroy them utterly, and to break my covenant with them: for I am the Lord their God.
Lev	26	45	וְזָכַרְתִּי לָהֶם בְּרִית רִאשֹׁנִים אֲשֶׁר הוֹצֵאתִי־אֹתָם מֵאֶרֶץ מִצְרַיִם לְעֵינֵי הַגּוֹיִם לִהְיֹת לָהֶם לֵאלֹהִים אֲנִי יְהוָה ׃	καὶ μνησθήσομαι αὐτῶν τῆς διαθήκης τῆς προτέρας ὅτε ἐξήγαγον αὐτοὺς ἐκ γῆς ἐξ οἴκου δουλίας ἔναντι τῶν ἐθνῶν, τοῦ εἶναι αὐτῶν θεός· ἐγὼ εἰμι Κύριος.	et recordabor foederis mei pristini quando eduxi eos de terra Aegypti in conspectu gentium ut essem Deus eorum ego Dominus Deus haec sunt praecepta atque iudicia et leges quas dedit Dominus inter se et inter filios Israhel in monte Sinai per manum Mosi	et recordabor fderis mei pristini, quando eduxi eos de terra gypti in conspectu gentium, ut essem Deus eorum. Ego Dominus. Hc sunt judicia atque prcepta et leges quas dedit Dominus inter se et filios Isral in monte Sinai per manum Moysi.		But I will for their sakes remember the covenant of their ancestors, whom I brought forth out of the land of Egypt in the sight of the heathen, that I might be their God: I am the Lord.
Lev	26	46	אֵלֶּה הַחֻקִּים וְהַמִּשְׁפָּטִים וְהַתּוֹרֹת אֲשֶׁר נָתַן יְהוָה בֵּינוֹ וּבֵין בְּנֵי יִשְׂרָאֵל בְּהַר סִינַי בְּיַד־מֹשֶׁה ׃ פ	Ταῦτα τὰ κρίματά μου καὶ τὰ προστάγματό μου, καὶ ὁ νόμος ὃν ἔδωκεν κύριος ἀνὰ μέσον αὐτοῦ καὶ ἀνὰ μέσον τῶν υἱῶν Ἰσραὴλ ἐν τῷ ὄρει Σεινὰ ἐν χειρὶ Μωυσῆ.				These are the statutes and judgments and laws, which the Lord made between him and the children of Israel in mount Sinai by the hand of Moses.
Lev	27	1	וַיְדַבֵּר יְהוָה אֶל־מֹשֶׁה לֵּאמֹר ׃	Καὶ ἐλάλησεν κύριος πρὸς Μωυσῆν λέγων	locutusque est Dominus ad Mosen dicens	Locutusque est Dominus ad Moysen, dicens:		And the Lord spake unto Moses, saying,
Lev	27	2	דַּבֵּר אֶל־בְּנֵי יִשְׂרָאֵל וְאָמַרְתָּ אֲלֵהֶם אִישׁ כִּי יַפְלִא נֶדֶר בְּעֶרְכְּךָ נְפָשֹׁת לַיהוָה ׃	Λάλησον τοῖς υἱοῖς Ἰσραὴλ καὶ ἐρεῖς αὐτοῖς ὃς ἂν εὔξηται εὐχὴν ὥστε τιμὴν τῆς αὐτοῦ τῷ κυρίῳ,	loquere filiis Israhel et dices ad eos homo qui votum fecerit et spoponderit Deo animam suam sub aestimatione dabit pretium	Loquere filiis Isral, et dices ad eos: Homo qui votum fecerit, et spoponderit Deo animam suam, sub stimatione dabit pretium.		Speak unto the children of Israel, and say unto them, When a man shall make a singular vow, the persons shall be for the Lord by thy estimation.
Lev	27	3	וְהָיָה עֶרְכְּךָ הַזָּכָר מִבֶּן עֶשְׂרִים שָׁנָה וְעַד בֶּן־שִׁשִּׁים שָׁנָה וְהָיָה עֶרְכְּךָ חֲמִשִּׁים שֶׁקֶל כֶּסֶף בְּשֶׁקֶל הַקֹּדֶשׁ ׃	ἔσται ἡ τιμὴ τοῦ ἄρσενος ἀπὸ εἰκοσαετοῦς ἕως ἑξηκονταετοῦς, ἔσται αὐτοῦ ἡ τιμὴ πεντήκοντα δίδραχμα ἀργυρίου τῷ σταθμῷ τῷ ἁγίῳ·	si fuerit masculus a vicesimo usque ad sexagesimum annum dabit quinquaginta siclos argenti ad mensuram sanctuarii	Si fuerit masculus a vigesimo anno usque ad sexagesimum annum, dabit quinquaginta siclos argenti ad mensuram sanctuarii:		And thy estimation shall be of the male from twenty years old even unto sixty years old, even thy estimation shall be fifty shekels of silver, after the shekel of the sanctuary.
Lev	27	4	וְאִם־נְקֵבָה הִוא וְהָיָה עֶרְכְּךָ שְׁלֹשִׁים שָׁקֶל ׃	τῆς δὲ θηλείας ἔσται ἡ συντίμησις τριάκοντα δίδραχμα.	si mulier triginta	si mulier, triginta.		And if it be a female, then thy estimation shall be thirty shekels.
Lev	27	5	וְאִם מִבֶּן־חָמֵשׁ שָׁנִים וְעַד בֶּן־עֶשְׂרִים שָׁנָה וְהָיָה עֶרְכְּךָ הַזָּכָר עֶשְׂרִים שְׁקָלִים וְלַנְּקֵבָה עֲשֶׂרֶת שְׁקָלִים ׃	ἐὰν δὲ ἀπὸ πενταετοῦς ἕως εἴκοσι ἐτῶν, ἔσται ἡ τιμὴ του ἄρσενος εἴκοσι	a quinto autem anno usque ad vicesimum masculus dabit viginti siclos femina decem	A quinto autem anno usque ad vigesimum, masculus dabit viginti siclos: femina, decem.		And if it be from five years old even unto twenty years old, then thy estimation shall be of the male twenty shekels, and for the female ten shekels.
Lev	27	6	וְאִם מִבֶּן־חֹדֶשׁ וְעַד בֶּן־חָמֵשׁ שָׁנִים וְהָיָה עֶרְכְּךָ הַזָּכָר חֲמִשָּׁה שְׁקָלִים כָּסֶף וְלַנְּקֵבָה עֶרְכְּךָ שְׁלֹשֶׁת שְׁקָלִים כָּסֶף ׃	ἀπὸ δὲ μηνιαιου ἕως πενταέτους ἔσται η τιμη του ἄρσενος πέντε ἀργυρίου, τῆς δὲ θηλείας τρία δίδραχμα.	ab uno mense usque ad annum quintum pro masculo dabuntur quinque sicli pro femina tres	Ab uno mense usque ad annum quintum, pro masculo dabuntur quinque sicli: pro femina, tres.		And if it be from a month old even unto five years old, then thy estimation shall be of the male five shekels of silver, and for the female thy estimation shall be three shekels of silver.
Lev	27	7	וְאִם מִבֶּן־שִׁשִּׁים שָׁנָה וָמַעְלָה אִם־זָכָר וְהָיָה עֶרְכְּךָ חֲמִשָּׁה עָשָׂר שָׁקֶל וְלַנְּקֵבָה עֲשָׂרָה שְׁקָלִים ׃	ἐὰν δὲ ἀπὸ ἑξηκονταετὼν καὶ ἐπάνω, ἐὰν μὲν ἄρσεν ᾖ, ἔσται ἡ τιμὴ πέντε καὶ δέκα δίδραχμα ἀργυρίου, ἐὰν δὲ θήλεια, δέκα δίδραχμα.	sexagenarius et ultra masculus dabit quindecim siclos femina decem	Sexagenarius et ultra masculus dabit quindecim siclos: femina, decem.		And if it be from sixty years old and above; if it be a male, then thy estimation shall be fifteen shekels, and for the female ten shekels.
Lev	27	8	וְאִם־מָךְ הוּא מֵעֶרְכֶּךָ וְהֶעֱמִידוֹ לִפְנֵי הַכֹּהֵן וְהֶעֱרִיךְ אֹתוֹ הַכֹּהֵן עַל־פִּי אֲשֶׁר תַּשִּׂיג יַד הַנֹּדֵר יַעֲרִיכֶנּוּ הַכֹּהֵן ׃ ס	ἐὰν δὲ ταπεινὸς ᾖ τιμῇ, στήσεται ἐναντίον τοῦ ἱερέως, καὶ τιμήσεται αὐτὸν ὁ ἱερεύς. καθάπερ ἰσχύει ἡ χεὶρ τοῦ εὐξαμένου, τιμήσεται αὐτὸν ὁ ἱερεύς.	si pauper fuerit et aestimationem reddere non valebit stabit coram sacerdote et quantum ille aestimaverit et viderit eum posse reddere tantum dabit	Si pauper fuerit, et stimationem reddere non valebit, stabit coram sacerdote: et quantum ille stimaverit, et viderit eum posse reddere, tantum dabit.		But if he be poorer than thy estimation, then he shall present himself before the priest, and the priest shall value him; according to his ability that vowed shall the priest value him.
Lev	27	9	וְאִם־בְּהֵמָה אֲשֶׁר יַקְרִיבוּ מִמֶּנָּה קָרְבָּן לַיהוָה כֹּל אֲשֶׁר יִתֵּן מִמֶּנּוּ לַיהוָה יִהְיֶה־קֹּדֶשׁ ׃	᾿Εὰν δὲ ἀπὸ τῶν κτηνῶν τῶν προσφερομένων ἀπ’ αὐτῶν δῶρον τῷ κυρίῳ, ὃς ἂν δῷ ἀπὸ τούτων τῷ κυρίῳ, ἔσται ἅγιον.	animal autem quod immolari potest Domino si quis voverit sanctum erit	Animal autem, quod immolari potest Domino, si quis voverit, sanctum erit,		And if it be a beast, whereof men bring an offering unto the Lord, all that any man giveth of such unto the Lord shall be holy.
Lev	27	10	לֹא יַחֲלִיפֶנּוּ וְלֹא־יָמִיר אֹתוֹ טוֹב בְּרָע אוֹ־רַע בְּטוֹב וְאִם־הָמֵר יָמִיר בְּהֵמָה בִּבְהֵמָה וְהָיָה־הוּא וּתְמוּרָתוֹ יִהְיֶה־קֹּדֶשׁ ׃	οὐκ ἀλλάξει αὐτὸ πονηρῷ οὐδὲ πονηρὸν καλῷ· ἐὰν δὲ ἀλλάσσων ἀλλάξῃ αὐτὸ κτήνει, ἔσται αὐτὸ καὶ τὸ ἄλλαγμα ἅγια.	et mutari non poterit id est nec melius malo nec peius bono quod si mutaverit et ipsum quod mutatum est et illud pro quo mutatum est consecratum erit Domino	et mutari non poterit, id est, nec melius malo, nec pejus bono: quod si mutaverit, et ipsum quod mutatum est, et illud pro quo mutatum est, consecratum erit Domino.		He shall not alter it, nor change it, a good for a bad, or a bad for a good: and if he shall at all change beast for beast, then it and the exchange thereof shall be holy.
Lev	27	11	וְאִם כָּל־בְּהֵמָה טְמֵאָה אֲשֶׁר לֹא־יַקְרִיבוּ מִמֶּנָּה קָרְבָּן לַיהוָה וְהֶעֱמִיד אֶת־הַבְּהֵמָה לִפְנֵי הַכֹּהֵן ׃	ἐὰν δὲ πᾶν κτῆνος , ἀφ’ ὧν οὐ προσφέρεται ἀπ’ αὐτῶν δῶρον τῷ κυρίῳ, στήσει τὸ κτῆνος ἔναντι τοῦ ἱερέως·	animal inmundum quod immolari Domino non potest si quis voverit adducetur ante sacerdotem	Animal immundum, quod immolari Domino non potest, si quis voverit, adducetur ante sacerdotem:		And if it be any unclean beast, of which they do not offer a sacrifice unto the Lord, then he shall present the beast before the priest:
Lev	27	12	וְהֶעֱרִיךְ הַכֹּהֵן אֹתָהּ בֵּין טוֹב וּבֵין רָע כְּעֶרְכְּךָ הַכֹּהֵן כֵּן יִהְיֶה ׃	καὶ τιμήσεται αὐτὸ ὁ ἱερεὺς ἀνὰ μέσον καλοῦ καὶ ἀνὰ μέσον πονηροῦ· καὶ καθότι ἂν τιμηθήσεται ὁ ἱερεύς, οὕτως στήσεται.	qui diiudicans utrum bonum an malum sit statuet pretium	qui judicans utrum bonum an malum sit, statuet pretium.		And the priest shall value it, whether it be good or bad: as thou valuest it, who art the priest, so shall it be.
Lev	27	13	וְאִם־גָּאֹל יִגְאָלֶנָּה וְיָסַף חֲמִישִׁתוֹ עַל־עֶרְכֶּךָ ׃	ἐὰν δὲ λυτρούμενος λυτρώσηται αὐτόν, προσθήσει τὸ ἑ ἐπίπεμπτον πρὸς τὴν τιμὴν αὐτοῦ.	quod si dare voluerit is qui offert addet supra aestimationis quintam partem	Quod si dare voluerit is qui offert, addet supra stimationem quintam partem.		But if he will at all redeem it, then he shall add a fifth part thereof unto thy estimation.
Lev	27	14	וְאִישׁ כִּי־יַקְדִּשׁ אֶת־בֵּיתוֹ קֹדֶשׁ לַיהוָה וְהֶעֱרִיכוֹ הַכֹּהֵן בֵּין טוֹב וּבֵין רָע כַּאֲשֶׁר יַעֲרִיךְ אֹתוֹ הַכֹּהֵן כֵּן יָקוּם ׃	Καὶ ἄνθρωπος ὃς ἂν ἁγιάσῃ τὴν οἰκίαν αὐτοῦ ἁγίαν τῷ κυρίῳ, καὶ τιμήσεται αὐτὴν ὁ ἱερεὺς ἀνὰ μέσον καλῆς καὶ ἀνὰ μέσον πονηρᾶς· ὡς ἂν τιμήσεται αὐτὴν ὁ ἱερεύς, οὕτως σταθήσεται. τᾶι.	homo si voverit domum suam et sanctificaverit Domino considerabit eam sacerdos utrum bona an mala sit et iuxta pretium quod ab eo fuerit constitutum venundabitur	Homo si voverit domum suam, et sanctificaverit Domino, considerabit eam sacerdos utrum bona an mala sit, et juxta pretium, quod ab eo fuerit constitutum, venundabitur:		And when a man shall sanctify his house to be holy unto the Lord, then the priest shall estimate it, whether it be good or bad: as the priest shall estimate it, so shall it stand.
Lev	27	15	וְאִם־הַמַּקְדִּישׁ יִגְאַל אֶת־בֵּיתוֹ וְיָסַף חֲמִישִׁית כֶּסֶף־עֶרְכְּךָ עָלָיו וְהָיָה לוֹ ׃	ἐὰν δὲ ὁ ἁγιάσας αὐτὴν λυτρῶται τὴν οἰκίαν αὐτοῦ, προσθήσει ἐπ’ αὐτὸ τὸ ἐπίπεμπτον τοῦ ἀργυρίου τῆς τιμῆς, καὶ ἔσται αὐτῷ.	sin autem ille qui voverat voluerit redimere eam dabit quintam partem aestimationis supra et habebit domum	sin autem ille qui voverat, voluerit redimere eam, dabit quintam partem stimationis supra, et habebit domum.		And if he that sanctified it will redeem his house, then he shall add the fifth part of the money of thy estimation unto it, and it shall be his.
Lev	27	16	וְאִם מִשְּׂדֵה אֲחֻזָּתוֹ יַקְדִּישׁ אִישׁ לַיהוָה וְהָיָה עֶרְכְּךָ לְפִי זַרְעוֹ זֶרַע חֹמֶר שְׂעֹרִים בַּחֲמִשִּׁים שֶׁקֶל כָּסֶף ׃	Ἐὰν δὲ ἀπὸ τοῦ ἀγροῦ τῆς κατασχέσεως αὐτοῦ ἁγιάσῃ ἄνθρωπος τῷ κυρίῳ, καὶ ἔσται ἡ τιμὴ κατὰ τὸν σπόρον αὐτοῦ, κόρου κριθῶν πεντήκοντα δίδραχμα ἀργυρίου.	quod si agrum possessionis suae voverit et consecraverit Domino iuxta mensuram sementis aestimabitur pretium si triginta modiis hordei seritur terra quinquaginta siclis veniet argenti	Quod si agrum possessionis su voverit, et consecraverit Domino, juxta mensuram sementis stimabitur pretium: si triginta modiis hordei seritur terra, quinquaginta siclis venundetur argenti.		And if a man shall sanctify unto the Lord some part of a field of his possession, then thy estimation shall be according to the seed thereof: an homer of barley seed shall be valued at fifty shekels of silver.
Lev	27	17	אִם־מִשְּׁנַת הַיֹּבֵל יַקְדִּישׁ שָׂדֵהוּ כְּעֶרְכְּךָ יָקוּם ׃	ἐὰν δὲ ἀπὸ τοῦ ἐνιαυτοῦ τῆς ἀφέσεως ἁγιάσῃ τὸν ἀγρὸν αὐτοῦ, κατὰ τὴν τιμὴν αὐτοῦ στήσεται.	si statim ab anno incipientis iobelei voverit agrum quanto valere potest tanto aestimabitur	Si statim ab anno incipientis jubili voverit agrum, quanto valere potest, tanto stimabitur.		If he sanctify his field from the year of jubile, according to thy estimation it shall stand.
Lev	27	18	וְאִם־אַחַר הַיֹּבֵל יַקְדִּישׁ שָׂדֵהוּ וְחִשַּׁב־לוֹ הַכֹּהֵן אֶת־הַכֶּסֶף עַל־פִּי הַשָּׁנִים הַנּוֹתָרֹת עַד שְׁנַת הַיֹּבֵל וְנִגְרַע מֵעֶרְכֶּךָ ׃	ἐὰν δὲ ἔσχατον μετὰ τὴν ἄφεσιν ἁγιάσῃ τὸν ἀγρὸν αὐτοῦ, προσλογιεῖται αὐτῷ ὁ ἱερεὺς τὸ ἀργύριον ἐπὶ τὰ ἔτη τὰ ἐπίλοιπα ἕως εἰς τὸν ἐνιαυτὸν τῆς ἀφέσεως, καὶ ἀνθυφαιρεθήσεται ἀπὸ τῆς συντιμήσεως αὐτοῦ.	sin autem post aliquantum temporis supputabit sacerdos pecuniam iuxta annorum qui reliqui sunt numerum usque ad iobeleum et detrahetur ex pretio	Sin autem post aliquantum temporis, supputabit sacerdos pecuniam juxta annorum, qui reliqui sunt, numerum usque ad jubilum, et detrahetur ex pretio.		But if he sanctify his field after the jubile, then the priest shall reckon unto him the money according to the years that remain, even unto the year of the jubile, and it shall be abated from thy estimation.
Lev	27	19	וְאִם־גָּאֹל יִגְאַל אֶת־הַשָּׂדֶה הַמַּקְדִּישׁ אֹתוֹ וְיָסַף חֲמִשִׁית כֶּסֶף־עֶרְכְּךָ עָלָיו וְקָם לוֹ ׃	ἐὰν δὲ λυτρῶται τὸν ἀγρὸν ὁ ἀγοράσας αὐτόν, προσθήσει τὸ ἐπίπεμπτον τοῦ ἀργυρίου πρὸς τὴν τιμὴν αὐτοῦ, καὶ ἔσται αὐτῷ.	quod si voluerit redimere agrum ille qui voverat addet quintam partem aestimatae pecuniae et possidebit eum	Quod si voluerit redimere agrum ille qui voverat, addet quintam partem stimat pecuni, et possidebit eum.		And if he that sanctified the field will in any wise redeem it, then he shall add the fifth part of the money of thy estimation unto it, and it shall be assured to him.
Lev	27	20	וְאִם־לֹא יִגְאַל אֶת־הַשָּׂדֶה וְאִם־מָכַר אֶת־הַשָּׂדֶה לְאִישׁ אַחֵר לֹא יִגָּאֵל עוֹד ׃	ἐὰν δὲ μὴ λυτρῶται τὸν ἀγρόν, καὶ ἀποδῶται τὸν ἀγρὸν ἀνθρώπῳ ἑτέρῳ, οὐκέτι μὴ λυτρώσηται αὐτόν.	sin autem noluerit redimere sed alteri cuilibet fuerit venundatus ultra eum qui voverat redimere non poterit	Sin autem noluerit redimere, sed alteri cuilibet fuerit venundatus, ultra eum qui voverat redimere non poterit.		And if he will not redeem the field, or if he have sold the field to another man, it shall not be redeemed any more.
Lev	27	21	וְהָיָה הַשָּׂדֶה בְּצֵאתוֹ בַיֹּבֵל קֹדֶשׁ לַיהוָה כִּשְׂדֵה הַחֵרֶם לַכֹּהֵן תִּהְיֶה אֲחֻזָּתוֹ ׃	ἀλλ’ ἔσται ὁ ἀγρὸς ἐξεληλυθυίας τῆς ἀφέσεως ἅγιος τῷ κυρίῳ, ὥσπερ ἡ γῆ ἡ ἀφωρισμένη τῷ ἱερεῖ ἔσται κατάσχεσις.	quia cum iobelei venerit dies sanctificatus erit Domino et possessio consecrata ad ius pertinet sacerdotum	Quia cum jubili venerit dies, sanctificatus erit Domino, et possessio consecrata ad jus pertinet sacerdotum.		But the field, when it goeth out in the jubile, shall be holy unto the Lord, as a field devoted; the possession thereof shall be the priest's.
Lev	27	22	וְאִם אֶת־שְׂדֵה מִקְנָתוֹ אֲשֶׁר לֹא מִשְּׂדֵה אֲחֻזָּתוֹ יַקְדִּישׁ לַיהוָה ׃	ἐὰν δὲ ἀπὸ τοῦ ἀγροῦ οὗ κέκτηται, ὃς οὐκ ἔστιν ἀπὸ τοῦ ἀγροῦ τῆς κατασχέσεως αὐτοῦ, ἁγιάσει τῷ κυρίῳ,	si ager emptus et non de possessione maiorum sanctificatus fuerit Domino	Si ager emptus est, et non de possessione majorum sanctificatus fuerit Domino,		And if a man sanctify unto the Lord a field which he hath bought, which is not of the fields of his possession;
Lev	27	23	וְחִשַּׁב־לוֹ הַכֹּהֵן אֵת מִכְסַת הָעֶרְכְּךָ עַד שְׁנַת הַיֹּבֵל וְנָתַן אֶת־הָעֶרְכְּךָ בַּיּוֹם הַהוּא קֹדֶשׁ לַיהוָה ׃	λογιεῖται πρὸς αὐτὸν ὁ ἱερεὺς τὸ τέλος τῆς τιμῆς ἐκ τοῦ ἐνιαυτοῦ τῆς ἀφέσεως, καὶ ἀποδώσει τὴν τιμὴν ἐν τῇ ἡμέρᾳ ἐκείνῃ ἅγιον τῷ κυρίῳ·	supputabit sacerdos iuxta annorum numerum usque ad iobeleum pretium et dabit ille qui voverat eum Domino	supputabit sacerdos juxta annorum numerum usque ad jubilum, pretium: et dabit ille qui voverat eum, Domino.		Then the priest shall reckon unto him the worth of thy estimation, even unto the year of the jubile: and he shall give thine estimation in that day, as a holy thing unto the Lord.
Lev	27	24	בִּשְׁנַת הַיּוֹבֵל יָשׁוּב הַשָּׂדֶה לַאֲשֶׁר קָנָהוּ מֵאִתּוֹ לַאֲשֶׁר־לוֹ אֲחֻזַּת הָאָרֶץ ׃	καὶ ἐν τῷ ἐνιαυτῷ τῆς ἀφέσεως ἀποδοθήσεται ὁ ἀγρὸς τῷ ἀνθρώπῳ παρ’ οὗ κέκτηται αὐτόν, οὗ ἦν ἡ κατάσχεσις τῆς γῆς.	in iobeleo autem revertetur ad priorem dominum qui vendiderat eum et habuerat in sortem possessionis suae	In jubilo autem revertetur ad priorem dominum, qui vendiderat eum, et habuerat in sorte possessionis su.		In the year of the jubile the field shall return unto him of whom it was bought, even to him to whom the possession of the land did belong.
Lev	27	25	וְכָל־עֶרְכְּךָ יִהְיֶה בְּשֶׁקֶל הַקֹּדֶשׁ עֶשְׂרִים גֵּרָה יִהְיֶה הַשָּׁקֶל ׃ ס	καὶ πᾶσα τιμὴ ἔσται σταθμίοις ἁγίοις· εἴκοσι ὀβολοὶ ἔσται τὸ δίδραχμον.	omnis aestimatio siclo sanctuarii ponderabitur siclus viginti obolos habet	Omnis stimatio siclo sanctuarii ponderabitur. Siclus viginti obolos habet.		And all thy estimations shall be according to the shekel of the sanctuary: twenty gerahs shall be the shekel.
Lev	27	26	אַךְ־בְּכוֹר אֲשֶׁר־יְבֻכַּר לַיהוָה בִּבְהֵמָה לֹא־יַקְדִּישׁ אִישׁ אֹתוֹ אִם־שׁוֹר אִם־שֶׂה לַיהוָה הוּא ׃	Καὶ πᾶν πρωτότοκον ὃ ἂν γένηται ἐν τοῖς κτήνεσίν σου ἔσται τῷ κυρίῳ, καὶ οὐ καθαγιάσει οὐθεὶς αὐτό, ἐάν τε μόσχον ἐάν τε πρόβατον· τῷ κυρίῳ ἐστίν.	primogenita quae ad Dominum pertinent nemo sanctificare poterit et vovere sive bos sive ovis fuerit Domini sunt	Primogenita, qu ad Dominum pertinent, nemo sanctificare poterit et vovere: sive bos, sive ovis fuerit, Domini sunt.		Only the firstling of the beasts, which should be the Lord's firstling, no man shall sanctify it; whether it be ox, or sheep: it is the Lord's.
Lev	27	27	וְאִם בַּבְּהֵמָה הַטְּמֵאָה וּפָדָה בְעֶרְכֶּךָ וְיָסַף חֲמִשִׁתוֹ עָלָיו וְאִם־לֹא יִגָּאֵל וְנִמְכַּר בְּעֶרְכֶּךָ ׃	ἐὰν δὲ τῶν τετραπόδων τῶν ἀκαθάρτων , ἀλλάξει κατὰ τὴν τιμὴν αὐτοῦ καὶ προσθήσει τὸ ἐπίπεμπτον πρὸς αὐτό, καὶ ἔσται αὐτῷ. ἐὰν δὲ μὴ λυτρῶται, πραθήσεται κατὰ τὸ τίμημα αὐτοῦ.	quod si inmundum est animal redimet qui obtulit iuxta aestimationem tuam et addet quintam partem pretii si redimere noluerit vendetur alteri quantocumque a te fuerit aestimatum	Quod si immundum est animal, redimet qui obtulit, juxta stimationem tuam, et addet quintam partem pretii: si redimere noluerit, vendetur alteri quantocumque a te fuerit stimatum.		And if it be of an unclean beast, then he shall redeem it according to thine estimation, and shall add a fifth part of it thereto: or if it be not redeemed, then it shall be sold according to thy estimation.
Lev	27	28	אַךְ־כָּל־חֵרֶם אֲשֶׁר יַחֲרִם אִישׁ לַיהוָה מִכָּל־אֲשֶׁר־לוֹ מֵאָדָם וּבְהֵמָה וּמִשְּׂדֵה אֲחֻזָּתוֹ לֹא יִמָּכֵר וְלֹא יִגָּאֵל כָּל־חֵרֶם קֹדֶשׁ־קָדָשִׁים הוּא לַיהוָה ׃	Πᾶν δὲ ἀνάθεμα ὃ ἐὰν ἀναθῇ ἄνθρωπος τῷ κυρίῳ ἀπὸ πάντων ὅσα αὐτῷ ἐστιν, ἀπὸ ἀνθρώπου ἕως κτήνους, καὶ ἀπὸ ἀγροῦ κατασχέσεως αὐτοῦ, οὐκ ἀποδώσεται οὐδὲ λυτρώσεται· πᾶν όνάθεμα ἅγιον ἁγίων ἔσται τῷ κυρίῳ.	omne quod Domino consecratur sive homo fuerit sive animal sive ager non veniet nec redimi poterit quicquid semel fuerit consecratum sanctum sanctorum erit Domino	Omne quod Domino consecratur, sive homo fuerit, sive animal, sive ager, non vendetur, nec redimi poterit. Quidquid semel fuerit consecratum, Sanctum sanctorum erit Domino:		Notwithstanding no devoted thing, that a man shall devote unto the Lord of all that he hath, both of man and beast, and of the field of his possession, shall be sold or redeemed: every devoted thing is most holy unto the Lord.
Lev	27	29	כָּל־חֵרֶם אֲשֶׁר יָחֳרַם מִן־הָאָדָם לֹא יִפָּדֶה מוֹת יוּמָת ׃	καὶ πᾶν ὃ ἐὰν ἀνατεθῇ ἀπὸ τῶν ἀνθρώπων οὐ λυτρωθήσεται, ἀλλὰ θανάτω θανατωθήσεται.	et omnis consecratio quae offertur ab homine non redimetur sed morte morietur	et omnis consecratio, qu offertur ab homine, non redimetur, sed morte morietur.		None devoted, which shall be devoted of men, shall be redeemed; but shall surely be put to death.
Lev	27	30	וְכָל־מַעְשַׂר הָאָרֶץ מִזֶּרַע הָאָרֶץ מִפְּרִי הָעֵץ לַיהוָה הוּא קֹדֶשׁ לַיהוָה ׃	Πᾶσα δεκάτη τῆς γῆς, ἀπὸ τοῦ σπέρματος τῆς γῆς καὶ τοῦ καρποῦ τοῦ ξυλίνου, τῷ κυρίῳ ἐστίν· ἅγιον τῷ κυρίῳ.	omnes decimae terrae sive de frugibus sive de pomis arborum Domini sunt et illi sanctificantur	Omnes decim terr, sive de frugibus, sive de pomis arborum, Domini sunt, et illi sanctificantur.		And all the tithe of the land, whether of the seed of the land, or of the fruit of the tree, is the Lord's: it is holy unto the Lord.
Lev	27	31	וְאִם־גָּאֹל יִגְאַל אִישׁ מִמַּעַשְׂרוֹ חֲמִשִׁיתוֹ יֹסֵף עָלָיו ׃	ἐὰν δὲ λυτρῶται λύτρῳ ἄνθρωπος τὴν δεκάτην αὐτοῦ, τὸ ἐπίπεμπτον πρὸς αὐτό, καὶ ἔσται αὐτῷ.	si quis autem voluerit redimere decimas suas addet quintam partem earum	Si quis autem voluerit redimere decimas suas, addet quintam partem earum.		And if a man will at all redeem ought of his tithes, he shall add thereto the fifth part thereof.
Lev	27	32	וְכָל־מַעְשַׂר בָּקָר וָצֹאן כֹּל אֲשֶׁר־יַעֲבֹר תַּחַת הַשָּׁבֶט הָעֲשִׂירִי יִהְיֶה־קֹּדֶשׁ לַיהוָה ׃	καὶ πᾶσα δεκάτη βοῶν αἰ πᾶν ὃ ἐὰν ἔλθῃ ἐν τῷ ἀριθμῷ ὑπὸ τὴν ῥάβδον, τὸ δέκατον ἔσται ἄγιον τῷ κυρίῳ.	omnium decimarum boves et oves et caprae quae sub pastoris virga transeunt quicquid decimum venerit sanctificabitur Domino	Omnium decimarum bovis et ovis et capr, qu sub pastoris virga transeunt, quidquid decimum venerit, sanctificabitur Domino.		And concerning the tithe of the herd, or of the flock, even of whatsoever passeth under the rod, the tenth shall be holy unto the Lord.
Lev	27	33	לֹא יְבַקֵּר בֵּין־טוֹב לָרַע וְלֹא יְמִירֶנּוּ וְאִם־הָמֵר יְמִירֶנּוּ וְהָיָה־הוּא וּתְמוּרָתוֹ יִהְיֶה־קֹדֶשׁ לֹא יִגָּאֵל ׃	οὐκ ἀλλάξεις καλὸν πονηρῷ· ἐὰν δὲ ἀλλάσσων ἀλλάξῃς αὐτό, καὶ τὸ ἄλλαγμα αὐτοῦ ἔσται ἅγιον· οὐ λυτρωθήσεται.	non eligetur nec bonum nec malum nec altero commutabitur si quis mutaverit et quod mutatum est et pro quo mutatum est sanctificabitur Domino et non redimetur	Non eligetur nec bonum nec malum, nec altero commutabitur, si quis mutaverit: et quod mutatum est, et pro quo mutatum est, sanctificabitur Domino, et non redimetur.		He shall not search whether it be good or bad, neither shall he change it: and if he change it at all, then both it and the change thereof shall be holy; it shall not be redeemed.
Lev	27	34	אֵלֶּה הַמִּצְוֹת אֲשֶׁר צִוָּה יְהוָה אֶת־מֹשֶׁה אֶל־בְּנֵי יִשְׂרָאֵל בְּהַר סִינָי ׃	Αὗταί εἰσιν αἱ ἐντολαὶ ἃς ἐνετείλατο Κύριος τῷ Μωυσῇ πρὸς τοὺς υἱοὺς Ἰσραὴλ ἐν τῷ ὄρει Σεινά.	haec sunt praecepta quae mandavit Dominus Mosi ad filios Israhel in monte Sinai	Hc sunt prcepta, qu mandavit Dominus Moysi ad filios Isral in monte Sinai.		These are the commandments, which the Lord commanded Moses for the children of Israel in mount Sinai.
