book	chapter	verse	wlc	lxx	vulg	clem	tr	kjv
Luke	1	1			quoniam quidem multi conati sunt ordinare narrationem quae in nobis conpletae sunt rerum	Quoniam quidem multi conati sunt ordinare narrationem, qu in nobis complet sunt, rerum:	επειδηπερ πολλοι επεχειρησαν αναταξασθαι διηγησιν περι των πεπληροφορημενων εν ημιν πραγματων 	Forasmuch as many have taken in hand to set forth in order a declaration of those things which are most surely believed among us,
Luke	1	2			sicut tradiderunt nobis qui ab initio ipsi viderunt et ministri fuerunt sermonis	sicut tradiderunt nobis, qui ab initio ipsi viderunt, et ministri fuerunt sermonis:	καθως παρεδοσαν ημιν οι απ αρχης αυτοπται και υπηρεται γενομενοι του λογου 	Even as they delivered them unto us, which from the beginning were eyewitnesses, and ministers of the word;
Luke	1	3			visum est et mihi adsecuto a principio omnibus diligenter ex ordine tibi scribere optime Theophile	visum est et mihi, assecuto omnia a principio diligenter, ex ordine tibi scribere, optime Theophile,	εδοξεν καμοι παρηκολουθηκοτι ανωθεν πασιν ακριβως καθεξης σοι γραψαι κρατιστε θεοφιλε 	It seemed good to me also, having had perfect understanding of all things from the very first, to write unto thee in order, most excellent Theophilus,
Luke	1	4			ut cognoscas eorum verborum de quibus eruditus es veritatem	ut cognoscas eorum verborum, de quibus eruditus es, veritatem.	ινα επιγνως περι ων κατηχηθης λογων την ασφαλειαν 	That thou mightest know the certainty of those things, wherein thou hast been instructed.
Luke	1	5			fuit in diebus Herodis regis Iudaeae sacerdos quidam nomine Zaccharias de vice Abia et uxor illi de filiabus Aaron et nomen eius Elisabeth	Fuit in diebus Herodis, regis Jud, sacerdos quidam nomine Zacharias de vice Abia, et uxor illius de filiabus Aaron, et nomen ejus Elisabeth.	εγενετο εν ταις ημεραις ηρωδου του βασιλεως της ιουδαιας ιερευς τις ονοματι ζαχαριας εξ εφημεριας αβια και η γυνη αυτου εκ των θυγατερων ααρων και το ονομα αυτης ελισαβετ 	There was in the days of Herod, the king of Judaea, a certain priest named Zacharias, of the course of Abia: and his wife was of the daughters of Aaron, and her name was Elisabeth.
Luke	1	6			erant autem iusti ambo ante Deum incedentes in omnibus mandatis et iustificationibus Domini sine querella	Erant autem justi ambo ante Deum, incedentes in omnibus mandatis et justificationibus Domini sine querela.	ησαν δε δικαιοι αμφοτεροι ενωπιον του θεου πορευομενοι εν πασαις ταις εντολαις και δικαιωμασιν του κυριου αμεμπτοι 	And they were both righteous before God, walking in all the commandments and ordinances of the Lord blameless.
Luke	1	7			et non erat illis filius eo quod esset Elisabeth sterilis et ambo processissent in diebus suis	Et non erat illis filius, eo quod esset Elisabeth sterilis, et ambo processissent in diebus suis.	και ουκ ην αυτοις τεκνον καθοτι η ελισαβετ ην στειρα και αμφοτεροι προβεβηκοτες εν ταις ημεραις αυτων ησαν 	And they had no child, because that Elisabeth was barren, and they both were now well stricken in years.
Luke	1	8			factum est autem cum sacerdotio fungeretur in ordine vicis suae ante Deum	Factum est autem, cum sacerdotio fungeretur in ordine vicis su ante Deum,	εγενετο δε εν τω ιερατευειν αυτον εν τη ταξει της εφημεριας αυτου εναντι του θεου 	And it came to pass, that while he executed the priest's office before God in the order of his course,
Luke	1	9			secundum consuetudinem sacerdotii sorte exiit ut incensum poneret ingressus in templum Domini	secundum consuetudinem sacerdotii, sorte exiit ut incensum poneret, ingressus in templum Domini:	κατα το εθος της ιερατειας ελαχεν του θυμιασαι εισελθων εις τον ναον του κυριου 	According to the custom of the priest's office, his lot was to burn incense when he went into the temple of the Lord.
Luke	1	10			et omnis multitudo erat populi orans foris hora incensi	et omnis multitudo populi erat orans foris hora incensi.	και παν το πληθος του λαου ην προσευχομενον εξω τη ωρα του θυμιαματος 	And the whole multitude of the people were praying without at the time of incense.
Luke	1	11			apparuit autem illi angelus Domini stans a dextris altaris incensi	Apparuit autem illi angelus Domini, stans a dextris altaris incensi.	ωφθη δε αυτω αγγελος κυριου εστως εκ δεξιων του θυσιαστηριου του θυμιαματος 	And there appeared unto him an angel of the Lord standing on the right side of the altar of incense.
Luke	1	12			et Zaccharias turbatus est videns et timor inruit super eum	Et Zacharias turbatus est videns, et timor irruit super eum.	και εταραχθη ζαχαριας ιδων και φοβος επεπεσεν επ αυτον 	And when Zacharias saw him, he was troubled, and fear fell upon him.
Luke	1	13			ait autem ad illum angelus ne timeas Zaccharia quoniam exaudita est deprecatio tua et uxor tua Elisabeth pariet tibi filium et vocabis nomen eius Iohannem	Ait autem ad illum angelus: Ne timeas, Zacharia, quoniam exaudita est deprecatio tua: et uxor tua Elisabeth pariet tibi filium, et vocabis nomen ejus Joannem:	ειπεν δε προς αυτον ο αγγελος μη φοβου ζαχαρια διοτι εισηκουσθη η δεησις σου και η γυνη σου ελισαβετ γεννησει υιον σοι και καλεσεις το ονομα αυτου ιωαννην 	But the angel said unto him, Fear not, Zacharias: for thy prayer is heard; and thy wife Elisabeth shall bear thee a son, and thou shalt call his name John.
Luke	1	14			et erit gaudium tibi et exultatio et multi in nativitate eius gaudebunt	et erit gaudium tibi, et exsultatio, et multi in nativitate ejus gaudebunt:	και εσται χαρα σοι και αγαλλιασις και πολλοι επι τη γεννησει αυτου χαρησονται 	And thou shalt have joy and gladness; and many shall rejoice at his birth.
Luke	1	15			erit enim magnus coram Domino et vinum et sicera non bibet et Spiritu Sancto replebitur adhuc ex utero matris suae	erit enim magnus coram Domino: et vinum et siceram non bibet, et Spiritu Sancto replebitur adhuc ex utero matris su:	εσται γαρ μεγας ενωπιον του κυριου και οινον και σικερα ου μη πιη και πνευματος αγιου πλησθησεται ετι εκ κοιλιας μητρος αυτου 	For he shall be great in the sight of the Lord, and shall drink neither wine nor strong drink; and he shall be filled with the Holy Ghost, even from his mother's womb.
Luke	1	16			et multos filiorum Israhel convertet ad Dominum Deum ipsorum	et multos filiorum Isral convertet ad Dominum Deum ipsorum:	και πολλους των υιων ισραηλ επιστρεψει επι κυριον τον θεον αυτων 	And many of the children of Israel shall he turn to the Lord their God.
Luke	1	17			et ipse praecedet ante illum in spiritu et virtute Heliae ut convertat corda patrum in filios et incredibiles ad prudentiam iustorum parare Domino plebem perfectam	et ipse prcedet ante illum in spiritu et virtute Eli: ut convertat corda patrum in filios, et incredulos ad prudentiam justorum, parare Domino plebem perfectam.	και αυτος προελευσεται ενωπιον αυτου εν πνευματι και δυναμει ηλιου επιστρεψαι καρδιας πατερων επι τεκνα και απειθεις εν φρονησει δικαιων ετοιμασαι κυριω λαον κατεσκευασμενον 	And he shall go before him in the spirit and power of Elias, to turn the hearts of the fathers to the children, and the disobedient to the wisdom of the just; to make ready a people prepared for the Lord.
Luke	1	18			et dixit Zaccharias ad angelum unde hoc sciam ego enim sum senex et uxor mea processit in diebus suis	Et dixit Zacharias ad angelum: Unde hoc sciam? ego enim sum senex, et uxor mea processit in diebus suis.	και ειπεν ζαχαριας προς τον αγγελον κατα τι γνωσομαι τουτο εγω γαρ ειμι πρεσβυτης και η γυνη μου προβεβηκυια εν ταις ημεραις αυτης 	And Zacharias said unto the angel, Whereby shall I know this? for I am an old man, and my wife well stricken in years.
Luke	1	19			et respondens angelus dixit ei ego sum Gabrihel qui adsto ante Deum et missus sum loqui ad te et haec tibi evangelizare	Et respondens angelus dixit ei: Ego sum Gabriel, qui asto ante Deum: et missus sum loqui ad te, et hc tibi evangelizare.	και αποκριθεις ο αγγελος ειπεν αυτω εγω ειμι γαβριηλ ο παρεστηκως ενωπιον του θεου και απεσταλην λαλησαι προς σε και ευαγγελισασθαι σοι ταυτα 	And the angel answering said unto him, I am Gabriel, that stand in the presence of God; and am sent to speak unto thee, and to shew thee these glad tidings.
Luke	1	20			et ecce eris tacens et non poteris loqui usque in diem quo haec fiant pro eo quod non credidisti verbis meis quae implebuntur in tempore suo	Et ecce eris tacens, et non poteris loqui usque in diem quo hc fiant, pro eo quod non credidisti verbis meis, qu implebuntur in tempore suo.	και ιδου εση σιωπων και μη δυναμενος λαλησαι αχρι ης ημερας γενηται ταυτα ανθ ων ουκ επιστευσας τοις λογοις μου οιτινες πληρωθησονται εις τον καιρον αυτων 	And, behold, thou shalt be dumb, and not able to speak, until the day that these things shall be performed, because thou believest not my words, which shall be fulfilled in their season.
Luke	1	21			et erat plebs expectans Zacchariam et mirabantur quod tardaret ipse in templo	Et erat plebs exspectans Zachariam: et mirabantur quod tardaret ipse in templo.	και ην ο λαος προσδοκων τον ζαχαριαν και εθαυμαζον εν τω χρονιζειν αυτον εν τω ναω 	And the people waited for Zacharias, and marvelled that he tarried so long in the temple.
Luke	1	22			egressus autem non poterat loqui ad illos et cognoverunt quod visionem vidisset in templo et ipse erat innuens illis et permansit mutus	Egressus autem non poterat loqui ad illos, et cognoverunt quod visionem vidisset in templo. Et ipse erat innuens illis, et permansit mutus.	εξελθων δε ουκ ηδυνατο λαλησαι αυτοις και επεγνωσαν οτι οπτασιαν εωρακεν εν τω ναω και αυτος ην διανευων αυτοις και διεμενεν κωφος 	And when he came out, he could not speak unto them: and they perceived that he had seen a vision in the temple: for he beckoned unto them, and remained speechless.
Luke	1	23			et factum est ut impleti sunt dies officii eius abiit in domum suam	Et factum est, ut impleti sunt dies officii ejus, abiit in domum suam:	και εγενετο ως επλησθησαν αι ημεραι της λειτουργιας αυτου απηλθεν εις τον οικον αυτου 	And it came to pass, that, as soon as the days of his ministration were accomplished, he departed to his own house.
Luke	1	24			post hos autem dies concepit Elisabeth uxor eius et occultabat se mensibus quinque dicens	post hos autem dies concepit Elisabeth uxor ejus, et occultabat se mensibus quinque, dicens:	μετα δε ταυτας τας ημερας συνελαβεν ελισαβετ η γυνη αυτου και περιεκρυβεν εαυτην μηνας πεντε λεγουσα 	And after those days his wife Elisabeth conceived, and hid herself five months, saying,
Luke	1	25			quia sic mihi fecit Dominus in diebus quibus respexit auferre obprobrium meum inter homines	Quia sic fecit mihi Dominus in diebus, quibus respexit auferre opprobrium meum inter homines.	οτι ουτως μοι πεποιηκεν ο κυριος εν ημεραις αις επειδεν αφελειν το ονειδος μου εν ανθρωποις 	Thus hath the Lord dealt with me in the days wherein he looked on me, to take away my reproach among men.
Luke	1	26			in mense autem sexto missus est angelus Gabrihel a Deo in civitatem Galilaeae cui nomen Nazareth	In mense autem sexto, missus est angelus Gabriel a Deo in civitatem Galil, cui nomen Nazareth,	εν δε τω μηνι τω εκτω απεσταλη ο αγγελος γαβριηλ υπο του θεου εις πολιν της γαλιλαιας η ονομα ναζαρετ  ναζαρεθ  	And in the sixth month the angel Gabriel was sent from God unto a city of Galilee, named Nazareth,
Luke	1	27			ad virginem desponsatam viro cui nomen erat Ioseph de domo David et nomen virginis Maria	ad virginem desponsatam viro, cui nomen erat Joseph, de domo David: et nomen virginis Maria.	προς παρθενον μεμνηστευμενην ανδρι ω ονομα ιωσηφ εξ οικου δαβιδ και το ονομα της παρθενου μαριαμ 	To a virgin espoused to a man whose name was Joseph, of the house of David; and the virgin's name was Mary.
Luke	1	28			et ingressus angelus ad eam dixit have gratia plena Dominus tecum benedicta tu in mulieribus	Et ingressus angelus ad eam dixit: Ave gratia plena: Dominus tecum: benedicta tu in mulieribus.	και εισελθων ο αγγελος προς αυτην ειπεν χαιρε κεχαριτωμενη ο κυριος μετα σου ευλογημενη συ εν γυναιξιν 	And the angel came in unto her, and said, Hail, thou that art highly favoured, the Lord is with thee: blessed art thou among women.
Luke	1	29			quae cum vidisset turbata est in sermone eius et cogitabat qualis esset ista salutatio	Qu cum audisset, turbata est in sermone ejus, et cogitabat qualis esset ista salutatio.	η δε ιδουσα διεταραχθη επι τω λογω αυτου και διελογιζετο ποταπος ειη ο ασπασμος ουτος 	And when she saw him, she was troubled at his saying, and cast in her mind what manner of salutation this should be.
Luke	1	30			et ait angelus ei ne timeas Maria invenisti enim gratiam apud Deum	Et ait angelus ei: Ne timeas, Maria: invenisti enim gratiam apud Deum.	και ειπεν ο αγγελος αυτη μη φοβου μαριαμ ευρες γαρ χαριν παρα τω θεω 	And the angel said unto her, Fear not, Mary: for thou hast found favour with God.
Luke	1	31			ecce concipies in utero et paries filium et vocabis nomen eius Iesum	Ecce concipies in utero, et paries filium, et vocabis nomen ejus Jesum:	και ιδου συλληψη εν γαστρι και τεξη υιον και καλεσεις το ονομα αυτου ιησουν 	And, behold, thou shalt conceive in thy womb, and bring forth a son, and shalt call his name Jesus.
Luke	1	32			hic erit magnus et Filius Altissimi vocabitur et dabit illi Dominus Deus sedem David patris eius	hic erit magnus, et Filius Altissimi vocabitur, et dabit illi Dominus Deus sedem David patris ejus: et regnabit in domo Jacob in ternum,	ουτος εσται μεγας και υιος υψιστου κληθησεται και δωσει αυτω κυριος ο θεος τον θρονον δαβιδ του πατρος αυτου 	He shall be great, and shall be called the Son of the Highest: and the Lord God shall give unto him the throne of his father David:
Luke	1	33			et regnabit in domo Iacob in aeternum et regni eius non erit finis	et regni ejus non erit finis.	και βασιλευσει επι τον οικον ιακωβ εις τους αιωνας και της βασιλειας αυτου ουκ εσται τελος 	And he shall reign over the house of Jacob for ever; and of his kingdom there shall be no end.
Luke	1	34			dixit autem Maria ad angelum quomodo fiet istud quoniam virum non cognosco	Dixit autem Maria ad angelum: Quomodo fiet istud, quoniam virum non cognosco?	ειπεν δε μαριαμ προς τον αγγελον πως εσται τουτο επει ανδρα ου γινωσκω 	Then said Mary unto the angel, How shall this be, seeing I know not a man?
Luke	1	35			et respondens angelus dixit ei Spiritus Sanctus superveniet in te et virtus Altissimi obumbrabit tibi ideoque et quod nascetur sanctum vocabitur Filius Dei	Et respondens angelus dixit ei: Spiritus Sanctus superveniet in te, et virtus Altissimi obumbrabit tibi. Ideoque et quod nascetur ex te sanctum, vocabitur Filius Dei.	και αποκριθεις ο αγγελος ειπεν αυτη πνευμα αγιον επελευσεται επι σε και δυναμις υψιστου επισκιασει σοι διο και το γεννωμενον  εκ σου  αγιον κληθησεται υιος θεου 	And the angel answered and said unto her, The Holy Ghost shall come upon thee, and the power of the Highest shall overshadow thee: therefore also that holy thing which shall be born of thee shall be called the Son of God.
Luke	1	36			et ecce Elisabeth cognata tua et ipsa concepit filium in senecta sua et hic mensis est sextus illi quae vocatur sterilis	Et ecce Elisabeth cognata tua, et ipsa concepit filium in senectute sua: et hic mensis sextus est illi, qu vocatur sterilis:	και ιδου ελισαβετ η συγγενης σου και αυτη συνειληφυια υιον εν γηρα αυτης και ουτος μην εκτος εστιν αυτη τη καλουμενη στειρα 	And, behold, thy cousin Elisabeth, she hath also conceived a son in her old age: and this is the sixth month with her, who was called barren.
Luke	1	37			quia non erit inpossibile apud Deum omne verbum	quia non erit impossibile apud Deum omne verbum.	οτι ουκ αδυνατησει παρα τω θεω παν ρημα 	For with God nothing shall be impossible.
Luke	1	38			dixit autem Maria ecce ancilla Domini fiat mihi secundum verbum tuum et discessit ab illa angelus	Dixit autem Maria: Ecce ancilla Domini: fiat mihi secundum verbum tuum. Et discessit ab illa angelus.	ειπεν δε μαριαμ ιδου η δουλη κυριου γενοιτο μοι κατα το ρημα σου και απηλθεν απ αυτης ο αγγελος 	And Mary said, Behold the handmaid of the Lord; be it unto me according to thy word. And the angel departed from her.
Luke	1	39			exsurgens autem Maria in diebus illis abiit in montana cum festinatione in civitatem Iuda	Exsurgens autem Maria in diebus illis, abiit in montana cum festinatione, in civitatem Juda:	αναστασα δε μαριαμ εν ταις ημεραις ταυταις επορευθη εις την ορεινην μετα σπουδης εις πολιν ιουδα 	And Mary arose in those days, and went into the hill country with haste, into a city of Juda;
Luke	1	40			et intravit in domum Zacchariae et salutavit Elisabeth	et intravit in domum Zachari, et salutavit Elisabeth.	και εισηλθεν εις τον οικον ζαχαριου και ησπασατο την ελισαβετ 	And entered into the house of Zacharias, and saluted Elisabeth.
Luke	1	41			et factum est ut audivit salutationem Mariae Elisabeth exultavit infans in utero eius et repleta est Spiritu Sancto Elisabeth	Et factum est, ut audivit salutationem Mari Elisabeth, exsultavit infans in utero ejus: et repleta est Spiritu Sancto Elisabeth:	και εγενετο ως ηκουσεν η ελισαβετ τον ασπασμον της μαριας εσκιρτησεν το βρεφος εν τη κοιλια αυτης και επλησθη πνευματος αγιου η ελισαβετ 	And it came to pass, that, when Elisabeth heard the salutation of Mary, the babe leaped in her womb; and Elisabeth was filled with the Holy Ghost:
Luke	1	42			et exclamavit voce magna et dixit benedicta tu inter mulieres et benedictus fructus ventris tui	et exclamavit voce magna, et dixit: Benedicta tu inter mulieres, et benedictus fructus ventris tui.	και ανεφωνησεν φωνη μεγαλη και ειπεν ευλογημενη συ εν γυναιξιν και ευλογημενος ο καρπος της κοιλιας σου 	And she spake out with a loud voice, and said, Blessed art thou among women, and blessed is the fruit of thy womb.
Luke	1	43			et unde hoc mihi ut veniat mater Domini mei ad me	Et unde hoc mihi, ut veniat mater Domini mei ad me?	και ποθεν μοι τουτο ινα ελθη η μητηρ του κυριου μου προς με 	And whence is this to me, that the mother of my Lord should come to me?
Luke	1	44			ecce enim ut facta est vox salutationis tuae in auribus meis exultavit in gaudio infans in utero meo	Ecce enim ut facta est vox salutationis tu in auribus meis, exsultavit in gaudio infans in utero meo.	ιδου γαρ ως εγενετο η φωνη του ασπασμου σου εις τα ωτα μου εσκιρτησεν εν αγαλλιασει το βρεφος εν τη κοιλια μου 	For, lo, as soon as the voice of thy salutation sounded in mine ears, the babe leaped in my womb for joy.
Luke	1	45			et beata quae credidit quoniam perficientur ea quae dicta sunt ei a Domino	Et beata, qu credidisti, quoniam perficientur ea, qu dicta sunt tibi a Domino.	και μακαρια η πιστευσασα οτι εσται τελειωσις τοις λελαλημενοις αυτη παρα κυριου 	And blessed is she that believed: for there shall be a performance of those things which were told her from the Lord.
Luke	1	46			et ait Maria magnificat anima mea Dominum	Et ait Maria: [Magnificat anima mea Dominum:	και ειπεν μαριαμ μεγαλυνει η ψυχη μου τον κυριον 	And Mary said, My soul doth magnify the Lord,
Luke	1	47			et exultavit spiritus meus in Deo salutari meo	et exsultavit spiritus meus in Deo salutari meo.	και ηγαλλιασεν το πνευμα μου επι τω θεω τω σωτηρι μου 	And my spirit hath rejoiced in God my Saviour.
Luke	1	48			quia respexit humilitatem ancillae suae ecce enim ex hoc beatam me dicent omnes generationes	Quia respexit humilitatem ancill su: ecce enim ex hoc beatam me dicent omnes generationes,	οτι επεβλεψεν επι την ταπεινωσιν της δουλης αυτου ιδου γαρ απο του νυν μακαριουσιν με πασαι αι γενεαι 	For he hath regarded the low estate of his handmaiden: for, behold, from henceforth all generations shall call me blessed.
Luke	1	49			quia fecit mihi magna qui potens est et sanctum nomen eius	quia fecit mihi magna qui potens est: et sanctum nomen ejus,	οτι εποιησεν μοι μεγαλεια ο δυνατος και αγιον το ονομα αυτου 	For he that is mighty hath done to me great things; and holy is his name.
Luke	1	50			et misericordia eius in progenies et progenies timentibus eum	et misericordia ejus a progenie in progenies timentibus eum.	και το ελεος αυτου εις γενεας γενεων τοις φοβουμενοις αυτον 	And his mercy is on them that fear him from generation to generation.
Luke	1	51			fecit potentiam in brachio suo dispersit superbos mente cordis sui	Fecit potentiam in brachio suo: dispersit superbos mente cordis sui.	εποιησεν κρατος εν βραχιονι αυτου διεσκορπισεν υπερηφανους διανοια καρδιας αυτων 	He hath shewed strength with his arm; he hath scattered the proud in the imagination of their hearts.
Luke	1	52			deposuit potentes de sede et exaltavit humiles	Deposuit potentes de sede, et exaltavit humiles.	καθειλεν δυναστας απο θρονων και υψωσεν ταπεινους 	He hath put down the mighty from their seats, and exalted them of low degree.
Luke	1	53			esurientes implevit bonis et divites dimisit inanes	Esurientes implevit bonis: et divites dimisit inanes.	πεινωντας ενεπλησεν αγαθων και πλουτουντας εξαπεστειλεν κενους 	He hath filled the hungry with good things; and the rich he hath sent empty away.
Luke	1	54			suscepit Israhel puerum suum memorari misericordiae	Suscepit Isral puerum suum, recordatus misericordi su:	αντελαβετο ισραηλ παιδος αυτου μνησθηναι ελεους 	He hath helped his servant Israel, in remembrance of his mercy;
Luke	1	55			sicut locutus est ad patres nostros Abraham et semini eius in saecula	sicut locutus est ad patres nostros, Abraham et semini ejus in scula.]	καθως ελαλησεν προς τους πατερας ημων τω αβρααμ και τω σπερματι αυτου εις τον αιωνα 	As he spake to our fathers, to Abraham, and to his seed for ever.
Luke	1	56			mansit autem Maria cum illa quasi mensibus tribus et reversa est in domum suam	Mansit autem Maria cum illa quasi mensibus tribus: et reversa est in domum suam.	εμεινεν δε μαριαμ συν αυτη ωσει μηνας τρεις και υπεστρεψεν εις τον οικον αυτης 	And Mary abode with her about three months, and returned to her own house.
Luke	1	57			Elisabeth autem impletum est tempus pariendi et peperit filium	Elisabeth autem impletum est tempus pariendi, et peperit filium.	τη δε ελισαβετ επλησθη ο χρονος του τεκειν αυτην και εγεννησεν υιον 	Now Elisabeth's full time came that she should be delivered; and she brought forth a son.
Luke	1	58			et audierunt vicini et cognati eius quia magnificavit Dominus misericordiam suam cum illa et congratulabantur ei	Et audierunt vicini et cognati ejus quia magnificavit Dominus misericordiam suam cum illa, et congratulabantur ei.	και ηκουσαν οι περιοικοι και οι συγγενεις αυτης οτι εμεγαλυνεν κυριος το ελεος αυτου μετ αυτης και συνεχαιρον αυτη 	And her neighbours and her cousins heard how the Lord had shewed great mercy upon her; and they rejoiced with her.
Luke	1	59			et factum est in die octavo venerunt circumcidere puerum et vocabant eum nomine patris eius Zacchariam	Et factum est in die octavo, venerunt circumcidere puerum, et vocabant eum nomine patris sui Zachariam.	και εγενετο εν τη ογδοη ημερα ηλθον περιτεμειν το παιδιον και εκαλουν αυτο επι τω ονοματι του πατρος αυτου ζαχαριαν 	And it came to pass, that on the eighth day they came to circumcise the child; and they called him Zacharias, after the name of his father.
Luke	1	60			et respondens mater eius dixit nequaquam sed vocabitur Iohannes	Et respondens mater ejus, dixit: Nequaquam, sed vocabitur Joannes.	και αποκριθεισα η μητηρ αυτου ειπεν ουχι αλλα κληθησεται ιωαννης 	And his mother answered and said, Not so; but he shall be called John.
Luke	1	61			et dixerunt ad illam quia nemo est in cognatione tua qui vocetur hoc nomine	Et dixerunt ad illam: Quia nemo est in cognatione tua, qui vocetur hoc nomine.	και ειπον προς αυτην οτι ουδεις εστιν εν τη συγγενεια σου ος καλειται τω ονοματι τουτω 	And they said unto her, There is none of thy kindred that is called by this name.
Luke	1	62			innuebant autem patri eius quem vellet vocari eum	Innuebant autem patri ejus, quem vellet vocari eum.	ενενευον δε τω πατρι αυτου το τι αν θελοι καλεισθαι αυτον 	And they made signs to his father, how he would have him called.
Luke	1	63			et postulans pugillarem scripsit dicens Iohannes est nomen eius et mirati sunt universi	Et postulans pugillarem scripsit, dicens: Joannes est nomen ejus. Et mirati sunt universi.	και αιτησας πινακιδιον εγραψεν λεγων ιωαννης εστιν το ονομα αυτου και εθαυμασαν παντες 	And he asked for a writing table, and wrote, saying, His name is John. And they marvelled all.
Luke	1	64			apertum est autem ilico os eius et lingua eius et loquebatur benedicens Deum	Apertum est autem illico os ejus, et lingua ejus, et loquebatur benedicens Deum.	ανεωχθη δε το στομα αυτου παραχρημα και η γλωσσα αυτου και ελαλει ευλογων τον θεον 	And his mouth was opened immediately, and his tongue loosed, and he spake, and praised God.
Luke	1	65			et factus est timor super omnes vicinos eorum et super omnia montana Iudaeae divulgabantur omnia verba haec	Et factus est timor super omnes vicinos eorum: et super omnia montana Jud divulgabantur omnia verba hc:	και εγενετο επι παντας φοβος τους περιοικουντας αυτους και εν ολη τη ορεινη της ιουδαιας διελαλειτο παντα τα ρηματα ταυτα 	And fear came on all that dwelt round about them: and all these sayings were noised abroad throughout all the hill country of Judaea.
Luke	1	66			et posuerunt omnes qui audierant in corde suo dicentes quid putas puer iste erit etenim manus Domini erat cum illo	et posuerunt omnes qui audierant in corde suo, dicentes: Quis, putas, puer iste erit? etenim manus Domini erat cum illo.	και εθεντο παντες οι ακουσαντες εν τη καρδια αυτων λεγοντες τι αρα το παιδιον τουτο εσται και χειρ κυριου ην μετ αυτου 	And all they that heard them laid them up in their hearts, saying, What manner of child shall this be! And the hand of the Lord was with him.
Luke	1	67			et Zaccharias pater eius impletus est Spiritu Sancto et prophetavit dicens	Et Zacharias pater ejus repletus est Spiritu Sancto: et prophetavit, dicens:	και ζαχαριας ο πατηρ αυτου επλησθη πνευματος αγιου και προεφητευσεν λεγων 	And his father Zacharias was filled with the Holy Ghost, and prophesied, saying,
Luke	1	68			benedictus Deus Israhel quia visitavit et fecit redemptionem plebi suae	[Benedictus Dominus Deus Isral, quia visitavit, et fecit redemptionem plebis su:	ευλογητος κυριος ο θεος του ισραηλ οτι επεσκεψατο και εποιησεν λυτρωσιν τω λαω αυτου 	Blessed be the Lord God of Israel; for he hath visited and redeemed his people,
Luke	1	69			et erexit cornu salutis nobis in domo David pueri sui	et erexit cornu salutis nobis in domo David pueri sui,	και ηγειρεν κερας σωτηριας ημιν εν τω οικω δαβιδ του παιδος αυτου 	And hath raised up an horn of salvation for us in the house of his servant David;
Luke	1	70			sicut locutus est per os sanctorum qui a saeculo sunt prophetarum eius	sicut locutum est per os sanctorum, qui a sculo sunt, prophetarum ejus:	καθως ελαλησεν δια στοματος των αγιων των απ αιωνος προφητων αυτου 	As he spake by the mouth of his holy prophets, which have been since the world began:
Luke	1	71			salutem ex inimicis nostris et de manu omnium qui oderunt nos	salutem ex inimicis nostris, et de manu omnium qui oderunt nos:	σωτηριαν εξ εχθρων ημων και εκ χειρος παντων των μισουντων ημας 	That we should be saved from our enemies, and from the hand of all that hate us;
Luke	1	72			ad faciendam misericordiam cum patribus nostris et memorari testamenti sui sancti	ad faciendam misericordiam cum patribus nostris: et memorari testamenti sui sancti:	ποιησαι ελεος μετα των πατερων ημων και μνησθηναι διαθηκης αγιας αυτου 	To perform the mercy promised to our fathers, and to remember his holy covenant;
Luke	1	73			iusiurandum quod iuravit ad Abraham patrem nostrum	jusjurandum, quod juravit ad Abraham patrem nostrum, daturum se nobis	ορκον ον ωμοσεν προς αβρααμ τον πατερα ημων 	The oath which he sware to our father Abraham,
Luke	1	74			daturum se nobis ut sine timore de manu inimicorum nostrorum liberati serviamus illi	ut sine timore, de manu inimicorum nostrorum liberati, serviamus illi	του δουναι ημιν (1:74) αφοβως εκ χειρος των εχθρων ημων ρυσθεντας λατρευειν αυτω 	That he would grant unto us, that we being delivered out of the hand of our enemies might serve him without fear,
Luke	1	75			in sanctitate et iustitia coram ipso omnibus diebus nostris	in sanctitate et justitia coram ipso, omnibus diebus nostris.	εν οσιοτητι και δικαιοσυνη ενωπιον αυτου πασας τας ημερας της ζωης ημων 	In holiness and righteousness before him, all the days of our life.
Luke	1	76			et tu puer propheta Altissimi vocaberis praeibis enim ante faciem Domini parare vias eius	Et tu puer, propheta Altissimi vocaberis: pribis enim ante faciem Domini parare vias ejus,	και συ παιδιον προφητης υψιστου κληθηση προπορευση γαρ προ προσωπου κυριου ετοιμασαι οδους αυτου 	And thou, child, shalt be called the prophet of the Highest: for thou shalt go before the face of the Lord to prepare his ways;
Luke	1	77			ad dandam scientiam salutis plebi eius in remissionem peccatorum eorum	ad dandam scientiam salutis plebi ejus in remissionem peccatorum eorum	του δουναι γνωσιν σωτηριας τω λαω αυτου εν αφεσει αμαρτιων αυτων 	To give knowledge of salvation unto his people by the remission of their sins,
Luke	1	78			per viscera misericordiae Dei nostri in quibus visitavit nos oriens ex alto	per viscera misericordi Dei nostri, in quibus visitavit nos, oriens ex alto:	δια σπλαγχνα ελεους θεου ημων εν οις επεσκεψατο ημας ανατολη εξ υψους 	Through the tender mercy of our God; whereby the dayspring from on high hath visited us,
Luke	1	79			inluminare his qui in tenebris et in umbra mortis sedent ad dirigendos pedes nostros in viam pacis	illuminare his qui in tenebris et in umbra mortis sedent: ad dirigendos pedes nostros in viam pacis.]	επιφαναι τοις εν σκοτει και σκια θανατου καθημενοις του κατευθυναι τους ποδας ημων εις οδον ειρηνης 	To give light to them that sit in darkness and in the shadow of death, to guide our feet into the way of peace.
Luke	1	80			puer autem crescebat et confortabatur spiritu et erat in deserto usque in diem ostensionis suae ad Israhel	Puer autem crescebat, et confortabatur spiritu: et erat in desertis usque in diem ostensionis su ad Isral.	το δε παιδιον ηυξανεν και εκραταιουτο πνευματι και ην εν ταις ερημοις εως ημερας αναδειξεως αυτου προς τον ισραηλ   	And the child grew, and waxed strong in spirit, and was in the deserts till the day of his shewing unto Israel.
Luke	2	1			factum est autem in diebus illis exiit edictum a Caesare Augusto ut describeretur universus orbis	Factum est autem in diebus illis, exiit edictum a Csare Augusto ut describeretur universus orbis.	εγενετο δε εν ταις ημεραις εκειναις εξηλθεν δογμα παρα καισαρος αυγουστου απογραφεσθαι πασαν την οικουμενην 	And it came to pass in those days, that there went out a decree from Caesar Augustus that all the world should be taxed.
Luke	2	2			haec descriptio prima facta est praeside Syriae Cyrino	Hc descriptio prima facta est a prside Syri Cyrino:	αυτη η απογραφη πρωτη εγενετο ηγεμονευοντος της συριας κυρηνιου 	(And this taxing was first made when Cyrenius was governor of Syria.)
Luke	2	3			et ibant omnes ut profiterentur singuli in suam civitatem	et ibant omnes ut profiterentur singuli in suam civitatem.	και επορευοντο παντες απογραφεσθαι εκαστος εις την ιδιαν πολιν 	And all went to be taxed, every one into his own city.
Luke	2	4			ascendit autem et Ioseph a Galilaea de civitate Nazareth in Iudaeam civitatem David quae vocatur Bethleem eo quod esset de domo et familia David	Ascendit autem et Joseph a Galila de civitate Nazareth in Judam, in civitatem David, qu vocatur Bethlehem: eo quod esset de domo et familia David,	ανεβη δε και ιωσηφ απο της γαλιλαιας εκ πολεως ναζαρετ  ναζαρεθ  εις την ιουδαιαν εις πολιν δαβιδ ητις καλειται 2564 βηθλεεμ δια το ειναι αυτον εξ οικου και πατριας δαβιδ 	And Joseph also went up from Galilee, out of the city of Nazareth, into Judaea, unto the city of David, which is called Bethlehem; (because he was of the house and lineage of David:)
Luke	2	5			ut profiteretur cum Maria desponsata sibi uxore praegnate	ut profiteretur cum Maria desponsata sibi uxore prgnante.	απογραψασθαι συν μαριαμ τη μεμνηστευμενη αυτω γυναικι ουση εγκυω 	To be taxed with Mary his espoused wife, being great with child.
Luke	2	6			factum est autem cum essent ibi impleti sunt dies ut pareret	Factum est autem, cum essent ibi, impleti sunt dies ut pareret.	εγενετο δε εν τω ειναι αυτους εκει επλησθησαν αι ημεραι του τεκειν αυτην 	And so it was, that, while they were there, the days were accomplished that she should be delivered.
Luke	2	7			et peperit filium suum primogenitum et pannis eum involvit et reclinavit eum in praesepio quia non erat eis locus in diversorio	Et peperit filium suum primogenitum, et pannis eum involvit, et reclinavit eum in prsepio: quia non erat eis locus in diversorio.	και ετεκεν τον υιον αυτης τον πρωτοτοκον και εσπαργανωσεν αυτον και ανεκλινεν αυτον εν τη φατνη διοτι ουκ ην αυτοις τοπος εν τω καταλυματι 	And she brought forth her firstborn son, and wrapped him in swaddling clothes, and laid him in a manger; because there was no room for them in the inn.
Luke	2	8			et pastores erant in regione eadem vigilantes et custodientes vigilias noctis supra gregem suum	Et pastores erant in regione eadem vigilantes, et custodientes vigilias noctis super gregem suum.	και ποιμενες ησαν εν τη χωρα τη αυτη αγραυλουντες και φυλασσοντες φυλακας της νυκτος επι την ποιμνην αυτων 	And there were in the same country shepherds abiding in the field, keeping watch over their flock by night.
Luke	2	9			et ecce angelus Domini stetit iuxta illos et claritas Dei circumfulsit illos et timuerunt timore magno	Et ecce angelus Domini stetit juxta illos, et claritas Dei circumfulsit illos, et timuerunt timore magno.	και ιδου αγγελος κυριου επεστη αυτοις και δοξα κυριου περιελαμψεν αυτους και εφοβηθησαν φοβον μεγαν 	And, lo, the angel of the Lord came upon them, and the glory of the Lord shone round about them: and they were sore afraid.
Luke	2	10			et dixit illis angelus nolite timere ecce enim evangelizo vobis gaudium magnum quod erit omni populo	Et dixit illis angelus: Nolite timere: ecce enim evangelizo vobis gaudium magnum, quod erit omni populo:	και ειπεν αυτοις ο αγγελος μη φοβεισθε ιδου γαρ ευαγγελιζομαι υμιν χαραν μεγαλην ητις εσται παντι τω λαω 	And the angel said unto them, Fear not: for, behold, I bring you good tidings of great joy, which shall be to all people.
Luke	2	11			quia natus est vobis hodie salvator qui est Christus Dominus in civitate David	quia natus est vobis hodie Salvator, qui est Christus Dominus, in civitate David.	οτι ετεχθη υμιν σημερον σωτηρ ος εστιν χριστος κυριος εν πολει δαβιδ 	For unto you is born this day in the city of David a Saviour, which is Christ the Lord.
Luke	2	12			et hoc vobis signum invenietis infantem pannis involutum et positum in praesepio	Et hoc vobis signum: invenietis infantem pannis involutum, et positum in prsepio.	και τουτο υμιν το σημειον ευρησετε βρεφος εσπαργανωμενον κειμενον εν τη φατνη 	And this shall be a sign unto you; Ye shall find the babe wrapped in swaddling clothes, lying in a manger.
Luke	2	13			et subito facta est cum angelo multitudo militiae caelestis laudantium Deum et dicentium	Et subito facta est cum angelo multitudo militi clestis laudantium Deum, et dicentium:	και εξαιφνης εγενετο συν τω αγγελω πληθος στρατιας ουρανιου αινουντων τον θεον και λεγοντων 	And suddenly there was with the angel a multitude of the heavenly host praising God, and saying,
Luke	2	14			gloria in altissimis Deo et in terra pax in hominibus bonae voluntatis	[Gloria in altissimis Deo, et in terra pax hominibus bon voluntatis.]	δοξα εν υψιστοις θεω και επι γης ειρηνη εν ανθρωποις ευδοκια 	Glory to God in the highest, and on earth peace, good will toward men.
Luke	2	15			et factum est ut discesserunt ab eis angeli in caelum pastores loquebantur ad invicem transeamus usque Bethleem et videamus hoc verbum quod factum est quod fecit Dominus et ostendit nobis	Et factum est, ut discesserunt ab eis angeli in clum: pastores loquebantur ad invicem: Transeamus usque Bethlehem, et videamus hoc verbum, quod factum est, quod Dominus ostendit nobis.	και εγενετο ως απηλθον απ αυτων εις τον ουρανον οι αγγελοι και οι ανθρωποι οι ποιμενες ειπον προς αλληλους διελθωμεν δη εως βηθλεεμ και ιδωμεν το ρημα τουτο το γεγονος ο ο κυριος εγνωρισεν ημιν 	And it came to pass, as the angels were gone away from them into heaven, the shepherds said one to another, Let us now go even unto Bethlehem, and see this thing which is come to pass, which the Lord hath made known unto us.
Luke	2	16			et venerunt festinantes et invenerunt Mariam et Ioseph et infantem positum in praesepio	Et venerunt festinantes: et invenerunt Mariam, et Joseph, et infantem positum in prsepio.	και ηλθον σπευσαντες και ανευρον την τε μαριαμ και τον ιωσηφ και το βρεφος κειμενον εν τη φατνη 	And they came with haste, and found Mary, and Joseph, and the babe lying in a manger.
Luke	2	17			videntes autem cognoverunt de verbo quod dictum erat illis de puero hoc	Videntes autem cognoverunt de verbo, quod dictum erat illis de puero hoc.	ιδοντες δε διεγνωρισαν περι του ρηματος του λαληθεντος αυτοις περι του παιδιου τουτου 	And when they had seen it, they made known abroad the saying which was told them concerning this child.
Luke	2	18			et omnes qui audierunt mirati sunt et de his quae dicta erant a pastoribus ad ipsos	Et omnes qui audierunt, mirati sunt: et de his qu dicta erant a pastoribus ad ipsos.	και παντες οι ακουσαντες εθαυμασαν περι των λαληθεντων υπο των ποιμενων προς αυτους 	And all they that heard it wondered at those things which were told them by the shepherds.
Luke	2	19			Maria autem conservabat omnia verba haec conferens in corde suo	Maria autem conservabat omnia verba hc, conferens in corde suo.	η δε μαριαμ παντα συνετηρει τα ρηματα ταυτα συμβαλλουσα εν τη καρδια αυτης 	But Mary kept all these things, and pondered them in her heart.
Luke	2	20			et reversi sunt pastores glorificantes et laudantes Deum in omnibus quae audierant et viderant sicut dictum est ad illos	Et reversi sunt pastores glorificantes et laudantes Deum in omnibus qu audierant et viderant, sicut dictum est ad illos.	και επεστρεψαν οι ποιμενες δοξαζοντες και αινουντες τον θεον επι πασιν οις ηκουσαν και ειδον καθως ελαληθη προς αυτους 	And the shepherds returned, glorifying and praising God for all the things that they had heard and seen, as it was told unto them.
Luke	2	21			et postquam consummati sunt dies octo ut circumcideretur vocatum est nomen eius Iesus quod vocatum est ab angelo priusquam in utero conciperetur	Et postquam consummati sunt dies octo, ut circumcideretur puer, vocatum est nomen ejus Jesus, quod vocatum est ab angelo priusquam in utero conciperetur.	και οτε επλησθησαν ημεραι οκτω του περιτεμειν το παιδιον και εκληθη το ονομα αυτου ιησους το κληθεν υπο του αγγελου προ του συλληφθηναι αυτον εν τη κοιλια 	And when eight days were accomplished for the circumcising of the child, his name was called Jesus, which was so named of the angel before he was conceived in the womb.
Luke	2	22			et postquam impleti sunt dies purgationis eius secundum legem Mosi tulerunt illum in Hierusalem ut sisterent eum Domino	Et postquam impleti sunt dies purgationis ejus secundum legem Moysi, tulerunt illum in Jerusalem, ut sisterent eum Domino,	και οτε επλησθησαν αι ημεραι του καθαρισμου αυτων  αυτης  κατα τον νομον μωσεως ανηγαγον αυτον εις ιεροσολυμα παραστησαι τω κυριω 	And when the days of her purification according to the law of Moses were accomplished, they brought him to Jerusalem, to present him to the Lord;
Luke	2	23			sicut scriptum est in lege Domini quia omne masculinum adaperiens vulvam sanctum Domino vocabitur	sicut scriptum est in lege Domini: Quia omne masculinum adaperiens vulvam, sanctum Domino vocabitur:	καθως γεγραπται εν νομω κυριου οτι παν αρσεν διανοιγον μητραν αγιον τω κυριω κληθησεται 	(As it is written in the law of the Lord, Every male that openeth the womb shall be called holy to the Lord;)
Luke	2	24			et ut darent hostiam secundum quod dictum est in lege Domini par turturum aut duos pullos columbarum	et ut darent hostiam secundum quod dictum est in lege Domini, par turturum, aut duos pullos columbarum.	και του δουναι θυσιαν κατα το ειρημενον εν νομω κυριου ζευγος τρυγονων η δυο νεοσσους περιστερων 	And to offer a sacrifice according to that which is said in the law of the Lord, A pair of turtledoves, or two young pigeons.
Luke	2	25			et ecce homo erat in Hierusalem cui nomen Symeon et homo iste iustus et timoratus expectans consolationem Israhel et Spiritus Sanctus erat in eo	Et ecce homo erat in Jerusalem, cui nomen Simeon, et homo iste justus, et timoratus, exspectans consolationem Isral: et Spiritus Sanctus erat in eo.	και ιδου ην ανθρωπος εν ιερουσαλημ ω ονομα συμεων  σιμεων  και ο ανθρωπος ουτος δικαιος και ευλαβης προσδεχομενος παρακλησιν του ισραηλ και πνευμα αγιον ην επ αυτον 	And, behold, there was a man in Jerusalem, whose name was Simeon; and the same man was just and devout, waiting for the consolation of Israel: and the Holy Ghost was upon him.
Luke	2	26			et responsum acceperat ab Spiritu Sancto non visurum se mortem nisi prius videret Christum Domini	Et responsum acceperat a Spiritu Sancto, non visurum se mortem, nisi prius videret Christum Domini.	και ην αυτω κεχρηματισμενον υπο του πνευματος του αγιου μη ιδειν θανατον πριν η ιδη τον χριστον κυριου 	And it was revealed unto him by the Holy Ghost, that he should not see death, before he had seen the Lord's Christ.
Luke	2	27			et venit in Spiritu in templum et cum inducerent puerum Iesum parentes eius ut facerent secundum consuetudinem legis pro eo	Et venit in spiritu in templum. Et cum inducerent puerum Jesum parentes ejus, ut facerent secundum consuetudinem legis pro eo,	και ηλθεν εν τω πνευματι εις το ιερον και εν τω εισαγαγειν τους γονεις το παιδιον ιησουν του ποιησαι αυτους κατα το ειθισμενον του νομου περι αυτου 	And he came by the Spirit into the temple: and when the parents brought in the child Jesus, to do for him after the custom of the law,
Luke	2	28			et ipse accepit eum in ulnas suas et benedixit Deum et dixit	et ipse accepit eum in ulnas suas: et benedixit Deum, et dixit:	και αυτος εδεξατο αυτο εις τας αγκαλας αυτου και ευλογησεν τον θεον και ειπεν 	Then took he him up in his arms, and blessed God, and said,
Luke	2	29			nunc dimittis servum tuum Domine secundum verbum tuum in pace	[Nunc dimittis servum tuum Domine, secundum verbum tuum in pace:	νυν απολυεις τον δουλον σου δεσποτα κατα το ρημα σου εν ειρηνη 	Lord, now lettest thou thy servant depart in peace, according to thy word:
Luke	2	30			quia viderunt oculi mei salutare tuum	quia viderunt oculi mei salutare tuum,	οτι ειδον οι οφθαλμοι μου το σωτηριον σου 	For mine eyes have seen thy salvation,
Luke	2	31			quod parasti ante faciem omnium populorum	quod parasti ante faciem omnium populorum:	ο ητοιμασας κατα προσωπον παντων των λαων 	Which thou hast prepared before the face of all people;
Luke	2	32			lumen ad revelationem gentium et gloriam plebis tuae Israhel	lumen ad revelationem gentium, et gloriam plebis tu Isral.]	φως εις αποκαλυψιν εθνων και δοξαν λαου σου ισραηλ 	A light to lighten the Gentiles, and the glory of thy people Israel.
Luke	2	33			et erat pater eius et mater mirantes super his quae dicebantur de illo	Et erat pater ejus et mater mirantes super his qu dicebantur de illo.	και ην ιωσηφ και η μητηρ αυτου θαυμαζοντες επι τοις λαλουμενοις περι αυτου 	And Joseph and his mother marvelled at those things which were spoken of him.
Luke	2	34			et benedixit illis Symeon et dixit ad Mariam matrem eius ecce positus est hic in ruinam et resurrectionem multorum in Israhel et in signum cui contradicetur	Et benedixit illis Simeon, et dixit ad Mariam matrem ejus: Ecce positus est hic in ruinam et in resurrectionem multorum in Isral, et in signum cui contradicetur:	και ευλογησεν αυτους συμεων  σιμεων  και ειπεν προς μαριαμ την μητερα αυτου ιδου ουτος κειται εις πτωσιν και αναστασιν πολλων εν τω ισραηλ και εις σημειον αντιλεγομενον 	And Simeon blessed them, and said unto Mary his mother, Behold, this child is set for the fall and rising again of many in Israel; and for a sign which shall be spoken against;
Luke	2	35			et tuam ipsius animam pertransiet gladius ut revelentur ex multis cordibus cogitationes	et tuam ipsius animam pertransibit gladius ut revelentur ex multis cordibus cogitationes.	και σου δε αυτης την ψυχην διελευσεται ρομφαια οπως αν αποκαλυφθωσιν εκ πολλων καρδιων διαλογισμοι 	(Yea, a sword shall pierce through thy own soul also,) that the thoughts of many hearts may be revealed.
Luke	2	36			et erat Anna prophetissa filia Phanuhel de tribu Aser haec processerat in diebus multis et vixerat cum viro suo annis septem a virginitate sua	Et erat Anna prophetissa, filia Phanuel, de tribu Aser: hc processerat in diebus multis, et vixerat cum viro suo annis septem a virginitate sua.	και ην αννα προφητις θυγατηρ φανουηλ εκ φυλης ασηρ αυτη προβεβηκυια εν ημεραις πολλαις ζησασα ετη μετα ανδρος επτα απο της παρθενιας αυτης 	And there was one Anna, a prophetess, the daughter of Phanuel, of the tribe of Aser: she was of a great age, and had lived with an husband seven years from her virginity;
Luke	2	37			et haec vidua usque ad annos octoginta quattuor quae non discedebat de templo ieiuniis et obsecrationibus serviens nocte ac die	Et hc vidua usque ad annos octoginta quatuor: qu non discedebat de templo, jejuniis et obsecrationibus serviens nocte ac die.	και αυτη χηρα ως ετων ογδοηκοντατεσσαρων η ουκ αφιστατο απο του ιερου νηστειαις και δεησεσιν λατρευουσα νυκτα και ημεραν 	And she was a widow of about fourscore and four years, which departed not from the temple, but served God with fastings and prayers night and day.
Luke	2	38			et haec ipsa hora superveniens confitebatur Domino et loquebatur de illo omnibus qui expectabant redemptionem Hierusalem	Et hc, ipsa hora superveniens, confitebatur Domino: et loquebatur de illo omnibus, qui exspectabant redemptionem Isral.	και αυτη αυτη τη ωρα επιστασα ανθωμολογειτο τω κυριω και ελαλει περι αυτου πασιν τοις προσδεχομενοις λυτρωσιν εν ιερουσαλημ 	And she coming in that instant gave thanks likewise unto the Lord, and spake of him to all them that looked for redemption in Jerusalem.
Luke	2	39			et ut perfecerunt omnia secundum legem Domini reversi sunt in Galilaeam in civitatem suam Nazareth	Et ut perfecerunt omnia secundum legem Domini, reversi sunt in Galilam in civitatem suam Nazareth.	και ως ετελεσαν απαντα τα κατα τον νομον κυριου υπεστρεψαν εις την γαλιλαιαν εις την πολιν αυτων ναζαρετ  ναζαρεθ  	And when they had performed all things according to the law of the Lord, they returned into Galilee, to their own city Nazareth.
Luke	2	40			puer autem crescebat et confortabatur plenus sapientia et gratia Dei erat in illo	Puer autem crescebat, et confortabatur plenus sapientia: et gratia Dei erat in illo.	το δε παιδιον ηυξανεν και εκραταιουτο πνευματι πληρουμενον σοφιας και χαρις θεου ην επ αυτο 	And the child grew, and waxed strong in spirit, filled with wisdom: and the grace of God was upon him.
Luke	2	41			et ibant parentes eius per omnes annos in Hierusalem in die sollemni paschae	Et ibant parentes ejus per omnes annos in Jerusalem, in die solemni Pasch.	και επορευοντο οι γονεις αυτου κατ ετος εις ιερουσαλημ τη εορτη του πασχα 	Now his parents went to Jerusalem every year at the feast of the passover.
Luke	2	42			et cum factus esset annorum duodecim ascendentibus illis in Hierosolymam secundum consuetudinem diei festi	Et cum factus esset annorum duodecim, ascendentibus illis Jerosolymam secundum consuetudinem diei festi,	και οτε εγενετο ετων δωδεκα αναβαντων αυτων εις ιεροσολυμα κατα το εθος της εορτης 	And when he was twelve years old, they went up to Jerusalem after the custom of the feast.
Luke	2	43			consummatisque diebus cum redirent remansit puer Iesus in Hierusalem et non cognoverunt parentes eius	consummatisque diebus, cum redirent, remansit puer Jesus in Jerusalem, et non cognoverunt parentes ejus.	και τελειωσαντων τας ημερας εν τω υποστρεφειν αυτους υπεμεινεν ιησους ο παις εν ιερουσαλημ και ουκ εγνω ιωσηφ και η μητηρ αυτου 	And when they had fulfilled the days, as they returned, the child Jesus tarried behind in Jerusalem; and Joseph and his mother knew not of it.
Luke	2	44			existimantes autem illum esse in comitatu venerunt iter diei et requirebant eum inter cognatos et notos	Existimantes autem illum esse in comitatu, venerunt iter diei, et requirebant eum inter cognatos et notos.	νομισαντες δε αυτον εν τη συνοδια ειναι ηλθον ημερας οδον και ανεζητουν αυτον εν τοις συγγενεσιν και εν τοις γνωστοις 	But they, supposing him to have been in the company, went a day's journey; and they sought him among their kinsfolk and acquaintance.
Luke	2	45			et non invenientes regressi sunt in Hierusalem requirentes eum	Et non invenientes, regressi sunt in Jerusalem, requirentes eum.	και μη ευροντες αυτον υπεστρεψαν εις ιερουσαλημ ζητουντες αυτον 	And when they found him not, they turned back again to Jerusalem, seeking him.
Luke	2	46			et factum est post triduum invenerunt illum in templo sedentem in medio doctorum audientem illos et interrogantem	Et factum est, post triduum invenerunt illum in templo sedentem in medio doctorum, audientem illos, et interrogantem eos.	και εγενετο μεθ ημερας τρεις ευρον αυτον εν τω ιερω καθεζομενον εν μεσω των διδασκαλων και ακουοντα αυτων και επερωτωντα αυτους 	And it came to pass, that after three days they found him in the temple, sitting in the midst of the doctors, both hearing them, and asking them questions.
Luke	2	47			stupebant autem omnes qui eum audiebant super prudentia et responsis eius	Stupebant autem omnes qui eum audiebant, super prudentia et responsis ejus.	εξισταντο δε παντες οι ακουοντες αυτου επι τη συνεσει και ταις αποκρισεσιν αυτου 	And all that heard him were astonished at his understanding and answers.
Luke	2	48			et videntes admirati sunt et dixit mater eius ad illum fili quid fecisti nobis sic ecce pater tuus et ego dolentes quaerebamus te	Et videntes admirati sunt. Et dixit mater ejus ad illum: Fili, quid fecisti nobis sic? ecce pater tuus et ego dolentes qurebamus te.	και ιδοντες αυτον εξεπλαγησαν και προς αυτον η μητηρ αυτου ειπεν τεκνον τι εποιησας ημιν ουτως ιδου ο πατηρ σου καγω οδυνωμενοι εζητουμεν σε 	And when they saw him, they were amazed: and his mother said unto him, Son, why hast thou thus dealt with us? behold, thy father and I have sought thee sorrowing.
Luke	2	49			et ait ad illos quid est quod me quaerebatis nesciebatis quia in his quae Patris mei sunt oportet me esse	Et ait ad illos: Quid est quod me qurebatis? nesciebatis quia in his qu Patris mei sunt, oportet me esse?	και ειπεν προς αυτους τι οτι εζητειτε με ουκ ηδειτε οτι εν τοις του πατρος μου δει ειναι με 	And he said unto them, How is it that ye sought me? wist ye not that I must be about my Father's business?
Luke	2	50			et ipsi non intellexerunt verbum quod locutus est ad illos	Et ipsi non intellexerunt verbum quod locutus est ad eos.	και αυτοι ου συνηκαν το ρημα ο ελαλησεν αυτοις 	And they understood not the saying which he spake unto them.
Luke	2	51			et descendit cum eis et venit Nazareth et erat subditus illis et mater eius conservabat omnia verba haec in corde suo	Et descendit cum eis, et venit Nazareth: et erat subditus illis. Et mater ejus conservabat omnia verba hc in corde suo.	και κατεβη μετ αυτων και ηλθεν εις ναζαρετ  ναζαρεθ  και ην υποτασσομενος αυτοις και η μητηρ αυτου διετηρει παντα τα ρηματα ταυτα εν τη καρδια αυτης 	And he went down with them, and came to Nazareth, and was subject unto them: but his mother kept all these sayings in her heart.
Luke	2	52			et Iesus proficiebat sapientia aetate et gratia apud Deum et homines	Et Jesus proficiebat sapientia, et tate, et gratia apud Deum et homines.	και ιησους προεκοπτεν σοφια και ηλικια και χαριτι παρα θεω και ανθρωποις   	And Jesus increased in wisdom and stature, and in favour with God and man.
Luke	3	1			anno autem quintodecimo imperii Tiberii Caesaris procurante Pontio Pilato Iudaeam tetrarcha autem Galilaeae Herode Philippo autem fratre eius tetrarcha Itureae et Trachonitidis regionis et Lysania Abilinae tetrarcha	Anno autem quintodecimo imperii Tiberii Csaris, procurante Pontio Pilato Judam, tetrarcha autem Gali Herode, Philippo autem fratre ejus tetrarcha Itur, et Trachonitidis regionis, et Lysania Abilin tetrarcha,	εν ετει δε πεντεκαιδεκατω της ηγεμονιας τιβεριου καισαρος ηγεμονευοντος ποντιου πιλατου της ιουδαιας και τετραρχουντος της γαλιλαιας ηρωδου φιλιππου δε του αδελφου αυτου τετραρχουντος της ιτουραιας και τραχωνιτιδος χωρας και λυσανιου της αβιληνης τετραρχουντος 	Now in the fifteenth year of the reign of Tiberius Caesar, Pontius Pilate being governor of Judaea, and Herod being tetrarch of Galilee, and his brother Philip tetrarch of Ituraea and of the region of Trachonitis, and Lysanias the tetrarch of Abilene,
Luke	3	2			sub principibus sacerdotum Anna et Caiapha factum est verbum Dei super Iohannem Zacchariae filium in deserto	sub principibus sacerdotum Anna et Caipha: factum est verbum Domini super Joannem, Zachari filium, in deserto.	επ αρχιερεων αννα και καιαφα εγενετο ρημα θεου επι ιωαννην τον του ζαχαριου υιον εν τη ερημω 	Annas and Caiaphas being the high priests, the word of God came unto John the son of Zacharias in the wilderness.
Luke	3	3			et venit in omnem regionem Iordanis praedicans baptismum paenitentiae in remissionem peccatorum	Et venit in omnem regionem Jordanis, prdicans baptismum pnitenti in remissionem peccatorum,	και ηλθεν εις πασαν την περιχωρον του ιορδανου κηρυσσων βαπτισμα μετανοιας εις αφεσιν αμαρτιων 	And he came into all the country about Jordan, preaching the baptism of repentance for the remission of sins;
Luke	3	4			sicut scriptum est in libro sermonum Esaiae prophetae vox clamantis in deserto parate viam Domini rectas facite semitas eius	sicut scriptum est in libro sermonum Isai prophet: [Vox clamantis in deserto: Parate viam Domini; rectas facite semitas ejus:	ως γεγραπται εν βιβλω λογων ησαιου του προφητου λεγοντος φωνη βοωντος εν τη ερημω ετοιμασατε την οδον κυριου ευθειας ποιειτε τας τριβους αυτου 	As it is written in the book of the words of Esaias the prophet, saying, The voice of one crying in the wilderness, Prepare ye the way of the Lord, make his paths straight.
Luke	3	5			omnis vallis implebitur et omnis mons et collis humiliabitur et erunt prava in directa et aspera in vias planas	omnis vallis implebitur, et omnis mons, et collis humiliabitur: et erunt prava in directa, et aspera in vias planas:	πασα φαραγξ πληρωθησεται και παν ορος και βουνος ταπεινωθησεται και εσται τα σκολια εις ευθειαν και αι τραχειαι εις οδους λειας 	Every valley shall be filled, and every mountain and hill shall be brought low; and the crooked shall be made straight, and the rough ways shall be made smooth;
Luke	3	6			et videbit omnis caro salutare Dei	et videbit omnis caro salutare Dei.]	και οψεται πασα σαρξ το σωτηριον του θεου 	And all flesh shall see the salvation of God.
Luke	3	7			dicebat ergo ad turbas quae exiebant ut baptizarentur ab ipso genimina viperarum quis ostendit vobis fugere a ventura ira	Dicebat ergo ad turbas qu exibant ut baptizarentur ab ipso: Genimina viperarum, quis ostendit vobis fugere a ventura ira?	ελεγεν ουν τοις εκπορευομενοις οχλοις βαπτισθηναι υπ αυτου γεννηματα εχιδνων τις υπεδειξεν υμιν φυγειν απο της μελλουσης οργης 	Then said he to the multitude that came forth to be baptized of him, O generation of vipers, who hath warned you to flee from the wrath to come?
Luke	3	8			facite ergo fructus dignos paenitentiae et ne coeperitis dicere patrem habemus Abraham dico enim vobis quia potest Deus de lapidibus istis suscitare filios Abrahae	Facite ergo fructus dignos pnitenti, et ne cperitis dicere: Patrem habemus Abraham. Dico enim vobis quia potens est Deus de lapidibus istis suscitare filios Abrah.	ποιησατε ουν καρπους αξιους της μετανοιας και μη αρξησθε λεγειν εν εαυτοις πατερα εχομεν τον αβρααμ λεγω γαρ υμιν οτι δυναται ο θεος εκ των λιθων τουτων εγειραι τεκνα τω αβρααμ 	Bring forth therefore fruits worthy of repentance, and begin not to say within yourselves, We have Abraham to our father: for I say unto you, That God is able of these stones to raise up children unto Abraham.
Luke	3	9			iam enim securis ad radicem arborum posita est omnis ergo arbor non faciens fructum exciditur et in ignem mittitur	Jam enim securis ad radicem arborum posita est. Omnis ergo arbor non faciens fructum bonum, excidetur, et in ignem mittetur.	ηδη δε και η αξινη προς την ριζαν των δενδρων κειται παν ουν δενδρον μη ποιουν καρπον καλον εκκοπτεται και εις πυρ βαλλεται 	And now also the axe is laid unto the root of the trees: every tree therefore which bringeth not forth good fruit is hewn down, and cast into the fire.
Luke	3	10			et interrogabant eum turbae dicentes quid ergo faciemus	Et interrogabant eum turb, dicentes: Quid ergo faciemus?	και επηρωτων αυτον οι οχλοι λεγοντες τι ουν ποιησομεν 	And the people asked him, saying, What shall we do then?
Luke	3	11			respondens autem dicebat illis qui habet duas tunicas det non habenti et qui habet escas similiter faciat	Respondens autem dicebat illis: Qui habet duas tunicas, det non habenti: et qui habet escas, similiter faciat.	αποκριθεις δε λεγει αυτοις ο εχων δυο χιτωνας μεταδοτω τω μη εχοντι και ο εχων βρωματα ομοιως ποιειτω 	He answereth and saith unto them, He that hath two coats, let him impart to him that hath none; and he that hath meat, let him do likewise.
Luke	3	12			venerunt autem et publicani ut baptizarentur et dixerunt ad illum magister quid faciemus	Venerunt autem et publicani ut baptizarentur, et dixerunt ad illum: Magister, quid faciemus?	ηλθον δε και τελωναι βαπτισθηναι και ειπον προς αυτον διδασκαλε τι ποιησομεν 	Then came also publicans to be baptized, and said unto him, Master, what shall we do?
Luke	3	13			at ille dixit ad eos nihil amplius quam quod constitutum est vobis faciatis	At ille dixit ad eos: Nihil amplius, quam quod constitutum est vobis, faciatis.	ο δε ειπεν προς αυτους μηδεν πλεον παρα το διατεταγμενον υμιν πρασσετε 	And he said unto them, Exact no more than that which is appointed you.
Luke	3	14			interrogabant autem eum et milites dicentes quid faciemus et nos et ait illis neminem concutiatis neque calumniam faciatis et contenti estote stipendiis vestris	Interrogabant autem eum et milites, dicentes: Quid faciemus et nos? Et ait illis: Neminem concutiatis, neque calumniam faciatis: et contenti estote stipendiis vestris.	επηρωτων δε αυτον και στρατευομενοι λεγοντες και ημεις τι ποιησομεν και ειπεν προς αυτους μηδενα διασεισητε μηδε συκοφαντησητε και αρκεισθε τοις οψωνιοις υμων 	And the soldiers likewise demanded of him, saying, And what shall we do? And he said unto them, Do violence to no man, neither accuse any falsely; and be content with your wages.
Luke	3	15			existimante autem populo et cogitantibus omnibus in cordibus suis de Iohanne ne forte ipse esset Christus	Existimante autem populo, et cogitantibus omnibus in cordibus suis de Joanne, ne forte ipse esset Christus,	προσδοκωντος δε του λαου και διαλογιζομενων παντων εν ταις καρδιαις αυτων περι του ιωαννου μηποτε αυτος ειη ο χριστος 	And as the people were in expectation, and all men mused in their hearts of John, whether he were the Christ, or not;
Luke	3	16			respondit Iohannes dicens omnibus ego quidem aqua baptizo vos venit autem fortior me cuius non sum dignus solvere corrigiam calciamentorum eius ipse vos baptizabit in Spiritu Sancto et igni	respondit Joannes, dicens omnibus: Ego quidem aqua baptizo vos: veniet autem fortior me, cujus non sum dignus solvere corrigiam calceamentorum ejus: ipse vos baptizabit in Spiritu Sancto et igni:	απεκρινατο ο ιωαννης απασιν λεγων εγω μεν υδατι βαπτιζω υμας ερχεται δε ο ισχυροτερος μου ου ουκ ειμι ικανος λυσαι τον ιμαντα των υποδηματων αυτου αυτος υμας βαπτισει εν πνευματι αγιω και πυρι 	John answered, saying unto them all, I indeed baptize you with water; but one mightier than I cometh, the latchet of whose shoes I am not worthy to unloose: he shall baptize you with the Holy Ghost and with fire:
Luke	3	17			cuius ventilabrum in manu eius et purgabit aream suam et congregabit triticum in horreum suum paleas autem conburet igni inextinguibili	cujus ventilabrum in manu ejus, et purgabit aream suam, et congregabit triticum in horreum suum, paleas autem comburet igni inextinguibili.	ου το πτυον εν τη χειρι αυτου και διακαθαριει την αλωνα αυτου και συναξει τον σιτον εις την αποθηκην αυτου το δε αχυρον κατακαυσει πυρι ασβεστω 	Whose fan is in his hand, and he will throughly purge his floor, and will gather the wheat into his garner; but the chaff he will burn with fire unquenchable.
Luke	3	18			multa quidem et alia exhortans evangelizabat populum	Multa quidem et alia exhortans evangelizabat populo.	πολλα μεν ουν και ετερα παρακαλων ευηγγελιζετο τον λαον 	And many other things in his exhortation preached he unto the people.
Luke	3	19			Herodes autem tetrarcha cum corriperetur ab illo de Herodiade uxore fratris sui et de omnibus malis quae fecit Herodes	Herodes autem tetrarcha cum corriperetur ab illo de Herodiade uxore fratris sui, et de omnibus malis qu fecit Herodes,	ο δε ηρωδης ο τετραρχης ελεγχομενος υπ αυτου περι ηρωδιαδος της γυναικος φιλιππου του αδελφου αυτου και περι παντων ων εποιησεν πονηρων ο ηρωδης 	But Herod the tetrarch, being reproved by him for Herodias his brother Philip's wife, and for all the evils which Herod had done,
Luke	3	20			adiecit et hoc supra omnia et inclusit Iohannem in carcere	adjecit et hoc super omnia, et inclusit Joannem in carcere.	προσεθηκεν και τουτο επι πασιν και κατεκλεισεν τον ιωαννην εν τη φυλακη 	Added yet this above all, that he shut up John in prison.
Luke	3	21			factum est autem cum baptizaretur omnis populus et Iesu baptizato et orante apertum est caelum	Factum est autem cum baptizaretur omnis populus, et Jesu baptizato, et orante, apertum est clum:	εγενετο δε εν τω βαπτισθηναι απαντα τον λαον και ιησου βαπτισθεντος και προσευχομενου ανεωχθηναι τον ουρανον 	Now when all the people were baptized, it came to pass, that Jesus also being baptized, and praying, the heaven was opened,
Luke	3	22			et descendit Spiritus Sanctus corporali specie sicut columba in ipsum et vox de caelo facta est tu es Filius meus dilectus in te conplacuit mihi	et descendit Spiritus Sanctus corporali specie sicut columba in ipsum: et vox de clo facta est: Tu es filius meus dilectus, in te complacui mihi.	και καταβηναι το πνευμα το αγιον σωματικω ειδει ωσει περιστεραν επ αυτον και φωνην εξ ουρανου γενεσθαι λεγουσαν συ ει ο υιος μου ο αγαπητος εν σοι ηυδοκησα 	And the Holy Ghost descended in a bodily shape like a dove upon him, and a voice came from heaven, which said, Thou art my beloved Son; in thee I am well pleased.
Luke	3	23			et ipse Iesus erat incipiens quasi annorum triginta ut putabatur filius Ioseph qui fuit Heli	Et ipse Jesus erat incipiens quasi annorum triginta, ut putabatur, filius Joseph, qui fuit Heli, qui fuit Mathat,	και αυτος ην ο ιησους ωσει ετων τριακοντα αρχομενος ων ως ενομιζετο υιος ιωσηφ του ηλι 	And Jesus himself began to be about thirty years of age, being (as was supposed) the son of Joseph, which was the son of Heli,
Luke	3	24			qui fuit Matthat qui fuit Levi qui fuit Melchi qui fuit Iannae qui fuit Ioseph	qui fuit Levi, qui fuit Melchi, qui fuit Janne, qui fuit Joseph,	του ματθατ του λευι του μελχι του ιαννα του ιωσηφ 	Which was the son of Matthat, which was the son of Levi, which was the son of Melchi, which was the son of Janna, which was the son of Joseph,
Luke	3	25			qui fuit Matthathiae qui fuit Amos qui fuit Naum qui fuit Esli qui fuit Naggae	qui fuit Mathathi, qui fuit Amos, qui fuit Nahum, qui fuit Hesli, qui fuit Nagge,	του ματταθιου του αμως του ναουμ του εσλι του ναγγαι 	Which was the son of Mattathias, which was the son of Amos, which was the son of Naum, which was the son of Esli, which was the son of Nagge,
Luke	3	26			qui fuit Maath qui fuit Matthathiae qui fuit Semei qui fuit Iosech qui fuit Ioda	qui fuit Mahath, qui fuit Mathathi, qui fuit Semei, qui fuit Joseph, qui fuit Juda,	του μααθ του ματταθιου του σεμει του ιωσηφ του ιουδα 	Which was the son of Maath, which was the son of Mattathias, which was the son of Semei, which was the son of Joseph, which was the son of Juda,
Luke	3	27			qui fuit Iohanna qui fuit Resa qui fuit Zorobabel qui fuit Salathihel qui fuit Neri	qui fuit Joanna, qui fuit Resa, qui fuit Zorobabel, qui fuit Salatheil, qui fuit Neri,	του ιωαννα του ρησα του ζοροβαβελ του σαλαθιηλ του νηρι 	Which was the son of Joanna, which was the son of Rhesa, which was the son of Zorobabel, which was the son of Salathiel, which was the son of Neri,
Luke	3	28			qui fuit Melchi qui fuit Addi qui fuit Cosam qui fuit Helmadam qui fuit Her	qui fuit Melchi, qui fuit Addi, qui fuit Cosan, qui fuit Elmadan, qui fuit Her,	του μελχι του αδδι του κωσαμ του ελμωδαμ του ηρ 	Which was the son of Melchi, which was the son of Addi, which was the son of Cosam, which was the son of Elmodam, which was the son of Er,
Luke	3	29			qui fuit Iesu qui fuit Eliezer qui fuit Iorim qui fuit Matthat qui fuit Levi	qui fuit Jesu, qui fuit Eliezer, qui fuit Jorim, qui fuit Mathat, qui fuit Levi,	του ιωση του ελιεζερ του ιωρειμ του ματθατ του λευι 	Which was the son of Jose, which was the son of Eliezer, which was the son of Jorim, which was the son of Matthat, which was the son of Levi,
Luke	3	30			qui fuit Symeon qui fuit Iuda qui fuit Ioseph qui fuit Iona qui fuit Eliachim	qui fuit Simeon, qui fuit Juda, qui fuit Joseph, qui fuit Jona, qui fuit Eliakim,	του συμεων  σιμεων  του ιουδα του ιωσηφ του ιωναν του ελιακειμ 	Which was the son of Simeon, which was the son of Juda, which was the son of Joseph, which was the son of Jonan, which was the son of Eliakim,
Luke	3	31			qui fuit Melea qui fuit Menna qui fuit Matthata qui fuit Nathan qui fuit David	qui fuit Melea, qui fuit Menna, qui fuit Mathatha, qui fuit Natham, qui fuit David,	του μελεα του μαιναν  μεναμ 0   του ματταθα του ναθαν του δαβιδ 	Which was the son of Melea, which was the son of Menan, which was the son of Mattatha, which was the son of Nathan, which was the son of David,
Luke	3	32			qui fuit Iesse qui fuit Obed qui fuit Booz qui fuit Salmon qui fuit Naasson	qui fuit Jesse, qui fuit Obed, qui fuit Booz, qui fuit Salmon, qui fuit Naasson,	του ιεσσαι του ωβηδ του βοοζ του σαλμων του ναασσων 	Which was the son of Jesse, which was the son of Obed, which was the son of Booz, which was the son of Salmon, which was the son of Naasson,
Luke	3	33			qui fuit Aminadab qui fuit Aram qui fuit Esrom qui fuit Phares qui fuit Iudae	qui fuit Aminadab, qui fuit Aram, qui fuit Esron, qui fuit Phares, qui fuit Jud,	του αμιναδαβ του αραμ του εσρωμ του φαρες του ιουδα 	Which was the son of Aminadab, which was the son of Aram, which was the son of Esrom, which was the son of Phares, which was the son of Juda,
Luke	3	34			qui fuit Iacob qui fuit Isaac qui fuit Abraham qui fuit Thare qui fuit Nachor	qui fuit Jacob, qui fuit Isaac, qui fuit Abrah, qui fuit Thare, qui fuit Nachor,	του ιακωβ του ισαακ του αβρααμ του θαρα του ναχωρ 	Which was the son of Jacob, which was the son of Isaac, which was the son of Abraham, which was the son of Thara, which was the son of Nachor,
Luke	3	35			qui fuit Seruch qui fuit Ragau qui fuit Phalec qui fuit Eber qui fuit Sale	qui fuit Sarug, qui fuit Ragau, qui fuit Phaleg, qui fuit Heber, qui fuit Sale,	του σαρουχ του ραγαυ του φαλεκ του εβερ του σαλα 	Which was the son of Saruch, which was the son of Ragau, which was the son of Phalec, which was the son of Heber, which was the son of Sala,
Luke	3	36			qui fuit Cainan qui fuit Arfaxat qui fuit Sem qui fuit Noe qui fuit Lamech	qui fuit Cainan, qui fuit Arphaxad, qui fuit Sem, qui fuit No, qui fuit Lamech,	του καιναν του αρφαξαδ του σημ του νωε του λαμεχ 	Which was the son of Cainan, which was the son of Arphaxad, which was the son of Sem, which was the son of Noe, which was the son of Lamech,
Luke	3	37			qui fuit Mathusalae qui fuit Enoch qui fuit Iared qui fuit Malelehel qui fuit Cainan	qui fuit Methusale, qui fuit Henoch, qui fuit Jared, qui fuit Malaleel, qui fuit Cainan,	του μαθουσαλα του ενωχ του ιαρεδ του μαλελεηλ του καιναν 	Which was the son of Mathusala, which was the son of Enoch, which was the son of Jared, which was the son of Maleleel, which was the son of Cainan,
Luke	3	38			qui fuit Enos qui fuit Seth qui fuit Adam qui fuit Dei	qui fuit Henos, qui fuit Seth, qui fuit Adam, qui fuit Dei.	του ενως του σηθ του αδαμ του θεου   	Which was the son of Enos, which was the son of Seth, which was the son of Adam, which was the son of God.
Luke	4	1			Iesus autem plenus Spiritu Sancto regressus est ab Iordane et agebatur in Spiritu in desertum	Jesus autem plenus Spiritu Sancto regressus est a Jordane: et agebatur a Spiritu in desertum	ιησους δε πνευματος αγιου πληρης υπεστρεψεν απο του ιορδανου και ηγετο εν τω πνευματι εις την ερημον 	And Jesus being full of the Holy Ghost returned from Jordan, and was led by the Spirit into the wilderness,
Luke	4	2			diebus quadraginta et temptabatur a diabolo et nihil manducavit in diebus illis et consummatis illis esuriit	diebus quadraginta, et tentabatur a diabolo. Et nihil manducavit in diebus illis: et consummatis illis esuriit.	ημερας τεσσαρακοντα πειραζομενος υπο του διαβολου και ουκ εφαγεν ουδεν εν ταις ημεραις εκειναις και συντελεσθεισων αυτων υστερον επεινασεν 	Being forty days tempted of the devil. And in those days he did eat nothing: and when they were ended, he afterward hungered.
Luke	4	3			dixit autem illi diabolus si Filius Dei es dic lapidi huic ut panis fiat	Dixit autem illi diabolus: Si Filius Dei es, dic lapidi huic ut panis fiat.	και ειπεν αυτω ο διαβολος ει υιος ει του θεου ειπε τω λιθω τουτω ινα γενηται αρτος 	And the devil said unto him, If thou be the Son of God, command this stone that it be made bread.
Luke	4	4			et respondit ad illum Iesus scriptum est quia non in pane solo vivet homo sed in omni verbo Dei	Et respondit ad illum Jesus: Scriptum est: Quia non in solo pane vivit homo, sed in omni verbo Dei.	και απεκριθη ιησους προς αυτον λεγων γεγραπται οτι ουκ επ αρτω μονω ζησεται ο ανθρωπος αλλ επι παντι ρηματι θεου 	And Jesus answered him, saying, It is written, That man shall not live by bread alone, but by every word of God.
Luke	4	5			et duxit illum diabolus et ostendit illi omnia regna orbis terrae in momento temporis	Et duxit illum diabolus in montem excelsum, et ostendit illi omnia regna orbis terr in momento temporis,	και αναγαγων αυτον ο διαβολος εις ορος υψηλον εδειξεν αυτω πασας τας βασιλειας της οικουμενης εν στιγμη χρονου 	And the devil, taking him up into an high mountain, shewed unto him all the kingdoms of the world in a moment of time.
Luke	4	6			et ait ei tibi dabo potestatem hanc universam et gloriam illorum quia mihi tradita sunt et cui volo do illa	et ait illi: Tibi dabo potestatem hanc universam, et gloriam illorum: quia mihi tradita sunt, et cui volo do illa.	και ειπεν αυτω ο διαβολος σοι δωσω την εξουσιαν ταυτην απασαν και την δοξαν αυτων οτι εμοι παραδεδοται και ω εαν θελω διδωμι αυτην 	And the devil said unto him, All this power will I give thee, and the glory of them: for that is delivered unto me; and to whomsoever I will I give it.
Luke	4	7			tu ergo si adoraveris coram me erunt tua omnia	Tu ergo si adoraveris coram me, erunt tua omnia.	συ ουν εαν προσκυνησης ενωπιον μου εσται σου παντα 	If thou therefore wilt worship me, all shall be thine.
Luke	4	8			et respondens Iesus dixit illi scriptum est Dominum Deum tuum adorabis et illi soli servies	Et respondens Jesus, dixit illi: Scriptum est: Dominum Deum tuum adorabis, et illi soli servies.	και αποκριθεις αυτω ειπεν ο ιησους υπαγε οπισω μου σατανα γεγραπται γαρ προσκυνησεις κυριον τον θεον σου και αυτω μονω λατρευσεις 	And Jesus answered and said unto him, Get thee behind me, Satan: for it is written, Thou shalt worship the Lord thy God, and him only shalt thou serve.
Luke	4	9			et duxit illum in Hierusalem et statuit eum supra pinnam templi et dixit illi si Filius Dei es mitte te hinc deorsum	Et duxit illum in Jerusalem, et statuit eum super pinnam templi, et dixit illi: Si Filius Dei es, mitte te hinc deorsum.	και ηγαγεν αυτον εις ιερουσαλημ και εστησεν αυτον επι το πτερυγιον του ιερου και ειπεν αυτω ει ο υιος ει του θεου βαλε σεαυτον εντευθεν κατω 	And he brought him to Jerusalem, and set him on a pinnacle of the temple, and said unto him, If thou be the Son of God, cast thyself down from hence:
Luke	4	10			scriptum est enim quod angelis suis mandabit de te ut conservent te	Scriptum est enim quod angelis suis mandavit de te, ut conservent te:	γεγραπται γαρ οτι τοις αγγελοις αυτου εντελειται περι σου του διαφυλαξαι σε 	For it is written, He shall give his angels charge over thee, to keep thee:
Luke	4	11			et quia in manibus tollent te ne forte offendas ad lapidem pedem tuum	et quia in manibus tollent te, ne forte offendas ad lapidem pedem tuum.	και οτι επι χειρων αρουσιν σε μηποτε προσκοψης προς λιθον τον ποδα σου 	And in their hands they shall bear thee up, lest at any time thou dash thy foot against a stone.
Luke	4	12			et respondens Iesus ait illi dictum est non temptabis Dominum Deum tuum	Et respondens Jesus, ait illi: Dictum est: Non tentabis Dominum Deum tuum.	και αποκριθεις ειπεν αυτω ο ιησους οτι ειρηται ουκ εκπειρασεις κυριον τον θεον σου 	And Jesus answering said unto him, It is said, Thou shalt not tempt the Lord thy God.
Luke	4	13			et consummata omni temptatione diabolus recessit ab illo usque ad tempus	Et consummata omni tentatione, diabolus recessit ab illo, usque ad tempus.	και συντελεσας παντα πειρασμον ο διαβολος απεστη απ αυτου αχρι καιρου 	And when the devil had ended all the temptation, he departed from him for a season.
Luke	4	14			et regressus est Iesus in virtute Spiritus in Galilaeam et fama exiit per universam regionem de illo	Et regressus est Jesus in virtute Spiritus in Galilam, et fama exiit per universam regionem de illo.	και υπεστρεψεν ο ιησους εν τη δυναμει του πνευματος εις την γαλιλαιαν και φημη εξηλθεν καθ ολης της περιχωρου περι αυτου 	And Jesus returned in the power of the Spirit into Galilee: and there went out a fame of him through all the region round about.
Luke	4	15			et ipse docebat in synagogis eorum et magnificabatur ab omnibus	Et ipse docebat in synagogis eorum, et magnificabatur ab omnibus.	και αυτος εδιδασκεν εν ταις συναγωγαις αυτων δοξαζομενος υπο παντων 	And he taught in their synagogues, being glorified of all.
Luke	4	16			et venit Nazareth ubi erat nutritus et intravit secundum consuetudinem suam die sabbati in synagogam et surrexit legere	Et venit Nazareth, ubi erat nutritus, et intravit secundum consuetudinem suam die sabbati in synagogam, et surrexit legere.	και ηλθεν εις την ναζαρετ  ναζαρεθ  ου ην τεθραμμενος και εισηλθεν κατα το ειωθος αυτω εν τη ημερα των σαββατων εις την συναγωγην και ανεστη αναγνωναι 	And he came to Nazareth, where he had been brought up: and, as his custom was, he went into the synagogue on the sabbath day, and stood up for to read.
Luke	4	17			et traditus est illi liber prophetae Esaiae et ut revolvit librum invenit locum ubi scriptum erat	Et traditus est illi liber Isai prophet. Et ut revolvit librum, invenit locum ubi scriptum erat:	και επεδοθη αυτω βιβλιον ησαιου του προφητου και αναπτυξας το βιβλιον ευρεν τον τοπον ου ην γεγραμμενον 	And there was delivered unto him the book of the prophet Esaias. And when he had opened the book, he found the place where it was written,
Luke	4	18			Spiritus Domini super me propter quod unxit me evangelizare pauperibus misit me	Spiritus Domini super me: propter quod unxit me, evangelizare pauperibus misit me, sanare contritos corde,	πνευμα κυριου επ εμε ου ενεκεν εχρισεν με ευαγγελιζεσθαι πτωχοις απεσταλκεν με ιασασθαι τους συντετριμμενους την καρδιαν κηρυξαι αιχμαλωτοις αφεσιν και τυφλοις αναβλεψιν αποστειλαι τεθραυσμενους εν αφεσει 	The Spirit of the Lord is upon me, because he hath anointed me to preach the gospel to the poor; he hath sent me to heal the brokenhearted, to preach deliverance to the captives, and recovering of sight to the blind, to set at liberty them that are bruised,
Luke	4	19			praedicare captivis remissionem et caecis visum dimittere confractos in remissionem praedicare annum Domini acceptum et diem retributionis	prdicare captivis remissionem, et ccis visum, dimittere confractos in remissionem, prdicare annum Domini acceptum et diem retributioni.	κηρυξαι ενιαυτον κυριου δεκτον 	To preach the acceptable year of the Lord.
Luke	4	20			et cum plicuisset librum reddidit ministro et sedit et omnium in synagoga oculi erant intendentes in eum	Et cum plicuisset librum, reddit ministro, et sedit. Et omnium in synagoga oculi erant intendentes in eum.	και πτυξας το βιβλιον αποδους τω υπηρετη εκαθισεν και παντων εν τη συναγωγη οι οφθαλμοι ησαν ατενιζοντες αυτω 	And he closed the book, and he gave it again to the minister, and sat down. And the eyes of all them that were in the synagogue were fastened on him.
Luke	4	21			coepit autem dicere ad illos quia hodie impleta est haec scriptura in auribus vestris	Cpit autem dicere ad illos: Quia hodie impleta est hc scriptura in auribus vestris.	ηρξατο δε λεγειν προς αυτους οτι σημερον πεπληρωται η γραφη αυτη εν τοις ωσιν υμων 	And he began to say unto them, This day is this scripture fulfilled in your ears.
Luke	4	22			et omnes testimonium illi dabant et mirabantur in verbis gratiae quae procedebant de ore ipsius et dicebant nonne hic filius est Ioseph	Et omnes testimonium illi dabant: et mirabantur in verbis grati, qu procedebant de ore ipsius, et dicebant: Nonne hic est filius Joseph?	και παντες εμαρτυρουν αυτω και εθαυμαζον επι τοις λογοις της χαριτος τοις εκπορευομενοις εκ του στοματος αυτου και ελεγον ουχ ουτος εστιν ο υιος ιωσηφ 	And all bare him witness, and wondered at the gracious words which proceeded out of his mouth. And they said, Is not this Joseph's son?
Luke	4	23			et ait illis utique dicetis mihi hanc similitudinem medice cura te ipsum quanta audivimus facta in Capharnaum fac et hic in patria tua	Et ait illis: Utique dicetis mihi hanc similitudinem: Medice cura teipsum: quanta audivimus facta in Capharnaum, fac et hic in patria tua.	και ειπεν προς αυτους παντως ερειτε μοι την παραβολην ταυτην ιατρε θεραπευσον σεαυτον οσα ηκουσαμεν γενομενα εν τη καπερναουμ ποιησον και ωδε εν τη πατριδι σου 	And he said unto them, Ye will surely say unto me this proverb, Physician, heal thyself: whatsoever we have heard done in Capernaum, do also here in thy country.
Luke	4	24			ait autem amen dico vobis quia nemo propheta acceptus est in patria sua	Ait autem: Amen dico vobis, quia nemo propheta acceptus est in patria sua.	ειπεν δε αμην λεγω υμιν οτι ουδεις προφητης δεκτος εστιν εν τη πατριδι αυτου 	And he said, Verily I say unto you, No prophet is accepted in his own country.
Luke	4	25			in veritate dico vobis multae viduae erant in diebus Heliae in Israhel quando clusum est caelum annis tribus et mensibus sex cum facta est fames magna in omni terra	In veritate dico vobis, mult vidu erant in diebus Eli in Isral, quando clausum est clum annis tribus et mensibus sex, cum facta esset fames magna in omni terra:	επ αληθειας δε λεγω υμιν πολλαι χηραι ησαν εν ταις ημεραις ηλιου εν τω ισραηλ οτε εκλεισθη ο ουρανος επι ετη τρια και μηνας εξ ως εγενετο λιμος μεγας επι πασαν την γην 	But I tell you of a truth, many widows were in Israel in the days of Elias, when the heaven was shut up three years and six months, when great famine was throughout all the land;
Luke	4	26			et ad nullam illarum missus est Helias nisi in Sareptha Sidoniae ad mulierem viduam	et ad nullam illarum missus est Elias, nisi in Sarepta Sidoni, ad mulierem viduam.	και προς ουδεμιαν αυτων επεμφθη ηλιας ει μη εις σαρεπτα της σιδωνος προς γυναικα χηραν 	But unto none of them was Elias sent, save unto Sarepta, a city of Sidon, unto a woman that was a widow.
Luke	4	27			et multi leprosi erant in Israhel sub Heliseo propheta et nemo eorum mundatus est nisi Neman Syrus	Et multi leprosi erant in Isral sub Eliso propheta: et nemo eorum mundatus est nisi Naaman Syrus.	και πολλοι λεπροι ησαν επι ελισσαιου του προφητου εν τω ισραηλ και ουδεις αυτων εκαθαρισθη ει μη νεεμαν ο συρος 	And many lepers were in Israel in the time of Eliseus the prophet; and none of them was cleansed, saving Naaman the Syrian.
Luke	4	28			et repleti sunt omnes in synagoga ira haec audientes	Et repleti sunt omnes in synagoga ira, hc audientes.	και επλησθησαν παντες θυμου εν τη συναγωγη ακουοντες ταυτα 	And all they in the synagogue, when they heard these things, were filled with wrath,
Luke	4	29			et surrexerunt et eiecerunt illum extra civitatem et duxerunt illum usque ad supercilium montis supra quem civitas illorum erat aedificata ut praecipitarent eum	Et surrexerunt, et ejecerunt illum extra civitatem: et duxerunt illum usque ad supercilium montis, super quem civitas illorum erat dificata, ut prcipitarent eum.	και ανασταντες εξεβαλον αυτον εξω της πολεως και ηγαγον αυτον εως της οφρυος του ορους εφ ου η πολις αυτων ωκοδομητο εις το κατακρημνισαι αυτον 	And rose up, and thrust him out of the city, and led him unto the brow of the hill whereon their city was built, that they might cast him down headlong.
Luke	4	30			ipse autem transiens per medium illorum ibat	Ipse autem transiens per medium illorum, ibat.	αυτος δε διελθων δια μεσου αυτων επορευετο 	But he passing through the midst of them went his way,
Luke	4	31			et descendit in Capharnaum civitatem Galilaeae ibique docebat illos sabbatis	Et descendit in Capharnaum civitatem Galil, ibique docebat illos sabbatis.	και κατηλθεν εις καπερναουμ πολιν της γαλιλαιας και ην διδασκων αυτους εν τοις σαββασιν 	And came down to Capernaum, a city of Galilee, and taught them on the sabbath days.
Luke	4	32			et stupebant in doctrina eius quia in potestate erat sermo ipsius	Et stupebant in doctrina ejus, quia in potestate erat sermo ipsius.	και εξεπλησσοντο επι τη διδαχη αυτου οτι εν εξουσια ην ο λογος αυτου 	And they were astonished at his doctrine: for his word was with power.
Luke	4	33			et in synagoga erat homo habens daemonium inmundum et exclamavit voce magna	Et in synagoga erat homo habens dmonium immundum, et exclamavit voce magna,	και εν τη συναγωγη ην ανθρωπος εχων πνευμα δαιμονιου ακαθαρτου και ανεκραξεν φωνη μεγαλη 	And in the synagogue there was a man, which had a spirit of an unclean devil, and cried out with a loud voice,
Luke	4	34			dicens sine quid nobis et tibi Iesu Nazarene venisti perdere nos scio te qui sis Sanctus Dei	dicens: Sine, quid nobis et tibi, Jesu Nazarene? venisti perdere nos? scio te quis sis, Sanctus Dei.	λεγων εα τι ημιν και σοι ιησου ναζαρηνε ηλθες απολεσαι ημας οιδα σε τις ει ο αγιος του θεου 	Saying, Let us alone; what have we to do with thee, thou Jesus of Nazareth? art thou come to destroy us? I know thee who thou art; the Holy One of God.
Luke	4	35			et increpavit illi Iesus dicens obmutesce et exi ab illo et cum proiecisset illum daemonium in medium exiit ab illo nihilque illum nocuit	Et increpavit illum Jesus, dicens: Obmutesce, et exi ab eo. Et cum projecisset illum dmonium in medium, exiit ab illo, nihilque illum nocuit.	και επετιμησεν αυτω ο ιησους λεγων φιμωθητι και εξελθε εξ αυτου και ριψαν αυτον το δαιμονιον εις το μεσον εξηλθεν απ αυτου μηδεν βλαψαν αυτον 	And Jesus rebuked him, saying, Hold thy peace, and come out of him. And when the devil had thrown him in the midst, he came out of him, and hurt him not.
Luke	4	36			et factus est pavor in omnibus et conloquebantur ad invicem dicentes quod est hoc verbum quia in potestate et virtute imperat inmundis spiritibus et exeunt	Et factus est pavor in omnibus, et colloquebantur ad invicem, dicentes: Quod est hoc verbum, quia in potestate et virtute imperat immundis spiritibus, et exeunt?	και εγενετο θαμβος επι παντας και συνελαλουν προς αλληλους λεγοντες τις ο λογος ουτος οτι εν εξουσια και δυναμει επιτασσει τοις ακαθαρτοις πνευμασιν και εξερχονται 	And they were all amazed, and spake among themselves, saying, What a word is this! for with authority and power he commandeth the unclean spirits, and they come out.
Luke	4	37			et divulgabatur fama de illo in omnem locum regionis	Et divulgabatur fama de illo in omnem locum regionis.	και εξεπορευετο ηχος περι αυτου εις παντα τοπον της περιχωρου 	And the fame of him went out into every place of the country round about.
Luke	4	38			surgens autem de synagoga introivit in domum Simonis socrus autem Simonis tenebatur magnis febribus et rogaverunt illum pro ea	Surgens autem Jesus de synagoga, introivit in domum Simonis. Socrus autem Simonis tenebatur magnis febribus: et rogaverunt illum pro ea.	αναστας δε εκ της συναγωγης εισηλθεν εις την οικιαν σιμωνος η πενθερα δε του σιμωνος ην συνεχομενη πυρετω μεγαλω και ηρωτησαν αυτον περι αυτης 	And he arose out of the synagogue, and entered into Simon's house. And Simon's wife's mother was taken with a great fever; and they besought him for her.
Luke	4	39			et stans super illam imperavit febri et dimisit illam et continuo surgens ministrabat illis	Et stans super illam imperavit febri: et dimisit illam. Et continuo surgens, ministrabat illis.	και επιστας επανω αυτης επετιμησεν τω πυρετω και αφηκεν αυτην παραχρημα δε αναστασα διηκονει αυτοις 	And he stood over her, and rebuked the fever; and it left her: and immediately she arose and ministered unto them.
Luke	4	40			cum sol autem occidisset omnes qui habebant infirmos variis languoribus ducebant illos ad eum at ille singulis manus inponens curabat eos	Cum autem sol occidisset, omnes qui habebant infirmos variis languoribus, ducebant illos ad eum. At ille singulis manus imponens, curabat eos.	δυνοντος δε του ηλιου παντες οσοι ειχον ασθενουντας νοσοις ποικιλαις ηγαγον αυτους προς αυτον ο δε ενι εκαστω αυτων τας χειρας επιθεις εθεραπευσεν αυτους 	Now when the sun was setting, all they that had any sick with divers diseases brought them unto him; and he laid his hands on every one of them, and healed them.
Luke	4	41			exiebant autem etiam daemonia a multis clamantia et dicentia quia tu es Filius Dei et increpans non sinebat ea loqui quia sciebant ipsum esse Christum	Exibant autem dmonia a multis clamantia, et dicentia: Quia tu es Filius Dei: et increpans non sinebat ea loqui: quia sciebant ipsum esse Christum.	εξηρχετο δε και δαιμονια απο πολλων κραζοντα και λεγοντα οτι συ ει ο χριστος ο υιος του θεου και επιτιμων ουκ εια αυτα λαλειν οτι ηδεισαν τον χριστον αυτον ειναι 	And devils also came out of many, crying out, and saying, Thou art Christ the Son of God. And he rebuking them suffered them not to speak: for they knew that he was Christ.
Luke	4	42			facta autem die egressus ibat in desertum locum et turbae requirebant eum et venerunt usque ad ipsum et detinebant illum ne discederet ab eis	Facta autem die egressus ibat in desertum locum, et turb requirebant eum, et venerunt usque ad ipsum: et detinebant illum ne discederet ab eis.	γενομενης δε ημερας εξελθων επορευθη εις ερημον τοπον και οι οχλοι εζητουν αυτον και ηλθον εως αυτου και κατειχον αυτον του μη πορευεσθαι απ αυτων 	And when it was day, he departed and went into a desert place: and the people sought him, and came unto him, and stayed him, that he should not depart from them.
Luke	4	43			quibus ille ait quia et aliis civitatibus oportet me evangelizare regnum Dei quia ideo missus sum	Quibus ille ait: Quia et aliis civitatibus oportet me evangelizare regnum Dei: quia ideo missus sum.	ο δε ειπεν προς αυτους οτι και ταις ετεραις πολεσιν ευαγγελισασθαι με δει την βασιλειαν του θεου οτι εις τουτο απεσταλμαι 	And he said unto them, I must preach the kingdom of God to other cities also: for therefore am I sent.
Luke	4	44			et erat praedicans in synagogis Galilaeae	Et erat prdicans in synagogis Galil.	και ην κηρυσσων εν ταις συναγωγαις της γαλιλαιας   	And he preached in the synagogues of Galilee.
Luke	5	1			factum est autem cum turbae inruerent in eum ut audirent verbum Dei et ipse stabat secus stagnum Gennesareth	Factum est autem, cum turb irruerunt in eum ut audirent verbum Dei, et ipse stabat secus stagnum Genesareth.	εγενετο δε εν τω τον οχλον επικεισθαι αυτω του ακουειν τον λογον του θεου και αυτος ην εστως παρα την λιμνην γεννησαρετ 	And it came to pass, that, as the people pressed upon him to hear the word of God, he stood by the lake of Gennesaret,
Luke	5	2			et vidit duas naves stantes secus stagnum piscatores autem descenderant et lavabant retia	Et vidit duas naves stantes secus stagnum: piscatores autem descenderant, et lavabant retia.	και ειδεν δυο πλοια εστωτα παρα την λιμνην οι δε αλιεις αποβαντες απ αυτων απεπλυναν τα δικτυα 	And saw two ships standing by the lake: but the fishermen were gone out of them, and were washing their nets.
Luke	5	3			ascendens autem in unam navem quae erat Simonis rogavit eum a terra reducere pusillum et sedens docebat de navicula turbas	Ascendens autem in unam navim, qu erat Simonis, rogavit eum a terra reducere pusillum. Et sedens docebat de navicula turbas.	εμβας δε εις εν των πλοιων ο ην του σιμωνος ηρωτησεν αυτον απο της γης επαναγαγειν ολιγον και καθισας εδιδασκεν εκ του πλοιου τους οχλους 	And he entered into one of the ships, which was Simon's, and prayed him that he would thrust out a little from the land. And he sat down, and taught the people out of the ship.
Luke	5	4			ut cessavit autem loqui dixit ad Simonem duc in altum et laxate retia vestra in capturam	Ut cessavit autem loqui, dixit ad Simonem: Duc in altum, et laxate retia vestra in capturam.	ως δε επαυσατο λαλων ειπεν προς τον σιμωνα επαναγαγε εις το βαθος και χαλασατε τα δικτυα υμων εις αγραν 	Now when he had left speaking, he said unto Simon, Launch out into the deep, and let down your nets for a draught.
Luke	5	5			et respondens Simon dixit illi praeceptor per totam noctem laborantes nihil cepimus in verbo autem tuo laxabo rete	Et respondens Simon, dixit illi: Prceptor, per totam noctem laborantes nihil cepimus: in verbo autem tuo laxabo rete.	και αποκριθεις ο σιμων ειπεν αυτω επιστατα δι ολης της νυκτος κοπιασαντες ουδεν ελαβομεν επι δε τω ρηματι σου χαλασω το δικτυον 	And Simon answering said unto him, Master, we have toiled all the night, and have taken nothing: nevertheless at thy word I will let down the net.
Luke	5	6			et cum hoc fecissent concluserunt piscium multitudinem copiosam rumpebatur autem rete eorum	Et cum hoc fecissent, concluserunt piscium multitudinem copiosam: rumpebatur autem rete eorum.	και τουτο ποιησαντες συνεκλεισαν ιχθυων πληθος πολυ διερρηγνυτο δε το δικτυον αυτων 	And when they had this done, they inclosed a great multitude of fishes: and their net brake.
Luke	5	7			et annuerunt sociis qui erant in alia navi ut venirent et adiuvarent eos et venerunt et impleverunt ambas naviculas ita ut mergerentur	Et annuerunt sociis, qui erant in alia navi, ut venirent, et adjuvarent eos. Et venerunt, et impleverunt ambas naviculas, ita ut pene mergerentur.	και κατενευσαν τοις μετοχοις τοις εν τω ετερω πλοιω του ελθοντας συλλαβεσθαι αυτοις και ηλθον και επλησαν αμφοτερα τα πλοια ωστε βυθιζεσθαι αυτα 	And they beckoned unto their partners, which were in the other ship, that they should come and help them. And they came, and filled both the ships, so that they began to sink.
Luke	5	8			quod cum videret Simon Petrus procidit ad genua Iesu dicens exi a me quia homo peccator sum Domine	Quod cum vidisset Simon Petrus, procidit ad genua Jesu, dicens: Exi a me, quia homo peccator sum, Domine.	ιδων δε σιμων πετρος προσεπεσεν τοις γονασιν του ιησου λεγων εξελθε απ εμου οτι ανηρ αμαρτωλος ειμι κυριε 	When Simon Peter saw it, he fell down at Jesus' knees, saying, Depart from me; for I am a sinful man, O Lord.
Luke	5	9			stupor enim circumdederat eum et omnes qui cum illo erant in captura piscium quam ceperant	Stupor enim circumdederat eum, et omnes qui cum illo erant, in captura piscium, quam ceperant:	θαμβος γαρ περιεσχεν αυτον και παντας τους συν αυτω επι τη αγρα των ιχθυων η συνελαβον 	For he was astonished, and all that were with him, at the draught of the fishes which they had taken:
Luke	5	10			similiter autem Iacobum et Iohannem filios Zebedaei qui erant socii Simonis et ait ad Simonem Iesus noli timere ex hoc iam homines eris capiens	similiter autem Jacobum et Joannem, filios Zebedi, qui erunt socii Simonis. Et ait ad Simonem Jesus: Noli timere: ex hoc jam homines eris capiens.	ομοιως δε και ιακωβον και ιωαννην υιους ζεβεδαιου οι ησαν κοινωνοι τω σιμωνι και ειπεν προς τον σιμωνα ο ιησους μη φοβου απο του νυν ανθρωπους εση ζωγρων 	And so was also James, and John, the sons of Zebedee, which were partners with Simon. And Jesus said unto Simon, Fear not; from henceforth thou shalt catch men.
Luke	5	11			et subductis ad terram navibus relictis omnibus secuti sunt illum	Et subductis ad terram navibus, relictis omnibus, secuti sunt eum.	και καταγαγοντες τα πλοια επι την γην αφεντες απαντα ηκολουθησαν αυτω 	And when they had brought their ships to land, they forsook all, and followed him.
Luke	5	12			et factum est cum esset in una civitatum et ecce vir plenus lepra et videns Iesum et procidens in faciem rogavit eum dicens Domine si vis potes me mundare	Et factum est, cum esset in una civitatum, et ecce vir plenus lepra, et videns Jesum, et procidens in faciem, rogavit eum, dicens: Domine, si vis, potes me mundare.	και εγενετο εν τω ειναι αυτον εν μια των πολεων και ιδου ανηρ πληρης λεπρας και ιδων τον ιησουν πεσων επι προσωπον εδεηθη αυτου λεγων κυριε εαν θελης δυνασαι με καθαρισαι 	And it came to pass, when he was in a certain city, behold a man full of leprosy: who seeing Jesus fell on his face, and besought him, saying, Lord, if thou wilt, thou canst make me clean.
Luke	5	13			et extendens manum tetigit illum dicens volo mundare et confestim lepra discessit ab illo	Et extendens manum, tetigit eum dicens: Volo: mundare. Et confestim lepra discessit ab illo.	και εκτεινας την χειρα ηψατο αυτου ειπων θελω καθαρισθητι και ευθεως η λεπρα απηλθεν απ αυτου 	And he put forth his hand, and touched him, saying, I will: be thou clean. And immediately the leprosy departed from him.
Luke	5	14			et ipse praecepit illi ut nemini diceret sed vade ostende te sacerdoti et offer pro emundatione tua sicut praecepit Moses in testimonium illis	Et ipse prcepit illi ut nemini diceret: sed, Vade, ostende te sacerdoti, et offer pro emundatione tua, sicut prcepit Moyses, in testimonium illis.	και αυτος παρηγγειλεν αυτω μηδενι ειπειν αλλα απελθων δειξον σεαυτον τω ιερει και προσενεγκε περι του καθαρισμου σου καθως προσεταξεν μωσης εις μαρτυριον αυτοις 	And he charged him to tell no man: but go, and shew thyself to the priest, and offer for thy cleansing, according as Moses commanded, for a testimony unto them.
Luke	5	15			perambulabat autem magis sermo de illo et conveniebant turbae multae ut audirent et curarentur ab infirmitatibus suis	Perambulabat autem magis sermo de illo: et conveniebant turb mult ut audirent, et curarentur ab infirmitatibus suis.	διηρχετο δε μαλλον ο λογος περι αυτου και συνηρχοντο οχλοι πολλοι ακουειν και θεραπευεσθαι υπ αυτου απο των ασθενειων αυτων 	But so much the more went there a fame abroad of him: and great multitudes came together to hear, and to be healed by him of their infirmities.
Luke	5	16			ipse autem secedebat in deserto et orabat	Ipse autem secedebat in desertum, et orabat.	αυτος δε ην υποχωρων εν ταις ερημοις και προσευχομενος 	And he withdrew himself into the wilderness, and prayed.
Luke	5	17			et factum est in una dierum et ipse sedebat docens et erant Pharisaei sedentes et legis doctores qui venerant ex omni castello Galilaeae et Iudaeae et Hierusalem et virtus erat Domini ad sanandum eos	Et factum est in una dierum, et ipse sedebat docens. Et erant pharisi sedentes, et legis doctores, qui venerunt ex omni castello Galil, et Jud, et Jerusalem: et virtus Domini erat ad sanandum eos.	και εγενετο εν μια των ημερων και αυτος ην διδασκων και ησαν καθημενοι φαρισαιοι και νομοδιδασκαλοι οι ησαν εληλυθοτες εκ πασης κωμης της γαλιλαιας και ιουδαιας και ιερουσαλημ και δυναμις κυριου ην εις το ιασθαι αυτους 	And it came to pass on a certain day, as he was teaching, that there were Pharisees and doctors of the law sitting by, which were come out of every town of Galilee, and Judaea, and Jerusalem: and the power of the Lord was present to heal them.
Luke	5	18			et ecce viri portantes in lecto hominem qui erat paralyticus et quaerebant eum inferre et ponere ante eum	Et ecce viri portantes in lecto hominem, qui erat paralyticus: et qurebant eum inferre, et ponere ante eum.	και ιδου ανδρες φεροντες επι κλινης ανθρωπον ος ην παραλελυμενος και εζητουν αυτον εισενεγκειν και θειναι ενωπιον αυτου 	And, behold, men brought in a bed a man which was taken with a palsy: and they sought means to bring him in, and to lay him before him.
Luke	5	19			et non invenientes qua parte illum inferrent prae turba ascenderunt supra tectum per tegulas submiserunt illum cum lecto in medium ante Iesum	Et non invenientes qua parte illum inferrent pr turba, ascenderunt supra tectum, et per tegulas summiserunt eum cum lecto in medium ante Jesum.	και μη ευροντες δια ποιας εισενεγκωσιν αυτον δια τον οχλον αναβαντες επι το δωμα δια των κεραμων καθηκαν αυτον συν τω κλινιδιω εις το μεσον εμπροσθεν του ιησου 	And when they could not find by what way they might bring him in because of the multitude, they went upon the housetop, and let him down through the tiling with his couch into the midst before Jesus.
Luke	5	20			quorum fidem ut vidit dixit homo remittuntur tibi peccata tua	Quorum fidem ut vidit, dixit: Homo, remittuntur tibi peccata tua.	και ιδων την πιστιν αυτων ειπεν αυτω ανθρωπε αφεωνται σοι αι αμαρτιαι σου 	And when he saw their faith, he said unto him, Man, thy sins are forgiven thee.
Luke	5	21			et coeperunt cogitare scribae et Pharisaei dicentes quis est hic qui loquitur blasphemias quis potest dimittere peccata nisi solus Deus	Et cperunt cogitare scrib et pharisi, dicentes: Quis est hic, qui loquitur blasphemias? quis potest dimittere peccata, nisi solus Deus?	και ηρξαντο διαλογιζεσθαι οι γραμματεις και οι φαρισαιοι λεγοντες τις εστιν ουτος ος λαλει βλασφημιας τις δυναται αφιεναι αμαρτιας ει μη μονος ο θεος 	And the scribes and the Pharisees began to reason, saying, Who is this which speaketh blasphemies? Who can forgive sins, but God alone?
Luke	5	22			ut cognovit autem Iesus cogitationes eorum respondens dixit ad illos quid cogitatis in cordibus vestris	Ut cognovit autem Jesus cogitationes eorum, respondens, dixit ad illos: Quid cogitatis in cordibus vestris?	επιγνους δε ο ιησους τους διαλογισμους αυτων αποκριθεις ειπεν προς αυτους τι διαλογιζεσθε εν ταις καρδιαις υμων 	But when Jesus perceived their thoughts, he answering said unto them, What reason ye in your hearts?
Luke	5	23			quid est facilius dicere dimittuntur tibi peccata an dicere surge et ambula	Quid est facilius dicere: Dimittuntur tibi peccata: an dicere: Surge, et ambula?	τι εστιν ευκοπωτερον ειπειν αφεωνται σοι αι αμαρτιαι σου η ειπειν εγειραι και περιπατει 	Whether is easier, to say, Thy sins be forgiven thee; or to say, Rise up and walk?
Luke	5	24			ut autem sciatis quia Filius hominis potestatem habet in terra dimittere peccata ait paralytico tibi dico surge tolle lectum tuum et vade in domum tuam	Ut autem sciatis quia Filius hominis habet potestatem in terra dimittendi peccata, (ait paralytico) tibi dico, surge, tolle lectum tuum, et vade in domum tuam.	ινα δε ειδητε οτι εξουσιαν εχει ο υιος του ανθρωπου επι της γης αφιεναι αμαρτιας ειπεν τω παραλελυμενω σοι λεγω εγειραι και αρας το κλινιδιον σου πορευου εις τον οικον σου 	But that ye may know that the Son of man hath power upon earth to forgive sins, (he said unto the sick of the palsy,) I say unto thee, Arise, and take up thy couch, and go into thine house.
Luke	5	25			et confestim surgens coram illis tulit in quo iacebat et abiit in domum suam magnificans Deum	Et confestim consurgens coram illis, tulit lectum in quo jacebat: et abiit in domum suam, magnificans Deum.	και παραχρημα αναστας ενωπιον αυτων αρας εφ ω κατεκειτο απηλθεν εις τον οικον αυτου δοξαζων τον θεον 	And immediately he rose up before them, and took up that whereon he lay, and departed to his own house, glorifying God.
Luke	5	26			et stupor adprehendit omnes et magnificabant Deum et repleti sunt timore dicentes quia vidimus mirabilia hodie	Et stupor apprehendit omnes, et magnificabant Deum. Et repleti sunt timore, dicentes: Quia vidimus mirabilia hodie.	και εκστασις ελαβεν απαντας και εδοξαζον τον θεον και επλησθησαν φοβου λεγοντες οτι ειδομεν παραδοξα σημερον 	And they were all amazed, and they glorified God, and were filled with fear, saying, We have seen strange things to day.
Luke	5	27			et post haec exiit et vidit publicanum nomine Levi sedentem ad teloneum et ait illi sequere me	Et post hc exiit, et vidit publicanum nomine Levi, sedentem ad telonium, et ait illi: Sequere me.	και μετα ταυτα εξηλθεν και εθεασατο τελωνην ονοματι λευιν καθημενον επι το τελωνιον και ειπεν αυτω ακολουθει μοι 	And after these things he went forth, and saw a publican, named Levi, sitting at the receipt of custom: and he said unto him, Follow me.
Luke	5	28			et relictis omnibus surgens secutus est eum	Et relictis omnibus, surgens secutus est eum.	και καταλιπων απαντα αναστας ηκολουθησεν αυτω 	And he left all, rose up, and followed him.
Luke	5	29			et fecit ei convivium magnum Levi in domo sua et erat turba multa publicanorum et aliorum qui cum illis erant discumbentes	Et fecit ei convivium magnum Levi in domo sua: et erat turba multa publicanorum, et aliorum qui cum illis erant discumbentes.	και εποιησεν δοχην μεγαλην ο λευις αυτω εν τη οικια αυτου και ην οχλος τελωνων πολυς και αλλων οι ησαν μετ αυτων κατακειμενοι 	And Levi made him a great feast in his own house: and there was a great company of publicans and of others that sat down with them.
Luke	5	30			et murmurabant Pharisaei et scribae eorum dicentes ad discipulos eius quare cum publicanis et peccatoribus manducatis et bibitis	Et murmurabant pharisi et scrib eorum, dicentes ad discipulos ejus: Quare cum publicanis et peccatoribus manducatis et bibitis?	και εγογγυζον οι γραμματεις αυτων και οι φαρισαιοι προς τους μαθητας αυτου λεγοντες δια τι μετα τελωνων και αμαρτωλων εσθιετε και πινετε 	But their scribes and Pharisees murmured against his disciples, saying, Why do ye eat and drink with publicans and sinners?
Luke	5	31			et respondens Iesus dixit ad illos non egent qui sani sunt medico sed qui male habent	Et respondens Jesus, dixit ad illos: Non egent qui sani sunt medico, sed qui male habent.	και αποκριθεις ο ιησους ειπεν προς αυτους ου χρειαν εχουσιν οι υγιαινοντες ιατρου αλλ οι κακως εχοντες 	And Jesus answering said unto them, They that are whole need not a physician; but they that are sick.
Luke	5	32			non veni vocare iustos sed peccatores in paenitentiam	Non veni vocare justos, sed peccatores ad pnitentiam.	ουκ εληλυθα καλεσαι δικαιους αλλα αμαρτωλους εις μετανοιαν 	I came not to call the righteous, but sinners to repentance.
Luke	5	33			at illi dixerunt ad eum quare discipuli Iohannis ieiunant frequenter et obsecrationes faciunt similiter et Pharisaeorum tui autem edunt et bibunt	At illi dixerunt ad eum: Quare discipuli Joannis jejunant frequenter, et obsecrationes faciunt, similiter et pharisorum: tui autem edunt et bibunt?	οι δε ειπον προς αυτον δια τι οι μαθηται ιωαννου νηστευουσιν πυκνα και δεησεις ποιουνται ομοιως και οι των φαρισαιων οι δε σοι εσθιουσιν και πινουσιν 	And they said unto him, Why do the disciples of John fast often, and make prayers, and likewise the disciples of the Pharisees; but thine eat and drink?
Luke	5	34			quibus ipse ait numquid potestis filios sponsi dum cum illis est sponsus facere ieiunare	Quibus ipse ait: Numquid potestis filios sponsi, dum cum illis est sponsus, facere jejunare?	ο δε ειπεν προς αυτους μη δυνασθε τους υιους του νυμφωνος εν ω ο νυμφιος μετ αυτων εστιν ποιησαι νηστευειν 	And he said unto them, Can ye make the children of the bridechamber fast, while the bridegroom is with them?
Luke	5	35			venient autem dies et cum ablatus fuerit ab illis sponsus tunc ieiunabunt in illis diebus	Venient autem dies, cum ablatus fuerit ab illis sponsus: tunc jejunabunt in illis diebus.	ελευσονται δε ημεραι και οταν απαρθη απ αυτων ο νυμφιος τοτε νηστευσουσιν εν εκειναις ταις ημεραις 	But the days will come, when the bridegroom shall be taken away from them, and then shall they fast in those days.
Luke	5	36			dicebat autem et similitudinem ad illos quia nemo commissuram a vestimento novo inmittit in vestimentum vetus alioquin et novum rumpit et veteri non convenit commissura a novo	Dicebat autem et similitudinem ad illos: Quia nemo commissuram a novo vestimento immittit in vestimentum vetus: alioquin et novum rumpit, et veteri non convenit commissura a novo.	ελεγεν δε και παραβολην προς αυτους οτι ουδεις επιβλημα ιματιου καινου επιβαλλει επι ιματιον παλαιον ει δε μηγε και το καινον σχιζει και τω παλαιω ου συμφωνει επιβλημα το απο του καινου 	And he spake also a parable unto them; No man putteth a piece of a new garment upon an old; if otherwise, then both the new maketh a rent, and the piece that was taken out of the new agreeth not with the old.
Luke	5	37			et nemo mittit vinum novum in utres veteres alioquin rumpet vinum novum utres et ipsum effundetur et utres peribunt	Et nemo mittit vinum novum in utres veteres: alioquin rumpet vinum novum utres, et ipsum effundetur, et utres peribunt:	και ουδεις βαλλει οινον νεον εις ασκους παλαιους ει δε μηγε ρηξει ο νεος οινος τους ασκους και αυτος εκχυθησεται και οι ασκοι απολουνται 	And no man putteth new wine into old bottles; else the new wine will burst the bottles, and be spilled, and the bottles shall perish.
Luke	5	38			sed vinum novum in utres novos mittendum est et utraque conservantur	sed vinum novum in utres novos mittendum est, et utraque conservantur.	αλλα οινον νεον εις ασκους καινους βλητεον και αμφοτεροι συντηρουνται 	But new wine must be put into new bottles; and both are preserved.
Luke	5	39			et nemo bibens vetus statim vult novum dicit enim vetus melius est	Et nemo bibens vetus, statim vult novum: dicit enim: Vetus melius est.	και ουδεις πιων παλαιον ευθεως θελει νεον λεγει γαρ ο παλαιος χρηστοτερος εστιν   	No man also having drunk old wine straightway desireth new: for he saith, The old is better.
Luke	6	1			factum est autem in sabbato secundoprimo cum transiret per sata vellebant discipuli eius spicas et manducabant confricantes manibus	Factum est autem in sabbato secundo, primo, cum transiret per sata, vellebant discipuli ejus spicas, et manducabant confricantes manibus.	εγενετο δε εν σαββατω δευτεροπρωτω διαπορευεσθαι αυτον δια των σποριμων και ετιλλον οι μαθηται αυτου τους σταχυας και ησθιον ψωχοντες ταις χερσιν 	And it came to pass on the second sabbath after the first, that he went through the corn fields; and his disciples plucked the ears of corn, and did eat, rubbing them in their hands.
Luke	6	2			quidam autem Pharisaeorum dicebant illis quid facitis quod non licet in sabbatis	Quidam autem pharisorum, dicebant illis: Quid facitis quod non licet in sabbatis?	τινες δε των φαρισαιων ειπον αυτοις τι ποιειτε ο ουκ εξεστιν ποιειν εν τοις σαββασιν 	And certain of the Pharisees said unto them, Why do ye that which is not lawful to do on the sabbath days?
Luke	6	3			et respondens Iesus ad eos dixit nec hoc legistis quod fecit David cum esurisset ipse et qui cum eo erant	Et respondens Jesus ad eos, dixit: Nec hoc legistis quod fecit David, cum esurisset ipse, et qui cum illo erant?	και αποκριθεις προς αυτους ειπεν ο ιησους ουδε τουτο ανεγνωτε ο εποιησεν δαβιδ οποτε επεινασεν αυτος και οι μετ αυτου οντες 	And Jesus answering them said, Have ye not read so much as this, what David did, when himself was an hungred, and they which were with him;
Luke	6	4			quomodo intravit in domum Dei et panes propositionis sumpsit et manducavit et dedit his qui cum ipso erant quos non licet manducare nisi tantum sacerdotibus	quomodo intravit in domum Dei, et panes propositionis sumpsit, et manducavit, et dedit his qui cum ipso erant: quos non licet manducare nisi tantum sacerdotibus?	ως εισηλθεν εις τον οικον του θεου και τους αρτους της προθεσεως ελαβεν και εφαγεν και εδωκεν και τοις μετ αυτου ους ουκ εξεστιν φαγειν ει μη μονους τους ιερεις 	How he went into the house of God, and did take and eat the shewbread, and gave also to them that were with him; which it is not lawful to eat but for the priests alone?
Luke	6	5			et dicebat illis quia dominus est Filius hominis etiam sabbati	Et dicebat illis: Quia dominus est Filius hominis etiam sabbati.	και ελεγεν αυτοις οτι κυριος εστιν ο υιος του ανθρωπου και του σαββατου 	And he said unto them, That the Son of man is Lord also of the sabbath.
Luke	6	6			factum est autem et in alio sabbato ut intraret in synagogam et doceret et erat ibi homo et manus eius dextra erat arida	Factum est autem in alio sabbato, ut intraret in synagogam, et doceret. Et erat ibi homo, et manus ejus dextra erat arida.	εγενετο δε και εν ετερω σαββατω εισελθειν αυτον εις την συναγωγην και διδασκειν και ην εκει ανθρωπος και η χειρ αυτου η δεξια ην ξηρα 	And it came to pass also on another sabbath, that he entered into the synagogue and taught: and there was a man whose right hand was withered.
Luke	6	7			observabant autem scribae et Pharisaei si in sabbato curaret ut invenirent accusare illum	Observabant autem scrib et pharisi si in sabbato curaret, ut invenirent unde accusarent eum.	παρετηρουν δε αυτον οι γραμματεις και οι φαρισαιοι ει εν τω σαββατω θεραπευσει ινα ευρωσιν κατηγοριαν αυτου 	And the scribes and Pharisees watched him, whether he would heal on the sabbath day; that they might find an accusation against him.
Luke	6	8			ipse vero sciebat cogitationes eorum et ait homini qui habebat manum aridam surge et sta in medium et surgens stetit	Ipse vero sciebat cogitationes eorum: et ait homini qui habebat manum aridam: Surge, et sta in medium. Et surgens stetit.	αυτος δε ηδει τους διαλογισμους αυτων και ειπεν τω ανθρωπω τω ξηραν εχοντι την χειρα εγειραι και στηθι εις το μεσον ο δε αναστας εστη 	But he knew their thoughts, and said to the man which had the withered hand, Rise up, and stand forth in the midst. And he arose and stood forth.
Luke	6	9			ait autem ad illos Iesus interrogo vos si licet sabbato bene facere an male animam salvam facere an perdere	Ait autem ad illos Jesus: Interrogo vos si licet sabbatis benefacere, an male: animam salvam facere, an perdere?	ειπεν ουν ο ιησους προς αυτους επερωτησω υμας τι  τι  εξεστιν τοις σαββασιν αγαθοποιησαι η κακοποιησαι ψυχην σωσαι η απολεσαι 	Then said Jesus unto them, I will ask you one thing; Is it lawful on the sabbath days to do good, or to do evil? to save life, or to destroy it?
Luke	6	10			et circumspectis omnibus dixit homini extende manum tuam et extendit et restituta est manus eius	Et circumspectis omnibus dixit homini: Extende manum tuam. Et extendit: et restituta est manus ejus.	και περιβλεψαμενος παντας αυτους ειπεν τω ανθρωπω εκτεινον την χειρα σου ο δε εποιησεν ουτως και αποκατεσταθη η χειρ αυτου υγιης ως η αλλη 	And looking round about upon them all, he said unto the man, Stretch forth thy hand. And he did so: and his hand was restored whole as the other.
Luke	6	11			ipsi autem repleti sunt insipientia et conloquebantur ad invicem quidnam facerent Iesu	Ipsi autem repleti sunt insipientia, et colloquebantur ad invicem, quidnam facerent Jesu.	αυτοι δε επλησθησαν ανοιας και διελαλουν προς αλληλους τι αν ποιησειαν τω ιησου 	And they were filled with madness; and communed one with another what they might do to Jesus.
Luke	6	12			factum est autem in illis diebus exiit in montem orare et erat pernoctans in oratione Dei	Factum est autem in illis diebus, exiit in montem orare, et erat pernoctans in oratione Dei.	εγενετο δε εν ταις ημεραις ταυταις εξηλθεν εις το ορος προσευξασθαι και ην διανυκτερευων εν τη προσευχη του θεου 	And it came to pass in those days, that he went out into a mountain to pray, and continued all night in prayer to God.
Luke	6	13			et cum dies factus esset vocavit discipulos suos et elegit duodecim ex ipsis quos et apostolos nominavit	Et cum dies factus esset, vocavit discipulos suos: et elegit duodecim ex ipsis (quos et apostolos nominavit):	και οτε εγενετο ημερα προσεφωνησεν τους μαθητας αυτου και εκλεξαμενος απ αυτων δωδεκα ους και αποστολους ωνομασεν 	And when it was day, he called unto him his disciples: and of them he chose twelve, whom also he named apostles;
Luke	6	14			Simonem quem cognominavit Petrum et Andream fratrem eius Iacobum et Iohannem Philippum et Bartholomeum	Simonem, quem cognominavit Petrum, et Andream fratrem ejus, Jacobum, et Joannem, Philippum, et Bartholomum,	σιμωνα ον και ωνομασεν πετρον και ανδρεαν τον αδελφον αυτου ιακωβον και ιωαννην φιλιππον και βαρθολομαιον 	Simon, (whom he also named Peter,) and Andrew his brother, James and John, Philip and Bartholomew,
Luke	6	15			Mattheum et Thomam Iacobum Alphei et Simonem qui vocatur Zelotes	Matthum, et Thomam, Jacobum Alphi, et Simonem, qui vocatur Zelotes,	ματθαιον και θωμαν ιακωβον τον του αλφαιου και σιμωνα τον καλουμενον ζηλωτην 	Matthew and Thomas, James the son of Alphaeus, and Simon called Zelotes,
Luke	6	16			Iudam Iacobi et Iudam Scarioth qui fuit proditor	et Judam Jacobi, et Judam Iscariotem, qui fuit proditor.	ιουδαν ιακωβου και ιουδαν ισκαριωτην ος και εγενετο προδοτης 	And Judas the brother of James, and Judas Iscariot, which also was the traitor.
Luke	6	17			et descendens cum illis stetit in loco campestri et turba discipulorum eius et multitudo copiosa plebis ab omni Iudaea et Hierusalem et maritimae Tyri et Sidonis	Et descendens cum illis, stetit in loco campestri, et turba discipulorum ejus, et multitudo copiosa plebis ab omni Juda, et Jerusalem, et maritima, et Tyri, et Sidonis,	και καταβας μετ αυτων εστη επι τοπου πεδινου και οχλος μαθητων αυτου και πληθος πολυ του λαου απο πασης της ιουδαιας και ιερουσαλημ και της παραλιου τυρου και σιδωνος οι ηλθον ακουσαι αυτου και ιαθηναι απο των νοσων αυτων 	And he came down with them, and stood in the plain, and the company of his disciples, and a great multitude of people out of all Judaea and Jerusalem, and from the sea coast of Tyre and Sidon, which came to hear him, and to be healed of their diseases;
Luke	6	18			qui venerunt ut audirent eum et sanarentur a languoribus suis et qui vexabantur ab spiritibus inmundis curabantur	qui venerant ut audirent eum, et sanarentur a languoribus suis. Et qui vexabantur a spiritibus immundis, curabantur.	και οι οχλουμενοι υπο πνευματων ακαθαρτων και εθεραπευοντο 	And they that were vexed with unclean spirits: and they were healed.
Luke	6	19			et omnis turba quaerebant eum tangere quia virtus de illo exiebat et sanabat omnes	Et omnis turba qurebat eum tangere: quia virtus de illo exibat, et sanabat omnes.	και πας ο οχλος εζητει απτεσθαι αυτου οτι δυναμις παρ αυτου εξηρχετο και ιατο παντας 	And the whole multitude sought to touch him: for there went virtue out of him, and healed them all.
Luke	6	20			et ipse elevatis oculis in discipulos suos dicebat beati pauperes quia vestrum est regnum Dei	Et ipse elevatis oculis in discipulis suis, dicebat: Beati pauperes, quia vestrum est regnum Dei.	και αυτος επαρας τους οφθαλμους αυτου εις τους μαθητας αυτου ελεγεν μακαριοι οι πτωχοι οτι υμετερα εστιν η βασιλεια του θεου 	And he lifted up his eyes on his disciples, and said, Blessed be ye poor: for yours is the kingdom of God.
Luke	6	21			beati qui nunc esuritis quia saturabimini beati qui nunc fletis quia ridebitis	Beati qui nunc esuritis, quia saturabimini. Beati qui nunc fletis, quia ridebitis.	μακαριοι οι πεινωντες νυν οτι χορτασθησεσθε μακαριοι οι κλαιοντες νυν οτι γελασετε 	Blessed are ye that hunger now: for ye shall be filled. Blessed are ye that weep now: for ye shall laugh.
Luke	6	22			beati eritis cum vos oderint homines et cum separaverint vos et exprobraverint et eiecerint nomen vestrum tamquam malum propter Filium hominis	Beati eritis cum vos oderint homines, et cum separaverint vos, et exprobraverint, et ejicerint nomen vestrum tamquam malum propter Filium hominis.	μακαριοι εστε οταν μισησωσιν υμας οι ανθρωποι και οταν αφορισωσιν υμας και ονειδισωσιν και εκβαλωσιν το ονομα υμων ως πονηρον ενεκα του υιου του ανθρωπου 	Blessed are ye, when men shall hate you, and when they shall separate you from their company, and shall reproach you, and cast out your name as evil, for the Son of man's sake.
Luke	6	23			gaudete in illa die et exultate ecce enim merces vestra multa in caelo secundum haec enim faciebant prophetis patres eorum	Gaudete in illa die, et exsultate: ecce enim merces vestra multa est in clo: secundum hc enim faciebant prophetis patres eorum.	χαιρετε εν εκεινη τη ημερα και σκιρτησατε ιδου γαρ ο μισθος υμων πολυς εν τω ουρανω κατα ταυτα γαρ εποιουν τοις προφηταις οι πατερες αυτων 	Rejoice ye in that day, and leap for joy: for, behold, your reward is great in heaven: for in the like manner did their fathers unto the prophets.
Luke	6	24			verumtamen vae vobis divitibus quia habetis consolationem vestram	Verumtamen v vobis divitibus, quia habetis consolationem vestram.	πλην ουαι υμιν τοις πλουσιοις οτι απεχετε την παρακλησιν υμων 	But woe unto you that are rich! for ye have received your consolation.
Luke	6	25			vae vobis qui saturati estis quia esurietis vae vobis qui ridetis nunc quia lugebitis et flebitis	V vobis, qui saturati estis: quia esurietis. V vobis, qui ridetis nunc: quia lugebitis et flebitis.	ουαι υμιν οι εμπεπλησμενοι οτι πεινασετε ουαι υμιν οι γελωντες νυν οτι πενθησετε και κλαυσετε 	Woe unto you that are full! for ye shall hunger. Woe unto you that laugh now! for ye shall mourn and weep.
Luke	6	26			vae cum bene vobis dixerint omnes homines secundum haec faciebant prophetis patres eorum	V cum benedixerint vobis homines: secundum hc enim faciebant pseudoprophetis patres eorum.	ουαι υμιν οταν καλως υμας ειπωσιν παντες οι ανθρωποι κατα ταυτα γαρ εποιουν τοις ψευδοπροφηταις οι πατερες αυτων 	Woe unto you, when all men shall speak well of you! for so did their fathers to the false prophets.
Luke	6	27			sed vobis dico qui auditis diligite inimicos vestros benefacite his qui vos oderunt	Sed vobis dico, qui auditis: diligite inimicos vestros, benefacite his qui oderunt vos.	αλλ υμιν λεγω τοις ακουουσιν αγαπατε τους εχθρους υμων καλως ποιειτε τοις μισουσιν υμας 	But I say unto you which hear, Love your enemies, do good to them which hate you,
Luke	6	28			benedicite maledicentibus vobis orate pro calumniantibus vos	Benedicite maledicentibus vobis, et orate pro calumniantibus vos.	ευλογειτε τους καταρωμενους υμιν και προσευχεσθε υπερ των επηρεαζοντων υμας 	Bless them that curse you, and pray for them which despitefully use you.
Luke	6	29			ei qui te percutit in maxillam praebe et alteram et ab eo qui aufert tibi vestimentum etiam tunicam noli prohibere	Et qui te percutit in maxillam, prbe et alteram. Et ab eo qui aufert tibi vestimentum, etiam tunicam noli prohibere.	τω τυπτοντι σε επι την σιαγονα παρεχε και την αλλην και απο του αιροντος σου το ιματιον και τον χιτωνα μη κωλυσης 	And unto him that smiteth thee on the one cheek offer also the other; and him that taketh away thy cloak forbid not to take thy coat also.
Luke	6	30			omni autem petenti te tribue et qui aufert quae tua sunt ne repetas	Omni autem petenti te, tribue: et qui aufert qu tua sunt, ne repetas.	παντι δε τω αιτουντι σε διδου και απο του αιροντος τα σα μη απαιτει 	Give to every man that asketh of thee; and of him that taketh away thy goods ask them not again.
Luke	6	31			et prout vultis ut faciant vobis homines et vos facite illis similiter	Et prout vultis ut faciant vobis homines, et vos facite illis similiter.	και καθως θελετε ινα ποιωσιν υμιν οι ανθρωποι και υμεις ποιειτε αυτοις ομοιως 	And as ye would that men should do to you, do ye also to them likewise.
Luke	6	32			et si diligitis eos qui vos diligunt quae vobis est gratia nam et peccatores diligentes se diligunt	Et si diligitis eos qui vos diligunt, qu vobis est gratia? nam et peccatores diligentes se diligunt.	και ει αγαπατε τους αγαπωντας υμας ποια υμιν χαρις εστιν και γαρ οι αμαρτωλοι τους αγαπωντας αυτους αγαπωσιν 	For if ye love them which love you, what thank have ye? for sinners also love those that love them.
Luke	6	33			et si benefeceritis his qui vobis benefaciunt quae vobis est gratia siquidem et peccatores hoc faciunt	Et si benefeceritis his qui vobis benefaciunt, qu vobis est gratia? siquidem et peccatores hoc faciunt.	και εαν αγαθοποιητε τους αγαθοποιουντας υμας ποια υμιν χαρις εστιν και γαρ οι αμαρτωλοι το αυτο ποιουσιν 	And if ye do good to them which do good to you, what thank have ye? for sinners also do even the same.
Luke	6	34			et si mutuum dederitis his a quibus speratis recipere quae gratia est vobis nam et peccatores peccatoribus fenerantur ut recipiant aequalia	Et si mutuum dederitis his a quibus speratis recipere, qu gratia est vobis? nam et peccatores peccatoribus fnerantur, ut recipiant qualia.	και εαν δανειζητε παρ ων ελπιζετε  ελπιζητε  απολαβειν ποια υμιν χαρις εστιν και γαρ οι αμαρτωλοι αμαρτωλοις δανειζουσιν ινα απολαβωσιν τα ισα 	And if ye lend to them of whom ye hope to receive, what thank have ye? for sinners also lend to sinners, to receive as much again.
Luke	6	35			verumtamen diligite inimicos vestros et benefacite et mutuum date nihil desperantes et erit merces vestra multa et eritis filii Altissimi quia ipse benignus est super ingratos et malos	Verumtamen diligite inimicos vestros: benefacite, et mutuum date, nihil inde sperantes: et erit merces vestra multa, et eritis filii Altissimi, quia ipse benignus est super ingratos et malos.	πλην αγαπατε τους εχθρους υμων και αγαθοποιειτε και δανειζετε μηδεν απελπιζοντες και εσται ο μισθος υμων πολυς και εσεσθε υιοι του υψιστου οτι αυτος χρηστος εστιν επι τους αχαριστους και πονηρους 	But love ye your enemies, and do good, and lend, hoping for nothing again; and your reward shall be great, and ye shall be the children of the Highest: for he is kind unto the unthankful and to the evil.
Luke	6	36			estote ergo misericordes sicut et Pater vester misericors est	Estote ergo misericordes sicut et Pater vester misericors est.	γινεσθε ουν οικτιρμονες καθως και ο πατηρ υμων οικτιρμων εστιν 	Be ye therefore merciful, as your Father also is merciful.
Luke	6	37			nolite iudicare et non iudicabimini nolite condemnare et non condemnabimini dimittite et dimittemini	Nolite judicare, et non judicabimini: nolite condemnare, et non condemnabimini. Dimitte, et dimittemini.	και   μη κρινετε και ου μη κριθητε μη καταδικαζετε και ου μη καταδικασθητε απολυετε και απολυθησεσθε 	Judge not, and ye shall not be judged: condemn not, and ye shall not be condemned: forgive, and ye shall be forgiven:
Luke	6	38			date et dabitur vobis mensuram bonam confersam et coagitatam et supereffluentem dabunt in sinum vestrum eadem quippe mensura qua mensi fueritis remetietur vobis	Date, et dabitur vobis: mensuram bonam, et confertam, et coagitatam, et supereffluentem dabunt in sinum vestrum. Eadem quippe mensura, qua mensi fueritis, remetietur vobis.	διδοτε και δοθησεται υμιν μετρον καλον πεπιεσμενον και σεσαλευμενον και υπερεκχυνομενον δωσουσιν εις τον κολπον υμων τω γαρ αυτω μετρω ω μετρειτε αντιμετρηθησεται υμιν 	Give, and it shall be given unto you; good measure, pressed down, and shaken together, and running over, shall men give into your bosom. For with the same measure that ye mete withal it shall be measured to you again.
Luke	6	39			dicebat autem illis et similitudinem numquid potest caecus caecum ducere nonne ambo in foveam cadent	Dicebat autem illis et similitudinem: Numquid potest ccus ccum ducere? nonne ambo in foveam cadunt?	ειπεν δε παραβολην αυτοις μητι δυναται τυφλος τυφλον οδηγειν ουχι αμφοτεροι εις βοθυνον πεσουνται 	And he spake a parable unto them, Can the blind lead the blind? shall they not both fall into the ditch?
Luke	6	40			non est discipulus super magistrum perfectus autem omnis erit sicut magister eius	Non est discipulus super magistrum: perfectus autem omnis erit, si sit sicut magister ejus.	ουκ εστιν μαθητης υπερ τον διδασκαλον αυτου κατηρτισμενος δε πας εσται ως ο διδασκαλος αυτου 	The disciple is not above his master: but every one that is perfect shall be as his master.
Luke	6	41			quid autem vides festucam in oculo fratris tui trabem autem quae in oculo tuo est non consideras	Quid autem vides festucam in oculo fratris tui, trabem autem, qu in oculo tuo est, non consideras?	τι δε βλεπεις το καρφος το εν τω οφθαλμω του αδελφου σου την δε δοκον την εν τω ιδιω οφθαλμω ου κατανοεις 	And why beholdest thou the mote that is in thy brother's eye, but perceivest not the beam that is in thine own eye?
Luke	6	42			et quomodo potes dicere fratri tuo frater sine eiciam festucam de oculo tuo ipse in oculo tuo trabem non videns hypocrita eice primum trabem de oculo tuo et tunc perspicies ut educas festucam de oculo fratris tui	aut quomodo potes dicere fratri tuo: Frater, sine ejiciam festucam de oculo tuo: ipse in oculo tuo trabem non videns? Hypocrita, ejice primum trabem de oculo tuo: et tunc perspicies ut educas festucam de oculo fratris tui.	η πως δυνασαι λεγειν τω αδελφω σου αδελφε αφες εκβαλω το καρφος το εν τω οφθαλμω σου αυτος την εν τω οφθαλμω σου δοκον ου βλεπων υποκριτα εκβαλε πρωτον την δοκον εκ του οφθαλμου σου και τοτε διαβλεψεις εκβαλειν το καρφος το εν τω οφθαλμω του αδελφου σου 	Either how canst thou say to thy brother, Brother, let me pull out the mote that is in thine eye, when thou thyself beholdest not the beam that is in thine own eye? Thou hypocrite, cast out first the beam out of thine own eye, and then shalt thou see clearly to pull out the mote that is in thy brother's eye.
Luke	6	43			non est enim arbor bona quae facit fructus malos neque arbor mala faciens fructum bonum	Non est enim arbor bona, qu facit fructus malos: neque arbor mala, faciens fructum bonum.	ου γαρ εστιν δενδρον καλον ποιουν καρπον σαπρον ουδε δενδρον σαπρον ποιουν καρπον καλον 	For a good tree bringeth not forth corrupt fruit; neither doth a corrupt tree bring forth good fruit.
Luke	6	44			unaquaeque enim arbor de fructu suo cognoscitur neque enim de spinis colligunt ficus neque de rubo vindemiant uvam	Unaquque enim arbor de fructu suo cognoscitur. Neque enim de spinis colligunt ficus: neque de rubo vindemiant uvam.	εκαστον γαρ δενδρον εκ του ιδιου καρπου γινωσκεται ου γαρ εξ ακανθων συλλεγουσιν συκα ουδε εκ βατου τρυγωσιν σταφυλην 	For every tree is known by his own fruit. For of thorns men do not gather figs, nor of a bramble bush gather they grapes.
Luke	6	45			bonus homo de bono thesauro cordis sui profert bonum et malus homo de malo profert malum ex abundantia enim cordis os loquitur	Bonus homo de bono thesauro cordis sui profert bonum: et malus homo de malo thesauro profert malum. Ex abundantia enim cordis os loquitur.	ο αγαθος ανθρωπος εκ του αγαθου θησαυρου της καρδιας αυτου προφερει το αγαθον και ο πονηρος ανθρωπος εκ του πονηρου θησαυρου της καρδιας αυτου προφερει το πονηρον εκ γαρ του περισσευματος της καρδιας λαλει το στομα αυτου 	A good man out of the good treasure of his heart bringeth forth that which is good; and an evil man out of the evil treasure of his heart bringeth forth that which is evil: for of the abundance of the heart his mouth speaketh.
Luke	6	46			quid autem vocatis me Domine Domine et non facitis quae dico	Quid autem vocatis me Domine, Domine: et non facitis qu dico?	τι δε με καλειτε κυριε κυριε και ου ποιειτε α λεγω 	And why call ye me, Lord, Lord, and do not the things which I say?
Luke	6	47			omnis qui venit ad me et audit sermones meos et facit eos ostendam vobis cui similis est	Omnis qui venit ad me, et audit sermones meos, et facit eos, ostendam vobis cui similis sit:	πας ο ερχομενος προς με και ακουων μου των λογων και ποιων αυτους υποδειξω υμιν τινι εστιν ομοιος 	Whosoever cometh to me, and heareth my sayings, and doeth them, I will shew you to whom he is like:
Luke	6	48			similis est homini aedificanti domum qui fodit in altum et posuit fundamenta supra petram inundatione autem facta inlisum est flumen domui illi et non potuit eam movere fundata enim erat supra petram	similis est homini dificanti domum, qui fodit in altum, et posuit fundamentum super petram: inundatione autem facta, illisum est flumen domui illi, et non potuit eam movere: fundata enim erat super petram.	ομοιος εστιν ανθρωπω οικοδομουντι οικιαν ος εσκαψεν και εβαθυνεν και εθηκεν θεμελιον επι την πετραν πλημμυρας δε γενομενης προσερρηξεν ο ποταμος τη οικια εκεινη και ουκ ισχυσεν σαλευσαι αυτην τεθεμελιωτο γαρ επι την πετραν 	He is like a man which built an house, and digged deep, and laid the foundation on a rock: and when the flood arose, the stream beat vehemently upon that house, and could not shake it: for it was founded upon a rock.
Luke	6	49			qui autem audivit et non fecit similis est homini aedificanti domum suam supra terram sine fundamento in quam inlisus est fluvius et continuo concidit et facta est ruina domus illius magna	Qui autem audit, et non facit, similis est homini dificanti domum suam super terram sine fundamento: in quam illisus est fluvius, et continuo cecidit: et facta est ruina domus illius magna.	ο δε ακουσας και μη ποιησας ομοιος εστιν ανθρωπω οικοδομησαντι οικιαν επι την γην χωρις θεμελιου η προσερρηξεν ο ποταμος και ευθεως επεσεν και εγενετο το ρηγμα της οικιας εκεινης μεγα   	But he that heareth, and doeth not, is like a man that without a foundation built an house upon the earth; against which the stream did beat vehemently, and immediately it fell; and the ruin of that house was great.
Luke	7	1			cum autem implesset omnia verba sua in aures plebis intravit Capharnaum	Cum autem implesset omnia verba sua in aures plebis, intravit Capharnaum.	επει δε επληρωσεν παντα τα ρηματα αυτου εις τας ακοας του λαου εισηλθεν εις καπερναουμ 	Now when he had ended all his sayings in the audience of the people, he entered into Capernaum.
Luke	7	2			centurionis autem cuiusdam servus male habens erat moriturus qui illi erat pretiosus	Centurionis autem cujusdam servus male habens, erat moriturus: qui illi erat pretiosus.	εκατονταρχου δε τινος δουλος κακως εχων ημελλεν τελευταν ος ην αυτω εντιμος 	And a certain centurion's servant, who was dear unto him, was sick, and ready to die.
Luke	7	3			et cum audisset de Iesu misit ad eum seniores Iudaeorum rogans eum ut veniret et salvaret servum eius	Et cum audisset de Jesu, misit ad eum seniores Judorum, rogans eum ut veniret et salvaret servum ejus.	ακουσας δε περι του ιησου απεστειλεν προς αυτον πρεσβυτερους των ιουδαιων ερωτων αυτον οπως ελθων διασωση τον δουλον αυτου 	And when he heard of Jesus, he sent unto him the elders of the Jews, beseeching him that he would come and heal his servant.
Luke	7	4			at illi cum venissent ad Iesum rogabant eum sollicite dicentes ei quia dignus est ut hoc illi praestes	At illi cum venissent ad Jesum, rogabant eum sollicite, dicentes ei: Quia dignus est ut hoc illi prstes:	οι δε παραγενομενοι προς τον ιησουν παρεκαλουν αυτον σπουδαιως λεγοντες οτι αξιος εστιν ω παρεξει τουτο 	And when they came to Jesus, they besought him instantly, saying, That he was worthy for whom he should do this:
Luke	7	5			diligit enim gentem nostram et synagogam ipse aedificavit nobis	diligit enim gentem nostram, et synagogam ipse dificavit nobis.	αγαπα γαρ το εθνος ημων και την συναγωγην αυτος ωκοδομησεν ημιν 	For he loveth our nation, and he hath built us a synagogue.
Luke	7	6			Iesus autem ibat cum illis et cum iam non longe esset a domo misit ad eum centurio amicos dicens Domine noli vexari non enim dignus sum ut sub tectum meum intres	Jesus autem ibat cum illis. Et cum jam non longe esset a domo, misit ad eum centurio amicos, dicens: Domine, noli vexari: non enim sum dignus ut sub tectum meum intres:	ο δε ιησους επορευετο συν αυτοις ηδη δε αυτου ου μακραν απεχοντος απο της οικιας επεμψεν προς αυτον ο εκατονταρχος φιλους λεγων αυτω κυριε μη σκυλλου ου γαρ ειμι ικανος ινα υπο την στεγην μου εισελθης 	Then Jesus went with them. And when he was now not far from the house, the centurion sent friends to him, saying unto him, Lord, trouble not thyself: for I am not worthy that thou shouldest enter under my roof:
Luke	7	7			propter quod et me ipsum non sum dignum arbitratus ut venirem ad te sed dic verbo et sanabitur puer meus	propter quod et meipsum non sum dignum arbitratus ut venirem ad te: sed dic verbo, et sanabitur puer meus.	διο ουδε εμαυτον ηξιωσα προς σε ελθειν αλλα ειπε λογω και ιαθησεται ο παις μου 	Wherefore neither thought I myself worthy to come unto thee: but say in a word, and my servant shall be healed.
Luke	7	8			nam et ego homo sum sub potestate constitutus habens sub me milites et dico huic vade et vadit et alio veni et venit et servo meo fac hoc et facit	Nam et ego homo sum sub potestate constitutus, habens sub me milites: et dico huic, Vade, et vadit: et alii, Veni, et venit: et servo meo, Fac hoc, et facit.	και γαρ εγω ανθρωπος ειμι υπο εξουσιαν τασσομενος εχων υπ εμαυτον στρατιωτας και λεγω τουτω πορευθητι και πορευεται και αλλω ερχου και ερχεται και τω δουλω μου ποιησον τουτο και ποιει 	For I also am a man set under authority, having under me soldiers, and I say unto one, Go, and he goeth; and to another, Come, and he cometh; and to my servant, Do this, and he doeth it.
Luke	7	9			quo audito Iesus miratus est et conversus sequentibus se turbis dixit amen dico vobis nec in Israhel tantam fidem inveni	Quo audito Jesus miratus est: et conversus sequentibus se turbis, dixit: Amen dico vobis, nec in Isral tantam fidem inveni.	ακουσας δε ταυτα ο ιησους εθαυμασεν αυτον και στραφεις τω ακολουθουντι αυτω οχλω ειπεν λεγω υμιν ουδε εν τω ισραηλ τοσαυτην πιστιν ευρον 	When Jesus heard these things, he marvelled at him, and turned him about, and said unto the people that followed him, I say unto you, I have not found so great faith, no, not in Israel.
Luke	7	10			et reversi qui missi fuerant domum invenerunt servum qui languerat sanum	Et reversi, qui missi fuerant, domum, invenerunt servum, qui languerat, sanum.	και υποστρεψαντες οι πεμφθεντες εις τον οικον ευρον τον ασθενουντα δουλον υγιαινοντα 	And they that were sent, returning to the house, found the servant whole that had been sick.
Luke	7	11			et factum est deinceps ibat in civitatem quae vocatur Naim et ibant cum illo discipuli eius et turba copiosa	Et factum est: deinceps ibat in civitatem qu vocatur Naim: et ibant cum eo discipuli ejus et turba copiosa.	και εγενετο εν τη εξης επορευετο εις πολιν καλουμενην ναιν και συνεπορευοντο αυτω οι μαθηται αυτου ικανοι και οχλος πολυς 	And it came to pass the day after, that he went into a city called Nain; and many of his disciples went with him, and much people.
Luke	7	12			cum autem adpropinquaret portae civitatis et ecce defunctus efferebatur filius unicus matri suae et haec vidua erat et turba civitatis multa cum illa	Cum autem appropinquaret port civitatis, ecce defunctus efferebatur filius unicus matris su: et hc vidua erat: et turba civitatis multa cum illa.	ως δε ηγγισεν τη πυλη της πολεως και ιδου εξεκομιζετο τεθνηκως υιος μονογενης τη μητρι αυτου και αυτη ην χηρα και οχλος της πολεως ικανος  ην  συν αυτη 	Now when he came nigh to the gate of the city, behold, there was a dead man carried out, the only son of his mother, and she was a widow: and much people of the city was with her.
Luke	7	13			quam cum vidisset Dominus misericordia motus super ea dixit illi noli flere	Quam cum vidisset Dominus, misericordia motus super eam, dixit illi: Noli flere.	και ιδων αυτην ο κυριος εσπλαγχνισθη επ αυτη και ειπεν αυτη μη κλαιε 	And when the Lord saw her, he had compassion on her, and said unto her, Weep not.
Luke	7	14			et accessit et tetigit loculum hii autem qui portabant steterunt et ait adulescens tibi dico surge	Et accessit, et tetigit loculum. (Hi autem qui portabant, steterunt.) Et ait: Adolescens, tibi dico, surge.	και προσελθων ηψατο της σορου οι δε βασταζοντες εστησαν και ειπεν νεανισκε σοι λεγω εγερθητι 	And he came and touched the bier: and they that bare him stood still. And he said, Young man, I say unto thee, Arise.
Luke	7	15			et resedit qui erat mortuus et coepit loqui et dedit illum matri suae	Et resedit qui erat mortuus, et cpit loqui. Et dedit illum matri su.	και ανεκαθισεν ο νεκρος και ηρξατο λαλειν και εδωκεν αυτον τη μητρι αυτου 	And he that was dead sat up, and began to speak. And he delivered him to his mother.
Luke	7	16			accepit autem omnes timor et magnificabant Deum dicentes quia propheta magnus surrexit in nobis et quia Deus visitavit plebem suam	Accepit autem omnes timor: et magnificabant Deum, dicentes: Quia propheta magnus surrexit in nobis: et quia Deus visitavit plebem suam.	ελαβεν δε φοβος απαντας και εδοξαζον τον θεον λεγοντες οτι προφητης μεγας εγηγερται εν ημιν και οτι επεσκεψατο ο θεος τον λαον αυτου 	And there came a fear on all: and they glorified God, saying, That a great prophet is risen up among us; and, That God hath visited his people.
Luke	7	17			et exiit hic sermo in universam Iudaeam de eo et omnem circa regionem	Et exiit hic sermo in universam Judam de eo, et in omnem circa regionem.	και εξηλθεν ο λογος ουτος εν ολη τη ιουδαια περι αυτου και εν παση τη περιχωρω 	And this rumour of him went forth throughout all Judaea, and throughout all the region round about.
Luke	7	18			et nuntiaverunt Iohanni discipuli eius de omnibus his	Et nuntiaverunt Joanni discipuli ejus de omnibus his.	και απηγγειλαν ιωαννη οι μαθηται αυτου περι παντων τουτων 	And the disciples of John shewed him of all these things.
Luke	7	19			et convocavit duos de discipulis suis Iohannes et misit ad Dominum dicens tu es qui venturus es an alium expectamus	Et convocavit duos de discipulis suis Joannes, et misit ad Jesum, dicens: Tu es qui venturus es, an alium exspectamus?	και προσκαλεσαμενος δυο τινας των μαθητων αυτου ο ιωαννης επεμψεν προς τον ιησουν λεγων συ ει ο ερχομενος η αλλον προσδοκωμεν 	And John calling unto him two of his disciples sent them to Jesus, saying, Art thou he that should come? or look we for another?
Luke	7	20			cum autem venissent ad eum viri dixerunt Iohannes Baptista misit nos ad te dicens tu es qui venturus es an alium expectamus	Cum autem venissent ad eum viri, dixerunt: Joannes Baptista misit nos ad te dicens: Tu es qui venturus es, an alium exspectamus?	παραγενομενοι δε προς αυτον οι ανδρες ειπον ιωαννης ο βαπτιστης απεσταλκεν ημας προς σε λεγων συ ει ο ερχομενος η αλλον προσδοκωμεν 	When the men were come unto him, they said, John Baptist hath sent us unto thee, saying, Art thou he that should come? or look we for another?
Luke	7	21			in ipsa autem hora curavit multos a languoribus et plagis et spiritibus malis et caecis multis donavit visum	(In ipsa autem hora multos curavit a languoribus, et plagis, et spiritibus malis, et ccis multis donavit visum.)	εν αυτη δε τη ωρα εθεραπευσεν πολλους απο νοσων και μαστιγων και πνευματων πονηρων και τυφλοις πολλοις εχαρισατο το βλεπειν 	And in that same hour he cured many of their infirmities and plagues, and of evil spirits; and unto many that were blind he gave sight.
Luke	7	22			et respondens dixit illis euntes nuntiate Iohanni quae vidistis et audistis quia caeci vident claudi ambulant leprosi mundantur surdi audiunt mortui resurgunt pauperes evangelizantur	Et respondens, dixit illis: Euntes renuntiate Joanni qu audistis et vidistis: quia cci vident, claudi ambulant, leprosi mundantur, surdi audiunt, mortui resurgunt, pauperes evangelizantur:	και αποκριθεις ο ιησους ειπεν αυτοις πορευθεντες απαγγειλατε ιωαννη α ειδετε και ηκουσατε οτι τυφλοι αναβλεπουσιν χωλοι περιπατουσιν λεπροι καθαριζονται κωφοι ακουουσιν νεκροι εγειρονται πτωχοι ευαγγελιζονται 	Then Jesus answering said unto them, Go your way, and tell John what things ye have seen and heard; how that the blind see, the lame walk, the lepers are cleansed, the deaf hear, the dead are raised, to the poor the gospel is preached.
Luke	7	23			et beatus est quicumque non fuerit scandalizatus in me	et beatus est quicumque non fuerit scandalizatus in me.	και μακαριος εστιν ος εαν μη σκανδαλισθη εν εμοι 	And blessed is he, whosoever shall not be offended in me.
Luke	7	24			et cum discessissent nuntii Iohannis coepit dicere de Iohanne ad turbas quid existis in desertum videre harundinem vento moveri	Et cum discessissent nuntii Joannis, cpit de Joanne dicere ad turbas: Quid existis in desertum videre? arundinem vento agitatam?	απελθοντων δε των αγγελων ιωαννου ηρξατο λεγειν προς τους οχλους περι ιωαννου τι εξεληλυθατε εις την ερημον θεασασθαι καλαμον υπο ανεμου σαλευομενον 	And when the messengers of John were departed, he began to speak unto the people concerning John, What went ye out into the wilderness for to see? A reed shaken with the wind?
Luke	7	25			sed quid existis videre hominem mollibus vestimentis indutum ecce qui in veste pretiosa sunt et deliciis in domibus regum sunt	Sed quid existis videre? hominem mollibus vestibus indutum? Ecce qui in veste pretiosa sunt et deliciis, in domibus regum sunt.	αλλα τι εξεληλυθατε ιδειν ανθρωπον εν μαλακοις ιματιοις ημφιεσμενον ιδου οι εν ιματισμω ενδοξω και τρυφη υπαρχοντες εν τοις βασιλειοις εισιν 	But what went ye out for to see? A man clothed in soft raiment? Behold, they which are gorgeously apparelled, and live delicately, are in kings' courts.
Luke	7	26			sed quid existis videre prophetam utique dico vobis et plus quam prophetam	Sed quid existis videre? prophetam? Utique dico vobis, et plus quam prophetam:	αλλα τι εξεληλυθατε ιδειν προφητην ναι λεγω υμιν και περισσοτερον προφητου 	But what went ye out for to see? A prophet? Yea, I say unto you, and much more than a prophet.
Luke	7	27			hic est de quo scriptum est ecce mitto angelum meum ante faciem tuam qui praeparabit viam tuam ante te	hic est, de quo scriptum est: Ecce mitto angelum meum ante faciem tuam, qui prparabit viam tuam ante te.	ουτος εστιν περι ου γεγραπται ιδου εγω αποστελλω τον αγγελον μου προ προσωπου σου ος κατασκευασει την οδον σου εμπροσθεν σου 	This is he, of whom it is written, Behold, I send my messenger before thy face, which shall prepare thy way before thee.
Luke	7	28			dico enim vobis maior inter natos mulierum propheta Iohanne Baptista nemo est qui autem minor est in regno Dei maior est illo	Dico enim vobis: major inter natos mulierum propheta Joanne Baptista nemo est: qui autem minor est in regno Dei, major est illo.	λεγω γαρ υμιν μειζων εν γεννητοις γυναικων προφητης ιωαννου του βαπτιστου ουδεις εστιν ο δε μικροτερος εν τη βασιλεια του θεου μειζων αυτου εστιν 	For I say unto you, Among those that are born of women there is not a greater prophet than John the Baptist: but he that is least in the kingdom of God is greater than he.
Luke	7	29			et omnis populus audiens et publicani iustificaverunt Deum baptizati baptismo Iohannis	Et omnis populus audiens et publicani, justificaverunt Deum, baptizati baptismo Joannis.	και πας ο λαος ακουσας και οι τελωναι εδικαιωσαν τον θεον βαπτισθεντες το βαπτισμα ιωαννου 	And all the people that heard him, and the publicans, justified God, being baptized with the baptism of John.
Luke	7	30			Pharisaei autem et legis periti consilium Dei spreverunt in semet ipsos non baptizati ab eo	Pharisi autem et legisperiti consilium Dei spreverunt in semetipsos, non baptizati ab eo.	οι δε φαρισαιοι και οι νομικοι την βουλην του θεου ηθετησαν εις εαυτους μη βαπτισθεντες υπ αυτου 	But the Pharisees and lawyers rejected the counsel of God against themselves, being not baptized of him.
Luke	7	31			cui ergo similes dicam homines generationis huius et cui similes sunt	Ait autem Dominus: Cui ergo similes dicam homines generationis hujus? et cui similes sunt?	ειπεν δε ο κυριος τινι ουν ομοιωσω τους ανθρωπους της γενεας ταυτης και τινι εισιν ομοιοι 	And the Lord said, Whereunto then shall I liken the men of this generation? and to what are they like?
Luke	7	32			similes sunt pueris sedentibus in foro et loquentibus ad invicem et dicentibus cantavimus vobis tibiis et non saltastis lamentavimus et non plorastis	Similes sunt pueris sedentibus in foro, et loquentibus ad invicem, et dicentibus: Cantavimus vobis tibiis, et non saltastis: lamentavimus, et non plorastis.	ομοιοι εισιν παιδιοις τοις εν αγορα καθημενοις και προσφωνουσιν αλληλοις και λεγουσιν ηυλησαμεν υμιν και ουκ ωρχησασθε εθρηνησαμεν υμιν και ουκ εκλαυσατε 	They are like unto children sitting in the marketplace, and calling one to another, and saying, We have piped unto you, and ye have not danced; we have mourned to you, and ye have not wept.
Luke	7	33			venit enim Iohannes Baptista neque manducans panem neque bibens vinum et dicitis daemonium habet	Venit enim Joannes Baptista, neque manducans panem, neque bibens vinum, et dicitis: Dmonium habet.	εληλυθεν γαρ ιωαννης ο βαπτιστης μητε αρτον εσθιων μητε οινον πινων και λεγετε δαιμονιον εχει 	For John the Baptist came neither eating bread nor drinking wine; and ye say, He hath a devil.
Luke	7	34			venit Filius hominis manducans et bibens et dicitis ecce homo devorator et bibens vinum amicus publicanorum et peccatorum	Venit Filius hominis manducans, et bibens, et dicitis: Ecce homo devorator, et bibens vinum, amicus publicanorum et peccatorum.	εληλυθεν ο υιος του ανθρωπου εσθιων και πινων και λεγετε ιδου ανθρωπος φαγος και οινοποτης τελωνων φιλος και αμαρτωλων 	The Son of man is come eating and drinking; and ye say, Behold a gluttonous man, and a winebibber, a friend of publicans and sinners!
Luke	7	35			et iustificata est sapientia ab omnibus filiis suis	Et justificata est sapientia ab omnibus filiis suis.	και εδικαιωθη η σοφια απο των τεκνων αυτης παντων 	But wisdom is justified of all her children.
Luke	7	36			rogabat autem illum quidam de Pharisaeis ut manducaret cum illo et ingressus domum Pharisaei discubuit	Rogabat autem illum quidam de pharisis ut manducaret cum illo. Et ingressus domum pharisi discubuit.	ηρωτα δε τις αυτον των φαρισαιων ινα φαγη μετ αυτου και εισελθων εις την οικιαν του φαρισαιου ανεκλιθη 	And one of the Pharisees desired him that he would eat with him. And he went into the Pharisee's house, and sat down to meat.
Luke	7	37			et ecce mulier quae erat in civitate peccatrix ut cognovit quod accubuit in domo Pharisaei adtulit alabastrum unguenti	Et ecce mulier, qu erat in civitate peccatrix, ut cognovit quod accubuisset in domo pharisi, attulit alabastrum unguenti:	και ιδου γυνη εν τη πολει ητις ην αμαρτωλος επιγνουσα οτι ανακειται εν τη οικια του φαρισαιου κομισασα αλαβαστρον μυρου 	And, behold, a woman in the city, which was a sinner, when she knew that Jesus sat at meat in the Pharisee's house, brought an alabaster box of ointment,
Luke	7	38			et stans retro secus pedes eius lacrimis coepit rigare pedes eius et capillis capitis sui tergebat et osculabatur pedes eius et unguento unguebat	et stans retro secus pedes ejus, lacrimis cpit rigare pedes ejus, et capillis capitis sui tergebat, et osculabatur pedes ejus, et unguento ungebat.	και στασα παρα τους ποδας αυτου οπισω κλαιουσα ηρξατο βρεχειν τους ποδας αυτου τοις δακρυσιν και ταις θριξιν της κεφαλης αυτης εξεμασσεν και κατεφιλει τους ποδας αυτου και ηλειφεν τω μυρω 	And stood at his feet behind him weeping, and began to wash his feet with tears, and did wipe them with the hairs of her head, and kissed his feet, and anointed them with the ointment.
Luke	7	39			videns autem Pharisaeus qui vocaverat eum ait intra se dicens hic si esset propheta sciret utique quae et qualis mulier quae tangit eum quia peccatrix est	Videns autem pharisus, qui vocaverat eum, ait intra se dicens: Hic si esset propheta, sciret utique qu et qualis est mulier, qu tangit eum: quia peccatrix est.	ιδων δε ο φαρισαιος ο καλεσας αυτον ειπεν εν εαυτω λεγων ουτος ει ην προφητης εγινωσκεν αν τις και ποταπη η γυνη ητις απτεται αυτου οτι αμαρτωλος εστιν 	Now when the Pharisee which had bidden him saw it, he spake within himself, saying, This man, if he were a prophet, would have known who and what manner of woman this is that toucheth him: for she is a sinner.
Luke	7	40			et respondens Iesus dixit ad illum Simon habeo tibi aliquid dicere at ille ait magister dic	Et respondens Jesus, dixit ad illum: Simon, habeo tibi aliquid dicere. At ille ait: Magister, dic.	και αποκριθεις ο ιησους ειπεν προς αυτον σιμων εχω σοι τι ειπειν ο δε φησιν διδασκαλε ειπε 	And Jesus answering said unto him, Simon, I have somewhat to say unto thee. And he saith, Master, say on.
Luke	7	41			duo debitores erant cuidam feneratori unus debebat denarios quingentos alius quinquaginta	Duo debitores erant cuidam fneratori: unus debebat denarios quingentos, et alius quinquaginta.	δυο χρεωφειλεται ησαν δανειστη τινι ο εις ωφειλεν δηναρια πεντακοσια ο δε ετερος πεντηκοντα 	There was a certain creditor which had two debtors: the one owed five hundred pence, and the other fifty.
Luke	7	42			non habentibus illis unde redderent donavit utrisque quis ergo eum plus diliget	Non habentibus illis unde redderent, donavit utrisque. Quis ergo eum plus diligit?	μη εχοντων δε αυτων αποδουναι αμφοτεροις εχαρισατο τις ουν αυτων ειπε πλειον αυτον αγαπησει 	And when they had nothing to pay, he frankly forgave them both. Tell me therefore, which of them will love him most?
Luke	7	43			respondens Simon dixit aestimo quia is cui plus donavit at ille dixit ei recte iudicasti	Respondens Simon dixit: stimo quia is cui plus donavit. At ille dixit: Recte judicasti.	αποκριθεις δε ο σιμων ειπεν υπολαμβανω οτι ω το πλειον εχαρισατο ο δε ειπεν αυτω ορθως εκρινας 	Simon answered and said, I suppose that he, to whom he forgave most. And he said unto him, Thou hast rightly judged.
Luke	7	44			et conversus ad mulierem dixit Simoni vides hanc mulierem intravi in domum tuam aquam pedibus meis non dedisti haec autem lacrimis rigavit pedes meos et capillis suis tersit	Et conversus ad mulierem, dixit Simoni: Vides hanc mulierem? Intravi in domum tuam, aquam pedibus meis non dedisti: hc autem lacrimis rigavit pedes meos, et capillis suis tersit.	και στραφεις προς την γυναικα τω σιμωνι εφη βλεπεις ταυτην την γυναικα εισηλθον σου εις την οικιαν υδωρ επι τους ποδας μου ουκ εδωκας αυτη δε τοις δακρυσιν εβρεξεν μου τους ποδας και ταις θριξιν της κεφαλης αυτης εξεμαξεν 	And he turned to the woman, and said unto Simon, Seest thou this woman? I entered into thine house, thou gavest me no water for my feet: but she hath washed my feet with tears, and wiped them with the hairs of her head.
Luke	7	45			osculum mihi non dedisti haec autem ex quo intravit non cessavit osculari pedes meos	Osculum mihi non dedisti: hc autem ex quo intravit, non cessavit osculari pedes meos.	φιλημα μοι ουκ εδωκας αυτη δε αφ ης εισηλθον ου διελιπεν καταφιλουσα μου τους ποδας 	Thou gavest me no kiss: but this woman since the time I came in hath not ceased to kiss my feet.
Luke	7	46			oleo caput meum non unxisti haec autem unguento unxit pedes meos	Oleo caput meum non unxisti: hc autem unguento unxit pedes meos.	ελαιω την κεφαλην μου ουκ ηλειψας αυτη δε μυρω ηλειψεν μου τους ποδας 	My head with oil thou didst not anoint: but this woman hath anointed my feet with ointment.
Luke	7	47			propter quod dico tibi remittentur ei peccata multa quoniam dilexit multum cui autem minus dimittitur minus diligit	Propter quod dico tibi: remittuntur ei peccata multa, quoniam dilexit multum. Cui autem minus dimittitur, minus diligit.	ου χαριν λεγω σοι αφεωνται αι αμαρτιαι αυτης αι πολλαι οτι ηγαπησεν πολυ ω δε ολιγον αφιεται ολιγον αγαπα 	Wherefore I say unto thee, Her sins, which are many, are forgiven; for she loved much: but to whom little is forgiven, the same loveth little.
Luke	7	48			dixit autem ad illam remittuntur tibi peccata	Dixit autem ad illam: Remittuntur tibi peccata.	ειπεν δε αυτη αφεωνται σου αι αμαρτιαι 	And he said unto her, Thy sins are forgiven.
Luke	7	49			et coeperunt qui simul accumbebant dicere intra se quis est hic qui etiam peccata dimittit	Et cperunt qui simul accumbebant, dicere intra se: Quis est hic qui etiam peccata dimittit?	και ηρξαντο οι συνανακειμενοι λεγειν εν εαυτοις τις ουτος εστιν ος και αμαρτιας αφιησιν 	And they that sat at meat with him began to say within themselves, Who is this that forgiveth sins also?
Luke	7	50			dixit autem ad mulierem fides tua te salvam fecit vade in pace	Dixit autem ad mulierem: Fides tua te salvam fecit: vade in pace.	ειπεν δε προς την γυναικα η πιστις σου σεσωκεν σε πορευου εις ειρηνην   	And he said to the woman, Thy faith hath saved thee; go in peace.
Luke	8	1			et factum est deinceps et ipse iter faciebat per civitatem et castellum praedicans et evangelizans regnum Dei et duodecim cum illo	Et factum est deinceps, et ipse iter faciebat per civitates, et castella prdicans, et evangelizans regnum Dei: et duodecim cum illo,	και εγενετο εν τω καθεξης και αυτος διωδευεν κατα πολιν και κωμην κηρυσσων και ευαγγελιζομενος την βασιλειαν του θεου και οι δωδεκα συν αυτω 	And it came to pass afterward, that he went throughout every city and village, preaching and shewing the glad tidings of the kingdom of God: and the twelve were with him,
Luke	8	2			et mulieres aliquae quae erant curatae ab spiritibus malignis et infirmitatibus Maria quae vocatur Magdalene de qua daemonia septem exierant	et mulieres aliqu, qu erant curat a spiritibus malignis et infirmatibus: Maria, qu vocatur Magdalene, de qua septem dmonia exierant,	και γυναικες τινες αι ησαν τεθεραπευμεναι απο πνευματων πονηρων και ασθενειων μαρια η καλουμενη μαγδαληνη αφ ης δαιμονια επτα εξεληλυθει 	And certain women, which had been healed of evil spirits and infirmities, Mary called Magdalene, out of whom went seven devils,
Luke	8	3			et Iohanna uxor Chuza procuratoris Herodis et Susanna et aliae multae quae ministrabant eis de facultatibus suis	et Joanna uxor Chus procuratoris Herodis, et Susanna, et ali mult, qu ministrabant ei de facultatibus suis.	και ιωαννα γυνη χουζα επιτροπου ηρωδου και σουσαννα και ετεραι πολλαι αιτινες διηκονουν αυτω απο των υπαρχοντων αυταις 	And Joanna the wife of Chuza Herod's steward, and Susanna, and many others, which ministered unto him of their substance.
Luke	8	4			cum autem turba plurima conveniret et de civitatibus properarent ad eum dixit per similitudinem	Cum autem turba plurima convenirent, et de civitatibus properarent ad eum, dixit per similitudinem:	συνιοντος δε οχλου πολλου και των κατα πολιν επιπορευομενων προς αυτον ειπεν δια παραβολης 	And when much people were gathered together, and were come to him out of every city, he spake by a parable:
Luke	8	5			exiit qui seminat seminare semen suum et dum seminat aliud cecidit secus viam et conculcatum est et volucres caeli comederunt illud	Exiit qui seminat, seminare semen suum. Et dum seminat, aliud cecidit secus viam, et conculcatum est, et volucres cli comederunt illud.	εξηλθεν ο σπειρων του σπειραι τον σπορον αυτου και εν τω σπειρειν αυτον ο μεν επεσεν παρα την οδον και κατεπατηθη και τα πετεινα του ουρανου κατεφαγεν αυτο 	A sower went out to sow his seed: and as he sowed, some fell by the way side; and it was trodden down, and the fowls of the air devoured it.
Luke	8	6			et aliud cecidit supra petram et natum aruit quia non habebat humorem	Et aliud cecidit supra petrum: et natum aruit, quia non habebat humorem.	και ετερον επεσεν επι την πετραν και φυεν εξηρανθη δια το μη εχειν ικμαδα 	And some fell upon a rock; and as soon as it was sprung up, it withered away, because it lacked moisture.
Luke	8	7			et aliud cecidit inter spinas et simul exortae spinae suffocaverunt illud	Et aliud cecidit inter spinas, et simul exort spin suffocaverunt illud.	και ετερον επεσεν εν μεσω των ακανθων και συμφυεισαι αι ακανθαι απεπνιξαν αυτο 	And some fell among thorns; and the thorns sprang up with it, and choked it.
Luke	8	8			et aliud cecidit in terram bonam et ortum fecit fructum centuplum haec dicens clamabat qui habet aures audiendi audiat	Et aliud cecidit in terram bonam: et ortum fecit fructum centuplum. Hc dicens clamabat: Qui habet aures audiendi, audiat.	και ετερον επεσεν επι την γην την αγαθην και φυεν εποιησεν καρπον εκατονταπλασιονα ταυτα λεγων εφωνει ο εχων ωτα ακουειν ακουετω 	And other fell on good ground, and sprang up, and bare fruit an hundredfold. And when he had said these things, he cried, He that hath ears to hear, let him hear.
Luke	8	9			interrogabant autem eum discipuli eius quae esset haec parabola	Interrogabant autem eum discipuli ejus, qu esset hc parabola.	επηρωτων δε αυτον οι μαθηται αυτου λεγοντες τις ειη η παραβολη αυτη 	And his disciples asked him, saying, What might this parable be?
Luke	8	10			quibus ipse dixit vobis datum est nosse mysterium regni Dei ceteris autem in parabolis ut videntes non videant et audientes non intellegant	Quibus ipse dixit: Vobis datum est nosse mysterium regni Dei, ceteris autem in parabolis: ut videntes non videant, et audientes non intelligant.	ο δε ειπεν υμιν δεδοται γνωναι τα μυστηρια της βασιλειας του θεου τοις δε λοιποις εν παραβολαις ινα βλεποντες μη βλεπωσιν και ακουοντες μη συνιωσιν 	And he said, Unto you it is given to know the mysteries of the kingdom of God: but to others in parables; that seeing they might not see, and hearing they might not understand.
Luke	8	11			est autem haec parabola semen est verbum Dei	Est autem hc parabola: Semen est verbum Domini.	εστιν δε αυτη η παραβολη ο σπορος εστιν ο λογος του θεου 	Now the parable is this: The seed is the word of God.
Luke	8	12			qui autem secus viam sunt qui audiunt deinde venit diabolus et tollit verbum de corde eorum ne credentes salvi fiant	Qui autem secus viam, hi sunt qui audiunt: deinde venit diabolus, et tollit verbum de corde eorum, ne credentes salvi fiant.	οι δε παρα την οδον εισιν οι ακουοντες ειτα ερχεται ο διαβολος και αιρει τον λογον απο της καρδιας αυτων ινα μη πιστευσαντες σωθωσιν 	Those by the way side are they that hear; then cometh the devil, and taketh away the word out of their hearts, lest they should believe and be saved.
Luke	8	13			nam qui supra petram qui cum audierint cum gaudio suscipiunt verbum et hii radices non habent qui ad tempus credunt et in tempore temptationis recedunt	Nam qui supra petram, qui cum audierint, cum gaudio suscipiunt verbum: et hi radices non habent: qui ad tempus credunt, et in tempore tentationis recedunt.	οι δε επι της πετρας οι οταν ακουσωσιν μετα χαρας δεχονται τον λογον και ουτοι ριζαν ουκ εχουσιν οι προς καιρον πιστευουσιν και εν καιρω πειρασμου αφιστανται 	They on the rock are they, which, when they hear, receive the word with joy; and these have no root, which for a while believe, and in time of temptation fall away.
Luke	8	14			quod autem in spinis cecidit hii sunt qui audierunt et a sollicitudinibus et divitiis et voluptatibus vitae euntes suffocantur et non referunt fructum	Quod autem in spinas cecidit: hi sunt qui audierunt, et a sollicitudinibus, et divitiis, et voluptatibus vit euntes, suffocantur, et non referunt fructum.	το δε εις τας ακανθας πεσον ουτοι εισιν οι ακουσαντες και υπο μεριμνων και πλουτου και ηδονων του βιου πορευομενοι συμπνιγονται και ου τελεσφορουσιν 	And that which fell among thorns are they, which, when they have heard, go forth, and are choked with cares and riches and pleasures of this life, and bring no fruit to perfection.
Luke	8	15			quod autem in bonam terram hii sunt qui in corde bono et optimo audientes verbum retinent et fructum adferunt in patientia	Quod autem in bonam terram: hi sunt qui in corde bono et optimo audientes verbum retinent, et fructum afferunt in patientia.	το δε εν τη καλη γη ουτοι εισιν οιτινες εν καρδια καλη και αγαθη ακουσαντες τον λογον κατεχουσιν και καρποφορουσιν εν υπομονη 	But that on the good ground are they, which in an honest and good heart, having heard the word, keep it, and bring forth fruit with patience.
Luke	8	16			nemo autem lucernam accendens operit eam vaso aut subtus lectum ponit sed supra candelabrum ponit ut intrantes videant lumen	Nemo autem lucernam accendens, operit eam vase, aut subtus lectum ponit: sed supra candelabrum ponit, ut intrantes videant lumen.	ουδεις δε λυχνον αψας καλυπτει αυτον σκευει η υποκατω κλινης τιθησιν αλλ επι λυχνιας επιτιθησιν ινα οι εισπορευομενοι βλεπωσιν το φως 	No man, when he hath lighted a candle, covereth it with a vessel, or putteth it under a bed; but setteth it on a candlestick, that they which enter in may see the light.
Luke	8	17			non enim est occultum quod non manifestetur nec absconditum quod non cognoscatur et in palam veniat	Non est enim occultum, quod non manifestetur: nec absconditum, quod non cognoscatur, et in palam veniat.	ου γαρ εστιν κρυπτον ο ου φανερον γενησεται ουδε αποκρυφον ο ου γνωσθησεται και εις φανερον ελθη 	For nothing is secret, that shall not be made manifest; neither any thing hid, that shall not be known and come abroad.
Luke	8	18			videte ergo quomodo auditis qui enim habet dabitur illi et quicumque non habet etiam quod putat se habere auferetur ab illo	Videte ergo quomodo audiatis? Qui enim habet, dabitur illi: et quicumque non habet, etiam quod putat se habere, auferetur ab illo.	βλεπετε ουν πως ακουετε ος γαρ αν εχη δοθησεται αυτω και ος αν μη εχη και ο δοκει εχειν αρθησεται απ αυτου 	Take heed therefore how ye hear: for whosoever hath, to him shall be given; and whosoever hath not, from him shall be taken even that which he seemeth to have.
Luke	8	19			venerunt autem ad illum mater et fratres eius et non poterant adire ad eum prae turba	Venerunt autem ad illum mater et fratres ejus, et non poterant adire eum pr turba.	παρεγενοντο δε προς αυτον η μητηρ και οι αδελφοι αυτου και ουκ ηδυναντο συντυχειν αυτω δια τον οχλον 	Then came to him his mother and his brethren, and could not come at him for the press.
Luke	8	20			et nuntiatum est illi mater tua et fratres tui stant foris volentes te videre	Et nuntiatum est illi: Mater tua et fratres tui stant foris, volentes te videre.	και απηγγελη αυτω λεγοντων η μητηρ σου και οι αδελφοι σου εστηκασιν εξω ιδειν σε θελοντες 	And it was told him by certain which said, Thy mother and thy brethren stand without, desiring to see thee.
Luke	8	21			qui respondens dixit ad eos mater mea et fratres mei hii sunt qui verbum Dei audiunt et faciunt	Qui respondens, dixit ad eos: Mater mea et fratres mei hi sunt, qui verbum Dei audiunt et faciunt.	ο δε αποκριθεις ειπεν προς αυτους μητηρ μου και αδελφοι μου ουτοι εισιν οι τον λογον του θεου ακουοντες και ποιουντες αυτον 	And he answered and said unto them, My mother and my brethren are these which hear the word of God, and do it.
Luke	8	22			factum est autem in una dierum et ipse ascendit in naviculam et discipuli eius et ait ad illos transfretemus trans stagnum et ascenderunt	Factum est autem in una dierum: et ipse ascendit in naviculam, et discipuli ejus, et ait ad illos: Transfretemus trans stagnum. Et ascenderunt.	και εγενετο εν μια των ημερων και αυτος ενεβη εις πλοιον και οι μαθηται αυτου και ειπεν προς αυτους διελθωμεν εις το περαν της λιμνης και ανηχθησαν 	Now it came to pass on a certain day, that he went into a ship with his disciples: and he said unto them, Let us go over unto the other side of the lake. And they launched forth.
Luke	8	23			navigantibus autem illis obdormiit et descendit procella venti in stagnum et conplebantur et periclitabantur	Et navigantibus illis, obdormivit, et descendit procella venti in stagnum, et complebantur, et periclitabantur.	πλεοντων δε αυτων αφυπνωσεν και κατεβη λαιλαψ ανεμου εις την λιμνην και συνεπληρουντο και εκινδυνευον 	But as they sailed he fell asleep: and there came down a storm of wind on the lake; and they were filled with water, and were in jeopardy.
Luke	8	24			accedentes autem suscitaverunt eum dicentes praeceptor perimus at ille surgens increpavit ventum et tempestatem aquae et cessavit et facta est tranquillitas	Accedentes autem suscitaverunt eum, dicentes: Prceptor, perimus. At ille surgens, increpavit ventum, et tempestatem aqu, et cessavit: et facta est tranquillitas.	προσελθοντες δε διηγειραν αυτον λεγοντες επιστατα επιστατα απολλυμεθα ο δε εγερθεις επετιμησεν τω ανεμω και τω κλυδωνι του υδατος και επαυσαντο και εγενετο γαληνη 	And they came to him, and awoke him, saying, Master, master, we perish. Then he arose, and rebuked the wind and the raging of the water: and they ceased, and there was a calm.
Luke	8	25			dixit autem illis ubi est fides vestra qui timentes mirati sunt dicentes ad invicem quis putas hic est quia et ventis imperat et mari et oboediunt ei	Dixit autem illis: Ubi est fides vestra? Qui timentes, mirati sunt ad invicem, dicentes: Quis putas hic est, quia et ventis, et mari imperat, et obediunt ei?	ειπεν δε αυτοις που εστιν η πιστις υμων φοβηθεντες δε εθαυμασαν λεγοντες προς αλληλους τις αρα ουτος εστιν οτι και τοις ανεμοις επιτασσει και τω υδατι και υπακουουσιν αυτω 	And he said unto them, Where is your faith? And they being afraid wondered, saying one to another, What manner of man is this! for he commandeth even the winds and water, and they obey him.
Luke	8	26			enavigaverunt autem ad regionem Gerasenorum quae est contra Galilaeam	Et navigaverunt ad regionem Gerasenorum, qu est contra Galilam.	και κατεπλευσαν εις την χωραν των γαδαρηνων ητις εστιν αντιπεραν της γαλιλαιας 	And they arrived at the country of the Gadarenes, which is over against Galilee.
Luke	8	27			et cum egressus esset ad terram occurrit illi vir quidam qui habebat daemonium iam temporibus multis et vestimento non induebatur neque in domo manebat sed in monumentis	Et cum egressus esset ad terram, occurrit illi vir quidam, qui habebat dmonium jam temporibus multis, et vestimento non induebatur, neque in domo manebat, sed in monumentis.	εξελθοντι δε αυτω επι την γην υπηντησεν αυτω ανηρ τις εκ της πολεως ος ειχεν δαιμονια εκ χρονων ικανων και ιματιον ουκ ενεδιδυσκετο και εν οικια ουκ εμενεν αλλ εν τοις μνημασιν 	And when he went forth to land, there met him out of the city a certain man, which had devils long time, and ware no clothes, neither abode in any house, but in the tombs.
Luke	8	28			is ut vidit Iesum procidit ante illum et exclamans voce magna dixit quid mihi et tibi est Iesu Fili Dei altissimi obsecro te ne me torqueas	Is, ut vidit Jesum, procidit ante illum: et exclamans voce magna, dixit: Quid mihi et tibi est, Jesu Fili Dei Altissimi? obsecro te, ne me torqueas.	ιδων δε τον ιησουν και ανακραξας προσεπεσεν αυτω και φωνη μεγαλη ειπεν τι εμοι και σοι ιησου υιε του θεου του υψιστου δεομαι σου μη με βασανισης 	When he saw Jesus, he cried out, and fell down before him, and with a loud voice said, What have I to do with thee, Jesus, thou Son of God most high? I beseech thee, torment me not.
Luke	8	29			praecipiebat enim spiritui inmundo ut exiret ab homine multis enim temporibus arripiebat illum et vinciebatur catenis et conpedibus custoditus et ruptis vinculis agebatur a daemonio in deserta	Prcipiebat enim spiritui immundo ut exiret ab homine. Multis enim temporibus arripiebat illum, et vinciebatur catenis, et compedibus custoditus. Et ruptis vinculis agebatur a dmonio in deserta.	παρηγγελλεν  παρηγγειλεν  γαρ τω πνευματι τω ακαθαρτω εξελθειν απο του ανθρωπου πολλοις γαρ χρονοις συνηρπακει αυτον και εδεσμειτο αλυσεσιν και πεδαις φυλασσομενος και διαρρησσων τα δεσμα ηλαυνετο υπο του δαιμονος εις τας ερημους 	(For he had commanded the unclean spirit to come out of the man. For oftentimes it had caught him: and he was kept bound with chains and in fetters; and he brake the bands, and was driven of the devil into the wilderness.)
Luke	8	30			interrogavit autem illum Iesus dicens quod tibi nomen est at ille dixit Legio quia intraverunt daemonia multa in eum	Interrogavit autem illum Jesus, dicens: Quod tibi nomen est? At ille dixit: Legio: quia intraverant dmonia multa in eum.	επηρωτησεν δε αυτον ο ιησους λεγων τι σοι εστιν ονομα ο δε ειπεν λεγεων οτι δαιμονια πολλα εισηλθεν εις αυτον 	And Jesus asked him, saying, What is thy name? And he said, Legion: because many devils were entered into him.
Luke	8	31			et rogabant illum ne imperaret illis ut in abyssum irent	Et rogabant illum ne imperaret illis ut in abyssum irent.	και παρεκαλει  παρεκαλουν  αυτον ινα μη επιταξη αυτοις εις την αβυσσον απελθειν 	And they besought him that he would not command them to go out into the deep.
Luke	8	32			erat autem ibi grex porcorum multorum pascentium in monte et rogabant eum ut permitteret eos in illos ingredi et permisit illos	Erat autem ibi grex porcorum multorum pascentium in monte: et rogabant eum, ut permitteret eis in illos ingredi. Et permisit illis.	ην δε εκει αγελη χοιρων ικανων βοσκομενων εν τω ορει και παρεκαλουν αυτον ινα επιτρεψη αυτοις εις εκεινους εισελθειν και επετρεψεν αυτοις 	And there was there an herd of many swine feeding on the mountain: and they besought him that he would suffer them to enter into them. And he suffered them.
Luke	8	33			exierunt ergo daemonia ab homine et intraverunt in porcos et impetu abiit grex per praeceps in stagnum et suffocatus est	Exierunt ergo dmonia ab homine, et intraverunt in porcos: et impetu abiit grex per prceps in stagnum, et suffocatus est.	εξελθοντα δε τα δαιμονια απο του ανθρωπου εισηλθεν εις τους χοιρους και ωρμησεν η αγελη κατα του κρημνου εις την λιμνην και απεπνιγη 	Then went the devils out of the man, and entered into the swine: and the herd ran violently down a steep place into the lake, and were choked.
Luke	8	34			quod ut viderunt factum qui pascebant fugerunt et nuntiaverunt in civitatem et in villas	Quod ut viderunt factum qui pascebant, fugerunt, et nuntiaverunt in civitatem et in villas.	ιδοντες δε οι βοσκοντες το γεγενημενον εφυγον και απελθοντες απηγγειλαν εις την πολιν και εις τους αγρους 	When they that fed them saw what was done, they fled, and went and told it in the city and in the country.
Luke	8	35			exierunt autem videre quod factum est et venerunt ad Iesum et invenerunt hominem sedentem a quo daemonia exierant vestitum ac sana mente ad pedes eius et timuerunt	Exierunt autem videre quod factum est, et venerunt ad Jesum, et invenerunt hominem sedentem, a quo dmonia exierant, vestitum ac sana mente, ad pedes ejus, et timuerunt.	εξηλθον δε ιδειν το γεγονος και ηλθον προς τον ιησουν και ευρον καθημενον τον ανθρωπον αφ ου τα δαιμονια εξεληλυθει ιματισμενον και σωφρονουντα παρα τους ποδας του ιησου και εφοβηθησαν 	Then they went out to see what was done; and came to Jesus, and found the man, out of whom the devils were departed, sitting at the feet of Jesus, clothed, and in his right mind: and they were afraid.
Luke	8	36			nuntiaverunt autem illis et qui viderant quomodo sanus factus esset a Legione	Nuntiaverunt autem illis et qui viderant, quomodo sanus factus esset a legione:	απηγγειλαν δε αυτοις και οι ιδοντες πως εσωθη ο δαιμονισθεις 	They also which saw it told them by what means he that was possessed of the devils was healed.
Luke	8	37			et rogaverunt illum omnis multitudo regionis Gerasenorum ut discederet ab ipsis quia timore magno tenebantur ipse autem ascendens navem reversus est	et rogaverunt illum omnis multitudo regionis Gerasenorum ut discederet ab ipsis: quia magno timore tenebantur. Ipse autem ascendens navim, reversus est.	και ηρωτησαν αυτον απαν το πληθος της περιχωρου των γαδαρηνων απελθειν απ αυτων οτι φοβω μεγαλω συνειχοντο αυτος δε εμβας εις το πλοιον υπεστρεψεν 	Then the whole multitude of the country of the Gadarenes round about besought him to depart from them; for they were taken with great fear: and he went up into the ship, and returned back again.
Luke	8	38			et rogabat illum vir a quo daemonia exierant ut cum eo esset dimisit autem eum Iesus dicens	Et rogabat illum vir, a quo dmonia exierant, ut cum eo esset. Dimisit autem eum Jesus, dicens:	εδεετο δε αυτου ο ανηρ αφ ου εξεληλυθει τα δαιμονια ειναι συν αυτω απελυσεν δε αυτον ο ιησους λεγων 	Now the man out of whom the devils were departed besought him that he might be with him: but Jesus sent him away, saying,
Luke	8	39			redi domum tuam et narra quanta tibi fecit Deus et abiit per universam civitatem praedicans quanta illi fecisset Iesus	Redi in domum tuam, et narra quanta tibi fecit Deus. Et abiit per universam civitatem, prdicans quanta illi fecisset Jesus.	υποστρεφε εις τον οικον σου και διηγου οσα εποιησεν σοι ο θεος και απηλθεν καθ ολην την πολιν κηρυσσων οσα εποιησεν αυτω ο ιησους 	Return to thine own house, and shew how great things God hath done unto thee. And he went his way, and published throughout the whole city how great things Jesus had done unto him.
Luke	8	40			factum est autem cum redisset Iesus excepit illum turba erant enim omnes expectantes eum	Factum est autem cum rediisset Jesus, excepit illum turba: erunt enim omnes exspectantes eum.	εγενετο δε εν τω υποστρεψαι τον ιησουν απεδεξατο αυτον ο οχλος ησαν γαρ παντες προσδοκωντες αυτον 	And it came to pass, that, when Jesus was returned, the people gladly received him: for they were all waiting for him.
Luke	8	41			et ecce venit vir cui nomen Iairus et ipse princeps synagogae erat et cecidit ad pedes Iesu rogans eum ut intraret in domum eius	Et ecce venit vir, cui nomen Jairus, et ipse princeps synagog erat: et cecidit ad pedes Jesu, rogans eum ut intraret in domum ejus,	και ιδου ηλθεν ανηρ ω ονομα ιαειρος και αυτος αρχων της συναγωγης υπηρχεν και πεσων παρα τους ποδας του ιησου παρεκαλει αυτον εισελθειν εις τον οικον αυτου 	And, behold, there came a man named Jairus, and he was a ruler of the synagogue: and he fell down at Jesus' feet, and besought him that he would come into his house:
Luke	8	42			quia filia unica erat illi fere annorum duodecim et haec moriebatur et contigit dum iret a turbis conprimebatur	quia unica filia erat ei fere annorum duodecim, et hc moriebatur. Et contigit, dum iret, a turba comprimebatur.	οτι θυγατηρ μονογενης ην αυτω ως ετων δωδεκα και αυτη απεθνησκεν εν δε τω υπαγειν αυτον οι οχλοι συνεπνιγον αυτον 	For he had one only daughter, about twelve years of age, and she lay a dying. But as he went the people thronged him.
Luke	8	43			et mulier quaedam erat in fluxu sanguinis ab annis duodecim quae in medicos erogaverat omnem substantiam suam nec ab ullo potuit curari	Et mulier qudam erat in fluxu sanguinis ab annis duodecim, qu in medicos erogaverat omnem substantiam suam, nec ab ullo potuit curari:	και γυνη ουσα εν ρυσει αιματος απο ετων δωδεκα ητις εις ιατρους προσαναλωσασα ολον τον βιον ουκ ισχυσεν υπ ουδενος θεραπευθηναι 	And a woman having an issue of blood twelve years, which had spent all her living upon physicians, neither could be healed of any,
Luke	8	44			accessit retro et tetigit fimbriam vestimenti eius et confestim stetit fluxus sanguinis eius	accessit retro, et tetigit fimbriam vestimenti ejus: et confestim stetit fluxus sanguinis ejus.	προσελθουσα οπισθεν ηψατο του κρασπεδου του ιματιου αυτου και παραχρημα εστη η ρυσις του αιματος αυτης 	Came behind him, and touched the border of his garment: and immediately her issue of blood stanched.
Luke	8	45			et ait Iesus quis est qui me tetigit negantibus autem omnibus dixit Petrus et qui cum illo erant praeceptor turbae te conprimunt et adfligunt et dicis quis me tetigit	Et ait Jesus: Quis est, qui me tetigit? Negantibus autem omnibus, dixit Petrus, et qui cum illo erant: Prceptor, turb te comprimunt, et affligunt, et dicis: Quis me tetigit?	και ειπεν ο ιησους τις ο αψαμενος μου αρνουμενων δε παντων ειπεν ο πετρος και οι μετ αυτου επιστατα οι οχλοι συνεχουσιν σε και αποθλιβουσιν και λεγεις τις ο αψαμενος μου 	And Jesus said, Who touched me? When all denied, Peter and they that were with him said, Master, the multitude throng thee and press thee, and sayest thou, Who touched me?
Luke	8	46			et dixit Iesus tetigit me aliquis nam ego novi virtutem de me exisse	Et dicit Jesus: Tetigit me aliquis: nam ego novi virtutem de me exiisse.	ο δε ιησους ειπεν ηψατο μου τις εγω γαρ εγνων δυναμιν εξελθουσαν απ εμου 	And Jesus said, Somebody hath touched me: for I perceive that virtue is gone out of me.
Luke	8	47			videns autem mulier quia non latuit tremens venit et procidit ante pedes illius et ob quam causam tetigerit eum indicavit coram omni populo et quemadmodum confestim sanata sit	Videns autem mulier, quia non latuit, tremens venit, et procidit ante pedes ejus: et ob quam causam tetigerit eum, indicavit coram omni populo: et quemadmodum confestim sanata sit.	ιδουσα δε η γυνη οτι ουκ ελαθεν τρεμουσα ηλθεν και προσπεσουσα αυτω δι ην αιτιαν ηψατο αυτου απηγγειλεν αυτω ενωπιον παντος του λαου και ως ιαθη παραχρημα 	And when the woman saw that she was not hid, she came trembling, and falling down before him, she declared unto him before all the people for what cause she had touched him, and how she was healed immediately.
Luke	8	48			at ipse dixit illi filia fides tua te salvam fecit vade in pace	At ipse dixit ei: Filia, fides tua salvam te fecit: vade in pace.	ο δε ειπεν αυτη θαρσει θυγατερ η πιστις σου σεσωκεν σε πορευου εις ειρηνην 	And he said unto her, Daughter, be of good comfort: thy faith hath made thee whole; go in peace.
Luke	8	49			adhuc illo loquente venit a principe synagogae dicens ei quia mortua est filia tua noli vexare illum	Adhuc illo loquente, venit quidam ad principem synagog, dicens ei: Quia mortua est filia tua, noli vexare illum.	ετι αυτου λαλουντος ερχεται τις παρα του αρχισυναγωγου λεγων αυτω οτι τεθνηκεν η θυγατηρ σου μη σκυλλε τον διδασκαλον 	While he yet spake, there cometh one from the ruler of the synagogue's house, saying to him, Thy daughter is dead; trouble not the Master.
Luke	8	50			Iesus autem audito hoc verbo respondit patri puellae noli timere crede tantum et salva erit	Jesus autem, audito hoc verbo, respondit patri puell: Noli timere, crede tantum, et salva erit.	ο δε ιησους ακουσας απεκριθη αυτω λεγων μη φοβου μονον πιστευε και σωθησεται 	But when Jesus heard it, he answered him, saying, Fear not: believe only, and she shall be made whole.
Luke	8	51			et cum venisset domum non permisit intrare secum quemquam nisi Petrum et Iohannem et Iacobum et patrem et matrem puellae	Et cum venisset domum, non permisit intrare secum quemquam, nisi Petrum, et Jacobum, et Joannem, et patrem, et matrem puell.	εισελθων δε εις την οικιαν ουκ αφηκεν εισελθειν ουδενα ει μη πετρον και ιακωβον και ιωαννην και τον πατερα της παιδος και την μητερα 	And when he came into the house, he suffered no man to go in, save Peter, and James, and John, and the father and the mother of the maiden.
Luke	8	52			flebant autem omnes et plangebant illam at ille dixit nolite flere non est mortua sed dormit	Flebant autem omnes, et plangebant illam. At ille dixit: Nolite flere: non est mortua puella, sed dormit.	εκλαιον δε παντες και εκοπτοντο αυτην ο δε ειπεν μη κλαιετε ουκ απεθανεν αλλα καθευδει 	And all wept, and bewailed her: but he said, Weep not; she is not dead, but sleepeth.
Luke	8	53			et deridebant eum scientes quia mortua esset	Et deridebant eum, scientes quod mortua esset.	και κατεγελων αυτου ειδοτες οτι απεθανεν 	And they laughed him to scorn, knowing that she was dead.
Luke	8	54			ipse autem tenens manum eius clamavit dicens puella surge	Ipse autem tenens manum ejus clamavit, dicens: Puella, surge.	αυτος δε εκβαλων εξω παντας και κρατησας της χειρος αυτης εφωνησεν λεγων η παις εγειρου 	And he put them all out, and took her by the hand, and called, saying, Maid, arise.
Luke	8	55			et reversus est spiritus eius et surrexit continuo et iussit illi dari manducare	Et reversus est spiritus ejus, et surrexit continuo. Et jussit illi dari manducare.	και επεστρεψεν το πνευμα αυτης και ανεστη παραχρημα και διεταξεν αυτη δοθηναι φαγειν 	And her spirit came again, and she arose straightway: and he commanded to give her meat.
Luke	8	56			et stupuerunt parentes eius quibus praecepit ne alicui dicerent quod factum erat	Et stupuerunt parentes ejus, quibus prcepit ne alicui dicerent quod factum erat.	και εξεστησαν οι γονεις αυτης ο δε παρηγγειλεν αυτοις μηδενι ειπειν το γεγονος   	And her parents were astonished: but he charged them that they should tell no man what was done.
Luke	9	1			convocatis autem duodecim apostolis dedit illis virtutem et potestatem super omnia daemonia et ut languores curarent	Convocatis autem duodecim Apostolis, dedit illis virtutem et potestatem super omnia dmonia, et ut languores curarent.	συγκαλεσαμενος δε τους δωδεκα μαθητας αυτου εδωκεν αυτοις δυναμιν και εξουσιαν επι παντα τα δαιμονια και νοσους θεραπευειν 	Then he called his twelve disciples together, and gave them power and authority over all devils, and to cure diseases.
Luke	9	2			et misit illos praedicare regnum Dei et sanare infirmos	Et misit illos prdicare regnum Dei, et sanare infirmos.	και απεστειλεν αυτους κηρυσσειν την βασιλειαν του θεου και ιασθαι τους ασθενουντας 	And he sent them to preach the kingdom of God, and to heal the sick.
Luke	9	3			et ait ad illos nihil tuleritis in via neque virgam neque peram neque panem neque pecuniam neque duas tunicas habeatis	Et ait ad illos: Nihil tuleritis in via, neque virgam, neque peram, neque panem, neque pecuniam, neque duas tunicas habeatis.	και ειπεν προς αυτους μηδεν αιρετε εις την οδον μητε ραβδους μητε πηραν μητε αρτον μητε αργυριον μητε ανα δυο χιτωνας εχειν 	And he said unto them, Take nothing for your journey, neither staves, nor scrip, neither bread, neither money; neither have two coats apiece.
Luke	9	4			et in quamcumque domum intraveritis ibi manete et inde ne exeatis	Et in quamcumque domum intraveritis, ibi manete, et inde ne exeatis.	και εις ην αν οικιαν εισελθητε εκει μενετε και εκειθεν εξερχεσθε 	And whatsoever house ye enter into, there abide, and thence depart.
Luke	9	5			et quicumque non receperint vos exeuntes de civitate illa etiam pulverem pedum vestrorum excutite in testimonium supra illos	Et quicumque non receperint vos: exeuntes de civitate illa, etiam pulverem pedum vestrorum excutite in testimonium supra illos.	και οσοι αν μη δεξωνται υμας εξερχομενοι απο της πολεως εκεινης και τον κονιορτον απο των ποδων υμων αποτιναξατε εις μαρτυριον επ αυτους 	And whosoever will not receive you, when ye go out of that city, shake off the very dust from your feet for a testimony against them.
Luke	9	6			egressi autem circumibant per castella evangelizantes et curantes ubique	Egressi autem circuibant per castella evangelizantes, et curantes ubique.	εξερχομενοι δε διηρχοντο κατα τας κωμας ευαγγελιζομενοι και θεραπευοντες πανταχου 	And they departed, and went through the towns, preaching the gospel, and healing every where.
Luke	9	7			audivit autem Herodes tetrarcha omnia quae fiebant ab eo et haesitabat eo quod diceretur	Audivit autem Herodes tetrarcha omnia qu fiebant ab eo, et hsitabat eo quod diceretur	ηκουσεν δε ηρωδης ο τετραρχης τα γινομενα υπ αυτου παντα και διηπορει δια το λεγεσθαι υπο τινων οτι ιωαννης εγηγερται εκ νεκρων 	Now Herod the tetrarch heard of all that was done by him: and he was perplexed, because that it was said of some, that John was risen from the dead;
Luke	9	8			a quibusdam quia Iohannes surrexit a mortuis a quibusdam vero quia Helias apparuit ab aliis autem quia propheta unus de antiquis surrexit	a quibusdam: Quia Joannes surrexit a mortuis: a quibusdam vero: Quia Elias apparuit: ab aliis autem: Quia propheta unus de antiquis surrexit.	υπο τινων δε οτι ηλιας εφανη αλλων δε οτι προφητης εις των αρχαιων ανεστη 	And of some, that Elias had appeared; and of others, that one of the old prophets was risen again.
Luke	9	9			et ait Herodes Iohannem ego decollavi quis autem est iste de quo audio ego talia et quaerebat videre eum	Et ait Herodes: Joannem ego decollavit: quis est autem iste, de quo ego talia audio? Et qurebat videre eum.	και ειπεν ο ηρωδης ιωαννην εγω απεκεφαλισα τις δε εστιν ουτος περι ου εγω ακουω τοιαυτα και εζητει ιδειν αυτον 	And Herod said, John have I beheaded: but who is this, of whom I hear such things? And he desired to see him.
Luke	9	10			et reversi apostoli narraverunt illi quaecumque fecerunt et adsumptis illis secessit seorsum in locum desertum qui est Bethsaida	Et reversi Apostoli, narraverunt illi qucumque fecerunt: et assumptis illis secessit seorsum in locum desertum, qui est Bethsaid.	και υποστρεψαντες οι αποστολοι διηγησαντο αυτω οσα εποιησαν και παραλαβων αυτους υπεχωρησεν κατ ιδιαν εις τοπον ερημον πολεως καλουμενης βηθσαιδα 	And the apostles, when they were returned, told him all that they had done. And he took them, and went aside privately into a desert place belonging to the city called Bethsaida.
Luke	9	11			quod cum cognovissent turbae secutae sunt illum et excepit illos et loquebatur illis de regno Dei et eos qui cura indigebant sanabat	Quod cum cognovissent turb, secut sunt illum: et excepit eos, et loquebatur illis de regno Dei, et eos, qui cura indigebant, sanabat.	οι δε οχλοι γνοντες ηκολουθησαν αυτω και δεξαμενος αυτους ελαλει αυτοις περι της βασιλειας του θεου και τους χρειαν εχοντας θεραπειας ιατο 	And the people, when they knew it, followed him: and he received them, and spake unto them of the kingdom of God, and healed them that had need of healing.
Luke	9	12			dies autem coeperat declinare et accedentes duodecim dixerunt illi dimitte turbas ut euntes in castella villasque quae circa sunt devertant et inveniant escas quia hic in loco deserto sumus	Dies autem cperat declinare, et accedentes duodecim dixerunt illi: Dimitte turbas, ut euntes in castella villasque qu circa sunt, divertant, et inveniant escas: quia hic in loco deserto sumus.	η δε ημερα ηρξατο κλινειν προσελθοντες δε οι δωδεκα ειπον αυτω απολυσον τον οχλον ινα απελθοντες εις τας κυκλω κωμας και τους αγρους καταλυσωσιν και ευρωσιν επισιτισμον οτι ωδε εν ερημω τοπω εσμεν 	And when the day began to wear away, then came the twelve, and said unto him, Send the multitude away, that they may go into the towns and country round about, and lodge, and get victuals: for we are here in a desert place.
Luke	9	13			ait autem ad illos vos date illis manducare at illi dixerunt non sunt nobis plus quam quinque panes et duo pisces nisi forte nos eamus et emamus in omnem hanc turbam escas	Ait autem ad illos: Vos date illis manducare. At illi dixerunt: Non sunt nobis plus quam quinque panes et duo pisces: nisi forte nos eamus, et emamus in omnem hanc turbam escas.	ειπεν δε προς αυτους δοτε αυτοις υμεις φαγειν οι δε ειπον ουκ εισιν ημιν πλειον η πεντε αρτοι και δυο ιχθυες ει μητι πορευθεντες ημεις αγορασωμεν εις παντα τον λαον τουτον βρωματα 	But he said unto them, Give ye them to eat. And they said, We have no more but five loaves and two fishes; except we should go and buy meat for all this people.
Luke	9	14			erant autem fere viri quinque milia ait autem ad discipulos suos facite illos discumbere per convivia quinquagenos	Erant autem fere viri quinque millia. Ait autem ad discipulos suos: Facite illos discumbere per convivia quinquagenos.	ησαν γαρ ωσει ανδρες πεντακισχιλιοι ειπεν δε προς τους μαθητας αυτου κατακλινατε αυτους κλισιας ανα πεντηκοντα 	For they were about five thousand men. And he said to his disciples, Make them sit down by fifties in a company.
Luke	9	15			et ita fecerunt et discumbere fecerunt omnes	Et ita fecerunt: et discumbere fecerunt omnes.	και εποιησαν ουτως και ανεκλιναν απαντας 	And they did so, and made them all sit down.
Luke	9	16			acceptis autem quinque panibus et duobus piscibus respexit in caelum et benedixit illis et fregit et distribuit discipulis suis ut ponerent ante turbas	Acceptis autem quinque panibus et duobus piscibus, respexit in clum, et benedixit illis: et fregit, et distribuit discipulis suis, ut ponerent ante turbas.	λαβων δε τους πεντε αρτους και τους δυο ιχθυας αναβλεψας εις τον ουρανον ευλογησεν αυτους και κατεκλασεν και εδιδου τοις μαθηταις παρατιθεναι τω οχλω 	Then he took the five loaves and the two fishes, and looking up to heaven, he blessed them, and brake, and gave to the disciples to set before the multitude.
Luke	9	17			et manducaverunt omnes et saturati sunt et sublatum est quod superfuit illis fragmentorum cofini duodecim	Et manducaverunt omnes, et saturati sunt. Et sublatum est quod superfuit illis, fragmentorum cophini duodecim.	και εφαγον και εχορτασθησαν παντες και ηρθη το περισσευσαν αυτοις κλασματων κοφινοι δωδεκα 	And they did eat, and were all filled: and there was taken up of fragments that remained to them twelve baskets.
Luke	9	18			et factum est cum solus esset orans erant cum illo et discipuli et interrogavit illos dicens quem me dicunt esse turbae	Et factum est cum solus esset orans, erant cum illo et discipuli: et interrogavit illos, dicens: Quem me dicunt esse turb?	και εγενετο εν τω ειναι αυτον προσευχομενον καταμονας συνησαν αυτω οι μαθηται και επηρωτησεν αυτους λεγων τινα με λεγουσιν οι οχλοι ειναι 	And it came to pass, as he was alone praying, his disciples were with him: and he asked them, saying, Whom say the people that I am?
Luke	9	19			at illi responderunt et dixerunt Iohannem Baptistam alii autem Heliam alii quia propheta unus de prioribus surrexit	At illi responderunt, et dixerunt: Joannem Baptistam, alii autem Eliam, alii vero unus propheta de prioribus surrexit.	οι δε αποκριθεντες ειπον ιωαννην τον βαπτιστην αλλοι δε ηλιαν αλλοι δε οτι προφητης τις των αρχαιων ανεστη 	They answering said, John the Baptist; but some say, Elias; and others say, that one of the old prophets is risen again.
Luke	9	20			dixit autem illis vos autem quem me esse dicitis respondens Simon Petrus dixit Christum Dei	Dixit autem illis: Vos autem quem me esse dicitis? Respondens Simon Petrus, dixit: Christum Dei.	ειπεν δε αυτοις υμεις δε τινα με λεγετε ειναι αποκριθεις δε ο πετρος ειπεν τον χριστον του θεου 	He said unto them, But whom say ye that I am? Peter answering said, The Christ of God.
Luke	9	21			at ille increpans illos praecepit ne cui dicerent hoc	At ille increpans illos, prcepit ne cui dicerent hoc,	ο δε επιτιμησας αυτοις παρηγγειλεν μηδενι ειπειν τουτο 	And he straitly charged them, and commanded them to tell no man that thing;
Luke	9	22			dicens quia oportet Filium hominis multa pati et reprobari a senioribus et principibus sacerdotum et scribis et occidi et tertia die resurgere	dicens: Quia oportet Filium hominis multa pati, et reprobari a senioribus, et principibus sacerdotum, et scribis, et occidi, et tertia die resurgere.	ειπων οτι δει τον υιον του ανθρωπου πολλα παθειν και αποδοκιμασθηναι απο των πρεσβυτερων και αρχιερεων και γραμματεων και αποκτανθηναι και τη τριτη ημερα εγερθηναι 	Saying, The Son of man must suffer many things, and be rejected of the elders and chief priests and scribes, and be slain, and be raised the third day.
Luke	9	23			dicebat autem ad omnes si quis vult post me venire abneget se ipsum et tollat crucem suam cotidie et sequatur me	Dicebat autem ad omnes: Si quis vult post me venire, abneget semetipsum, et tollat crucem suam quotidie, et sequatur me.	ελεγεν δε προς παντας ει τις θελει οπισω μου ελθειν απαρνησασθω εαυτον και αρατω τον σταυρον αυτου καθ ημεραν και ακολουθειτω μοι 	And he said to them all, If any man will come after me, let him deny himself, and take up his cross daily, and follow me.
Luke	9	24			qui enim voluerit animam suam salvam facere perdet illam nam qui perdiderit animam suam propter me salvam faciet illam	Qui enim voluerit animam suam salvam facere, perdet illam: nam qui perdiderit animam suam propter me, salvam faciet illam.	ος γαρ αν θελη την ψυχην αυτου σωσαι απολεσει αυτην ος δ αν απολεση την ψυχην αυτου ενεκεν εμου ουτος σωσει αυτην 	For whosoever will save his life shall lose it: but whosoever will lose his life for my sake, the same shall save it.
Luke	9	25			quid enim proficit homo si lucretur universum mundum se autem ipsum perdat et detrimentum sui faciat	Quid enim proficit homo, si lucretur universum mundum, se autem ipsum perdat, et detrimentum sui faciat?	τι γαρ ωφελειται ανθρωπος κερδησας τον κοσμον ολον εαυτον δε απολεσας η ζημιωθεις 	For what is a man advantaged, if he gain the whole world, and lose himself, or be cast away?
Luke	9	26			nam qui me erubuerit et meos sermones hunc Filius hominis erubescet cum venerit in maiestate sua et Patris et sanctorum angelorum	Nam qui me erubuerit, et meos sermones: hunc Filius hominis erubescet cum venerit in majestate sua, et Patris, et sanctorum angelorum.	ος γαρ αν επαισχυνθη με και τους εμους λογους τουτον ο υιος του ανθρωπου επαισχυνθησεται οταν ελθη εν τη δοξη αυτου και του πατρος και των αγιων αγγελων 	For whosoever shall be ashamed of me and of my words, of him shall the Son of man be ashamed, when he shall come in his own glory, and in his Father's, and of the holy angels.
Luke	9	27			dico autem vobis vere sunt aliqui hic stantes qui non gustabunt mortem donec videant regnum Dei	Dico autem vobis vere: sunt aliqui hic stantes, qui non gustabunt mortem donec videant regnum Dei.	λεγω δε υμιν αληθως εισιν τινες των ωδε εστηκοτων οι ου μη γευσονται θανατου εως αν ιδωσιν την βασιλειαν του θεου 	But I tell you of a truth, there be some standing here, which shall not taste of death, till they see the kingdom of God.
Luke	9	28			factum est autem post haec verba fere dies octo et adsumpsit Petrum et Iohannem et Iacobum et ascendit in montem ut oraret	Factum est autem post hc verba fere dies octo, et assumpsit Petrum, et Jacobum, et Joannem, et ascendit in montem ut oraret.	εγενετο δε μετα τους λογους τουτους ωσει ημεραι οκτω και παραλαβων τον πετρον και ιωαννην και ιακωβον ανεβη εις το ορος προσευξασθαι 	And it came to pass about an eight days after these sayings, he took Peter and John and James, and went up into a mountain to pray.
Luke	9	29			et factum est dum oraret species vultus eius altera et vestitus eius albus refulgens	Et facta est, dum oraret, species vultus ejus altera: et vestitus ejus albus et refulgens.	και εγενετο εν τω προσευχεσθαι αυτον το ειδος του προσωπου αυτου ετερον και ο ιματισμος αυτου λευκος εξαστραπτων 	And as he prayed, the fashion of his countenance was altered, and his raiment was white and glistering.
Luke	9	30			et ecce duo viri loquebantur cum illo erant autem Moses et Helias	Et ecce duo viri loquebantur cum illo. Erant autem Moyses et Elias,	και ιδου ανδρες δυο συνελαλουν αυτω οιτινες ησαν μωσης και ηλιας 	And, behold, there talked with him two men, which were Moses and Elias:
Luke	9	31			visi in maiestate et dicebant excessum eius quem conpleturus erat in Hierusalem	visi in majestate: et dicebant excessum ejus, quem completurus erat in Jerusalem.	οι οφθεντες εν δοξη ελεγον την εξοδον αυτου ην εμελλεν πληρουν εν ιερουσαλημ 	Who appeared in glory, and spake of his decease which he should accomplish at Jerusalem.
Luke	9	32			Petrus vero et qui cum illo gravati erant somno et evigilantes viderunt maiestatem eius et duos viros qui stabant cum illo	Petrus vero, et qui cum illo erant, gravati erant somno. Et evigilantes viderunt majestatem ejus, et duos viros qui stabant cum illo.	ο δε πετρος και οι συν αυτω ησαν βεβαρημενοι υπνω διαγρηγορησαντες δε ειδον την δοξαν αυτου και τους δυο ανδρας τους συνεστωτας αυτω 	But Peter and they that were with him were heavy with sleep: and when they were awake, they saw his glory, and the two men that stood with him.
Luke	9	33			et factum est cum discederent ab illo ait Petrus ad Iesum praeceptor bonum est nos hic esse et faciamus tria tabernacula unum tibi et unum Mosi et unum Heliae nesciens quid diceret	Et factum est cum discederent ab illo, ait Petrus ad Jesum: Prceptor, bonum est nos hic esse: et faciamus tria tabernacula, unum tibi, et unum Moysi, et unum Eli: nesciens quid diceret.	και εγενετο εν τω διαχωριζεσθαι αυτους απ αυτου ειπεν ο πετρος προς τον ιησουν επιστατα καλον εστιν ημας ωδε ειναι και ποιησωμεν σκηνας τρεις μιαν σοι και μωσει μιαν και μιαν ηλια μη ειδως ο λεγει 	And it came to pass, as they departed from him, Peter said unto Jesus, Master, it is good for us to be here: and let us make three tabernacles; one for thee, and one for Moses, and one for Elias: not knowing what he said.
Luke	9	34			haec autem illo loquente facta est nubes et obumbravit eos et timuerunt intrantibus illis in nubem	Hc autem illo loquente, facta est nubes, et obumbravit eos: et timuerunt, intrantibus illis in nubem.	ταυτα δε αυτου λεγοντος εγενετο νεφελη και επεσκιασεν αυτους εφοβηθησαν δε εν τω εκεινους εισελθειν εις την νεφελην 	While he thus spake, there came a cloud, and overshadowed them: and they feared as they entered into the cloud.
Luke	9	35			et vox facta est de nube dicens hic est Filius meus electus ipsum audite	Et vox facta est de nube, dicens: Hic est Filius meus dilectus, ipsum audite.	και φωνη εγενετο εκ της νεφελης λεγουσα ουτος εστιν ο υιος μου ο αγαπητος αυτου ακουετε 	And there came a voice out of the cloud, saying, This is my beloved Son: hear him.
Luke	9	36			et dum fieret vox inventus est Iesus solus et ipsi tacuerunt et nemini dixerunt in illis diebus quicquam ex his quae viderant	Et dum fieret vox, inventus est Jesus solus. Et ipsi tacuerunt, et nemini dixerunt in illis diebus quidquam ex his qu viderant.	και εν τω γενεσθαι την φωνην ευρεθη ο ιησους μονος και αυτοι εσιγησαν και ουδενι απηγγειλαν εν εκειναις ταις ημεραις ουδεν ων εωρακασιν 3708 	And when the voice was past, Jesus was found alone. And they kept it close, and told no man in those days any of those things which they had seen.
Luke	9	37			factum est autem in sequenti die descendentibus illis de monte occurrit illi turba multa	Factum est autem in sequenti die, descendentibus illis de monte, occurrit illis turba multa.	εγενετο δε εν τη εξης ημερα κατελθοντων αυτων απο του ορους συνηντησεν αυτω οχλος πολυς 	And it came to pass, that on the next day, when they were come down from the hill, much people met him.
Luke	9	38			et ecce vir de turba exclamavit dicens magister obsecro te respice in filium meum quia unicus est mihi	Et ecce vir de turba exclamavit, dicens: Magister, obsecro te, respice in filium meum quia unicus est mihi:	και ιδου ανηρ απο του οχλου ανεβοησεν λεγων διδασκαλε δεομαι σου επιβλεψον επι τον υιον μου οτι μονογενης εστιν μοι 	And, behold, a man of the company cried out, saying, Master, I beseech thee, look upon my son: for he is mine only child.
Luke	9	39			et ecce spiritus adprehendit illum et subito clamat et elidit et dissipat eum cum spuma et vix discedit dilanians eum	et ecce spiritus apprehendit eum, et subito clamat, et elidit, et dissipat eum cum spuma, et vix discedit dilanians eum:	και ιδου πνευμα λαμβανει αυτον και εξαιφνης κραζει και σπαρασσει αυτον μετα αφρου και μογις αποχωρει απ αυτου συντριβον αυτον 	And, lo, a spirit taketh him, and he suddenly crieth out; and it teareth him that he foameth again, and bruising him hardly departeth from him.
Luke	9	40			et rogavi discipulos tuos ut eicerent illum et non potuerunt	et rogavi discipulos tuos ut ejicerent illum, et non potuerunt.	και εδεηθην των μαθητων σου ινα εκβαλλωσιν αυτο και ουκ ηδυνηθησαν 	And I besought thy disciples to cast him out; and they could not.
Luke	9	41			respondens autem Iesus dixit o generatio infidelis et perversa usquequo ero apud vos et patiar vos adduc huc filium tuum	Respondens autem Jesus, dixit: O generatio infidelis, et perversa, usquequo ero apud vos, et patiar vos? adduc huc filium tuum.	αποκριθεις δε ο ιησους ειπεν ω γενεα απιστος και διεστραμμενη εως ποτε εσομαι προς υμας και ανεξομαι υμων προσαγαγε ωδε τον υιον σου 	And Jesus answering said, O faithless and perverse generation, how long shall I be with you, and suffer you? Bring thy son hither.
Luke	9	42			et cum accederet elisit illum daemonium et dissipavit	Et cum accederet, elisit illum dmonium, et dissipavit.	ετι δε προσερχομενου αυτου ερρηξεν αυτον το δαιμονιον και συνεσπαραξεν επετιμησεν δε ο ιησους τω πνευματι τω ακαθαρτω και ιασατο τον παιδα και απεδωκεν αυτον τω πατρι αυτου 	And as he was yet a coming, the devil threw him down, and tare him. And Jesus rebuked the unclean spirit, and healed the child, and delivered him again to his father.
Luke	9	43			et increpavit Iesus spiritum inmundum et sanavit puerum et reddidit illum patri eius	Et increpavit Jesus spiritum immundum, et sanavit puerum, et reddidit illum patri ejus.	εξεπλησσοντο δε παντες επι τη μεγαλειοτητι του θεου παντων δε θαυμαζοντων επι πασιν οις εποιησεν ο ιησους ειπεν προς τους μαθητας αυτου 	And they were all amazed at the mighty power of God. But while they wondered every one at all things which Jesus did, he said unto his disciples,
Luke	9	44			stupebant autem omnes in magnitudine Dei omnibusque mirantibus in omnibus quae faciebat dixit ad discipulos suos ponite vos in cordibus vestris sermones istos Filius enim hominis futurum est ut tradatur in manus hominum	Stupebant autem omnes in magnitudine Dei: omnibusque mirantibus in omnibus qu faciebat, dixit ad discipulos suos: Ponite vos in cordibus vestris sermones istos: Filius enim hominis futurum est ut tradatur in manus hominum.	θεσθε υμεις εις τα ωτα υμων τους λογους τουτους ο γαρ υιος του ανθρωπου μελλει παραδιδοσθαι εις χειρας ανθρωπων 	Let these sayings sink down into your ears: for the Son of man shall be delivered into the hands of men.
Luke	9	45			at illi ignorabant verbum istud et erat velatum ante eos ut non sentirent illud et timebant interrogare eum de hoc verbo	At illi ignorabant verbum istud, et erat velatum ante eos ut non sentirent illud: et timebant eum interrogare de hoc verbo.	οι δε ηγνοουν το ρημα τουτο και ην παρακεκαλυμμενον απ αυτων ινα μη αισθωνται αυτο και εφοβουντο ερωτησαι αυτον περι του ρηματος τουτου 	But they understood not this saying, and it was hid from them, that they perceived it not: and they feared to ask him of that saying.
Luke	9	46			intravit autem cogitatio in eos quis eorum maior esset	Intravit autem cogitatio in eos quis eorum major esset.	εισηλθεν δε διαλογισμος εν αυτοις το τις αν ειη μειζων αυτων 	Then there arose a reasoning among them, which of them should be greatest.
Luke	9	47			at Iesus videns cogitationes cordis illorum adprehendens puerum statuit eum secus se	At Jesus videns cogitationes cordis illorum, apprehendit puerum, et statuit illum secus se,	ο δε ιησους ιδων τον διαλογισμον της καρδιας αυτων επιλαβομενος παιδιου εστησεν αυτο παρ εαυτω 	And Jesus, perceiving the thought of their heart, took a child, and set him by him,
Luke	9	48			et ait illis quicumque susceperit puerum istum in nomine meo me recipit et quicumque me recipit recipit eum qui me misit nam qui minor est inter omnes vos hic maior est	et ait illis: Quicumque susceperit puerum istum in nomine meo, me recipit: et quicumque me receperit, recipit eum qui me misit. Nam qui minor est inter vos omnes, hic major est.	και ειπεν αυτοις ος εαν δεξηται τουτο το παιδιον επι τω ονοματι μου εμε δεχεται και ος εαν εμε δεξηται δεχεται τον αποστειλαντα με ο γαρ μικροτερος εν πασιν υμιν υπαρχων ουτος εσται μεγας 	And said unto them, Whosoever shall receive this child in my name receiveth me: and whosoever shall receive me receiveth him that sent me: for he that is least among you all, the same shall be great.
Luke	9	49			respondens autem Iohannes dixit praeceptor vidimus quendam in nomine tuo eicientem daemonia et prohibuimus eum quia non sequitur nobiscum	Respondens autem Joannes dixit: Prceptor, vidimus quemdam in nomine tuo ejicientem dmonia, et prohibuimus eum: quia non sequitur nobiscum.	αποκριθεις δε ο ιωαννης ειπεν επιστατα ειδομεν τινα επι τω ονοματι σου εκβαλλοντα τα δαιμονια και εκωλυσαμεν αυτον οτι ουκ ακολουθει μεθ ημων 	And John answered and said, Master, we saw one casting out devils in thy name; and we forbad him, because he followeth not with us.
Luke	9	50			et ait ad illum Iesus nolite prohibere qui enim non est adversum vos pro vobis est	Et ait ad illum Jesus: Nolite prohibere: qui enim non est adversum vos, pro vobis est.	και ειπεν προς αυτον ο ιησους μη κωλυετε ος γαρ ουκ εστιν καθ ημων υπερ ημων εστιν 	And Jesus said unto him, Forbid him not: for he that is not against us is for us.
Luke	9	51			factum est autem dum conplerentur dies adsumptionis eius et ipse faciem suam firmavit ut iret Hierusalem	Factum est autem dum complerentur dies assumptionis ejus, et ipse faciem suam firmavit ut iret in Jerusalem.	εγενετο δε εν τω συμπληρουσθαι τας ημερας της αναληψεως αυτου και αυτος το προσωπον αυτου εστηριξεν του πορευεσθαι εις ιερουσαλημ 	And it came to pass, when the time was come that he should be received up, he stedfastly set his face to go to Jerusalem,
Luke	9	52			et misit nuntios ante conspectum suum et euntes intraverunt in civitatem Samaritanorum ut pararent illi	Et misit nuntios ante conspectum suum: et euntes intraverunt in civitatem Samaritanorum ut parerent illi.	και απεστειλεν αγγελους προ προσωπου αυτου και πορευθεντες εισηλθον εις κωμην σαμαρειτων ωστε ετοιμασαι αυτω 	And sent messengers before his face: and they went, and entered into a village of the Samaritans, to make ready for him.
Luke	9	53			et non receperunt eum quia facies eius erat euntis Hierusalem	Et non receperunt eum, quia facies ejus erat euntis in Jerusalem.	και ουκ εδεξαντο αυτον οτι το προσωπον αυτου ην πορευομενον εις ιερουσαλημ 	And they did not receive him, because his face was as though he would go to Jerusalem.
Luke	9	54			cum vidissent autem discipuli eius Iacobus et Iohannes dixerunt Domine vis dicimus ut ignis descendat de caelo et consumat illos	Cum vidissent autem discipuli ejus Jacobus et Joannes, dixerunt: Domine, vis dicimus ut ignis descendat de clo, et consumat illos?	ιδοντες δε οι μαθηται αυτου ιακωβος και ιωαννης ειπον κυριε θελεις ειπωμεν πυρ καταβηναι απο του ουρανου και αναλωσαι αυτους ως και ηλιας εποιησεν 	And when his disciples James and John saw this, they said, Lord, wilt thou that we command fire to come down from heaven, and consume them, even as Elias did?
Luke	9	55			et conversus increpavit illos	Et conversus increpavit illos, dicens: Nescitis cujus spiritus estis.	στραφεις δε επετιμησεν αυτοις και ειπεν ουκ οιδατε οιου πνευματος εστε υμεις 	But he turned, and rebuked them, and said, Ye know not what manner of spirit ye are of.
Luke	9	56			et abierunt in aliud castellum	Filius hominis non venit animas perdere, sed salvare. Et abierunt in aliud castellum.	ο γαρ υιος του ανθρωπου ουκ ηλθεν ψυχας ανθρωπων απολεσαι αλλα σωσαι και επορευθησαν εις ετεραν κωμην 	For the Son of man is not come to destroy men's lives, but to save them. And they went to another village.
Luke	9	57			factum est autem ambulantibus illis in via dixit quidam ad illum sequar te quocumque ieris	Factum est autem: ambulantibus illis in via, dixit quidam ad illum: Sequar te quocumque ieris.	εγενετο δε πορευομενων αυτων εν τη οδω ειπεν τις προς αυτον ακολουθησω σοι οπου αν απερχη κυριε 	And it came to pass, that, as they went in the way, a certain man said unto him, Lord, I will follow thee whithersoever thou goest.
Luke	9	58			et ait illi Iesus vulpes foveas habent et volucres caeli nidos Filius autem hominis non habet ubi caput reclinet	Dixit illi Jesus: Vulpes foveas habent, et volucres cli nidos: Filius autem hominis non habet ubi caput reclinet.	και ειπεν αυτω ο ιησους αι αλωπεκες φωλεους εχουσιν και τα πετεινα του ουρανου κατασκηνωσεις ο δε υιος του ανθρωπου ουκ εχει που την κεφαλην κλινη 	And Jesus said unto him, Foxes have holes, and birds of the air have nests; but the Son of man hath not where to lay his head.
Luke	9	59			ait autem ad alterum sequere me ille autem dixit Domine permitte mihi primum ire sepelire patrem meum	Ait autem ad alterum: Sequere me: ille autem dixit: Domine, permitte mihi primum ire, et sepelire patrem meum.	ειπεν δε προς ετερον ακολουθει μοι ο δε ειπεν κυριε επιτρεψον μοι απελθοντι πρωτον θαψαι τον πατερα μου 	And he said unto another, Follow me. But he said, Lord, suffer me first to go and bury my father.
Luke	9	60			dixitque ei Iesus sine ut mortui sepeliant mortuos suos tu autem vade adnuntia regnum Dei	Dixitque ei Jesus: Sine ut mortui sepeliant mortuos suos: tu autem vade, et annuntia regnum Dei.	ειπεν δε αυτω ο ιησους αφες τους νεκρους θαψαι τους εαυτων νεκρους συ δε απελθων διαγγελλε την βασιλειαν του θεου 	Jesus said unto him, Let the dead bury their dead: but go thou and preach the kingdom of God.
Luke	9	61			et ait alter sequar te Domine sed primum permitte mihi renuntiare his qui domi sunt	Et ait alter: Sequar te Domine, sed permitte mihi primum renuntiare his qu domi sunt.	ειπεν δε και ετερος ακολουθησω σοι κυριε πρωτον δε επιτρεψον μοι αποταξασθαι τοις εις τον οικον μου 	And another also said, Lord, I will follow thee; but let me first go bid them farewell, which are at home at my house.
Luke	9	62			ait ad illum Iesus nemo mittens manum suam in aratrum et aspiciens retro aptus est regno Dei	Ait ad illum Jesus: Nemo mittens manum suam ad aratrum, et respiciens retro, aptus est regno Dei.	ειπεν δε προς αυτον ο ιησους ουδεις επιβαλων την χειρα αυτου επ αροτρον και βλεπων εις τα οπισω ευθετος εστιν εις την βασιλειαν του θεου   	And Jesus said unto him, No man, having put his hand to the plough, and looking back, is fit for the kingdom of God.
Luke	10	1			post haec autem designavit Dominus et alios septuaginta duos et misit illos binos ante faciem suam in omnem civitatem et locum quo erat ipse venturus	Post hc autem designavit Dominus et alios septuaginta duos: et misit illos binos ante faciem suam in omnem civitatem et locum, quo erat ipse venturus.	μετα δε ταυτα ανεδειξεν ο κυριος και ετερους εβδομηκοντα και απεστειλεν αυτους ανα δυο προ προσωπου αυτου εις πασαν πολιν και τοπον ου εμελλεν αυτος ερχεσθαι 	After these things the Lord appointed other seventy also, and sent them two and two before his face into every city and place, whither he himself would come.
Luke	10	2			et dicebat illis messis quidem multa operarii autem pauci rogate ergo Dominum messis ut mittat operarios in messem	Et dicebat illis: Messis quidem multa, operarii autem pauci. Rogate ergo dominum messis ut mittat operarios in messem suam.	ελεγεν ουν προς αυτους ο μεν θερισμος πολυς οι δε εργαται ολιγοι δεηθητε ουν του κυριου του θερισμου οπως εκβαλλη εργατας εις τον θερισμον αυτου 	Therefore said he unto them, The harvest truly is great, but the labourers are few: pray ye therefore the Lord of the harvest, that he would send forth labourers into his harvest.
Luke	10	3			ite ecce ego mitto vos sicut agnos inter lupos	Ite: ecce ego mitto vos sicut agnos inter lupos.	υπαγετε ιδου εγω αποστελλω υμας ως αρνας εν μεσω λυκων 	Go your ways: behold, I send you forth as lambs among wolves.
Luke	10	4			nolite portare sacculum neque peram neque calciamenta et neminem per viam salutaveritis	Nolite portare sacculum, neque peram, neque calceamenta, et neminem per viam salutaveritis.	μη βασταζετε βαλαντιον μη πηραν μηδε υποδηματα και μηδενα κατα την οδον ασπασησθε 	Carry neither purse, nor scrip, nor shoes: and salute no man by the way.
Luke	10	5			in quamcumque domum intraveritis primum dicite pax huic domui	In quamcumque domum intraveritis, primum dicite: Pax huic domui:	εις ην δ αν οικιαν εισερχησθε πρωτον λεγετε ειρηνη τω οικω τουτω 	And into whatsoever house ye enter, first say, Peace be to this house.
Luke	10	6			et si ibi fuerit filius pacis requiescet super illam pax vestra sin autem ad vos revertetur	et si ibi fuerit filius pacis, requiescet super illum pax vestra: sin autem, ad vos revertetur.	και εαν μεν η εκει  ο  υιος ειρηνης επαναπαυσεται επ αυτον η ειρηνη υμων ει δε μηγε εφ υμας ανακαμψει 	And if the son of peace be there, your peace shall rest upon it: if not, it shall turn to you again.
Luke	10	7			in eadem autem domo manete edentes et bibentes quae apud illos sunt dignus enim est operarius mercede sua nolite transire de domo in domum	In eadem autem domo manete, edentes et bibentes qu apud illos sunt: dignus est enim operarius mercede sua. Nolite transire de domo in domum.	εν αυτη δε τη οικια μενετε εσθιοντες και πινοντες τα παρ αυτων αξιος γαρ ο εργατης του μισθου αυτου εστιν μη μεταβαινετε εξ οικιας εις οικιαν 	And in the same house remain, eating and drinking such things as they give: for the labourer is worthy of his hire. Go not from house to house.
Luke	10	8			et in quamcumque civitatem intraveritis et susceperint vos manducate quae adponuntur vobis	Et in quamcumque civitatem intraveritis, et susceperint vos, manducate qu apponuntur vobis:	και εις ην δ αν πολιν εισερχησθε και δεχωνται υμας εσθιετε τα παρατιθεμενα υμιν 	And into whatsoever city ye enter, and they receive you, eat such things as are set before you:
Luke	10	9			et curate infirmos qui in illa sunt et dicite illis adpropinquavit in vos regnum Dei	et curate infirmos, qui in illa sunt, et dicite illis: Appropinquavit in vos regnum Dei.	και θεραπευετε τους εν αυτη ασθενεις και λεγετε αυτοις ηγγικεν εφ υμας η βασιλεια του θεου 	And heal the sick that are therein, and say unto them, The kingdom of God is come nigh unto you.
Luke	10	10			in quamcumque civitatem intraveritis et non receperint vos exeuntes in plateas eius dicite	In quamcumque autem civitatem intraveritis, et non susceperint vos, exeuntes in plateas ejus, dicite:	εις ην δ αν πολιν εισερχησθε και μη δεχωνται υμας εξελθοντες εις τας πλατειας αυτης ειπατε 	But into whatsoever city ye enter, and they receive you not, go your ways out into the streets of the same, and say,
Luke	10	11			etiam pulverem qui adhesit nobis de civitate vestra extergimus in vos tamen hoc scitote quia adpropinquavit regnum Dei	Etiam pulverem, qui adhsit nobis de civitate vestra, extergimus in vos: tamen hoc scitote, quia appropinquavit regnum Dei.	και τον κονιορτον τον κολληθεντα ημιν εκ της πολεως υμων απομασσομεθα υμιν πλην τουτο γινωσκετε οτι ηγγικεν εφ υμας η βασιλεια του θεου 	Even the very dust of your city, which cleaveth on us, we do wipe off against you: notwithstanding be ye sure of this, that the kingdom of God is come nigh unto you.
Luke	10	12			dico vobis quia Sodomis in die illa remissius erit quam illi civitati	Dico vobis, quia Sodomis in die illa remissius erit, quam illi civitati.	λεγω δε υμιν οτι σοδομοις εν τη ημερα εκεινη ανεκτοτερον εσται η τη πολει εκεινη 	But I say unto you, that it shall be more tolerable in that day for Sodom, than for that city.
Luke	10	13			vae tibi Corazain vae tibi Bethsaida quia si in Tyro et Sidone factae fuissent virtutes quae in vobis factae sunt olim in cilicio et cinere sedentes paeniterent	V tibi Corozain! v tibi Bethsaida! quia si in Tyro et Sidone fact fuissent virtutes qu fact sunt in vobis, olim in cilicio et cinere sedentes pniterent.	ουαι σοι χωραζιν ουαι σοι βηθσαιδα οτι ει εν τυρω και σιδωνι εγενοντο αι δυναμεις αι γενομεναι εν υμιν παλαι αν εν σακκω και σποδω καθημεναι μετενοησαν 	Woe unto thee, Chorazin! woe unto thee, Bethsaida! for if the mighty works had been done in Tyre and Sidon, which have been done in you, they had a great while ago repented, sitting in sackcloth and ashes.
Luke	10	14			verumtamen Tyro et Sidoni remissius erit in iudicio quam vobis	Verumtamen Tyro et Sidoni remissius erit in judicio, quam vobis.	πλην τυρω και σιδωνι ανεκτοτερον εσται εν τη κρισει η υμιν 	But it shall be more tolerable for Tyre and Sidon at the judgment, than for you.
Luke	10	15			et tu Capharnaum usque in caelum exaltata usque ad infernum demergeris	Et tu Capharnaum, usque ad clum exaltata, usque ad infernum demergeris.	και συ καπερναουμ η εως του ουρανου υψωθεισα εως αδου καταβιβασθηση 	And thou, Capernaum, which art exalted to heaven, shalt be thrust down to hell.
Luke	10	16			qui vos audit me audit et qui vos spernit me spernit qui autem me spernit spernit eum qui me misit	Qui vos audit, me audit: et qui vos spernit, me spernit. Qui autem me spernit, spernit eum qui misit me.	ο ακουων υμων εμου ακουει και ο αθετων υμας εμε αθετει ο δε εμε αθετων αθετει τον αποστειλαντα με 	He that heareth you heareth me; and he that despiseth you despiseth me; and he that despiseth me despiseth him that sent me.
Luke	10	17			reversi sunt autem septuaginta duo cum gaudio dicentes Domine etiam daemonia subiciuntur nobis in nomine tuo	Reversi sunt autem septuaginta duo cum gaudio, dicentes: Domine, etiam dmonia subjiciuntur nobis in nomine tuo.	υπεστρεψαν δε οι εβδομηκοντα μετα χαρας λεγοντες κυριε και τα δαιμονια υποτασσεται ημιν εν τω ονοματι σου 	And the seventy returned again with joy, saying, Lord, even the devils are subject unto us through thy name.
Luke	10	18			et ait illis videbam Satanan sicut fulgur de caelo cadentem	Et ait illis: Videbam Satanam sicut fulgor de clo cadentem.	ειπεν δε αυτοις εθεωρουν τον σαταναν ως αστραπην εκ του ουρανου πεσοντα 	And he said unto them, I beheld Satan as lightning fall from heaven.
Luke	10	19			ecce dedi vobis potestatem calcandi supra serpentes et scorpiones et supra omnem virtutem inimici et nihil vobis nocebit	Ecce dedi vobis potestatem calcandi supra serpentes, et scorpiones, et super omnem virtutem inimici: et nihil vobis nocebit.	ιδου διδωμι υμιν την εξουσιαν του πατειν επανω οφεων και σκορπιων και επι πασαν την δυναμιν του εχθρου και ουδεν υμας ου μη αδικηση  αδικησει  	Behold, I give unto you power to tread on serpents and scorpions, and over all the power of the enemy: and nothing shall by any means hurt you.
Luke	10	20			verumtamen in hoc nolite gaudere quia spiritus vobis subiciuntur gaudete autem quod nomina vestra scripta sunt in caelis	Verumtamen in hoc nolite gaudere quia spiritus vobis subjiciuntur: gaudete autem, quod nomina vestra scripta sunt in clis.	πλην εν τουτω μη χαιρετε οτι τα πνευματα υμιν υποτασσεται χαιρετε δε μαλλον οτι τα ονοματα υμων εγραφη εν τοις ουρανοις 	Notwithstanding in this rejoice not, that the spirits are subject unto you; but rather rejoice, because your names are written in heaven.
Luke	10	21			in ipsa hora exultavit Spiritu Sancto et dixit confiteor tibi Pater Domine caeli et terrae quod abscondisti haec a sapientibus et prudentibus et revelasti ea parvulis etiam Pater quia sic placuit ante te	In ipsa hora exsultavit Spiritu Sancto, et dixit: Confiteor tibi Pater, Domine cli et terr, quod abscondisti hc a sapientibus et prudentibus, et revelasti ea parvulis. Etiam Pater: quoniam sic placuit ante te.	εν αυτη τη ωρα ηγαλλιασατο τω πνευματι ο ιησους και ειπεν εξομολογουμαι σοι πατερ κυριε του ουρανου και της γης οτι απεκρυψας ταυτα απο σοφων και συνετων και απεκαλυψας αυτα νηπιοις ναι ο πατηρ οτι ουτως εγενετο ευδοκια εμπροσθεν σου 	In that hour Jesus rejoiced in spirit, and said, I thank thee, O Father, Lord of heaven and earth, that thou hast hid these things from the wise and prudent, and hast revealed them unto babes: even so, Father; for so it seemed good in thy sight.
Luke	10	22			omnia mihi tradita sunt a Patre meo et nemo scit qui sit Filius nisi Pater et qui sit Pater nisi Filius et cui voluerit Filius revelare	Omnia mihi tradita sunt a Patre meo. Et nemo scit quis sit Filius, nisi Pater: et quis sit Pater, nisi Filius, et cui voluerit Filius revelare.	και στραφεις προς τους μαθητας ειπεν   παντα παρεδοθη μοι υπο του πατρος μου και ουδεις γινωσκει τις εστιν ο υιος ει μη ο πατηρ και τις εστιν ο πατηρ ει μη ο υιος και ω εαν βουληται ο υιος αποκαλυψαι 	All things are delivered to me of my Father: and no man knoweth who the Son is, but the Father; and who the Father is, but the Son, and he to whom the Son will reveal him.
Luke	10	23			et conversus ad discipulos suos dixit beati oculi qui vident quae videtis	Et conversus ad discipulos suos, dixit: Beati oculi qui vident qu vos videtis.	και στραφεις προς τους μαθητας κατ ιδιαν ειπεν μακαριοι οι οφθαλμοι οι βλεποντες α βλεπετε 	And he turned him unto his disciples, and said privately, Blessed are the eyes which see the things that ye see:
Luke	10	24			dico enim vobis quod multi prophetae et reges voluerunt videre quae vos videtis et non viderunt et audire quae auditis et non audierunt	Dico enim vobis quod multi prophet et reges voluerunt videre qu vos videtis, et non viderunt: et audire qu auditis, et non audierunt.	λεγω γαρ υμιν οτι πολλοι προφηται και βασιλεις ηθελησαν ιδειν α υμεις βλεπετε και ουκ ειδον και ακουσαι α ακουετε και ουκ ηκουσαν 	For I tell you, that many prophets and kings have desired to see those things which ye see, and have not seen them; and to hear those things which ye hear, and have not heard them.
Luke	10	25			et ecce quidam legis peritus surrexit temptans illum et dicens magister quid faciendo vitam aeternam possidebo	Et ecce quidam legisperitus surrexit tentans illum, et dicens: Magister, quid faciendo vitam ternam possidebo?	και ιδου νομικος τις ανεστη εκπειραζων αυτον και λεγων διδασκαλε τι ποιησας ζωην αιωνιον κληρονομησω 	And, behold, a certain lawyer stood up, and tempted him, saying, Master, what shall I do to inherit eternal life?
Luke	10	26			at ille dixit ad eum in lege quid scriptum est quomodo legis	At ille dixit ad eum: In lege quid scriptum est? quomodo legis?	ο δε ειπεν προς αυτον εν τω νομω τι γεγραπται πως αναγινωσκεις 	He said unto him, What is written in the law? how readest thou?
Luke	10	27			ille respondens dixit diliges Dominum Deum tuum ex toto corde tuo et ex tota anima tua et ex omnibus viribus tuis et ex omni mente tua et proximum tuum sicut te ipsum	Ille respondens dixit: Diliges Dominum Deum tuum ex toto corde tuo, et ex tota anima tua, et ex omnibus virtutibus tuis, et ex omni mente tua: et proximum tuum sicut teipsum.	ο δε αποκριθεις ειπεν αγαπησεις κυριον τον θεον σου εξ ολης της καρδιας σου και εξ ολης της ψυχης σου και εξ ολης της ισχυος σου και εξ ολης της διανοιας σου και τον πλησιον σου ως σεαυτον 	And he answering said, Thou shalt love the Lord thy God with all thy heart, and with all thy soul, and with all thy strength, and with all thy mind; and thy neighbour as thyself.
Luke	10	28			dixitque illi recte respondisti hoc fac et vives	Dixitque illi: Recte respondisti: hoc fac, et vives.	ειπεν δε αυτω ορθως απεκριθης τουτο ποιει και ζηση 	And he said unto him, Thou hast answered right: this do, and thou shalt live.
Luke	10	29			ille autem volens iustificare se ipsum dixit ad Iesum et quis est meus proximus	Ille autem volens justificare seipsum, dixit ad Jesum: Et quis est meus proximus?	ο δε θελων δικαιουν εαυτον ειπεν προς τον ιησουν και τις εστιν μου πλησιον 	But he, willing to justify himself, said unto Jesus, And who is my neighbour?
Luke	10	30			suscipiens autem Iesus dixit homo quidam descendebat ab Hierusalem in Hiericho et incidit in latrones qui etiam despoliaverunt eum et plagis inpositis abierunt semivivo relicto	Suscipiens autem Jesus, dixit: Homo quidam descendebat ab Jerusalem in Jericho, et incidit in latrones, qui etiam despoliaverunt eum: et plagis impositis abierunt semivivo relicto.	υπολαβων δε ο ιησους ειπεν ανθρωπος τις κατεβαινεν απο ιερουσαλημ εις ιεριχω και λησταις περιεπεσεν οι και εκδυσαντες αυτον και πληγας επιθεντες απηλθον αφεντες ημιθανη τυγχανοντα 	And Jesus answering said, A certain man went down from Jerusalem to Jericho, and fell among thieves, which stripped him of his raiment, and wounded him, and departed, leaving him half dead.
Luke	10	31			accidit autem ut sacerdos quidam descenderet eadem via et viso illo praeterivit	Accidit autem ut sacerdos quidam descenderet eadem via: et viso illo prterivit.	κατα συγκυριαν δε ιερευς τις κατεβαινεν εν τη οδω εκεινη και ιδων αυτον αντιπαρηλθεν 	And by chance there came down a certain priest that way: and when he saw him, he passed by on the other side.
Luke	10	32			similiter et Levita cum esset secus locum et videret eum pertransiit	Similiter et Levita, cum esset secus locum, et videret eum, pertransiit.	ομοιως δε και λευιτης γενομενος κατα τον τοπον ελθων και ιδων αντιπαρηλθεν 	And likewise a Levite, when he was at the place, came and looked on him, and passed by on the other side.
Luke	10	33			Samaritanus autem quidam iter faciens venit secus eum et videns eum misericordia motus est	Samaritanus autem quidam iter faciens, venit secus eum: et videns eum, misericordia motus est.	σαμαρειτης δε τις οδευων ηλθεν κατ αυτον και ιδων αυτον εσπλαγχνισθη 	But a certain Samaritan, as he journeyed, came where he was: and when he saw him, he had compassion on him,
Luke	10	34			et adpropians alligavit vulnera eius infundens oleum et vinum et inponens illum in iumentum suum duxit in stabulum et curam eius egit	Et appropians alligavit vulnera ejus, infundens oleum et vinum: et imponens illum in jumentum suum, duxit in stabulum, et curam ejus egit.	και προσελθων κατεδησεν τα τραυματα αυτου επιχεων ελαιον και οινον επιβιβασας δε αυτον επι το ιδιον κτηνος ηγαγεν αυτον εις πανδοχειον και επεμεληθη αυτου 	And went to him, and bound up his wounds, pouring in oil and wine, and set him on his own beast, and brought him to an inn, and took care of him.
Luke	10	35			et altera die protulit duos denarios et dedit stabulario et ait curam illius habe et quodcumque supererogaveris ego cum rediero reddam tibi	Et altera die protulit duos denarios, et dedit stabulario, et ait: Curam illius habe: et quodcumque supererogaveris, ego cum rediero reddam tibi.	και επι την αυριον εξελθων εκβαλων δυο δηναρια εδωκεν τω πανδοχει και ειπεν αυτω επιμεληθητι αυτου και ο τι αν προσδαπανησης εγω εν τω επανερχεσθαι με αποδωσω σοι 	And on the morrow when he departed, he took out two pence, and gave them to the host, and said unto him, Take care of him; and whatsoever thou spendest more, when I come again, I will repay thee.
Luke	10	36			quis horum trium videtur tibi proximus fuisse illi qui incidit in latrones	Quis horum trium videtur tibi proximus fuisse illi, qui incidit in latrones?	τις ουν τουτων των τριων δοκει σοι πλησιον γεγονεναι του εμπεσοντος εις τους ληστας 	Which now of these three, thinkest thou, was neighbour unto him that fell among the thieves?
Luke	10	37			at ille dixit qui fecit misericordiam in illum et ait illi Iesus vade et tu fac similiter	At ille dixit: Qui fecit misericordiam in illum. Et ait illi Jesus: Vade, et tu fac similiter.	ο δε ειπεν ο ποιησας το ελεος μετ αυτου ειπεν ουν αυτω ο ιησους πορευου και συ ποιει ομοιως 	And he said, He that shewed mercy on him. Then said Jesus unto him, Go, and do thou likewise.
Luke	10	38			factum est autem dum irent et ipse intravit in quoddam castellum et mulier quaedam Martha nomine excepit illum in domum suam	Factum est autem, dum irent, et ipse intravit in quoddam castellum: et mulier qudam, Martha nomine, excepit illum in domum suam,	εγενετο δε εν τω πορευεσθαι αυτους και αυτος εισηλθεν εις κωμην τινα γυνη δε τις ονοματι μαρθα υπεδεξατο αυτον εις τον οικον αυτης 	Now it came to pass, as they went, that he entered into a certain village: and a certain woman named Martha received him into her house.
Luke	10	39			et huic erat soror nomine Maria quae etiam sedens secus pedes Domini audiebat verbum illius	et huic erat soror nomine Maria, qu etiam sedens secus pedes Domini, audiebat verbum illius.	και τηδε ην αδελφη καλουμενη μαρια η και παρακαθισασα παρα τους ποδας του ιησου ηκουεν τον λογον αυτου 	And she had a sister called Mary, which also sat at Jesus' feet, and heard his word.
Luke	10	40			Martha autem satagebat circa frequens ministerium quae stetit et ait Domine non est tibi curae quod soror mea reliquit me solam ministrare dic ergo illi ut me adiuvet	Martha autem satagebat circa frequens ministerium: qu stetit, et ait: Domine, non est tibi cur quod soror mea reliquit me solam ministrare? dic ergo illi ut me adjuvet.	η δε μαρθα περιεσπατο περι πολλην διακονιαν επιστασα δε ειπεν κυριε ου μελει σοι οτι η αδελφη μου μονην με κατελιπεν διακονειν ειπε ουν αυτη ινα μοι συναντιλαβηται 	But Martha was cumbered about much serving, and came to him, and said, Lord, dost thou not care that my sister hath left me to serve alone? bid her therefore that she help me.
Luke	10	41			et respondens dixit illi Dominus Martha Martha sollicita es et turbaris erga plurima	Et respondens dixit illis Dominus: Martha, Martha, sollicita es, et turbaris erga plurima,	αποκριθεις δε ειπεν αυτη ο ιησους μαρθα μαρθα μεριμνας και τυρβαζη περι πολλα 	And Jesus answered and said unto her, Martha, Martha, thou art careful and troubled about many things:
Luke	10	42			porro unum est necessarium Maria optimam partem elegit quae non auferetur ab ea	porro unum est necessarium. Maria optimam partem elegit, qu non auferetur ab ea.	ενος δε εστιν χρεια μαρια δε την αγαθην μεριδα εξελεξατο ητις ουκ αφαιρεθησεται απ αυτης   	But one thing is needful: and Mary hath chosen that good part, which shall not be taken away from her.
Luke	11	1			et factum est cum esset in loco quodam orans ut cessavit dixit unus ex discipulis eius ad eum Domine doce nos orare sicut et Iohannes docuit discipulos suos	Et factum est: cum esset in quodam loco orans, ut cessavit, dixit unus ex discipulis ejus ad eum: Domine, doce nos orare, sicut docuit et Joannes discipulos suos.	και εγενετο εν τω ειναι αυτον εν τοπω τινι προσευχομενον ως επαυσατο ειπεν τις των μαθητων αυτου προς αυτον κυριε διδαξον ημας προσευχεσθαι καθως και ιωαννης εδιδαξεν τους μαθητας αυτου 	And it came to pass, that, as he was praying in a certain place, when he ceased, one of his disciples said unto him, Lord, teach us to pray, as John also taught his disciples.
Luke	11	2			et ait illis cum oratis dicite Pater sanctificetur nomen tuum adveniat regnum tuum	Et ait illis: Cum oratis, dicite: Pater, sanctificetur nomen tuum. Adveniat regnum tuum.	ειπεν δε αυτοις οταν προσευχησθε λεγετε πατερ ημων ο εν τοις ουρανοις αγιασθητω το ονομα σου ελθετω η βασιλεια σου γενηθητω το θελημα σου ως εν ουρανω και επι της γης 	And he said unto them, When ye pray, say, Our Father which art in heaven, Hallowed be thy name. Thy kingdom come. Thy will be done, as in heaven, so in earth.
Luke	11	3			panem nostrum cotidianum da nobis cotidie	Panem nostrum quotidianum da nobis hodie.	τον αρτον ημων τον επιουσιον διδου ημιν το καθ ημεραν 	Give us day by day our daily bread.
Luke	11	4			et dimitte nobis peccata nostra siquidem et ipsi dimittimus omni debenti nobis et ne nos inducas in temptationem	Et dimitte nobis peccata nostra, siquidem et ipsi dimittimus omni debenti nobis. Et ne nos inducas in tentationem.	και αφες ημιν τας αμαρτιας ημων και γαρ αυτοι αφιεμεν παντι οφειλοντι ημιν και μη εισενεγκης ημας εις πειρασμον αλλα ρυσαι ημας απο του πονηρου 	And forgive us our sins; for we also forgive every one that is indebted to us. And lead us not into temptation; but deliver us from evil.
Luke	11	5			et ait ad illos quis vestrum habebit amicum et ibit ad illum media nocte et dicit illi amice commoda mihi tres panes	Et ait ad illos: Quis vestrum habebit amicum, et ibit ad illum media nocte, et dicet illi: Amice, commoda mihi tres panes,	και ειπεν προς αυτους τις εξ υμων εξει φιλον και πορευσεται προς αυτον μεσονυκτιου και ειπη αυτω φιλε χρησον μοι τρεις αρτους 	And he said unto them, Which of you shall have a friend, and shall go unto him at midnight, and say unto him, Friend, lend me three loaves;
Luke	11	6			quoniam amicus meus venit de via ad me et non habeo quod ponam ante illum	quoniam amicus meus venit de via ad me, et non habeo quod ponam ante illum,	επειδη φιλος μου παρεγενετο εξ οδου προς με και ουκ εχω ο παραθησω αυτω 	For a friend of mine in his journey is come to me, and I have nothing to set before him?
Luke	11	7			et ille de intus respondens dicat noli mihi molestus esse iam ostium clausum est et pueri mei mecum sunt in cubili non possum surgere et dare tibi	et ille de intus respondens dicat: Noli mihi molestus esse, jam ostrium clausum est, et pueri mei mecum sunt in cubili: non possum surgere, et dare tibi.	κακεινος εσωθεν αποκριθεις ειπη μη μοι κοπους παρεχε ηδη η θυρα κεκλεισται και τα παιδια μου μετ εμου εις την κοιτην εισιν ου δυναμαι αναστας δουναι σοι 	And he from within shall answer and say, Trouble me not: the door is now shut, and my children are with me in bed; I cannot rise and give thee.
Luke	11	8			dico vobis et si non dabit illi surgens eo quod amicus eius sit propter inprobitatem tamen eius surget et dabit illi quotquot habet necessarios	Et si ille perseveraverit pulsans: dico vobis, etsi non dabit illi surgens eo quod amicus ejus sit, propter improbitatem tamen ejus surget, et dabit illi quotquot habet necessarios.	λεγω υμιν ει και ου δωσει αυτω αναστας δια το ειναι αυτου φιλον δια γε την αναιδειαν αυτου εγερθεις δωσει αυτω οσων χρηζει 	I say unto you, Though he will not rise and give him, because he is his friend, yet because of his importunity he will rise and give him as many as he needeth.
Luke	11	9			et ego vobis dico petite et dabitur vobis quaerite et invenietis pulsate et aperietur vobis	Et ego dico vobis: Petite, et dabitur vobis; qurite, et invenietis; pulsate, et aperietur vobis.	καγω υμιν λεγω αιτειτε και δοθησεται υμιν ζητειτε και ευρησετε κρουετε και ανοιγησεται υμιν 	And I say unto you, Ask, and it shall be given you; seek, and ye shall find; knock, and it shall be opened unto you.
Luke	11	10			omnis enim qui petit accipit et qui quaerit invenit et pulsanti aperietur	Omnis enim qui petit, accipit: et qui qurit, invenit: et pulsanti aperietur.	πας γαρ ο αιτων λαμβανει και ο ζητων ευρισκει και τω κρουοντι ανοιγησεται 	For every one that asketh receiveth; and he that seeketh findeth; and to him that knocketh it shall be opened.
Luke	11	11			quis autem ex vobis patrem petet panem numquid lapidem dabit illi aut piscem numquid pro pisce serpentem dabit illi	Quis autem ex vobis patrem petit panem, numquid lapidem dabit illi? aut piscem, numquid pro pisce serpentem dabit illi?	τινα δε υμων τον πατερα αιτησει ο υιος αρτον μη λιθον επιδωσει αυτω ει και ιχθυν μη αντι ιχθυος οφιν επιδωσει αυτω 	If a son shall ask bread of any of you that is a father, will he give him a stone? or if he ask a fish, will he for a fish give him a serpent?
Luke	11	12			aut si petierit ovum numquid porriget illi scorpionem	aut si petierit ovum, numquid porriget illi scorpionem?	η και εαν αιτηση ωον μη επιδωσει αυτω σκορπιον 	Or if he shall ask an egg, will he offer him a scorpion?
Luke	11	13			si ergo vos cum sitis mali nostis bona data dare filiis vestris quanto magis Pater vester de caelo dabit spiritum bonum petentibus se	Si ergo vos, cum sitis mali, nostis bona data dare filiis vestris: quanto magis Pater vester de clo dabit spiritum bonum petentibus se?	ει ουν υμεις πονηροι υπαρχοντες οιδατε αγαθα δοματα διδοναι τοις τεκνοις υμων ποσω μαλλον ο πατηρ ο εξ ουρανου δωσει πνευμα αγιον τοις αιτουσιν αυτον 	If ye then, being evil, know how to give good gifts unto your children: how much more shall your heavenly Father give the Holy Spirit to them that ask him?
Luke	11	14			et erat eiciens daemonium et illud erat mutum et cum eiecisset daemonium locutus est mutus et admiratae sunt turbae	Et erat ejiciens dmonium, et illud erat mutum. Et cum ejecisset dmonium, locutus est mutus, et admirat sunt turb.	και ην εκβαλλων δαιμονιον και αυτο ην κωφον εγενετο δε του δαιμονιου εξελθοντος ελαλησεν ο κωφος και εθαυμασαν οι οχλοι 	And he was casting out a devil, and it was dumb. And it came to pass, when the devil was gone out, the dumb spake; and the people wondered.
Luke	11	15			quidam autem ex eis dixerunt in Beelzebub principe daemoniorum eicit daemonia	Quidam autem ex eis dixerunt: In Beelzebub principe dmoniorum ejicit dmonia.	τινες δε εξ αυτων ειπον εν βεελζεβουλ αρχοντι των δαιμονιων εκβαλλει τα δαιμονια 	But some of them said, He casteth out devils through Beelzebub the chief of the devils.
Luke	11	16			et alii temptantes signum de caelo quaerebant ab eo	Et alii tentantes, signum de clo qurebant ab eo.	ετεροι δε πειραζοντες σημειον παρ αυτου εζητουν εξ ουρανου 	And others, tempting him, sought of him a sign from heaven.
Luke	11	17			ipse autem ut vidit cogitationes eorum dixit eis omne regnum in se ipsum divisum desolatur et domus supra domum cadet	Ipse autem ut vidit cogitationes eorum, dixit eis: Omne regnum in seipsum divisum desolabitur, et domus supra domum cadet.	αυτος δε ειδως αυτων τα διανοηματα ειπεν αυτοις πασα βασιλεια εφ εαυτην διαμερισθεισα ερημουται και οικος επι οικον πιπτει 	But he, knowing their thoughts, said unto them, Every kingdom divided against itself is brought to desolation; and a house divided against a house falleth.
Luke	11	18			si autem et Satanas in se ipsum divisus est quomodo stabit regnum ipsius quia dicitis in Beelzebub eicere me daemonia	Si autem et Satanas in seipsum divisus est, quomodo stabit regnum ejus? quia dicitis in Beelzebub me ejicere dmonia.	ει δε και ο σατανας εφ εαυτον διεμερισθη πως σταθησεται η βασιλεια αυτου οτι λεγετε εν βεελζεβουλ εκβαλλειν με τα δαιμονια 	If Satan also be divided against himself, how shall his kingdom stand? because ye say that I cast out devils through Beelzebub.
Luke	11	19			si autem ego in Beelzebub eicio daemonia filii vestri in quo eiciunt ideo ipsi iudices vestri erunt	Si autem ego in Beelzebub ejicio dmonia: filii vestri in quo ejiciunt? ideo ipsi judices vestri erunt.	ει δε εγω εν βεελζεβουλ εκβαλλω τα δαιμονια οι υιοι υμων εν τινι εκβαλλουσιν δια τουτο κριται υμων αυτοι εσονται 	And if I by Beelzebub cast out devils, by whom do your sons cast them out? therefore shall they be your judges.
Luke	11	20			porro si in digito Dei eicio daemonia profecto praevenit in vos regnum Dei	Porro si in digito Dei ejicio dmonia: profecto pervenit in vos regnum Dei.	ει δε εν δακτυλω θεου εκβαλλω τα δαιμονια αρα εφθασεν εφ υμας η βασιλεια του θεου 	But if I with the finger of God cast out devils, no doubt the kingdom of God is come upon you.
Luke	11	21			cum fortis armatus custodit atrium suum in pace sunt ea quae possidet	Cum fortis armatus custodit atrium suum, in pace sunt ea qu possidet.	οταν ο ισχυρος καθωπλισμενος φυλασση την εαυτου αυλην εν ειρηνη εστιν τα υπαρχοντα αυτου 	When a strong man armed keepeth his palace, his goods are in peace:
Luke	11	22			si autem fortior illo superveniens vicerit eum universa arma eius aufert in quibus confidebat et spolia eius distribuit	Si autem fortior eo superveniens vicerit eum, universa arma ejus auferet, in quibus confidebat, et spolia ejus distribuet.	επαν δε ο ισχυροτερος αυτου επελθων νικηση αυτον την πανοπλιαν αυτου αιρει εφ η επεποιθει και τα σκυλα αυτου διαδιδωσιν 	But when a stronger than he shall come upon him, and overcome him, he taketh from him all his armour wherein he trusted, and divideth his spoils.
Luke	11	23			qui non est mecum adversum me est et qui non colligit mecum dispergit	Qui non est mecum, contra me est: et qui non colligit mecum, dispergit.	ο μη ων μετ εμου κατ εμου εστιν και ο μη συναγων μετ εμου σκορπιζει 	He that is not with me is against me: and he that gathereth not with me scattereth.
Luke	11	24			cum inmundus spiritus exierit de homine perambulat per loca inaquosa quaerens requiem et non inveniens dicit revertar in domum meam unde exivi	Cum immundus spiritus exierit de homine, ambulat per loca inaquosa, qurens requiem: et non inveniens dicit: Revertar in domum meam unde exivi.	οταν το ακαθαρτον πνευμα εξελθη απο του ανθρωπου διερχεται δι ανυδρων τοπων ζητουν αναπαυσιν και μη ευρισκον λεγει υποστρεψω εις τον οικον μου οθεν εξηλθον 	When the unclean spirit is gone out of a man, he walketh through dry places, seeking rest; and finding none, he saith, I will return unto my house whence I came out.
Luke	11	25			et cum venerit invenit scopis mundatam	Et cum venerit, invenit eam scopis mundatam, et ornatam.	και ελθον ευρισκει σεσαρωμενον και κεκοσμημενον 	And when he cometh, he findeth it swept and garnished.
Luke	11	26			et tunc vadit et adsumit septem alios spiritus nequiores se et ingressi habitant ibi et sunt novissima hominis illius peiora prioribus	Tunc vadit, et assumit septem alios spiritus secum, nequiores se, et ingressi habitant ibi. Et fiunt novissima hominis illius pejora prioribus.	τοτε πορευεται και παραλαμβανει επτα ετερα πνευματα πονηροτερα εαυτου και εισελθοντα κατοικει εκει και γινεται τα εσχατα του ανθρωπου εκεινου χειρονα των πρωτων 	Then goeth he, and taketh to him seven other spirits more wicked than himself; and they enter in, and dwell there: and the last state of that man is worse than the first.
Luke	11	27			factum est autem cum haec diceret extollens vocem quaedam mulier de turba dixit illi beatus venter qui te portavit et ubera quae suxisti	Factum est autem, cum hc diceret: extollens vocem qudam mulier de turba dixit illi: Beatus venter qui te portavit, et ubera qu suxisti.	εγενετο δε εν τω λεγειν αυτον ταυτα επαρασα τις γυνη φωνην εκ του οχλου ειπεν αυτω μακαρια η κοιλια η βαστασασα σε και μαστοι ους εθηλασας 	And it came to pass, as he spake these things, a certain woman of the company lifted up her voice, and said unto him, Blessed is the womb that bare thee, and the paps which thou hast sucked.
Luke	11	28			at ille dixit quippini beati qui audiunt verbum Dei et custodiunt	At ille dixit: Quinimmo beati, qui audiunt verbum Dei et custodiunt illud.	αυτος δε ειπεν μενουνγε μακαριοι οι ακουοντες τον λογον του θεου και φυλασσοντες αυτον 	But he said, Yea rather, blessed are they that hear the word of God, and keep it.
Luke	11	29			turbis autem concurrentibus coepit dicere generatio haec generatio nequam est signum quaerit et signum non dabitur illi nisi signum Ionae	Turbis autem concurrentibus cpit dicere: Generatio hc, generatio nequam est: signum qurit, et signum non dabitur ei, nisi signum Jon prophet.	των δε οχλων επαθροιζομενων ηρξατο λεγειν η γενεα αυτη πονηρα εστιν σημειον επιζητει και σημειον ου δοθησεται αυτη ει μη το σημειον ιωνα του προφητου 	And when the people were gathered thick together, he began to say, This is an evil generation: they seek a sign; and there shall no sign be given it, but the sign of Jonas the prophet.
Luke	11	30			nam sicut Ionas fuit signum Ninevitis ita erit et Filius hominis generationi isti	Nam sicut fuit Jonas signum Ninivitis, ita erit et Filius hominis generationi isti.	καθως γαρ εγενετο ιωνας σημειον τοις νινευιταις ουτως εσται και ο υιος του ανθρωπου τη γενεα ταυτη 	For as Jonas was a sign unto the Ninevites, so shall also the Son of man be to this generation.
Luke	11	31			regina austri surget in iudicio cum viris generationis huius et condemnabit illos quia venit a finibus terrae audire sapientiam Salomonis et ecce plus Salomone hic	Regina austri surget in judicio cum viris generationis hujus, et condemnabit illos: quia venit a finibus terr audire sapientiam Salomonis: et ecce plus quam Salomon hic.	βασιλισσα νοτου εγερθησεται εν τη κρισει μετα των ανδρων της γενεας ταυτης και κατακρινει αυτους οτι ηλθεν εκ των περατων της γης ακουσαι την σοφιαν σολομωντος και ιδου πλειον σολομωντος ωδε 	The queen of the south shall rise up in the judgment with the men of this generation, and condemn them: for she came from the utmost parts of the earth to hear the wisdom of Solomon; and, behold, a greater than Solomon is here.
Luke	11	32			viri ninevitae surgent in iudicio cum generatione hac et condemnabunt illam quia paenitentiam egerunt ad praedicationem Ionae et ecce plus Iona hic	Viri Ninivit surgent in judicio cum generatione hac, et condemnabunt illam: quia pnitentiam egerunt ad prdicationem Jon, et ecce plus quam Jonas hic.	ανδρες νινευι αναστησονται εν τη κρισει μετα της γενεας ταυτης και κατακρινουσιν αυτην οτι μετενοησαν εις το κηρυγμα ιωνα και ιδου πλειον ιωνα ωδε 	The men of Nineve shall rise up in the judgment with this generation, and shall condemn it: for they repented at the preaching of Jonas; and, behold, a greater than Jonas is here.
Luke	11	33			nemo lucernam accendit et in abscondito ponit neque sub modio sed supra candelabrum ut qui ingrediuntur lumen videant	Nemo lucernam accendit, et in abscondito ponit, neque sub modio: sed supra candelabrum, ut qui ingrediuntur, lumen videant.	ουδεις δε λυχνον αψας εις κρυπτον τιθησιν ουδε υπο τον μοδιον αλλ επι την λυχνιαν ινα οι εισπορευομενοι το φεγγος βλεπωσιν 	No man, when he hath lighted a candle, putteth it in a secret place, neither under a bushel, but on a candlestick, that they which come in may see the light.
Luke	11	34			lucerna corporis tui est oculus tuus si oculus tuus fuerit simplex totum corpus tuum lucidum erit si autem nequam fuerit etiam corpus tuum tenebrosum erit	Lucerna corporis tui est oculus tuus. Si oculus tuus fuerit simplex, totum corpus tuum lucidum erit: si autem nequam fuerit, etiam corpus tuum tenebrosum erit.	ο λυχνος του σωματος εστιν ο οφθαλμος οταν ουν ο οφθαλμος σου απλους η και ολον το σωμα σου φωτεινον εστιν επαν δε πονηρος η και το σωμα σου σκοτεινον 	The light of the body is the eye: therefore when thine eye is single, thy whole body also is full of light; but when thine eye is evil, thy body also is full of darkness.
Luke	11	35			vide ergo ne lumen quod in te est tenebrae sint	Vide ergo ne lumen quod in te est, tenebr sint.	σκοπει ουν μη το φως το εν σοι σκοτος εστιν 	Take heed therefore that the light which is in thee be not darkness.
Luke	11	36			si ergo corpus tuum totum lucidum fuerit non habens aliquam partem tenebrarum erit lucidum totum et sicut lucerna fulgoris inluminabit te	Si ergo corpus tuum totum lucidum fuerit, non habens aliquam partem tenebrarum, erit lucidum totum, et sicut lucerna fulgoris illuminabit te.	ει ουν το σωμα σου ολον φωτεινον μη εχον τι μερος σκοτεινον εσται φωτεινον ολον ως οταν ο λυχνος τη αστραπη φωτιζη σε 	If thy whole body therefore be full of light, having no part dark, the whole shall be full of light, as when the bright shining of a candle doth give thee light.
Luke	11	37			et cum loqueretur rogavit illum quidam Pharisaeus ut pranderet apud se et ingressus recubuit	Et cum loqueretur, rogavit illum quidam pharisus ut pranderet apud se. Et ingressus recubuit.	εν δε τω λαλησαι ηρωτα αυτον φαρισαιος τις οπως αριστηση παρ αυτω εισελθων δε ανεπεσεν 	And as he spake, a certain Pharisee besought him to dine with him: and he went in, and sat down to meat.
Luke	11	38			Pharisaeus autem coepit intra se reputans dicere quare non baptizatus esset ante prandium	Pharisus autem cpit intra se reputans dicere, quare non baptizatus esset ante prandium.	ο δε φαρισαιος ιδων εθαυμασεν οτι ου πρωτον εβαπτισθη προ του αριστου 	And when the Pharisee saw it, he marvelled that he had not first washed before dinner.
Luke	11	39			et ait Dominus ad illum nunc vos Pharisaei quod de foris est calicis et catini mundatis quod autem intus est vestrum plenum est rapina et iniquitate	Et ait Dominus ad illum: Nunc vos pharisi, quod deforis est calicis et catini, mundatis: quod autem intus est vestrum, plenum est rapina et iniquitate.	ειπεν δε ο κυριος προς αυτον νυν υμεις οι φαρισαιοι το εξωθεν του ποτηριου και του πινακος καθαριζετε το δε εσωθεν υμων γεμει αρπαγης και πονηριας 	And the Lord said unto him, Now do ye Pharisees make clean the outside of the cup and the platter; but your inward part is full of ravening and wickedness.
Luke	11	40			stulti nonne qui fecit quod de foris est etiam id quod de intus est fecit	Stulti nonne qui fecit quod deforis est, etiam id quod deintus est fecit?	αφρονες ουχ ο ποιησας το εξωθεν και το εσωθεν εποιησεν 	Ye fools, did not he that made that which is without make that which is within also?
Luke	11	41			verumtamen quod superest date elemosynam et ecce omnia munda sunt vobis	Verumtamen quod superest, date eleemosynam: et ecce omnia munda sunt vobis.	πλην τα ενοντα δοτε ελεημοσυνην και ιδου παντα καθαρα υμιν εστιν 	But rather give alms of such things as ye have; and, behold, all things are clean unto you.
Luke	11	42			sed vae vobis Pharisaeis quia decimatis mentam et rutam et omne holus et praeteritis iudicium et caritatem Dei haec autem oportuit facere et illa non omittere	Sed v vobis, pharisis, quia decimatis mentham, et rutam, et omne olus, et prteritis judicium et caritatem Dei: hc autem oportuit facere, et illa non omittere.	αλλ ουαι υμιν τοις φαρισαιοις οτι αποδεκατουτε το ηδυοσμον και το πηγανον και παν λαχανον και παρερχεσθε την κρισιν και την αγαπην του θεου ταυτα εδει ποιησαι κακεινα μη αφιεναι 	But woe unto you, Pharisees! for ye tithe mint and rue and all manner of herbs, and pass over judgment and the love of God: these ought ye to have done, and not to leave the other undone.
Luke	11	43			vae vobis Pharisaeis quia diligitis primas cathedras in synagogis et salutationes in foro	V vobis, pharisis, quia diligitis primas cathedras in synagogis, et salutationes in foro.	ουαι υμιν τοις φαρισαιοις οτι αγαπατε την πρωτοκαθεδριαν εν ταις συναγωγαις και τους ασπασμους εν ταις αγοραις 	Woe unto you, Pharisees! for ye love the uppermost seats in the synagogues, and greetings in the markets.
Luke	11	44			vae vobis quia estis ut monumenta quae non parent et homines ambulantes supra nesciunt	V vobis, quia estis ut monumenta, qu non apparent, et homines ambulantes supra, nesciunt.	ουαι υμιν γραμματεις και φαρισαιοι υποκριται οτι εστε ως τα μνημεια τα αδηλα και οι ανθρωποι οι περιπατουντες επανω ουκ οιδασιν 	Woe unto you, scribes and Pharisees, hypocrites! for ye are as graves which appear not, and the men that walk over them are not aware of them.
Luke	11	45			respondens autem quidam ex legis peritis ait illi magister haec dicens etiam nobis contumeliam facis	Respondens autem quidam ex legisperitis, ait illi: Magister, hc dicens etiam contumeliam nobis facis.	αποκριθεις δε τις των νομικων λεγει αυτω διδασκαλε ταυτα λεγων και ημας υβριζεις 	Then answered one of the lawyers, and said unto him, Master, thus saying thou reproachest us also.
Luke	11	46			at ille ait et vobis legis peritis vae quia oneratis homines oneribus quae portari non possunt et ipsi uno digito vestro non tangitis sarcinas	At ille ait: Et vobis legisperitis v: quia oneratis homines oneribus, qu portare non possunt, et ipsi uno digito vestro non tangitis sarcinas.	ο δε ειπεν και υμιν τοις νομικοις ουαι οτι φορτιζετε τους ανθρωπους φορτια δυσβαστακτα και αυτοι ενι των δακτυλων υμων ου προσψαυετε τοις φορτιοις 	And he said, Woe unto you also, ye lawyers! for ye lade men with burdens grievous to be borne, and ye yourselves touch not the burdens with one of your fingers.
Luke	11	47			vae vobis quia aedificatis monumenta prophetarum patres autem vestri occiderunt illos	V vobis, qui dificatis monumenta prophetarum: patres autem vestri occiderunt illos.	ουαι υμιν οτι οικοδομειτε τα μνημεια των προφητων οι δε πατερες υμων απεκτειναν αυτους 	Woe unto you! for ye build the sepulchres of the prophets, and your fathers killed them.
Luke	11	48			profecto testificamini quod consentitis operibus patrum vestrorum quoniam quidem ipsi eos occiderunt vos autem aedificatis eorum sepulchra	Profecto testificamini quod consentitis operibus patrum vestrorum: quoniam ipsi quidem eos occiderunt, vos autem dificatis eorum sepulchra.	αρα μαρτυρειτε και συνευδοκειτε τοις εργοις των πατερων υμων οτι αυτοι μεν απεκτειναν αυτους υμεις δε οικοδομειτε αυτων τα μνημεια 	Truly ye bear witness that ye allow the deeds of your fathers: for they indeed killed them, and ye build their sepulchres.
Luke	11	49			propterea et sapientia Dei dixit mittam ad illos prophetas et apostolos et ex illis occident et persequentur	Propterea et sapientia Dei dixit: Mittam ad illos prophetas, et apostolos, et ex illis occident, et persequentur:	δια τουτο και η σοφια του θεου ειπεν αποστελω εις αυτους προφητας και αποστολους και εξ αυτων αποκτενουσιν και εκδιωξουσιν 	Therefore also said the wisdom of God, I will send them prophets and apostles, and some of them they shall slay and persecute:
Luke	11	50			ut inquiratur sanguis omnium prophetarum qui effusus est a constitutione mundi a generatione ista	ut inquiratur sanguis omnium prophetarum, qui effusus est a constitutione mundi a generatione ista,	ινα εκζητηθη το αιμα παντων των προφητων το εκχυνομενον απο καταβολης κοσμου απο της γενεας ταυτης 	That the blood of all the prophets, which was shed from the foundation of the world, may be required of this generation;
Luke	11	51			a sanguine Abel usque ad sanguinem Zacchariae qui periit inter altare et aedem ita dico vobis requiretur ab hac generatione	a sanguine Abel, usque ad sanguinem Zachari, qui periit inter altare et dem. Ita dico vobis, requiretur ab hac generatione.	απο του αιματος αβελ εως του αιματος ζαχαριου του απολομενου μεταξυ του θυσιαστηριου και του οικου ναι λεγω υμιν εκζητηθησεται απο της γενεας ταυτης 	From the blood of Abel unto the blood of Zacharias which perished between the altar and the temple: verily I say unto you, It shall be required of this generation.
Luke	11	52			vae vobis legis peritis quia tulistis clavem scientiae ipsi non introistis et eos qui introibant prohibuistis	V vobis, legisperitis, quia tulistis clavem scienti: ipsi non introistis, et eos qui introibant, prohibuistis.	ουαι υμιν τοις νομικοις οτι ηρατε την κλειδα της γνωσεως αυτοι ουκ εισηλθετε και τους εισερχομενους εκωλυσατε 	Woe unto you, lawyers! for ye have taken away the key of knowledge: ye entered not in yourselves, and them that were entering in ye hindered.
Luke	11	53			cum haec ad illos diceret coeperunt Pharisaei et legis periti graviter insistere et os eius opprimere de multis	Cum autem hc ad illos diceret, cperunt pharisi et legisperiti graviter insistere, et os ejus opprimere de multis,	λεγοντος δε αυτου ταυτα προς αυτους ηρξαντο οι γραμματεις και οι φαρισαιοι δεινως ενεχειν και αποστοματιζειν αυτον περι πλειονων 	And as he said these things unto them, the scribes and the Pharisees began to urge him vehemently, and to provoke him to speak of many things:
Luke	11	54			insidiantes et quaerentes capere aliquid ex ore eius ut accusarent eum	insidiantes ei, et qurentes aliquid capere de ore ejus, ut accusarent eum.	ενεδρευοντες αυτον και ζητουντες θηρευσαι τι εκ του στοματος αυτου ινα κατηγορησωσιν αυτου   	Laying wait for him, and seeking to catch something out of his mouth, that they might accuse him.
Luke	12	1			multis autem turbis circumstantibus ita ut se invicem conculcarent coepit dicere ad discipulos suos adtendite a fermento Pharisaeorum quae est hypocrisis	Multis autem turbis circumstantibus, ita ut se invicem conculcarent, cpit dicere ad discipulos suos: Attendite a fermento pharisorum, quod est hypocrisis.	εν οις επισυναχθεισων των μυριαδων του οχλου ωστε καταπατειν αλληλους ηρξατο λεγειν προς τους μαθητας αυτου πρωτον προσεχετε εαυτοις απο της ζυμης των φαρισαιων ητις εστιν υποκρισις 	In the mean time, when there were gathered together an innumerable multitude of people, insomuch that they trode one upon another, he began to say unto his disciples first of all, Beware ye of the leaven of the Pharisees, which is hypocrisy.
Luke	12	2			nihil autem opertum est quod non reveletur neque absconditum quod non sciatur	Nihil autem opertum est, quod non reveletur: neque absconditum, quod non sciatur.	ουδεν δε συγκεκαλυμμενον εστιν ο ουκ αποκαλυφθησεται και κρυπτον ο ου γνωσθησεται 	For there is nothing covered, that shall not be revealed; neither hid, that shall not be known.
Luke	12	3			quoniam quae in tenebris dixistis in lumine dicentur et quod in aurem locuti estis in cubiculis praedicabitur in tectis	Quoniam qu in tenebris dixistis, in lumine dicentur: et quod in aurem locuti estis in cubiculis, prdicabitur in tectis.	ανθ ων οσα εν τη σκοτια ειπατε εν τω φωτι ακουσθησεται και ο προς το ους ελαλησατε εν τοις ταμειοις κηρυχθησεται επι των δωματων 	Therefore whatsoever ye have spoken in darkness shall be heard in the light; and that which ye have spoken in the ear in closets shall be proclaimed upon the housetops.
Luke	12	4			dico autem vobis amicis meis ne terreamini ab his qui occidunt corpus et post haec non habent amplius quod faciant	Dico autem vobis amicis meis: Ne terreamini ab his qui occidunt corpus, et post hc non habent amplius quid faciant.	λεγω δε υμιν τοις φιλοις μου μη φοβηθητε απο των αποκτεινοντων το σωμα και μετα ταυτα μη εχοντων περισσοτερον τι ποιησαι 	And I say unto you my friends, Be not afraid of them that kill the body, and after that have no more that they can do.
Luke	12	5			ostendam autem vobis quem timeatis timete eum qui postquam occiderit habet potestatem mittere in gehennam ita dico vobis hunc timete	Ostendam autem vobis quem timeatis: timete eum qui, postquam occiderit, habet potestatem mittere in gehennam: ita dico vobis, hunc timete.	υποδειξω δε υμιν τινα φοβηθητε φοβηθητε τον μετα το αποκτειναι εξουσιαν εχοντα εμβαλειν εις την γεενναν ναι λεγω υμιν τουτον φοβηθητε 	But I will forewarn you whom ye shall fear: Fear him, which after he hath killed hath power to cast into hell; yea, I say unto you, Fear him.
Luke	12	6			nonne quinque passeres veneunt dipundio et unus ex illis non est in oblivione coram Deo	Nonne quinque passeres veneunt dipondio, et unus ex illis non est in oblivione coram Deo?	ουχι πεντε στρουθια πωλειται ασσαριων δυο και εν εξ αυτων ουκ εστιν επιλελησμενον ενωπιον του θεου 	Are not five sparrows sold for two farthings, and not one of them is forgotten before God?
Luke	12	7			sed et capilli capitis vestri omnes numerati sunt nolite ergo timere multis passeribus pluris estis	sed et capilli capitis vestri omnes numerati sunt. Nolite ergo timere: multis passeribus pluris estis vos.	αλλα και αι τριχες της κεφαλης υμων πασαι ηριθμηνται μη ουν φοβεισθε πολλων στρουθιων διαφερετε 	But even the very hairs of your head are all numbered. Fear not therefore: ye are of more value than many sparrows.
Luke	12	8			dico autem vobis omnis quicumque confessus fuerit in me coram hominibus et Filius hominis confitebitur in illo coram angelis Dei	Dico autem vobis: Omnis quicumque confessus fuerit me coram hominibus, et Filius hominis confitebitur illum coram angelis Dei:	λεγω δε υμιν πας ος αν ομολογηση εν εμοι εμπροσθεν των ανθρωπων και ο υιος του ανθρωπου ομολογησει εν αυτω εμπροσθεν των αγγελων του θεου 	Also I say unto you, Whosoever shall confess me before men, him shall the Son of man also confess before the angels of God:
Luke	12	9			qui autem negaverit me coram hominibus denegabitur coram angelis Dei	qui autem negaverit me coram hominibus, negabitur coram angelis Dei.	ο δε αρνησαμενος με ενωπιον των ανθρωπων απαρνηθησεται ενωπιον των αγγελων του θεου 	But he that denieth me before men shall be denied before the angels of God.
Luke	12	10			et omnis qui dicit verbum in Filium hominis remittetur illi ei autem qui in Spiritum Sanctum blasphemaverit non remittetur	Et omnis qui dicit verbum in Filium hominis, remittetur illi: ei autem qui in Spiritum Sanctum blasphemaverit, non remittetur.	και πας ος ερει λογον εις τον υιον του ανθρωπου αφεθησεται αυτω τω δε εις το αγιον πνευμα βλασφημησαντι ουκ αφεθησεται 	And whosoever shall speak a word against the Son of man, it shall be forgiven him: but unto him that blasphemeth against the Holy Ghost it shall not be forgiven.
Luke	12	11			cum autem inducent vos in synagogas et ad magistratus et potestates nolite solliciti esse qualiter aut quid respondeatis aut quid dicatis	Cum autem inducent vos in synagogas, et ad magistratus, et potestates, nolite solliciti esse qualiter, aut quid respondeatis, aut quid dicatis.	οταν δε προσφερωσιν υμας επι τας συναγωγας και τας αρχας και τας εξουσιας μη μεριμνατε πως η τι απολογησησθε η τι ειπητε 	And when they bring you unto the synagogues, and unto magistrates, and powers, take ye no thought how or what thing ye shall answer, or what ye shall say:
Luke	12	12			Spiritus enim Sanctus docebit vos in ipsa hora quae oporteat dicere	Spiritus enim Sanctus docebit vos in ipsa hora quid oporteat vos dicere.	το γαρ αγιον πνευμα διδαξει υμας εν αυτη τη ωρα α δει ειπειν 	For the Holy Ghost shall teach you in the same hour what ye ought to say.
Luke	12	13			ait autem quidam ei de turba magister dic fratri meo ut dividat mecum hereditatem	Ait autem ei quidam de turba: Magister, dic fratri meo ut dividat mecum hreditatem.	ειπεν δε τις αυτω εκ του οχλου διδασκαλε ειπε τω αδελφω μου μερισασθαι μετ εμου την κληρονομιαν 	And one of the company said unto him, Master, speak to my brother, that he divide the inheritance with me.
Luke	12	14			at ille dixit ei homo quis me constituit iudicem aut divisorem super vos	At ille dixit illi: Homo, quis me constituit judicem, aut divisorem super vos?	ο δε ειπεν αυτω ανθρωπε τις με κατεστησεν δικαστην η μεριστην εφ υμας 	And he said unto him, Man, who made me a judge or a divider over you?
Luke	12	15			dixitque ad illos videte et cavete ab omni avaritia quia non in abundantia cuiusquam vita eius est ex his quae possidet	Dixitque ad illos: Videte, et cavete ab omni avaritia: quia non in abundantia cujusquam vita ejus est ex his qu possidet.	ειπεν δε προς αυτους ορατε και φυλασσεσθε απο της πλεονεξιας οτι ουκ εν τω περισσευειν τινι η ζωη αυτου εστιν εκ των υπαρχοντων αυτου 	And he said unto them, Take heed, and beware of covetousness: for a man's life consisteth not in the abundance of the things which he possesseth.
Luke	12	16			dixit autem similitudinem ad illos dicens hominis cuiusdam divitis uberes fructus ager adtulit	Dixit autem similitudinem ad illos, dicens: Hominis cujusdam divitis uberes fructus ager attulit:	ειπεν δε παραβολην προς αυτους λεγων ανθρωπου τινος πλουσιου ευφορησεν η χωρα 	And he spake a parable unto them, saying, The ground of a certain rich man brought forth plentifully:
Luke	12	17			et cogitabat intra se dicens quid faciam quod non habeo quo congregem fructus meos	et cogitabat intra se dicens: Quid faciam, quia non habeo quo congregam fructus meos?	και διελογιζετο εν εαυτω λεγων τι ποιησω οτι ουκ εχω που συναξω τους καρπους μου 	And he thought within himself, saying, What shall I do, because I have no room where to bestow my fruits?
Luke	12	18			et dixit hoc faciam destruam horrea mea et maiora faciam et illuc congregabo omnia quae nata sunt mihi et bona mea	Et dixit: Hoc faciam: destruam horrea mea, et majora faciam: et illuc congregabo omnia qu nata sunt mihi, et bona mea,	και ειπεν τουτο ποιησω καθελω μου τας αποθηκας και μειζονας οικοδομησω και συναξω εκει παντα τα γενηματα μου και τα αγαθα μου 	And he said, This will I do: I will pull down my barns, and build greater; and there will I bestow all my fruits and my goods.
Luke	12	19			et dicam animae meae anima habes multa bona posita in annos plurimos requiesce comede bibe epulare	et dicam anim me: Anima, habes multa bona posita in annos plurimos: requiesce, comede, bibe, epulare.	και ερω τη ψυχη μου ψυχη εχεις πολλα αγαθα κειμενα εις ετη πολλα αναπαυου φαγε πιε ευφραινου 	And I will say to my soul, Soul, thou hast much goods laid up for many years; take thine ease, eat, drink, and be merry.
Luke	12	20			dixit autem illi Deus stulte hac nocte animam tuam repetunt a te quae autem parasti cuius erunt	Dixit autem illi Deus: Stulte, hac nocte animam tuam repetunt a te: qu autem parasti, cujus erunt?	ειπεν δε αυτω ο θεος αφρων  αφρον  ταυτη τη νυκτι την ψυχην σου απαιτουσιν απο σου α δε ητοιμασας τινι εσται 	But God said unto him, Thou fool, this night thy soul shall be required of thee: then whose shall those things be, which thou hast provided?
Luke	12	21			sic est qui sibi thesaurizat et non est in Deum dives	Sic est qui sibi thesaurizat, et non est in Deum dives.	ουτως ο θησαυριζων εαυτω και μη εις θεον πλουτων 	So is he that layeth up treasure for himself, and is not rich toward God.
Luke	12	22			dixitque ad discipulos suos ideo dico vobis nolite solliciti esse animae quid manducetis neque corpori quid vestiamini	Dixitque ad discipulos suos: Ideo dico vobis, nolite solliciti esse anim vestr quid manducetis, neque corpori quid induamini.	ειπεν δε προς τους μαθητας αυτου δια τουτο υμιν λεγω μη μεριμνατε τη ψυχη υμων τι φαγητε μηδε τω σωματι τι ενδυσησθε 	And he said unto his disciples, Therefore I say unto you, Take no thought for your life, what ye shall eat; neither for the body, what ye shall put on.
Luke	12	23			anima plus est quam esca et corpus quam vestimentum	Anima plus est quam esca, et corpus plus quam vestimentum.	η ψυχη πλειον εστιν της τροφης και το σωμα του ενδυματος 	The life is more than meat, and the body is more than raiment.
Luke	12	24			considerate corvos quia non seminant neque metunt quibus non est cellarium neque horreum et Deus pascit illos quanto magis vos pluris estis illis	Considerate corvos, quia non seminant, neque metunt, quibus non est cellarium, neque horreum, et Deus pascit illos. Quanto magis vos pluris estis illis?	κατανοησατε τους κορακας οτι ου σπειρουσιν ουδε θεριζουσιν οις ουκ εστιν ταμειον ουδε αποθηκη και ο θεος τρεφει αυτους ποσω μαλλον υμεις διαφερετε των πετεινων 	Consider the ravens: for they neither sow nor reap; which neither have storehouse nor barn; and God feedeth them: how much more are ye better than the fowls?
Luke	12	25			quis autem vestrum cogitando potest adicere ad staturam suam cubitum unum	Quis autem vestrum cogitando potest adjicere ad staturam suam cubitum unum?	τις δε εξ υμων μεριμνων δυναται προσθειναι επι την ηλικιαν αυτου πηχυν ενα 	And which of you with taking thought can add to his stature one cubit?
Luke	12	26			si ergo neque quod minimum est potestis quid de ceteris solliciti estis	Si ergo neque quod minimum est potestis, quid de ceteris solliciti estis?	ει ουν ουτε ελαχιστον δυνασθε τι περι των λοιπων μεριμνατε 	If ye then be not able to do that thing which is least, why take ye thought for the rest?
Luke	12	27			considerate lilia quomodo crescunt non laborant non nent dico autem vobis nec Salomon in omni gloria sua vestiebatur sicut unum ex istis	Considerate lilia quomodo crescunt: non laborant, neque nent: dico autem vobis, nec Salomon in omni gloria sua vestiebatur sicut unum ex istis.	κατανοησατε τα κρινα πως αυξανει ου κοπια ουδε νηθει λεγω δε υμιν ουδε σολομων εν παση τη δοξη αυτου περιεβαλετο ως εν τουτων 	Consider the lilies how they grow: they toil not, they spin not; and yet I say unto you, that Solomon in all his glory was not arrayed like one of these.
Luke	12	28			si autem faenum quod hodie in agro est et cras in clibanum mittitur Deus sic vestit quanto magis vos pusillae fidei	Si autem fnum, quod hodie est in agro, et cras in clibanum mittitur, Deus sic vestit: quanto magis vos pusill fidei?	ει δε τον χορτον εν τω αγρω σημερον οντα και αυριον εις κλιβανον βαλλομενον ο θεος ουτως αμφιεννυσιν ποσω μαλλον υμας ολιγοπιστοι 	If then God so clothe the grass, which is to day in the field, and to morrow is cast into the oven; how much more will he clothe you, O ye of little faith?
Luke	12	29			et vos nolite quaerere quid manducetis aut quid bibatis et nolite in sublime tolli	Et vos nolite qurere quid manducetis, aut quid bibatis: et nolite in sublime tolli:	και υμεις μη ζητειτε τι φαγητε η τι πιητε και μη μετεωριζεσθε 	And seek not ye what ye shall eat, or what ye shall drink, neither be ye of doubtful mind.
Luke	12	30			haec enim omnia gentes mundi quaerunt Pater autem vester scit quoniam his indigetis	hc enim omnia gentes mundi qurunt. Pater autem vester scit quoniam his indigetis.	ταυτα γαρ παντα τα εθνη του κοσμου επιζητει υμων δε ο πατηρ οιδεν οτι χρηζετε τουτων 	For all these things do the nations of the world seek after: and your Father knoweth that ye have need of these things.
Luke	12	31			verumtamen quaerite regnum Dei et haec omnia adicientur vobis	Verumtamen qurite primum regnum Dei, et justitiam ejus: et hc omnia adjicientur vobis.	πλην ζητειτε την βασιλειαν του θεου και ταυτα παντα προστεθησεται υμιν 	But rather seek ye the kingdom of God; and all these things shall be added unto you.
Luke	12	32			nolite timere pusillus grex quia conplacuit Patri vestro dare vobis regnum	Nolite timere pusillus grex, quia complacuit Patri vestro dare vobis regnum.	μη φοβου το μικρον ποιμνιον οτι ευδοκησεν ο πατηρ υμων δουναι υμιν την βασιλειαν 	Fear not, little flock; for it is your Father's good pleasure to give you the kingdom.
Luke	12	33			vendite quae possidetis et date elemosynam facite vobis sacculos qui non veterescunt thesaurum non deficientem in caelis quo fur non adpropiat neque tinea corrumpit	Vendite qu possidetis, et date eleemosynam. Facite vobis sacculos, qui non veterascunt, thesaurum non deficientem in clis: quo fur non appropriat, neque tinea corrumpit.	πωλησατε τα υπαρχοντα υμων και δοτε ελεημοσυνην ποιησατε εαυτοις βαλαντια μη παλαιουμενα θησαυρον ανεκλειπτον εν τοις ουρανοις οπου κλεπτης ουκ εγγιζει ουδε σης διαφθειρει 	Sell that ye have, and give alms; provide yourselves bags which wax not old, a treasure in the heavens that faileth not, where no thief approacheth, neither moth corrupteth.
Luke	12	34			ubi enim thesaurus vester est ibi et cor vestrum erit	Ubi enim thesaurus vester est, ibi et cor vestrum erit.	οπου γαρ εστιν ο θησαυρος υμων εκει και η καρδια υμων εσται 	For where your treasure is, there will your heart be also.
Luke	12	35			sint lumbi vestri praecincti et lucernae ardentes	Sint lumbi vestri prcincti, et lucern ardentes in manibus vestris,	εστωσαν υμων αι οσφυες περιεζωσμεναι και οι λυχνοι καιομενοι 	Let your loins be girded about, and your lights burning;
Luke	12	36			et vos similes hominibus expectantibus dominum suum quando revertatur a nuptiis ut cum venerit et pulsaverit confestim aperiant ei	et vos similes hominibus exspectantibus dominum suum quando revertatur a nuptiis: ut, cum venerit et pulsaverit, confestim aperiant ei.	και υμεις ομοιοι ανθρωποις προσδεχομενοις τον κυριον εαυτων ποτε αναλυσει εκ των γαμων ινα ελθοντος και κρουσαντος ευθεως ανοιξωσιν αυτω 	And ye yourselves like unto men that wait for their lord, when he will return from the wedding; that when he cometh and knocketh, they may open unto him immediately.
Luke	12	37			beati servi illi quos cum venerit dominus invenerit vigilantes amen dico vobis quod praecinget se et faciet illos discumbere et transiens ministrabit illis	Beati servi illi quos, cum venerit dominus, invenerit vigilantes: amen dico vobis, quod prcinget se, et faciet illos discumbere, et transiens ministrabit illis.	μακαριοι οι δουλοι εκεινοι ους ελθων ο κυριος ευρησει γρηγορουντας αμην λεγω υμιν οτι περιζωσεται και ανακλινει αυτους και παρελθων διακονησει αυτοις 	Blessed are those servants, whom the lord when he cometh shall find watching: verily I say unto you, that he shall gird himself, and make them to sit down to meat, and will come forth and serve them.
Luke	12	38			et si venerit in secunda vigilia et si in tertia vigilia venerit et ita invenerit beati sunt servi illi	Et si venerit in secunda vigilia, et si in tertia vigilia venerit, et ita invenerit, beati sunt servi illi.	και εαν ελθη εν τη δευτερα φυλακη και εν τη τριτη φυλακη ελθη και ευρη ουτως μακαριοι εισιν οι δουλοι εκεινοι 	And if he shall come in the second watch, or come in the third watch, and find them so, blessed are those servants.
Luke	12	39			hoc autem scitote quia si sciret pater familias qua hora fur veniret vigilaret utique et non sineret perfodiri domum suam	Hoc autem scitote, quoniam si sciret paterfamilias, qua hora fur veniret, vigilaret utique, et non sineret perfodi domum suam.	τουτο δε γινωσκετε οτι ει ηδει ο οικοδεσποτης ποια ωρα ο κλεπτης ερχεται εγρηγορησεν αν και ουκ αν αφηκεν διορυγηναι τον οικον αυτου 	And this know, that if the goodman of the house had known what hour the thief would come, he would have watched, and not have suffered his house to be broken through.
Luke	12	40			et vos estote parati quia qua hora non putatis Filius hominis venit	Et vos estote parati: quia qua hora non putatis, Filius hominis veniet.	και υμεις ουν γινεσθε ετοιμοι οτι η ωρα ου δοκειτε ο υιος του ανθρωπου ερχεται 	Be ye therefore ready also: for the Son of man cometh at an hour when ye think not.
Luke	12	41			ait autem ei Petrus Domine ad nos dicis hanc parabolam an et ad omnes	Ait autem et Petrus: Domine, ad nos dicis hanc parabolam, an et ad omnes?	ειπεν δε αυτω ο πετρος κυριε προς ημας την παραβολην ταυτην λεγεις η και προς παντας 	Then Peter said unto him, Lord, speakest thou this parable unto us, or even to all?
Luke	12	42			dixit autem Dominus quis putas est fidelis dispensator et prudens quem constituet dominus super familiam suam ut det illis in tempore tritici mensuram	Dixit autem Dominus: Quis, putas, est fidelis dispensator, et prudens, quem constituit dominus supra familiam suam, ut det illis in tempore tritici mensuram?	ειπεν δε ο κυριος τις αρα εστιν ο πιστος οικονομος και φρονιμος ον καταστησει ο κυριος επι της θεραπειας αυτου του διδοναι εν καιρω το σιτομετριον 	And the Lord said, Who then is that faithful and wise steward, whom his lord shall make ruler over his household, to give them their portion of meat in due season?
Luke	12	43			beatus ille servus quem cum venerit dominus invenerit ita facientem	Beatus ille servus quem, cum venerit dominus, invenerit ita facientem.	μακαριος ο δουλος εκεινος ον ελθων ο κυριος αυτου ευρησει ποιουντα ουτως 	Blessed is that servant, whom his lord when he cometh shall find so doing.
Luke	12	44			vere dico vobis quia supra omnia quae possidet constituet illum	Vere dico vobis, quoniam supra omnia qu possidet, constituet illum.	αληθως λεγω υμιν οτι επι πασιν τοις υπαρχουσιν αυτου καταστησει αυτον 	Of a truth I say unto you, that he will make him ruler over all that he hath.
Luke	12	45			quod si dixerit servus ille in corde suo moram facit dominus meus venire et coeperit percutere pueros et ancillas et edere et bibere et inebriari	Quod si dixerit servus ille in corde suo: Moram facit dominus meus venire: et cperit percutere servos, et ancillas, et edere, et bibere, et inebriari:	εαν δε ειπη ο δουλος εκεινος εν τη καρδια αυτου χρονιζει ο κυριος μου ερχεσθαι και αρξηται τυπτειν τους παιδας και τας παιδισκας εσθιειν τε και πινειν και μεθυσκεσθαι 	But and if that servant say in his heart, My lord delayeth his coming; and shall begin to beat the menservants and maidens, and to eat and drink, and to be drunken;
Luke	12	46			veniet dominus servi illius in die qua non sperat et hora qua nescit et dividet eum partemque eius cum infidelibus ponet	veniet dominus servi illius in die qua non sperat, et hora qua nescit, et dividet eum, partemque ejus cum infidelibus ponet.	ηξει ο κυριος του δουλου εκεινου εν ημερα η ου προσδοκα και εν ωρα η ου γινωσκει και διχοτομησει αυτον και το μερος αυτου μετα των απιστων θησει 	The lord of that servant will come in a day when he looketh not for him, and at an hour when he is not aware, and will cut him in sunder, and will appoint him his portion with the unbelievers.
Luke	12	47			ille autem servus qui cognovit voluntatem domini sui et non praeparavit et non fecit secundum voluntatem eius vapulabit multas	Ille autem servus qui cognovit voluntatem domini sui, et non prparavit, et non facit secundum voluntatem ejus, vapulabit multis:	εκεινος δε ο δουλος ο γνους το θελημα του κυριου εαυτου και μη ετοιμασας μηδε ποιησας προς το θελημα αυτου δαρησεται πολλας 	And that servant, which knew his lord's will, and prepared not himself, neither did according to his will, shall be beaten with many stripes.
Luke	12	48			qui autem non cognovit et fecit digna plagis vapulabit paucis omni autem cui multum datum est multum quaeretur ab eo et cui commendaverunt multum plus petent ab eo	qui autem non cognovit, et fecit digna plagis, vapulabit paucis. Omni autem cui multum datum est, multum quretur ab eo: et cui commendaverunt multum, plus petent ab eo.	ο δε μη γνους ποιησας δε αξια πληγων δαρησεται ολιγας παντι δε ω εδοθη πολυ πολυ ζητηθησεται παρ αυτου και ω παρεθεντο πολυ περισσοτερον αιτησουσιν αυτον 	But he that knew not, and did commit things worthy of stripes, shall be beaten with few stripes. For unto whomsoever much is given, of him shall be much required: and to whom men have committed much, of him they will ask the more.
Luke	12	49			ignem veni mittere in terram et quid volo si accendatur	Ignem veni mittere in terram, et quid volo nisi ut accendatur?	πυρ ηλθον βαλειν εις την γην και τι θελω ει ηδη ανηφθη 	I am come to send fire on the earth; and what will I, if it be already kindled?
Luke	12	50			baptisma autem habeo baptizari et quomodo coartor usque dum perficiatur	Baptismo autem habeo baptizari: et quomodo coarctor usque dum perficiatur?	βαπτισμα δε εχω βαπτισθηναι και πως συνεχομαι εως ου τελεσθη 	But I have a baptism to be baptized with; and how am I straitened till it be accomplished!
Luke	12	51			putatis quia pacem veni dare in terram non dico vobis sed separationem	Putatis quia pacem veni dare in terram? non, dico vobis, sed separationem:	δοκειτε οτι ειρηνην παρεγενομην δουναι εν τη γη ουχι λεγω υμιν αλλ η διαμερισμον 	Suppose ye that I am come to give peace on earth? I tell you, Nay; but rather division:
Luke	12	52			erunt enim ex hoc quinque in domo una divisi tres in duo et duo in tres	erunt enim ex hoc quinque in domo una divisi, tres in duos, et duo in tres	εσονται γαρ απο του νυν πεντε εν οικω ενι διαμεμερισμενοι τρεις επι δυσιν και δυο επι τρισιν 	For from henceforth there shall be five in one house divided, three against two, and two against three.
Luke	12	53			dividentur pater in filium et filius in patrem suum mater in filiam et filia in matrem socrus in nurum suam et nurus in socrum suam	dividentur: pater in filium, et filius in patrem suum, mater in filiam, et filia in matrem, socrus in nurum suam, et nurus in socrum suam.	διαμερισθησεται πατηρ εφ υιω και υιος επι πατρι μητηρ επι θυγατρι και θυγατηρ επι μητρι πενθερα επι την νυμφην αυτης και νυμφη επι την πενθεραν αυτης 	The father shall be divided against the son, and the son against the father; the mother against the daughter, and the daughter against the mother; the mother in law against her daughter in law, and the daughter in law against her mother in law.
Luke	12	54			dicebat autem et ad turbas cum videritis nubem orientem ab occasu statim dicitis nimbus venit et ita fit	Dicebat autem et ad turbas: Cum videritis nubem orientem ab occasu, statim dicitis: Nimbus venit: et ita fit.	ελεγεν δε και τοις οχλοις οταν ιδητε την νεφελην ανατελλουσαν απο δυσμων ευθεως λεγετε ομβρος ερχεται και γινεται ουτως 	And he said also to the people, When ye see a cloud rise out of the west, straightway ye say, There cometh a shower; and so it is.
Luke	12	55			et cum austrum flantem dicitis quia aestus erit et fit	Et cum austrum flantem, dicitis: Quia stus erit: et fit.	και οταν νοτον πνεοντα λεγετε οτι καυσων εσται και γινεται 	And when ye see the south wind blow, ye say, There will be heat; and it cometh to pass.
Luke	12	56			hypocritae faciem terrae et caeli nostis probare hoc autem tempus quomodo non probatis	Hypocrit! faciem cli et terr nostis probare: hoc autem tempus quomodo non probatis?	υποκριται το προσωπον της γης και του ουρανου  του ουρανου και της γης  οιδατε δοκιμαζειν τον δε καιρον τουτον πως ου δοκιμαζετε 	Ye hypocrites, ye can discern the face of the sky and of the earth; but how is it that ye do not discern this time?
Luke	12	57			quid autem et a vobis ipsis non iudicatis quod iustum est	quid autem et a vobis ipsis non judicatis quod justum est?	τι δε και αφ εαυτων ου κρινετε το δικαιον 	Yea, and why even of yourselves judge ye not what is right?
Luke	12	58			cum autem vadis cum adversario tuo ad principem in via da operam liberari ab illo ne forte trahat te apud iudicem et iudex tradat te exactori et exactor mittat te in carcerem	Cum autem vadis cum adversario tuo ad principem, in via da operam liberari ab illo, ne forte trahat te ad judicem, et judex tradat te exactori, et exactor mittat te in carcerem.	ως γαρ υπαγεις μετα του αντιδικου σου επ αρχοντα εν τη οδω δος εργασιαν απηλλαχθαι απ αυτου μηποτε κατασυρη σε προς τον κριτην και ο κριτης σε παραδω τω πρακτορι και ο πρακτωρ σε βαλλη εις φυλακην 	When thou goest with thine adversary to the magistrate, as thou art in the way, give diligence that thou mayest be delivered from him; lest he hale thee to the judge, and the judge deliver thee to the officer, and the officer cast thee into prison.
Luke	12	59			dico tibi non exies inde donec etiam novissimum minutum reddas	Dico tibi, non exies inde, donec etiam novissimum minutum reddas.	λεγω σοι ου μη εξελθης εκειθεν εως ου και το εσχατον λεπτον αποδως   	I tell thee, thou shalt not depart thence, till thou hast paid the very last mite.
Luke	13	1			aderant autem quidam ipso in tempore nuntiantes illi de Galilaeis quorum sanguinem Pilatus miscuit cum sacrificiis eorum	Aderant autem quidam ipso in tempore, nuntiantes illi de Galilis, quorum sanguinem Pilatus miscuit cum sacrificiis eorum.	παρησαν δε τινες εν αυτω τω καιρω απαγγελλοντες αυτω περι των γαλιλαιων ων το αιμα πιλατος εμιξεν μετα των θυσιων αυτων 	There were present at that season some that told him of the Galilaeans, whose blood Pilate had mingled with their sacrifices.
Luke	13	2			et respondens dixit illis putatis quod hii Galilaei prae omnibus Galilaeis peccatores fuerunt quia talia passi sunt	Et respondens dixit illis: Putatis quod hi Galili pr omnibus Galilis peccatores fuerint, quia talia passi sunt?	και αποκριθεις ο ιησους ειπεν αυτοις δοκειτε οτι οι γαλιλαιοι ουτοι αμαρτωλοι παρα παντας τους γαλιλαιους εγενοντο οτι τοιαυτα πεπονθασιν 	And Jesus answering said unto them, Suppose ye that these Galilaeans were sinners above all the Galilaeans, because they suffered such things?
Luke	13	3			non dico vobis sed nisi paenitentiam habueritis omnes similiter peribitis	Non, dico vobis: sed nisi pnitentiam habueritis, omnes similiter peribitis.	ουχι λεγω υμιν αλλ εαν μη μετανοητε παντες ωσαυτως απολεισθε 	I tell you, Nay: but, except ye repent, ye shall all likewise perish.
Luke	13	4			sicut illi decem et octo supra quos cecidit turris in Siloam et occidit eos putatis quia et ipsi debitores fuerunt praeter omnes homines habitantes in Hierusalem	Sicut illi decem et octo, supra quos cecidit turris in Silo, et occidit eos: putatis quia et ipsi debitores fuerint prter omnes homines habitantes in Jerusalem?	η εκεινοι οι δεκα και οκτω εφ ους επεσεν ο πυργος εν τω σιλωαμ και απεκτεινεν αυτους δοκειτε οτι ουτοι οφειλεται εγενοντο παρα παντας ανθρωπους τους κατοικουντας εν ιερουσαλημ 	Or those eighteen, upon whom the tower in Siloam fell, and slew them, think ye that they were sinners above all men that dwelt in Jerusalem?
Luke	13	5			non dico vobis sed si non paenitentiam egeritis omnes similiter peribitis	Non, dico vobis: sed si pnitentiam non egeritis, omnes similiter peribitis.	ουχι λεγω υμιν αλλ εαν μη μετανοητε παντες ομοιως απολεισθε 	I tell you, Nay: but, except ye repent, ye shall all likewise perish.
Luke	13	6			dicebat autem hanc similitudinem arborem fici habebat quidam plantatam in vinea sua et venit quaerens fructum in illa et non invenit	Dicebat autem et hanc similitudinem: Arborem fici habebat quidam plantatam in vinea sua, et venit qurens fructum in illa, et non invenit.	ελεγεν δε ταυτην την παραβολην συκην ειχεν τις εν τω αμπελωνι αυτου πεφυτευμενην και ηλθεν καρπον ζητων εν αυτη και ουχ ευρεν 	He spake also this parable; A certain man had a fig tree planted in his vineyard; and he came and sought fruit thereon, and found none.
Luke	13	7			dixit autem ad cultorem vineae ecce anni tres sunt ex quo venio quaerens fructum in ficulnea hac et non invenio succide ergo illam ut quid etiam terram occupat	Dixit autem ad cultorem vine: Ecce anni tres sunt ex quo venio qurens fructum in ficulnea hac, et non invenio: succide ergo illam: ut quid etiam terram occupat?	ειπεν δε προς τον αμπελουργον ιδου τρια ετη ερχομαι ζητων καρπον εν τη συκη ταυτη και ουχ ευρισκω εκκοψον αυτην ινα τι και την γην καταργει 	Then said he unto the dresser of his vineyard, Behold, these three years I come seeking fruit on this fig tree, and find none: cut it down; why cumbereth it the ground?
Luke	13	8			at ille respondens dixit illi domine dimitte illam et hoc anno usque dum fodiam circa illam et mittam stercora	At ille respondens, dicit illi: Domine dimitte illam et hoc anno, usque dum fodiam circa illam, et mittam stercora,	ο δε αποκριθεις λεγει αυτω κυριε αφες αυτην και τουτο το ετος εως οτου σκαψω περι αυτην και βαλω κοπριαν 	And he answering said unto him, Lord, let it alone this year also, till I shall dig about it, and dung it:
Luke	13	9			et si quidem fecerit fructum sin autem in futurum succides eam	et siquidem fecerit fructum: sin autem, in futurum succides eam.	καν μεν ποιηση καρπον ει δε μηγε εις το μελλον εκκοψεις αυτην 	And if it bear fruit, well: and if not, then after that thou shalt cut it down.
Luke	13	10			erat autem docens in synagoga eorum sabbatis	Erat autem docens in synagoga eorum sabbatis.	ην δε διδασκων εν μια των συναγωγων εν τοις σαββασιν 	And he was teaching in one of the synagogues on the sabbath.
Luke	13	11			et ecce mulier quae habebat spiritum infirmitatis annis decem et octo et erat inclinata nec omnino poterat sursum respicere	Et ecce mulier, qu habebat spiritum infirmitatis annis decem et octo: et erat inclinata, nec omnino poterat sursum respicere.	και ιδου γυνη ην πνευμα εχουσα ασθενειας ετη δεκα και οκτω και ην συγκυπτουσα και μη δυναμενη ανακυψαι εις το παντελες 	And, behold, there was a woman which had a spirit of infirmity eighteen years, and was bowed together, and could in no wise lift up herself.
Luke	13	12			quam cum videret Iesus vocavit ad se et ait illi mulier dimissa es ab infirmitate tua	Quam cum videret Jesus, vocavit eam ad se, et ait illi: Mulier, dimissa es ab infirmitate tua.	ιδων δε αυτην ο ιησους προσεφωνησεν και ειπεν αυτη γυναι απολελυσαι της ασθενειας σου 	And when Jesus saw her, he called her to him, and said unto her, Woman, thou art loosed from thine infirmity.
Luke	13	13			et inposuit illi manus et confestim erecta est et glorificabat Deum	Et imposuit illi manus, et confestim erecta est, et glorificabat Deum.	και επεθηκεν αυτη τας χειρας και παραχρημα ανωρθωθη και εδοξαζεν τον θεον 	And he laid his hands on her: and immediately she was made straight, and glorified God.
Luke	13	14			respondens autem archisynagogus indignans quia sabbato curasset Iesus dicebat turbae sex dies sunt in quibus oportet operari in his ergo venite et curamini et non in die sabbati	Respondens autem archisynagogus, indignans quia sabbato curasset Jesus, dicebat turb: Sex dies sunt in quibus oportet operari: in his ergo venite, et curamini, et non in die sabbati.	αποκριθεις δε ο αρχισυναγωγος αγανακτων οτι τω σαββατω εθεραπευσεν ο ιησους ελεγεν τω οχλω εξ ημεραι εισιν εν αις δει εργαζεσθαι εν ταυταις ουν ερχομενοι θεραπευεσθε και μη τη ημερα του σαββατου 	And the ruler of the synagogue answered with indignation, because that Jesus had healed on the sabbath day, and said unto the people, There are six days in which men ought to work: in them therefore come and be healed, and not on the sabbath day.
Luke	13	15			respondit autem ad illum Dominus et dixit hypocritae unusquisque vestrum sabbato non solvit bovem suum aut asinum a praesepio et ducit adaquare	Respondens autem ad illum Dominus, dixit: Hypocrit, unusquisque vestrum sabbato non solvit bovem suum, aut asinum a prsepio, et ducit adaquare?	απεκριθη ουν αυτω ο κυριος και ειπεν υποκριτα εκαστος υμων τω σαββατω ου λυει τον βουν αυτου η τον ονον απο της φατνης και απαγαγων ποτιζει 	The Lord then answered him, and said, Thou hypocrite, doth not each one of you on the sabbath loose his ox or his ass from the stall, and lead him away to watering?
Luke	13	16			hanc autem filiam Abrahae quam alligavit Satanas ecce decem et octo annis non oportuit solvi a vinculo isto die sabbati	Hanc autem filiam Abrah, quam alligavit Satanas, ecce decem et octo annis, non oportuit solvi a vinculo isto die sabbati?	ταυτην δε θυγατερα αβρααμ ουσαν ην εδησεν ο σατανας ιδου δεκα και οκτω ετη ουκ εδει λυθηναι απο του δεσμου τουτου τη ημερα του σαββατου 	And ought not this woman, being a daughter of Abraham, whom Satan hath bound, lo, these eighteen years, be loosed from this bond on the sabbath day?
Luke	13	17			et cum haec diceret erubescebant omnes adversarii eius et omnis populus gaudebat in universis quae gloriose fiebant ab eo	Et cum hc diceret, erubescant omnes adversarii ejus: et omnis populus gaudebat in universis, qu glorios fiebant ab eo.	και ταυτα λεγοντος αυτου κατησχυνοντο παντες οι αντικειμενοι αυτω και πας ο οχλος εχαιρεν επι πασιν τοις ενδοξοις τοις γινομενοις υπ αυτου 	And when he had said these things, all his adversaries were ashamed: and all the people rejoiced for all the glorious things that were done by him.
Luke	13	18			dicebat ergo cui simile est regnum Dei et cui simile esse existimabo illud	Dicebat ergo: Cui simile est regnum Dei, et cui simile stimabo illud?	ελεγεν δε τινι ομοια εστιν η βασιλεια του θεου και τινι ομοιωσω αυτην 	Then said he, Unto what is the kingdom of God like? and whereunto shall I resemble it?
Luke	13	19			simile est grano sinapis quod acceptum homo misit in hortum suum et crevit et factum est in arborem magnam et volucres caeli requieverunt in ramis eius	Simile est grano sinapis, quod acceptum homo misit in hortum suum, et crevit, et factum est in arborem magnam: et volucres cli requieverunt in ramis ejus.	ομοια εστιν κοκκω σιναπεως ον λαβων ανθρωπος εβαλεν εις κηπον εαυτου και ηυξησεν και εγενετο εις δενδρον μεγα και τα πετεινα του ουρανου κατεσκηνωσεν εν τοις κλαδοις αυτου 	It is like a grain of mustard seed, which a man took, and cast into his garden; and it grew, and waxed a great tree; and the fowls of the air lodged in the branches of it.
Luke	13	20			et iterum dixit cui simile aestimabo regnum Dei	Et iterum dixit: Cui simile stimabo regnum Dei?	και παλιν ειπεν τινι ομοιωσω την βασιλειαν του θεου 	And again he said, Whereunto shall I liken the kingdom of God?
Luke	13	21			simile est fermento quod acceptum mulier abscondit in farinae sata tria donec fermentaretur totum	Simile est fermento, quod acceptum mulier abscondit in farin sata tria, donec fermentaretur totum.	ομοια εστιν ζυμη ην λαβουσα γυνη ενεκρυψεν εις αλευρου σατα τρια εως ου εζυμωθη ολον 	It is like leaven, which a woman took and hid in three measures of meal, till the whole was leavened.
Luke	13	22			et ibat per civitates et castella docens et iter faciens in Hierusalem	Et ibat per civitates et castella, docens, et iter faciens in Jerusalem.	και διεπορευετο κατα πολεις και κωμας διδασκων και πορειαν ποιουμενος εις ιερουσαλημ 	And he went through the cities and villages, teaching, and journeying toward Jerusalem.
Luke	13	23			ait autem illi quidam Domine si pauci sunt qui salvantur ipse autem dixit ad illos	Ait autem illi quidam: Domine, si pauci sunt, qui salvantur? Ipse autem dixit ad illos:	ειπεν δε τις αυτω κυριε ει ολιγοι οι σωζομενοι ο δε ειπεν προς αυτους 	Then said one unto him, Lord, are there few that be saved? And he said unto them,
Luke	13	24			contendite intrare per angustam portam quia multi dico vobis quaerunt intrare et non poterunt	Contendite intrare per angustam portam: quia multi, dico vobis, qurent intrare, et non poterunt.	αγωνιζεσθε εισελθειν δια της στενης πυλης οτι πολλοι λεγω υμιν ζητησουσιν εισελθειν και ουκ ισχυσουσιν 	Strive to enter in at the strait gate: for many, I say unto you, will seek to enter in, and shall not be able.
Luke	13	25			cum autem intraverit pater familias et cluserit ostium et incipietis foris stare et pulsare ostium dicentes Domine aperi nobis et respondens dicet vobis nescio vos unde sitis	Cum autem intraverit paterfamilias, et clauserit ostium, incipietis foris stare, et pulsare ostium, dicentes: Domine, aperi nobis: et respondens dicet vobis: Nescio vos unde sitis:	αφ ου αν εγερθη ο οικοδεσποτης και αποκλειση την θυραν και αρξησθε εξω εσταναι και κρουειν την θυραν λεγοντες κυριε κυριε ανοιξον ημιν και αποκριθεις ερει υμιν ουκ οιδα υμας ποθεν εστε 	When once the master of the house is risen up, and hath shut to the door, and ye begin to stand without, and to knock at the door, saying, Lord, Lord, open unto us; and he shall answer and say unto you, I know you not whence ye are:
Luke	13	26			tunc incipietis dicere manducavimus coram te et bibimus et in plateis nostris docuisti	tunc incipietis dicere: Manducavimus coram te, et bibimus, et in plateis nostris docuisti.	τοτε αρξεσθε λεγειν εφαγομεν ενωπιον σου και επιομεν και εν ταις πλατειαις ημων εδιδαξας 	Then shall ye begin to say, We have eaten and drunk in thy presence, and thou hast taught in our streets.
Luke	13	27			et dicet vobis nescio vos unde sitis discedite a me omnes operarii iniquitatis	Et dicet vobis: Nescio vos unde sitis: discedite a me omnes operarii iniquitatis.	και ερει λεγω υμιν ουκ οιδα υμας ποθεν εστε αποστητε απ εμου παντες οι εργαται της αδικιας 	But he shall say, I tell you, I know you not whence ye are; depart from me, all ye workers of iniquity.
Luke	13	28			ibi erit fletus et stridor dentium cum videritis Abraham et Isaac et Iacob et omnes prophetas in regno Dei vos autem expelli foras	Ibi erit fletus et stridor dentium: cum videritis Abraham, et Isaac, et Jacob, et omnes prophetas in regno Dei, vos autem expelli foras.	εκει εσται ο κλαυθμος και ο βρυγμος των οδοντων οταν οψησθε αβρααμ και ισαακ και ιακωβ και παντας τους προφητας εν τη βασιλεια του θεου υμας δε εκβαλλομενους εξω 	There shall be weeping and gnashing of teeth, when ye shall see Abraham, and Isaac, and Jacob, and all the prophets, in the kingdom of God, and you yourselves thrust out.
Luke	13	29			et venient ab oriente et occidente et aquilone et austro et accumbent in regno Dei	Et venient ab oriente, et occidente, et aquilone, et austro, et accumbent in regno Dei.	και ηξουσιν απο ανατολων και δυσμων και απο βορρα και νοτου και ανακλιθησονται εν τη βασιλεια του θεου 	And they shall come from the east, and from the west, and from the north, and from the south, and shall sit down in the kingdom of God.
Luke	13	30			et ecce sunt novissimi qui erunt primi et sunt primi qui erunt novissimi	Et ecce sunt novissimi qui erunt primi, et sunt primi qui erunt novissimi.	και ιδου εισιν εσχατοι οι εσονται πρωτοι και εισιν πρωτοι οι εσονται εσχατοι 	And, behold, there are last which shall be first, and there are first which shall be last.
Luke	13	31			in ipsa die accesserunt quidam Pharisaeorum dicentes illi exi et vade hinc quia Herodes vult te occidere	In ipsa die accesserunt quidam pharisorum, dicentes illi: Exi, et vade hinc: quia Herodes vult te occidere.	εν αυτη τη ημερα προσηλθον τινες φαρισαιοι λεγοντες αυτω εξελθε και πορευου εντευθεν οτι ηρωδης θελει σε αποκτειναι 	The same day there came certain of the Pharisees, saying unto him, Get thee out, and depart hence: for Herod will kill thee.
Luke	13	32			et ait illis ite dicite vulpi illi ecce eicio daemonia et sanitates perficio hodie et cras et tertia consummor	Et ait illis: Ite, et dicite vulpi illi: Ecce ejicio dmonia, et sanitates perficio hodie, et cras, et tertia die consummor.	και ειπεν αυτοις πορευθεντες ειπατε τη αλωπεκι ταυτη ιδου εκβαλλω δαιμονια και ιασεις επιτελω σημερον και αυριον και τη τριτη τελειουμαι 	And he said unto them, Go ye, and tell that fox, Behold, I cast out devils, and I do cures to day and to morrow, and the third day I shall be perfected.
Luke	13	33			verumtamen oportet me hodie et cras et sequenti ambulare quia non capit prophetam perire extra Hierusalem	Verumtamen oportet me hodie et cras et sequenti die ambulare: quia non capit prophetam perire extra Jerusalem.	πλην δει με σημερον και αυριον και τη εχομενη πορευεσθαι οτι ουκ ενδεχεται προφητην απολεσθαι εξω ιερουσαλημ 	Nevertheless I must walk to day, and to morrow, and the day following: for it cannot be that a prophet perish out of Jerusalem.
Luke	13	34			Hierusalem Hierusalem quae occidis prophetas et lapidas eos qui mittuntur ad te quotiens volui congregare filios tuos quemadmodum avis nidum suum sub pinnis et noluisti	Jerusalem, Jerusalem, qu occidis prophetas, et lapidas eos qui mittuntur ad te, quoties volui congregare filios tuos quemadmodum avis nidum suum sub pennis, et noluisti?	ιερουσαλημ ιερουσαλημ η αποκτεινουσα τους προφητας και λιθοβολουσα τους απεσταλμενους προς αυτην ποσακις ηθελησα επισυναξαι τα τεκνα σου ον τροπον ορνις την εαυτης νοσσιαν υπο τας πτερυγας και ουκ ηθελησατε 	O Jerusalem, Jerusalem, which killest the prophets, and stonest them that are sent unto thee; how often would I have gathered thy children together, as a hen doth gather her brood under her wings, and ye would not!
Luke	13	35			ecce relinquitur vobis domus vestra dico autem vobis quia non videbitis me donec veniat cum dicetis benedictus qui venit in nomine Domini	Ecce relinquetur vobis domus vestra deserta. Dico autem vobis, quia non videbitis me donec veniat cum dicetis: Benedictus qui venit in nomine Domini.	ιδου αφιεται υμιν ο οικος υμων ερημος αμην δε λεγω υμιν οτι ου μη με ιδητε εως αν ηξη οτε ειπητε ευλογημενος ο ερχομενος εν ονοματι κυριου   	Behold, your house is left unto you desolate: and verily I say unto you, Ye shall not see me, until the time come when ye shall say, Blessed is he that cometh in the name of the Lord.
Luke	14	1			et factum est cum intraret in domum cuiusdam principis Pharisaeorum sabbato manducare panem et ipsi observabant eum	Et factum est cum intraret Jesus in domum cujusdam principis pharisorum sabbato manducare panem, et ipsi observabant eum.	και εγενετο εν τω ελθειν αυτον εις οικον τινος των αρχοντων των φαρισαιων σαββατω φαγειν αρτον και αυτοι ησαν παρατηρουμενοι αυτον 	And it came to pass, as he went into the house of one of the chief Pharisees to eat bread on the sabbath day, that they watched him.
Luke	14	2			et ecce homo quidam hydropicus erat ante illum	Et ecce homo quidam hydropicus erat ante illum.	και ιδου ανθρωπος τις ην υδρωπικος εμπροσθεν αυτου 	And, behold, there was a certain man before him which had the dropsy.
Luke	14	3			et respondens Iesus dixit ad legis peritos et Pharisaeos dicens si licet sabbato curare	Et respondens Jesus dixit ad legisperitos et pharisos, dicens: Si licet sabbato curare?	και αποκριθεις ο ιησους ειπεν προς τους νομικους και φαρισαιους λεγων ει εξεστιν τω σαββατω θεραπευειν 	And Jesus answering spake unto the lawyers and Pharisees, saying, Is it lawful to heal on the sabbath day?
Luke	14	4			at illi tacuerunt ipse vero adprehensum sanavit eum ac dimisit	At illi tacuerunt. Ipse vero apprehensum sanavit eum, ac dimisit.	οι δε ησυχασαν και επιλαβομενος ιασατο αυτον και απελυσεν 	And they held their peace. And he took him, and healed him, and let him go;
Luke	14	5			et respondens ad illos dixit cuius vestrum asinus aut bos in puteum cadet et non continuo extrahet illum die sabbati	Et respondens ad illos dixit: Cujus vestrum asinus, aut bos in puteum cadet, et non continuo extrahet illum die sabbati?	και αποκριθεις προς αυτους ειπεν τινος υμων ονος η βους εις φρεαρ εμπεσειται και ουκ ευθεως ανασπασει αυτον εν τη ημερα του σαββατου 	And answered them, saying, Which of you shall have an ass or an ox fallen into a pit, and will not straightway pull him out on the sabbath day?
Luke	14	6			et non poterant ad haec respondere illi	Et non poterant ad hc respondere illi.	και ουκ ισχυσαν ανταποκριθηναι αυτω προς ταυτα 	And they could not answer him again to these things.
Luke	14	7			dicebat autem et ad invitatos parabolam intendens quomodo primos accubitus eligerent dicens ad illos	Dicebat autem et ad invitatos parabolam, intendens quomodo primos accubitus eligerent, dicens ad illos:	ελεγεν δε προς τους κεκλημενους παραβολην επεχων πως τας πρωτοκλισιας εξελεγοντο λεγων προς αυτους 	And he put forth a parable to those which were bidden, when he marked how they chose out the chief rooms; saying unto them.
Luke	14	8			cum invitatus fueris ad nuptias non discumbas in primo loco ne forte honoratior te sit invitatus ab eo	Cum invitatus fueris ad nuptias, non discumbas in primo loco, ne forte honoratior te sit invitatus ab illo.	οταν κληθης υπο τινος εις γαμους μη κατακλιθης εις την πρωτοκλισιαν μηποτε εντιμοτερος σου η κεκλημενος υπ αυτου 	When thou art bidden of any man to a wedding, sit not down in the highest room; lest a more honourable man than thou be bidden of him;
Luke	14	9			et veniens is qui te et illum vocavit dicat tibi da huic locum et tunc incipias cum rubore novissimum locum tenere	Et veniens is, qui te et illum vocavit, dicat tibi: Da huic locum: et tunc incipias cum rubore novissimum locum tenere.	και ελθων ο σε και αυτον καλεσας ερει σοι δος τουτω τοπον και τοτε αρξη μετ αισχυνης τον εσχατον τοπον κατεχειν 	And he that bade thee and him come and say to thee, Give this man place; and thou begin with shame to take the lowest room.
Luke	14	10			sed cum vocatus fueris vade recumbe in novissimo loco ut cum venerit qui te invitavit dicat tibi amice ascende superius tunc erit tibi gloria coram simul discumbentibus	Sed cum vocatus fueris, vade, recumbe in novissimo loco: ut, cum venerit qui te invitavit, dicat tibi: Amice, ascende superius. Tunc erit tibi gloria coram simul discumbentibus:	αλλ οταν κληθης πορευθεις αναπεσον εις τον εσχατον τοπον ινα οταν ελθη ο κεκληκως σε ειπη σοι φιλε προσαναβηθι ανωτερον τοτε εσται σοι δοξα ενωπιον των συνανακειμενων σοι 	But when thou art bidden, go and sit down in the lowest room; that when he that bade thee cometh, he may say unto thee, Friend, go up higher: then shalt thou have worship in the presence of them that sit at meat with thee.
Luke	14	11			quia omnis qui se exaltat humiliabitur et qui se humiliat exaltabitur	quia omnis, qui se exaltat, humiliabitur: et qui se humiliat, exaltabitur.	οτι πας ο υψων εαυτον ταπεινωθησεται και ο ταπεινων εαυτον υψωθησεται 	For whosoever exalteth himself shall be abased; and he that humbleth himself shall be exalted.
Luke	14	12			dicebat autem et ei qui se invitaverat cum facis prandium aut cenam noli vocare amicos tuos neque fratres tuos neque cognatos neque vicinos divites ne forte et ipsi te reinvitent et fiat tibi retributio	Dicebat autem et ei, qui invitaverat: Cum facis prandium, aut cnam, noli vocare amicos tuos, neque fratres tuos, neque cognatos, neque vicinos divites: ne forte te et ipsi reinvitent, et fiat tibi retributio;	ελεγεν δε και τω κεκληκοτι αυτον οταν ποιης αριστον η δειπνον μη φωνει τους φιλους σου μηδε τους αδελφους σου μηδε τους συγγενεις σου μηδε γειτονας πλουσιους μηποτε και αυτοι σε αντικαλεσωσιν και γενηται σοι ανταποδομα 	Then said he also to him that bade him, When thou makest a dinner or a supper, call not thy friends, nor thy brethren, neither thy kinsmen, nor thy rich neighbours; lest they also bid thee again, and a recompence be made thee.
Luke	14	13			sed cum facis convivium voca pauperes debiles claudos caecos	sed cum facis convivium, voca pauperes, debiles, claudos, et ccos:	αλλ οταν ποιης δοχην καλει πτωχους αναπηρους χωλους τυφλους 	But when thou makest a feast, call the poor, the maimed, the lame, the blind:
Luke	14	14			et beatus eris quia non habent retribuere tibi retribuetur enim tibi in resurrectione iustorum	et beatus eris, quia non habent retribuere tibi: retribuetur enim tibi in resurrectione justorum.	και μακαριος εση οτι ουκ εχουσιν ανταποδουναι σοι ανταποδοθησεται γαρ σοι εν τη αναστασει των δικαιων 	And thou shalt be blessed; for they cannot recompense thee: for thou shalt be recompensed at the resurrection of the just.
Luke	14	15			haec cum audisset quidam de simul discumbentibus dixit illi beatus qui manducabit panem in regno Dei	Hc cum audisset quidam de simul discumbentibus, dixit illi: Beatus qui manducabit panem in regno Dei.	ακουσας δε τις των συνανακειμενων ταυτα ειπεν αυτω μακαριος ος φαγεται αρτον εν τη βασιλεια του θεου 	And when one of them that sat at meat with him heard these things, he said unto him, Blessed is he that shall eat bread in the kingdom of God.
Luke	14	16			at ipse dixit ei homo quidam fecit cenam magnam et vocavit multos	At ipse dixit ei: Homo quidam fecit cnam magnam, et vocavit multos.	ο δε ειπεν αυτω ανθρωπος τις εποιησεν δειπνον μεγα και εκαλεσεν πολλους 	Then said he unto him, A certain man made a great supper, and bade many:
Luke	14	17			et misit servum suum hora cenae dicere invitatis ut venirent quia iam parata sunt omnia	Et misit servum suum hora cn dicere invitatis ut venirent, quia jam parata sunt omnia.	και απεστειλεν τον δουλον αυτου τη ωρα του δειπνου ειπειν τοις κεκλημενοις ερχεσθε οτι ηδη ετοιμα εστιν παντα 	And sent his servant at supper time to say to them that were bidden, Come; for all things are now ready.
Luke	14	18			et coeperunt simul omnes excusare primus dixit ei villam emi et necesse habeo exire et videre illam rogo te habe me excusatum	Et cperunt simul omnes excusare. Primus dixit ei: Villam emi, et necesse habeo exire, et videre illam: rogo te, habe me excusatum.	και ηρξαντο απο μιας παραιτεισθαι παντες ο πρωτος ειπεν αυτω αγρον ηγορασα και εχω αναγκην εξελθειν και ιδειν αυτον ερωτω σε εχε με παρητημενον 	And they all with one consent began to make excuse. The first said unto him, I have bought a piece of ground, and I must needs go and see it: I pray thee have me excused.
Luke	14	19			et alter dixit iuga boum emi quinque et eo probare illa rogo te habe me excusatum	Et alter dixit: Juga boum emi quinque, et eo probare illa: rogo te, habe me excusatum.	και ετερος ειπεν ζευγη βοων ηγορασα πεντε και πορευομαι δοκιμασαι αυτα ερωτω σε εχε με παρητημενον 	And another said, I have bought five yoke of oxen, and I go to prove them: I pray thee have me excused.
Luke	14	20			et alius dixit uxorem duxi et ideo non possum venire	Et alius dixit: Uxorem duxi, et ideo non possum venire.	και ετερος ειπεν γυναικα εγημα και δια τουτο ου δυναμαι ελθειν 	And another said, I have married a wife, and therefore I cannot come.
Luke	14	21			et reversus servus nuntiavit haec domino suo tunc iratus pater familias dixit servo suo exi cito in plateas et vicos civitatis et pauperes ac debiles et caecos et claudos introduc huc	Et reversus servus nuntiavit hc domino suo. Tunc iratus paterfamilias, dixit servo suo: Exi cito in plateas et vicos civitatis: et pauperes, ac debiles, et ccos, et claudos introduc huc.	και παραγενομενος ο δουλος εκεινος απηγγειλεν τω κυριω αυτου ταυτα τοτε οργισθεις ο οικοδεσποτης ειπεν τω δουλω αυτου εξελθε ταχεως εις τας πλατειας και ρυμας της πολεως και τους πτωχους και αναπηρους και χωλους και τυφλους εισαγαγε ωδε 	So that servant came, and shewed his lord these things. Then the master of the house being angry said to his servant, Go out quickly into the streets and lanes of the city, and bring in hither the poor, and the maimed, and the halt, and the blind.
Luke	14	22			et ait servus domine factum est ut imperasti et adhuc locus est	Et ait servus: Domine, factum est ut imperasti, et adhuc locus est.	και ειπεν ο δουλος κυριε γεγονεν ως επεταξας και ετι τοπος εστιν 	And the servant said, Lord, it is done as thou hast commanded, and yet there is room.
Luke	14	23			et ait dominus servo exi in vias et sepes et conpelle intrare ut impleatur domus mea	Et ait dominus servo: Exi in vias, et spes: et compelle intrare, ut impleatur domus mea.	και ειπεν ο κυριος προς τον δουλον εξελθε εις τας οδους και φραγμους και αναγκασον εισελθειν ινα γεμισθη ο οικος μου 	And the lord said unto the servant, Go out into the highways and hedges, and compel them to come in, that my house may be filled.
Luke	14	24			dico autem vobis quod nemo virorum illorum qui vocati sunt gustabit cenam meam	Dico autem vobis quod nemo virorum illorum qui vocati sunt, gustabit cnam meam.	λεγω γαρ υμιν οτι ουδεις των ανδρων εκεινων των κεκλημενων γευσεται μου του δειπνου 	For I say unto you, That none of those men which were bidden shall taste of my supper.
Luke	14	25			ibant autem turbae multae cum eo et conversus dixit ad illos	Ibant autem turb mult cum eo: et conversus dixit ad illos:	συνεπορευοντο δε αυτω οχλοι πολλοι και στραφεις ειπεν προς αυτους 	And there went great multitudes with him: and he turned, and said unto them,
Luke	14	26			si quis venit ad me et non odit patrem suum et matrem et uxorem et filios et fratres et sorores adhuc autem et animam suam non potest esse meus discipulus	Si quis venit ad me, et non odit patrem suum, et matrem, et uxorem, et filios, et fratres, et sorores, adhuc autem et animam suam, non potest meus esse discipulus.	ει τις ερχεται προς με και ου μισει τον πατερα εαυτου και την μητερα και την γυναικα και τα τεκνα και τους αδελφους και τας αδελφας ετι δε και την εαυτου ψυχην ου δυναται μου μαθητης ειναι 	If any man come to me, and hate not his father, and mother, and wife, and children, and brethren, and sisters, yea, and his own life also, he cannot be my disciple.
Luke	14	27			et qui non baiulat crucem suam et venit post me non potest esse meus discipulus	Et qui non bajulat crucem suam, et venit post me, non potest meus esse discipulus.	και οστις ου βασταζει τον σταυρον αυτου και ερχεται οπισω μου ου δυναται μου ειναι μαθητης 	And whosoever doth not bear his cross, and come after me, cannot be my disciple.
Luke	14	28			quis enim ex vobis volens turrem aedificare non prius sedens conputat sumptus qui necessarii sunt si habet ad perficiendum	Quis enim ex vobis volens turrim dificare, non prius sedens computat sumptus, qui necessarii sunt, si habeat ad perficiendum,	τις γαρ εξ υμων θελων πυργον οικοδομησαι ουχι πρωτον καθισας ψηφιζει την δαπανην ει εχει τα προς απαρτισμον 	For which of you, intending to build a tower, sitteth not down first, and counteth the cost, whether he have sufficient to finish it?
Luke	14	29			ne posteaquam posuerit fundamentum et non potuerit perficere omnes qui vident incipiant inludere ei	ne, posteaquam posuerit fundamentum, et non potuerit perficere, omnes qui vident, incipiant illudere ei,	ινα μηποτε θεντος αυτου θεμελιον και μη ισχυοντος εκτελεσαι παντες οι θεωρουντες αρξωνται εμπαιζειν αυτω 	Lest haply, after he hath laid the foundation, and is not able to finish it, all that behold it begin to mock him,
Luke	14	30			dicentes quia hic homo coepit aedificare et non potuit consummare	dicentes: Quia hic homo cpit dificare, et non potuit consummare?	λεγοντες οτι ουτος ο ανθρωπος ηρξατο οικοδομειν και ουκ ισχυσεν εκτελεσαι 	Saying, This man began to build, and was not able to finish.
Luke	14	31			aut qui rex iturus committere bellum adversus alium regem non sedens prius cogitat si possit cum decem milibus occurrere ei qui cum viginti milibus venit ad se	Aut quis rex iturus committere bellum adversus alium regem, non sedens prius cogitat, si possit cum decem millibus occurrere ei, qui cum viginti millibus venit ad se?	η τις βασιλευς πορευομενος συμβαλειν ετερω βασιλει εις πολεμον ουχι καθισας πρωτον βουλευεται ει δυνατος εστιν εν δεκα χιλιασιν απαντησαι τω μετα εικοσι χιλιαδων ερχομενω επ αυτον 	Or what king, going to make war against another king, sitteth not down first, and consulteth whether he be able with ten thousand to meet him that cometh against him with twenty thousand?
Luke	14	32			alioquin adhuc illo longe agente legationem mittens rogat ea quae pacis sunt	Alioquin adhuc illo longe agente, legationem mittens rogat ea qu pacis sunt.	ει δε μηγε ετι αυτου πορρω οντος πρεσβειαν αποστειλας ερωτα τα προς ειρηνην 	Or else, while the other is yet a great way off, he sendeth an ambassage, and desireth conditions of peace.
Luke	14	33			sic ergo omnis ex vobis qui non renuntiat omnibus quae possidet non potest meus esse discipulus	Sic ergo omnis ex vobis, qui non renuntiat omnibus qu possidet, non potest meus esse discipulus.	ουτως ουν πας εξ υμων ος ουκ αποτασσεται πασιν τοις εαυτου υπαρχουσιν ου δυναται μου ειναι μαθητης 	So likewise, whosoever he be of you that forsaketh not all that he hath, he cannot be my disciple.
Luke	14	34			bonum est sal si autem sal quoque evanuerit in quo condietur	Bonum est sal: si autem sal evanuerit, in quo condietur?	καλον το αλας εαν δε το αλας μωρανθη εν τινι αρτυθησεται 	Salt is good: but if the salt have lost his savour, wherewith shall it be seasoned?
Luke	14	35			neque in terram neque in sterquilinium utile est sed foras mittetur qui habet aures audiendi audiat	Neque in terram, neque in sterquilinium utile est, sed foras mittetur. Qui habet aures audiendi, audiat.	ουτε εις γην ουτε εις κοπριαν ευθετον εστιν εξω βαλλουσιν αυτο ο εχων ωτα ακουειν ακουετω   	It is neither fit for the land, nor yet for the dunghill; but men cast it out. He that hath ears to hear, let him hear.
Luke	15	1			erant autem adpropinquantes ei publicani et peccatores ut audirent illum	Erant autem appropinquantes ei publicani, et peccatores ut audirent illum.	ησαν δε εγγιζοντες αυτω παντες οι τελωναι και οι αμαρτωλοι ακουειν αυτου 	Then drew near unto him all the publicans and sinners for to hear him.
Luke	15	2			et murmurabant Pharisaei et scribae dicentes quia hic peccatores recipit et manducat cum illis	Et murmurabant pharisi, et scrib, dicentes: Quia hic peccatores recipit, et manducat cum illis.	και διεγογγυζον οι φαρισαιοι και οι γραμματεις λεγοντες οτι ουτος αμαρτωλους προσδεχεται και συνεσθιει αυτοις 	And the Pharisees and scribes murmured, saying, This man receiveth sinners, and eateth with them.
Luke	15	3			et ait ad illos parabolam istam dicens	Et ait ad illos parabolam istam dicens:	ειπεν δε προς αυτους την παραβολην ταυτην λεγων 	And he spake this parable unto them, saying,
Luke	15	4			quis ex vobis homo qui habet centum oves et si perdiderit unam ex illis nonne dimittit nonaginta novem in deserto et vadit ad illam quae perierat donec inveniat illam	Quis ex vobis homo, qui habet centum oves, et si perdiderit unam ex illis, nonne dimittit nonaginta novem in deserto, et vadit ad illam qu perierat, donec inveniat eam?	τις ανθρωπος εξ υμων εχων εκατον προβατα και απολεσας εν εξ αυτων ου καταλειπει τα εννενηκονταεννεα εν τη ερημω και πορευεται επι το απολωλος εως ευρη αυτο 	What man of you, having an hundred sheep, if he lose one of them, doth not leave the ninety and nine in the wilderness, and go after that which is lost, until he find it?
Luke	15	5			et cum invenerit eam inponit in umeros suos gaudens	Et cum invenerit eam, imponit in humeros suos gaudens:	και ευρων επιτιθησιν επι τους ωμους εαυτου χαιρων 	And when he hath found it, he layeth it on his shoulders, rejoicing.
Luke	15	6			et veniens domum convocat amicos et vicinos dicens illis congratulamini mihi quia inveni ovem meam quae perierat	et veniens domum convocat amicos et vicinos, dicens illis: Congratulamini mihi, quia inveni ovem meam, qu perierat.	και ελθων εις τον οικον συγκαλει τους φιλους και τους γειτονας λεγων αυτοις συγχαρητε μοι οτι ευρον το προβατον μου το απολωλος 	And when he cometh home, he calleth together his friends and neighbours, saying unto them, Rejoice with me; for I have found my sheep which was lost.
Luke	15	7			dico vobis quod ita gaudium erit in caelo super uno peccatore paenitentiam habente quam super nonaginta novem iustis qui non indigent paenitentia	Dico vobis quod ita gaudium erit in clo super uno peccatore pnitentiam agente, quam super nonaginta novem justis, qui non indigent pnitentia.	λεγω υμιν οτι ουτως χαρα εσται εν τω ουρανω επι ενι αμαρτωλω μετανοουντι η επι εννενηκονταεννεα δικαιοις οιτινες ου χρειαν εχουσιν μετανοιας 	I say unto you, that likewise joy shall be in heaven over one sinner that repenteth, more than over ninety and nine just persons, which need no repentance.
Luke	15	8			aut quae mulier habens dragmas decem si perdiderit dragmam unam nonne accendit lucernam et everrit domum et quaerit diligenter donec inveniat	Aut qu mulier habens drachmas decem, si perdiderit drachmam unam, nonne accendit lucernam, et everrit domum, et qurit diligenter, donec inveniat?	η τις γυνη δραχμας εχουσα δεκα εαν απολεση δραχμην μιαν ουχι απτει λυχνον και σαροι την οικιαν και ζητει επιμελως εως οτου ευρη 	Either what woman having ten pieces of silver, if she lose one piece, doth not light a candle, and sweep the house, and seek diligently till she find it?
Luke	15	9			et cum invenerit convocat amicas et vicinas dicens congratulamini mihi quia inveni dragmam quam perdideram	Et cum invenerit convocat amicas et vicinas, dicens: Congratulamini mihi, quia inveni drachmam quam perdideram.	και ευρουσα συγκαλειται τας φιλας και τας γειτονας λεγουσα συγχαρητε μοι οτι ευρον την δραχμην ην απωλεσα 	And when she hath found it, she calleth her friends and her neighbours together, saying, Rejoice with me; for I have found the piece which I had lost.
Luke	15	10			ita dico vobis gaudium erit coram angelis Dei super uno peccatore paenitentiam agente	Ita, dico vobis, gaudium erit coram angelis Dei super uno peccatore pnitentiam agente.	ουτως λεγω υμιν χαρα γινεται ενωπιον των αγγελων του θεου επι ενι αμαρτωλω μετανοουντι 	Likewise, I say unto you, there is joy in the presence of the angels of God over one sinner that repenteth.
Luke	15	11			ait autem homo quidam habuit duos filios	Ait autem: Homo quidam habuit duos filios:	ειπεν δε ανθρωπος τις ειχεν δυο υιους 	And he said, A certain man had two sons:
Luke	15	12			et dixit adulescentior ex illis patri pater da mihi portionem substantiae quae me contingit et divisit illis substantiam	et dixit adolescentior ex illis patri: Pater, da mihi portionem substanti, qu me contingit. Et divisit illis substantiam.	και ειπεν ο νεωτερος αυτων τω πατρι πατερ δος μοι το επιβαλλον μερος της ουσιας και διειλεν αυτοις τον βιον 	And the younger of them said to his father, Father, give me the portion of goods that falleth to me. And he divided unto them his living.
Luke	15	13			et non post multos dies congregatis omnibus adulescentior filius peregre profectus est in regionem longinquam et ibi dissipavit substantiam suam vivendo luxuriose	Et non post multos dies, congregatis omnibus, adolescentior filius peregre profectus est in regionem longinquam, et ibi dissipavit substantiam suam vivendo luxuriose.	και μετ ου πολλας ημερας συναγαγων απαντα ο νεωτερος υιος απεδημησεν εις χωραν μακραν και εκει διεσκορπισεν την ουσιαν αυτου ζων ασωτως 	And not many days after the younger son gathered all together, and took his journey into a far country, and there wasted his substance with riotous living.
Luke	15	14			et postquam omnia consummasset facta est fames valida in regione illa et ipse coepit egere	Et postquam omnia consummasset, facta est fames valida in regione illa, et ipse cpit egere.	δαπανησαντος δε αυτου παντα εγενετο λιμος ισχυρος κατα την χωραν εκεινην και αυτος ηρξατο υστερεισθαι 	And when he had spent all, there arose a mighty famine in that land; and he began to be in want.
Luke	15	15			et abiit et adhesit uni civium regionis illius et misit illum in villam suam ut pasceret porcos	Et abiit, et adhsit uni civium regionis illius: et misit illum in villam suam ut pasceret porcos.	και πορευθεις εκολληθη ενι των πολιτων της χωρας εκεινης και επεμψεν αυτον εις τους αγρους αυτου βοσκειν χοιρους 	And he went and joined himself to a citizen of that country; and he sent him into his fields to feed swine.
Luke	15	16			et cupiebat implere ventrem suum de siliquis quas porci manducabant et nemo illi dabat	Et cupiebat implere ventrem suum de siliquis, quas porci manducabant: et nemo illi dabat.	και επεθυμει γεμισαι την κοιλιαν αυτου απο των κερατιων ων ησθιον οι χοιροι και ουδεις εδιδου αυτω 	And he would fain have filled his belly with the husks that the swine did eat: and no man gave unto him.
Luke	15	17			in se autem reversus dixit quanti mercennarii patris mei abundant panibus ego autem hic fame pereo	In se autem reversus, dixit: Quanti mercenarii in domo patris mei abundant panibus, ego autem hic fame pereo!	εις εαυτον δε ελθων ειπεν ποσοι μισθιοι του πατρος μου περισσευουσιν αρτων εγω δε λιμω απολλυμαι 	And when he came to himself, he said, How many hired servants of my father's have bread enough and to spare, and I perish with hunger!
Luke	15	18			surgam et ibo ad patrem meum et dicam illi pater peccavi in caelum et coram te	surgam, et ibo ad patrem meum, et dicam ei: Pater, peccavi in clum, et coram te:	αναστας πορευσομαι προς τον πατερα μου και ερω αυτω πατερ ημαρτον εις τον ουρανον και ενωπιον σου 	I will arise and go to my father, and will say unto him, Father, I have sinned against heaven, and before thee,
Luke	15	19			et iam non sum dignus vocari filius tuus fac me sicut unum de mercennariis tuis	jam non sum dignus vocari filius tuus: fac me sicut unum de mercenariis tuis.	και ουκετι ειμι αξιος κληθηναι υιος σου ποιησον με ως ενα των μισθιων σου 	And am no more worthy to be called thy son: make me as one of thy hired servants.
Luke	15	20			et surgens venit ad patrem suum cum autem adhuc longe esset vidit illum pater ipsius et misericordia motus est et adcurrens cecidit supra collum eius et osculatus est illum	Et surgens venit ad patrem suum. Cum autem adhuc longe esset, vidit illum pater ipsius, et misericordia motus est, et accurrens cecidit super collum ejus, et osculatus est eum.	και αναστας ηλθεν προς τον πατερα εαυτου ετι δε αυτου μακραν απεχοντος ειδεν αυτον ο πατηρ αυτου και εσπλαγχνισθη και δραμων επεπεσεν επι τον τραχηλον αυτου και κατεφιλησεν αυτον 	And he arose, and came to his father. But when he was yet a great way off, his father saw him, and had compassion, and ran, and fell on his neck, and kissed him.
Luke	15	21			dixitque ei filius pater peccavi in caelum et coram te iam non sum dignus vocari filius tuus	Dixitque ei filius: Pater, peccavi in clum, et coram te: jam non sum dignus vocari filius tuus.	ειπεν δε αυτω ο υιος πατερ ημαρτον εις τον ουρανον και ενωπιον σου και ουκετι ειμι αξιος κληθηναι υιος σου 	And the son said unto him, Father, I have sinned against heaven, and in thy sight, and am no more worthy to be called thy son.
Luke	15	22			dixit autem pater ad servos suos cito proferte stolam primam et induite illum et date anulum in manum eius et calciamenta in pedes	Dixit autem pater ad servos suos: Cito proferte stolam primam, et induite illum, et date annulum in manum ejus, et calceamenta in pedes ejus:	ειπεν δε ο πατηρ προς τους δουλους αυτου εξενεγκατε την στολην την πρωτην και ενδυσατε αυτον και δοτε δακτυλιον εις την χειρα αυτου και υποδηματα εις τους ποδας 	But the father said to his servants, Bring forth the best robe, and put it on him; and put a ring on his hand, and shoes on his feet:
Luke	15	23			et adducite vitulum saginatum et occidite et manducemus et epulemur	et adducite vitulum saginatum, et occidite, et manducemus, et epulemur:	και ενεγκαντες τον μοσχον τον σιτευτον θυσατε και φαγοντες ευφρανθωμεν 	And bring hither the fatted calf, and kill it; and let us eat, and be merry:
Luke	15	24			quia hic filius meus mortuus erat et revixit perierat et inventus est et coeperunt epulari	quia hic filius meus mortuus erat, et revixit: perierat, et inventus est. Et cperunt epulari.	οτι ουτος ο υιος μου νεκρος ην και ανεζησεν και απολωλως ην και ευρεθη και ηρξαντο ευφραινεσθαι 	For this my son was dead, and is alive again; he was lost, and is found. And they began to be merry.
Luke	15	25			erat autem filius eius senior in agro et cum veniret et adpropinquaret domui audivit symphoniam et chorum	Erat autem filius ejus senior in agro: et cum veniret, et appropinquaret domui, audivit symphoniam et chorum:	ην δε ο υιος αυτου ο πρεσβυτερος εν αγρω και ως ερχομενος ηγγισεν τη οικια ηκουσεν συμφωνιας και χορων 	Now his elder son was in the field: and as he came and drew nigh to the house, he heard musick and dancing.
Luke	15	26			et vocavit unum de servis et interrogavit quae haec essent	et vocavit unum de servis, et interrogavit quid hc essent.	και προσκαλεσαμενος ενα των παιδων αυτου   επυνθανετο τι ειη ταυτα 	And he called one of the servants, and asked what these things meant.
Luke	15	27			isque dixit illi frater tuus venit et occidit pater tuus vitulum saginatum quia salvum illum recepit	Isque dixit illi: Frater tuus venit, et occidit pater tuus vitulum saginatum, quia salvum illum recepit.	ο δε ειπεν αυτω οτι ο αδελφος σου ηκει και εθυσεν ο πατηρ σου τον μοσχον τον σιτευτον οτι υγιαινοντα αυτον απελαβεν 	And he said unto him, Thy brother is come; and thy father hath killed the fatted calf, because he hath received him safe and sound.
Luke	15	28			indignatus est autem et nolebat introire pater ergo illius egressus coepit rogare illum	Indignatus est autem, et nolebat introire. Pater ergo illius egressus, cpit rogare illum.	ωργισθη δε και ουκ ηθελεν εισελθειν ο ουν πατηρ αυτου εξελθων παρεκαλει αυτον 	And he was angry, and would not go in: therefore came his father out, and intreated him.
Luke	15	29			at ille respondens dixit patri suo ecce tot annis servio tibi et numquam mandatum tuum praeterii et numquam dedisti mihi hedum ut cum amicis meis epularer	At ille respondens, dixit patri suo: Ecce tot annis servio tibi, et numquam mandatum tuum prterivi: et numquam dedisti mihi hdum ut cum amicis meis epularer.	ο δε αποκριθεις ειπεν τω πατρι ιδου τοσαυτα ετη δουλευω σοι και ουδεποτε εντολην σου παρηλθον και εμοι ουδεποτε εδωκας εριφον ινα μετα των φιλων μου ευφρανθω 	And he answering said to his father, Lo, these many years do I serve thee, neither transgressed I at any time thy commandment: and yet thou never gavest me a kid, that I might make merry with my friends:
Luke	15	30			sed postquam filius tuus hic qui devoravit substantiam suam cum meretricibus venit occidisti illi vitulum saginatum	Sed postquam filius tuus hic, qui devoravit substantiam suam cum meretricibus, venit, occidisti illi vitulum saginatum.	οτε δε ο υιος σου ουτος ο καταφαγων σου τον βιον μετα πορνων ηλθεν εθυσας αυτω τον μοσχον τον σιτευτον 	But as soon as this thy son was come, which hath devoured thy living with harlots, thou hast killed for him the fatted calf.
Luke	15	31			at ipse dixit illi fili tu semper mecum es et omnia mea tua sunt	At ipse dixit illi: Fili, tu semper mecum es, et omnia mea tua sunt:	ο δε ειπεν αυτω τεκνον συ παντοτε μετ εμου ει και παντα τα εμα σα εστιν 	And he said unto him, Son, thou art ever with me, and all that I have is thine.
Luke	15	32			epulari autem et gaudere oportebat quia frater tuus hic mortuus erat et revixit perierat et inventus est	epulari autem, et gaudere oportebat, quia frater tuus hic mortuus erat, et revixit; perierat, et inventus est.	ευφρανθηναι δε και χαρηναι εδει οτι ο αδελφος σου ουτος νεκρος ην και ανεζησεν και απολωλως ην και ευρεθη   	It was meet that we should make merry, and be glad: for this thy brother was dead, and is alive again; and was lost, and is found.
Luke	16	1			dicebat autem et ad discipulos suos homo quidam erat dives qui habebat vilicum et hic diffamatus est apud illum quasi dissipasset bona ipsius	Dicebat autem et ad discipulos suos: Homo quidam erat dives, qui habebat villicum: et hic diffamatus est apud illum quasi dissipasset bona ipsius.	ελεγεν δε και προς τους μαθητας αυτου ανθρωπος τις ην πλουσιος ος ειχεν οικονομον και ουτος διεβληθη αυτω ως διασκορπιζων τα υπαρχοντα αυτου 	And he said also unto his disciples, There was a certain rich man, which had a steward; and the same was accused unto him that he had wasted his goods.
Luke	16	2			et vocavit illum et ait illi quid hoc audio de te redde rationem vilicationis tuae iam enim non poteris vilicare	Et vocavit illum, et ait illi: Quid hoc audio de te? redde rationem villicationis tu: jam enim non poteris villicare.	και φωνησας αυτον ειπεν αυτω τι τουτο ακουω περι σου αποδος τον λογον της οικονομιας σου ου γαρ δυνηση ετι οικονομειν 	And he called him, and said unto him, How is it that I hear this of thee? give an account of thy stewardship; for thou mayest be no longer steward.
Luke	16	3			ait autem vilicus intra se quid faciam quia dominus meus aufert a me vilicationem fodere non valeo mendicare erubesco	Ait autem villicus intra se: Quid faciam? quia dominus meus aufert a me villicationem. Fodere non valeo, mendicare erubesco.	ειπεν δε εν εαυτω ο οικονομος τι ποιησω οτι ο κυριος μου αφαιρειται την οικονομιαν απ εμου σκαπτειν ουκ ισχυω επαιτειν αισχυνομαι 	Then the steward said within himself, What shall I do? for my lord taketh away from me the stewardship: I cannot dig; to beg I am ashamed.
Luke	16	4			scio quid faciam ut cum amotus fuero a vilicatione recipiant me in domos suas	Scio quid faciam, ut, cum amotus fuero a villicatione, recipiant me in domos suas.	εγνων τι ποιησω ινα οταν μετασταθω της οικονομιας δεξωνται με εις τους οικους αυτων 	I am resolved what to do, that, when I am put out of the stewardship, they may receive me into their houses.
Luke	16	5			convocatis itaque singulis debitoribus domini sui dicebat primo quantum debes domino meo	Convocatis itaque singulis debitoribus domini sui, dicebat primo: Quantum debes domino meo?	και προσκαλεσαμενος ενα εκαστον των χρεωφειλετων του κυριου εαυτου ελεγεν τω πρωτω ποσον οφειλεις τω κυριω μου 	So he called every one of his lord's debtors unto him, and said unto the first, How much owest thou unto my lord?
Luke	16	6			at ille dixit centum cados olei dixitque illi accipe cautionem tuam et sede cito scribe quinquaginta	At ille dixit: Centum cados olei. Dixitque illi: Accipe cautionem tuam: et sede cito, scribe quinquaginta.	ο δε ειπεν εκατον βατους ελαιου και ειπεν αυτω δεξαι σου το γραμμα και καθισας ταχεως γραψον πεντηκοντα 	And he said, An hundred measures of oil. And he said unto him, Take thy bill, and sit down quickly, and write fifty.
Luke	16	7			deinde alio dixit tu vero quantum debes qui ait centum choros tritici ait illi accipe litteras tuas et scribe octoginta	Deinde alii dixit: Tu vero quantum debes? Qui ait: Centum coros tritici. Ait illi: Accipe litteras tuas, et scribe octoginta.	επειτα ετερω ειπεν συ δε ποσον οφειλεις ο δε ειπεν εκατον κορους σιτου και λεγει αυτω δεξαι σου το γραμμα και γραψον ογδοηκοντα 	Then said he to another, And how much owest thou? And he said, An hundred measures of wheat. And he said unto him, Take thy bill, and write fourscore.
Luke	16	8			et laudavit dominus vilicum iniquitatis quia prudenter fecisset quia filii huius saeculi prudentiores filiis lucis in generatione sua sunt	Et laudavit dominus villicum iniquitatis, quia prudenter fecisset: quia filii hujus sculi prudentiores filiis lucis in generatione sua sunt.	και επηνεσεν ο κυριος τον οικονομον της αδικιας οτι φρονιμως εποιησεν οτι οι υιοι του αιωνος τουτου φρονιμωτεροι υπερ τους υιους του φωτος εις την γενεαν την   εαυτων εισιν 	And the lord commended the unjust steward, because he had done wisely: for the children of this world are in their generation wiser than the children of light.
Luke	16	9			et ego vobis dico facite vobis amicos de mamona iniquitatis ut cum defeceritis recipiant vos in aeterna tabernacula	Et ego vobis dico: facite vobis amicos de mammona iniquitatis: ut, cum defeceritis, recipiant vos in terna tabernacula.	καγω υμιν λεγω ποιησατε εαυτοις φιλους εκ του μαμωνα της αδικιας ινα οταν εκλιπητε δεξωνται υμας εις τας αιωνιους σκηνας 	And I say unto you, Make to yourselves friends of the mammon of unrighteousness; that, when ye fail, they may receive you into everlasting habitations.
Luke	16	10			qui fidelis est in minimo et in maiori fidelis est et qui in modico iniquus est et in maiori iniquus est	Qui fidelis est in minimo, et in majori fidelis est: et qui in modico iniquus est, et in majori iniquus est.	ο πιστος εν ελαχιστω και εν πολλω πιστος εστιν και ο εν ελαχιστω αδικος και εν πολλω αδικος εστιν 	He that is faithful in that which is least is faithful also in much: and he that is unjust in the least is unjust also in much.
Luke	16	11			si ergo in iniquo mamona fideles non fuistis quod verum est quis credet vobis	Si ergo in iniquo mammona fideles non fuistis quod verum est, quis credet vobis?	ει ουν εν τω αδικω μαμωνα πιστοι ουκ εγενεσθε το αληθινον τις υμιν πιστευσει 	If therefore ye have not been faithful in the unrighteous mammon, who will commit to your trust the true riches?
Luke	16	12			et si in alieno fideles non fuistis quod vestrum est quis dabit vobis	Et si in alieno fideles non fuistis, quod vestrum est, quis dabit vobis?	και ει εν τω αλλοτριω πιστοι ουκ εγενεσθε το υμετερον τις υμιν δωσει 	And if ye have not been faithful in that which is another man's, who shall give you that which is your own?
Luke	16	13			nemo servus potest duobus dominis servire aut enim unum odiet et alterum diliget aut uni adherebit et alterum contemnet non potestis Deo servire et mamonae	Nemo servus potest duobus dominis servire: aut enim unum odiet, et alterum diliget: aut uni adhrebit, et alterum contemnet. Non potestis Deo servire et mammon.	ουδεις οικετης δυναται δυσιν κυριοις δουλευειν η γαρ τον ενα μισησει και τον ετερον αγαπησει η ενος ανθεξεται και του ετερου καταφρονησει ου δυνασθε θεω δουλευειν και μαμωνα 	No servant can serve two masters: for either he will hate the one, and love the other; or else he will hold to the one, and despise the other. Ye cannot serve God and mammon.
Luke	16	14			audiebant autem omnia haec Pharisaei qui erant avari et deridebant illum	Audiebant autem omnia hc pharisi, qui erant avari: et deridebant illum.	ηκουον δε ταυτα παντα και οι φαρισαιοι φιλαργυροι υπαρχοντες και εξεμυκτηριζον αυτον 	And the Pharisees also, who were covetous, heard all these things: and they derided him.
Luke	16	15			et ait illis vos estis qui iustificatis vos coram hominibus Deus autem novit corda vestra quia quod hominibus altum est abominatio est ante Deum	Et ait illis: Vos estis qui justificatis vos coram hominibus: Deus autem novit corda vestra: quia quod hominibus altum est, abominatio est ante Deum.	και ειπεν αυτοις υμεις εστε οι δικαιουντες εαυτους ενωπιον των ανθρωπων ο δε θεος γινωσκει τας καρδιας υμων οτι το εν ανθρωποις υψηλον βδελυγμα ενωπιον του θεου εστιν 	And he said unto them, Ye are they which justify yourselves before men; but God knoweth your hearts: for that which is highly esteemed among men is abomination in the sight of God.
Luke	16	16			lex et prophetae usque ad Iohannem ex eo regnum Dei evangelizatur et omnis in illud vim facit	Lex et prophet usque ad Joannem: ex eo regnum Dei evangelizatur, et omnis in illud vim facit.	ο νομος και οι προφηται εως ιωαννου απο τοτε η βασιλεια του θεου ευαγγελιζεται και πας εις αυτην βιαζεται 	The law and the prophets were until John: since that time the kingdom of God is preached, and every man presseth into it.
Luke	16	17			facilius est autem caelum et terram praeterire quam de lege unum apicem cadere	Facilius est autem clum et terram prterire, quam de lege unum apicem cadere.	ευκοπωτερον δε εστιν τον ουρανον και την γην παρελθειν η του νομου μιαν κεραιαν πεσειν 	And it is easier for heaven and earth to pass, than one tittle of the law to fail.
Luke	16	18			omnis qui dimittit uxorem suam et ducit alteram moechatur et qui dimissam a viro ducit moechatur	Omnis qui dimittit uxorem suam et alteram ducit, mchatur: et qui dimissam a viro ducit, mchatur.	πας ο απολυων την γυναικα αυτου και γαμων ετεραν μοιχευει και πας ο απολελυμενην απο ανδρος γαμων μοιχευει 	Whosoever putteth away his wife, and marrieth another, committeth adultery: and whosoever marrieth her that is put away from her husband committeth adultery.
Luke	16	19			homo quidam erat dives et induebatur purpura et bysso et epulabatur cotidie splendide	Homo quidam erat dives, qui induebatur purpura et bysso, et epulabatur quotidie splendide.	ανθρωπος δε τις ην πλουσιος και ενεδιδυσκετο πορφυραν και βυσσον ευφραινομενος καθ ημεραν λαμπρως 	There was a certain rich man, which was clothed in purple and fine linen, and fared sumptuously every day:
Luke	16	20			et erat quidam mendicus nomine Lazarus qui iacebat ad ianuam eius ulceribus plenus	Et erat quidam mendicus, nomine Lazarus, qui jacebat ad januam ejus, ulceribus plenus,	πτωχος δε τις ην ονοματι λαζαρος ος εβεβλητο προς τον πυλωνα αυτου ηλκωμενος 	And there was a certain beggar named Lazarus, which was laid at his gate, full of sores,
Luke	16	21			cupiens saturari de micis quae cadebant de mensa divitis sed et canes veniebant et lingebant ulcera eius	cupiens saturari de micis qu cadebant de mensa divitis, et nemo illi dabat: sed et canes veniebant, et lingebant ulcera ejus.	και επιθυμων χορτασθηναι απο των ψιχιων των πιπτοντων απο της τραπεζης του πλουσιου αλλα και οι κυνες ερχομενοι απελειχον τα ελκη αυτου 	And desiring to be fed with the crumbs which fell from the rich man's table: moreover the dogs came and licked his sores.
Luke	16	22			factum est autem ut moreretur mendicus et portaretur ab angelis in sinum Abrahae mortuus est autem et dives et sepultus est in inferno	Factum est autem ut moreretur mendicus, et portaretur ab angelis in sinum Abrah. Mortuus est autem et dives, et sepultus est in inferno.	εγενετο δε αποθανειν τον πτωχον και απενεχθηναι αυτον υπο των αγγελων εις τον κολπον του αβρααμ απεθανεν δε και ο πλουσιος και εταφη 	And it came to pass, that the beggar died, and was carried by the angels into Abraham's bosom: the rich man also died, and was buried;
Luke	16	23			elevans oculos suos cum esset in tormentis videbat Abraham a longe et Lazarum in sinu eius	Elevans autem oculos suos, cum esset in tormentis, vidit Abraham a longe, et Lazarum in sinu ejus:	και εν τω αδη επαρας τους οφθαλμους αυτου υπαρχων εν βασανοις ορα τον αβρααμ απο μακροθεν και λαζαρον εν τοις κολποις αυτου 	And in hell he lift up his eyes, being in torments, and seeth Abraham afar off, and Lazarus in his bosom.
Luke	16	24			et ipse clamans dixit pater Abraham miserere mei et mitte Lazarum ut intinguat extremum digiti sui in aqua ut refrigeret linguam meam quia crucior in hac flamma	et ipse clamans dixit: Pater Abraham, miserere mei, et mitte Lazarum ut intingat extremum digiti sui in aquam, ut refrigeret linguam meam, quia crucior in hac flamma.	και αυτος φωνησας ειπεν πατερ αβρααμ ελεησον με και πεμψον λαζαρον ινα βαψη το ακρον του δακτυλου αυτου υδατος και καταψυξη την γλωσσαν μου οτι οδυνωμαι εν τη φλογι ταυτη 	And he cried and said, Father Abraham, have mercy on me, and send Lazarus, that he may dip the tip of his finger in water, and cool my tongue; for I am tormented in this flame.
Luke	16	25			et dixit illi Abraham fili recordare quia recepisti bona in vita tua et Lazarus similiter mala nunc autem hic consolatur tu vero cruciaris	Et dixit illi Abraham: Fili, recordare quia recepisti bona in vita tua, et Lazarus similiter mala: nunc autem hic consolatur, tu vero cruciaris:	ειπεν δε αβρααμ τεκνον μνησθητι οτι απελαβες συ τα αγαθα σου εν τη ζωη σου και λαζαρος ομοιως τα κακα νυν δε οδε παρακαλειται συ δε οδυνασαι 	But Abraham said, Son, remember that thou in thy lifetime receivedst thy good things, and likewise Lazarus evil things: but now he is comforted, and thou art tormented.
Luke	16	26			et in his omnibus inter nos et vos chasma magnum firmatum est ut hii qui volunt hinc transire ad vos non possint neque inde huc transmeare	et in his omnibus inter nos et vos chaos magnum firmatum est: ut hi qui volunt hinc transire ad vos, non possint, neque inde huc transmeare.	και επι πασιν τουτοις μεταξυ ημων και υμων χασμα μεγα εστηρικται οπως οι θελοντες διαβηναι εντευθεν προς υμας μη δυνωνται μηδε οι εκειθεν προς ημας διαπερωσιν 	And beside all this, between us and you there is a great gulf fixed: so that they which would pass from hence to you cannot; neither can they pass to us, that would come from thence.
Luke	16	27			et ait rogo ergo te pater ut mittas eum in domum patris mei	Et ait: Rogo ergo te, pater, ut mittas eum in domum patris mei:	ειπεν δε ερωτω ουν σε πατερ ινα πεμψης αυτον εις τον οικον του πατρος μου 	Then he said, I pray thee therefore, father, that thou wouldest send him to my father's house:
Luke	16	28			habeo enim quinque fratres ut testetur illis ne et ipsi veniant in locum hunc tormentorum	habeo enim quinque fratres: ut testetur illis, ne et ipsi veniant in hunc locum tormentorum.	εχω γαρ πεντε αδελφους οπως διαμαρτυρηται αυτοις ινα μη και αυτοι ελθωσιν εις τον τοπον τουτον της βασανου 	For I have five brethren; that he may testify unto them, lest they also come into this place of torment.
Luke	16	29			et ait illi Abraham habent Mosen et prophetas audiant illos	Et ait illi Abraham: Habent Moysen et prophetas: audiant illos.	λεγει αυτω αβρααμ εχουσιν μωσεα και τους προφητας ακουσατωσαν αυτων 	Abraham saith unto him, They have Moses and the prophets; let them hear them.
Luke	16	30			at ille dixit non pater Abraham sed si quis ex mortuis ierit ad eos paenitentiam agent	At ille dixit: Non, pater Abraham: sed si quis ex mortuis ierit ad eos, pnitentiam agent.	ο δε ειπεν ουχι πατερ αβρααμ αλλ εαν τις απο νεκρων πορευθη προς αυτους μετανοησουσιν 	And he said, Nay, father Abraham: but if one went unto them from the dead, they will repent.
Luke	16	31			ait autem illi si Mosen et prophetas non audiunt neque si quis ex mortuis resurrexerit credent	Ait autem illi: Si Moysen et prophetas non audiunt, neque si quis ex mortuis resurrexerit, credent.	ειπεν δε αυτω ει μωσεως και των προφητων ουκ ακουουσιν ουδε εαν τις εκ νεκρων αναστη πεισθησονται   	And he said unto him, If they hear not Moses and the prophets, neither will they be persuaded, though one rose from the dead.
Luke	17	1			et ad discipulos suos ait inpossibile est ut non veniant scandala vae autem illi per quem veniunt	Et ait ad discipulos suos: Impossibile est ut non veniant scandala: v autem illi per quem veniunt.	ειπεν δε προς τους μαθητας ανενδεκτον εστιν του μη ελθειν τα σκανδαλα ουαι δε δι ου ερχεται 	Then said he unto the disciples, It is impossible but that offences will come: but woe unto him, through whom they come!
Luke	17	2			utilius est illi si lapis molaris inponatur circa collum eius et proiciatur in mare quam ut scandalizet unum de pusillis istis	Utilius est illi si lapis molaris imponatur circa collum ejus, et projiciatur in mare quam ut scandalizet unum de pusillis istis.	λυσιτελει αυτω ει μυλος ονικος περικειται περι τον τραχηλον αυτου και ερριπται εις την θαλασσαν η ινα σκανδαλιση ενα των μικρων τουτων 	It were better for him that a millstone were hanged about his neck, and he cast into the sea, than that he should offend one of these little ones.
Luke	17	3			adtendite vobis si peccaverit frater tuus increpa illum et si paenitentiam egerit dimitte illi	Attendite vobis: Si peccaverit in te frater tuus, increpa illum: et si pnitentiam egerit, dimitte illi.	προσεχετε εαυτοις εαν δε αμαρτη εις σε ο αδελφος σου επιτιμησον αυτω και εαν μετανοηση αφες αυτω 	Take heed to yourselves: If thy brother trespass against thee, rebuke him; and if he repent, forgive him.
Luke	17	4			et si septies in die peccaverit in te et septies in die conversus fuerit ad te dicens paenitet me dimitte illi	Et si septies in die peccaverit in te, et septies in die conversus fuerit ad te, dicens: Pnitet me, dimitte illi.	και εαν επτακις της ημερας αμαρτη εις σε και επτακις της ημερας επιστρεψη επι σε λεγων μετανοω αφησεις αυτω 	And if he trespass against thee seven times in a day, and seven times in a day turn again to thee, saying, I repent; thou shalt forgive him.
Luke	17	5			et dixerunt apostoli Domino adauge nobis fidem	Et dixerunt apostoli Domino: Adauge nobis fidem.	και ειπον οι αποστολοι τω κυριω προσθες ημιν πιστιν 	And the apostles said unto the Lord, Increase our faith.
Luke	17	6			dixit autem Dominus si haberetis fidem sicut granum sinapis diceretis huic arbori moro eradicare et transplantare in mare et oboediret vobis	Dixit autem Dominus: Si habueritis fidem sicut granum sinapis, dicetis huic arbori moro: Eradicare, et transplantare in mare, et obediet vobis.	ειπεν δε ο κυριος ει ειχετε πιστιν ως κοκκον σιναπεως ελεγετε αν τη συκαμινω ταυτη εκριζωθητι και φυτευθητι εν τη θαλασση και υπηκουσεν αν υμιν 	And the Lord said, If ye had faith as a grain of mustard seed, ye might say unto this sycamine tree, Be thou plucked up by the root, and be thou planted in the sea; and it should obey you.
Luke	17	7			quis autem vestrum habens servum arantem aut pascentem qui regresso de agro dicet illi statim transi recumbe	Quis autem vestrum habens servum arantem aut pascentem, qui regresso de agro dicat illi: Statim transi, recumbe:	τις δε εξ υμων δουλον εχων αροτριωντα η ποιμαινοντα ος εισελθοντι εκ του αγρου ερει ευθεως παρελθων αναπεσαι 	But which of you, having a servant plowing or feeding cattle, will say unto him by and by, when he is come from the field, Go and sit down to meat?
Luke	17	8			et non dicet ei para quod cenem et praecinge te et ministra mihi donec manducem et bibam et post haec tu manducabis et bibes	et non dicat ei: Para quod cnem, et prcinge te, et ministra mihi donec manducem, et bibam, et post hc tu manducabis, et bibes?	αλλ ουχι ερει αυτω ετοιμασον τι δειπνησω και περιζωσαμενος διακονει μοι εως φαγω και πιω και μετα ταυτα φαγεσαι και πιεσαι συ 	And will not rather say unto him, Make ready wherewith I may sup, and gird thyself, and serve me, till I have eaten and drunken; and afterward thou shalt eat and drink?
Luke	17	9			numquid gratiam habet servo illi quia fecit quae sibi imperaverat non puto	Numquid gratiam habet servo illi, quia fecit qu ei imperaverat?	μη χαριν εχει τω δουλω εκεινω οτι εποιησεν τα διαταχθεντα αυτω ου δοκω 	Doth he thank that servant because he did the things that were commanded him? I trow not.
Luke	17	10			sic et vos cum feceritis omnia quae praecepta sunt vobis dicite servi inutiles sumus quod debuimus facere fecimus	non puto. Sic et vos cum feceritis omnia qu prcepta sunt vobis, dicite: Servi inutiles sumus: quod debuimus facere, fecimus.	ουτως και υμεις οταν ποιησητε παντα τα διαταχθεντα υμιν λεγετε οτι δουλοι αχρειοι εσμεν οτι ο ωφειλομεν ποιησαι πεποιηκαμεν 	So likewise ye, when ye shall have done all those things which are commanded you, say, We are unprofitable servants: we have done that which was our duty to do.
Luke	17	11			et factum est dum iret in Hierusalem transiebat per mediam Samariam et Galilaeam	Et factum est, dum iret in Jerusalem, transibat per mediam Samariam et Galilam.	και εγενετο εν τω πορευεσθαι αυτον εις ιερουσαλημ και αυτος διηρχετο δια μεσου σαμαρειας και γαλιλαιας 	And it came to pass, as he went to Jerusalem, that he passed through the midst of Samaria and Galilee.
Luke	17	12			et cum ingrederetur quoddam castellum occurrerunt ei decem viri leprosi qui steterunt a longe	Et cum ingrederetur quoddam castellum, occurrerunt ei decem viri leprosi, qui steterunt a longe:	και εισερχομενου αυτου εις τινα κωμην απηντησαν αυτω δεκα λεπροι ανδρες οι εστησαν πορρωθεν 	And as he entered into a certain village, there met him ten men that were lepers, which stood afar off:
Luke	17	13			et levaverunt vocem dicentes Iesu praeceptor miserere nostri	et levaverunt vocem, dicentes: Jesu prceptor, miserere nostri.	και αυτοι ηραν φωνην λεγοντες ιησου επιστατα ελεησον ημας 	And they lifted up their voices, and said, Jesus, Master, have mercy on us.
Luke	17	14			quos ut vidit dixit ite ostendite vos sacerdotibus et factum est dum irent mundati sunt	Quos ut vidit, dixit: Ite, ostendite vos sacerdotibus. Et factum est, dum irent, mundati sunt.	και ιδων ειπεν αυτοις πορευθεντες επιδειξατε εαυτους τοις ιερευσιν και εγενετο εν τω υπαγειν αυτους εκαθαρισθησαν 	And when he saw them, he said unto them, Go shew yourselves unto the priests. And it came to pass, that, as they went, they were cleansed.
Luke	17	15			unus autem ex illis ut vidit quia mundatus est regressus est cum magna voce magnificans Deum	Unus autem ex illis, ut vidit quia mundatus est, regressus est, cum magna voce magnificans Deum,	εις δε εξ αυτων ιδων οτι ιαθη υπεστρεψεν μετα φωνης μεγαλης δοξαζων τον θεον 	And one of them, when he saw that he was healed, turned back, and with a loud voice glorified God,
Luke	17	16			et cecidit in faciem ante pedes eius gratias agens et hic erat Samaritanus	et cecidit in faciem ante pedes ejus, gratias agens: et hic erat Samaritanus.	και επεσεν επι προσωπον παρα τους ποδας αυτου ευχαριστων αυτω και αυτος ην σαμαρειτης 	And fell down on his face at his feet, giving him thanks: and he was a Samaritan.
Luke	17	17			respondens autem Iesus dixit nonne decem mundati sunt et novem ubi sunt	Respondens autem Jesus, dixit: Nonne decem mundati sunt? et novem ubi sunt?	αποκριθεις δε ο ιησους ειπεν ουχι οι δεκα εκαθαρισθησαν οι δε εννεα που 	And Jesus answering said, Were there not ten cleansed? but where are the nine?
Luke	17	18			non est inventus qui rediret et daret gloriam Deo nisi hic alienigena	Non est inventus qui rediret, et daret gloriam Deo, nisi hic alienigena.	ουχ ευρεθησαν υποστρεψαντες δουναι δοξαν τω θεω ει μη ο αλλογενης ουτος 	There are not found that returned to give glory to God, save this stranger.
Luke	17	19			et ait illi surge vade quia fides tua te salvum fecit	Et ait illi: Surge, vade: quia fides tua te salvum fecit.	και ειπεν αυτω αναστας πορευου η πιστις σου σεσωκεν σε 	And he said unto him, Arise, go thy way: thy faith hath made thee whole.
Luke	17	20			interrogatus autem a Pharisaeis quando venit regnum Dei respondit eis et dixit non venit regnum Dei cum observatione	Interrogatus autem a pharisis: Quando venit regnum Dei? respondens eis, dixit: Non venit regnum Dei cum observatione:	επερωτηθεις δε υπο των φαρισαιων ποτε ερχεται η βασιλεια του θεου απεκριθη αυτοις και ειπεν ουκ ερχεται η βασιλεια του θεου μετα παρατηρησεως 	And when he was demanded of the Pharisees, when the kingdom of God should come, he answered them and said, The kingdom of God cometh not with observation:
Luke	17	21			neque dicent ecce hic aut ecce illic ecce enim regnum Dei intra vos est	neque dicent: Ecce hic, aut ecce illic. Ecce enim regnum Dei intra vos est.	ουδε ερουσιν ιδου ωδε η ιδου εκει ιδου γαρ η βασιλεια του θεου εντος υμων εστιν 	Neither shall they say, Lo here! or, lo there! for, behold, the kingdom of God is within you.
Luke	17	22			et ait ad discipulos venient dies quando desideretis videre unum diem Filii hominis et non videbitis	Et ait ad discipulos suos: Venient dies quando desideretis videre unum diem Filii hominis, et non videbitis.	ειπεν δε προς τους μαθητας ελευσονται ημεραι οτε επιθυμησετε μιαν των ημερων του υιου του ανθρωπου ιδειν και ουκ οψεσθε 	And he said unto the disciples, The days will come, when ye shall desire to see one of the days of the Son of man, and ye shall not see it.
Luke	17	23			et dicent vobis ecce hic ecce illic nolite ire neque sectemini	Et dicent vobis: Ecce hic, et ecce illic. Nolite ire, neque sectemini:	και ερουσιν υμιν ιδου ωδε η ιδου εκει μη απελθητε μηδε διωξητε 	And they shall say to you, See here; or, see there: go not after them, nor follow them.
Luke	17	24			nam sicut fulgur coruscans de sub caelo in ea quae sub caelo sunt fulget ita erit Filius hominis in die sua	nam, sicut fulgur coruscans de sub clo in ea qu sub clo sunt, fulget: ita erit Filius hominis in die sua.	ωσπερ γαρ η αστραπη η αστραπτουσα εκ της υπ ουρανον εις την υπ ουρανον λαμπει ουτως εσται και ο υιος του ανθρωπου εν τη ημερα αυτου 	For as the lightning, that lighteneth out of the one part under heaven, shineth unto the other part under heaven; so shall also the Son of man be in his day.
Luke	17	25			primum autem oportet illum multa pati et reprobari a generatione hac	Primum autem oportet illum multa pati, et reprobari a generatione hac.	πρωτον δε δει αυτον πολλα παθειν και αποδοκιμασθηναι απο της γενεας ταυτης 	But first must he suffer many things, and be rejected of this generation.
Luke	17	26			et sicut factum est in diebus Noe ita erit et in diebus Filii hominis	Et sicut factum est in diebus No, ita erit et in diebus Filii hominis:	και καθως εγενετο εν ταις ημεραις του νωε ουτως εσται και εν ταις ημεραις του υιου του ανθρωπου 	And as it was in the days of Noe, so shall it be also in the days of the Son of man.
Luke	17	27			edebant et bibebant uxores ducebant et dabantur ad nuptias usque in diem qua intravit Noe in arcam et venit diluvium et perdidit omnes	edebant et bibebant: uxores ducebant et dabantur ad nuptias, usque in diem, qua intravit No in arcam: et venit diluvium, et perdidit omnes.	ησθιον επινον εγαμουν εξεγαμιζοντο αχρι ης ημερας εισηλθεν νωε εις την κιβωτον και ηλθεν ο κατακλυσμος και απωλεσεν απαντας 	They did eat, they drank, they married wives, they were given in marriage, until the day that Noah entered into the ark, and the flood came, and destroyed them all.
Luke	17	28			similiter sicut factum est in diebus Loth edebant et bibebant emebant et vendebant plantabant aedificabant	Similiter sicut factum est in diebus Lot: edebant et bibebant, emebant et vendebant, plantabant et dificabant:	ομοιως και ως εγενετο εν ταις ημεραις λωτ ησθιον επινον ηγοραζον επωλουν εφυτευον ωκοδομουν 	Likewise also as it was in the days of Lot; they did eat, they drank, they bought, they sold, they planted, they builded;
Luke	17	29			qua die autem exiit Loth a Sodomis pluit ignem et sulphur de caelo et omnes perdidit	qua die autem exiit Lot a Sodomis, pluit ignem et sulphur de clo, et omnes perdidit:	η δε ημερα εξηλθεν λωτ απο σοδομων εβρεξεν πυρ και θειον απ ουρανου και απωλεσεν απαντας 	But the same day that Lot went out of Sodom it rained fire and brimstone from heaven, and destroyed them all.
Luke	17	30			secundum haec erit qua die Filius hominis revelabitur	secundum hc erit qua die Filius hominis revelabitur.	κατα ταυτα εσται η ημερα ο υιος του ανθρωπου αποκαλυπτεται 	Even thus shall it be in the day when the Son of man is revealed.
Luke	17	31			in illa hora qui fuerit in tecto et vasa eius in domo ne descendat tollere illa et qui in agro similiter non redeat retro	In illa hora, qui fuerit in tecto, et vasa ejus in domo, ne descendat tollere illa: et qui in agro, similiter non redeat retro.	εν εκεινη τη ημερα ος εσται επι του δωματος και τα σκευη αυτου εν τη οικια μη καταβατω αραι αυτα και ο εν τω αγρω ομοιως μη επιστρεψατω εις τα οπισω 	In that day, he which shall be upon the housetop, and his stuff in the house, let him not come down to take it away: and he that is in the field, let him likewise not return back.
Luke	17	32			memores estote uxoris Loth	Memores estote uxoris Lot.	μνημονευετε της γυναικος λωτ 	Remember Lot's wife.
Luke	17	33			quicumque quaesierit animam suam salvare perdet illam et qui perdiderit illam vivificabit eam	Quicumque qusierit animam suam salvam facere, perdet illam: et quicumque perdiderit illam, vivificabit eam.	ος εαν ζητηση την ψυχην αυτου σωσαι απολεσει αυτην και ος εαν απολεση αυτην ζωογονησει αυτην 	Whosoever shall seek to save his life shall lose it; and whosoever shall lose his life shall preserve it.
Luke	17	34			dico vobis illa nocte erunt duo in lecto uno unus adsumetur et alter relinquetur	Dico vobis: In illa nocte erunt duo in lecto uno: unus assumetur, et alter relinquetur:	λεγω υμιν ταυτη τη νυκτι εσονται δυο επι κλινης μιας ο εις παραληφθησεται και ο ετερος αφεθησεται 	I tell you, in that night there shall be two men in one bed; the one shall be taken, and the other shall be left.
Luke	17	35			duae erunt molentes in unum una adsumetur et altera relinquetur duo in agro unus adsumetur et alter relinquetur	du erunt molentes in unum: una assumetur, et altera relinquetur: duo in agro: unus assumetur, et alter relinquetur.	δυο εσονται αληθουσαι επι το αυτο  η  μια παραληφθησεται και η ετερα αφεθησεται 	Two women shall be grinding together; the one shall be taken, and the other left.
Luke	17	36			respondentes dicunt illi ubi Domine	Respondentes dicunt illi: Ubi Domine?	δυο εσονται εν τω αγρω ο εις παραληφθησεται και ο ετερος αφεθησεται  	Two men shall be in the field; the one shall be taken, and the other left.
Luke	17	37			qui dixit eis ubicumque fuerit corpus illuc congregabuntur aquilae	Qui dixit illis: Ubicumque fuerit corpus, illuc congregabuntur et aquil.	και αποκριθεντες λεγουσιν αυτω που κυριε ο δε ειπεν αυτοις οπου το σωμα εκει συναχθησονται οι αετοι   	And they answered and said unto him, Where, Lord? And he said unto them, Wheresoever the body is, thither will the eagles be gathered together.
Luke	18	1			dicebat autem et parabolam ad illos quoniam oportet semper orare et non deficere	Dicebat autem et parabolam ad illos, quoniam oportet semper orare et non deficere,	ελεγεν δε και παραβολην αυτοις προς το δειν παντοτε προσευχεσθαι και μη εκκακειν 	And he spake a parable unto them to this end, that men ought always to pray, and not to faint;
Luke	18	2			dicens iudex quidam erat in quadam civitate qui Deum non timebat et hominem non verebatur	dicens: Judex quidam erat in quadam civitate, qui Deum non timebat, et hominem non reverebatur.	λεγων κριτης τις ην εν τινι πολει τον θεον μη φοβουμενος και ανθρωπον μη εντρεπομενος 	Saying, There was in a city a judge, which feared not God, neither regarded man:
Luke	18	3			vidua autem quaedam erat in civitate illa et veniebat ad eum dicens vindica me de adversario meo	Vidua autem qudam erat in civitate illa, et veniebat ad eum, dicens: Vindica me de adversario meo.	χηρα δε ην εν τη πολει εκεινη και ηρχετο προς αυτον λεγουσα εκδικησον με απο του αντιδικου μου 	And there was a widow in that city; and she came unto him, saying, Avenge me of mine adversary.
Luke	18	4			et nolebat per multum tempus post haec autem dixit intra se et si Deum non timeo nec hominem revereor	Et nolebat per multum tempus. Post hc autem dixit intra se: Etsi Deum non timeo, nec hominem revereor:	και ουκ ηθελησεν επι χρονον μετα δε ταυτα ειπεν εν εαυτω ει και τον θεον ου φοβουμαι και ανθρωπον ουκ εντρεπομαι 	And he would not for a while: but afterward he said within himself, Though I fear not God, nor regard man;
Luke	18	5			tamen quia molesta est mihi haec vidua vindicabo illam ne in novissimo veniens suggillet me	tamen quia molesta est mihi hc vidua, vindicabo illam, ne in novissimo veniens sugillet me.	δια γε το παρεχειν μοι κοπον την χηραν ταυτην εκδικησω αυτην ινα μη εις τελος ερχομενη υπωπιαζη με 	Yet because this widow troubleth me, I will avenge her, lest by her continual coming she weary me.
Luke	18	6			ait autem Dominus audite quid iudex iniquitatis dicit	Ait autem Dominus: Audite quid judex iniquitatis dicit:	ειπεν δε ο κυριος ακουσατε τι ο κριτης της αδικιας λεγει 	And the Lord said, Hear what the unjust judge saith.
Luke	18	7			Deus autem non faciet vindictam electorum suorum clamantium ad se die ac nocte et patientiam habebit in illis	Deus autem non faciet vindictam electorum suorum clamantium ad se die ac nocte, et patientiam habebit in illis?	ο δε θεος ου μη ποιησει την εκδικησιν των εκλεκτων αυτου των βοωντων προς αυτον ημερας και νυκτος και μακροθυμων επ αυτοις 	And shall not God avenge his own elect, which cry day and night unto him, though he bear long with them?
Luke	18	8			dico vobis quia cito faciet vindictam illorum verumtamen Filius hominis veniens putas inveniet fidem in terra	Dico vobis quia cito faciet vindictam illorum. Verumtamen Filius hominis veniens, putas, inveniet fidem in terra?	λεγω υμιν οτι ποιησει την εκδικησιν αυτων εν ταχει πλην ο υιος του ανθρωπου ελθων αρα ευρησει την πιστιν επι της γης 	I tell you that he will avenge them speedily. Nevertheless when the Son of man cometh, shall he find faith on the earth?
Luke	18	9			dixit autem et ad quosdam qui in se confidebant tamquam iusti et aspernabantur ceteros parabolam istam	Dixit autem et ad quosdam qui in se confidebant tamquam justi, et aspernabantur ceteros, parabolam istam:	ειπεν δε και προς τινας τους πεποιθοτας εφ εαυτοις οτι εισιν δικαιοι και εξουθενουντας τους λοιπους την παραβολην ταυτην 	And he spake this parable unto certain which trusted in themselves that they were righteous, and despised others:
Luke	18	10			duo homines ascenderunt in templum ut orarent unus Pharisaeus et alter publicanus	Duo homines ascenderunt in templum ut orarent: unus pharisus et alter publicanus.	ανθρωποι δυο ανεβησαν εις το ιερον προσευξασθαι ο εις φαρισαιος και ο ετερος τελωνης 	Two men went up into the temple to pray; the one a Pharisee, and the other a publican.
Luke	18	11			Pharisaeus stans haec apud se orabat Deus gratias ago tibi quia non sum sicut ceteri hominum raptores iniusti adulteri vel ut etiam hic publicanus	Pharisus stans, hc apud se orabat: Deus, gratias ago tibi, quia non sum sicut ceteri hominum: raptores, injusti, adulteri, velut etiam hic publicanus:	ο φαρισαιος σταθεις προς εαυτον ταυτα προσηυχετο ο θεος ευχαριστω σοι οτι ουκ ειμι ωσπερ οι λοιποι των ανθρωπων αρπαγες αδικοι μοιχοι η και ως ουτος ο τελωνης 	The Pharisee stood and prayed thus with himself, God, I thank thee, that I am not as other men are, extortioners, unjust, adulterers, or even as this publican.
Luke	18	12			ieiuno bis in sabbato decimas do omnium quae possideo	jejuno bis in sabbato, decimas do omnium qu possideo.	νηστευω δις του σαββατου αποδεκατω παντα οσα κτωμαι 	I fast twice in the week, I give tithes of all that I possess.
Luke	18	13			et publicanus a longe stans nolebat nec oculos ad caelum levare sed percutiebat pectus suum dicens Deus propitius esto mihi peccatori	Et publicanus a longe stans, nolebat nec oculos ad clum levare: sed percutiebat pectus suum, dicens: Deus propitius esto mihi peccatori.	και ο τελωνης μακροθεν εστως ουκ ηθελεν ουδε τους οφθαλμους εις τον ουρανον επαραι αλλ ετυπτεν εις το στηθος αυτου λεγων ο θεος ιλασθητι μοι τω αμαρτωλω 	And the publican, standing afar off, would not lift up so much as his eyes unto heaven, but smote upon his breast, saying, God be merciful to me a sinner.
Luke	18	14			dico vobis descendit hic iustificatus in domum suam ab illo quia omnis qui se exaltat humiliabitur et qui se humiliat exaltabitur	Dico vobis, descendit hic justificatus in domum suam ab illo: quia omnis qui se exaltat, humiliabitur, et qui se humiliat, exaltabitur.	λεγω υμιν κατεβη ουτος δεδικαιωμενος εις τον οικον αυτου η εκεινος οτι πας ο υψων εαυτον ταπεινωθησεται ο δε ταπεινων εαυτον υψωθησεται 	I tell you, this man went down to his house justified rather than the other: for every one that exalteth himself shall be abased; and he that humbleth himself shall be exalted.
Luke	18	15			adferebant autem ad illum et infantes ut eos tangeret quod cum viderent discipuli increpabant illos	Afferebant autem ad illum et infantes, ut eos tangeret. Quod cum viderent discipuli, increpabant illos.	προσεφερον δε αυτω και τα βρεφη ινα αυτων απτηται ιδοντες δε οι μαθηται επετιμησαν αυτοις 	And they brought unto him also infants, that he would touch them: but when his disciples saw it, they rebuked them.
Luke	18	16			Iesus autem convocans illos dixit sinite pueros venire ad me et nolite eos vetare talium est enim regnum Dei	Jesus autem convocans illos, dixit: Sinite pueros venire ad me, et nolite vetare eos: talium est enim regnum Dei.	ο δε ιησους προσκαλεσαμενος αυτα ειπεν αφετε τα παιδια ερχεσθαι προς με και μη κωλυετε αυτα των γαρ τοιουτων εστιν η βασιλεια του θεου 	But Jesus called them unto him, and said, Suffer little children to come unto me, and forbid them not: for of such is the kingdom of God.
Luke	18	17			amen dico vobis quicumque non acceperit regnum Dei sicut puer non intrabit in illud	Amen dico vobis, quicumque non acceperit regnum Dei sicut puer, non intrabit in illud.	αμην λεγω υμιν ος εαν μη δεξηται την βασιλειαν του θεου ως παιδιον ου μη εισελθη εις αυτην 	Verily I say unto you, Whosoever shall not receive the kingdom of God as a little child shall in no wise enter therein.
Luke	18	18			et interrogavit eum quidam princeps dicens magister bone quid faciens vitam aeternam possidebo	Et interrogavit eum quidam princeps, dicens: Magister bone, quid faciens vitam ternam possidebo?	και επηρωτησεν τις αυτον αρχων λεγων διδασκαλε αγαθε τι ποιησας ζωην αιωνιον κληρονομησω 	And a certain ruler asked him, saying, Good Master, what shall I do to inherit eternal life?
Luke	18	19			dixit autem ei Iesus quid me dicis bonum nemo bonus nisi solus Deus	Dixit autem ei Jesus: Quid me dicis bonum? nemo bonus nisi solus Deus.	ειπεν δε αυτω ο ιησους τι με λεγεις αγαθον ουδεις αγαθος ει μη εις ο θεος 	And Jesus said unto him, Why callest thou me good? none is good, save one, that is, God.
Luke	18	20			mandata nosti non occides non moechaberis non furtum facies non falsum testimonium dices honora patrem tuum et matrem	Mandata nosti: non occides; non mchaberis; non furtum facies; non falsum testimonium dices; honora patrem tuum et matrem.	τας εντολας οιδας μη μοιχευσης μη φονευσης μη κλεψης μη ψευδομαρτυρησης τιμα τον πατερα σου και την μητερα σου 	Thou knowest the commandments, Do not commit adultery, Do not kill, Do not steal, Do not bear false witness, Honour thy father and thy mother.
Luke	18	21			qui ait haec omnia custodivi a iuventute mea	Qui ait: Hc omnia custodivi a juventute mea.	ο δε ειπεν ταυτα παντα εφυλαξαμην εκ νεοτητος μου 	And he said, All these have I kept from my youth up.
Luke	18	22			quo audito Iesus ait ei adhuc unum tibi deest omnia quaecumque habes vende et da pauperibus et habebis thesaurum in caelo et veni sequere me	Quo audito, Jesus ait ei: Adhuc unum tibi deest: omnia qucumque habes vende, et da pauperibus, et habebis thesaurum in clo: et veni, sequere me.	ακουσας δε ταυτα ο ιησους ειπεν αυτω ετι εν σοι λειπει παντα οσα εχεις πωλησον και διαδος πτωχοις και εξεις θησαυρον εν ουρανω και δευρο ακολουθει μοι 	Now when Jesus heard these things, he said unto him, Yet lackest thou one thing: sell all that thou hast, and distribute unto the poor, and thou shalt have treasure in heaven: and come, follow me.
Luke	18	23			his ille auditis contristatus est quia dives erat valde	His ille auditis, contristatus est: quia dives erat valde.	ο δε ακουσας ταυτα περιλυπος εγενετο ην γαρ πλουσιος σφοδρα 	And when he heard this, he was very sorrowful: for he was very rich.
Luke	18	24			videns autem illum Iesus tristem factum dixit quam difficile qui pecunias habent in regnum Dei intrabunt	Videns autem Jesus illum tristem factum, dixit: Quam difficile, qui pecunias habent, in regnum Dei intrabunt!	ιδων δε αυτον ο ιησους περιλυπον γενομενον ειπεν πως δυσκολως οι τα χρηματα εχοντες εισελευσονται εις την βασιλειαν του θεου 	And when Jesus saw that he was very sorrowful, he said, How hardly shall they that have riches enter into the kingdom of God!
Luke	18	25			facilius est enim camelum per foramen acus transire quam divitem intrare in regnum Dei	facilius est enim camelum per foramen acus transire quam divitem intrare in regnum Dei.	ευκοπωτερον γαρ εστιν καμηλον δια τρυμαλιας ραφιδος εισελθειν η πλουσιον εις την βασιλειαν του θεου εισελθειν 	For it is easier for a camel to go through a needle's eye, than for a rich man to enter into the kingdom of God.
Luke	18	26			et dixerunt qui audiebant et quis potest salvus fieri	Et dixerunt qui audiebant: Et quis potest salvus fieri?	ειπον δε οι ακουσαντες και τις δυναται σωθηναι 	And they that heard it said, Who then can be saved?
Luke	18	27			ait illis quae inpossibilia sunt apud homines possibilia sunt apud Deum	Ait illis: Qu impossibilia sunt apud homines, possibilia sunt apud Deum.	ο δε ειπεν τα αδυνατα παρα ανθρωποις δυνατα εστιν παρα τω θεω 	And he said, The things which are impossible with men are possible with God.
Luke	18	28			ait autem Petrus ecce nos dimisimus omnia et secuti sumus te	Ait autem Petrus: Ecce nos dimisimus omnia et secuti sumus te.	ειπεν δε ο πετρος ιδου ημεις αφηκαμεν παντα και ηκολουθησαμεν σοι 	Then Peter said, Lo, we have left all, and followed thee.
Luke	18	29			qui dixit eis amen dico vobis nemo est qui reliquit domum aut parentes aut fratres aut uxorem aut filios propter regnum Dei	Qui dixit eis: Amen dico vobis, nemo est qui reliquit domum, aut parentes, aut fratres, aut uxorem, aut filios propter regnum Dei,	ο δε ειπεν αυτοις αμην λεγω υμιν οτι ουδεις εστιν ος αφηκεν οικιαν η γονεις η αδελφους η γυναικα η τεκνα ενεκεν της βασιλειας του θεου 	And he said unto them, Verily I say unto you, There is no man that hath left house, or parents, or brethren, or wife, or children, for the kingdom of God's sake,
Luke	18	30			et non recipiat multo plura in hoc tempore et in saeculo venturo vitam aeternam	et non recipiat multo plura in hoc tempore, et in sculo venturo vitam ternam.	ος ου μη απολαβη πολλαπλασιονα εν τω καιρω τουτω και εν τω αιωνι τω ερχομενω ζωην αιωνιον 	Who shall not receive manifold more in this present time, and in the world to come life everlasting.
Luke	18	31			adsumpsit autem Iesus duodecim et ait illis ecce ascendimus Hierosolyma et consummabuntur omnia quae scripta sunt per prophetas de Filio hominis	Assumpsit autem Jesus duodecim, et ait illis: Ecce ascendimus Jerosolymam, et consummabuntur omnia qu scripta sunt per prophetas de Filio hominis:	παραλαβων δε τους δωδεκα ειπεν προς αυτους ιδου αναβαινομεν εις ιεροσολυμα και τελεσθησεται παντα τα γεγραμμενα δια των προφητων τω υιω του ανθρωπου 	Then he took unto him the twelve, and said unto them, Behold, we go up to Jerusalem, and all things that are written by the prophets concerning the Son of man shall be accomplished.
Luke	18	32			tradetur enim gentibus et inludetur et flagellabitur et conspuetur	tradetur enim gentibus, et illudetur, et flagellabitur, et conspuetur:	παραδοθησεται γαρ τοις εθνεσιν και εμπαιχθησεται και υβρισθησεται και εμπτυσθησεται 	For he shall be delivered unto the Gentiles, and shall be mocked, and spitefully entreated, and spitted on:
Luke	18	33			et postquam flagellaverint occident eum et die tertia resurget	et postquam flagellaverint, occident eum, et tertia die resurget.	και μαστιγωσαντες αποκτενουσιν αυτον και τη ημερα τη τριτη αναστησεται 	And they shall scourge him, and put him to death: and the third day he shall rise again.
Luke	18	34			et ipsi nihil horum intellexerunt et erat verbum istud absconditum ab eis et non intellegebant quae dicebantur	Et ipsi nihil horum intellexerunt, et erat verbum istud absconditum ab eis, et non intelligebant qu dicebantur.	και αυτοι ουδεν τουτων συνηκαν και ην το ρημα τουτο κεκρυμμενον απ αυτων και ουκ εγινωσκον τα λεγομενα 	And they understood none of these things: and this saying was hid from them, neither knew they the things which were spoken.
Luke	18	35			factum est autem cum adpropinquaret Hiericho caecus quidam sedebat secus viam mendicans	Factum est autem, cum appropinquaret Jericho, ccus quidam sedebat secus viam, mendicans.	εγενετο δε εν τω εγγιζειν αυτον εις ιεριχω τυφλος τις εκαθητο παρα την οδον προσαιτων 	And it came to pass, that as he was come nigh unto Jericho, a certain blind man sat by the way side begging:
Luke	18	36			et cum audiret turbam praetereuntem interrogabat quid hoc esset	Et cum audiret turbam prtereuntem, interrogabat quid hoc esset.	ακουσας δε οχλου διαπορευομενου επυνθανετο τι ειη τουτο 	And hearing the multitude pass by, he asked what it meant.
Luke	18	37			dixerunt autem ei quod Iesus Nazarenus transiret	Dixerunt autem ei quod Jesus Nazarenus transiret.	απηγγειλαν δε αυτω οτι ιησους ο ναζωραιος παρερχεται 	And they told him, that Jesus of Nazareth passeth by.
Luke	18	38			et clamavit dicens Iesu Fili David miserere mei	Et clamavit, dicens: Jesu, fili David, miserere mei.	και εβοησεν λεγων ιησου υιε δαβιδ ελεησον με 	And he cried, saying, Jesus, thou son of David, have mercy on me.
Luke	18	39			et qui praeibant increpabant eum ut taceret ipse vero multo magis clamabat Fili David miserere mei	Et qui pribant, increpabant eum ut taceret. Ipse vero multo magis clamabat: Fili David, miserere mei.	και οι προαγοντες επετιμων αυτω ινα σιωπηση αυτος δε πολλω μαλλον εκραζεν υιε δαβιδ ελεησον με 	And they which went before rebuked him, that he should hold his peace: but he cried so much the more, Thou son of David, have mercy on me.
Luke	18	40			stans autem Iesus iussit illum adduci ad se et cum adpropinquasset interrogavit illum	Stans autem Jesus jussit illum adduci ad se. Et cum appropinquasset, interrogavit illum,	σταθεις δε ο ιησους εκελευσεν αυτον αχθηναι προς αυτον εγγισαντος δε αυτου επηρωτησεν αυτον 	And Jesus stood, and commanded him to be brought unto him: and when he was come near, he asked him,
Luke	18	41			dicens quid tibi vis faciam at ille dixit Domine ut videam	dicens: Quid tibi vis faciam? At ille dixit: Domine, ut videam.	λεγων τι σοι θελεις ποιησω ο δε ειπεν κυριε ινα αναβλεψω 	Saying, What wilt thou that I shall do unto thee? And he said, Lord, that I may receive my sight.
Luke	18	42			et Iesus dixit illi respice fides tua te salvum fecit	Et Jesus dixit illi: Respice, fides tua te salvum fecit.	και ο ιησους ειπεν αυτω αναβλεψον η πιστις σου σεσωκεν σε 	And Jesus said unto him, Receive thy sight: thy faith hath saved thee.
Luke	18	43			et confestim vidit et sequebatur illum magnificans Deum et omnis plebs ut vidit dedit laudem Deo	Et confestim vidit, et sequebatur illum magnificans Deum. Et omnis plebs ut vidit, dedit laudem Deo.	και παραχρημα ανεβλεψεν και ηκολουθει αυτω δοξαζων τον θεον και πας ο λαος ιδων εδωκεν αινον τω θεω   	And immediately he received his sight, and followed him, glorifying God: and all the people, when they saw it, gave praise unto God.
Luke	19	1			et ingressus perambulabat Hiericho	Et ingressus perambulabat Jericho.	και εισελθων διηρχετο την ιεριχω 	And Jesus entered and passed through Jericho.
Luke	19	2			et ecce vir nomine Zaccheus et hic erat princeps publicanorum et ipse dives	Et ecce vir nomine Zachus: et hic princeps erat publicanorum, et ipse dives:	και ιδου ανηρ ονοματι καλουμενος ζακχαιος και αυτος ην αρχιτελωνης και ουτος ην πλουσιος 	And, behold, there was a man named Zacchaeus, which was the chief among the publicans, and he was rich.
Luke	19	3			et quaerebat videre Iesum quis esset et non poterat prae turba quia statura pusillus erat	et qurebat videre Jesum, quis esset: et non poterat pr turba, quia statura pusillus erat.	και εζητει ιδειν τον ιησουν τις εστιν και ουκ ηδυνατο απο του οχλου οτι τη ηλικια μικρος ην 	And he sought to see Jesus who he was; and could not for the press, because he was little of stature.
Luke	19	4			et praecurrens ascendit in arborem sycomorum ut videret illum quia inde erat transiturus	Et prcurrens ascendit in arborem sycomorum ut videret eum: quia inde erat transiturus.	και προδραμων εμπροσθεν ανεβη επι συκομωραιαν ινα ιδη αυτον οτι δι εκεινης ημελλεν διερχεσθαι 	And he ran before, and climbed up into a sycomore tree to see him: for he was to pass that way.
Luke	19	5			et cum venisset ad locum suspiciens Iesus vidit illum et dixit ad eum Zacchee festinans descende quia hodie in domo tua oportet me manere	Et cum venisset ad locum, suspiciens Jesus vidit illum, et dixit ad eum: Zache, festinans descende: quia hodie in domo tua oportet me manere.	και ως ηλθεν επι τον τοπον αναβλεψας ο ιησους ειδεν αυτον και ειπεν προς αυτον ζακχαιε σπευσας καταβηθι σημερον γαρ εν τω οικω σου δει με μειναι 	And when Jesus came to the place, he looked up, and saw him, and said unto him, Zacchaeus, make haste, and come down; for to day I must abide at thy house.
Luke	19	6			et festinans descendit et excepit illum gaudens	Et festinans descendit, et excepit illum gaudens.	και σπευσας κατεβη και υπεδεξατο αυτον χαιρων 	And he made haste, and came down, and received him joyfully.
Luke	19	7			et cum viderent omnes murmurabant dicentes quod ad hominem peccatorem devertisset	Et cum viderent omnes, murmurabant, dicentes quod ad hominem peccatorem divertisset.	και ιδοντες απαντες διεγογγυζον λεγοντες οτι παρα αμαρτωλω ανδρι εισηλθεν καταλυσαι 	And when they saw it, they all murmured, saying, That he was gone to be guest with a man that is a sinner.
Luke	19	8			stans autem Zaccheus dixit ad Dominum ecce dimidium bonorum meorum Domine do pauperibus et si quid aliquem defraudavi reddo quadruplum	Stans autem Zachus, dixit ad Dominum: Ecce dimidium bonorum meorum, Domine, do pauperibus: et si quid aliquem defraudavi, reddo quadruplum.	σταθεις δε ζακχαιος ειπεν προς τον κυριον ιδου τα ημιση των υπαρχοντων μου κυριε διδωμι τοις πτωχοις και ει τινος τι εσυκοφαντησα αποδιδωμι τετραπλουν 	And Zacchaeus stood, and said unto the Lord: Behold, Lord, the half of my goods I give to the poor; and if I have taken any thing from any man by false accusation, I restore him fourfold.
Luke	19	9			ait Iesus ad eum quia hodie salus domui huic facta est eo quod et ipse filius sit Abrahae	Ait Jesus ad eum: Quia hodie salus domui huic facta est: eo quod et ipse filius sit Abrah.	ειπεν δε προς αυτον ο ιησους οτι σημερον σωτηρια τω οικω τουτω εγενετο καθοτι και αυτος υιος αβρααμ εστιν 	And Jesus said unto him, This day is salvation come to this house, forsomuch as he also is a son of Abraham.
Luke	19	10			venit enim Filius hominis quaerere et salvum facere quod perierat	Venit enim Filius hominis qurere, et salvum facere quod perierat.	ηλθεν γαρ ο υιος του ανθρωπου ζητησαι και σωσαι το απολωλος 	For the Son of man is come to seek and to save that which was lost.
Luke	19	11			haec illis audientibus adiciens dixit parabolam eo quod esset prope Hierusalem et quia existimarent quod confestim regnum Dei manifestaretur	Hc illis audientibus adjiciens, dixit parabolam, eo quod esset prope Jerusalem: et quia existimarent quod confestim regnum Dei manifestaretur.	ακουοντων δε αυτων ταυτα προσθεις ειπεν παραβολην δια το εγγυς αυτον ειναι ιερουσαλημ και δοκειν αυτους οτι παραχρημα μελλει η βασιλεια του θεου αναφαινεσθαι 	And as they heard these things, he added and spake a parable, because he was nigh to Jerusalem, and because they thought that the kingdom of God should immediately appear.
Luke	19	12			dixit ergo homo quidam nobilis abiit in regionem longinquam accipere sibi regnum et reverti	Dixit ergo: Homo quidam nobilis abiit in regionem longinquam accipere sibi regnum, et reverti.	ειπεν ουν ανθρωπος τις ευγενης επορευθη εις χωραν μακραν λαβειν εαυτω βασιλειαν και υποστρεψαι 	He said therefore, A certain nobleman went into a far country to receive for himself a kingdom, and to return.
Luke	19	13			vocatis autem decem servis suis dedit illis decem mnas et ait ad illos negotiamini dum venio	Vocatis autem decem servis suis, dedit eis decem mnas, et ait ad illos: Negotiamini dum venio.	καλεσας δε δεκα δουλους εαυτου εδωκεν αυτοις δεκα μνας και ειπεν προς αυτους πραγματευσασθε εως ερχομαι 	And he called his ten servants, and delivered them ten pounds, and said unto them, Occupy till I come.
Luke	19	14			cives autem eius oderant illum et miserunt legationem post illum dicentes nolumus hunc regnare super nos	Cives autem ejus oderant eum: et miserunt legationem post illum, dicentes: Nolumus hunc regnare super nos.	οι δε πολιται αυτου εμισουν αυτον και απεστειλαν πρεσβειαν οπισω αυτου λεγοντες ου θελομεν τουτον βασιλευσαι εφ ημας 	But his citizens hated him, and sent a message after him, saying, We will not have this man to reign over us.
Luke	19	15			et factum est ut rediret accepto regno et iussit vocari servos quibus dedit pecuniam ut sciret quantum quisque negotiatus esset	Et factum est ut rediret accepto regno: et jussit vocari servos, quibus dedit pecuniam, ut sciret quantum quisque negotiatus esset.	και εγενετο εν τω επανελθειν αυτον λαβοντα την βασιλειαν και ειπεν φωνηθηναι αυτω τους δουλους τουτους οις εδωκεν το αργυριον ινα γνω τις τι διεπραγματευσατο 	And it came to pass, that when he was returned, having received the kingdom, then he commanded these servants to be called unto him, to whom he had given the money, that he might know how much every man had gained by trading.
Luke	19	16			venit autem primus dicens domine mna tua decem mnas adquisivit	Venit autem primus dicens: Domine, mna tua decem mnas acquisivit.	παρεγενετο δε ο πρωτος λεγων κυριε η μνα σου προσειργασατο δεκα μνας 	Then came the first, saying, Lord, thy pound hath gained ten pounds.
Luke	19	17			et ait illi euge bone serve quia in modico fidelis fuisti eris potestatem habens supra decem civitates	Et ait illi: Euge bone serve, quia in modico fuisti fidelis, eris potestatem habens super decem civitates.	και ειπεν αυτω ευ αγαθε δουλε οτι εν ελαχιστω πιστος εγενου ισθι εξουσιαν εχων επανω δεκα πολεων 	And he said unto him, Well, thou good servant: because thou hast been faithful in a very little, have thou authority over ten cities.
Luke	19	18			et alter venit dicens domine mna tua fecit quinque mnas	Et alter venit, dicens: Domine, mna tua fecit quinque mnas.	και ηλθεν ο δευτερος λεγων κυριε η μνα σου εποιησεν πεντε μνας 	And the second came, saying, Lord, thy pound hath gained five pounds.
Luke	19	19			et huic ait et tu esto supra quinque civitates	Et huic ait: Et tu esto super quinque civitates.	ειπεν δε και τουτω και συ γινου επανω πεντε πολεων 	And he said likewise to him, Be thou also over five cities.
Luke	19	20			et alter venit dicens domine ecce mna tua quam habui repositam in sudario	Et alter venit, dicens: Domine, ecce mna tua, quam habui repositam in sudario:	και ετερος ηλθεν λεγων κυριε ιδου η μνα σου ην ειχον αποκειμενην εν σουδαριω 	And another came, saying, Lord, behold, here is thy pound, which I have kept laid up in a napkin:
Luke	19	21			timui enim te quia homo austeris es tollis quod non posuisti et metis quod non seminasti	timui enim te, quia homo austerus es: tollis quod non posuisti, et metis quod non seminasti.	εφοβουμην γαρ σε οτι ανθρωπος αυστηρος ει αιρεις ο ουκ εθηκας και θεριζεις ο ουκ εσπειρας 	For I feared thee, because thou art an austere man: thou takest up that thou layedst not down, and reapest that thou didst not sow.
Luke	19	22			dicit ei de ore tuo te iudico serve nequam sciebas quod ego austeris homo sum tollens quod non posui et metens quod non seminavi	Dicit ei: De ore tuo te judico, serve nequam. Sciebas quod ego homo austerus sum, tollens quod non posui, et metens quod non seminavi:	λεγει δε αυτω εκ του στοματος σου κρινω σε πονηρε δουλε ηδεις οτι εγω ανθρωπος αυστηρος ειμι αιρων ο ουκ εθηκα και θεριζων ο ουκ εσπειρα 	And he saith unto him, Out of thine own mouth will I judge thee, thou wicked servant. Thou knewest that I was an austere man, taking up that I laid not down, and reaping that I did not sow:
Luke	19	23			et quare non dedisti pecuniam meam ad mensam et ego veniens cum usuris utique exegissem illud	et quare non dedisti pecuniam meam ad mensam, ut ego veniens cum usuris utique exegissem illam?	και δια τι ουκ εδωκας το αργυριον μου επι την τραπεζαν και εγω ελθων συν τοκω αν επραξα αυτο 	Wherefore then gavest not thou my money into the bank, that at my coming I might have required mine own with usury?
Luke	19	24			et adstantibus dixit auferte ab illo mnam et date illi qui decem mnas habet	Et astantibus dixit: Auferte ab illo mnam, et date illi qui decem mnas habet.	και τοις παρεστωσιν ειπεν αρατε απ αυτου την μναν και δοτε τω τας δεκα μνας εχοντι 	And he said unto them that stood by, Take from him the pound, and give it to him that hath ten pounds.
Luke	19	25			et dixerunt ei domine habet decem mnas	Et dixerunt ei: Domine, habet decem mnas.	και ειπον αυτω κυριε εχει δεκα μνας 	(And they said unto him, Lord, he hath ten pounds.)
Luke	19	26			dico autem vobis quia omni habenti dabitur ab eo autem qui non habet et quod habet auferetur ab eo	Dico autem vobis, quia omni habenti dabitur, et abundabit: ab eo autem qui non habet, et quod habet auferetur ab eo.	λεγω γαρ υμιν οτι παντι τω εχοντι δοθησεται απο δε του μη εχοντος και ο εχει αρθησεται απ αυτου 	For I say unto you, That unto every one which hath shall be given; and from him that hath not, even that he hath shall be taken away from him.
Luke	19	27			verumtamen inimicos meos illos qui noluerunt me regnare super se adducite huc et interficite ante me	Verumtamen inimicos meos illos, qui noluerunt me regnare super se, adducite huc: et interficite ante me.	πλην τους εχθρους μου εκεινους τους μη θελησαντας με βασιλευσαι επ αυτους αγαγετε ωδε και κατασφαξατε εμπροσθεν μου 	But those mine enemies, which would not that I should reign over them, bring hither, and slay them before me.
Luke	19	28			et his dictis praecedebat ascendens in Hierosolyma	Et his dictis, prcedebat ascendens Jerosolymam.	και ειπων ταυτα επορευετο εμπροσθεν αναβαινων εις ιεροσολυμα 	And when he had thus spoken, he went before, ascending up to Jerusalem.
Luke	19	29			et factum est cum adpropinquasset ad Bethfage et Bethania ad montem qui vocatur Oliveti misit duos discipulos suos	Et factum est, cum appropinquasset ad Bethphage et Bethaniam, ad montem qui vocatur Oliveti, misit duos discipulos suos,	και εγενετο ως ηγγισεν εις βηθφαγη και βηθανιαν προς το ορος το καλουμενον ελαιων απεστειλεν δυο των μαθητων αυτου 	And it came to pass, when he was come nigh to Bethphage and Bethany, at the mount called the mount of Olives, he sent two of his disciples,
Luke	19	30			dicens ite in castellum quod contra est in quod introeuntes invenietis pullum asinae alligatum cui nemo umquam hominum sedit solvite illum et adducite	dicens: Ite in castellum quod contra est: in quod intrountes, invenietis pullum asin alligatum, cui nemo umquam hominum sedit: solvite illum, et adducite.	ειπων υπαγετε εις την κατεναντι κωμην εν η εισπορευομενοι ευρησετε πωλον δεδεμενον εφ ον ουδεις πωποτε ανθρωπων εκαθισεν λυσαντες αυτον αγαγετε 	Saying, Go ye into the village over against you; in the which at your entering ye shall find a colt tied, whereon yet never man sat: loose him, and bring him hither.
Luke	19	31			et si quis vos interrogaverit quare solvitis sic dicetis ei quia Dominus operam eius desiderat	Et si quis vos interrogaverit: Quare solvitis? sic dicetis ei: Quia Dominus operam ejus desiderat.	και εαν τις υμας ερωτα δια τι λυετε ουτως ερειτε αυτω οτι ο κυριος αυτου χρειαν εχει 	And if any man ask you, Why do ye loose him? thus shall ye say unto him, Because the Lord hath need of him.
Luke	19	32			abierunt autem qui missi erant et invenerunt sicut dixit illis stantem pullum	Abierunt autem qui missi erant: et invenerunt, sicut dixit illis, stantem pullum.	απελθοντες δε οι απεσταλμενοι ευρον καθως ειπεν αυτοις 	And they that were sent went their way, and found even as he had said unto them.
Luke	19	33			solventibus autem illis pullum dixerunt domini eius ad illos quid solvitis pullum	Solventibus autem illis pullum, dixerunt domini ejus ad illos: Quid solvitis pullum?	λυοντων δε αυτων τον πωλον ειπον οι κυριοι αυτου προς αυτους τι λυετε τον πωλον 	And as they were loosing the colt, the owners thereof said unto them, Why loose ye the colt?
Luke	19	34			at illi dixerunt quia Dominus eum necessarium habet	At illi dixerunt: Quia Dominus eum necessarium habet.	οι δε ειπον ο κυριος αυτου χρειαν εχει 	And they said, The Lord hath need of him.
Luke	19	35			et duxerunt illum ad Iesum et iactantes vestimenta sua supra pullum inposuerunt Iesum	Et duxerunt illum ad Jesum. Et jacentes vestimenta sua supra pullum, imposuerunt Jesum.	και ηγαγον αυτον προς τον ιησουν και επιρριψαντες εαυτων τα ιματια επι τον πωλον επεβιβασαν τον ιησουν 	And they brought him to Jesus: and they cast their garments upon the colt, and they set Jesus thereon.
Luke	19	36			eunte autem illo substernebant vestimenta sua in via	Eunte autem illo, substernebant vestimenta sua in via:	πορευομενου δε αυτου υπεστρωννυον τα ιματια αυτων εν τη οδω 	And as he went, they spread their clothes in the way.
Luke	19	37			et cum adpropinquaret iam ad descensum montis Oliveti coeperunt omnes turbae discentium gaudentes laudare Deum voce magna super omnibus quas viderant virtutibus	et cum appropinquaret jam ad descensum montis Oliveti, cperunt omnes turb discipulorum gaudentes laudare Deum voce magna super omnibus, quas viderant, virtutibus,	εγγιζοντος δε αυτου ηδη προς τη καταβασει του ορους των ελαιων ηρξαντο απαν το πληθος των μαθητων χαιροντες αινειν τον θεον φωνη μεγαλη περι πασων ων ειδον δυναμεων 	And when he was come nigh, even now at the descent of the mount of Olives, the whole multitude of the disciples began to rejoice and praise God with a loud voice for all the mighty works that they had seen;
Luke	19	38			dicentes benedictus qui venit rex in nomine Domini pax in caelo et gloria in excelsis	dicentes: Benedictus, qui venit rex in nomine Domini: pax in clo, et gloria in excelsis.	λεγοντες ευλογημενος ο ερχομενος βασιλευς εν ονοματι κυριου ειρηνη εν ουρανω και δοξα εν υψιστοις 	Saying, Blessed be the King that cometh in the name of the Lord: peace in heaven, and glory in the highest.
Luke	19	39			et quidam Pharisaeorum de turbis dixerunt ad illum magister increpa discipulos tuos	Et quidam pharisorum de turbis dixerunt ad illum: Magister, increpa discipulos tuos.	και τινες των φαρισαιων απο του οχλου ειπον προς αυτον διδασκαλε επιτιμησον τοις μαθηταις σου 	And some of the Pharisees from among the multitude said unto him, Master, rebuke thy disciples.
Luke	19	40			quibus ipse ait dico vobis quia si hii tacuerint lapides clamabunt	Quibus ipse ait: Dico vobis, quia si hi tacuerint, lapides clamabunt.	και αποκριθεις ειπεν αυτοις λεγω υμιν οτι εαν ουτοι σιωπησωσιν οι λιθοι κεκραξονται 	And he answered and said unto them, I tell you that, if these should hold their peace, the stones would immediately cry out.
Luke	19	41			et ut adpropinquavit videns civitatem flevit super illam dicens	Et ut appropinquavit, videns civitatem flevit super illam, dicens:	και ως ηγγισεν ιδων την πολιν εκλαυσεν επ αυτη 	And when he was come near, he beheld the city, and wept over it,
Luke	19	42			quia si cognovisses et tu et quidem in hac die tua quae ad pacem tibi nunc autem abscondita sunt ab oculis tuis	Quia si cognovisses et tu, et quidem in hac die tua, qu ad pacem tibi: nunc autem abscondita sunt ab oculis tuis.	λεγων οτι ει εγνως και συ και γε εν τη ημερα σου ταυτη τα προς ειρηνην σου νυν δε εκρυβη απο οφθαλμων σου 	Saying, If thou hadst known, even thou, at least in this thy day, the things which belong unto thy peace! but now they are hid from thine eyes.
Luke	19	43			quia venient dies in te et circumdabunt te inimici tui vallo et circumdabunt te et coangustabunt te undique	Quia venient dies in te: et circumdabunt te inimici tui vallo, et circumdabunt te: et coangustabunt te undique:	οτι ηξουσιν ημεραι επι σε και περιβαλουσιν οι εχθροι σου χαρακα σοι και περικυκλωσουσιν σε και συνεξουσιν σε παντοθεν 	For the days shall come upon thee, that thine enemies shall cast a trench about thee, and compass thee round, and keep thee in on every side,
Luke	19	44			ad terram prosternent te et filios qui in te sunt et non relinquent in te lapidem super lapidem eo quod non cognoveris tempus visitationis tuae	et ad terram prosternent te, et filios tuos, qui in te sunt, et non relinquent in te lapidem super lapidem: eo quod non cognoveris tempus visitationis tu.	και εδαφιουσιν σε και τα τεκνα σου εν σοι και ουκ αφησουσιν εν σοι λιθον επι λιθω ανθ ων ουκ εγνως τον καιρον της επισκοπης σου 	And shall lay thee even with the ground, and thy children within thee; and they shall not leave in thee one stone upon another; because thou knewest not the time of thy visitation.
Luke	19	45			et ingressus in templum coepit eicere vendentes in illo et ementes	Et ingressus in templum, cpit ejicere vendentes in illo, et ementes,	και εισελθων εις το ιερον ηρξατο εκβαλλειν τους πωλουντας εν αυτω και αγοραζοντας 	And he went into the temple, and began to cast out them that sold therein, and them that bought;
Luke	19	46			dicens illis scriptum est quia domus mea domus orationis est vos autem fecistis illam speluncam latronum	dicens illis: Scriptum est: Quia domus mea domus orationis est: vos autem fecistis illam speluncam latronum.	λεγων αυτοις γεγραπται ο οικος μου οικος προσευχης εστιν υμεις δε αυτον εποιησατε σπηλαιον ληστων 	Saying unto them, It is written, My house is the house of prayer: but ye have made it a den of thieves.
Luke	19	47			et erat docens cotidie in templo principes autem sacerdotum et scribae et principes plebis quaerebant illum perdere	Et erat docens quotidie in templo. Principes autem sacerdotum, et scrib, et princeps plebis qurebant illum perdere:	και ην διδασκων το καθ ημεραν εν τω ιερω οι δε αρχιερεις και οι γραμματεις εζητουν αυτον απολεσαι και οι πρωτοι του λαου 	And he taught daily in the temple. But the chief priests and the scribes and the chief of the people sought to destroy him,
Luke	19	48			et non inveniebant quid facerent illi omnis enim populus suspensus erat audiens illum	et non inveniebant quid facerent illi. Omnis enim populus suspensus erat, audiens illum.	και ουχ ευρισκον το τι ποιησωσιν ο λαος γαρ απας εξεκρεματο αυτου ακουων   	And could not find what they might do: for all the people were very attentive to hear him.
Luke	20	1			et factum est in una dierum docente illo populum in templo et evangelizante convenerunt principes sacerdotum et scribae cum senioribus	Et factum est in una dierum, docente illo populum in templo, et evangelizante, convenerunt principes sacerdotum, et scrib cum senioribus,	και εγενετο εν μια των ημερων εκεινων διδασκοντος αυτου τον λαον εν τω ιερω και ευαγγελιζομενου επεστησαν οι αρχιερεις και οι γραμματεις συν τοις πρεσβυτεροις 	And it came to pass, that on one of those days, as he taught the people in the temple, and preached the gospel, the chief priests and the scribes came upon him with the elders,
Luke	20	2			et aiunt dicentes ad illum dic nobis in qua potestate haec facis aut quis est qui dedit tibi hanc potestatem	et aiunt dicentes ad illum: Dic nobis in qua potestate hc facis? aut quis est qui dedit tibi hanc potestatem?	και ειπον προς αυτον λεγοντες ειπε ημιν εν ποια εξουσια ταυτα ποιεις η τις εστιν ο δους σοι την εξουσιαν ταυτην 	And spake unto him, saying, Tell us, by what authority doest thou these things? or who is he that gave thee this authority?
Luke	20	3			respondens autem dixit ad illos interrogabo vos et ego verbum respondete mihi	Respondens autem Jesus, dixit ad illos: Interrogabo vos et ego unum verbum. Respondete mihi:	αποκριθεις δε ειπεν προς αυτους ερωτησω υμας καγω ενα λογον και ειπατε μοι 	And he answered and said unto them, I will also ask you one thing; and answer me:
Luke	20	4			baptismum Iohannis de caelo erat an ex hominibus	baptismus Joannis de clo erat, an ex hominibus?	το βαπτισμα ιωαννου εξ ουρανου ην η εξ ανθρωπων 	The baptism of John, was it from heaven, or of men?
Luke	20	5			at illi cogitabant inter se dicentes quia si dixerimus de caelo dicet quare ergo non credidistis illi	At illi cogitabant intra se, dicentes: Quia si dixerimus: De clo, dicet: Quare ergo non credidistis illi?	οι δε συνελογισαντο προς εαυτους λεγοντες οτι εαν ειπωμεν εξ ουρανου ερει δια τι ουν ουκ επιστευσατε αυτω 	And they reasoned with themselves, saying, If we shall say, From heaven; he will say, Why then believed ye him not?
Luke	20	6			si autem dixerimus ex hominibus plebs universa lapidabit nos certi sunt enim Iohannem prophetam esse	Si autem dixerimus: Ex hominibus, plebs universa lapidabit nos: certi sunt enim Joannem prophetam esse.	εαν δε ειπωμεν εξ ανθρωπων πας ο λαος καταλιθασει ημας πεπεισμενος γαρ εστιν ιωαννην προφητην ειναι 	But and if we say, Of men; all the people will stone us: for they be persuaded that John was a prophet.
Luke	20	7			et responderunt se nescire unde esset	Et responderunt se nescire unde esset.	και απεκριθησαν μη ειδεναι ποθεν 	And they answered, that they could not tell whence it was.
Luke	20	8			et Iesus ait illis neque ego dico vobis in qua potestate haec facio	Et Jesus ait illis: Neque ego dico vobis in qua potestate hc facio.	και ο ιησους ειπεν αυτοις ουδε εγω λεγω υμιν εν ποια εξουσια ταυτα ποιω 	And Jesus said unto them, Neither tell I you by what authority I do these things.
Luke	20	9			coepit autem dicere ad plebem parabolam hanc homo plantavit vineam et locavit eam colonis et ipse peregre fuit multis temporibus	Cpit autem dicere ad plebem parabolam hanc: Homo plantavit vineam, et locavit eam colonis: et ipse peregre fuit multis temporibus.	ηρξατο δε προς τον λαον λεγειν την παραβολην ταυτην ανθρωπος τις εφυτευσεν αμπελωνα και εξεδοτο αυτον γεωργοις και απεδημησεν χρονους ικανους 	Then began he to speak to the people this parable; A certain man planted a vineyard, and let it forth to husbandmen, and went into a far country for a long time.
Luke	20	10			et in tempore misit ad cultores servum ut de fructu vineae darent illi qui caesum dimiserunt eum inanem	Et in tempore misit ad cultores servum, ut de fructu vine darent illi. Qui csum dimiserunt eum inanem.	και εν καιρω απεστειλεν προς τους γεωργους δουλον ινα απο του καρπου του αμπελωνος δωσιν αυτω οι δε γεωργοι δειραντες αυτον εξαπεστειλαν κενον 	And at the season he sent a servant to the husbandmen, that they should give him of the fruit of the vineyard: but the husbandmen beat him, and sent him away empty.
Luke	20	11			et addidit alterum servum mittere illi autem hunc quoque caedentes et adficientes contumelia dimiserunt inanem	Et addidit alterum servum mittere. Illi autem hunc quoque cdentes, et afficientes contumelia, dimiserunt inanem.	και προσεθετο πεμψαι ετερον δουλον οι δε κακεινον δειραντες και ατιμασαντες εξαπεστειλαν κενον 	And again he sent another servant: and they beat him also, and entreated him shamefully, and sent him away empty.
Luke	20	12			et addidit tertium mittere qui et illum vulnerantes eiecerunt	Et addidit tertium mittere: qui et illum vulnerantes ejecerunt.	και προσεθετο πεμψαι τριτον οι δε και τουτον τραυματισαντες εξεβαλον 	And again he sent a third: and they wounded him also, and cast him out.
Luke	20	13			dixit autem dominus vineae quid faciam mittam filium meum dilectum forsitan cum hunc viderint verebuntur	Dixit autem dominus vine: Quid faciam? Mittam filium meum dilectum: forsitan, cum hunc viderint, verebuntur.	ειπεν δε ο κυριος του αμπελωνος τι ποιησω πεμψω τον υιον μου τον αγαπητον ισως τουτον ιδοντες εντραπησονται 	Then said the lord of the vineyard, What shall I do? I will send my beloved son: it may be they will reverence him when they see him.
Luke	20	14			quem cum vidissent coloni cogitaverunt inter se dicentes hic est heres occidamus illum ut nostra fiat hereditas	Quem cum vidissent coloni, cogitaverunt intra se, dicentes: Hic est hres, occidamus illum, ut nostra fiat hreditas.	ιδοντες δε αυτον οι γεωργοι διελογιζοντο προς εαυτους λεγοντες ουτος εστιν ο κληρονομος δευτε αποκτεινωμεν αυτον ινα ημων γενηται η κληρονομια 	But when the husbandmen saw him, they reasoned among themselves, saying, This is the heir: come, let us kill him, that the inheritance may be ours.
Luke	20	15			et eiectum illum extra vineam occiderunt quid ergo faciet illis dominus vineae	Et ejectum illum extra vineam, occiderunt. Quid ergo faciet illis dominus vine?	και εκβαλοντες αυτον εξω του αμπελωνος απεκτειναν τι ουν ποιησει αυτοις ο κυριος του αμπελωνος 	So they cast him out of the vineyard, and killed him. What therefore shall the lord of the vineyard do unto them?
Luke	20	16			veniet et perdet colonos istos et dabit vineam aliis quo audito dixerunt illi absit	veniet, et perdet colonos istos, et dabit vineam aliis. Quo audito, dixerunt illi: Absit.	ελευσεται και απολεσει τους γεωργους τουτους και δωσει τον αμπελωνα αλλοις ακουσαντες δε ειπον μη γενοιτο 	He shall come and destroy these husbandmen, and shall give the vineyard to others. And when they heard it, they said, God forbid.
Luke	20	17			ille autem aspiciens eos ait quid est ergo hoc quod scriptum est lapidem quem reprobaverunt aedificantes hic factus est in caput anguli	Ille autem aspiciens eos, ait: Quid est ergo hoc quod scriptum est: Lapidem quem reprobaverunt dificantes, hic factus est in caput anguli?	ο δε εμβλεψας αυτοις ειπεν τι ουν εστιν το γεγραμμενον τουτο λιθον ον απεδοκιμασαν οι οικοδομουντες ουτος εγενηθη εις κεφαλην γωνιας 	And he beheld them, and said, What is this then that is written, The stone which the builders rejected, the same is become the head of the corner?
Luke	20	18			omnis qui ceciderit supra illum lapidem conquassabitur supra quem autem ceciderit comminuet illum	Omnis qui ceciderit super illum lapidem, conquassabitur: super quem autem ceciderit, comminuet illum.	πας ο πεσων επ εκεινον τον λιθον συνθλασθησεται εφ ον δ αν πεση λικμησει αυτον 	Whosoever shall fall upon that stone shall be broken; but on whomsoever it shall fall, it will grind him to powder.
Luke	20	19			et quaerebant principes sacerdotum et scribae mittere in illum manus illa hora et timuerunt populum cognoverunt enim quod ad ipsos dixerit similitudinem istam	Et qurebant principes sacerdotum et scrib mittere in illum manus illa hora, et timuerunt populum: cognoverunt enim quod ad ipsos dixerit similitudinem hanc.	και εζητησαν οι αρχιερεις και οι γραμματεις επιβαλειν επ αυτον τας χειρας εν αυτη τη ωρα και εφοβηθησαν τον λαον εγνωσαν γαρ οτι προς αυτους την παραβολην ταυτην ειπεν 	And the chief priests and the scribes the same hour sought to lay hands on him; and they feared the people: for they perceived that he had spoken this parable against them.
Luke	20	20			et observantes miserunt insidiatores qui se iustos simularent ut caperent eum in sermone et traderent illum principatui et potestati praesidis	Et observantes miserunt insidiatores, qui se justos simularent, ut caparent eum in sermone, ut traderent illum principatui, et potestati prsidis.	και παρατηρησαντες απεστειλαν εγκαθετους υποκρινομενους εαυτους δικαιους ειναι ινα επιλαβωνται αυτου λογου εις το παραδουναι αυτον τη αρχη και τη εξουσια του ηγεμονος 	And they watched him, and sent forth spies, which should feign themselves just men, that they might take hold of his words, that so they might deliver him unto the power and authority of the governor.
Luke	20	21			et interrogaverunt illum dicentes magister scimus quia recte dicis et doces et non accipis personam sed in veritate viam Dei doces	Et interrogaverunt eum, dicentes: Magister, scimus quia recte dicis et doces: et non accipis personam, sed viam Dei in veritate doces.	και επηρωτησαν αυτον λεγοντες διδασκαλε οιδαμεν οτι ορθως λεγεις και διδασκεις και ου λαμβανεις προσωπον αλλ επ αληθειας την οδον του θεου διδασκεις 	And they asked him, saying, Master, we know that thou sayest and teachest rightly, neither acceptest thou the person of any, but teachest the way of God truly:
Luke	20	22			licet nobis dare tributum Caesari an non	Licet nobis tributum dare Csari, an non?	εξεστιν ημιν καισαρι φορον δουναι η ου 	Is it lawful for us to give tribute unto Caesar, or no?
Luke	20	23			considerans autem dolum illorum dixit ad eos quid me temptatis	Considerans autem dolum illorum, dixit ad eos: Quid me tentatis?	κατανοησας δε αυτων την πανουργιαν ειπεν προς αυτους τι με πειραζετε 	But he perceived their craftiness, and said unto them, Why tempt ye me?
Luke	20	24			ostendite mihi denarium cuius habet imaginem et inscriptionem respondentes dixerunt Caesaris	ostendite mihi denarium. Cujus habet imaginem et inscriptionem? Respondentes dixerunt ei: Csaris.	επιδειξατε μοι δηναριον τινος εχει εικονα και επιγραφην αποκριθεντες δε ειπον καισαρος 	Shew me a penny. Whose image and superscription hath it? They answered and said, Caesar's.
Luke	20	25			et ait illis reddite ergo quae Caesaris sunt Caesari et quae Dei sunt Deo	Et ait illis: Reddite ergo qu sunt Csaris, Csari: et qu sunt Dei, Deo.	ο δε ειπεν αυτοις αποδοτε τοινυν τα καισαρος καισαρι και τα του θεου τω θεω 	And he said unto them, Render therefore unto Caesar the things which be Caesar's, and unto God the things which be God's.
Luke	20	26			et non potuerunt verbum eius reprehendere coram plebe et mirati in responso eius tacuerunt	Et non potuerunt verbum ejus reprehendere coram plebe: et mirati in responso ejus, tacuerunt.	και ουκ ισχυσαν επιλαβεσθαι αυτου ρηματος εναντιον του λαου και θαυμασαντες επι τη αποκρισει αυτου εσιγησαν 	And they could not take hold of his words before the people: and they marvelled at his answer, and held their peace.
Luke	20	27			accesserunt autem quidam Sadducaeorum qui negant esse resurrectionem et interrogaverunt eum	Accesserunt autem quidam sadducorum, qui negant esse resurrectionem, et interrogaverunt eum,	προσελθοντες δε τινες των σαδδουκαιων οι αντιλεγοντες αναστασιν μη ειναι επηρωτησαν αυτον 	Then came to him certain of the Sadducees, which deny that there is any resurrection; and they asked him,
Luke	20	28			dicentes magister Moses scripsit nobis si frater alicuius mortuus fuerit habens uxorem et hic sine filiis fuerit ut accipiat eam frater eius uxorem et suscitet semen fratri suo	dicentes: Magister, Moyses scripsit nobis: Si frater alicujus mortuus fuerit habens uxorem, et hic sine liberis fuerit, ut accipiat eam frater ejus uxorem, et suscitet semen fratri suo.	λεγοντες διδασκαλε μωσης εγραψεν ημιν εαν τινος αδελφος αποθανη εχων γυναικα και ουτος ατεκνος αποθανη ινα λαβη ο αδελφος αυτου την γυναικα και εξαναστηση σπερμα τω αδελφω αυτου 	Saying, Master, Moses wrote unto us, If any man's brother die, having a wife, and he die without children, that his brother should take his wife, and raise up seed unto his brother.
Luke	20	29			septem ergo fratres erant et primus accepit uxorem et mortuus est sine filiis	Septem ergo fratres erant: et primus accepit uxorem, et mortuus est sine filiis.	επτα ουν αδελφοι ησαν και ο πρωτος λαβων γυναικα απεθανεν ατεκνος 	There were therefore seven brethren: and the first took a wife, and died without children.
Luke	20	30			et sequens accepit illam et ipse mortuus est sine filio	Et sequens accepit illam, et ipse mortuus est sine filio.	και ελαβεν ο δευτερος την γυναικα και ουτος απεθανεν ατεκνος 	And the second took her to wife, and he died childless.
Luke	20	31			et tertius accepit illam similiter et omnes septem et non reliquerunt semen et mortui sunt	Et tertius accepit illam. Similiter et omnes septem, et non reliquerunt semen, et mortui sunt.	και ο τριτος ελαβεν αυτην ωσαυτως δε και οι επτα  και  ου κατελιπον τεκνα και απεθανον 	And the third took her; and in like manner the seven also: and they left no children, and died.
Luke	20	32			novissima omnium mortua est et mulier	Novissime omnium mortua est et mulier.	υστερον δε   παντων απεθανεν και η γυνη 	Last of all the woman died also.
Luke	20	33			in resurrectione ergo cuius eorum erit uxor siquidem septem habuerunt eam uxorem	In resurrectione ergo, cujus eorum erit uxor? siquidem septem habuerunt eam uxorem.	εν τη ουν αναστασει τινος αυτων γινεται γυνη οι γαρ επτα εσχον αυτην γυναικα 	Therefore in the resurrection whose wife of them is she? for seven had her to wife.
Luke	20	34			et ait illis Iesus filii saeculi huius nubunt et traduntur ad nuptias	Et ait illis Jesus: Filii hujus sculi nubunt, et traduntur ad nuptias:	και αποκριθεις ειπεν αυτοις ο ιησους οι υιοι του αιωνος τουτου γαμουσιν και εκγαμισκονται 	And Jesus answering said unto them, The children of this world marry, and are given in marriage:
Luke	20	35			illi autem qui digni habebuntur saeculo illo et resurrectione ex mortuis neque nubunt neque ducunt uxores	illi vero qui digni habebuntur sculo illo, et resurrectione ex mortuis, neque nubent, neque ducent uxores:	οι δε καταξιωθεντες του αιωνος εκεινου τυχειν και της αναστασεως της εκ νεκρων ουτε γαμουσιν ουτε εκγαμισκονται 	But they which shall be accounted worthy to obtain that world, and the resurrection from the dead, neither marry, nor are given in marriage:
Luke	20	36			neque enim ultra mori poterunt aequales enim angelis sunt et filii sunt Dei cum sint filii resurrectionis	neque enim ultra mori potuerunt: quales enim angelis sunt, et filii sunt Dei, cum sint filii resurrectionis.	ουτε γαρ αποθανειν ετι δυνανται ισαγγελοι γαρ εισιν και υιοι εισιν του θεου της αναστασεως υιοι οντες 	Neither can they die any more: for they are equal unto the angels; and are the children of God, being the children of the resurrection.
Luke	20	37			quia vero resurgant mortui et Moses ostendit secus rubum sicut dicit Dominum Deum Abraham et Deum Isaac et Deum Iacob	Quia vero resurgant mortui, et Moyses ostendit secus rubum, sicut dicit Dominum, Deum Abraham, et Deum Isaac, et Deum Jacob.	οτι δε εγειρονται οι νεκροι και μωσης εμηνυσεν επι της βατου ως λεγει κυριον τον θεον αβρααμ και τον θεον ισαακ και τον θεον ιακωβ 	Now that the dead are raised, even Moses shewed at the bush, when he calleth the Lord the God of Abraham, and the God of Isaac, and the God of Jacob.
Luke	20	38			Deus autem non est mortuorum sed vivorum omnes enim vivunt ei	Deus autem non est mortuorum, sed vivorum: omnes enim vivunt ei.	θεος δε ουκ εστιν νεκρων αλλα ζωντων παντες γαρ αυτω ζωσιν 	For he is not a God of the dead, but of the living: for all live unto him.
Luke	20	39			respondentes autem quidam scribarum dixerunt magister bene dixisti	Respondentes autem quidam scribarum, dixerunt ei: Magister, bene dixisti.	αποκριθεντες δε τινες των γραμματεων ειπον διδασκαλε καλως ειπας 	Then certain of the scribes answering said, Master, thou hast well said.
Luke	20	40			et amplius non audebant eum quicquam interrogare	Et amplius non audebant eum quidquam interrogare.	ουκετι δε ετολμων επερωταν αυτον ουδεν 	And after that they durst not ask him any question at all.
Luke	20	41			dixit autem ad illos quomodo dicunt Christum Filium David esse	Dixit autem ad illos: Quomodo dicunt Christum filium esse David?	ειπεν δε προς αυτους πως λεγουσιν τον χριστον υιον δαβιδ ειναι 	And he said unto them, How say they that Christ is David's son?
Luke	20	42			et ipse David dicit in libro Psalmorum dixit Dominus Domino meo sede a dextris meis	et ipse David dicit in libro Psalmorum: Dixit Dominus Domino meo: sede a dextris meis,	και αυτος δαβιδ λεγει εν βιβλω ψαλμων ειπεν ο κυριος τω κυριω μου καθου εκ δεξιων μου 	And David himself saith in the book of Psalms, The Lord said unto my Lord, Sit thou on my right hand,
Luke	20	43			donec ponam inimicos tuos scabillum pedum tuorum	donec ponam inimicos tuos scabellum pedum tuorum.	εως αν θω τους εχθρους σου υποποδιον των ποδων σου 	Till I make thine enemies thy footstool.
Luke	20	44			David ergo Dominum illum vocat et quomodo filius eius est	David ergo Dominum illum vocat: et quomodo filius ejus est?	δαβιδ ουν κυριον αυτον καλει και πως υιος αυτου εστιν 	David therefore calleth him Lord, how is he then his son?
Luke	20	45			audiente autem omni populo dixit discipulis suis	Audiente autem omni populo, dixit discipulis suis:	ακουοντος δε παντος του λαου ειπεν τοις μαθηταις αυτου 	Then in the audience of all the people he said unto his disciples,
Luke	20	46			adtendite a scribis qui volunt ambulare in stolis et amant salutationes in foro et primas cathedras in synagogis et primos discubitus in conviviis	Attendite a scribis, qui volunt ambulare in stolis, et amant salutationes in foro, et primas cathedras in synagogis, et primos discubitus in conviviis,	προσεχετε απο των γραμματεων των θελοντων περιπατειν εν στολαις και φιλουντων ασπασμους εν ταις αγοραις και πρωτοκαθεδριας εν ταις συναγωγαις και πρωτοκλισιας εν τοις δειπνοις 	Beware of the scribes, which desire to walk in long robes, and love greetings in the markets, and the highest seats in the synagogues, and the chief rooms at feasts;
Luke	20	47			qui devorant domos viduarum simulantes longam orationem hii accipient damnationem maiorem	qui devorant domos viduarum, simulantes longam orationem: hi accipient damnationem majorem.	οι κατεσθιουσιν τας οικιας των χηρων και προφασει μακρα προσευχονται ουτοι ληψονται περισσοτερον κριμα   	Which devour widows' houses, and for a shew make long prayers: the same shall receive greater damnation.
Luke	21	1			respiciens autem vidit eos qui mittebant munera sua in gazofilacium divites	Respiciens autem, vidit eos qui mittebant munera sua in gazophylacium, divites.	αναβλεψας δε ειδεν τους βαλλοντας τα δωρα αυτων εις το γαζοφυλακιον πλουσιους 	And he looked up, and saw the rich men casting their gifts into the treasury.
Luke	21	2			vidit autem et quandam viduam pauperculam mittentem aera minuta duo	Vidit autem et quamdam viduam pauperculam mittentem ra minuta duo.	ειδεν δε και τινα χηραν πενιχραν βαλλουσαν εκει δυο λεπτα 	And he saw also a certain poor widow casting in thither two mites.
Luke	21	3			et dixit vere dico vobis quia vidua haec pauper plus quam omnes misit	Et dixit: Vere dico vobis, quia vidua hc pauper plus quam omnes misit.	και ειπεν αληθως λεγω υμιν οτι η χηρα η πτωχη αυτη πλειον παντων εβαλεν 	And he said, Of a truth I say unto you, that this poor widow hath cast in more than they all:
Luke	21	4			nam omnes hii ex abundanti sibi miserunt in munera Dei haec autem ex eo quod deest illi omnem victum suum quem habuit misit	Nam omnes hi ex abundanti sibi miserunt in munera Dei: hc autem ex eo quod deest illi, omnem victum suum quem habuit, misit.	απαντες γαρ ουτοι εκ του περισσευοντος αυτοις εβαλον εις τα δωρα του θεου αυτη δε εκ του υστερηματος αυτης απαντα τον βιον ον ειχεν εβαλεν 	For all these have of their abundance cast in unto the offerings of God: but she of her penury hath cast in all the living that she had.
Luke	21	5			et quibusdam dicentibus de templo quod lapidibus bonis et donis ornatum esset dixit	Et quibusdam dicentibus de templo quod bonis lapidibus et donis ornatum esset, dixit:	και τινων λεγοντων περι του ιερου οτι λιθοις καλοις και αναθημασιν κεκοσμηται ειπεν 	And as some spake of the temple, how it was adorned with goodly stones and gifts, he said,
Luke	21	6			haec quae videtis venient dies in quibus non relinquetur lapis super lapidem qui non destruatur	Hc qu videtis, venient dies in quibus non relinquetur lapis super lapidem, qui non destruatur.	ταυτα α θεωρειτε ελευσονται ημεραι εν αις ουκ αφεθησεται λιθος επι λιθω ος ου καταλυθησεται 	As for these things which ye behold, the days will come, in the which there shall not be left one stone upon another, that shall not be thrown down.
Luke	21	7			interrogaverunt autem illum dicentes praeceptor quando haec erunt et quod signum cum fieri incipient	Interrogaverunt autem illum, dicentes: Prceptor, quando hc erunt, et quod signum cum fieri incipient?	επηρωτησαν δε αυτον λεγοντες διδασκαλε ποτε ουν ταυτα εσται και τι το σημειον οταν μελλη ταυτα γινεσθαι 	And they asked him, saying, Master, but when shall these things be? and what sign will there be when these things shall come to pass?
Luke	21	8			qui dixit videte ne seducamini multi enim venient in nomine meo dicentes quia ego sum et tempus adpropinquavit nolite ergo ire post illos	Qui dixit: Videte ne seducamini: multi enim venient in nomine meo, dicentes quia ego sum: et tempus appropinquavit: nolite ergo ire post eos.	ο δε ειπεν βλεπετε μη πλανηθητε πολλοι γαρ ελευσονται επι τω ονοματι μου λεγοντες οτι εγω ειμι και ο καιρος ηγγικεν μη ουν πορευθητε οπισω αυτων 	And he said, Take heed that ye be not deceived: for many shall come in my name, saying, I am Christ; and the time draweth near: go ye not therefore after them.
Luke	21	9			cum autem audieritis proelia et seditiones nolite terreri oportet primum haec fieri sed non statim finis	Cum autem audieritis prlia et seditiones, nolite terreri: oportet primum hc fieri, sed nondum statim finis.	οταν δε ακουσητε πολεμους και ακαταστασιας μη πτοηθητε δει γαρ ταυτα γενεσθαι πρωτον αλλ ουκ ευθεως το τελος 	But when ye shall hear of wars and commotions, be not terrified: for these things must first come to pass; but the end is not by and by.
Luke	21	10			tunc dicebat illis surget gens contra gentem et regnum adversus regnum	Tunc dicebat illis: Surget gens contra gentem, et regnum adversus regnum.	τοτε ελεγεν αυτοις εγερθησεται εθνος επι εθνος και βασιλεια επι βασιλειαν 	Then said he unto them, Nation shall rise against nation, and kingdom against kingdom:
Luke	21	11			terraemotus magni erunt per loca et pestilentiae et fames terroresque de caelo et signa magna erunt	Et terrmotus magni erunt per loca, et pestilenti, et fames, terroresque de clo, et signa magna erunt.	σεισμοι τε μεγαλοι κατα τοπους και λιμοι και λοιμοι εσονται φοβητρα τε και σημεια απ ουρανου μεγαλα εσται 	And great earthquakes shall be in divers places, and famines, and pestilences; and fearful sights and great signs shall there be from heaven.
Luke	21	12			sed ante haec omnia inicient vobis manus suas et persequentur tradentes in synagogas et custodias trahentes ad reges et praesides propter nomen meum	Sed ante hc omnia injicient vobis manus suas, et persequentur tradentes in synagogas et custodias, trahentes ad reges et prsides propter nomen meum:	προ δε τουτων απαντων επιβαλουσιν εφ υμας τας χειρας αυτων και διωξουσιν παραδιδοντες εις συναγωγας και φυλακας αγομενους επι βασιλεις και ηγεμονας ενεκεν του ονοματος μου 	But before all these, they shall lay their hands on you, and persecute you, delivering you up to the synagogues, and into prisons, being brought before kings and rulers for my name's sake.
Luke	21	13			continget autem vobis in testimonium	continget autem vobis in testimonium.	αποβησεται δε υμιν εις μαρτυριον 	And it shall turn to you for a testimony.
Luke	21	14			ponite ergo in cordibus vestris non praemeditari quemadmodum respondeatis	Ponite ergo in cordibus vestris non prmeditari quemadmodum respondeatis:	θεσθε ουν εις τας καρδιας υμων μη προμελεταν απολογηθηναι 	Settle it therefore in your hearts, not to meditate before what ye shall answer:
Luke	21	15			ego enim dabo vobis os et sapientiam cui non poterunt resistere et contradicere omnes adversarii vestri	ego enim dabo vobis os et sapientiam, cui non poterunt resistere et contradicere omnes adversarii vestri.	εγω γαρ δωσω υμιν στομα και σοφιαν η ου δυνησονται αντειπειν ουδε αντιστηναι παντες οι αντικειμενοι υμιν 	For I will give you a mouth and wisdom, which all your adversaries shall not be able to gainsay nor resist.
Luke	21	16			trademini autem a parentibus et fratribus et cognatis et amicis et morte adficient ex vobis	Trademini autem a parentibus, et fratribus, et cognatis, et amicis, et morte afficient ex vobis:	παραδοθησεσθε δε και υπο γονεων και αδελφων και συγγενων και φιλων και θανατωσουσιν εξ υμων 	And ye shall be betrayed both by parents, and brethren, and kinsfolks, and friends; and some of you shall they cause to be put to death.
Luke	21	17			et eritis odio omnibus propter nomen meum	et eritis odio omnibus propter nomen meum:	και εσεσθε μισουμενοι υπο παντων δια το ονομα μου 	And ye shall be hated of all men for my name's sake.
Luke	21	18			et capillus de capite vestro non peribit	et capillus de capite vestro non peribit.	και θριξ εκ της κεφαλης υμων ου μη αποληται 	But there shall not an hair of your head perish.
Luke	21	19			in patientia vestra possidebitis animas vestras	In patientia vestra possidebitis animas vestras.	εν τη υπομονη υμων κτησασθε τας ψυχας υμων 	In your patience possess ye your souls.
Luke	21	20			cum autem videritis circumdari ab exercitu Hierusalem tunc scitote quia adpropinquavit desolatio eius	Cum autem videritis circumdari ab exercitu Jerusalem, tunc scitote quia appropinquavit desolatio ejus:	οταν δε ιδητε κυκλουμενην υπο στρατοπεδων την ιερουσαλημ τοτε γνωτε οτι ηγγικεν η ερημωσις αυτης 	And when ye shall see Jerusalem compassed with armies, then know that the desolation thereof is nigh.
Luke	21	21			tunc qui in Iudaea sunt fugiant in montes et qui in medio eius discedant et qui in regionibus non intrent in eam	tunc qui in Juda sunt, fugiant ad montes, et qui in medio ejus, discedant: et qui in regionibus, non intrent in eam,	τοτε οι εν τη ιουδαια φευγετωσαν εις τα ορη και οι εν μεσω αυτης εκχωρειτωσαν και οι εν ταις χωραις μη εισερχεσθωσαν εις αυτην 	Then let them which are in Judaea flee to the mountains; and let them which are in the midst of it depart out; and let not them that are in the countries enter thereinto.
Luke	21	22			quia dies ultionis hii sunt ut impleantur omnia quae scripta sunt	quia dies ultionis hi sunt, ut impleantur omnia qu scripta sunt.	οτι ημεραι εκδικησεως αυται εισιν του πληρωθηναι παντα τα γεγραμμενα 	For these be the days of vengeance, that all things which are written may be fulfilled.
Luke	21	23			vae autem praegnatibus et nutrientibus in illis diebus erit enim pressura magna supra terram et ira populo huic	V autem prgnantibus et nutrientibus in illis diebus! erit enim pressura magna super terram, et ira populo huic.	ουαι δε ταις εν γαστρι εχουσαις και ταις θηλαζουσαις εν εκειναις ταις ημεραις εσται γαρ αναγκη μεγαλη επι της γης και οργη εν τω λαω τουτω 	But woe unto them that are with child, and to them that give suck, in those days! for there shall be great distress in the land, and wrath upon this people.
Luke	21	24			et cadent in ore gladii et captivi ducentur in omnes gentes et Hierusalem calcabitur a gentibus donec impleantur tempora nationum	Et cadent in ore gladii, et captivi ducentur in omnes gentes, et Jerusalem calcabitur a gentibus, donec impleantur tempora nationum.	και πεσουνται στοματι μαχαιρας και αιχμαλωτισθησονται εις παντα τα εθνη και ιερουσαλημ εσται πατουμενη υπο εθνων αχρι πληρωθωσιν καιροι εθνων 	And they shall fall by the edge of the sword, and shall be led away captive into all nations: and Jerusalem shall be trodden down of the Gentiles, until the times of the Gentiles be fulfilled.
Luke	21	25			et erunt signa in sole et luna et stellis et in terris pressura gentium prae confusione sonitus maris et fluctuum	Et erunt signa in sole, et luna, et stellis, et in terris pressura gentium pr confusione sonitus maris, et fluctuum:	και εσται σημεια εν ηλιω και σεληνη και αστροις και επι της γης συνοχη εθνων εν απορια ηχουσης θαλασσης και σαλου 	And there shall be signs in the sun, and in the moon, and in the stars; and upon the earth distress of nations, with perplexity; the sea and the waves roaring;
Luke	21	26			arescentibus hominibus prae timore et expectatione quae supervenient universo orbi nam virtutes caelorum movebuntur	arescentibus hominibus pr timore, et exspectatione, qu supervenient universo orbi: nam virtutes clorum movebuntur:	αποψυχοντων ανθρωπων απο φοβου και προσδοκιας των επερχομενων τη οικουμενη αι γαρ δυναμεις των ουρανων σαλευθησονται 	Men's hearts failing them for fear, and for looking after those things which are coming on the earth: for the powers of heaven shall be shaken.
Luke	21	27			et tunc videbunt Filium hominis venientem in nube cum potestate magna et maiestate	et tunc videbunt Filium hominis venientem in nube cum potestate magna et majestate.	και τοτε οψονται τον υιον του ανθρωπου ερχομενον εν νεφελη μετα δυναμεως και δοξης πολλης 	And then shall they see the Son of man coming in a cloud with power and great glory.
Luke	21	28			his autem fieri incipientibus respicite et levate capita vestra quoniam adpropinquat redemptio vestra	His autem fieri incipientibus, respicite, et levate capita vestra: quoniam appropinquat redemptio vestra.	αρχομενων δε τουτων γινεσθαι ανακυψατε και επαρατε τας κεφαλας υμων διοτι εγγιζει η απολυτρωσις υμων 	And when these things begin to come to pass, then look up, and lift up your heads; for your redemption draweth nigh.
Luke	21	29			et dixit illis similitudinem videte ficulneam et omnes arbores	Et dixit illis similitudinem: Videte ficulneam, et omnes arbores:	και ειπεν παραβολην αυτοις ιδετε την συκην και παντα τα δενδρα 	And he spake to them a parable; Behold the fig tree, and all the trees;
Luke	21	30			cum producunt iam ex se fructum scitis quoniam prope est aestas	cum producunt jam ex se fructum, scitis quoniam prope est stas.	οταν προβαλωσιν ηδη βλεποντες αφ εαυτων γινωσκετε οτι ηδη εγγυς το θερος εστιν 	When they now shoot forth, ye see and know of your own selves that summer is now nigh at hand.
Luke	21	31			ita et vos cum videritis haec fieri scitote quoniam prope est regnum Dei	Ita et vos cum videritis hc fieri, scitote quoniam prope est regnum Dei.	ουτως και υμεις οταν ιδητε ταυτα γινομενα γινωσκετε οτι εγγυς εστιν η βασιλεια του θεου 	So likewise ye, when ye see these things come to pass, know ye that the kingdom of God is nigh at hand.
Luke	21	32			amen dico vobis quia non praeteribit generatio haec donec omnia fiant	Amen dico vobis, quia non prteribit generatio hc, donec omnia fiant.	αμην λεγω υμιν οτι ου μη παρελθη η γενεα αυτη εως αν παντα γενηται 	Verily I say unto you, This generation shall not pass away, till all be fulfilled.
Luke	21	33			caelum et terra transibunt verba autem mea non transient	Clum et terra transibunt: verba autem mea non transibunt.	ο ουρανος και η γη παρελευσονται οι δε λογοι μου ου μη παρελθωσιν 	Heaven and earth shall pass away: but my words shall not pass away.
Luke	21	34			adtendite autem vobis ne forte graventur corda vestra in crapula et ebrietate et curis huius vitae et superveniat in vos repentina dies illa	Attendite autem vobis, ne forte graventur corda vestra in crapula, et ebrietate, et curis hujus vit, et superveniat in vos repentina dies illa:	προσεχετε δε εαυτοις μηποτε βαρυνθωσιν υμων αι καρδιαι εν κραιπαλη και μεθη και μεριμναις βιωτικαις και αιφνιδιος εφ υμας επιστη η ημερα εκεινη 	And take heed to yourselves, lest at any time your hearts be overcharged with surfeiting, and drunkenness, and cares of this life, and so that day come upon you unawares.
Luke	21	35			tamquam laqueus enim superveniet in omnes qui sedent super faciem omnis terrae	tamquam laqueus enim superveniet in omnes qui sedent super faciem omnis terr.	ως παγις γαρ επελευσεται επι παντας τους καθημενους επι προσωπον πασης της γης 	For as a snare shall it come on all them that dwell on the face of the whole earth.
Luke	21	36			vigilate itaque omni tempore orantes ut digni habeamini fugere ista omnia quae futura sunt et stare ante Filium hominis	Vigilate itaque, omni tempore orantes, ut digni habeamini fugere ista omnia qu futura sunt, et stare ante Filium hominis.	αγρυπνειτε ουν εν παντι καιρω δεομενοι ινα καταξιωθητε εκφυγειν ταυτα παντα τα μελλοντα γινεσθαι και σταθηναι εμπροσθεν του υιου του ανθρωπου 	Watch ye therefore, and pray always, that ye may be accounted worthy to escape all these things that shall come to pass, and to stand before the Son of man.
Luke	21	37			erat autem diebus docens in templo noctibus vero exiens morabatur in monte qui vocatur Oliveti	Erat autem diebus docens in templo: noctibus vero exiens, morabatur in monte qui vocatur Oliveti.	ην δε τας ημερας εν τω ιερω διδασκων τας δε νυκτας εξερχομενος ηυλιζετο εις το ορος το καλουμενον ελαιων 	And in the day time he was teaching in the temple; and at night he went out, and abode in the mount that is called the mount of Olives.
Luke	21	38			et omnis populus manicabat ad eum in templo audire eum	Et omnis populus manicabat ad eum in templo audire eum.	και πας ο λαος ωρθριζεν προς αυτον εν τω ιερω ακουειν αυτου   	And all the people came early in the morning to him in the temple, for to hear him.
Luke	22	1			adpropinquabat autem dies festus azymorum qui dicitur pascha	Appropinquat autem dies festus azymorum, qui dicitur Pascha:	ηγγιζεν δε η εορτη των αζυμων η λεγομενη πασχα 	Now the feast of unleavened bread drew nigh, which is called the Passover.
Luke	22	2			et quaerebant principes sacerdotum et scribae quomodo eum interficerent timebant vero plebem	et qurebant principes sacerdotum, et scrib, quomodo Jesum interficerent: timebant vero plebem.	και εζητουν οι αρχιερεις και οι γραμματεις το πως ανελωσιν αυτον εφοβουντο γαρ τον λαον 	And the chief priests and scribes sought how they might kill him; for they feared the people.
Luke	22	3			intravit autem Satanas in Iudam qui cognominatur Scarioth unum de duodecim	Intravit autem Satanas in Judam, qui cognominabatur Iscariotes, unum de duodecim:	εισηλθεν δε ο σατανας εις ιουδαν τον επικαλουμενον ισκαριωτην οντα εκ του αριθμου των δωδεκα 	Then entered Satan into Judas surnamed Iscariot, being of the number of the twelve.
Luke	22	4			et abiit et locutus est cum principibus sacerdotum et magistratibus quemadmodum illum traderet eis	et abiit, et locutus est cum principibus sacerdotum, et magistratibus, quemadmodum illum traderet eis.	και απελθων συνελαλησεν τοις αρχιερευσιν και τοις στρατηγοις το πως αυτον παραδω αυτοις 	And he went his way, and communed with the chief priests and captains, how he might betray him unto them.
Luke	22	5			et gavisi sunt et pacti sunt pecuniam illi dare	Et gavisi sunt, et pacti sunt pecuniam illi dare.	και εχαρησαν και συνεθεντο αυτω αργυριον δουναι 	And they were glad, and covenanted to give him money.
Luke	22	6			et spopondit et quaerebat oportunitatem ut traderet illum sine turbis	Et spopondit, et qurebat opportunitatem ut traderet illum sine turbis.	και εξωμολογησεν και εζητει ευκαιριαν του παραδουναι αυτον αυτοις ατερ οχλου 	And he promised, and sought opportunity to betray him unto them in the absence of the multitude.
Luke	22	7			venit autem dies azymorum in qua necesse erat occidi pascha	Venit autem dies azymorum, in qua necesse erat occidi pascha.	ηλθεν δε η ημερα των αζυμων εν η εδει θυεσθαι το πασχα 	Then came the day of unleavened bread, when the passover must be killed.
Luke	22	8			et misit Petrum et Iohannem dicens euntes parate nobis pascha ut manducemus	Et misit Petrum et Joannem, dicens: Euntes parate nobis pascha, ut manducemus.	και απεστειλεν πετρον και ιωαννην ειπων πορευθεντες ετοιμασατε ημιν το πασχα ινα φαγωμεν 	And he sent Peter and John, saying, Go and prepare us the passover, that we may eat.
Luke	22	9			at illi dixerunt ubi vis paremus	At illi dixerunt: Ubi vis paremus?	οι δε ειπον αυτω που θελεις ετοιμασωμεν 	And they said unto him, Where wilt thou that we prepare?
Luke	22	10			et dixit ad eos ecce introeuntibus vobis in civitatem occurret vobis homo amphoram aquae portans sequimini eum in domum in qua intrat	Et dixit ad eos: Ecce intrountibus vobis in civitatem occurret vobis homo quidam amphoram aqu portans: sequimini eum in domum, in quam intrat,	ο δε ειπεν αυτοις ιδου εισελθοντων υμων εις την πολιν συναντησει υμιν ανθρωπος κεραμιον υδατος βασταζων ακολουθησατε αυτω εις την οικιαν ου εισπορευεται 	And he said unto them, Behold, when ye are entered into the city, there shall a man meet you, bearing a pitcher of water; follow him into the house where he entereth in.
Luke	22	11			et dicetis patri familias domus dicit tibi magister ubi est diversorium ubi pascha cum discipulis meis manducem	et dicetis patrifamilias domus: Dicit tibi Magister: Ubi est diversorium, ubi pascha cum discipulis meis manducem?	και ερειτε τω οικοδεσποτη της οικιας λεγει σοι ο διδασκαλος που εστιν το καταλυμα οπου το πασχα μετα των μαθητων μου φαγω 	And ye shall say unto the goodman of the house, The Master saith unto thee, Where is the guestchamber, where I shall eat the passover with my disciples?
Luke	22	12			et ipse vobis ostendet cenaculum magnum stratum et ibi parate	Et ipse ostendet vobis cnaculum magnum stratum, et ibi parate.	κακεινος υμιν δειξει ανωγεον μεγα εστρωμενον εκει ετοιμασατε 	And he shall shew you a large upper room furnished: there make ready.
Luke	22	13			euntes autem invenerunt sicut dixit illis et paraverunt pascha	Euntes autem invenerunt sicut dixit illis, et paraverunt pascha.	απελθοντες δε ευρον καθως ειρηκεν αυτοις και ητοιμασαν το πασχα 	And they went, and found as he had said unto them: and they made ready the passover.
Luke	22	14			et cum facta esset hora discubuit et duodecim apostoli cum eo	Et cum facta esset hora, discubuit, et duodecim apostoli cum eo.	και οτε εγενετο η ωρα ανεπεσεν και οι δωδεκα αποστολοι συν αυτω 	And when the hour was come, he sat down, and the twelve apostles with him.
Luke	22	15			et ait illis desiderio desideravi hoc pascha manducare vobiscum antequam patiar	Et ait illis: Desiderio desideravi hoc pascha manducare vobiscum, antequam patiar.	και ειπεν προς αυτους επιθυμια επεθυμησα τουτο το πασχα φαγειν μεθ υμων προ του με παθειν 	And he said unto them, With desire I have desired to eat this passover with you before I suffer:
Luke	22	16			dico enim vobis quia ex hoc non manducabo illud donec impleatur in regno Dei	Dico enim vobis, quia ex hoc non manducabo illud, donec impleatur in regno Dei.	λεγω γαρ υμιν οτι ουκετι ου μη φαγω εξ αυτου εως οτου πληρωθη εν τη βασιλεια του θεου 	For I say unto you, I will not any more eat thereof, until it be fulfilled in the kingdom of God.
Luke	22	17			et accepto calice gratias egit et dixit accipite et dividite inter vos	Et accepto calice gratias egit, et dixit: Accipite, et dividite inter vos.	και δεξαμενος ποτηριον ευχαριστησας ειπεν λαβετε τουτο και διαμερισατε εαυτοις 	And he took the cup, and gave thanks, and said, Take this, and divide it among yourselves:
Luke	22	18			dico enim vobis quod non bibam de generatione vitis donec regnum Dei veniat	Dico enim vobis quod non bibam de generatione vitis donec regnum Dei veniat.	λεγω γαρ υμιν οτι ου μη πιω απο του γεννηματος της αμπελου εως οτου η βασιλεια του θεου ελθη 	For I say unto you, I will not drink of the fruit of the vine, until the kingdom of God shall come.
Luke	22	19			et accepto pane gratias egit et fregit et dedit eis dicens hoc est corpus meum quod pro vobis datur hoc facite in meam commemorationem	Et accepto pane gratias egit, et fregit, et dedit eis, dicens: Hoc est corpus meum, quod pro vobis datur: hoc facite in meam commemorationem.	και λαβων αρτον ευχαριστησας εκλασεν και εδωκεν αυτοις λεγων τουτο εστιν το σωμα μου το υπερ υμων διδομενον τουτο ποιειτε εις την εμην αναμνησιν 	And he took bread, and gave thanks, and brake it, and gave unto them, saying, This is my body which is given for you: this do in remembrance of me.
Luke	22	20			similiter et calicem postquam cenavit dicens hic est calix novum testamentum in sanguine meo quod pro vobis funditur	Similiter et calicem, postquam cnavit, dicens: Hic est calix novum testamentum in sanguine meo, qui pro vobis fundetur.	ωσαυτως και το ποτηριον μετα το δειπνησαι λεγων τουτο το ποτηριον η καινη διαθηκη εν τω αιματι μου το υπερ υμων εκχυνομενον 	Likewise also the cup after supper, saying, This cup is the new testament in my blood, which is shed for you.
Luke	22	21			verumtamen ecce manus tradentis me mecum est in mensa	Verumtamen ecce manus tradentis me, mecum est in mensa.	πλην ιδου η χειρ του παραδιδοντος με μετ εμου επι της τραπεζης 	But, behold, the hand of him that betrayeth me is with me on the table.
Luke	22	22			et quidem Filius hominis secundum quod definitum est vadit verumtamen vae illi homini per quem traditur	Et quidem Filius hominis, secundum quod definitum est, vadit: verumtamen v homini illi per quem tradetur.	και ο μεν υιος του ανθρωπου πορευεται κατα το ωρισμενον πλην ουαι τω ανθρωπω εκεινω δι ου παραδιδοται 	And truly the Son of man goeth, as it was determined: but woe unto that man by whom he is betrayed!
Luke	22	23			et ipsi coeperunt quaerere inter se quis esset ex eis qui hoc facturus esset	Et ipsi cperunt qurere inter se quis esset ex eis qui hoc facturus esset.	και αυτοι ηρξαντο συζητειν προς εαυτους το τις αρα ειη εξ αυτων ο τουτο μελλων πρασσειν 	And they began to enquire among themselves, which of them it was that should do this thing.
Luke	22	24			facta est autem et contentio inter eos quis eorum videretur esse maior	Facta est autem et contentio inter eos, quis eorum videretur esse major.	εγενετο δε και φιλονεικια εν αυτοις το τις αυτων δοκει ειναι μειζων 	And there was also a strife among them, which of them should be accounted the greatest.
Luke	22	25			dixit autem eis reges gentium dominantur eorum et qui potestatem habent super eos benefici vocantur	Dixit autem eis: Reges gentium dominantur eorum: et qui potestatem habent super eos, benefici vocantur.	ο δε ειπεν αυτοις οι βασιλεις των εθνων κυριευουσιν αυτων και οι εξουσιαζοντες αυτων ευεργεται καλουνται 	And he said unto them, The kings of the Gentiles exercise lordship over them; and they that exercise authority upon them are called benefactors.
Luke	22	26			vos autem non sic sed qui maior est in vobis fiat sicut iunior et qui praecessor est sicut ministrator	Vos autem non sic: sed qui major est in vobis, fiat sicut minor: et qui prcessor est, sicut ministrator.	υμεις δε ουχ ουτως αλλ ο μειζων εν υμιν γενεσθω ως ο νεωτερος και ο ηγουμενος ως ο διακονων 	But ye shall not be so: but he that is greatest among you, let him be as the younger; and he that is chief, as he that doth serve.
Luke	22	27			nam quis maior est qui recumbit an qui ministrat nonne qui recumbit ego autem in medio vestrum sum sicut qui ministrat	Nam quis major est, qui recumbit, an qui ministrat? nonne qui recumbit? Ego autem in medio vestrum sum, sicut qui ministrat:	τις γαρ μειζων ο ανακειμενος η ο διακονων ουχι ο ανακειμενος εγω δε ειμι εν μεσω υμων ως ο διακονων 	For whether is greater, he that sitteth at meat, or he that serveth? is not he that sitteth at meat? but I am among you as he that serveth.
Luke	22	28			vos autem estis qui permansistis mecum in temptationibus meis	vos autem estis, qui permansistis mecum in tentationibus meis.	υμεις δε εστε οι διαμεμενηκοτες μετ εμου εν τοις πειρασμοις μου 	Ye are they which have continued with me in my temptations.
Luke	22	29			et ego dispono vobis sicut disposuit mihi Pater meus regnum	Et ego dispono vobis sicut disposuit mihi Pater meus regnum,	καγω διατιθεμαι υμιν καθως διεθετο μοι ο πατηρ μου βασιλειαν 	And I appoint unto you a kingdom, as my Father hath appointed unto me;
Luke	22	30			ut edatis et bibatis super mensam meam in regno et sedeatis super thronos iudicantes duodecim tribus Israhel	ut edatis et bibatis super mensam meam in regno meo, et sedeatis super thronos judicantes duodecim tribus Isral.	ινα εσθιητε και πινητε επι της τραπεζης μου εν τη βασιλεια μου και καθισησθε επι θρονων κρινοντες τας δωδεκα φυλας του ισραηλ 	That ye may eat and drink at my table in my kingdom, and sit on thrones judging the twelve tribes of Israel.
Luke	22	31			ait autem Dominus Simon Simon ecce Satanas expetivit vos ut cribraret sicut triticum	Ait autem Dominus: Simon, Simon, ecce Satanas expetivit vos ut cribraret sicut triticum:	ειπεν δε ο κυριος σιμων σιμων ιδου ο σατανας εξητησατο υμας του σινιασαι ως τον σιτον 	And the Lord said, Simon, Simon, behold, Satan hath desired to have you, that he may sift you as wheat:
Luke	22	32			ego autem rogavi pro te ut non deficiat fides tua et tu aliquando conversus confirma fratres tuos	ego autem rogavi pro te ut non deficiat fides tua: et tu aliquando conversus, confirma fratres tuos.	εγω δε εδεηθην περι σου ινα μη εκλειπη η πιστις σου και συ ποτε επιστρεψας στηριξον τους αδελφους σου 	But I have prayed for thee, that thy faith fail not: and when thou art converted, strengthen thy brethren.
Luke	22	33			qui dixit ei Domine tecum paratus sum et in carcerem et in mortem ire	Qui dixit ei: Domine, tecum paratus sum et in carcerem et in mortem ire.	ο δε ειπεν αυτω κυριε μετα σου ετοιμος ειμι και εις φυλακην και εις θανατον πορευεσθαι 	And he said unto him, Lord, I am ready to go with thee, both into prison, and to death.
Luke	22	34			et ille dixit dico tibi Petre non cantabit hodie gallus donec ter abneges nosse me	At ille dixit: Dico tibi, Petre, non cantabit hodie gallus, donec ter abneges nosse me. Et dixit eis:	ο δε ειπεν λεγω σοι πετρε ου μη φωνησει σημερον αλεκτωρ πριν η τρις απαρνηση μη ειδεναι με 	And he said, I tell thee, Peter, the cock shall not crow this day, before that thou shalt thrice deny that thou knowest me.
Luke	22	35			et dixit eis quando misi vos sine sacculo et pera et calciamentis numquid aliquid defuit vobis at illi dixerunt nihil	Quando misi vos sine sacculo, et pera, et calceamentis, numquid aliquid defuit vobis?	και ειπεν αυτοις οτε απεστειλα υμας ατερ βαλαντιου και πηρας και υποδηματων μη τινος υστερησατε οι δε ειπον ουδενος 	And he said unto them, When I sent you without purse, and scrip, and shoes, lacked ye any thing? And they said, Nothing.
Luke	22	36			dixit ergo eis sed nunc qui habet sacculum tollat similiter et peram et qui non habet vendat tunicam suam et emat gladium	At illi dixerunt: Nihil. Dixit ergo eis: Sed nunc qui habet sacculum, tollat; similiter et peram: et qui non habet, vendat tunicam suam et emat gladium.	ειπεν ουν αυτοις αλλα νυν ο εχων βαλαντιον αρατω ομοιως και πηραν και ο μη εχων πωλησατω το ιματιον αυτου και αγορασατω μαχαιραν 	Then said he unto them, But now, he that hath a purse, let him take it, and likewise his scrip: and he that hath no sword, let him sell his garment, and buy one.
Luke	22	37			dico enim vobis quoniam adhuc hoc quod scriptum est oportet impleri in me et quod cum iniustis deputatus est etenim ea quae sunt de me finem habent	Dico enim vobis, quoniam adhuc hoc quod scriptum est, oportet impleri in me: Et cum iniquis deputatus est. Etenim ea qu sunt de me finem habent.	λεγω γαρ υμιν οτι ετι τουτο το γεγραμμενον δει τελεσθηναι εν εμοι το και μετα ανομων ελογισθη και γαρ τα περι εμου τελος εχει 	For I say unto you, that this that is written must yet be accomplished in me, And he was reckoned among the transgressors: for the things concerning me have an end.
Luke	22	38			at illi dixerunt Domine ecce gladii duo hic at ille dixit eis satis est	At illi dixerunt: Domine, ecce duo gladii hic. At ille dixit eis: Satis est.	οι δε ειπον κυριε ιδου μαχαιραι ωδε δυο ο δε ειπεν αυτοις ικανον εστιν 	And they said, Lord, behold, here are two swords. And he said unto them, It is enough.
Luke	22	39			et egressus ibat secundum consuetudinem in montem Olivarum secuti sunt autem illum et discipuli	Et egressus ibat secundum consuetudinem in monte Olivarum. Secuti sunt autem illum et discipuli.	και εξελθων επορευθη κατα το εθος εις το ορος των ελαιων ηκολουθησαν δε αυτω και οι μαθηται αυτου 	And he came out, and went, as he was wont, to the mount of Olives; and his disciples also followed him.
Luke	22	40			et cum pervenisset ad locum dixit illis orate ne intretis in temptationem	Et cum pervenisset ad locum, dixit illis: Orate ne intretis in tentationem.	γενομενος δε επι του τοπου ειπεν αυτοις προσευχεσθε μη εισελθειν εις πειρασμον 	And when he was at the place, he said unto them, Pray that ye enter not into temptation.
Luke	22	41			et ipse avulsus est ab eis quantum iactus est lapidis et positis genibus orabat	Et ipse avulsus est ab eis quantum jactus est lapidis: et positis genibus orabat,	και αυτος απεσπασθη απ αυτων ωσει λιθου βολην και θεις τα γονατα προσηυχετο 	And he was withdrawn from them about a stone's cast, and kneeled down, and prayed,
Luke	22	42			dicens Pater si vis transfer calicem istum a me verumtamen non mea voluntas sed tua fiat	dicens: Pater, si vis, transfer calicem istum a me: verumtamen non mea voluntas, sed tua fiat.	λεγων πατερ ει βουλει παρενεγκειν  παρενεγκε  το ποτηριον τουτο απ εμου πλην μη το θελημα μου αλλα το σον γενεσθω 	Saying, Father, if thou be willing, remove this cup from me: nevertheless not my will, but thine, be done.
Luke	22	43			apparuit autem illi angelus de caelo confortans eum et factus in agonia prolixius orabat	Apparuit autem illi angelus de clo, confortans eum. Et factus in agonia, prolixius orabat.	ωφθη δε αυτω αγγελος απ ουρανου ενισχυων αυτον 	And there appeared an angel unto him from heaven, strengthening him.
Luke	22	44			et factus est sudor eius sicut guttae sanguinis decurrentis in terram	Et factus est sudor ejus sicut gutt sanguinis decurrentis in terram.	και γενομενος εν αγωνια εκτενεστερον προσηυχετο εγενετο δε ο ιδρως αυτου ωσει θρομβοι αιματος καταβαινοντες επι την γην 	And being in an agony he prayed more earnestly: and his sweat was as it were great drops of blood falling down to the ground.
Luke	22	45			et cum surrexisset ab oratione et venisset ad discipulos suos invenit eos dormientes prae tristitia	Et cum surrexisset ab oratione et venisset ad discipulos suos, invenit eos dormientes pr tristitia.	και αναστας απο της προσευχης ελθων προς τους μαθητας  αυτου  ευρεν αυτους κοιμωμενους απο της λυπης 	And when he rose up from prayer, and was come to his disciples, he found them sleeping for sorrow,
Luke	22	46			et ait illis quid dormitis surgite orate ne intretis in temptationem	Et ait illis: Quid dormitis? surgite, orate, ne intretis in tentationem.	και ειπεν αυτοις τι καθευδετε ανασταντες προσευχεσθε ινα μη εισελθητε εις πειρασμον 	And said unto them, Why sleep ye? rise and pray, lest ye enter into temptation.
Luke	22	47			adhuc eo loquente ecce turba et qui vocabatur Iudas unus de duodecim antecedebat eos et adpropinquavit Iesu ut oscularetur eum	Adhuc eo loquente, ecce turba: et qui vocabatur Judas, unus de duodecim, antecedebat eos, et appropinquavit Jesu ut oscularetur eum.	ετι δε αυτου λαλουντος ιδου οχλος και ο λεγομενος ιουδας εις των δωδεκα προηρχετο αυτων και ηγγισεν τω ιησου φιλησαι αυτον 	And while he yet spake, behold a multitude, and he that was called Judas, one of the twelve, went before them, and drew near unto Jesus to kiss him.
Luke	22	48			Iesus autem dixit ei Iuda osculo Filium hominis tradis	Jesus autem dixit illi: Juda, osculo Filium hominis tradis?	ο δε ιησους ειπεν αυτω ιουδα φιληματι τον υιον του ανθρωπου παραδιδως 	But Jesus said unto him, Judas, betrayest thou the Son of man with a kiss?
Luke	22	49			videntes autem hii qui circa ipsum erant quod futurum erat dixerunt ei Domine si percutimus in gladio	Videntes autem hi qui circa ipsum erant, quod futurum erat, dixerunt ei: Domine, si percutimus in gladio?	ιδοντες δε οι περι αυτον το εσομενον ειπον αυτω κυριε ει παταξομεν εν μαχαιρα 	When they which were about him saw what would follow, they said unto him, Lord, shall we smite with the sword?
Luke	22	50			et percussit unus ex illis servum principis sacerdotum et amputavit auriculam eius dextram	Et percussit unus ex illis servum principis sacerdotum, et amputavit auriculam ejus dexteram.	και επαταξεν εις τις εξ αυτων τον δουλον του αρχιερεως και αφειλεν αυτου το ους το δεξιον 	And one of them smote the servant of the high priest, and cut off his right ear.
Luke	22	51			respondens autem Iesus ait sinite usque huc et cum tetigisset auriculam eius sanavit eum	Respondens autem Jesus, ait: Sinite usque huc. Et cum tetigisset auriculam ejus, sanavit eum.	αποκριθεις δε ο ιησους ειπεν εατε εως τουτου και αψαμενος του ωτιου αυτου ιασατο αυτον 	And Jesus answered and said, Suffer ye thus far. And he touched his ear, and healed him.
Luke	22	52			dixit autem Iesus ad eos qui venerant ad se principes sacerdotum et magistratus templi et seniores quasi ad latronem existis cum gladiis et fustibus	Dixit autem Jesus ad eos qui venerant ad se principes sacerdotum, et magistratus templi, et seniores: Quasi ad latronem existis cum gladiis et fustibus?	ειπεν δε ο ιησους προς τους παραγενομενους επ αυτον αρχιερεις και στρατηγους του ιερου και πρεσβυτερους ως επι ληστην εξεληλυθατε μετα μαχαιρων και ξυλων 	Then Jesus said unto the chief priests, and captains of the temple, and the elders, which were come to him, Be ye come out, as against a thief, with swords and staves?
Luke	22	53			cum cotidie vobiscum fuerim in templo non extendistis manus in me sed haec est hora vestra et potestas tenebrarum	Cum quotidie vobiscum fuerim in templo, non extendistis manus in me: sed hc est hora vestra, et potestas tenebrarum.	καθ ημεραν οντος μου μεθ υμων εν τω ιερω ουκ εξετεινατε τας χειρας επ εμε αλλ αυτη υμων εστιν η ωρα και η εξουσια του σκοτους 	When I was daily with you in the temple, ye stretched forth no hands against me: but this is your hour, and the power of darkness.
Luke	22	54			conprehendentes autem eum duxerunt ad domum principis sacerdotum Petrus vero sequebatur a longe	Comprehendentes autem eum, duxerunt ad domum principis sacerdotum: Petrus vero sequebatur a longe.	συλλαβοντες δε αυτον ηγαγον και εισηγαγον αυτον εις τον οικον του αρχιερεως ο δε πετρος ηκολουθει μακροθεν 	Then took they him, and led him, and brought him into the high priest's house. And Peter followed afar off.
Luke	22	55			accenso autem igni in medio atrio et circumsedentibus illis erat Petrus in medio eorum	Accenso autem igne in medio atrii et circumsedentibus illis, erat Petrus in medio eorum.	αψαντων δε πυρ εν μεσω της αυλης και συγκαθισαντων αυτων εκαθητο ο πετρος εν μεσω αυτων 	And when they had kindled a fire in the midst of the hall, and were set down together, Peter sat down among them.
Luke	22	56			quem cum vidisset ancilla quaedam sedentem ad lumen et eum fuisset intuita dixit et hic cum illo erat	Quem cum vidisset ancilla qudam sedentem ad lumen, et eum fuisset intuita, dixit: Et hic cum illo erat.	ιδουσα δε αυτον παιδισκη τις καθημενον προς το φως και ατενισασα αυτω ειπεν και ουτος συν αυτω ην 	But a certain maid beheld him as he sat by the fire, and earnestly looked upon him, and said, This man was also with him.
Luke	22	57			at ille negavit eum dicens mulier non novi illum	At ille negavit eum, dicens: Mulier, non novi illum.	ο δε ηρνησατο αυτον λεγων γυναι ουκ οιδα αυτον 	And he denied him, saying, Woman, I know him not.
Luke	22	58			et post pusillum alius videns eum dixit et tu de illis es Petrus vero ait o homo non sum	Et post pusillum alius videns eum, dixit: Et tu de illis es. Petrus vero ait: O homo, non sum.	και μετα βραχυ ετερος ιδων αυτον εφη και συ εξ αυτων ει ο δε πετρος ειπεν ανθρωπε ουκ ειμι 	And after a little while another saw him, and said, Thou art also of them. And Peter said, Man, I am not.
Luke	22	59			et intervallo facto quasi horae unius alius quidam adfirmabat dicens vere et hic cum illo erat nam et Galilaeus est	Et intervallo facto quasi hor unius, alius quidam affirmabat, dicens: Vere et hic cum illo erat: nam et Galilus est.	και διαστασης ωσει ωρας μιας αλλος τις διισχυριζετο λεγων επ αληθειας και ουτος μετ αυτου ην και γαρ γαλιλαιος εστιν 	And about the space of one hour after another confidently affirmed, saying, Of a truth this fellow also was with him: for he is a Galilaean.
Luke	22	60			et ait Petrus homo nescio quod dicis et continuo adhuc illo loquente cantavit gallus	Et ait Petrus: Homo, nescio quid dicis. Et continuo, adhuc illo loquente, cantavit gallus.	ειπεν δε ο πετρος ανθρωπε ουκ οιδα ο λεγεις και παραχρημα ετι λαλουντος αυτου εφωνησεν ο αλεκτωρ 	And Peter said, Man, I know not what thou sayest. And immediately, while he yet spake, the cock crew.
Luke	22	61			et conversus Dominus respexit Petrum et recordatus est Petrus verbi Domini sicut dixit quia priusquam gallus cantet ter me negabis	Et conversus Dominus respexit Petrum, et recordatus est Petrus verbi Domini, sicut dixerat: Quia priusquam gallus cantet, ter me negabis.	και στραφεις ο κυριος ενεβλεψεν τω πετρω και υπεμνησθη ο πετρος του λογου του κυριου ως ειπεν αυτω οτι πριν αλεκτορα φωνησαι απαρνηση με τρις 	And the Lord turned, and looked upon Peter. And Peter remembered the word of the Lord, how he had said unto him, Before the cock crow, thou shalt deny me thrice.
Luke	22	62			et egressus foras Petrus flevit amare	Et egressus foras Petrus flevit amare.	και εξελθων εξω ο πετρος εκλαυσεν πικρως 	And Peter went out, and wept bitterly.
Luke	22	63			et viri qui tenebant illum inludebant ei caedentes	Et viri qui tenebant illum, illudebant ei, cdentes.	και οι ανδρες οι συνεχοντες τον ιησουν ενεπαιζον αυτω δεροντες 	And the men that held Jesus mocked him, and smote him.
Luke	22	64			et velaverunt eum et percutiebant faciem eius et interrogabant eum dicentes prophetiza quis est qui te percussit	Et velaverunt eum, et percutiebant faciem ejus: et interrogabant eum, dicentes: Prophetiza, quis est, qui te percussit?	και περικαλυψαντες αυτον ετυπτον αυτου το προσωπον και επηρωτων αυτον λεγοντες προφητευσον τις εστιν ο παισας σε 	And when they had blindfolded him, they struck him on the face, and asked him, saying, Prophesy, who is it that smote thee?
Luke	22	65			et alia multa blasphemantes dicebant in eum	Et alia multa blasphemantes dicebant in eum.	και ετερα πολλα βλασφημουντες ελεγον εις αυτον 	And many other things blasphemously spake they against him.
Luke	22	66			et ut factus est dies convenerunt seniores plebis et principes sacerdotum et scribae et duxerunt illum in concilium suum dicentes si tu es Christus dic nobis	Et ut factus est dies, convenerunt seniores plebis, et principes sacerdotum, et scrib, et duxerunt illum in concilium suum, dicentes: Si tu es Christus, dic nobis.	και ως εγενετο ημερα συνηχθη το πρεσβυτεριον του λαου αρχιερεις τε και γραμματεις και ανηγαγον αυτον εις το συνεδριον εαυτων λεγοντες 	And as soon as it was day, the elders of the people and the chief priests and the scribes came together, and led him into their council, saying,
Luke	22	67			et ait illis si vobis dixero non creditis mihi	Et ait illis: Si vobis dixero, non credetis mihi:	ει συ ει ο χριστος ειπε ημιν ειπεν δε αυτοις εαν υμιν ειπω ου μη πιστευσητε 	Art thou the Christ? tell us. And he said unto them, If I tell you, ye will not believe:
Luke	22	68			si autem et interrogavero non respondebitis mihi neque dimittetis	si autem et interrogavero, non respondebitis mihi, neque dimittetis.	εαν δε και ερωτησω ου μη αποκριθητε μοι η απολυσητε 	And if I also ask you, ye will not answer me, nor let me go.
Luke	22	69			ex hoc autem erit Filius hominis sedens a dextris virtutis Dei	Ex hoc autem erit Filius hominis sedens a dextris virtutis Dei.	απο του νυν εσται ο υιος του ανθρωπου καθημενος εκ δεξιων της δυναμεως του θεου 	Hereafter shall the Son of man sit on the right hand of the power of God.
Luke	22	70			dixerunt autem omnes tu ergo es Filius Dei qui ait vos dicitis quia ego sum	Dixerunt autem omnes: Tu ergo es Filius Dei? Qui ait: Vos dicitis, quia ego sum.	ειπον δε παντες συ ουν ει ο υιος του θεου ο δε προς αυτους εφη υμεις λεγετε οτι εγω ειμι 	Then said they all, Art thou then the Son of God? And he said unto them, Ye say that I am.
Luke	22	71			at illi dixerunt quid adhuc desideramus testimonium ipsi enim audivimus de ore eius	At illi dixerunt: Quid adhuc desideramus testimonium? ipsi enim audivimus de ore ejus.	οι δε ειπον τι ετι χρειαν εχομεν μαρτυριας αυτοι γαρ ηκουσαμεν απο του στοματος αυτου   	And they said, What need we any further witness? for we ourselves have heard of his own mouth.
Luke	23	1			et surgens omnis multitudo eorum duxerunt illum ad Pilatum	Et surgens omnis multitudo eorum, duxerunt illum ad Pilatum.	και ανασταν απαν το πληθος αυτων ηγαγεν αυτον επι τον πιλατον 	And the whole multitude of them arose, and led him unto Pilate.
Luke	23	2			coeperunt autem accusare illum dicentes hunc invenimus subvertentem gentem nostram et prohibentem tributa dari Caesari et dicentem se Christum regem esse	Cperunt autem illum accusare, dicentes: Hunc invenimus subvertentem gentem nostram, et prohibentem tributa dare Csari, et dicentem se Christum regem esse.	ηρξαντο δε κατηγορειν αυτου λεγοντες τουτον ευρομεν διαστρεφοντα το εθνος και κωλυοντα καισαρι φορους διδοναι λεγοντα εαυτον χριστον βασιλεα ειναι 	And they began to accuse him, saying, We found this fellow perverting the nation, and forbidding to give tribute to Caesar, saying that he himself is Christ a King.
Luke	23	3			Pilatus autem interrogavit eum dicens tu es rex Iudaeorum at ille respondens ait tu dicis	Pilatus autem interrogavit eum, dicens: Tu es rex Judorum? At ille respondens ait: Tu dicis.	ο δε πιλατος επηρωτησεν αυτον λεγων συ ει ο βασιλευς των ιουδαιων ο δε αποκριθεις αυτω εφη συ λεγεις 	And Pilate asked him, saying, Art thou the King of the Jews? And he answered him and said, Thou sayest it.
Luke	23	4			ait autem Pilatus ad principes sacerdotum et turbas nihil invenio causae in hoc homine	Ait autem Pilatus ad principes sacerdotum et turbas: Nihil invenio caus in hoc homine.	ο δε πιλατος ειπεν προς τους αρχιερεις και τους οχλους ουδεν ευρισκω αιτιον εν τω ανθρωπω τουτω 	Then said Pilate to the chief priests and to the people, I find no fault in this man.
Luke	23	5			at illi invalescebant dicentes commovet populum docens per universam Iudaeam et incipiens a Galilaea usque huc	At illi invalescebant, dicentes: Commovet populum docens per universam Judam, incipiens a Galila usque huc.	οι δε επισχυον λεγοντες οτι ανασειει τον λαον διδασκων καθ ολης της ιουδαιας αρξαμενος απο της γαλιλαιας εως ωδε 	And they were the more fierce, saying, He stirreth up the people, teaching throughout all Jewry, beginning from Galilee to this place.
Luke	23	6			Pilatus autem audiens Galilaeam interrogavit si homo Galilaeus esset	Pilatus autem audiens Galilam, interrogavit si homo Galilus esset.	πιλατος δε ακουσας γαλιλαιαν επηρωτησεν ει ο ανθρωπος γαλιλαιος εστιν 	When Pilate heard of Galilee, he asked whether the man were a Galilaean.
Luke	23	7			et ut cognovit quod de Herodis potestate esset remisit eum ad Herodem qui et ipse Hierosolymis erat illis diebus	Et ut cognovit quod de Herodis potestate esset, remisit eum ad Herodem, qui et ipse Jerosolymis erat illis diebus.	και επιγνους οτι εκ της εξουσιας ηρωδου εστιν ανεπεμψεν αυτον προς ηρωδην οντα και αυτον εν ιεροσολυμοις εν ταυταις ταις ημεραις 	And as soon as he knew that he belonged unto Herod's jurisdiction, he sent him to Herod, who himself also was at Jerusalem at that time.
Luke	23	8			Herodes autem viso Iesu gavisus est valde erat enim cupiens ex multo tempore videre eum eo quod audiret multa de illo et sperabat signum aliquod videre ab eo fieri	Herodes autem viso Jesu, gavisus est valde. Erat enim cupiens ex multo tempore videre eum, eo quod audierat multa de eo, et sperabat signum aliquod videre ab eo fieri.	ο δε ηρωδης ιδων τον ιησουν εχαρη λιαν ην γαρ θελων εξ ικανου ιδειν αυτον δια το ακουειν πολλα περι αυτου και ηλπιζεν τι σημειον ιδειν υπ αυτου γινομενον 	And when Herod saw Jesus, he was exceeding glad: for he was desirous to see him of a long season, because he had heard many things of him; and he hoped to have seen some miracle done by him.
Luke	23	9			interrogabat autem illum multis sermonibus at ipse nihil illi respondebat	Interrogabat autem eum multis sermonibus. At ipse nihil illi respondebat.	επηρωτα δε αυτον εν λογοις ικανοις αυτος δε ουδεν απεκρινατο αυτω 	Then he questioned with him in many words; but he answered him nothing.
Luke	23	10			stabant etiam principes sacerdotum et scribae constanter accusantes eum	Stabant autem principes sacerdotum et scrib constanter accusantes eum.	ειστηκεισαν δε οι αρχιερεις και οι γραμματεις ευτονως κατηγορουντες αυτου 	And the chief priests and scribes stood and vehemently accused him.
Luke	23	11			sprevit autem illum Herodes cum exercitu suo et inlusit indutum veste alba et remisit ad Pilatum	Sprevit autem illum Herodes cum exercitu suo: et illusit indutum veste alba, et remisit ad Pilatum.	εξουθενησας δε αυτον ο ηρωδης συν τοις στρατευμασιν αυτου και εμπαιξας περιβαλων αυτον εσθητα λαμπραν ανεπεμψεν αυτον τω πιλατω 	And Herod with his men of war set him at nought, and mocked him, and arrayed him in a gorgeous robe, and sent him again to Pilate.
Luke	23	12			et facti sunt amici Herodes et Pilatus in ipsa die nam antea inimici erant ad invicem	Et facti sunt amici Herodes et Pilatus in ipsa die: nam antea inimici erant ad invicem.	εγενοντο δε φιλοι ο τε πιλατος και ο ηρωδης εν αυτη τη ημερα μετ αλληλων προυπηρχον γαρ εν εχθρα οντες προς εαυτους 	And the same day Pilate and Herod were made friends together: for before they were at enmity between themselves.
Luke	23	13			Pilatus autem convocatis principibus sacerdotum et magistratibus et plebe	Pilatus autem, convocatis principibus sacerdotum, et magistratibus, et plebe,	πιλατος δε συγκαλεσαμενος τους αρχιερεις και τους αρχοντας και τον λαον 	And Pilate, when he had called together the chief priests and the rulers and the people,
Luke	23	14			dixit ad illos obtulistis mihi hunc hominem quasi avertentem populum et ecce ego coram vobis interrogans nullam causam inveni in homine isto ex his in quibus eum accusatis	dixit ad illos: Obtulistis mihi hunc hominem, quasi avertentem populum, et ecce ego coram vobis interrogans, nullam causam inveni in homine isto ex his in quibus eum accusatis.	ειπεν προς αυτους προσηνεγκατε μοι τον ανθρωπον τουτον ως αποστρεφοντα τον λαον και ιδου εγω ενωπιον υμων ανακρινας ουδεν ευρον εν τω ανθρωπω τουτω αιτιον ων κατηγορειτε κατ αυτου 	Said unto them, Ye have brought this man unto me, as one that perverteth the people: and, behold, I, having examined him before you, have found no fault in this man touching those things whereof ye accuse him:
Luke	23	15			sed neque Herodes nam remisi vos ad illum et ecce nihil dignum morte actum est ei	Sed neque Herodes: nam remisi vos ad illum, et ecce nihil dignum morte actum est ei.	αλλ ουδε ηρωδης ανεπεμψα γαρ υμας προς αυτον και ιδου ουδεν αξιον θανατου εστιν πεπραγμενον αυτω 	No, nor yet Herod: for I sent you to him; and, lo, nothing worthy of death is done unto him.
Luke	23	16			emendatum ergo illum dimittam	Emendatum ergo illum dimittam.	παιδευσας ουν αυτον απολυσω 	I will therefore chastise him, and release him.
Luke	23	17			necesse autem habebat dimittere eis per diem festum unum	Necesse autem habebat dimittere eis per diem festum unum.	αναγκην δε ειχεν απολυειν αυτοις κατα εορτην ενα 	(For of necessity he must release one unto them at the feast.)
Luke	23	18			exclamavit autem simul universa turba dicens tolle hunc et dimitte nobis Barabban	Exclamavit autem simul universa turba, dicens: Tolle hunc, et dimitte nobis Barabbam:	ανεκραξαν δε παμπληθει λεγοντες αιρε τουτον απολυσον δε ημιν τον βαραββαν 	And they cried out all at once, saying, Away with this man, and release unto us Barabbas:
Luke	23	19			qui erat propter seditionem quandam factam in civitate et homicidium missus in carcerem	qui erat propter seditionem quamdam factam in civitate et homicidium missus in carcerem.	οστις ην δια στασιν τινα γενομενην εν τη πολει και φονον βεβλημενος εις φυλακην 	(Who for a certain sedition made in the city, and for murder, was cast into prison.)
Luke	23	20			iterum autem Pilatus locutus est ad illos volens dimittere Iesum	Iterum autem Pilatus locutus est ad eos, volens dimittere Jesum.	παλιν ουν ο πιλατος προσεφωνησεν θελων απολυσαι τον ιησουν 	Pilate therefore, willing to release Jesus, spake again to them.
Luke	23	21			at illi succlamabant dicentes crucifige crucifige illum	At illi succlamabant, dicentes: Crucifige, crucifige eum.	οι δε επεφωνουν λεγοντες σταυρωσον σταυρωσον αυτον 	But they cried, saying, Crucify him, crucify him.
Luke	23	22			ille autem tertio dixit ad illos quid enim mali fecit iste nullam causam mortis invenio in eo corripiam ergo illum et dimittam	Ille autem tertio dixit ad illos: Quid enim mali fecit iste? nullam causam mortis invenio in eo: corripiam ergo illum et dimittam.	ο δε τριτον ειπεν προς αυτους τι γαρ κακον εποιησεν ουτος ουδεν αιτιον θανατου ευρον εν αυτω παιδευσας ουν αυτον απολυσω 	And he said unto them the third time, Why, what evil hath he done? I have found no cause of death in him: I will therefore chastise him, and let him go.
Luke	23	23			at illi instabant vocibus magnis postulantes ut crucifigeretur et invalescebant voces eorum	At illi instabant vocibus magnis postulantes ut crucifigeretur: et invalescebant voces eorum.	οι δε επεκειντο φωναις μεγαλαις αιτουμενοι αυτον σταυρωθηναι και κατισχυον αι φωναι αυτων και των αρχιερεων 	And they were instant with loud voices, requiring that he might be crucified. And the voices of them and of the chief priests prevailed.
Luke	23	24			et Pilatus adiudicavit fieri petitionem eorum	Et Pilatus adjudicavit fieri petitionem eorum.	ο δε πιλατος επεκρινεν γενεσθαι το αιτημα αυτων 	And Pilate gave sentence that it should be as they required.
Luke	23	25			dimisit autem illis eum qui propter homicidium et seditionem missus fuerat in carcerem quem petebant Iesum vero tradidit voluntati eorum	Dimisit autem illis eum qui propter homicidium et seditionem missus fuerat in carcerem, quem petebant: Jesum vero tradidit voluntati eorum.	απελυσεν δε αυτοις τον δια στασιν και φονον βεβλημενον εις την φυλακην ον ητουντο τον δε ιησουν παρεδωκεν τω θεληματι αυτων 	And he released unto them him that for sedition and murder was cast into prison, whom they had desired; but he delivered Jesus to their will.
Luke	23	26			et cum ducerent eum adprehenderunt Simonem quendam Cyrenensem venientem de villa et inposuerunt illi crucem portare post Iesum	Et cum ducerent eum, apprehenderunt Simonem quemdam Cyrenensem venientem de villa: et imposuerunt illi crucem portare post Jesum.	και ως απηγαγον αυτον επιλαβομενοι σιμωνος τινος κυρηναιου του ερχομενου απ αγρου επεθηκαν αυτω τον σταυρον φερειν οπισθεν του ιησου 	And as they led him away, they laid hold upon one Simon, a Cyrenian, coming out of the country, and on him they laid the cross, that he might bear it after Jesus.
Luke	23	27			sequebatur autem illum multa turba populi et mulierum quae plangebant et lamentabant eum	Sequebatur autem illum multa turba populi et mulierum, qu plangebant et lamentabantur eum.	ηκολουθει δε αυτω πολυ πληθος του λαου και γυναικων αι και εκοπτοντο και εθρηνουν αυτον 	And there followed him a great company of people, and of women, which also bewailed and lamented him.
Luke	23	28			conversus autem ad illas Iesus dixit filiae Hierusalem nolite flere super me sed super vos ipsas flete et super filios vestros	Conversus autem ad illas Jesus, dixit: Fili Jerusalem, nolite flere super me, sed super vos ipsas flete et super filios vestros.	στραφεις δε προς αυτας ο ιησους ειπεν θυγατερες ιερουσαλημ μη κλαιετε επ εμε πλην εφ εαυτας κλαιετε και επι τα τεκνα υμων 	But Jesus turning unto them said, Daughters of Jerusalem, weep not for me, but weep for yourselves, and for your children.
Luke	23	29			quoniam ecce venient dies in quibus dicent beatae steriles et ventres qui non genuerunt et ubera quae non lactaverunt	Quoniam ecce venient dies in quibus dicent: Beat steriles, et ventres qui non genuerunt, et ubera qu non lactaverunt.	οτι ιδου ερχονται ημεραι εν αις ερουσιν μακαριαι αι στειραι και κοιλιαι αι ουκ εγεννησαν και μαστοι οι ουκ εθηλασαν 	For, behold, the days are coming, in the which they shall say, Blessed are the barren, and the wombs that never bare, and the paps which never gave suck.
Luke	23	30			tunc incipient dicere montibus cadite super nos et collibus operite nos	Tunc incipient dicere montibus: Cadite super nos; et collibus: Operite nos.	τοτε αρξονται λεγειν τοις ορεσιν πεσετε εφ ημας και τοις βουνοις καλυψατε ημας 	Then shall they begin to say to the mountains, Fall on us; and to the hills, Cover us.
Luke	23	31			quia si in viridi ligno haec faciunt in arido quid fiet	Quia si in viridi ligno hc faciunt, in arido quid fiet?	οτι ει εν τω υγρω ξυλω ταυτα ποιουσιν εν τω ξηρω τι γενηται 	For if they do these things in a green tree, what shall be done in the dry?
Luke	23	32			ducebantur autem et alii duo nequam cum eo ut interficerentur	Ducebantur autem et alii duo nequam cum eo, ut interficerentur.	ηγοντο δε και ετεροι δυο κακουργοι συν αυτω αναιρεθηναι 	And there were also two other, malefactors, led with him to be put to death.
Luke	23	33			et postquam venerunt in locum qui vocatur Calvariae ibi crucifixerunt eum et latrones unum a dextris et alterum a sinistris	Et postquam venerunt in locum qui vocatur Calvari, ibi crucifixerunt eum: et latrones, unum a dextris, et alterum a sinistris.	και οτε απηλθον επι τον τοπον τον καλουμενον κρανιον εκει εσταυρωσαν αυτον και τους κακουργους ον μεν εκ δεξιων ον δε εξ αριστερων 	And when they were come to the place, which is called Calvary, there they crucified him, and the malefactors, one on the right hand, and the other on the left.
Luke	23	34			Iesus autem dicebat Pater dimitte illis non enim sciunt quid faciunt dividentes vero vestimenta eius miserunt sortes	Jesus autem dicebat: Pater, dimitte illis: non enim sciunt quid faciunt. Dividentes vero vestimenta ejus, miserunt sortes.	ο δε ιησους ελεγεν πατερ αφες αυτοις ου γαρ οιδασιν τι ποιουσιν διαμεριζομενοι δε τα ιματια αυτου εβαλον κληρον 	Then said Jesus, Father, forgive them; for they know not what they do. And they parted his raiment, and cast lots.
Luke	23	35			et stabat populus expectans et deridebant illum principes cum eis dicentes alios salvos fecit se salvum faciat si hic est Christus Dei electus	Et stabat populus spectans, et deridebant eum principes cum eis, dicentes: Alios salvos fecit, se salvum faciat, si hic est Christus Dei electus.	και ειστηκει ο λαος θεωρων εξεμυκτηριζον δε και οι αρχοντες συν αυτοις λεγοντες αλλους εσωσεν σωσατω εαυτον ει ουτος εστιν ο χριστος ο του θεου εκλεκτος 	And the people stood beholding. And the rulers also with them derided him, saying, He saved others; let him save himself, if he be Christ, the chosen of God.
Luke	23	36			inludebant autem ei et milites accedentes et acetum offerentes illi	Illudebant autem ei et milites accedentes, et acetum offerentes ei,	ενεπαιζον δε αυτω και οι στρατιωται προσερχομενοι και οξος προσφεροντες αυτω 	And the soldiers also mocked him, coming to him, and offering him vinegar,
Luke	23	37			dicentes si tu es rex Iudaeorum salvum te fac	et dicentes: Si tu es rex Judorum, salvum te fac.	και λεγοντες ει συ ει ο βασιλευς των ιουδαιων σωσον σεαυτον 	And saying, If thou be the king of the Jews, save thyself.
Luke	23	38			erat autem et superscriptio inscripta super illum litteris graecis et latinis et hebraicis hic est rex Iudaeorum	Erat autem et superscriptio scripta super eum litteris grcis, et latinis, et hebraicis: Hic est rex Judorum.	ην δε και επιγραφη γεγραμμενη επ αυτω γραμμασιν ελληνικοις και ρωμαικοις και εβραικοις ουτος εστιν ο βασιλευς των ιουδαιων 	And a superscription also was written over him in letters of Greek, and Latin, and Hebrew, This Is The King Of The Jews.
Luke	23	39			unus autem de his qui pendebant latronibus blasphemabat eum dicens si tu es Christus salvum fac temet ipsum et nos	Unus autem de his, qui pendebant, latronibus, blasphemabat eum, dicens: Si tu es Christus, salvum fac temetipsum et nos.	εις δε των κρεμασθεντων κακουργων εβλασφημει αυτον λεγων ει συ ει ο χριστος σωσον σεαυτον και ημας 	And one of the malefactors which were hanged railed on him, saying, If thou be Christ, save thyself and us.
Luke	23	40			respondens autem alter increpabat illum dicens neque tu times Deum quod in eadem damnatione es	Respondens autem alter increpabat eum, dicens: Neque tu times Deum, quod in eadem damnatione es.	αποκριθεις δε ο ετερος επετιμα αυτω λεγων ουδε φοβη συ τον θεον οτι εν τω αυτω κριματι ει 	But the other answering rebuked him, saying, Dost not thou fear God, seeing thou art in the same condemnation?
Luke	23	41			et nos quidem iuste nam digna factis recipimus hic vero nihil mali gessit	Et nos quidem juste, nam digna factis recipimus: hic vero nihil mali gessit.	και ημεις μεν δικαιως αξια γαρ ων επραξαμεν απολαμβανομεν ουτος δε ουδεν ατοπον επραξεν 	And we indeed justly; for we receive the due reward of our deeds: but this man hath done nothing amiss.
Luke	23	42			et dicebat ad Iesum Domine memento mei cum veneris in regnum tuum	Et dicebat ad Jesum: Domine, memento mei cum veneris in regnum tuum.	και ελεγεν τω ιησου μνησθητι μου κυριε οταν ελθης εν τη βασιλεια σου 	And he said unto Jesus, Lord, remember me when thou comest into thy kingdom.
Luke	23	43			et dixit illi Iesus amen dico tibi hodie mecum eris in paradiso	Et dixit illi Jesus: Amen dico tibi: Hodie mecum eris in paradiso.	και ειπεν αυτω ο ιησους αμην λεγω σοι σημερον μετ εμου εση εν τω παραδεισω 	And Jesus said unto him, Verily I say unto thee, Today shalt thou be with me in paradise.
Luke	23	44			erat autem fere hora sexta et tenebrae factae sunt in universa terra usque in nonam horam	Erat autem fere hora sexta, et tenebr fact sunt in universam terram usque ad horam nonam.	ην δε ωσει ωρα εκτη και σκοτος εγενετο εφ ολην την γην εως ωρας εννατης 	And it was about the sixth hour, and there was a darkness over all the earth until the ninth hour.
Luke	23	45			et obscuratus est sol et velum templi scissum est medium	Et obscuratus est sol, et velum templi scissum est medium.	και εσκοτισθη ο ηλιος και εσχισθη το καταπετασμα του ναου μεσον 	And the sun was darkened, and the veil of the temple was rent in the midst.
Luke	23	46			et clamans voce magna Iesus ait Pater in manus tuas commendo spiritum meum et haec dicens exspiravit	Et clamans voce magna Jesus ait: Pater, in manus tuas commendo spiritum meum. Et hc dicens, expiravit.	και φωνησας φωνη μεγαλη ο ιησους ειπεν πατερ εις χειρας σου παραθησομαι το πνευμα μου και ταυτα ειπων εξεπνευσεν 	And when Jesus had cried with a loud voice, he said, Father, into thy hands I commend my spirit: and having said thus, he gave up the ghost.
Luke	23	47			videns autem centurio quod factum fuerat glorificavit Deum dicens vere hic homo iustus erat	Videns autem centurio quod factum fuerat, glorificavit Deum, dicens: Vere hic homo justus erat.	ιδων δε ο εκατονταρχος το γενομενον εδοξασεν τον θεον λεγων οντως ο ανθρωπος ουτος δικαιος ην 	Now when the centurion saw what was done, he glorified God, saying, Certainly this was a righteous man.
Luke	23	48			et omnis turba eorum qui simul aderant ad spectaculum istud et videbant quae fiebant percutientes pectora sua revertebantur	Et omnis turba eorum, qui simul aderant ad spectaculum istud, et videbant qu fiebant, percutientes pectora sua revertebantur.	και παντες οι συμπαραγενομενοι οχλοι επι την θεωριαν ταυτην θεωρουντες τα γενομενα τυπτοντες εαυτων τα στηθη υπεστρεφον 	And all the people that came together to that sight, beholding the things which were done, smote their breasts, and returned.
Luke	23	49			stabant autem omnes noti eius a longe et mulieres quae secutae erant eum a Galilaea haec videntes	Stabant autem omnes noti ejus a longe, et mulieres, qu secut eum erant a Galila, hc videntes.	ειστηκεισαν δε παντες οι γνωστοι αυτου μακροθεν και γυναικες αι συνακολουθησασαι αυτω απο της γαλιλαιας ορωσαι ταυτα 	And all his acquaintance, and the women that followed him from Galilee, stood afar off, beholding these things.
Luke	23	50			et ecce vir nomine Ioseph qui erat decurio vir bonus et iustus	Et ecce vir nomine Joseph, qui erat decurio, vir bonus et justus:	και ιδου ανηρ ονοματι ιωσηφ βουλευτης υπαρχων ανηρ αγαθος και δικαιος 	And, behold, there was a man named Joseph, a counsellor; and he was a good man, and a just:
Luke	23	51			hic non consenserat consilio et actibus eorum ab Arimathia civitate Iudaeae qui expectabat et ipse regnum Dei	hic non consenserat consilio, et actibus eorum, ab Arimatha civitate Jud, qui exspectabat et ipse regnum Dei:	ουτος ουκ ην συγκατατεθειμενος τη βουλη και τη πραξει αυτων απο αριμαθαιας πολεως των ιουδαιων ος και προσεδεχετο και αυτος την βασιλειαν του θεου 	(The same had not consented to the counsel and deed of them;) he was of Arimathaea, a city of the Jews: who also himself waited for the kingdom of God.
Luke	23	52			hic accessit ad Pilatum et petiit corpus Iesu	hic accessit ad Pilatum et petiit corpus Jesu:	ουτος προσελθων τω πιλατω ητησατο το σωμα του ιησου 	This man went unto Pilate, and begged the body of Jesus.
Luke	23	53			et depositum involvit sindone et posuit eum in monumento exciso in quo nondum quisquam positus fuerat	et depositum involvit sindone, et posuit eum in monumento exciso, in quo nondum quisquam positus fuerat.	και καθελων αυτο ενετυλιξεν αυτο σινδονι και εθηκεν αυτο εν μνηματι λαξευτω ου ουκ ην ουδεπω ουδεις κειμενος 	And he took it down, and wrapped it in linen, and laid it in a sepulchre that was hewn in stone, wherein never man before was laid.
Luke	23	54			et dies erat parasceves et sabbatum inlucescebat	Et dies erat parasceves, et sabbatum illucescebat.	και ημερα ην παρασκευη και σαββατον επεφωσκεν 	And that day was the preparation, and the sabbath drew on.
Luke	23	55			subsecutae autem mulieres quae cum ipso venerant de Galilaea viderunt monumentum et quemadmodum positum erat corpus eius	Subsecut autem mulieres, qu cum eo venerant de Galila, viderunt monumentum, et quemadmodum positum erat corpus ejus.	κατακολουθησασαι δε και γυναικες αιτινες ησαν συνεληλυθυιαι αυτω εκ της γαλιλαιας εθεασαντο το μνημειον και ως ετεθη το σωμα αυτου 	And the women also, which came with him from Galilee, followed after, and beheld the sepulchre, and how his body was laid.
Luke	23	56			et revertentes paraverunt aromata et unguenta et sabbato quidem siluerunt secundum mandatum	Et revertentes paraverunt aromata, et unguenta: et sabbato quidem siluerunt secundum mandatum.	υποστρεψασαι δε ητοιμασαν αρωματα και μυρα και το μεν σαββατον ησυχασαν κατα την εντολην   	And they returned, and prepared spices and ointments; and rested the sabbath day according to the commandment.
Luke	24	1			una autem sabbati valde diluculo venerunt ad monumentum portantes quae paraverant aromata	Una autem sabbati valde diluculo venerunt ad monumentum, portantes qu paraverant aromata:	τη δε μια των σαββατων ορθρου βαθεος ηλθον επι το μνημα φερουσαι α ητοιμασαν αρωματα και τινες συν αυταις 	Now upon the first day of the week, very early in the morning, they came unto the sepulchre, bringing the spices which they had prepared, and certain others with them.
Luke	24	2			et invenerunt lapidem revolutum a monumento	et invenerunt lapidem revolutum a monumento.	ευρον δε τον λιθον αποκεκυλισμενον απο του μνημειου 	And they found the stone rolled away from the sepulchre.
Luke	24	3			et ingressae non invenerunt corpus Domini Iesu	Et ingress non invenerunt corpus Domini Jesu.	και εισελθουσαι ουχ ευρον το σωμα του κυριου ιησου 	And they entered in, and found not the body of the Lord Jesus.
Luke	24	4			et factum est dum mente consternatae essent de isto ecce duo viri steterunt secus illas in veste fulgenti	Et factum est, dum mente consternat essent de isto, ecce duo viri steterunt secus illas in veste fulgenti.	και εγενετο εν τω διαπορεισθαι αυτας περι τουτου και ιδου δυο ανδρες επεστησαν αυταις εν εσθησεσιν αστραπτουσαις 	And it came to pass, as they were much perplexed thereabout, behold, two men stood by them in shining garments:
Luke	24	5			cum timerent autem et declinarent vultum in terram dixerunt ad illas quid quaeritis viventem cum mortuis	Cum timerent autem, et declinarent vultum in terram, dixerunt ad illas: Quid quritis viventem cum mortuis?	εμφοβων δε γενομενων αυτων και κλινουσων το προσωπον εις την γην ειπον προς αυτας τι ζητειτε τον ζωντα μετα των νεκρων 	And as they were afraid, and bowed down their faces to the earth, they said unto them, Why seek ye the living among the dead?
Luke	24	6			non est hic sed surrexit recordamini qualiter locutus est vobis cum adhuc in Galilaea esset	non est hic, sed surrexit: recordamini qualiter locutus est vobis, cum adhuc in Galila esset,	ουκ εστιν ωδε αλλ ηγερθη μνησθητε ως ελαλησεν υμιν ετι ων εν τη γαλιλαια 	He is not here, but is risen: remember how he spake unto you when he was yet in Galilee,
Luke	24	7			dicens quia oportet Filium hominis tradi in manus hominum peccatorum et crucifigi et die tertia resurgere	dicens: Quia oportet Filium hominis tradi in manus hominum peccatorum, et crucifigi, et die tertia resurgere.	λεγων οτι δει τον υιον του ανθρωπου παραδοθηναι εις χειρας ανθρωπων αμαρτωλων και σταυρωθηναι και τη τριτη ημερα αναστηναι 	Saying, The Son of man must be delivered into the hands of sinful men, and be crucified, and the third day rise again.
Luke	24	8			et recordatae sunt verborum eius	Et recordat sunt verborum ejus.	και εμνησθησαν των ρηματων αυτου 	And they remembered his words,
Luke	24	9			et regressae a monumento nuntiaverunt haec omnia illis undecim et ceteris omnibus	Et regress a monumento nuntiaverunt hc omnia illis undecim, et ceteris omnibus.	και υποστρεψασαι απο του μνημειου απηγγειλαν ταυτα παντα τοις ενδεκα και πασιν τοις λοιποις 	And returned from the sepulchre, and told all these things unto the eleven, and to all the rest.
Luke	24	10			erat autem Maria Magdalene et Iohanna et Maria Iacobi et ceterae quae cum eis erant quae dicebant ad apostolos haec	Erat autem Maria Magdalene, et Joanna, et Maria Jacobi, et ceter qu cum eis erant, qu dicebant ad apostolos hc.	ησαν δε η μαγδαληνη μαρια και ιωαννα και μαρια ιακωβου και αι λοιπαι συν αυταις αι ελεγον προς τους αποστολους ταυτα 	It was Mary Magdalene and Joanna, and Mary the mother of James, and other women that were with them, which told these things unto the apostles.
Luke	24	11			et visa sunt ante illos sicut deliramentum verba ista et non credebant illis	Et visa sunt ante illos sicut deliramentum verba ista, et non crediderunt illis.	και εφανησαν ενωπιον αυτων ωσει ληρος τα ρηματα αυτων και ηπιστουν αυταις 	And their words seemed to them as idle tales, and they believed them not.
Luke	24	12			Petrus autem surgens cucurrit ad monumentum et procumbens videt linteamina sola posita et abiit secum mirans quod factum fuerat	Petrus autem surgens cucurrit ad monumentum: et procumbens vidit linteamina sola posita, et abiit secum mirans quod factum fuerat.	ο δε πετρος αναστας εδραμεν επι το μνημειον και παρακυψας βλεπει τα οθονια κειμενα μονα και απηλθεν προς εαυτον θαυμαζων το γεγονος 	Then arose Peter, and ran unto the sepulchre; and stooping down, he beheld the linen clothes laid by themselves, and departed, wondering in himself at that which was come to pass.
Luke	24	13			et ecce duo ex illis ibant ipsa die in castellum quod erat in spatio stadiorum sexaginta ab Hierusalem nomine Emmaus	Et ecce duo ex illis ibant ipsa die in castellum, quod erat in spatio stadiorum sexaginta ab Jerusalem, nomine Emmaus.	και ιδου δυο εξ αυτων ησαν πορευομενοι εν αυτη τη ημερα εις κωμην απεχουσαν σταδιους εξηκοντα απο ιερουσαλημ η ονομα εμμαους 	And, behold, two of them went that same day to a village called Emmaus, which was from Jerusalem about threescore furlongs.
Luke	24	14			et ipsi loquebantur ad invicem de his omnibus quae acciderant	Et ipsi loquebantur ad invicem de his omnibus qu acciderant.	και αυτοι ωμιλουν προς αλληλους περι παντων των συμβεβηκοτων τουτων 	And they talked together of all these things which had happened.
Luke	24	15			et factum est dum fabularentur et secum quaererent et ipse Iesus adpropinquans ibat cum illis	Et factum est, dum fabularentur, et secum qurerent: et ipse Jesus appropinquans ibat cum illis:	και εγενετο εν τω ομιλειν αυτους και συζητειν και αυτος ο ιησους εγγισας συνεπορευετο αυτοις 	And it came to pass, that, while they communed together and reasoned, Jesus himself drew near, and went with them.
Luke	24	16			oculi autem illorum tenebantur ne eum agnoscerent	oculi autem illorum tenebantur ne eum agnoscerent.	οι δε οφθαλμοι αυτων εκρατουντο του μη επιγνωναι αυτον 	But their eyes were holden that they should not know him.
Luke	24	17			et ait ad illos qui sunt hii sermones quos confertis ad invicem ambulantes et estis tristes	Et ait ad illos: Qui sunt hi sermones, quos confertis ad invicem ambulantes, et estis tristes?	ειπεν δε προς αυτους τινες οι λογοι ουτοι ους αντιβαλλετε προς αλληλους περιπατουντες και εστε σκυθρωποι 	And he said unto them, What manner of communications are these that ye have one to another, as ye walk, and are sad?
Luke	24	18			et respondens unus cui nomen Cleopas dixit ei tu solus peregrinus es in Hierusalem et non cognovisti quae facta sunt in illa his diebus	Et respondens unus, cui nomen Cleophas, dixit ei: Tu solus peregrinus es in Jerusalem, et non cognovisti qu facta sunt in illa his diebus?	αποκριθεις δε ο εις ω ονομα κλεοπας ειπεν προς αυτον συ μονος παροικεις εν ιερουσαλημ και ουκ εγνως τα γενομενα εν αυτη εν ταις ημεραις ταυταις 	And the one of them, whose name was Cleopas, answering said unto him, Art thou only a stranger in Jerusalem, and hast not known the things which are come to pass there in these days?
Luke	24	19			quibus ille dixit quae et dixerunt de Iesu Nazareno qui fuit vir propheta potens in opere et sermone coram Deo et omni populo	Quibus ille dixit: Qu? Et dixerunt: De Jesu Nazareno, qui fuit vir propheta, potens in opere et sermone coram Deo et omni populo:	και ειπεν αυτοις ποια οι δε ειπον αυτω τα περι ιησου του ναζωραιου ος εγενετο ανηρ προφητης δυνατος εν εργω και λογω εναντιον του θεου και παντος του λαου 	And he said unto them, What things? And they said unto him, Concerning Jesus of Nazareth, which was a prophet mighty in deed and word before God and all the people:
Luke	24	20			et quomodo eum tradiderunt summi sacerdotum et principes nostri in damnationem mortis et crucifixerunt eum	et quomodo eum tradiderunt summi sacerdotes et principes nostri in damnationem mortis, et crucifixerunt eum:	οπως τε παρεδωκαν αυτον οι αρχιερεις και οι αρχοντες ημων εις κριμα θανατου και εσταυρωσαν αυτον 	And how the chief priests and our rulers delivered him to be condemned to death, and have crucified him.
Luke	24	21			nos autem sperabamus quia ipse esset redempturus Israhel et nunc super haec omnia tertia dies hodie quod haec facta sunt	nos autem sperabamus quia ipse esset redempturus Isral: et nunc super hc omnia, tertia dies est hodie quod hc facta sunt.	ημεις δε ηλπιζομεν οτι αυτος εστιν ο μελλων λυτρουσθαι τον ισραηλ αλλα γε συν πασιν τουτοις τριτην ταυτην ημεραν αγει σημερον αφ ου ταυτα εγενετο 	But we trusted that it had been he which should have redeemed Israel: and beside all this, to day is the third day since these things were done.
Luke	24	22			sed et mulieres quaedam ex nostris terruerunt nos quae ante lucem fuerunt ad monumentum	Sed et mulieres qudam ex nostris terruerunt nos, qu ante lucem fuerunt ad monumentum,	αλλα και γυναικες τινες εξ ημων εξεστησαν ημας γενομεναι ορθριαι επι το μνημειον 	Yea, and certain women also of our company made us astonished, which were early at the sepulchre;
Luke	24	23			et non invento corpore eius venerunt dicentes se etiam visionem angelorum vidisse qui dicunt eum vivere	et non invento corpore ejus, venerunt, dicentes se etiam visionem angelorum vidisse, qui dicunt eum vivere.	και μη ευρουσαι το σωμα αυτου ηλθον λεγουσαι και οπτασιαν αγγελων εωρακεναι οι λεγουσιν αυτον ζην 	And when they found not his body, they came, saying, that they had also seen a vision of angels, which said that he was alive.
Luke	24	24			et abierunt quidam ex nostris ad monumentum et ita invenerunt sicut mulieres dixerunt ipsum vero non viderunt	Et abierunt quidam ex nostris ad monumentum: et ita invenerunt sicut mulieres dixerunt, ipsum vero non invenerunt.	και απηλθον τινες των συν ημιν επι το μνημειον και ευρον ουτως καθως και αι γυναικες ειπον αυτον δε ουκ ειδον 	And certain of them which were with us went to the sepulchre, and found it even so as the women had said: but him they saw not.
Luke	24	25			et ipse dixit ad eos o stulti et tardi corde ad credendum in omnibus quae locuti sunt prophetae	Et ipse dixit ad eos: O stulti, et tardi corde ad credendum in omnibus qu locuti sunt prophet!	και αυτος ειπεν προς αυτους ω ανοητοι και βραδεις τη καρδια του πιστευειν επι πασιν οις ελαλησαν οι προφηται 	Then he said unto them, O fools, and slow of heart to believe all that the prophets have spoken:
Luke	24	26			nonne haec oportuit pati Christum et ita intrare in gloriam suam	Nonne hc oportuit pati Christum, et ita intrare in gloriam suam?	ουχι ταυτα εδει παθειν τον χριστον και εισελθειν εις την δοξαν αυτου 	Ought not Christ to have suffered these things, and to enter into his glory?
Luke	24	27			et incipiens a Mose et omnibus prophetis interpretabatur illis in omnibus scripturis quae de ipso erant	Et incipiens a Moyse, et omnibus prophetis, interpretabatur illis in omnibus scripturis qu de ipso erant.	και αρξαμενος απο μωσεως και απο παντων των προφητων διηρμηνευεν αυτοις εν πασαις ταις γραφαις τα περι εαυτου 	And beginning at Moses and all the prophets, he expounded unto them in all the scriptures the things concerning himself.
Luke	24	28			et adpropinquaverunt castello quo ibant et ipse se finxit longius ire	Et appropinquaverunt castello quo ibant: et ipse se finxit longius ire.	και ηγγισαν εις την κωμην ου επορευοντο και αυτος προσεποιειτο πορρωτερω πορευεσθαι 	And they drew nigh unto the village, whither they went: and he made as though he would have gone further.
Luke	24	29			et coegerunt illum dicentes mane nobiscum quoniam advesperascit et inclinata est iam dies et intravit cum illis	Et cogerunt illum, dicentes: Mane nobiscum, quoniam advesperascit, et inclinata est jam dies. Et intravit cum illis.	και παρεβιασαντο αυτον λεγοντες μεινον μεθ ημων οτι προς εσπεραν εστιν και κεκλικεν η ημερα και εισηλθεν του μειναι συν αυτοις 	But they constrained him, saying, Abide with us: for it is toward evening, and the day is far spent. And he went in to tarry with them.
Luke	24	30			et factum est dum recumberet cum illis accepit panem et benedixit ac fregit et porrigebat illis	Et factum est, dum recumberet cum eis, accepit panem, et benedixit, ac fregit, et porrigebat illis.	και εγενετο εν τω κατακλιθηναι αυτον μετ αυτων λαβων τον αρτον ευλογησεν και κλασας επεδιδου αυτοις 	And it came to pass, as he sat at meat with them, he took bread, and blessed it, and brake, and gave to them.
Luke	24	31			et aperti sunt oculi eorum et cognoverunt eum et ipse evanuit ex oculis eorum	Et aperti sunt oculi eorum, et cognoverunt eum: et ipse evanuit ex oculis eorum.	αυτων δε διηνοιχθησαν οι οφθαλμοι και επεγνωσαν αυτον και αυτος αφαντος εγενετο απ αυτων 	And their eyes were opened, and they knew him; and he vanished out of their sight.
Luke	24	32			et dixerunt ad invicem nonne cor nostrum ardens erat in nobis dum loqueretur in via et aperiret nobis scripturas	Et dixerunt ad invicem: Nonne cor nostrum ardens erat in nobis dum loqueretur in via, et aperiret nobis Scripturas?	και ειπον προς αλληλους ουχι η καρδια ημων καιομενη ην εν ημιν ως ελαλει ημιν εν τη οδω και ως διηνοιγεν ημιν τας γραφας 	And they said one to another, Did not our heart burn within us, while he talked with us by the way, and while he opened to us the scriptures?
Luke	24	33			et surgentes eadem hora regressi sunt in Hierusalem et invenerunt congregatos undecim et eos qui cum ipsis erant	Et surgentes eadem hora regressi sunt in Jerusalem: et invenerunt congregatos undecim, et eos qui cum illis erant,	και ανασταντες αυτη τη ωρα υπεστρεψαν εις ιερουσαλημ και ευρον συνηθροισμενους τους ενδεκα και τους συν αυτοις 	And they rose up the same hour, and returned to Jerusalem, and found the eleven gathered together, and them that were with them,
Luke	24	34			dicentes quod surrexit Dominus vere et apparuit Simoni	dicentes: Quod surrexit Dominus vere, et apparuit Simoni.	λεγοντας οτι ηγερθη ο κυριος οντως και ωφθη σιμωνι 	Saying, The Lord is risen indeed, and hath appeared to Simon.
Luke	24	35			et ipsi narrabant quae gesta erant in via et quomodo cognoverunt eum in fractione panis	Et ipsi narrabant qu gesta erant in via, et quomodo cognoverunt eum in fractione panis.	και αυτοι εξηγουντο τα εν τη οδω και ως εγνωσθη αυτοις εν τη κλασει του αρτου 	And they told what things were done in the way, and how he was known of them in breaking of bread.
Luke	24	36			dum haec autem loquuntur Iesus stetit in medio eorum et dicit eis pax vobis ego sum nolite timere	Dum autem hc loquuntur, stetit Jesus in medio eorum, et dicit eis: Pax vobis: ego sum, nolite timere.	ταυτα δε αυτων λαλουντων αυτος ο ιησους εστη εν μεσω αυτων και λεγει αυτοις ειρηνη υμιν 	And as they thus spake, Jesus himself stood in the midst of them, and saith unto them, Peace be unto you.
Luke	24	37			conturbati vero et conterriti existimabant se spiritum videre	Conturbati vero et conterriti, existimabant se spiritum videre.	πτοηθεντες δε και εμφοβοι γενομενοι εδοκουν πνευμα θεωρειν 	But they were terrified and affrighted, and supposed that they had seen a spirit.
Luke	24	38			et dixit eis quid turbati estis et cogitationes ascendunt in corda vestra	Et dixit eis: Quid turbati estis, et cogitationes ascendunt in corda vestra?	και ειπεν αυτοις τι τεταραγμενοι εστε και δια τι διαλογισμοι αναβαινουσιν εν ταις καρδιαις υμων 	And he said unto them, Why are ye troubled? and why do thoughts arise in your hearts?
Luke	24	39			videte manus meas et pedes quia ipse ego sum palpate et videte quia spiritus carnem et ossa non habet sicut me videtis habere	videte manus meas, et pedes, quia ego ipse sum; palpate et videte, quia spiritus carnem et ossa non habet, sicut me videtis habere.	ιδετε τας χειρας μου και τους ποδας μου οτι αυτος εγω ειμι ψηλαφησατε με και ιδετε οτι πνευμα σαρκα και οστεα ουκ εχει καθως εμε θεωρειτε εχοντα 	Behold my hands and my feet, that it is I myself: handle me, and see; for a spirit hath not flesh and bones, as ye see me have.
Luke	24	40			et cum hoc dixisset ostendit eis manus et pedes	Et cum hoc dixisset, ostendit eis manus et pedes.	και τουτο ειπων επεδειξεν αυτοις τας χειρας και τους ποδας 	And when he had thus spoken, he shewed them his hands and his feet.
Luke	24	41			adhuc autem illis non credentibus et mirantibus prae gaudio dixit habetis hic aliquid quod manducetur	Adhuc autem illis non credentibus, et mirantibus pr gaudio, dixit: Habetis hic aliquid quod manducetur?	ετι δε απιστουντων αυτων απο της χαρας και θαυμαζοντων ειπεν αυτοις εχετε τι βρωσιμον ενθαδε 	And while they yet believed not for joy, and wondered, he said unto them, Have ye here any meat?
Luke	24	42			at illi obtulerunt ei partem piscis assi et favum mellis	At illi obtulerunt ei partem piscis assi et favum mellis.	οι δε επεδωκαν αυτω ιχθυος οπτου μερος και απο μελισσιου κηριου 	And they gave him a piece of a broiled fish, and of an honeycomb.
Luke	24	43			et cum manducasset coram eis sumens reliquias dedit eis	Et cum manducasset coram eis, sumens reliquias dedit eis.	και λαβων ενωπιον αυτων εφαγεν 	And he took it, and did eat before them.
Luke	24	44			et dixit ad eos haec sunt verba quae locutus sum ad vos cum adhuc essem vobiscum quoniam necesse est impleri omnia quae scripta sunt in lege Mosi et prophetis et psalmis de me	Et dixit ad eos: Hc sunt verba qu locutus sum ad vos cum adhuc essem vobiscum, quoniam necesse est impleri omnia qu scripta sunt in lege Moysi, et prophetis, et Psalmis de me.	ειπεν δε αυτοις ουτοι οι λογοι ους ελαλησα προς υμας ετι ων συν υμιν οτι δει πληρωθηναι παντα τα γεγραμμενα εν τω νομω μωσεως και προφηταις και ψαλμοις περι εμου 	And he said unto them, These are the words which I spake unto you, while I was yet with you, that all things must be fulfilled, which were written in the law of Moses, and in the prophets, and in the psalms, concerning me.
Luke	24	45			tunc aperuit illis sensum ut intellegerent scripturas	Tunc aperuit illis sensum ut intelligerent Scripturas,	τοτε διηνοιξεν αυτων τον νουν του συνιεναι τας γραφας 	Then opened he their understanding, that they might understand the scriptures,
Luke	24	46			et dixit eis quoniam sic scriptum est et sic oportebat Christum pati et resurgere a mortuis die tertia	et dixit eis: Quoniam sic scriptum est, et sic oportebat Christum pati, et resurgere a mortuis tertia die:	και ειπεν αυτοις οτι ουτως γεγραπται και ουτως εδει παθειν τον χριστον και αναστηναι εκ νεκρων τη τριτη ημερα 	And said unto them, Thus it is written, and thus it behooved Christ to suffer, and to rise from the dead the third day:
Luke	24	47			et praedicari in nomine eius paenitentiam et remissionem peccatorum in omnes gentes incipientibus ab Hierosolyma	et prdicari in nomine ejus pnitentiam, et remissionem peccatorum in omnes gentes, incipientibus ab Jerosolyma.	και κηρυχθηναι επι τω ονοματι αυτου μετανοιαν και αφεσιν αμαρτιων εις παντα τα εθνη αρξαμενον απο ιερουσαλημ 	And that repentance and remission of sins should be preached in his name among all nations, beginning at Jerusalem.
Luke	24	48			vos autem estis testes horum	Vos autem testes estis horum.	υμεις δε εστε μαρτυρες τουτων 	And ye are witnesses of these things.
Luke	24	49			et ego mitto promissum Patris mei in vos vos autem sedete in civitate quoadusque induamini virtutem ex alto	Et ego mitto promissum Patris mei in vos; vos autem sedete in civitate, quoadusque induamini virtute ex alto.	και ιδου εγω αποστελλω την επαγγελιαν του πατρος μου εφ υμας υμεις δε καθισατε εν τη πολει ιερουσαλημ εως ου ενδυσησθε δυναμιν εξ υψους 	And, behold, I send the promise of my Father upon you: but tarry ye in the city of Jerusalem, until ye be endued with power from on high.
Luke	24	50			eduxit autem eos foras in Bethaniam et elevatis manibus suis benedixit eis	Eduxit autem eos foras in Bethaniam, et elevatis manibus suis benedixit eis.	εξηγαγεν δε αυτους εξω εως εις βηθανιαν και επαρας τας χειρας αυτου ευλογησεν αυτους 	And he led them out as far as to Bethany, and he lifted up his hands, and blessed them.
Luke	24	51			et factum est dum benediceret illis recessit ab eis et ferebatur in caelum	Et factum est, dum benediceret illis, recessit ab eis, et ferebatur in clum.	και εγενετο εν τω ευλογειν αυτον αυτους διεστη απ αυτων και ανεφερετο εις τον ουρανον 	And it came to pass, while he blessed them, he was parted from them, and carried up into heaven.
Luke	24	52			et ipsi adorantes regressi sunt in Hierusalem cum gaudio magno	Et ipsi adorantes regressi sunt in Jerusalem cum gaudio magno:	και αυτοι προσκυνησαντες αυτον υπεστρεψαν εις ιερουσαλημ μετα χαρας μεγαλης 	And they worshipped him, and returned to Jerusalem with great joy:
Luke	24	53			et erant semper in templo laudantes et benedicentes Deum amen	et erant semper in templo, laudantes et benedicentes Deum. Amen.	και ησαν διαπαντος  δια παντος  εν τω ιερω αινουντες και ευλογουντες τον θεον αμην    	And were continually in the temple, praising and blessing God. Amen.
